seed,dimension,poison_ratio,target,initialization,initialization_replicate,evaluator,update_rate,update_policy,coalition_mode,controlled_coalition_size,controlled_poison_count,coalition_round,round,target_error,stage3_engine,stage3_engine_losses,evaluation_loss,delivered_solution_evaluation_loss,full_solution_source,loo_search_objective,consistency_l1,raw_consistency_l1,update_l1,eta_used,update_accepted,current_state_accepted,proposal_generated,gate_triggered,eval_loss_delta,informative,solver_audit_status,solver_audit_agent_id,solver_audit_full_loss,solver_audit_best_loo_loss,solver_audit_improvement,solver_recovery_attempts,solver_recovery_success,stage3_requests_cumulative,contribution_requests_cumulative
0,2,0.3,0.0,uniform,0,trimmed,0.5,guarded,controlled,5,1,0,0,0.002007465785028464,bfgs,"{""bfgs"": 0.015895250439643863, ""custom"": 0.01957568377256394}",0.015531321366628012,0.015531321366628012,stage3_l_opt,l_opt_current_alpha,0.7542648027046188,0.7696579619434887,0.3771324013523095,0.5,False,True,True,False,,True,not_needed,,,,,0,False,3405,2710
0,2,0.3,0.0,uniform,0,trimmed,0.5,guarded,controlled,5,1,0,1,0.014915579672612256,custom,"{""bfgs"": 0.05796510456668716, ""custom"": 0.01358341569125827}",0.017007085184256237,0.017007085184256237,stage3_l_opt,l_opt_current_alpha,0.9223484170416363,0.9471000871706785,0.18856620067615465,0.25,False,False,True,True,0.0014757638176282253,True,not_needed,,,,,0,False,5230,5890
0,2,0.3,0.0,uniform,0,trimmed,0.5,guarded,controlled,5,1,0,2,0.014942246480925944,custom,"{""bfgs"": 0.057124317579802776, ""custom"": 0.016585272262790593}",0.016981246570746105,0.016981246570746105,stage3_l_opt,l_opt_current_alpha,0.35032199486343324,0.35601948356806057,0.09428310033807735,0.125,False,False,True,True,0.0014499252041180934,True,not_needed,,,,,0,False,6835,9330
0,2,0.3,0.0,uniform,0,trimmed,0.5,guarded,controlled,5,1,0,3,0.002150530231173311,bfgs,"{""bfgs"": 0.016031636317772307, ""custom"": 0.018074522083605472}",0.01629518469174703,0.01629518469174703,stage3_l_opt,l_opt_current_alpha,0.802662864654745,0.8190253830610886,0.04714155016903873,0.0625,False,False,True,True,0.0007638633251190168,True,not_needed,,,,,0,False,11280,12015
0,2,0.3,0.0,uniform,0,trimmed,0.5,guarded,controlled,5,1,0,4,0.01625346964842367,custom,"{""bfgs"": 0.028460178123141326, ""custom"": 0.019121865906912488}",0.015987485647201538,0.015987485647201538,stage3_l_opt,l_opt_current_alpha,0.7263992128678605,0.7421765808610226,0.037713240135230974,0.05,False,False,True,True,0.00045616428057352644,True,not_needed,,,,,0,False,15195,14725
0,2,0.3,0.0,uniform,0,trimmed,0.5,guarded,controlled,5,1,0,5,0.005407011563833985,bfgs,"{""bfgs"": 0.015523230643195255, ""custom"": 0.019319144069753613}",0.015430785715579987,0.015430785715579987,stage3_l_opt,l_opt_current_alpha,0.6482594230646714,0.6622515226177802,0.03241297115323355,0.05,True,True,True,False,-0.00010053565104802507,True,not_needed,,,,,0,False,18605,16845
0,2,0.3,0.0,uniform,0,trimmed,0.5,guarded,controlled,5,1,0,6,0.016096687343085822,custom,"{""bfgs"": 0.05661256947241798, ""custom"": 0.018945071171179384}",0.016205832362174988,0.016205832362174988,stage3_l_opt,l_opt_current_alpha,0.6394813972358709,0.6539558426119275,0.03241297115323355,0.05,False,False,True,True,0.0007750466465950012,True,not_needed,,,,,0,False,21080,19855
0,2,0.3,0.0,uniform,0,trimmed,0.5,guarded,controlled,5,1,0,7,0.016096687343085822,custom,"{""bfgs"": 0.05661256947241798, ""custom"": 0.018945071171179384}",0.016205832362174988,0.016205832362174988,stage3_l_opt,l_opt_current_alpha,0.6394813972358709,0.6539558426119275,0.03241297115323355,0.05,False,False,True,True,0.0007750466465950012,True,not_needed,,,,,0,False,23555,22865
0,2,0.3,0.0,uniform,0,trimmed,0.5,guarded,controlled,5,1,0,8,0.016096687343085822,custom,"{""bfgs"": 0.05661256947241798, ""custom"": 0.018945071171179384}",0.016205832362174988,0.016205832362174988,stage3_l_opt,l_opt_current_alpha,0.6394813972358709,0.6539558426119275,0.03241297115323355,0.05,False,False,True,True,0.0007750466465950012,True,not_needed,,,,,0,False,26030,25875
0,2,0.3,0.0,uniform,0,trimmed,0.5,guarded,controlled,5,1,0,9,0.016096687343085822,custom,"{""bfgs"": 0.05661256947241798, ""custom"": 0.018945071171179384}",0.016205832362174988,0.016205832362174988,stage3_l_opt,l_opt_current_alpha,0.6394813972358709,0.6539558426119275,0.03241297115323355,0.05,False,False,True,True,0.0007750466465950012,True,not_needed,,,,,0,False,28505,28885
0,2,0.3,0.0,uniform,0,trimmed,0.5,guarded,controlled,5,1,0,10,0.016096687343085822,custom,"{""bfgs"": 0.05661256947241798, ""custom"": 0.018945071171179384}",0.016205832362174988,0.016205832362174988,stage3_l_opt,l_opt_current_alpha,0.6394813972358709,0.6539558426119275,0.03241297115323355,0.05,False,False,True,True,0.0007750466465950012,True,not_needed,,,,,0,False,30980,31895
0,2,0.3,0.0,uniform,0,trimmed,0.5,guarded,controlled,5,1,0,11,0.016096687343085822,custom,"{""bfgs"": 0.05661256947241798, ""custom"": 0.018945071171179384}",0.016205832362174988,0.016205832362174988,stage3_l_opt,l_opt_current_alpha,0.6394813972358709,0.6539558426119275,0.03241297115323355,0.05,False,False,True,True,0.0007750466465950012,True,not_needed,,,,,0,False,33455,34905
0,2,0.3,0.0,uniform,0,trimmed,0.5,guarded,controlled,5,1,0,12,0.016096687343085822,custom,"{""bfgs"": 0.05661256947241798, ""custom"": 0.018945071171179384}",0.016205832362174988,0.016205832362174988,stage3_l_opt,l_opt_current_alpha,0.6394813972358709,0.6539558426119275,0.03241297115323355,0.05,False,False,True,True,0.0007750466465950012,True,not_needed,,,,,0,False,35930,37915
0,2,0.3,0.0,uniform,0,trimmed,0.5,guarded,controlled,5,1,0,13,0.016096687343085822,custom,"{""bfgs"": 0.05661256947241798, ""custom"": 0.018945071171179384}",0.016205832362174988,0.016205832362174988,stage3_l_opt,l_opt_current_alpha,0.6394813972358709,0.6539558426119275,0.03241297115323355,0.05,False,False,True,True,0.0007750466465950012,True,not_needed,,,,,0,False,38405,40925
0,2,0.3,0.0,uniform,0,trimmed,0.5,guarded,controlled,5,1,0,14,0.016096687343085822,custom,"{""bfgs"": 0.05661256947241798, ""custom"": 0.018945071171179384}",0.016205832362174988,0.016205832362174988,stage3_l_opt,l_opt_current_alpha,0.6394813972358709,0.6539558426119275,0.03241297115323355,0.05,False,False,True,True,0.0007750466465950012,True,not_needed,,,,,0,False,40880,43935
0,2,0.3,0.0,uniform,0,trimmed,0.5,guarded,controlled,5,1,0,15,0.016096687343085822,custom,"{""bfgs"": 0.05661256947241798, ""custom"": 0.018945071171179384}",0.016205832362174988,0.016205832362174988,stage3_l_opt,l_opt_current_alpha,0.6394813972358709,0.6539558426119275,0.03241297115323355,0.05,False,False,True,True,0.0007750466465950012,True,not_needed,,,,,0,False,43355,46945
0,2,0.3,0.0,uniform,0,trimmed,0.5,guarded,controlled,5,1,0,16,0.016096687343085822,custom,"{""bfgs"": 0.05661256947241798, ""custom"": 0.018945071171179384}",0.016205832362174988,0.016205832362174988,stage3_l_opt,l_opt_current_alpha,0.6394813972358709,0.6539558426119275,0.03241297115323355,0.05,False,False,True,True,0.0007750466465950012,True,not_needed,,,,,0,False,45830,49955
0,2,0.3,0.0,uniform,0,trimmed,0.5,guarded,controlled,5,1,0,17,0.016096687343085822,custom,"{""bfgs"": 0.05661256947241798, ""custom"": 0.018945071171179384}",0.016205832362174988,0.016205832362174988,stage3_l_opt,l_opt_current_alpha,0.6394813972358709,0.6539558426119275,0.03241297115323355,0.05,False,False,True,True,0.0007750466465950012,True,not_needed,,,,,0,False,48305,52965
0,2,0.3,0.0,uniform,0,trimmed,0.5,guarded,controlled,5,1,0,18,0.016096687343085822,custom,"{""bfgs"": 0.05661256947241798, ""custom"": 0.018945071171179384}",0.016205832362174988,0.016205832362174988,stage3_l_opt,l_opt_current_alpha,0.6394813972358709,0.6539558426119275,0.03241297115323355,0.05,False,False,True,True,0.0007750466465950012,True,not_needed,,,,,0,False,50780,55975
0,2,0.3,0.0,uniform,0,trimmed,0.5,guarded,controlled,5,1,0,19,0.016096687343085822,custom,"{""bfgs"": 0.05661256947241798, ""custom"": 0.018945071171179384}",0.016205832362174988,0.016205832362174988,stage3_l_opt,l_opt_current_alpha,0.6394813972358709,0.6539558426119275,0.03241297115323355,0.05,False,False,True,True,0.0007750466465950012,True,not_needed,,,,,0,False,53255,58985
1,2,0.3,0.0,uniform,0,trimmed,0.5,guarded,controlled,5,1,0,0,0.0024432934588861643,custom,"{""bfgs"": 0.13691198080778122, ""custom"": 0.02472555749118328}",0.017546817660331726,0.017546817660331726,stage3_l_opt,l_opt_current_alpha,1.4943549590345144,1.5248519990148106,0.7471774795172572,0.5,False,True,True,False,,True,not_needed,,,,,0,False,1095,3095
1,2,0.3,0.0,uniform,0,trimmed,0.5,guarded,controlled,5,1,0,1,0.036523882001878755,custom,"{""bfgs"": 0.12958586228292315, ""custom"": 0.02003597248463373}",0.034598611295223236,0.034598611295223236,stage3_l_opt,l_opt_current_alpha,1.5679999999999998,1.5919999999999999,0.37358873975862855,0.25,False,False,True,True,0.01705179363489151,True,not_needed,,,,,0,False,1630,6670
1,2,0.3,0.0,uniform,0,trimmed,0.5,guarded,controlled,5,1,0,2,0.007602795700367648,custom,"{""bfgs"": 0.1332489215453522, ""custom"": 0.021859025914907515}",0.02415734777847926,0.02415734777847926,stage3_l_opt,l_opt_current_alpha,1.666,1.698,0.18679436987931428,0.125,False,False,True,True,0.006610530118147533,True,not_needed,,,,,0,False,2180,10095
1,2,0.3,0.0,uniform,0,trimmed,0.5,guarded,controlled,5,1,0,3,0.008435497681834547,custom,"{""bfgs"": 0.13508045117656672, ""custom"": 0.022457045237416498}",0.01706877537071705,0.01706877537071705,stage3_l_opt,l_opt_current_alpha,0.803226387488455,0.8224308927408585,0.10040329843605686,0.125,True,True,True,False,-0.00047804228961467743,True,not_needed,,,,,0,False,2705,12940
1,2,0.3,0.0,uniform,0,trimmed,0.5,guarded,controlled,5,1,0,4,0.0064708495310740605,custom,"{""bfgs"": 0.13729260396102883, ""custom"": 0.02095189707757071}",0.015477741758028666,0.015477741758028666,stage3_l_opt,l_opt_current_alpha,1.0164676159515413,1.0414811544444094,0.12705845199394267,0.125,True,True,True,False,-0.001591033612688383,True,not_needed,,,,,0,False,3365,18960
1,2,0.3,0.0,uniform,0,trimmed,0.5,guarded,controlled,5,1,0,5,0.006232791632557119,custom,"{""bfgs"": 0.13517734530339723, ""custom"": 0.02080297631398704}",0.01510435901582241,0.01510435901582241,stage3_l_opt,l_opt_current_alpha,0.5577737730539691,0.5755743345042936,0.06972172163174614,0.125,True,True,True,False,-0.000373382742206255,True,not_needed,,,,,0,False,3820,22620
1,2,0.3,0.0,uniform,0,trimmed,0.5,guarded,controlled,5,1,0,6,0.010594325842803745,custom,"{""bfgs"": 0.1373353696904963, ""custom"": 0.019517196074446796}",0.019841743012269337,0.019841743012269337,stage3_l_opt,l_opt_current_alpha,0.791824540356334,0.815824540356334,0.034860860815873085,0.0625,False,False,True,True,0.004737383996446926,True,not_needed,,,,,0,False,4470,26115
1,2,0.3,0.0,uniform,0,trimmed,0.5,guarded,controlled,5,1,0,7,0.008028242210096431,custom,"{""bfgs"": 0.13625635749694676, ""custom"": 0.02047184443877837}",0.017444853981335957,0.017444853981335957,stage3_l_opt,l_opt_current_alpha,0.8266854011722071,0.850685401172207,0.027888688652698446,0.05,False,False,True,True,0.002340494965513546,True,not_needed,,,,,0,False,4975,30020
1,2,0.3,0.0,uniform,0,trimmed,0.5,guarded,controlled,5,1,0,8,0.007924167792370568,custom,"{""bfgs"": 0.13604055505823687, ""custom"": 0.020775228951714284}",0.016608197862903278,0.016608197862903278,stage3_l_opt,l_opt_current_alpha,0.760028343394401,0.7825257060486667,0.027888688652698446,0.05,False,False,True,True,0.0015038388470808677,True,not_needed,,,,,0,False,5645,33200
1,2,0.3,0.0,uniform,0,trimmed,0.5,guarded,controlled,5,1,0,9,0.007924167792370568,custom,"{""bfgs"": 0.13604055505823687, ""custom"": 0.020775228951714284}",0.016608197862903278,0.016608197862903278,stage3_l_opt,l_opt_current_alpha,0.760028343394401,0.7825257060486667,0.027888688652698446,0.05,False,False,True,True,0.0015038388470808677,True,not_needed,,,,,0,False,6315,36380
1,2,0.3,0.0,uniform,0,trimmed,0.5,guarded,controlled,5,1,0,10,0.007924167792370568,custom,"{""bfgs"": 0.13604055505823687, ""custom"": 0.020775228951714284}",0.016608197862903278,0.016608197862903278,stage3_l_opt,l_opt_current_alpha,0.760028343394401,0.7825257060486667,0.027888688652698446,0.05,False,False,True,True,0.0015038388470808677,True,not_needed,,,,,0,False,6985,39560
1,2,0.3,0.0,uniform,0,trimmed,0.5,guarded,controlled,5,1,0,11,0.007924167792370568,custom,"{""bfgs"": 0.13604055505823687, ""custom"": 0.020775228951714284}",0.016608197862903278,0.016608197862903278,stage3_l_opt,l_opt_current_alpha,0.760028343394401,0.7825257060486667,0.027888688652698446,0.05,False,False,True,True,0.0015038388470808677,True,not_needed,,,,,0,False,7655,42740
1,2,0.3,0.0,uniform,0,trimmed,0.5,guarded,controlled,5,1,0,12,0.007924167792370568,custom,"{""bfgs"": 0.13604055505823687, ""custom"": 0.020775228951714284}",0.016608197862903278,0.016608197862903278,stage3_l_opt,l_opt_current_alpha,0.760028343394401,0.7825257060486667,0.027888688652698446,0.05,False,False,True,True,0.0015038388470808677,True,not_needed,,,,,0,False,8325,45920
1,2,0.3,0.0,uniform,0,trimmed,0.5,guarded,controlled,5,1,0,13,0.007924167792370568,custom,"{""bfgs"": 0.13604055505823687, ""custom"": 0.020775228951714284}",0.016608197862903278,0.016608197862903278,stage3_l_opt,l_opt_current_alpha,0.760028343394401,0.7825257060486667,0.027888688652698446,0.05,False,False,True,True,0.0015038388470808677,True,not_needed,,,,,0,False,8995,49100
1,2,0.3,0.0,uniform,0,trimmed,0.5,guarded,controlled,5,1,0,14,0.007924167792370568,custom,"{""bfgs"": 0.13604055505823687, ""custom"": 0.020775228951714284}",0.016608197862903278,0.016608197862903278,stage3_l_opt,l_opt_current_alpha,0.760028343394401,0.7825257060486667,0.027888688652698446,0.05,False,False,True,True,0.0015038388470808677,True,not_needed,,,,,0,False,9665,52280
1,2,0.3,0.0,uniform,0,trimmed,0.5,guarded,controlled,5,1,0,15,0.007924167792370568,custom,"{""bfgs"": 0.13604055505823687, ""custom"": 0.020775228951714284}",0.016608197862903278,0.016608197862903278,stage3_l_opt,l_opt_current_alpha,0.760028343394401,0.7825257060486667,0.027888688652698446,0.05,False,False,True,True,0.0015038388470808677,True,not_needed,,,,,0,False,10335,55460
1,2,0.3,0.0,uniform,0,trimmed,0.5,guarded,controlled,5,1,0,16,0.007924167792370568,custom,"{""bfgs"": 0.13604055505823687, ""custom"": 0.020775228951714284}",0.016608197862903278,0.016608197862903278,stage3_l_opt,l_opt_current_alpha,0.760028343394401,0.7825257060486667,0.027888688652698446,0.05,False,False,True,True,0.0015038388470808677,True,not_needed,,,,,0,False,11005,58640
1,2,0.3,0.0,uniform,0,trimmed,0.5,guarded,controlled,5,1,0,17,0.007924167792370568,custom,"{""bfgs"": 0.13604055505823687, ""custom"": 0.020775228951714284}",0.016608197862903278,0.016608197862903278,stage3_l_opt,l_opt_current_alpha,0.760028343394401,0.7825257060486667,0.027888688652698446,0.05,False,False,True,True,0.0015038388470808677,True,not_needed,,,,,0,False,11675,61820
1,2,0.3,0.0,uniform,0,trimmed,0.5,guarded,controlled,5,1,0,18,0.007924167792370568,custom,"{""bfgs"": 0.13604055505823687, ""custom"": 0.020775228951714284}",0.016608197862903278,0.016608197862903278,stage3_l_opt,l_opt_current_alpha,0.760028343394401,0.7825257060486667,0.027888688652698446,0.05,False,False,True,True,0.0015038388470808677,True,not_needed,,,,,0,False,12345,65000
1,2,0.3,0.0,uniform,0,trimmed,0.5,guarded,controlled,5,1,0,19,0.007924167792370568,custom,"{""bfgs"": 0.13604055505823687, ""custom"": 0.020775228951714284}",0.016608197862903278,0.016608197862903278,stage3_l_opt,l_opt_current_alpha,0.760028343394401,0.7825257060486667,0.027888688652698446,0.05,False,False,True,True,0.0015038388470808677,True,not_needed,,,,,0,False,13015,68180
2,2,0.3,0.0,uniform,0,trimmed,0.5,guarded,controlled,5,1,0,0,0.01474399070546405,bfgs,"{""bfgs"": 0.011452144384384157, ""custom"": 0.011454376578330995}",0.0074276601274808245,0.0074276601274808245,stage3_l_opt,l_opt_current_alpha,0.5887535940265876,0.6007689734965179,0.2943767970132937,0.5,False,True,True,False,,True,recovered_informative,3,0.013520945608615876,0.011454376578330995,0.0020665690302848812,1,True,5290,17280
2,2,0.3,0.0,uniform,0,trimmed,0.5,guarded,controlled,5,1,0,1,0.0108061072053778,custom,"{""bfgs"": 0.07021890203992476, ""custom"": 0.011196642303864301}",0.009725391864776611,0.009725391864776611,stage3_l_opt,l_opt_current_alpha,1.162839632022303,1.1859800601528465,0.14718839850664686,0.25,False,False,True,True,0.002297731737295787,True,not_needed,,,,,0,False,5620,27085
2,2,0.3,0.0,uniform,0,trimmed,0.5,guarded,controlled,5,1,0,2,0.01197657409421509,custom,"{""bfgs"": 0.05774402067708509, ""custom"": 0.01191723875187082}",0.009405491252740225,0.009405491252740225,stage3_l_opt,l_opt_current_alpha,1.4007452593321845,1.4290364008121714,0.07359419925332344,0.125,False,False,True,True,0.0019778311252594003,True,not_needed,,,,,0,False,7240,35900
2,2,0.3,0.0,uniform,0,trimmed,0.5,guarded,controlled,5,1,0,3,0.010134403040865728,custom,"{""bfgs"": 0.09903009127932497, ""custom"": 0.013167817135775911}",0.009909999867280325,0.009909999867280325,stage3_l_opt,l_opt_current_alpha,1.519396072108033,1.551396072108033,0.03679709962666172,0.0625,False,False,True,True,0.0024823397397995004,True,not_needed,,,,,0,False,7840,45235
2,2,0.3,0.0,uniform,0,trimmed,0.5,guarded,controlled,5,1,0,4,0.014626698374293735,bfgs,"{""bfgs"": 0.011188244116746907, ""custom"": 0.01119200627718919}",0.007525714735190074,0.007525714735190074,stage3_l_opt,l_opt_current_alpha,0.7125129999797852,0.7277311687125045,0.04453206249873662,0.0625,True,True,True,False,9.805460770924944e-05,True,recovered_informative,3,0.01369075458738879,0.01119200627718919,0.0024987483101996007,1,True,15225,65835
2,2,0.3,0.0,uniform,0,trimmed,0.5,guarded,controlled,5,1,0,5,0.009531219616621664,custom,"{""bfgs"": 0.06177588267751655, ""custom"": 0.013200941545129501}",0.010168738663196564,0.010168738663196564,stage3_l_opt,l_opt_current_alpha,1.0462143439815794,1.0684040196177065,0.03562564999898926,0.05,False,False,True,True,0.0026430239280064898,True,not_needed,,,,,0,False,17185,75340
2,2,0.3,0.0,uniform,0,trimmed,0.5,guarded,controlled,5,1,0,6,0.010219527815643767,custom,"{""bfgs"": 0.051538571034293365, ""custom"": 0.013033757023302422}",0.009873971343040466,0.009873971343040466,stage3_l_opt,l_opt_current_alpha,1.216839363296613,1.2424427013749137,0.03562564999898926,0.05,False,False,True,True,0.0023482566078503924,True,not_needed,,,,,0,False,18115,83950
2,2,0.3,0.0,uniform,0,trimmed,0.5,guarded,controlled,5,1,0,7,0.010219527815643767,custom,"{""bfgs"": 0.051538571034293365, ""custom"": 0.013033757023302422}",0.009873971343040466,0.009873971343040466,stage3_l_opt,l_opt_current_alpha,1.216839363296613,1.2424427013749137,0.03562564999898926,0.05,False,False,True,True,0.0023482566078503924,True,not_needed,,,,,0,False,19045,92560
2,2,0.3,0.0,uniform,0,trimmed,0.5,guarded,controlled,5,1,0,8,0.010219527815643767,custom,"{""bfgs"": 0.051538571034293365, ""custom"": 0.013033757023302422}",0.009873971343040466,0.009873971343040466,stage3_l_opt,l_opt_current_alpha,1.216839363296613,1.2424427013749137,0.03562564999898926,0.05,False,False,True,True,0.0023482566078503924,True,not_needed,,,,,0,False,19975,101170
2,2,0.3,0.0,uniform,0,trimmed,0.5,guarded,controlled,5,1,0,9,0.010219527815643767,custom,"{""bfgs"": 0.051538571034293365, ""custom"": 0.013033757023302422}",0.009873971343040466,0.009873971343040466,stage3_l_opt,l_opt_current_alpha,1.216839363296613,1.2424427013749137,0.03562564999898926,0.05,False,False,True,True,0.0023482566078503924,True,not_needed,,,,,0,False,20905,109780
2,2,0.3,0.0,uniform,0,trimmed,0.5,guarded,controlled,5,1,0,10,0.010219527815643767,custom,"{""bfgs"": 0.051538571034293365, ""custom"": 0.013033757023302422}",0.009873971343040466,0.009873971343040466,stage3_l_opt,l_opt_current_alpha,1.216839363296613,1.2424427013749137,0.03562564999898926,0.05,False,False,True,True,0.0023482566078503924,True,not_needed,,,,,0,False,21835,118390
2,2,0.3,0.0,uniform,0,trimmed,0.5,guarded,controlled,5,1,0,11,0.010219527815643767,custom,"{""bfgs"": 0.051538571034293365, ""custom"": 0.013033757023302422}",0.009873971343040466,0.009873971343040466,stage3_l_opt,l_opt_current_alpha,1.216839363296613,1.2424427013749137,0.03562564999898926,0.05,False,False,True,True,0.0023482566078503924,True,not_needed,,,,,0,False,22765,127000
2,2,0.3,0.0,uniform,0,trimmed,0.5,guarded,controlled,5,1,0,12,0.010219527815643767,custom,"{""bfgs"": 0.051538571034293365, ""custom"": 0.013033757023302422}",0.009873971343040466,0.009873971343040466,stage3_l_opt,l_opt_current_alpha,1.216839363296613,1.2424427013749137,0.03562564999898926,0.05,False,False,True,True,0.0023482566078503924,True,not_needed,,,,,0,False,23695,135610
2,2,0.3,0.0,uniform,0,trimmed,0.5,guarded,controlled,5,1,0,13,0.010219527815643767,custom,"{""bfgs"": 0.051538571034293365, ""custom"": 0.013033757023302422}",0.009873971343040466,0.009873971343040466,stage3_l_opt,l_opt_current_alpha,1.216839363296613,1.2424427013749137,0.03562564999898926,0.05,False,False,True,True,0.0023482566078503924,True,not_needed,,,,,0,False,24625,144220
2,2,0.3,0.0,uniform,0,trimmed,0.5,guarded,controlled,5,1,0,14,0.010219527815643767,custom,"{""bfgs"": 0.051538571034293365, ""custom"": 0.013033757023302422}",0.009873971343040466,0.009873971343040466,stage3_l_opt,l_opt_current_alpha,1.216839363296613,1.2424427013749137,0.03562564999898926,0.05,False,False,True,True,0.0023482566078503924,True,not_needed,,,,,0,False,25555,152830
2,2,0.3,0.0,uniform,0,trimmed,0.5,guarded,controlled,5,1,0,15,0.010219527815643767,custom,"{""bfgs"": 0.051538571034293365, ""custom"": 0.013033757023302422}",0.009873971343040466,0.009873971343040466,stage3_l_opt,l_opt_current_alpha,1.216839363296613,1.2424427013749137,0.03562564999898926,0.05,False,False,True,True,0.0023482566078503924,True,not_needed,,,,,0,False,26485,161440
2,2,0.3,0.0,uniform,0,trimmed,0.5,guarded,controlled,5,1,0,16,0.010219527815643767,custom,"{""bfgs"": 0.051538571034293365, ""custom"": 0.013033757023302422}",0.009873971343040466,0.009873971343040466,stage3_l_opt,l_opt_current_alpha,1.216839363296613,1.2424427013749137,0.03562564999898926,0.05,False,False,True,True,0.0023482566078503924,True,not_needed,,,,,0,False,27415,170050
2,2,0.3,0.0,uniform,0,trimmed,0.5,guarded,controlled,5,1,0,17,0.010219527815643767,custom,"{""bfgs"": 0.051538571034293365, ""custom"": 0.013033757023302422}",0.009873971343040466,0.009873971343040466,stage3_l_opt,l_opt_current_alpha,1.216839363296613,1.2424427013749137,0.03562564999898926,0.05,False,False,True,True,0.0023482566078503924,True,not_needed,,,,,0,False,28345,178660
2,2,0.3,0.0,uniform,0,trimmed,0.5,guarded,controlled,5,1,0,18,0.010219527815643767,custom,"{""bfgs"": 0.051538571034293365, ""custom"": 0.013033757023302422}",0.009873971343040466,0.009873971343040466,stage3_l_opt,l_opt_current_alpha,1.216839363296613,1.2424427013749137,0.03562564999898926,0.05,False,False,True,True,0.0023482566078503924,True,not_needed,,,,,0,False,29275,187270
2,2,0.3,0.0,uniform,0,trimmed,0.5,guarded,controlled,5,1,0,19,0.010219527815643767,custom,"{""bfgs"": 0.051538571034293365, ""custom"": 0.013033757023302422}",0.009873971343040466,0.009873971343040466,stage3_l_opt,l_opt_current_alpha,1.216839363296613,1.2424427013749137,0.03562564999898926,0.05,False,False,True,True,0.0023482566078503924,True,not_needed,,,,,0,False,30205,195880
2,2,0.3,0.0,uniform,0,trimmed,0.5,guarded,controlled,5,1,1,0,0.014680195329360171,custom,"{""bfgs"": 0.12927564792335033, ""custom"": 0.011253807693719864}",0.011253807693719864,0.011253807693719864,stage3_l_opt,l_opt_current_alpha,0.5828212506853436,0.59471556192382,0.2914106253426718,0.5,False,True,True,False,,True,not_needed,,,,,0,False,352,3064
2,2,0.3,0.0,uniform,0,trimmed,0.5,guarded,controlled,5,1,1,1,0.014484371751243914,custom,"{""bfgs"": 0.020222166154748013, ""custom"": 0.009285799903941794}",0.011563444510102272,0.011563444510102272,stage3_l_opt,l_opt_current_alpha,0.3212119196743568,0.32658359141390536,0.14570531267133588,0.25,False,False,True,True,0.00030963681638240814,True,not_needed,,,,,0,False,1432,7324
2,2,0.3,0.0,uniform,0,trimmed,0.5,guarded,controlled,5,1,1,2,0.01491187598629706,custom,"{""bfgs"": 0.12439320317662289, ""custom"": 0.010242522615929707}",0.011358022689819336,0.011358022689819336,stage3_l_opt,l_opt_current_alpha,0.8289975120209199,0.8485396168332224,0.07285265633566795,0.125,False,False,True,True,0.00010421499609947205,True,not_needed,,,,,0,False,2524,11236
2,2,0.3,0.0,uniform,0,trimmed,0.5,guarded,controlled,5,1,1,3,0.014743642689391972,custom,"{""bfgs"": 0.020687338455351516, ""custom"": 0.010646246140732903}",0.011209359392523766,0.011209359392523766,stage3_l_opt,l_opt_current_alpha,0.6834687336581484,0.6989038640661854,0.08543359170726861,0.125,True,True,True,False,-4.444830119609833e-05,True,not_needed,,,,,0,False,4012,15864
2,2,0.3,0.0,uniform,0,trimmed,0.5,guarded,controlled,5,1,1,4,0.014686050743542976,custom,"{""bfgs"": 0.09367442094912018, ""custom"": 0.010064067260704364}",0.011256653815507889,0.011256653815507889,stage3_l_opt,l_opt_current_alpha,0.5424013801433292,0.5567011276573346,0.06780017251791612,0.125,True,True,True,False,4.729442298412323e-05,True,not_needed,,,,,0,False,5652,19204
2,2,0.3,0.0,uniform,0,trimmed,0.5,guarded,controlled,5,1,1,5,0.014777387963661726,custom,"{""bfgs"": 0.04506140397240487, ""custom"": 0.009354038371504031}",0.011214369907975197,0.011214369907975197,stage3_l_opt,l_opt_current_alpha,0.4825628830140898,0.4970251136992927,0.06032036037676122,0.125,True,True,True,False,-4.2283907532691956e-05,True,not_needed,,,,,0,False,6992,23276
2,2,0.3,0.0,uniform,0,trimmed,0.5,guarded,controlled,5,1,1,6,0.014715341029801925,custom,"{""bfgs"": 0.015575231062583517, ""custom"": 0.008914856081083576}",0.011228574439883232,0.011228574439883232,stage3_l_opt,l_opt_current_alpha,0.4541505077518995,0.4692639218067876,0.05676881346898752,0.125,True,True,True,False,1.4204531908035278e-05,True,not_needed,,,,,0,False,8684,27856
2,2,0.3,0.0,uniform,0,trimmed,0.5,guarded,controlled,5,1,1,7,0.014740857702048114,custom,"{""bfgs"": 0.027221721236815787, ""custom"": 0.008473909902092507}",0.011220747604966164,0.011220747604966164,stage3_l_opt,l_opt_current_alpha,0.42101171911152346,0.4305616169973513,0.052626464888940405,0.125,True,True,True,False,-7.826834917068481e-06,True,not_needed,,,,,0,False,10024,32128
2,2,0.3,0.0,uniform,0,trimmed,0.5,guarded,controlled,5,1,1,8,0.014698406418072987,custom,"{""bfgs"": 0.024090375581090714, ""custom"": 0.008345272654425692}",0.011251809075474739,0.011251809075474739,stage3_l_opt,l_opt_current_alpha,0.8259543628790582,0.8454115290891258,0.10324429535988225,0.125,True,True,True,False,3.106147050857544e-05,True,not_needed,,,,,0,False,11200,35800
2,2,0.3,0.0,uniform,0,trimmed,0.5,guarded,controlled,5,1,1,9,0.014736584441122948,custom,"{""bfgs"": 0.015400502849641232, ""custom"": 0.00761010195276654}",0.011214451864361763,0.011214451864361763,stage3_l_opt,l_opt_current_alpha,1.1121449780705497,1.137852367070522,0.13901812225881874,0.125,True,True,True,False,-3.7357211112976074e-05,True,not_needed,,,,,0,False,13232,41088
2,2,0.3,0.0,uniform,0,trimmed,0.5,guarded,controlled,5,1,1,10,0.01491105958906045,custom,"{""bfgs"": 0.017855447919699972, ""custom"": 0.007919875816785864}",0.011356733739376068,0.011356733739376068,stage3_l_opt,l_opt_current_alpha,0.3168899531506697,0.33233159523285577,0.06950906112940934,0.0625,False,False,True,True,0.00014228187501430511,True,not_needed,,,,,0,False,15384,43744
2,2,0.3,0.0,uniform,0,trimmed,0.5,guarded,controlled,5,1,1,11,0.01475707749113548,custom,"{""bfgs"": 0.019849946276261424, ""custom"": 0.007674484677899507}",0.011204134672880173,0.011204134672880173,stage3_l_opt,l_opt_current_alpha,0.46460484381092004,0.4785156802980306,0.029037802738182447,0.0625,True,True,True,False,-1.0317191481590271e-05,True,not_needed,,,,,0,False,16972,48088
2,2,0.3,0.0,uniform,0,trimmed,0.5,guarded,controlled,5,1,1,12,0.014807317165336963,custom,"{""bfgs"": 0.016951665682536404, ""custom"": 0.007594798112906795}",0.011163666844367981,0.011163666844367981,stage3_l_opt,l_opt_current_alpha,0.3447280146895246,0.3604256149817264,0.021545500918095276,0.0625,True,True,True,False,-4.046782851219177e-05,True,not_needed,,,,,0,False,18456,52008
2,2,0.3,0.0,uniform,0,trimmed,0.5,guarded,controlled,5,1,1,13,0.0148260490170391,custom,"{""bfgs"": 0.11159821667208505, ""custom"": 0.007472674325769169}",0.011169133707880974,0.011169133707880974,stage3_l_opt,l_opt_current_alpha,0.5435044698361922,0.5598620491118529,0.03396902936476205,0.0625,True,True,True,False,5.466863512992859e-06,True,not_needed,,,,,0,False,19736,56256
2,2,0.3,0.0,uniform,0,trimmed,0.5,guarded,controlled,5,1,1,14,0.014766057132373615,custom,"{""bfgs"": 0.015750376254185336, ""custom"": 0.0075056591974400925}",0.011194493621587753,0.011194493621587753,stage3_l_opt,l_opt_current_alpha,0.3066332631974367,0.32231746549622897,0.019164578949839667,0.0625,True,True,True,False,2.535991370677948e-05,True,not_needed,,,,,0,False,20944,59024
2,2,0.3,0.0,uniform,0,trimmed,0.5,guarded,controlled,5,1,1,15,0.01475884169497814,custom,"{""bfgs"": 0.020307095530793247, ""custom"": 0.007380697904905236}",0.011197242885828018,0.011197242885828018,stage3_l_opt,l_opt_current_alpha,0.6153338213926557,0.6340422608734608,0.038458363837041,0.0625,True,True,True,False,2.7492642402648926e-06,True,not_needed,,,,,0,False,23140,64208
2,2,0.3,0.0,uniform,0,trimmed,0.5,guarded,controlled,5,1,1,16,0.014585894598257664,custom,"{""bfgs"": 0.1095930845250254, ""custom"": 0.007551251558220307}",0.011324198916554451,0.011324198916554451,stage3_l_opt,l_opt_current_alpha,0.2409876499455755,0.25595642731678075,0.030766691069632743,0.05,False,False,True,True,0.0001269560307264328,True,not_needed,,,,,0,False,24220,67600
2,2,0.3,0.0,uniform,0,trimmed,0.5,guarded,controlled,5,1,1,17,0.014624215305533601,custom,"{""bfgs"": 0.052678421572828635, ""custom"": 0.0075241560641053536}",0.01130138523876667,0.01130138523876667,stage3_l_opt,l_opt_current_alpha,0.6782216440501351,0.695288432590689,0.030766691069632743,0.05,False,False,True,True,0.00010414235293865204,True,not_needed,,,,,0,False,25404,71152
2,2,0.3,0.0,uniform,0,trimmed,0.5,guarded,controlled,5,1,1,18,0.014624215305533601,custom,"{""bfgs"": 0.052678421572828635, ""custom"": 0.0075241560641053536}",0.01130138523876667,0.01130138523876667,stage3_l_opt,l_opt_current_alpha,0.6782216440501351,0.695288432590689,0.030766691069632743,0.05,False,False,True,True,0.00010414235293865204,True,not_needed,,,,,0,False,26588,74704
2,2,0.3,0.0,uniform,0,trimmed,0.5,guarded,controlled,5,1,1,19,0.014624215305533601,custom,"{""bfgs"": 0.052678421572828635, ""custom"": 0.0075241560641053536}",0.01130138523876667,0.01130138523876667,stage3_l_opt,l_opt_current_alpha,0.6782216440501351,0.695288432590689,0.030766691069632743,0.05,False,False,True,True,0.00010414235293865204,True,not_needed,,,,,0,False,27772,78256
3,2,0.3,0.0,uniform,0,trimmed,0.5,guarded,controlled,5,1,0,0,0.014163818486100578,custom,"{""bfgs"": 0.03010227605700493, ""custom"": 0.010383714735507966}",0.011099280168612799,0.011099280168612799,stage3_l_opt,l_opt_current_alpha,1.3834984239377695,1.411733085650785,0.6917492119688847,0.5,False,True,True,False,,True,not_needed,,,,,0,False,1785,7140
3,2,0.3,0.0,uniform,0,trimmed,0.5,guarded,controlled,5,1,0,1,0.017812179569378007,bfgs,"{""bfgs"": 0.00995199971668434, ""custom"": 0.010071937821494218}",0.012394610792398453,0.012394610792398453,stage3_l_opt,l_opt_current_alpha,0.6802507880311153,0.7042507880311153,0.34587460598444225,0.25,False,False,True,True,0.0012953306237856541,True,not_needed,,,,,0,False,4425,14800
3,2,0.3,0.0,uniform,0,trimmed,0.5,guarded,controlled,5,1,0,2,0.012943508395076391,custom,"{""bfgs"": 0.022831660708137518, ""custom"": 0.00993946312589005}",0.01041831448674202,0.01041831448674202,stage3_l_opt,l_opt_current_alpha,0.876492411854358,0.9014386775245375,0.21912310296358953,0.25,True,True,True,False,-0.000680965681870779,True,not_needed,,,,,0,False,7285,21830
3,2,0.3,0.0,uniform,0,trimmed,0.5,guarded,controlled,5,1,0,3,0.013706900471783114,custom,"{""bfgs"": 0.03642182709507988, ""custom"": 0.010047456456925374}",0.010860936095317205,0.010860936095317205,stage3_l_opt,l_opt_current_alpha,0.8723597503289446,0.9016935760284748,0.10956155148179478,0.125,False,False,True,True,0.0004426216085751857,True,not_needed,,,,,0,False,8905,28705
3,2,0.3,0.0,uniform,0,trimmed,0.5,guarded,controlled,5,1,0,4,0.013724594880944175,custom,"{""bfgs"": 0.024868499740524738, ""custom"": 0.0100976163888151}",0.010877031832933426,0.010877031832933426,stage3_l_opt,l_opt_current_alpha,0.8539835911226292,0.880706443134647,0.05478077574089732,0.0625,False,False,True,True,0.00045871734619140625,True,not_needed,,,,,0,False,11650,37060
3,2,0.3,0.0,uniform,0,trimmed,0.5,guarded,controlled,5,1,0,5,0.012961034539050072,custom,"{""bfgs"": 0.013702929526771112, ""custom"": 0.009970601802991624}",0.010429639369249344,0.010429639369249344,stage3_l_opt,l_opt_current_alpha,0.6720576605802492,0.6915747634844448,0.04200360378626555,0.0625,True,True,True,False,1.1324882507324219e-05,True,not_needed,,,,,0,False,14275,45330
3,2,0.3,0.0,uniform,0,trimmed,0.5,guarded,controlled,5,1,0,6,0.013759371193976185,custom,"{""bfgs"": 0.08015865963659255, ""custom"": 0.010214381940760183}",0.010889931271473566,0.010889931271473566,stage3_l_opt,l_opt_current_alpha,0.8178004809830712,0.8418004809830713,0.03360288302901257,0.05,False,False,True,True,0.00046029190222422224,True,not_needed,,,,,0,False,15900,53835
3,2,0.3,0.0,uniform,0,trimmed,0.5,guarded,controlled,5,1,0,7,0.013734931918462947,custom,"{""bfgs"": 0.026117569545832033, ""custom"": 0.010205995747439403}",0.010882647087176641,0.010882647087176641,stage3_l_opt,l_opt_current_alpha,0.8798329552704146,0.9063853766982517,0.03360288302901257,0.05,False,False,True,True,0.00045300771792729753,True,not_needed,,,,,0,False,17595,63725
3,2,0.3,0.0,uniform,0,trimmed,0.5,guarded,controlled,5,1,0,8,0.013734931918462947,custom,"{""bfgs"": 0.026117569545832033, ""custom"": 0.010205995747439403}",0.010882647087176641,0.010882647087176641,stage3_l_opt,l_opt_current_alpha,0.8798329552704146,0.9063853766982517,0.03360288302901257,0.05,False,False,True,True,0.00045300771792729753,True,not_needed,,,,,0,False,19290,73615
3,2,0.3,0.0,uniform,0,trimmed,0.5,guarded,controlled,5,1,0,9,0.013734931918462947,custom,"{""bfgs"": 0.026117569545832033, ""custom"": 0.010205995747439403}",0.010882647087176641,0.010882647087176641,stage3_l_opt,l_opt_current_alpha,0.8798329552704146,0.9063853766982517,0.03360288302901257,0.05,False,False,True,True,0.00045300771792729753,True,not_needed,,,,,0,False,20985,83505
3,2,0.3,0.0,uniform,0,trimmed,0.5,guarded,controlled,5,1,0,10,0.013734931918462947,custom,"{""bfgs"": 0.026117569545832033, ""custom"": 0.010205995747439403}",0.010882647087176641,0.010882647087176641,stage3_l_opt,l_opt_current_alpha,0.8798329552704146,0.9063853766982517,0.03360288302901257,0.05,False,False,True,True,0.00045300771792729753,True,not_needed,,,,,0,False,22680,93395
3,2,0.3,0.0,uniform,0,trimmed,0.5,guarded,controlled,5,1,0,11,0.013734931918462947,custom,"{""bfgs"": 0.026117569545832033, ""custom"": 0.010205995747439403}",0.010882647087176641,0.010882647087176641,stage3_l_opt,l_opt_current_alpha,0.8798329552704146,0.9063853766982517,0.03360288302901257,0.05,False,False,True,True,0.00045300771792729753,True,not_needed,,,,,0,False,24375,103285
3,2,0.3,0.0,uniform,0,trimmed,0.5,guarded,controlled,5,1,0,12,0.013734931918462947,custom,"{""bfgs"": 0.026117569545832033, ""custom"": 0.010205995747439403}",0.010882647087176641,0.010882647087176641,stage3_l_opt,l_opt_current_alpha,0.8798329552704146,0.9063853766982517,0.03360288302901257,0.05,False,False,True,True,0.00045300771792729753,True,not_needed,,,,,0,False,26070,113175
3,2,0.3,0.0,uniform,0,trimmed,0.5,guarded,controlled,5,1,0,13,0.013734931918462947,custom,"{""bfgs"": 0.026117569545832033, ""custom"": 0.010205995747439403}",0.010882647087176641,0.010882647087176641,stage3_l_opt,l_opt_current_alpha,0.8798329552704146,0.9063853766982517,0.03360288302901257,0.05,False,False,True,True,0.00045300771792729753,True,not_needed,,,,,0,False,27765,123065
3,2,0.3,0.0,uniform,0,trimmed,0.5,guarded,controlled,5,1,0,14,0.013734931918462947,custom,"{""bfgs"": 0.026117569545832033, ""custom"": 0.010205995747439403}",0.010882647087176641,0.010882647087176641,stage3_l_opt,l_opt_current_alpha,0.8798329552704146,0.9063853766982517,0.03360288302901257,0.05,False,False,True,True,0.00045300771792729753,True,not_needed,,,,,0,False,29460,132955
3,2,0.3,0.0,uniform,0,trimmed,0.5,guarded,controlled,5,1,0,15,0.013734931918462947,custom,"{""bfgs"": 0.026117569545832033, ""custom"": 0.010205995747439403}",0.010882647087176641,0.010882647087176641,stage3_l_opt,l_opt_current_alpha,0.8798329552704146,0.9063853766982517,0.03360288302901257,0.05,False,False,True,True,0.00045300771792729753,True,not_needed,,,,,0,False,31155,142845
3,2,0.3,0.0,uniform,0,trimmed,0.5,guarded,controlled,5,1,0,16,0.013734931918462947,custom,"{""bfgs"": 0.026117569545832033, ""custom"": 0.010205995747439403}",0.010882647087176641,0.010882647087176641,stage3_l_opt,l_opt_current_alpha,0.8798329552704146,0.9063853766982517,0.03360288302901257,0.05,False,False,True,True,0.00045300771792729753,True,not_needed,,,,,0,False,32850,152735
3,2,0.3,0.0,uniform,0,trimmed,0.5,guarded,controlled,5,1,0,17,0.013734931918462947,custom,"{""bfgs"": 0.026117569545832033, ""custom"": 0.010205995747439403}",0.010882647087176641,0.010882647087176641,stage3_l_opt,l_opt_current_alpha,0.8798329552704146,0.9063853766982517,0.03360288302901257,0.05,False,False,True,True,0.00045300771792729753,True,not_needed,,,,,0,False,34545,162625
3,2,0.3,0.0,uniform,0,trimmed,0.5,guarded,controlled,5,1,0,18,0.013734931918462947,custom,"{""bfgs"": 0.026117569545832033, ""custom"": 0.010205995747439403}",0.010882647087176641,0.010882647087176641,stage3_l_opt,l_opt_current_alpha,0.8798329552704146,0.9063853766982517,0.03360288302901257,0.05,False,False,True,True,0.00045300771792729753,True,not_needed,,,,,0,False,36240,172515
3,2,0.3,0.0,uniform,0,trimmed,0.5,guarded,controlled,5,1,0,19,0.013734931918462947,custom,"{""bfgs"": 0.026117569545832033, ""custom"": 0.010205995747439403}",0.010882647087176641,0.010882647087176641,stage3_l_opt,l_opt_current_alpha,0.8798329552704146,0.9063853766982517,0.03360288302901257,0.05,False,False,True,True,0.00045300771792729753,True,not_needed,,,,,0,False,37935,182405
3,2,0.3,0.0,uniform,0,trimmed,0.5,guarded,controlled,5,1,1,0,0.01119975139887773,custom,"{""bfgs"": 0.39221078157424927, ""custom"": 0.011006630957126617}",0.011006630957126617,0.011006630957126617,stage3_l_opt,l_opt_current_alpha,1.2151110598186352,1.239909244712893,0.6075555299093176,0.5,False,True,True,False,,True,not_needed,,,,,0,False,224,3120
3,2,0.3,0.0,uniform,0,trimmed,0.5,guarded,controlled,5,1,1,1,0.013657361812038981,custom,"{""bfgs"": 0.3284633566461173, ""custom"": 0.009814062069479362}",0.011116841807961464,0.011116841807961464,stage3_l_opt,l_opt_current_alpha,0.858062088097542,0.8727322101507105,0.3037777649546588,0.25,False,False,True,True,0.0001102108508348465,True,not_needed,,,,,0,False,768,7328
3,2,0.3,0.0,uniform,0,trimmed,0.5,guarded,controlled,5,1,1,2,0.01311106179541232,custom,"{""bfgs"": 0.3776368606604172, ""custom"": 0.010808673656785991}",0.011371554806828499,0.011371554806828499,stage3_l_opt,l_opt_current_alpha,1.3134423269443685,1.338826597825965,0.15188888247732946,0.125,False,False,True,True,0.0003649238497018814,True,not_needed,,,,,0,False,1008,10900
3,2,0.3,0.0,uniform,0,trimmed,0.5,guarded,controlled,5,1,1,3,0.012587072002981085,custom,"{""bfgs"": 0.31674920799162193, ""custom"": 0.01066585091307986}",0.010838586837053299,0.010838586837053299,stage3_l_opt,l_opt_current_alpha,0.8720845988823535,0.8929820168692859,0.10901057486029411,0.125,True,True,True,False,-0.00016804412007331848,True,not_needed,,,,,0,False,2076,15504
3,2,0.3,0.0,uniform,0,trimmed,0.5,guarded,controlled,5,1,1,4,0.012987636932150878,custom,"{""bfgs"": 0.28231222730110567, ""custom"": 0.01110275605151915}",0.011474094353616238,0.011474094353616238,stage3_l_opt,l_opt_current_alpha,1.4309304114372945,1.4586387394620957,0.05450528743014707,0.0625,False,False,True,True,0.0006355075165629387,True,not_needed,,,,,0,False,2312,19304
3,2,0.3,0.0,uniform,0,trimmed,0.5,guarded,controlled,5,1,1,5,0.013070766113753185,custom,"{""bfgs"": 0.29047895021293163, ""custom"": 0.010711189728687474}",0.010993240401148796,0.010993240401148796,stage3_l_opt,l_opt_current_alpha,0.8108106627384568,0.8304676096792403,0.04360422994411772,0.05,False,False,True,True,0.00015465356409549713,True,not_needed,,,,,0,False,3368,22276
3,2,0.3,0.0,uniform,0,trimmed,0.5,guarded,controlled,5,1,1,6,0.013145804916586616,custom,"{""bfgs"": 0.37687871477576895, ""custom"": 0.010707392703748249}",0.010994300246238708,0.010994300246238708,stage3_l_opt,l_opt_current_alpha,0.7555956220671022,0.7739816604972227,0.04360422994411772,0.05,False,False,True,True,0.00015571340918540955,True,not_needed,,,,,0,False,4492,26340
3,2,0.3,0.0,uniform,0,trimmed,0.5,guarded,controlled,5,1,1,7,0.013145804916586616,custom,"{""bfgs"": 0.37687871477576895, ""custom"": 0.010707392703748249}",0.010994300246238708,0.010994300246238708,stage3_l_opt,l_opt_current_alpha,0.7555956220671022,0.7739816604972227,0.04360422994411772,0.05,False,False,True,True,0.00015571340918540955,True,not_needed,,,,,0,False,5616,30404
3,2,0.3,0.0,uniform,0,trimmed,0.5,guarded,controlled,5,1,1,8,0.013145804916586616,custom,"{""bfgs"": 0.37687871477576895, ""custom"": 0.010707392703748249}",0.010994300246238708,0.010994300246238708,stage3_l_opt,l_opt_current_alpha,0.7555956220671022,0.7739816604972227,0.04360422994411772,0.05,False,False,True,True,0.00015571340918540955,True,not_needed,,,,,0,False,6740,34468
3,2,0.3,0.0,uniform,0,trimmed,0.5,guarded,controlled,5,1,1,9,0.013145804916586616,custom,"{""bfgs"": 0.37687871477576895, ""custom"": 0.010707392703748249}",0.010994300246238708,0.010994300246238708,stage3_l_opt,l_opt_current_alpha,0.7555956220671022,0.7739816604972227,0.04360422994411772,0.05,False,False,True,True,0.00015571340918540955,True,not_needed,,,,,0,False,7864,38532
3,2,0.3,0.0,uniform,0,trimmed,0.5,guarded,controlled,5,1,1,10,0.013145804916586616,custom,"{""bfgs"": 0.37687871477576895, ""custom"": 0.010707392703748249}",0.010994300246238708,0.010994300246238708,stage3_l_opt,l_opt_current_alpha,0.7555956220671022,0.7739816604972227,0.04360422994411772,0.05,False,False,True,True,0.00015571340918540955,True,not_needed,,,,,0,False,8988,42596
3,2,0.3,0.0,uniform,0,trimmed,0.5,guarded,controlled,5,1,1,11,0.013145804916586616,custom,"{""bfgs"": 0.37687871477576895, ""custom"": 0.010707392703748249}",0.010994300246238708,0.010994300246238708,stage3_l_opt,l_opt_current_alpha,0.7555956220671022,0.7739816604972227,0.04360422994411772,0.05,False,False,True,True,0.00015571340918540955,True,not_needed,,,,,0,False,10112,46660
3,2,0.3,0.0,uniform,0,trimmed,0.5,guarded,controlled,5,1,1,12,0.013145804916586616,custom,"{""bfgs"": 0.37687871477576895, ""custom"": 0.010707392703748249}",0.010994300246238708,0.010994300246238708,stage3_l_opt,l_opt_current_alpha,0.7555956220671022,0.7739816604972227,0.04360422994411772,0.05,False,False,True,True,0.00015571340918540955,True,not_needed,,,,,0,False,11236,50724
3,2,0.3,0.0,uniform,0,trimmed,0.5,guarded,controlled,5,1,1,13,0.013145804916586616,custom,"{""bfgs"": 0.37687871477576895, ""custom"": 0.010707392703748249}",0.010994300246238708,0.010994300246238708,stage3_l_opt,l_opt_current_alpha,0.7555956220671022,0.7739816604972227,0.04360422994411772,0.05,False,False,True,True,0.00015571340918540955,True,not_needed,,,,,0,False,12360,54788
3,2,0.3,0.0,uniform,0,trimmed,0.5,guarded,controlled,5,1,1,14,0.013145804916586616,custom,"{""bfgs"": 0.37687871477576895, ""custom"": 0.010707392703748249}",0.010994300246238708,0.010994300246238708,stage3_l_opt,l_opt_current_alpha,0.7555956220671022,0.7739816604972227,0.04360422994411772,0.05,False,False,True,True,0.00015571340918540955,True,not_needed,,,,,0,False,13484,58852
3,2,0.3,0.0,uniform,0,trimmed,0.5,guarded,controlled,5,1,1,15,0.013145804916586616,custom,"{""bfgs"": 0.37687871477576895, ""custom"": 0.010707392703748249}",0.010994300246238708,0.010994300246238708,stage3_l_opt,l_opt_current_alpha,0.7555956220671022,0.7739816604972227,0.04360422994411772,0.05,False,False,True,True,0.00015571340918540955,True,not_needed,,,,,0,False,14608,62916
3,2,0.3,0.0,uniform,0,trimmed,0.5,guarded,controlled,5,1,1,16,0.013145804916586616,custom,"{""bfgs"": 0.37687871477576895, ""custom"": 0.010707392703748249}",0.010994300246238708,0.010994300246238708,stage3_l_opt,l_opt_current_alpha,0.7555956220671022,0.7739816604972227,0.04360422994411772,0.05,False,False,True,True,0.00015571340918540955,True,not_needed,,,,,0,False,15732,66980
3,2,0.3,0.0,uniform,0,trimmed,0.5,guarded,controlled,5,1,1,17,0.013145804916586616,custom,"{""bfgs"": 0.37687871477576895, ""custom"": 0.010707392703748249}",0.010994300246238708,0.010994300246238708,stage3_l_opt,l_opt_current_alpha,0.7555956220671022,0.7739816604972227,0.04360422994411772,0.05,False,False,True,True,0.00015571340918540955,True,not_needed,,,,,0,False,16856,71044
3,2,0.3,0.0,uniform,0,trimmed,0.5,guarded,controlled,5,1,1,18,0.013145804916586616,custom,"{""bfgs"": 0.37687871477576895, ""custom"": 0.010707392703748249}",0.010994300246238708,0.010994300246238708,stage3_l_opt,l_opt_current_alpha,0.7555956220671022,0.7739816604972227,0.04360422994411772,0.05,False,False,True,True,0.00015571340918540955,True,not_needed,,,,,0,False,17980,75108
3,2,0.3,0.0,uniform,0,trimmed,0.5,guarded,controlled,5,1,1,19,0.013145804916586616,custom,"{""bfgs"": 0.37687871477576895, ""custom"": 0.010707392703748249}",0.010994300246238708,0.010994300246238708,stage3_l_opt,l_opt_current_alpha,0.7555956220671022,0.7739816604972227,0.04360422994411772,0.05,False,False,True,True,0.00015571340918540955,True,not_needed,,,,,0,False,19104,79172
4,2,0.3,0.0,uniform,0,trimmed,0.5,guarded,controlled,5,1,0,0,0.018710285831912477,custom,"{""bfgs"": 0.03455375656485558, ""custom"": 0.014789278991520405}",0.011898176123698553,0.011898176123698553,stage3_l_opt,l_opt_current_alpha,0.7083264768140565,0.7227821191980169,0.35416323840702824,0.5,False,True,True,False,,True,not_needed,,,,,0,False,3755,9795
4,2,0.3,0.0,uniform,0,trimmed,0.5,guarded,controlled,5,1,0,1,0.010130094911306023,custom,"{""bfgs"": 0.033938250315010944, ""custom"": 0.012507690044225573}",0.015515134980281195,0.015515134980281195,stage3_l_opt,l_opt_current_alpha,0.5233716690477468,0.5393716690477468,0.1770816192035141,0.25,False,False,True,True,0.0036169588565826416,True,not_needed,,,,,0,False,6755,17075
4,2,0.3,0.0,uniform,0,trimmed,0.5,guarded,controlled,5,1,0,2,0.014188382877101627,custom,"{""bfgs"": 0.19813206563125443, ""custom"": 0.012807507965070884}",0.01429811492562294,0.01429811492562294,stage3_l_opt,l_opt_current_alpha,0.5799951134479873,0.5944912211811325,0.08854080960175706,0.125,False,False,True,True,0.002399938801924387,True,not_needed,,,,,0,False,8765,25145
4,2,0.3,0.0,uniform,0,trimmed,0.5,guarded,controlled,5,1,0,3,0.010369640318663803,custom,"{""bfgs"": 0.03280786216604352, ""custom"": 0.015494174507920747}",0.0153957170744737,0.0153957170744737,stage3_l_opt,l_opt_current_alpha,0.7188429172619367,0.7348429172619367,0.04427040480087857,0.0625,False,False,True,True,0.0034975409507751465,True,not_needed,,,,,0,False,11685,32875
4,2,0.3,0.0,uniform,0,trimmed,0.5,guarded,controlled,5,1,0,4,0.013729364222388366,custom,"{""bfgs"": 0.03498668911592939, ""custom"": 0.014632380018324013}",0.014428902417421341,0.014428902417421341,stage3_l_opt,l_opt_current_alpha,0.7226593967458765,0.738072415891079,0.03541632384070287,0.05,False,False,True,True,0.002530726293722788,True,not_needed,,,,,0,False,13685,41720
4,2,0.3,0.0,uniform,0,trimmed,0.5,guarded,controlled,5,1,0,5,0.010789097044679202,custom,"{""bfgs"": 0.02351245861681186, ""custom"": 0.015841721689005113}",0.015185667822758356,0.015185667822758356,stage3_l_opt,l_opt_current_alpha,0.7579371669047746,0.7739371669047747,0.03541632384070287,0.05,False,False,True,True,0.003287491699059803,True,not_needed,,,,,0,False,15035,49390
4,2,0.3,0.0,uniform,0,trimmed,0.5,guarded,controlled,5,1,0,6,0.010789097044679202,custom,"{""bfgs"": 0.02351245861681186, ""custom"": 0.015841721689005113}",0.015185667822758356,0.015185667822758356,stage3_l_opt,l_opt_current_alpha,0.7579371669047746,0.7739371669047747,0.03541632384070287,0.05,False,False,True,True,0.003287491699059803,True,not_needed,,,,,0,False,16385,57060
4,2,0.3,0.0,uniform,0,trimmed,0.5,guarded,controlled,5,1,0,7,0.010789097044679202,custom,"{""bfgs"": 0.02351245861681186, ""custom"": 0.015841721689005113}",0.015185667822758356,0.015185667822758356,stage3_l_opt,l_opt_current_alpha,0.7579371669047746,0.7739371669047747,0.03541632384070287,0.05,False,False,True,True,0.003287491699059803,True,not_needed,,,,,0,False,17735,64730
4,2,0.3,0.0,uniform,0,trimmed,0.5,guarded,controlled,5,1,0,8,0.010789097044679202,custom,"{""bfgs"": 0.02351245861681186, ""custom"": 0.015841721689005113}",0.015185667822758356,0.015185667822758356,stage3_l_opt,l_opt_current_alpha,0.7579371669047746,0.7739371669047747,0.03541632384070287,0.05,False,False,True,True,0.003287491699059803,True,not_needed,,,,,0,False,19085,72400
4,2,0.3,0.0,uniform,0,trimmed,0.5,guarded,controlled,5,1,0,9,0.010789097044679202,custom,"{""bfgs"": 0.02351245861681186, ""custom"": 0.015841721689005113}",0.015185667822758356,0.015185667822758356,stage3_l_opt,l_opt_current_alpha,0.7579371669047746,0.7739371669047747,0.03541632384070287,0.05,False,False,True,True,0.003287491699059803,True,not_needed,,,,,0,False,20435,80070
4,2,0.3,0.0,uniform,0,trimmed,0.5,guarded,controlled,5,1,0,10,0.010789097044679202,custom,"{""bfgs"": 0.02351245861681186, ""custom"": 0.015841721689005113}",0.015185667822758356,0.015185667822758356,stage3_l_opt,l_opt_current_alpha,0.7579371669047746,0.7739371669047747,0.03541632384070287,0.05,False,False,True,True,0.003287491699059803,True,not_needed,,,,,0,False,21785,87740
4,2,0.3,0.0,uniform,0,trimmed,0.5,guarded,controlled,5,1,0,11,0.010789097044679202,custom,"{""bfgs"": 0.02351245861681186, ""custom"": 0.015841721689005113}",0.015185667822758356,0.015185667822758356,stage3_l_opt,l_opt_current_alpha,0.7579371669047746,0.7739371669047747,0.03541632384070287,0.05,False,False,True,True,0.003287491699059803,True,not_needed,,,,,0,False,23135,95410
4,2,0.3,0.0,uniform,0,trimmed,0.5,guarded,controlled,5,1,0,12,0.010789097044679202,custom,"{""bfgs"": 0.02351245861681186, ""custom"": 0.015841721689005113}",0.015185667822758356,0.015185667822758356,stage3_l_opt,l_opt_current_alpha,0.7579371669047746,0.7739371669047747,0.03541632384070287,0.05,False,False,True,True,0.003287491699059803,True,not_needed,,,,,0,False,24485,103080
4,2,0.3,0.0,uniform,0,trimmed,0.5,guarded,controlled,5,1,0,13,0.010789097044679202,custom,"{""bfgs"": 0.02351245861681186, ""custom"": 0.015841721689005113}",0.015185667822758356,0.015185667822758356,stage3_l_opt,l_opt_current_alpha,0.7579371669047746,0.7739371669047747,0.03541632384070287,0.05,False,False,True,True,0.003287491699059803,True,not_needed,,,,,0,False,25835,110750
4,2,0.3,0.0,uniform,0,trimmed,0.5,guarded,controlled,5,1,0,14,0.010789097044679202,custom,"{""bfgs"": 0.02351245861681186, ""custom"": 0.015841721689005113}",0.015185667822758356,0.015185667822758356,stage3_l_opt,l_opt_current_alpha,0.7579371669047746,0.7739371669047747,0.03541632384070287,0.05,False,False,True,True,0.003287491699059803,True,not_needed,,,,,0,False,27185,118420
4,2,0.3,0.0,uniform,0,trimmed,0.5,guarded,controlled,5,1,0,15,0.010789097044679202,custom,"{""bfgs"": 0.02351245861681186, ""custom"": 0.015841721689005113}",0.015185667822758356,0.015185667822758356,stage3_l_opt,l_opt_current_alpha,0.7579371669047746,0.7739371669047747,0.03541632384070287,0.05,False,False,True,True,0.003287491699059803,True,not_needed,,,,,0,False,28535,126090
4,2,0.3,0.0,uniform,0,trimmed,0.5,guarded,controlled,5,1,0,16,0.010789097044679202,custom,"{""bfgs"": 0.02351245861681186, ""custom"": 0.015841721689005113}",0.015185667822758356,0.015185667822758356,stage3_l_opt,l_opt_current_alpha,0.7579371669047746,0.7739371669047747,0.03541632384070287,0.05,False,False,True,True,0.003287491699059803,True,not_needed,,,,,0,False,29885,133760
4,2,0.3,0.0,uniform,0,trimmed,0.5,guarded,controlled,5,1,0,17,0.010789097044679202,custom,"{""bfgs"": 0.02351245861681186, ""custom"": 0.015841721689005113}",0.015185667822758356,0.015185667822758356,stage3_l_opt,l_opt_current_alpha,0.7579371669047746,0.7739371669047747,0.03541632384070287,0.05,False,False,True,True,0.003287491699059803,True,not_needed,,,,,0,False,31235,141430
4,2,0.3,0.0,uniform,0,trimmed,0.5,guarded,controlled,5,1,0,18,0.010789097044679202,custom,"{""bfgs"": 0.02351245861681186, ""custom"": 0.015841721689005113}",0.015185667822758356,0.015185667822758356,stage3_l_opt,l_opt_current_alpha,0.7579371669047746,0.7739371669047747,0.03541632384070287,0.05,False,False,True,True,0.003287491699059803,True,not_needed,,,,,0,False,32585,149100
4,2,0.3,0.0,uniform,0,trimmed,0.5,guarded,controlled,5,1,0,19,0.010789097044679202,custom,"{""bfgs"": 0.02351245861681186, ""custom"": 0.015841721689005113}",0.015185667822758356,0.015185667822758356,stage3_l_opt,l_opt_current_alpha,0.7579371669047746,0.7739371669047747,0.03541632384070287,0.05,False,False,True,True,0.003287491699059803,True,not_needed,,,,,0,False,33935,156770
5,2,0.3,0.0,uniform,0,trimmed,0.5,guarded,controlled,5,1,0,0,0.00600328062272551,custom,"{""bfgs"": 0.08161506727337837, ""custom"": 0.024087393656373027}",0.023959896837671597,0.023959896837671597,stage3_l_opt,l_opt_current_alpha,1.568,1.6,0.7839999999999999,0.5,False,True,True,False,,True,not_needed,,,,,0,False,2255,7455
5,2,0.3,0.0,uniform,0,trimmed,0.5,guarded,controlled,5,1,0,1,0.002342667785967016,custom,"{""bfgs"": 0.007928994923830032, ""custom"": 0.0072101569510996345}",0.008316502595941225,0.008316502595941225,stage3_l_opt,l_opt_current_alpha,0.9361418767810258,0.9432468130418629,0.46807093839051284,0.5,True,True,True,False,-0.01564339424173037,True,recovered_informative,15,0.020036893621087078,0.00867052736878395,0.011366366252303127,1,True,5805,21205
5,2,0.3,0.0,uniform,0,trimmed,0.5,guarded,controlled,5,1,0,2,0.006075479999164784,custom,"{""bfgs"": 0.02759130841750489, ""custom"": 0.014047509800782051}",0.011338474228978157,0.011338474228978157,stage3_l_opt,l_opt_current_alpha,0.7968534605572204,0.8048534605572204,0.23403546919525647,0.25,False,False,True,True,0.003021971633036932,True,not_needed,,,,,0,False,6675,29220
5,2,0.3,0.0,uniform,0,trimmed,0.5,guarded,controlled,5,1,0,3,0.0060175515632030635,custom,"{""bfgs"": 0.019550889539928937, ""custom"": 0.011175344849348113}",0.012870054692029953,0.012870054692029953,stage3_l_opt,l_opt_current_alpha,0.6178803133299609,0.6202284462184322,0.1170177345976282,0.125,False,False,True,True,0.004553552096088728,True,not_needed,,,,,0,False,8405,36725
5,2,0.3,0.0,uniform,0,trimmed,0.5,guarded,controlled,5,1,0,4,0.02924958919685748,custom,"{""bfgs"": 0.019661302681080656, ""custom"": 0.017273597896954332}",0.027794353663921356,0.027794353663921356,stage3_l_opt,l_opt_current_alpha,0.7441388921079575,0.7452598212297668,0.05850886729881409,0.0625,False,False,True,True,0.019477851067980133,True,not_needed,,,,,0,False,10405,43575
5,2,0.3,0.0,uniform,0,trimmed,0.5,guarded,controlled,5,1,0,5,0.030476534727886168,custom,"{""bfgs"": 0.05554156965128832, ""custom"": 0.016627922674283094}",0.028891150529185932,0.028891150529185932,stage3_l_opt,l_opt_current_alpha,0.9806054320717676,0.9932808183626045,0.04680709383905125,0.05,False,False,True,True,0.020574647933244705,True,not_needed,,,,,0,False,10865,51310
5,2,0.3,0.0,uniform,0,trimmed,0.5,guarded,controlled,5,1,0,6,0.029251792323954307,custom,"{""bfgs"": 0.022615609172173215, ""custom"": 0.01570898770263068}",0.027794469768802326,0.027794469768802326,stage3_l_opt,l_opt_current_alpha,1.1704300892171606,1.1826640836836544,0.04680709383905125,0.05,False,False,True,True,0.0194779671728611,True,not_needed,,,,,0,False,13850,57445
5,2,0.3,0.0,uniform,0,trimmed,0.5,guarded,controlled,5,1,0,7,0.029251792323954307,custom,"{""bfgs"": 0.022615609172173215, ""custom"": 0.01570898770263068}",0.027794469768802326,0.027794469768802326,stage3_l_opt,l_opt_current_alpha,1.1704300892171606,1.1826640836836544,0.04680709383905125,0.05,False,False,True,True,0.0194779671728611,True,not_needed,,,,,0,False,16835,63580
5,2,0.3,0.0,uniform,0,trimmed,0.5,guarded,controlled,5,1,0,8,0.029251792323954307,custom,"{""bfgs"": 0.022615609172173215, ""custom"": 0.01570898770263068}",0.027794469768802326,0.027794469768802326,stage3_l_opt,l_opt_current_alpha,1.1704300892171606,1.1826640836836544,0.04680709383905125,0.05,False,False,True,True,0.0194779671728611,True,not_needed,,,,,0,False,19820,69715
5,2,0.3,0.0,uniform,0,trimmed,0.5,guarded,controlled,5,1,0,9,0.029251792323954307,custom,"{""bfgs"": 0.022615609172173215, ""custom"": 0.01570898770263068}",0.027794469768802326,0.027794469768802326,stage3_l_opt,l_opt_current_alpha,1.1704300892171606,1.1826640836836544,0.04680709383905125,0.05,False,False,True,True,0.0194779671728611,True,not_needed,,,,,0,False,22805,75850
5,2,0.3,0.0,uniform,0,trimmed,0.5,guarded,controlled,5,1,0,10,0.029251792323954307,custom,"{""bfgs"": 0.022615609172173215, ""custom"": 0.01570898770263068}",0.027794469768802326,0.027794469768802326,stage3_l_opt,l_opt_current_alpha,1.1704300892171606,1.1826640836836544,0.04680709383905125,0.05,False,False,True,True,0.0194779671728611,True,not_needed,,,,,0,False,25790,81985
5,2,0.3,0.0,uniform,0,trimmed,0.5,guarded,controlled,5,1,0,11,0.029251792323954307,custom,"{""bfgs"": 0.022615609172173215, ""custom"": 0.01570898770263068}",0.027794469768802326,0.027794469768802326,stage3_l_opt,l_opt_current_alpha,1.1704300892171606,1.1826640836836544,0.04680709383905125,0.05,False,False,True,True,0.0194779671728611,True,not_needed,,,,,0,False,28775,88120
5,2,0.3,0.0,uniform,0,trimmed,0.5,guarded,controlled,5,1,0,12,0.029251792323954307,custom,"{""bfgs"": 0.022615609172173215, ""custom"": 0.01570898770263068}",0.027794469768802326,0.027794469768802326,stage3_l_opt,l_opt_current_alpha,1.1704300892171606,1.1826640836836544,0.04680709383905125,0.05,False,False,True,True,0.0194779671728611,True,not_needed,,,,,0,False,31760,94255
5,2,0.3,0.0,uniform,0,trimmed,0.5,guarded,controlled,5,1,0,13,0.029251792323954307,custom,"{""bfgs"": 0.022615609172173215, ""custom"": 0.01570898770263068}",0.027794469768802326,0.027794469768802326,stage3_l_opt,l_opt_current_alpha,1.1704300892171606,1.1826640836836544,0.04680709383905125,0.05,False,False,True,True,0.0194779671728611,True,not_needed,,,,,0,False,34745,100390
5,2,0.3,0.0,uniform,0,trimmed,0.5,guarded,controlled,5,1,0,14,0.029251792323954307,custom,"{""bfgs"": 0.022615609172173215, ""custom"": 0.01570898770263068}",0.027794469768802326,0.027794469768802326,stage3_l_opt,l_opt_current_alpha,1.1704300892171606,1.1826640836836544,0.04680709383905125,0.05,False,False,True,True,0.0194779671728611,True,not_needed,,,,,0,False,37730,106525
5,2,0.3,0.0,uniform,0,trimmed,0.5,guarded,controlled,5,1,0,15,0.029251792323954307,custom,"{""bfgs"": 0.022615609172173215, ""custom"": 0.01570898770263068}",0.027794469768802326,0.027794469768802326,stage3_l_opt,l_opt_current_alpha,1.1704300892171606,1.1826640836836544,0.04680709383905125,0.05,False,False,True,True,0.0194779671728611,True,not_needed,,,,,0,False,40715,112660
5,2,0.3,0.0,uniform,0,trimmed,0.5,guarded,controlled,5,1,0,16,0.029251792323954307,custom,"{""bfgs"": 0.022615609172173215, ""custom"": 0.01570898770263068}",0.027794469768802326,0.027794469768802326,stage3_l_opt,l_opt_current_alpha,1.1704300892171606,1.1826640836836544,0.04680709383905125,0.05,False,False,True,True,0.0194779671728611,True,not_needed,,,,,0,False,43700,118795
5,2,0.3,0.0,uniform,0,trimmed,0.5,guarded,controlled,5,1,0,17,0.029251792323954307,custom,"{""bfgs"": 0.022615609172173215, ""custom"": 0.01570898770263068}",0.027794469768802326,0.027794469768802326,stage3_l_opt,l_opt_current_alpha,1.1704300892171606,1.1826640836836544,0.04680709383905125,0.05,False,False,True,True,0.0194779671728611,True,not_needed,,,,,0,False,46685,124930
5,2,0.3,0.0,uniform,0,trimmed,0.5,guarded,controlled,5,1,0,18,0.029251792323954307,custom,"{""bfgs"": 0.022615609172173215, ""custom"": 0.01570898770263068}",0.027794469768802326,0.027794469768802326,stage3_l_opt,l_opt_current_alpha,1.1704300892171606,1.1826640836836544,0.04680709383905125,0.05,False,False,True,True,0.0194779671728611,True,not_needed,,,,,0,False,49670,131065
5,2,0.3,0.0,uniform,0,trimmed,0.5,guarded,controlled,5,1,0,19,0.029251792323954307,custom,"{""bfgs"": 0.022615609172173215, ""custom"": 0.01570898770263068}",0.027794469768802326,0.027794469768802326,stage3_l_opt,l_opt_current_alpha,1.1704300892171606,1.1826640836836544,0.04680709383905125,0.05,False,False,True,True,0.0194779671728611,True,not_needed,,,,,0,False,52655,137200
6,2,0.3,0.0,uniform,0,trimmed,0.5,guarded,controlled,5,1,0,0,0.009358439770657312,custom,"{""bfgs"": 0.10662810206413269, ""custom"": 0.028813404589891435}",0.014234452197949091,0.014234452197949091,stage3_l_opt,l_opt_current_alpha,1.568,1.6,0.7839999999999999,0.5,False,True,True,False,,True,not_needed,,,,,0,False,2035,8945
6,2,0.3,0.0,uniform,0,trimmed,0.5,guarded,controlled,5,1,0,1,0.006990146064280722,custom,"{""bfgs"": 0.0426669830866158, ""custom"": 0.01303714329004288}",0.015116646885871887,0.015116646885871887,stage3_l_opt,l_opt_current_alpha,1.5489652636299944,1.5765767996224431,0.39199999999999996,0.25,False,False,True,True,0.0008821946879227962,True,not_needed,,,,,0,False,3355,17215
6,2,0.3,0.0,uniform,0,trimmed,0.5,guarded,controlled,5,1,0,2,0.004312960330781129,custom,"{""bfgs"": 0.01961257630214095, ""custom"": 0.005752085868269206}",0.002085598806540171,0.002085598806540171,stage3_l_opt,l_opt_current_alpha,0.6905642094200238,0.7106573565510447,0.17264105235500593,0.25,True,True,True,False,-0.01214885339140892,True,not_needed,,,,,0,False,6325,27250
6,2,0.3,0.0,uniform,0,trimmed,0.5,guarded,controlled,5,1,0,3,0.003974322240627798,custom,"{""bfgs"": 0.17670710339305257, ""custom"": 0.0050844828361272095}",0.002462351073821386,0.002462351073821386,stage3_l_opt,l_opt_current_alpha,0.18735553741683994,0.18165583303034671,0.08632052617750291,0.125,False,False,True,True,0.0003767522672812147,True,not_needed,,,,,0,False,7355,36330
6,2,0.3,0.0,uniform,0,trimmed,0.5,guarded,controlled,5,1,0,4,0.00403790994308767,custom,"{""bfgs"": 0.09077259977931608, ""custom"": 0.005443264611992142}",0.0023819133639335632,0.0023819133639335632,stage3_l_opt,l_opt_current_alpha,0.33162727663705704,0.331742495941435,0.04316026308875143,0.0625,False,False,True,True,0.00029631455739339207,True,not_needed,,,,,0,False,8435,45455
6,2,0.3,0.0,uniform,0,trimmed,0.5,guarded,controlled,5,1,0,5,0.006990813048206174,custom,"{""bfgs"": 0.023350261414313463, ""custom"": 0.018275840994754537}",0.015102334320545197,0.015102334320545197,stage3_l_opt,l_opt_current_alpha,1.1453076282391863,1.1773076282391863,0.03452821047100113,0.05,False,False,True,True,0.013016735514005026,True,not_needed,,,,,0,False,11000,54480
6,2,0.3,0.0,uniform,0,trimmed,0.5,guarded,controlled,5,1,0,6,0.004923390387446103,custom,"{""bfgs"": 0.31736504823384654, ""custom"": 0.005729946693563781}",0.0022240119675795236,0.0022240119675795236,stage3_l_opt,l_opt_current_alpha,0.5702701052067556,0.5904093705662536,0.03452821047100113,0.05,False,False,True,True,0.00013841316103935242,True,not_needed,,,,,0,False,14060,64700
6,2,0.3,0.0,uniform,0,trimmed,0.5,guarded,controlled,5,1,0,7,0.004923390387446103,custom,"{""bfgs"": 0.31736504823384654, ""custom"": 0.005729946693563781}",0.0022240119675795236,0.0022240119675795236,stage3_l_opt,l_opt_current_alpha,0.5702701052067556,0.5904093705662536,0.03452821047100113,0.05,False,False,True,True,0.00013841316103935242,True,not_needed,,,,,0,False,17120,74920
6,2,0.3,0.0,uniform,0,trimmed,0.5,guarded,controlled,5,1,0,8,0.004923390387446103,custom,"{""bfgs"": 0.31736504823384654, ""custom"": 0.005729946693563781}",0.0022240119675795236,0.0022240119675795236,stage3_l_opt,l_opt_current_alpha,0.5702701052067556,0.5904093705662536,0.03452821047100113,0.05,False,False,True,True,0.00013841316103935242,True,not_needed,,,,,0,False,20180,85140
6,2,0.3,0.0,uniform,0,trimmed,0.5,guarded,controlled,5,1,0,9,0.004923390387446103,custom,"{""bfgs"": 0.31736504823384654, ""custom"": 0.005729946693563781}",0.0022240119675795236,0.0022240119675795236,stage3_l_opt,l_opt_current_alpha,0.5702701052067556,0.5904093705662536,0.03452821047100113,0.05,False,False,True,True,0.00013841316103935242,True,not_needed,,,,,0,False,23240,95360
6,2,0.3,0.0,uniform,0,trimmed,0.5,guarded,controlled,5,1,0,10,0.004923390387446103,custom,"{""bfgs"": 0.31736504823384654, ""custom"": 0.005729946693563781}",0.0022240119675795236,0.0022240119675795236,stage3_l_opt,l_opt_current_alpha,0.5702701052067556,0.5904093705662536,0.03452821047100113,0.05,False,False,True,True,0.00013841316103935242,True,not_needed,,,,,0,False,26300,105580
6,2,0.3,0.0,uniform,0,trimmed,0.5,guarded,controlled,5,1,0,11,0.004923390387446103,custom,"{""bfgs"": 0.31736504823384654, ""custom"": 0.005729946693563781}",0.0022240119675795236,0.0022240119675795236,stage3_l_opt,l_opt_current_alpha,0.5702701052067556,0.5904093705662536,0.03452821047100113,0.05,False,False,True,True,0.00013841316103935242,True,not_needed,,,,,0,False,29360,115800
6,2,0.3,0.0,uniform,0,trimmed,0.5,guarded,controlled,5,1,0,12,0.004923390387446103,custom,"{""bfgs"": 0.31736504823384654, ""custom"": 0.005729946693563781}",0.0022240119675795236,0.0022240119675795236,stage3_l_opt,l_opt_current_alpha,0.5702701052067556,0.5904093705662536,0.03452821047100113,0.05,False,False,True,True,0.00013841316103935242,True,not_needed,,,,,0,False,32420,126020
6,2,0.3,0.0,uniform,0,trimmed,0.5,guarded,controlled,5,1,0,13,0.004923390387446103,custom,"{""bfgs"": 0.31736504823384654, ""custom"": 0.005729946693563781}",0.0022240119675795236,0.0022240119675795236,stage3_l_opt,l_opt_current_alpha,0.5702701052067556,0.5904093705662536,0.03452821047100113,0.05,False,False,True,True,0.00013841316103935242,True,not_needed,,,,,0,False,35480,136240
6,2,0.3,0.0,uniform,0,trimmed,0.5,guarded,controlled,5,1,0,14,0.004923390387446103,custom,"{""bfgs"": 0.31736504823384654, ""custom"": 0.005729946693563781}",0.0022240119675795236,0.0022240119675795236,stage3_l_opt,l_opt_current_alpha,0.5702701052067556,0.5904093705662536,0.03452821047100113,0.05,False,False,True,True,0.00013841316103935242,True,not_needed,,,,,0,False,38540,146460
6,2,0.3,0.0,uniform,0,trimmed,0.5,guarded,controlled,5,1,0,15,0.004923390387446103,custom,"{""bfgs"": 0.31736504823384654, ""custom"": 0.005729946693563781}",0.0022240119675795236,0.0022240119675795236,stage3_l_opt,l_opt_current_alpha,0.5702701052067556,0.5904093705662536,0.03452821047100113,0.05,False,False,True,True,0.00013841316103935242,True,not_needed,,,,,0,False,41600,156680
6,2,0.3,0.0,uniform,0,trimmed,0.5,guarded,controlled,5,1,0,16,0.004923390387446103,custom,"{""bfgs"": 0.31736504823384654, ""custom"": 0.005729946693563781}",0.0022240119675795236,0.0022240119675795236,stage3_l_opt,l_opt_current_alpha,0.5702701052067556,0.5904093705662536,0.03452821047100113,0.05,False,False,True,True,0.00013841316103935242,True,not_needed,,,,,0,False,44660,166900
6,2,0.3,0.0,uniform,0,trimmed,0.5,guarded,controlled,5,1,0,17,0.004923390387446103,custom,"{""bfgs"": 0.31736504823384654, ""custom"": 0.005729946693563781}",0.0022240119675795236,0.0022240119675795236,stage3_l_opt,l_opt_current_alpha,0.5702701052067556,0.5904093705662536,0.03452821047100113,0.05,False,False,True,True,0.00013841316103935242,True,not_needed,,,,,0,False,47720,177120
6,2,0.3,0.0,uniform,0,trimmed,0.5,guarded,controlled,5,1,0,18,0.004923390387446103,custom,"{""bfgs"": 0.31736504823384654, ""custom"": 0.005729946693563781}",0.0022240119675795236,0.0022240119675795236,stage3_l_opt,l_opt_current_alpha,0.5702701052067556,0.5904093705662536,0.03452821047100113,0.05,False,False,True,True,0.00013841316103935242,True,not_needed,,,,,0,False,50780,187340
6,2,0.3,0.0,uniform,0,trimmed,0.5,guarded,controlled,5,1,0,19,0.004923390387446103,custom,"{""bfgs"": 0.31736504823384654, ""custom"": 0.005729946693563781}",0.0022240119675795236,0.0022240119675795236,stage3_l_opt,l_opt_current_alpha,0.5702701052067556,0.5904093705662536,0.03452821047100113,0.05,False,False,True,True,0.00013841316103935242,True,not_needed,,,,,0,False,53840,197560
7,2,0.3,0.0,uniform,0,trimmed,0.5,guarded,controlled,5,1,0,0,0.010876649985578052,custom,"{""bfgs"": 0.040799422562122344, ""custom"": 0.016862786188721657}",0.009150140608350435,0.009150140608350435,stage3_l_opt,l_opt_current_alpha,0.2530802834725391,0.2582451872168766,0.12654014173626954,0.5,False,True,True,False,,True,not_needed,,,,,0,False,845,8490
7,2,0.3,0.0,uniform,0,trimmed,0.5,guarded,controlled,5,1,0,1,0.01907228174206707,custom,"{""bfgs"": 0.0742128873144063, ""custom"": 0.016947943641571355}",0.015005360667904219,0.015005360667904219,stage3_l_opt,l_opt_current_alpha,0.4773953685883714,0.486279641424945,0.0632700708681348,0.25,False,False,True,True,0.005855220059553783,True,not_needed,,,,,0,False,1425,16550
7,2,0.3,0.0,uniform,0,trimmed,0.5,guarded,controlled,5,1,0,2,0.010459724920967986,custom,"{""bfgs"": 0.09107093246440119, ""custom"": 0.016384052519983965}",0.009335466350118319,0.009335466350118319,stage3_l_opt,l_opt_current_alpha,0.24669827481245113,0.25302415941817735,0.03163503543406734,0.125,False,False,True,True,0.0001853257417678833,True,not_needed,,,,,0,False,2150,23660
7,2,0.3,0.0,uniform,0,trimmed,0.5,guarded,controlled,5,1,0,3,0.009416206731920021,custom,"{""bfgs"": 0.04032763923441415, ""custom"": 0.017230610263718603}",0.009765633071462313,0.009765633071462313,stage3_l_opt,l_opt_current_alpha,0.2540761484456916,0.25990698893303366,0.015817517717033713,0.0625,False,False,True,True,0.0006154924631118774,True,not_needed,,,,,0,False,3875,29780
7,2,0.3,0.0,uniform,0,trimmed,0.5,guarded,controlled,5,1,0,4,0.009604215344033357,custom,"{""bfgs"": 0.1061286698657991, ""custom"": 0.017289654194241652}",0.009688387935360273,0.009688387935360273,stage3_l_opt,l_opt_current_alpha,0.25742871051365546,0.2630051641510165,0.012654014173626993,0.05,False,False,True,True,0.000538247327009838,True,not_needed,,,,,0,False,4645,36185
7,2,0.3,0.0,uniform,0,trimmed,0.5,guarded,controlled,5,1,0,5,0.010856210861585974,custom,"{""bfgs"": 0.05001453612114618, ""custom"": 0.016737283739071362}",0.009151869143048922,0.009151869143048922,stage3_l_opt,l_opt_current_alpha,0.24604074362941827,0.25132022848254165,0.01230203718147091,0.05,True,True,True,False,1.7285346984863281e-06,True,not_needed,,,,,0,False,6710,42290
7,2,0.3,0.0,uniform,0,trimmed,0.5,guarded,controlled,5,1,0,6,0.009740126736234422,custom,"{""bfgs"": 0.039078170966827225, ""custom"": 0.01711719311293496}",0.009643241142233213,0.009643241142233213,stage3_l_opt,l_opt_current_alpha,0.24385297097350328,0.24933886938837269,0.01230203718147091,0.05,False,False,True,True,0.0004913719991842917,True,not_needed,,,,,0,False,8500,48950
7,2,0.3,0.0,uniform,0,trimmed,0.5,guarded,controlled,5,1,0,7,0.009740126736234422,custom,"{""bfgs"": 0.039078170966827225, ""custom"": 0.01711719311293496}",0.009643241142233213,0.009643241142233213,stage3_l_opt,l_opt_current_alpha,0.24385297097350328,0.24933886938837269,0.01230203718147091,0.05,False,False,True,True,0.0004913719991842917,True,not_needed,,,,,0,False,10290,55610
7,2,0.3,0.0,uniform,0,trimmed,0.5,guarded,controlled,5,1,0,8,0.009740126736234422,custom,"{""bfgs"": 0.039078170966827225, ""custom"": 0.01711719311293496}",0.009643241142233213,0.009643241142233213,stage3_l_opt,l_opt_current_alpha,0.24385297097350328,0.24933886938837269,0.01230203718147091,0.05,False,False,True,True,0.0004913719991842917,True,not_needed,,,,,0,False,12080,62270
7,2,0.3,0.0,uniform,0,trimmed,0.5,guarded,controlled,5,1,0,9,0.009740126736234422,custom,"{""bfgs"": 0.039078170966827225, ""custom"": 0.01711719311293496}",0.009643241142233213,0.009643241142233213,stage3_l_opt,l_opt_current_alpha,0.24385297097350328,0.24933886938837269,0.01230203718147091,0.05,False,False,True,True,0.0004913719991842917,True,not_needed,,,,,0,False,13870,68930
7,2,0.3,0.0,uniform,0,trimmed,0.5,guarded,controlled,5,1,0,10,0.009740126736234422,custom,"{""bfgs"": 0.039078170966827225, ""custom"": 0.01711719311293496}",0.009643241142233213,0.009643241142233213,stage3_l_opt,l_opt_current_alpha,0.24385297097350328,0.24933886938837269,0.01230203718147091,0.05,False,False,True,True,0.0004913719991842917,True,not_needed,,,,,0,False,15660,75590
7,2,0.3,0.0,uniform,0,trimmed,0.5,guarded,controlled,5,1,0,11,0.009740126736234422,custom,"{""bfgs"": 0.039078170966827225, ""custom"": 0.01711719311293496}",0.009643241142233213,0.009643241142233213,stage3_l_opt,l_opt_current_alpha,0.24385297097350328,0.24933886938837269,0.01230203718147091,0.05,False,False,True,True,0.0004913719991842917,True,not_needed,,,,,0,False,17450,82250
7,2,0.3,0.0,uniform,0,trimmed,0.5,guarded,controlled,5,1,0,12,0.009740126736234422,custom,"{""bfgs"": 0.039078170966827225, ""custom"": 0.01711719311293496}",0.009643241142233213,0.009643241142233213,stage3_l_opt,l_opt_current_alpha,0.24385297097350328,0.24933886938837269,0.01230203718147091,0.05,False,False,True,True,0.0004913719991842917,True,not_needed,,,,,0,False,19240,88910
7,2,0.3,0.0,uniform,0,trimmed,0.5,guarded,controlled,5,1,0,13,0.009740126736234422,custom,"{""bfgs"": 0.039078170966827225, ""custom"": 0.01711719311293496}",0.009643241142233213,0.009643241142233213,stage3_l_opt,l_opt_current_alpha,0.24385297097350328,0.24933886938837269,0.01230203718147091,0.05,False,False,True,True,0.0004913719991842917,True,not_needed,,,,,0,False,21030,95570
7,2,0.3,0.0,uniform,0,trimmed,0.5,guarded,controlled,5,1,0,14,0.009740126736234422,custom,"{""bfgs"": 0.039078170966827225, ""custom"": 0.01711719311293496}",0.009643241142233213,0.009643241142233213,stage3_l_opt,l_opt_current_alpha,0.24385297097350328,0.24933886938837269,0.01230203718147091,0.05,False,False,True,True,0.0004913719991842917,True,not_needed,,,,,0,False,22820,102230
7,2,0.3,0.0,uniform,0,trimmed,0.5,guarded,controlled,5,1,0,15,0.009740126736234422,custom,"{""bfgs"": 0.039078170966827225, ""custom"": 0.01711719311293496}",0.009643241142233213,0.009643241142233213,stage3_l_opt,l_opt_current_alpha,0.24385297097350328,0.24933886938837269,0.01230203718147091,0.05,False,False,True,True,0.0004913719991842917,True,not_needed,,,,,0,False,24610,108890
7,2,0.3,0.0,uniform,0,trimmed,0.5,guarded,controlled,5,1,0,16,0.009740126736234422,custom,"{""bfgs"": 0.039078170966827225, ""custom"": 0.01711719311293496}",0.009643241142233213,0.009643241142233213,stage3_l_opt,l_opt_current_alpha,0.24385297097350328,0.24933886938837269,0.01230203718147091,0.05,False,False,True,True,0.0004913719991842917,True,not_needed,,,,,0,False,26400,115550
7,2,0.3,0.0,uniform,0,trimmed,0.5,guarded,controlled,5,1,0,17,0.009740126736234422,custom,"{""bfgs"": 0.039078170966827225, ""custom"": 0.01711719311293496}",0.009643241142233213,0.009643241142233213,stage3_l_opt,l_opt_current_alpha,0.24385297097350328,0.24933886938837269,0.01230203718147091,0.05,False,False,True,True,0.0004913719991842917,True,not_needed,,,,,0,False,28190,122210
7,2,0.3,0.0,uniform,0,trimmed,0.5,guarded,controlled,5,1,0,18,0.009740126736234422,custom,"{""bfgs"": 0.039078170966827225, ""custom"": 0.01711719311293496}",0.009643241142233213,0.009643241142233213,stage3_l_opt,l_opt_current_alpha,0.24385297097350328,0.24933886938837269,0.01230203718147091,0.05,False,False,True,True,0.0004913719991842917,True,not_needed,,,,,0,False,29980,128870
7,2,0.3,0.0,uniform,0,trimmed,0.5,guarded,controlled,5,1,0,19,0.009740126736234422,custom,"{""bfgs"": 0.039078170966827225, ""custom"": 0.01711719311293496}",0.009643241142233213,0.009643241142233213,stage3_l_opt,l_opt_current_alpha,0.24385297097350328,0.24933886938837269,0.01230203718147091,0.05,False,False,True,True,0.0004913719991842917,True,not_needed,,,,,0,False,31770,135530
8,2,0.3,0.0,uniform,0,trimmed,0.5,guarded,controlled,5,1,0,0,0.01763973496862485,custom,"{""bfgs"": 0.20353426635265354, ""custom"": 0.027023361623287202}",0.003177450348933538,0.003177450348933538,stage3_l_opt,l_opt_current_alpha,0.44757564825840285,0.4567098451616355,0.22378782412920145,0.5,False,True,True,False,,True,not_needed,,,,,0,False,2010,9515
8,2,0.3,0.0,uniform,0,trimmed,0.5,guarded,controlled,5,1,0,1,0.014139700986703488,custom,"{""bfgs"": 0.19261203393240262, ""custom"": 0.024931038397247855}",0.005457092076539993,0.005457092076539993,stage3_l_opt,l_opt_current_alpha,0.40794349169051514,0.41766061704755586,0.11189391206460061,0.25,False,False,True,True,0.0022796417276064553,True,not_needed,,,,,0,False,3420,16640
8,2,0.3,0.0,uniform,0,trimmed,0.5,guarded,controlled,5,1,0,2,0.017603307291064227,custom,"{""bfgs"": 0.19807314516894575, ""custom"": 0.025369932958111314}",0.0036189816892147064,0.0036189816892147064,stage3_l_opt,l_opt_current_alpha,0.562409897130016,0.5753996568328461,0.055946956032300266,0.125,False,False,True,True,0.0004415313402811685,True,not_needed,,,,,0,False,5275,23040
8,2,0.3,0.0,uniform,0,trimmed,0.5,guarded,controlled,5,1,0,3,0.016512914159786785,custom,"{""bfgs"": 0.20080370576079964, ""custom"": 0.025908669834894794}",0.006199921170870463,0.006199921170870463,stage3_l_opt,l_opt_current_alpha,0.7368707566719069,0.7522568723733973,0.02797347801615019,0.0625,False,False,True,True,0.0030224708219369254,True,not_needed,,,,,0,False,7450,31805
8,2,0.3,0.0,uniform,0,trimmed,0.5,guarded,controlled,5,1,0,4,0.011499345814874343,custom,"{""bfgs"": 0.20216898605672656, ""custom"": 0.02661831620121555}",0.013127098480860392,0.013127098480860392,stage3_l_opt,l_opt_current_alpha,0.9034490010033451,0.9223915595632808,0.022378782412920156,0.05,False,False,True,True,0.009949648131926853,True,not_needed,,,,,0,False,9415,40185
8,2,0.3,0.0,uniform,0,trimmed,0.5,guarded,controlled,5,1,0,5,0.01764262006953686,custom,"{""bfgs"": 0.202442042115912, ""custom"": 0.026707018266604265}",0.0031754945715268454,0.0031754945715268454,stage3_l_opt,l_opt_current_alpha,0.7471503275184992,0.7626917766889101,0.037357516375924965,0.05,True,True,True,False,-1.955777406692505e-06,True,not_needed,,,,,0,False,11610,47505
8,2,0.3,0.0,uniform,0,trimmed,0.5,guarded,controlled,5,1,0,6,0.015112531354617556,custom,"{""bfgs"": 0.20168044143216085, ""custom"": 0.026231373329463785}",0.007773866256078084,0.007773866256078084,stage3_l_opt,l_opt_current_alpha,0.4171569511335531,0.4262949771663479,0.037357516375924965,0.05,False,False,True,True,0.004598371684551239,True,not_needed,,,,,0,False,13680,56070
8,2,0.3,0.0,uniform,0,trimmed,0.5,guarded,controlled,5,1,0,7,0.015112531354617556,custom,"{""bfgs"": 0.20168044143216085, ""custom"": 0.026231373329463785}",0.007773866256078084,0.007773866256078084,stage3_l_opt,l_opt_current_alpha,0.4171569511335531,0.4262949771663479,0.037357516375924965,0.05,False,False,True,True,0.004598371684551239,True,not_needed,,,,,0,False,15750,64635
8,2,0.3,0.0,uniform,0,trimmed,0.5,guarded,controlled,5,1,0,8,0.015112531354617556,custom,"{""bfgs"": 0.20168044143216085, ""custom"": 0.026231373329463785}",0.007773866256078084,0.007773866256078084,stage3_l_opt,l_opt_current_alpha,0.4171569511335531,0.4262949771663479,0.037357516375924965,0.05,False,False,True,True,0.004598371684551239,True,not_needed,,,,,0,False,17820,73200
8,2,0.3,0.0,uniform,0,trimmed,0.5,guarded,controlled,5,1,0,9,0.015112531354617556,custom,"{""bfgs"": 0.20168044143216085, ""custom"": 0.026231373329463785}",0.007773866256078084,0.007773866256078084,stage3_l_opt,l_opt_current_alpha,0.4171569511335531,0.4262949771663479,0.037357516375924965,0.05,False,False,True,True,0.004598371684551239,True,not_needed,,,,,0,False,19890,81765
8,2,0.3,0.0,uniform,0,trimmed,0.5,guarded,controlled,5,1,0,10,0.015112531354617556,custom,"{""bfgs"": 0.20168044143216085, ""custom"": 0.026231373329463785}",0.007773866256078084,0.007773866256078084,stage3_l_opt,l_opt_current_alpha,0.4171569511335531,0.4262949771663479,0.037357516375924965,0.05,False,False,True,True,0.004598371684551239,True,not_needed,,,,,0,False,21960,90330
8,2,0.3,0.0,uniform,0,trimmed,0.5,guarded,controlled,5,1,0,11,0.015112531354617556,custom,"{""bfgs"": 0.20168044143216085, ""custom"": 0.026231373329463785}",0.007773866256078084,0.007773866256078084,stage3_l_opt,l_opt_current_alpha,0.4171569511335531,0.4262949771663479,0.037357516375924965,0.05,False,False,True,True,0.004598371684551239,True,not_needed,,,,,0,False,24030,98895
8,2,0.3,0.0,uniform,0,trimmed,0.5,guarded,controlled,5,1,0,12,0.015112531354617556,custom,"{""bfgs"": 0.20168044143216085, ""custom"": 0.026231373329463785}",0.007773866256078084,0.007773866256078084,stage3_l_opt,l_opt_current_alpha,0.4171569511335531,0.4262949771663479,0.037357516375924965,0.05,False,False,True,True,0.004598371684551239,True,not_needed,,,,,0,False,26100,107460
8,2,0.3,0.0,uniform,0,trimmed,0.5,guarded,controlled,5,1,0,13,0.015112531354617556,custom,"{""bfgs"": 0.20168044143216085, ""custom"": 0.026231373329463785}",0.007773866256078084,0.007773866256078084,stage3_l_opt,l_opt_current_alpha,0.4171569511335531,0.4262949771663479,0.037357516375924965,0.05,False,False,True,True,0.004598371684551239,True,not_needed,,,,,0,False,28170,116025
8,2,0.3,0.0,uniform,0,trimmed,0.5,guarded,controlled,5,1,0,14,0.015112531354617556,custom,"{""bfgs"": 0.20168044143216085, ""custom"": 0.026231373329463785}",0.007773866256078084,0.007773866256078084,stage3_l_opt,l_opt_current_alpha,0.4171569511335531,0.4262949771663479,0.037357516375924965,0.05,False,False,True,True,0.004598371684551239,True,not_needed,,,,,0,False,30240,124590
8,2,0.3,0.0,uniform,0,trimmed,0.5,guarded,controlled,5,1,0,15,0.015112531354617556,custom,"{""bfgs"": 0.20168044143216085, ""custom"": 0.026231373329463785}",0.007773866256078084,0.007773866256078084,stage3_l_opt,l_opt_current_alpha,0.4171569511335531,0.4262949771663479,0.037357516375924965,0.05,False,False,True,True,0.004598371684551239,True,not_needed,,,,,0,False,32310,133155
8,2,0.3,0.0,uniform,0,trimmed,0.5,guarded,controlled,5,1,0,16,0.015112531354617556,custom,"{""bfgs"": 0.20168044143216085, ""custom"": 0.026231373329463785}",0.007773866256078084,0.007773866256078084,stage3_l_opt,l_opt_current_alpha,0.4171569511335531,0.4262949771663479,0.037357516375924965,0.05,False,False,True,True,0.004598371684551239,True,not_needed,,,,,0,False,34380,141720
8,2,0.3,0.0,uniform,0,trimmed,0.5,guarded,controlled,5,1,0,17,0.015112531354617556,custom,"{""bfgs"": 0.20168044143216085, ""custom"": 0.026231373329463785}",0.007773866256078084,0.007773866256078084,stage3_l_opt,l_opt_current_alpha,0.4171569511335531,0.4262949771663479,0.037357516375924965,0.05,False,False,True,True,0.004598371684551239,True,not_needed,,,,,0,False,36450,150285
8,2,0.3,0.0,uniform,0,trimmed,0.5,guarded,controlled,5,1,0,18,0.015112531354617556,custom,"{""bfgs"": 0.20168044143216085, ""custom"": 0.026231373329463785}",0.007773866256078084,0.007773866256078084,stage3_l_opt,l_opt_current_alpha,0.4171569511335531,0.4262949771663479,0.037357516375924965,0.05,False,False,True,True,0.004598371684551239,True,not_needed,,,,,0,False,38520,158850
8,2,0.3,0.0,uniform,0,trimmed,0.5,guarded,controlled,5,1,0,19,0.015112531354617556,custom,"{""bfgs"": 0.20168044143216085, ""custom"": 0.026231373329463785}",0.007773866256078084,0.007773866256078084,stage3_l_opt,l_opt_current_alpha,0.4171569511335531,0.4262949771663479,0.037357516375924965,0.05,False,False,True,True,0.004598371684551239,True,not_needed,,,,,0,False,40590,167415
9,2,0.3,0.0,uniform,0,trimmed,0.5,guarded,controlled,5,1,0,0,0.01194333276296385,custom,"{""bfgs"": 0.010365301184356215, ""custom"": 0.009586806036531925}",0.008318855427205563,0.008318855427205563,stage3_l_opt,l_opt_current_alpha,0.3843452200192824,0.39218900001967594,0.19217261000964114,0.5,False,True,True,False,,True,recovered_informative,15,0.012742618657648565,0.010372070781886577,0.002370547875761988,1,True,4430,20350
9,2,0.3,0.0,uniform,0,trimmed,0.5,guarded,controlled,5,1,0,1,0.0012461702746249907,custom,"{""bfgs"": 0.009913041457822456, ""custom"": 0.009523804928266402}",0.0063599102819959326,0.0063599102819959326,stage3_l_opt,l_opt_current_alpha,0.3740879590456544,0.37912310657824405,0.18704397952282723,0.5,True,True,True,False,-0.00195894514520963,True,recovered_informative,2,0.011556725323481913,0.010677557830445925,0.0008791674930359889,1,True,10125,41980
9,2,0.3,0.0,uniform,0,trimmed,0.5,guarded,controlled,5,1,0,2,0.016196350754812468,custom,"{""bfgs"": 0.08922907323087576, ""custom"": 0.01163141703125185}",0.00994502721975247,0.00994502721975247,stage3_l_opt,l_opt_current_alpha,1.2356782495740661,1.2596782495740662,0.0935219897614136,0.25,False,False,True,True,0.0035851169377565375,True,not_needed,,,,,0,False,10745,53190
9,2,0.3,0.0,uniform,0,trimmed,0.5,guarded,controlled,5,1,0,3,0.013661143342552754,custom,"{""bfgs"": 0.07233800419130461, ""custom"": 0.01186461185294499}",0.011268024953703085,0.011268024953703085,stage3_l_opt,l_opt_current_alpha,1.5031389657039869,1.535138965703987,0.04676099488070684,0.125,False,False,True,True,0.0049081146717071525,True,not_needed,,,,,0,False,12795,63320
9,2,0.3,0.0,uniform,0,trimmed,0.5,guarded,controlled,5,1,0,4,0.012151703881029235,custom,"{""bfgs"": 0.11362380924549546, ""custom"": 0.011771751340251962}",0.011885665667553743,0.011885665667553743,stage3_l_opt,l_opt_current_alpha,0.9349972225089115,0.9564228007728496,0.023380497440353393,0.0625,False,False,True,True,0.005525755385557811,True,not_needed,,,,,0,False,13775,75200
9,2,0.3,0.0,uniform,0,trimmed,0.5,guarded,controlled,5,1,0,5,0.010513398879940678,custom,"{""bfgs"": 0.07796069338807206, ""custom"": 0.011633792513974166}",0.01249024054656426,0.01249024054656426,stage3_l_opt,l_opt_current_alpha,1.4440953160859873,1.4760953160859873,0.01870439795228271,0.05,False,False,True,True,0.006130330264568328,True,not_needed,,,,,0,False,15800,84935
9,2,0.3,0.0,uniform,0,trimmed,0.5,guarded,controlled,5,1,0,6,0.002208093284201712,bfgs,"{""bfgs"": 0.008557533983109447, ""custom"": 0.0085584916442685}",0.006789833617707093,0.006789833617707093,stage3_l_opt,l_opt_current_alpha,0.5488516168297398,0.5562554847496172,0.01870439795228271,0.05,False,False,True,True,0.0004299233357111607,True,recovered_informative,2,0.011648968744334309,0.0085584916442685,0.0030904771000658093,1,True,18200,102255
9,2,0.3,0.0,uniform,0,trimmed,0.5,guarded,controlled,5,1,0,7,0.002208093284201712,bfgs,"{""bfgs"": 0.008557533983109447, ""custom"": 0.0085584916442685}",0.006789833617707093,0.006789833617707093,stage3_l_opt,l_opt_current_alpha,0.5488516168297398,0.5562554847496172,0.01870439795228271,0.05,False,False,True,True,0.0004299233357111607,True,recovered_informative,2,0.011648968744334309,0.0085584916442685,0.0030904771000658093,1,True,20600,119575
9,2,0.3,0.0,uniform,0,trimmed,0.5,guarded,controlled,5,1,0,8,0.002208093284201712,bfgs,"{""bfgs"": 0.008557533983109447, ""custom"": 0.0085584916442685}",0.006789833617707093,0.006789833617707093,stage3_l_opt,l_opt_current_alpha,0.5488516168297398,0.5562554847496172,0.01870439795228271,0.05,False,False,True,True,0.0004299233357111607,True,recovered_informative,2,0.011648968744334309,0.0085584916442685,0.0030904771000658093,1,True,23000,136895
9,2,0.3,0.0,uniform,0,trimmed,0.5,guarded,controlled,5,1,0,9,0.002208093284201712,bfgs,"{""bfgs"": 0.008557533983109447, ""custom"": 0.0085584916442685}",0.006789833617707093,0.006789833617707093,stage3_l_opt,l_opt_current_alpha,0.5488516168297398,0.5562554847496172,0.01870439795228271,0.05,False,False,True,True,0.0004299233357111607,True,recovered_informative,2,0.011648968744334309,0.0085584916442685,0.0030904771000658093,1,True,25400,154215
9,2,0.3,0.0,uniform,0,trimmed,0.5,guarded,controlled,5,1,0,10,0.002208093284201712,bfgs,"{""bfgs"": 0.008557533983109447, ""custom"": 0.0085584916442685}",0.006789833617707093,0.006789833617707093,stage3_l_opt,l_opt_current_alpha,0.5488516168297398,0.5562554847496172,0.01870439795228271,0.05,False,False,True,True,0.0004299233357111607,True,recovered_informative,2,0.011648968744334309,0.0085584916442685,0.0030904771000658093,1,True,27800,171535
9,2,0.3,0.0,uniform,0,trimmed,0.5,guarded,controlled,5,1,0,11,0.002208093284201712,bfgs,"{""bfgs"": 0.008557533983109447, ""custom"": 0.0085584916442685}",0.006789833617707093,0.006789833617707093,stage3_l_opt,l_opt_current_alpha,0.5488516168297398,0.5562554847496172,0.01870439795228271,0.05,False,False,True,True,0.0004299233357111607,True,recovered_informative,2,0.011648968744334309,0.0085584916442685,0.0030904771000658093,1,True,30200,188855
9,2,0.3,0.0,uniform,0,trimmed,0.5,guarded,controlled,5,1,0,12,0.002208093284201712,bfgs,"{""bfgs"": 0.008557533983109447, ""custom"": 0.0085584916442685}",0.006789833617707093,0.006789833617707093,stage3_l_opt,l_opt_current_alpha,0.5488516168297398,0.5562554847496172,0.01870439795228271,0.05,False,False,True,True,0.0004299233357111607,True,recovered_informative,2,0.011648968744334309,0.0085584916442685,0.0030904771000658093,1,True,32600,206175
9,2,0.3,0.0,uniform,0,trimmed,0.5,guarded,controlled,5,1,0,13,0.002208093284201712,bfgs,"{""bfgs"": 0.008557533983109447, ""custom"": 0.0085584916442685}",0.006789833617707093,0.006789833617707093,stage3_l_opt,l_opt_current_alpha,0.5488516168297398,0.5562554847496172,0.01870439795228271,0.05,False,False,True,True,0.0004299233357111607,True,recovered_informative,2,0.011648968744334309,0.0085584916442685,0.0030904771000658093,1,True,35000,223495
9,2,0.3,0.0,uniform,0,trimmed,0.5,guarded,controlled,5,1,0,14,0.002208093284201712,bfgs,"{""bfgs"": 0.008557533983109447, ""custom"": 0.0085584916442685}",0.006789833617707093,0.006789833617707093,stage3_l_opt,l_opt_current_alpha,0.5488516168297398,0.5562554847496172,0.01870439795228271,0.05,False,False,True,True,0.0004299233357111607,True,recovered_informative,2,0.011648968744334309,0.0085584916442685,0.0030904771000658093,1,True,37400,240815
9,2,0.3,0.0,uniform,0,trimmed,0.5,guarded,controlled,5,1,0,15,0.002208093284201712,bfgs,"{""bfgs"": 0.008557533983109447, ""custom"": 0.0085584916442685}",0.006789833617707093,0.006789833617707093,stage3_l_opt,l_opt_current_alpha,0.5488516168297398,0.5562554847496172,0.01870439795228271,0.05,False,False,True,True,0.0004299233357111607,True,recovered_informative,2,0.011648968744334309,0.0085584916442685,0.0030904771000658093,1,True,39800,258135
9,2,0.3,0.0,uniform,0,trimmed,0.5,guarded,controlled,5,1,0,16,0.002208093284201712,bfgs,"{""bfgs"": 0.008557533983109447, ""custom"": 0.0085584916442685}",0.006789833617707093,0.006789833617707093,stage3_l_opt,l_opt_current_alpha,0.5488516168297398,0.5562554847496172,0.01870439795228271,0.05,False,False,True,True,0.0004299233357111607,True,recovered_informative,2,0.011648968744334309,0.0085584916442685,0.0030904771000658093,1,True,42200,275455
9,2,0.3,0.0,uniform,0,trimmed,0.5,guarded,controlled,5,1,0,17,0.002208093284201712,bfgs,"{""bfgs"": 0.008557533983109447, ""custom"": 0.0085584916442685}",0.006789833617707093,0.006789833617707093,stage3_l_opt,l_opt_current_alpha,0.5488516168297398,0.5562554847496172,0.01870439795228271,0.05,False,False,True,True,0.0004299233357111607,True,recovered_informative,2,0.011648968744334309,0.0085584916442685,0.0030904771000658093,1,True,44600,292775
9,2,0.3,0.0,uniform,0,trimmed,0.5,guarded,controlled,5,1,0,18,0.002208093284201712,bfgs,"{""bfgs"": 0.008557533983109447, ""custom"": 0.0085584916442685}",0.006789833617707093,0.006789833617707093,stage3_l_opt,l_opt_current_alpha,0.5488516168297398,0.5562554847496172,0.01870439795228271,0.05,False,False,True,True,0.0004299233357111607,True,recovered_informative,2,0.011648968744334309,0.0085584916442685,0.0030904771000658093,1,True,47000,310095
9,2,0.3,0.0,uniform,0,trimmed,0.5,guarded,controlled,5,1,0,19,0.002208093284201712,bfgs,"{""bfgs"": 0.008557533983109447, ""custom"": 0.0085584916442685}",0.006789833617707093,0.006789833617707093,stage3_l_opt,l_opt_current_alpha,0.5488516168297398,0.5562554847496172,0.01870439795228271,0.05,False,False,True,True,0.0004299233357111607,True,recovered_informative,2,0.011648968744334309,0.0085584916442685,0.0030904771000658093,1,True,49400,327415
10,2,0.3,0.0,uniform,0,trimmed,0.5,guarded,controlled,5,1,0,0,0.007469640275509878,custom,"{""bfgs"": 0.03170779086649418, ""custom"": 0.013463879004120828}",0.012106168394287428,0.012106168394287428,stage3_l_opt,l_opt_current_alpha,0.9866770621097852,1.0068133286834542,0.49333853105489256,0.5,False,True,True,False,,True,not_needed,,,,,0,False,2350,3250
10,2,0.3,0.0,uniform,0,trimmed,0.5,guarded,controlled,5,1,0,1,0.005323104455920574,custom,"{""bfgs"": 0.02684400883194665, ""custom"": 0.009476513983721483}",0.010367070014278093,0.010367070014278093,stage3_l_opt,l_opt_current_alpha,1.7527613011276462,1.7847613011276462,0.8763806505638231,0.5,True,True,True,False,-0.0017390983800093344,True,not_needed,,,,,0,False,4190,7275
10,2,0.3,0.0,uniform,0,trimmed,0.5,guarded,controlled,5,1,0,2,0.02274600628525892,custom,"{""bfgs"": 0.020502525084148196, ""custom"": 0.009885995940997613}",0.019227999572952587,0.019227999572952587,stage3_l_opt,l_opt_current_alpha,0.876380650563823,0.908380650563823,0.43819032528191143,0.25,False,False,True,True,0.008860929558674494,True,not_needed,,,,,0,False,6435,13425
10,2,0.3,0.0,uniform,0,trimmed,0.5,guarded,controlled,5,1,0,3,0.019982479920180984,custom,"{""bfgs"": 0.021185060766763623, ""custom"": 0.01620251094638464}",0.02110638205582897,0.02110638205582897,stage3_l_opt,l_opt_current_alpha,1.750432922445435,1.782432922445435,0.21909516264095572,0.125,False,False,True,True,0.010739312041550876,True,not_needed,,,,,0,False,8385,19040
10,2,0.3,0.0,uniform,0,trimmed,0.5,guarded,controlled,5,1,0,4,2.5874799459091324e-05,custom,"{""bfgs"": 0.024307261927814308, ""custom"": 0.016265373355142686}",0.014953342576821646,0.014953342576821646,stage3_l_opt,l_opt_current_alpha,1.5336661384866903,1.5656661384866903,0.10954758132047793,0.0625,False,False,True,True,0.004586272562543552,True,not_needed,,,,,0,False,10305,23110
10,2,0.3,0.0,uniform,0,trimmed,0.5,guarded,controlled,5,1,0,5,0.007245430330785688,custom,"{""bfgs"": 0.02408251360079574, ""custom"": 0.015680788523737138}",0.010931598022580147,0.010931598022580147,stage3_l_opt,l_opt_current_alpha,1.1672451100473547,1.191245110047355,0.08763806505638236,0.05,False,False,True,True,0.0005645280083020534,True,not_needed,,,,,0,False,12585,31080
10,2,0.3,0.0,uniform,0,trimmed,0.5,guarded,controlled,5,1,0,6,0.007281941245349852,custom,"{""bfgs"": 0.026191458000070778, ""custom"": 0.015450872570618083}",0.01087719885011514,0.01087719885011514,stage3_l_opt,l_opt_current_alpha,1.1828083781813195,1.2068083781813195,0.08763806505638236,0.05,False,False,True,True,0.0005101288358370475,True,not_needed,,,,,0,False,14975,36525
10,2,0.3,0.0,uniform,0,trimmed,0.5,guarded,controlled,5,1,0,7,0.007281941245349852,custom,"{""bfgs"": 0.026191458000070778, ""custom"": 0.015450872570618083}",0.01087719885011514,0.01087719885011514,stage3_l_opt,l_opt_current_alpha,1.1828083781813195,1.2068083781813195,0.08763806505638236,0.05,False,False,True,True,0.0005101288358370475,True,not_needed,,,,,0,False,17365,41970
10,2,0.3,0.0,uniform,0,trimmed,0.5,guarded,controlled,5,1,0,8,0.007281941245349852,custom,"{""bfgs"": 0.026191458000070778, ""custom"": 0.015450872570618083}",0.01087719885011514,0.01087719885011514,stage3_l_opt,l_opt_current_alpha,1.1828083781813195,1.2068083781813195,0.08763806505638236,0.05,False,False,True,True,0.0005101288358370475,True,not_needed,,,,,0,False,19755,47415
10,2,0.3,0.0,uniform,0,trimmed,0.5,guarded,controlled,5,1,0,9,0.007281941245349852,custom,"{""bfgs"": 0.026191458000070778, ""custom"": 0.015450872570618083}",0.01087719885011514,0.01087719885011514,stage3_l_opt,l_opt_current_alpha,1.1828083781813195,1.2068083781813195,0.08763806505638236,0.05,False,False,True,True,0.0005101288358370475,True,not_needed,,,,,0,False,22145,52860
10,2,0.3,0.0,uniform,0,trimmed,0.5,guarded,controlled,5,1,0,10,0.007281941245349852,custom,"{""bfgs"": 0.026191458000070778, ""custom"": 0.015450872570618083}",0.01087719885011514,0.01087719885011514,stage3_l_opt,l_opt_current_alpha,1.1828083781813195,1.2068083781813195,0.08763806505638236,0.05,False,False,True,True,0.0005101288358370475,True,not_needed,,,,,0,False,24535,58305
10,2,0.3,0.0,uniform,0,trimmed,0.5,guarded,controlled,5,1,0,11,0.007281941245349852,custom,"{""bfgs"": 0.026191458000070778, ""custom"": 0.015450872570618083}",0.01087719885011514,0.01087719885011514,stage3_l_opt,l_opt_current_alpha,1.1828083781813195,1.2068083781813195,0.08763806505638236,0.05,False,False,True,True,0.0005101288358370475,True,not_needed,,,,,0,False,26925,63750
10,2,0.3,0.0,uniform,0,trimmed,0.5,guarded,controlled,5,1,0,12,0.007281941245349852,custom,"{""bfgs"": 0.026191458000070778, ""custom"": 0.015450872570618083}",0.01087719885011514,0.01087719885011514,stage3_l_opt,l_opt_current_alpha,1.1828083781813195,1.2068083781813195,0.08763806505638236,0.05,False,False,True,True,0.0005101288358370475,True,not_needed,,,,,0,False,29315,69195
10,2,0.3,0.0,uniform,0,trimmed,0.5,guarded,controlled,5,1,0,13,0.007281941245349852,custom,"{""bfgs"": 0.026191458000070778, ""custom"": 0.015450872570618083}",0.01087719885011514,0.01087719885011514,stage3_l_opt,l_opt_current_alpha,1.1828083781813195,1.2068083781813195,0.08763806505638236,0.05,False,False,True,True,0.0005101288358370475,True,not_needed,,,,,0,False,31705,74640
10,2,0.3,0.0,uniform,0,trimmed,0.5,guarded,controlled,5,1,0,14,0.007281941245349852,custom,"{""bfgs"": 0.026191458000070778, ""custom"": 0.015450872570618083}",0.01087719885011514,0.01087719885011514,stage3_l_opt,l_opt_current_alpha,1.1828083781813195,1.2068083781813195,0.08763806505638236,0.05,False,False,True,True,0.0005101288358370475,True,not_needed,,,,,0,False,34095,80085
10,2,0.3,0.0,uniform,0,trimmed,0.5,guarded,controlled,5,1,0,15,0.007281941245349852,custom,"{""bfgs"": 0.026191458000070778, ""custom"": 0.015450872570618083}",0.01087719885011514,0.01087719885011514,stage3_l_opt,l_opt_current_alpha,1.1828083781813195,1.2068083781813195,0.08763806505638236,0.05,False,False,True,True,0.0005101288358370475,True,not_needed,,,,,0,False,36485,85530
10,2,0.3,0.0,uniform,0,trimmed,0.5,guarded,controlled,5,1,0,16,0.007281941245349852,custom,"{""bfgs"": 0.026191458000070778, ""custom"": 0.015450872570618083}",0.01087719885011514,0.01087719885011514,stage3_l_opt,l_opt_current_alpha,1.1828083781813195,1.2068083781813195,0.08763806505638236,0.05,False,False,True,True,0.0005101288358370475,True,not_needed,,,,,0,False,38875,90975
10,2,0.3,0.0,uniform,0,trimmed,0.5,guarded,controlled,5,1,0,17,0.007281941245349852,custom,"{""bfgs"": 0.026191458000070778, ""custom"": 0.015450872570618083}",0.01087719885011514,0.01087719885011514,stage3_l_opt,l_opt_current_alpha,1.1828083781813195,1.2068083781813195,0.08763806505638236,0.05,False,False,True,True,0.0005101288358370475,True,not_needed,,,,,0,False,41265,96420
10,2,0.3,0.0,uniform,0,trimmed,0.5,guarded,controlled,5,1,0,18,0.007281941245349852,custom,"{""bfgs"": 0.026191458000070778, ""custom"": 0.015450872570618083}",0.01087719885011514,0.01087719885011514,stage3_l_opt,l_opt_current_alpha,1.1828083781813195,1.2068083781813195,0.08763806505638236,0.05,False,False,True,True,0.0005101288358370475,True,not_needed,,,,,0,False,43655,101865
10,2,0.3,0.0,uniform,0,trimmed,0.5,guarded,controlled,5,1,0,19,0.007281941245349852,custom,"{""bfgs"": 0.026191458000070778, ""custom"": 0.015450872570618083}",0.01087719885011514,0.01087719885011514,stage3_l_opt,l_opt_current_alpha,1.1828083781813195,1.2068083781813195,0.08763806505638236,0.05,False,False,True,True,0.0005101288358370475,True,not_needed,,,,,0,False,46045,107310
10,2,0.3,0.0,uniform,0,trimmed,0.5,guarded,controlled,5,1,1,0,0.01070324844496634,custom,"{""bfgs"": 0.015084420796483755, ""custom"": 0.013687706086784601}",0.013687706086784601,0.013687706086784601,stage3_l_opt,l_opt_current_alpha,0.5222128543569914,0.5328702595479504,0.26110642717849575,0.5,False,True,True,False,,True,not_needed,,,,,0,False,1696,2612
10,2,0.3,0.0,uniform,0,trimmed,0.5,guarded,controlled,5,1,1,1,0.01737469558391866,bfgs,"{""bfgs"": 0.011902629755041949, ""custom"": 0.015483868765668292}",0.014521263889037073,0.014521263889037073,stage3_l_opt,l_opt_current_alpha,0.7476357177914305,0.7576357177914304,0.13055321358924787,0.25,False,False,True,True,0.0008335578022524714,True,not_needed,,,,,0,False,2264,4956
10,2,0.3,0.0,uniform,0,trimmed,0.5,guarded,controlled,5,1,1,2,0.014105635692400594,bfgs,"{""bfgs"": 0.013022636836977271, ""custom"": 0.014705777527129286}",0.014736509299837053,0.014736509299837053,stage3_l_opt,l_opt_current_alpha,1.478053213589248,1.508053213589248,0.06527660679462396,0.125,False,False,True,True,0.0010488032130524516,True,not_needed,,,,,0,False,3936,7672
10,2,0.3,0.0,uniform,0,trimmed,0.5,guarded,controlled,5,1,1,3,0.01651893077073984,bfgs,"{""bfgs"": 0.013497297672210144, ""custom"": 0.014083344212420279}",0.01418614701833576,0.01418614701833576,stage3_l_opt,l_opt_current_alpha,0.9360568418935469,0.9550778670996473,0.032638303397311996,0.0625,False,False,True,True,0.0004984409315511584,True,not_needed,,,,,0,False,4496,11480
10,2,0.3,0.0,uniform,0,trimmed,0.5,guarded,controlled,5,1,1,4,0.008925455980581642,custom,"{""bfgs"": 0.014736422421145617, ""custom"": 0.013924697801577646}",0.01366210961714387,0.01366210961714387,stage3_l_opt,l_opt_current_alpha,0.4856235812635546,0.4955665005694216,0.030351473828972103,0.0625,True,True,True,False,-2.559646964073181e-05,True,not_needed,,,,,0,False,5320,14372
10,2,0.3,0.0,uniform,0,trimmed,0.5,guarded,controlled,5,1,1,5,0.009017116136665254,custom,"{""bfgs"": 0.01418096468802725, ""custom"": 0.013988779557879801}",0.013662212062627077,0.013662212062627077,stage3_l_opt,l_opt_current_alpha,0.6142820614420388,0.6275974750992801,0.03839262884012745,0.0625,True,True,True,False,1.0244548320770264e-07,True,not_needed,,,,,0,False,7256,16984
10,2,0.3,0.0,uniform,0,trimmed,0.5,guarded,controlled,5,1,1,6,0.008399735340699516,custom,"{""bfgs"": 0.01513794466140099, ""custom"": 0.014327714853773144}",0.013652885798364878,0.013652885798364878,stage3_l_opt,l_opt_current_alpha,0.4683276349614054,0.4790120033427958,0.029270477185087795,0.0625,True,True,True,False,-9.326264262199402e-06,True,not_needed,,,,,0,False,8884,19500
10,2,0.3,0.0,uniform,0,trimmed,0.5,guarded,controlled,5,1,1,7,0.009617495344974268,bfgs,"{""bfgs"": 0.013064506196860226, ""custom"": 0.01445104226214491}",0.013424970558844507,0.013424970558844507,stage3_l_opt,l_opt_current_alpha,0.41107636851599516,0.42118970038186876,0.02569227303224972,0.0625,True,True,True,False,-0.00022791523952037096,True,not_needed,,,,,0,False,10712,21872
10,2,0.3,0.0,uniform,0,trimmed,0.5,guarded,controlled,5,1,1,8,0.017154308399578863,bfgs,"{""bfgs"": 0.014630683659340116, ""custom"": 0.015011888539896852}",0.014483401901088655,0.014483401901088655,stage3_l_opt,l_opt_current_alpha,0.42665174829490077,0.43510023696845634,0.020553818425799758,0.05,False,False,True,True,0.0010584313422441483,True,not_needed,,,,,0,False,11296,23928
10,2,0.3,0.0,uniform,0,trimmed,0.5,guarded,controlled,5,1,1,9,0.021874098399454915,bfgs,"{""bfgs"": 0.014351024432554859, ""custom"": 0.014978480078698647}",0.01427872630301863,0.01427872630301863,stage3_l_opt,l_opt_current_alpha,0.656460797982354,0.6696575054125381,0.020553818425799758,0.05,False,False,True,True,0.0008537557441741228,True,not_needed,,,,,0,False,12756,27156
10,2,0.3,0.0,uniform,0,trimmed,0.5,guarded,controlled,5,1,1,10,0.021874098399454915,bfgs,"{""bfgs"": 0.014351024432554859, ""custom"": 0.014978480078698647}",0.01427872630301863,0.01427872630301863,stage3_l_opt,l_opt_current_alpha,0.656460797982354,0.6696575054125381,0.020553818425799758,0.05,False,False,True,True,0.0008537557441741228,True,not_needed,,,,,0,False,14216,30384
10,2,0.3,0.0,uniform,0,trimmed,0.5,guarded,controlled,5,1,1,11,0.021874098399454915,bfgs,"{""bfgs"": 0.014351024432554859, ""custom"": 0.014978480078698647}",0.01427872630301863,0.01427872630301863,stage3_l_opt,l_opt_current_alpha,0.656460797982354,0.6696575054125381,0.020553818425799758,0.05,False,False,True,True,0.0008537557441741228,True,not_needed,,,,,0,False,15676,33612
10,2,0.3,0.0,uniform,0,trimmed,0.5,guarded,controlled,5,1,1,12,0.021874098399454915,bfgs,"{""bfgs"": 0.014351024432554859, ""custom"": 0.014978480078698647}",0.01427872630301863,0.01427872630301863,stage3_l_opt,l_opt_current_alpha,0.656460797982354,0.6696575054125381,0.020553818425799758,0.05,False,False,True,True,0.0008537557441741228,True,not_needed,,,,,0,False,17136,36840
10,2,0.3,0.0,uniform,0,trimmed,0.5,guarded,controlled,5,1,1,13,0.021874098399454915,bfgs,"{""bfgs"": 0.014351024432554859, ""custom"": 0.014978480078698647}",0.01427872630301863,0.01427872630301863,stage3_l_opt,l_opt_current_alpha,0.656460797982354,0.6696575054125381,0.020553818425799758,0.05,False,False,True,True,0.0008537557441741228,True,not_needed,,,,,0,False,18596,40068
10,2,0.3,0.0,uniform,0,trimmed,0.5,guarded,controlled,5,1,1,14,0.021874098399454915,bfgs,"{""bfgs"": 0.014351024432554859, ""custom"": 0.014978480078698647}",0.01427872630301863,0.01427872630301863,stage3_l_opt,l_opt_current_alpha,0.656460797982354,0.6696575054125381,0.020553818425799758,0.05,False,False,True,True,0.0008537557441741228,True,not_needed,,,,,0,False,20056,43296
10,2,0.3,0.0,uniform,0,trimmed,0.5,guarded,controlled,5,1,1,15,0.021874098399454915,bfgs,"{""bfgs"": 0.014351024432554859, ""custom"": 0.014978480078698647}",0.01427872630301863,0.01427872630301863,stage3_l_opt,l_opt_current_alpha,0.656460797982354,0.6696575054125381,0.020553818425799758,0.05,False,False,True,True,0.0008537557441741228,True,not_needed,,,,,0,False,21516,46524
10,2,0.3,0.0,uniform,0,trimmed,0.5,guarded,controlled,5,1,1,16,0.021874098399454915,bfgs,"{""bfgs"": 0.014351024432554859, ""custom"": 0.014978480078698647}",0.01427872630301863,0.01427872630301863,stage3_l_opt,l_opt_current_alpha,0.656460797982354,0.6696575054125381,0.020553818425799758,0.05,False,False,True,True,0.0008537557441741228,True,not_needed,,,,,0,False,22976,49752
10,2,0.3,0.0,uniform,0,trimmed,0.5,guarded,controlled,5,1,1,17,0.021874098399454915,bfgs,"{""bfgs"": 0.014351024432554859, ""custom"": 0.014978480078698647}",0.01427872630301863,0.01427872630301863,stage3_l_opt,l_opt_current_alpha,0.656460797982354,0.6696575054125381,0.020553818425799758,0.05,False,False,True,True,0.0008537557441741228,True,not_needed,,,,,0,False,24436,52980
10,2,0.3,0.0,uniform,0,trimmed,0.5,guarded,controlled,5,1,1,18,0.021874098399454915,bfgs,"{""bfgs"": 0.014351024432554859, ""custom"": 0.014978480078698647}",0.01427872630301863,0.01427872630301863,stage3_l_opt,l_opt_current_alpha,0.656460797982354,0.6696575054125381,0.020553818425799758,0.05,False,False,True,True,0.0008537557441741228,True,not_needed,,,,,0,False,25896,56208
10,2,0.3,0.0,uniform,0,trimmed,0.5,guarded,controlled,5,1,1,19,0.021874098399454915,bfgs,"{""bfgs"": 0.014351024432554859, ""custom"": 0.014978480078698647}",0.01427872630301863,0.01427872630301863,stage3_l_opt,l_opt_current_alpha,0.656460797982354,0.6696575054125381,0.020553818425799758,0.05,False,False,True,True,0.0008537557441741228,True,not_needed,,,,,0,False,27356,59436
10,2,0.3,0.0,uniform,0,trimmed,0.5,guarded,controlled,5,1,2,0,0.061627616897653614,custom,"{""bfgs"": 0.0043604363066454726, ""custom"": 0.0032311539786557355}",0.0032311539786557355,0.0032311539786557355,stage3_l_opt,l_opt_current_alpha,0.5373601793333518,0.548326713605461,0.2686800896666759,0.5,False,True,True,False,,True,recovered_informative,4,0.01654058570663134,0.0043604363066454726,0.012180149399985869,1,True,1071,1524
10,2,0.3,0.0,uniform,0,trimmed,0.5,guarded,controlled,5,1,2,1,0.06222307557939322,custom,"{""bfgs"": 0.004655242383338929, ""custom"": 0.001975638510400916}",0.0032990585702160993,0.0032990585702160993,stage3_l_opt,l_opt_current_alpha,0.2745812262917464,0.2856681919235509,0.13729061314587318,0.5,True,True,True,False,6.790459156036377e-05,True,recovered_informative,4,0.01915644614624299,0.004655242383338929,0.014501203762904062,1,True,2142,2622
10,2,0.3,0.0,uniform,0,trimmed,0.5,guarded,controlled,5,1,2,2,0.0623972098044977,custom,"{""bfgs"": 0.0048052120217203734, ""custom"": 0.001298446659749467}",0.003318154408286015,0.003318154408286015,stage3_l_opt,l_opt_current_alpha,0.13890308381358946,0.15002295701004106,0.06945154190679473,0.5,True,True,True,False,1.909583806991577e-05,True,recovered_informative,4,0.02532657850932149,0.0048052120217203734,0.02052136648760112,1,True,3198,4122
10,2,0.3,0.0,uniform,0,trimmed,0.5,guarded,controlled,5,1,2,3,0.062464514024110684,custom,"{""bfgs"": 0.004882234278230112, ""custom"": 0.0009589356237393304}",0.0033307685516774654,0.0033307685516774654,stage3_l_opt,l_opt_current_alpha,0.07293662710575657,0.08412762448994224,0.03646831355287834,0.5,True,True,True,False,1.261414339145039e-05,True,recovered_informative,4,0.026285553265293644,0.004882234278230112,0.021403318987063533,1,True,4548,5520
10,2,0.3,0.0,uniform,0,trimmed,0.5,guarded,controlled,5,1,2,4,0.06248539864850322,custom,"{""bfgs"": 0.004867193099796736, ""custom"": 0.0007798589662875991}",0.0033342082363863788,0.0033342082363863788,stage3_l_opt,l_opt_current_alpha,0.036846038254442465,0.048044744306007,0.018423019127221024,0.5,True,True,True,False,3.439684708913312e-06,True,recovered_informative,4,0.026497870074327343,0.004867193099796736,0.021630676974530607,1,True,5940,6810
10,2,0.3,0.0,uniform,0,trimmed,0.5,guarded,controlled,5,1,2,5,0.06240568133927049,custom,"{""bfgs"": 0.0048587387560652855, ""custom"": 0.0006797039187174513}",0.003318924612055222,0.003318924612055222,stage3_l_opt,l_opt_current_alpha,0.04952800709487639,0.05402301504497044,0.0247640035474381,0.5,True,True,True,False,-1.5283624331156702e-05,True,recovered_informative,4,0.026596417048997713,0.0048587387560652855,0.021737678292932428,1,True,7128,8130
10,2,0.3,0.0,uniform,0,trimmed,0.5,guarded,controlled,5,1,2,6,0.06252772787129601,custom,"{""bfgs"": 0.004989285067175848, ""custom"": 0.0006375841830284538}",0.0033458659114936986,0.0033458659114936986,stage3_l_opt,l_opt_current_alpha,0.031676417611647294,0.039376885176425715,0.015838208805823595,0.5,True,True,True,False,2.6941299438476562e-05,True,recovered_informative,4,0.026186584176551807,0.004989285067175848,0.02119729910937596,1,True,8568,9420
10,2,0.3,0.0,uniform,0,trimmed,0.5,guarded,controlled,5,1,2,7,0.06248676134355091,custom,"{""bfgs"": 0.004920231674042192, ""custom"": 0.0006119357152765417}",0.0033359740239878497,0.0033359740239878497,stage3_l_opt,l_opt_current_alpha,0.015216004952981005,0.022903774479946216,0.007608002476490447,0.5,True,True,True,False,-9.891887505848913e-06,True,recovered_informative,4,0.026487147431257848,0.004920231674042192,0.021566915757215657,1,True,9552,10800
10,2,0.3,0.0,uniform,0,trimmed,0.5,guarded,controlled,5,1,2,8,0.062399040859207,custom,"{""bfgs"": 0.00488544683180844, ""custom"": 0.0005960083014660006}",0.0033180826964477697,0.0033180826964477697,stage3_l_opt,l_opt_current_alpha,0.042208571097578564,0.046704091408353236,0.02110428554878925,0.5,True,True,True,False,-1.7891327540080042e-05,True,recovered_informative,4,0.026593373218263033,0.00488544683180844,0.021707926386454593,1,True,10932,12132
10,2,0.3,0.0,uniform,0,trimmed,0.5,guarded,controlled,5,1,2,9,0.06155443649593151,custom,"{""bfgs"": 0.005002738428307252, ""custom"": 0.001096726650452632}",0.003674205237378677,0.003674205237378677,stage3_l_opt,l_opt_current_alpha,0.047388701510167955,0.05550592051165134,0.010552142774394625,0.25,False,False,True,True,0.0003561225409309072,True,recovered_informative,4,0.02617176410887277,0.005002738428307252,0.021169025680565515,1,True,12090,13422
10,2,0.3,0.0,uniform,0,trimmed,0.5,guarded,controlled,5,1,2,10,0.06275823306039707,custom,"{""bfgs"": 0.004944092630057846, ""custom"": 0.0006298356118546781}",0.003388662046442429,0.003388662046442429,stage3_l_opt,l_opt_current_alpha,0.020138246330215784,0.027890534356417383,0.005034561582553991,0.25,True,True,True,False,7.057934999465942e-05,True,recovered_informative,4,0.025284042360996697,0.004944092630057846,0.02033994973093885,1,True,13890,14814
10,2,0.3,0.0,uniform,0,trimmed,0.5,guarded,controlled,5,1,2,11,0.06245779106967986,custom,"{""bfgs"": 0.004921695763380195, ""custom"": 0.0005877358410836339}",0.0033299465042849383,0.0033299465042849383,stage3_l_opt,l_opt_current_alpha,0.03565275655226052,0.04015307212403158,0.008913189138065172,0.25,True,True,True,False,-5.871554215749076e-05,True,recovered_informative,4,0.026500992261155258,0.004921695763380195,0.021579296497775062,1,True,14946,16194
10,2,0.3,0.0,uniform,0,trimmed,0.5,guarded,controlled,5,1,2,12,0.06245837601871118,custom,"{""bfgs"": 0.004971399613398235, ""custom"": 0.0005839949112338808}",0.003329581425835689,0.003329581425835689,stage3_l_opt,l_opt_current_alpha,0.02179984106139389,0.027390259824907184,0.005449960265348462,0.25,True,True,True,False,-3.650784492492676e-07,True,recovered_informative,4,0.026352851925813242,0.004971399613398235,0.021381452312415006,1,True,16026,17484
10,2,0.3,0.0,uniform,0,trimmed,0.5,guarded,controlled,5,1,2,13,0.06313325620423393,custom,"{""bfgs"": 0.00494103234660475, ""custom"": 0.000665654217958821}",0.0034632100723683834,0.0034632100723683834,stage3_l_opt,l_opt_current_alpha,0.022790347794204933,0.03063469234975589,0.002724980132674207,0.125,False,False,True,True,0.00013362864653269435,True,recovered_informative,4,0.025350410028879007,0.00494103234660475,0.020409377682274257,1,True,17778,18876
10,2,0.3,0.0,uniform,0,trimmed,0.5,guarded,controlled,5,1,2,14,0.06249508168779805,custom,"{""bfgs"": 0.004956215980001492, ""custom"": 0.0005891612781083049}",0.0033378242515027523,0.0033378242515027523,stage3_l_opt,l_opt_current_alpha,0.018850397353368326,0.025418115881900176,0.002356299669171079,0.125,True,True,True,False,8.24282566706325e-06,True,recovered_informative,4,0.026235322379057187,0.004956215980001492,0.021279106399055694,1,True,19155,20268
10,2,0.3,0.0,uniform,0,trimmed,0.5,guarded,controlled,5,1,2,15,0.06243765110863286,custom,"{""bfgs"": 0.004943011295010892, ""custom"": 0.000583684351315918}",0.0033252377373476825,0.0033252377373476825,stage3_l_opt,l_opt_current_alpha,0.01683191903089737,0.02244781283996728,0.002103989878862164,0.125,True,True,True,False,-1.2586514155069842e-05,True,recovered_informative,4,0.025270092140606524,0.004943011295010892,0.020327080845595633,1,True,20361,21660
10,2,0.3,0.0,uniform,0,trimmed,0.5,guarded,controlled,5,1,2,16,0.06246606361856433,custom,"{""bfgs"": 0.004931336875646477, ""custom"": 0.0005885045698217955}",0.003330453143765529,0.003330453143765529,stage3_l_opt,l_opt_current_alpha,0.014547742353392665,0.020876140500580814,0.0018184677941741334,0.125,True,True,True,False,5.21540641784668e-06,True,recovered_informative,4,0.026473204618315475,0.004931336875646477,0.021541867742669,1,True,22251,23040
10,2,0.3,0.0,uniform,0,trimmed,0.5,guarded,controlled,5,1,2,17,0.06246451591326241,custom,"{""bfgs"": 0.004921199688332014, ""custom"": 0.0005888087621245534}",0.003330875343332688,0.003330875343332688,stage3_l_opt,l_opt_current_alpha,0.03577389094820169,0.040274830725261,0.004471736368525131,0.125,True,True,True,False,4.221995671587278e-07,True,recovered_informative,4,0.026502363139341772,0.004921199688332014,0.021581163451009758,1,True,23790,24420
10,2,0.3,0.0,uniform,0,trimmed,0.5,guarded,controlled,5,1,2,18,0.062459770572352524,custom,"{""bfgs"": 0.004946126809633204, ""custom"": 0.0005860989205932486}",0.003330135252326727,0.003330135252326727,stage3_l_opt,l_opt_current_alpha,0.01724990634845907,0.023299987537355578,0.0021562382935573984,0.125,True,True,True,False,-7.400910059609557e-07,True,recovered_informative,4,0.025020391700434734,0.004946126809633204,0.02007426489080153,1,True,24978,25812
10,2,0.3,0.0,uniform,0,trimmed,0.5,guarded,controlled,5,1,2,19,0.062470035460994056,custom,"{""bfgs"": 0.004934109712279311, ""custom"": 0.0005885180150658613}",0.003331650203714768,0.003331650203714768,stage3_l_opt,l_opt_current_alpha,0.015012642050837632,0.021401068833853676,0.0018765802563546208,0.125,True,True,True,False,1.5149513880410338e-06,True,recovered_informative,4,0.026465105773692064,0.004934109712279311,0.021530996061412754,1,True,26043,27192
11,2,0.3,0.0,uniform,0,trimmed,0.5,guarded,controlled,5,1,0,0,0.0023419634482866524,bfgs,"{""bfgs"": 0.014331766590476037, ""custom"": 0.019788743928074837}",0.010184084375699362,0.010184084375699362,stage3_l_opt,l_opt_current_alpha,0.1961791909056749,0.20018284786293356,0.09808959545283741,0.5,False,True,True,False,,True,not_needed,,,,,0,False,1835,7135
11,2,0.3,0.0,uniform,0,trimmed,0.5,guarded,controlled,5,1,0,1,0.0028214172433614236,bfgs,"{""bfgs"": 0.017238670995349974, ""custom"": 0.021054184987722366}",0.015473489960034689,0.015473489960034689,stage3_l_opt,l_opt_current_alpha,1.1566079180920064,1.1806079180920064,0.04904479772641876,0.25,False,False,True,True,0.005289405584335327,True,not_needed,,,,,0,False,3300,14925
11,2,0.3,0.0,uniform,0,trimmed,0.5,guarded,controlled,5,1,0,2,0.0011814563731805206,bfgs,"{""bfgs"": 0.01377082867070467, ""custom"": 0.020370091069042154}",0.01026738869647185,0.01026738869647185,stage3_l_opt,l_opt_current_alpha,0.40134938614491933,0.41023851262038447,0.1003373465362297,0.25,True,True,True,False,8.330432077248776e-05,True,not_needed,,,,,0,False,6375,23290
11,2,0.3,0.0,uniform,0,trimmed,0.5,guarded,controlled,5,1,0,3,0.0051467089422396394,custom,"{""bfgs"": 0.016934631584560787, ""custom"": 0.014485550069050723}",0.011409434800346693,0.011409434800346693,stage3_l_opt,l_opt_current_alpha,0.18153647963893524,0.18798732938032392,0.05016867326811483,0.125,False,False,True,True,0.0011420461038748435,True,recovered_informative,2,0.022402475723302173,0.016934631584560787,0.005467844138741386,1,True,12490,40360
11,2,0.3,0.0,uniform,0,trimmed,0.5,guarded,controlled,5,1,0,4,0.0015491843365958123,custom,"{""bfgs"": 0.02995845978533638, ""custom"": 0.020694057212004027}",0.019311345492800076,0.019311345492800076,stage3_l_opt,l_opt_current_alpha,1.5204657875482805,1.5524657875482806,0.025084336634057403,0.0625,False,False,True,True,0.009043956796328226,True,not_needed,,,,,0,False,14660,48020
11,2,0.3,0.0,uniform,0,trimmed,0.5,guarded,controlled,5,1,0,5,0.0030776674866151415,bfgs,"{""bfgs"": 0.014334160809808014, ""custom"": 0.02049281537924238}",0.009570037946105003,0.009570037946105003,stage3_l_opt,l_opt_current_alpha,0.1444066487230241,0.14856397110077849,0.009025415545188958,0.0625,True,True,True,False,-0.0006973507503668461,True,not_needed,,,,,0,False,17460,55400
11,2,0.3,0.0,uniform,0,trimmed,0.5,guarded,controlled,5,1,0,6,0.0006823601798285621,bfgs,"{""bfgs"": 0.01402355857284068, ""custom"": 0.020646055119501544}",0.009553085391720137,0.009553085391720137,stage3_l_opt,l_opt_current_alpha,0.35546122314745265,0.36410997389193395,0.02221632644671581,0.0625,True,True,True,False,-1.6952554384866772e-05,True,not_needed,,,,,0,False,19915,65190
11,2,0.3,0.0,uniform,0,trimmed,0.5,guarded,controlled,5,1,0,7,0.0059392518478572675,bfgs,"{""bfgs"": 0.02060857625657956, ""custom"": 0.020756542310382504}",0.01937943696975708,0.01937943696975708,stage3_l_opt,l_opt_current_alpha,1.517079810271973,1.549079810271973,0.017773061157372705,0.05,False,False,True,True,0.009826351578036943,True,not_needed,,,,,0,False,22620,73785
11,2,0.3,0.0,uniform,0,trimmed,0.5,guarded,controlled,5,1,0,8,0.007944547674628141,bfgs,"{""bfgs"": 0.01351935347625417, ""custom"": 0.02073571747294773}",0.006923812751968701,0.006923812751968701,stage3_l_opt,l_opt_current_alpha,0.07959520165851283,0.08236063008284111,0.003979760082925637,0.05,True,True,True,False,-0.002629272639751435,True,not_needed,,,,,0,False,24915,80975
11,2,0.3,0.0,uniform,0,trimmed,0.5,guarded,controlled,5,1,0,9,0.004407360558548696,bfgs,"{""bfgs"": 0.014206326573693818, ""custom"": 0.02078473003312588}",0.008914827679594358,0.008914827679594358,stage3_l_opt,l_opt_current_alpha,0.40736115967121045,0.41745972418363103,0.003979760082925637,0.05,False,False,True,True,0.001991014927625657,True,not_needed,,,,,0,False,28510,89615
11,2,0.3,0.0,uniform,0,trimmed,0.5,guarded,controlled,5,1,0,10,0.004407360558548696,bfgs,"{""bfgs"": 0.014206326573693818, ""custom"": 0.02078473003312588}",0.008914827679594358,0.008914827679594358,stage3_l_opt,l_opt_current_alpha,0.40736115967121045,0.41745972418363103,0.003979760082925637,0.05,False,False,True,True,0.001991014927625657,True,not_needed,,,,,0,False,32105,98255
11,2,0.3,0.0,uniform,0,trimmed,0.5,guarded,controlled,5,1,0,11,0.004407360558548696,bfgs,"{""bfgs"": 0.014206326573693818, ""custom"": 0.02078473003312588}",0.008914827679594358,0.008914827679594358,stage3_l_opt,l_opt_current_alpha,0.40736115967121045,0.41745972418363103,0.003979760082925637,0.05,False,False,True,True,0.001991014927625657,True,not_needed,,,,,0,False,35700,106895
11,2,0.3,0.0,uniform,0,trimmed,0.5,guarded,controlled,5,1,0,12,0.004407360558548696,bfgs,"{""bfgs"": 0.014206326573693818, ""custom"": 0.02078473003312588}",0.008914827679594358,0.008914827679594358,stage3_l_opt,l_opt_current_alpha,0.40736115967121045,0.41745972418363103,0.003979760082925637,0.05,False,False,True,True,0.001991014927625657,True,not_needed,,,,,0,False,39295,115535
11,2,0.3,0.0,uniform,0,trimmed,0.5,guarded,controlled,5,1,0,13,0.004407360558548696,bfgs,"{""bfgs"": 0.014206326573693818, ""custom"": 0.02078473003312588}",0.008914827679594358,0.008914827679594358,stage3_l_opt,l_opt_current_alpha,0.40736115967121045,0.41745972418363103,0.003979760082925637,0.05,False,False,True,True,0.001991014927625657,True,not_needed,,,,,0,False,42890,124175
11,2,0.3,0.0,uniform,0,trimmed,0.5,guarded,controlled,5,1,0,14,0.004407360558548696,bfgs,"{""bfgs"": 0.014206326573693818, ""custom"": 0.02078473003312588}",0.008914827679594358,0.008914827679594358,stage3_l_opt,l_opt_current_alpha,0.40736115967121045,0.41745972418363103,0.003979760082925637,0.05,False,False,True,True,0.001991014927625657,True,not_needed,,,,,0,False,46485,132815
11,2,0.3,0.0,uniform,0,trimmed,0.5,guarded,controlled,5,1,0,15,0.004407360558548696,bfgs,"{""bfgs"": 0.014206326573693818, ""custom"": 0.02078473003312588}",0.008914827679594358,0.008914827679594358,stage3_l_opt,l_opt_current_alpha,0.40736115967121045,0.41745972418363103,0.003979760082925637,0.05,False,False,True,True,0.001991014927625657,True,not_needed,,,,,0,False,50080,141455
11,2,0.3,0.0,uniform,0,trimmed,0.5,guarded,controlled,5,1,0,16,0.004407360558548696,bfgs,"{""bfgs"": 0.014206326573693818, ""custom"": 0.02078473003312588}",0.008914827679594358,0.008914827679594358,stage3_l_opt,l_opt_current_alpha,0.40736115967121045,0.41745972418363103,0.003979760082925637,0.05,False,False,True,True,0.001991014927625657,True,not_needed,,,,,0,False,53675,150095
11,2,0.3,0.0,uniform,0,trimmed,0.5,guarded,controlled,5,1,0,17,0.004407360558548696,bfgs,"{""bfgs"": 0.014206326573693818, ""custom"": 0.02078473003312588}",0.008914827679594358,0.008914827679594358,stage3_l_opt,l_opt_current_alpha,0.40736115967121045,0.41745972418363103,0.003979760082925637,0.05,False,False,True,True,0.001991014927625657,True,not_needed,,,,,0,False,57270,158735
11,2,0.3,0.0,uniform,0,trimmed,0.5,guarded,controlled,5,1,0,18,0.004407360558548696,bfgs,"{""bfgs"": 0.014206326573693818, ""custom"": 0.02078473003312588}",0.008914827679594358,0.008914827679594358,stage3_l_opt,l_opt_current_alpha,0.40736115967121045,0.41745972418363103,0.003979760082925637,0.05,False,False,True,True,0.001991014927625657,True,not_needed,,,,,0,False,60865,167375
11,2,0.3,0.0,uniform,0,trimmed,0.5,guarded,controlled,5,1,0,19,0.004407360558548696,bfgs,"{""bfgs"": 0.014206326573693818, ""custom"": 0.02078473003312588}",0.008914827679594358,0.008914827679594358,stage3_l_opt,l_opt_current_alpha,0.40736115967121045,0.41745972418363103,0.003979760082925637,0.05,False,False,True,True,0.001991014927625657,True,not_needed,,,,,0,False,64460,176015
12,2,0.3,0.0,uniform,0,trimmed,0.5,guarded,controlled,5,1,0,0,0.038087658879806946,custom,"{""bfgs"": 0.3177198916673661, ""custom"": 0.024627819657325745}",0.015064116567373276,0.015064116567373276,stage3_l_opt,l_opt_current_alpha,1.3416583055563254,1.3690390873023728,0.6708291527781627,0.5,False,True,True,False,,True,not_needed,,,,,0,False,1585,10975
12,2,0.3,0.0,uniform,0,trimmed,0.5,guarded,controlled,5,1,0,1,0.043783345691202374,custom,"{""bfgs"": 0.28493489946783707, ""custom"": 0.026540264277927363}",0.04542319290339947,0.04542319290339947,stage3_l_opt,l_opt_current_alpha,0.810558282660355,0.8254098975559099,0.3354145763890813,0.25,False,False,True,True,0.03035907633602619,True,not_needed,,,,,0,False,3535,19550
12,2,0.3,0.0,uniform,0,trimmed,0.5,guarded,controlled,5,1,0,2,0.01760083460214623,custom,"{""bfgs"": 0.30132738513678875, ""custom"": 0.018466870794754783}",0.011289505288004875,0.011289505288004875,stage3_l_opt,l_opt_current_alpha,0.816062066933175,0.8387163948297703,0.20401551673329377,0.25,True,True,True,False,-0.0037746112793684006,True,not_needed,,,,,0,False,5205,29575
12,2,0.3,0.0,uniform,0,trimmed,0.5,guarded,controlled,5,1,0,3,0.02256046572746906,custom,"{""bfgs"": 0.2899417843099966, ""custom"": 0.01634112254756987}",0.013378810758392016,0.013378810758392016,stage3_l_opt,l_opt_current_alpha,0.6400734168287576,0.66329972159533,0.10200775836664688,0.125,False,False,True,True,0.0020893054703871403,True,not_needed,,,,,0,False,7425,41405
12,2,0.3,0.0,uniform,0,trimmed,0.5,guarded,controlled,5,1,0,4,0.01429828782197775,custom,"{""bfgs"": 0.29563458472339266, ""custom"": 0.019811698525581872}",0.013916923354069391,0.013916923354069391,stage3_l_opt,l_opt_current_alpha,1.0461375046640005,1.0686778918399382,0.05100387918332336,0.0625,False,False,True,True,0.002627418066064516,True,not_needed,,,,,0,False,9520,49635
12,2,0.3,0.0,uniform,0,trimmed,0.5,guarded,controlled,5,1,0,5,0.017914163754798,custom,"{""bfgs"": 0.2984809849300907, ""custom"": 0.018014450985324785}",0.011234075451890627,0.011234075451890627,stage3_l_opt,l_opt_current_alpha,0.8196699406894183,0.8434387941562091,0.051229371293088605,0.0625,True,True,True,False,-5.542983611424822e-05,True,not_needed,,,,,0,False,11920,57840
12,2,0.3,0.0,uniform,0,trimmed,0.5,guarded,controlled,5,1,0,6,0.02064430705699727,custom,"{""bfgs"": 0.2953890591817222, ""custom"": 0.017370566058672068}",0.010884940003355345,0.010884940003355345,stage3_l_opt,l_opt_current_alpha,0.8558765860372972,0.8743064920039411,0.05349228662733105,0.0625,True,True,True,False,-0.00034913544853528225,True,not_needed,,,,,0,False,14085,67375
12,2,0.3,0.0,uniform,0,trimmed,0.5,guarded,controlled,5,1,0,7,0.022053769477992938,custom,"{""bfgs"": 0.2927658538079263, ""custom"": 0.016885734046458024}",0.012745340044299761,0.012745340044299761,stage3_l_opt,l_opt_current_alpha,1.1802811726081752,1.2113043290829775,0.042793829301864816,0.05,False,False,True,True,0.0018604000409444162,True,not_needed,,,,,0,False,16495,77390
12,2,0.3,0.0,uniform,0,trimmed,0.5,guarded,controlled,5,1,0,8,0.022341978296583437,custom,"{""bfgs"": 0.29329049488268544, ""custom"": 0.017149974914179057}",0.013235084091623625,0.013235084091623625,stage3_l_opt,l_opt_current_alpha,0.7434009019938207,0.767382028977071,0.042793829301864816,0.05,False,False,True,True,0.00235014408826828,True,not_needed,,,,,0,False,18860,87110
12,2,0.3,0.0,uniform,0,trimmed,0.5,guarded,controlled,5,1,0,9,0.022341978296583437,custom,"{""bfgs"": 0.29329049488268544, ""custom"": 0.017149974914179057}",0.013235084091623625,0.013235084091623625,stage3_l_opt,l_opt_current_alpha,0.7434009019938207,0.767382028977071,0.042793829301864816,0.05,False,False,True,True,0.00235014408826828,True,not_needed,,,,,0,False,21225,96830
12,2,0.3,0.0,uniform,0,trimmed,0.5,guarded,controlled,5,1,0,10,0.022341978296583437,custom,"{""bfgs"": 0.29329049488268544, ""custom"": 0.017149974914179057}",0.013235084091623625,0.013235084091623625,stage3_l_opt,l_opt_current_alpha,0.7434009019938207,0.767382028977071,0.042793829301864816,0.05,False,False,True,True,0.00235014408826828,True,not_needed,,,,,0,False,23590,106550
12,2,0.3,0.0,uniform,0,trimmed,0.5,guarded,controlled,5,1,0,11,0.022341978296583437,custom,"{""bfgs"": 0.29329049488268544, ""custom"": 0.017149974914179057}",0.013235084091623625,0.013235084091623625,stage3_l_opt,l_opt_current_alpha,0.7434009019938207,0.767382028977071,0.042793829301864816,0.05,False,False,True,True,0.00235014408826828,True,not_needed,,,,,0,False,25955,116270
12,2,0.3,0.0,uniform,0,trimmed,0.5,guarded,controlled,5,1,0,12,0.022341978296583437,custom,"{""bfgs"": 0.29329049488268544, ""custom"": 0.017149974914179057}",0.013235084091623625,0.013235084091623625,stage3_l_opt,l_opt_current_alpha,0.7434009019938207,0.767382028977071,0.042793829301864816,0.05,False,False,True,True,0.00235014408826828,True,not_needed,,,,,0,False,28320,125990
12,2,0.3,0.0,uniform,0,trimmed,0.5,guarded,controlled,5,1,0,13,0.022341978296583437,custom,"{""bfgs"": 0.29329049488268544, ""custom"": 0.017149974914179057}",0.013235084091623625,0.013235084091623625,stage3_l_opt,l_opt_current_alpha,0.7434009019938207,0.767382028977071,0.042793829301864816,0.05,False,False,True,True,0.00235014408826828,True,not_needed,,,,,0,False,30685,135710
12,2,0.3,0.0,uniform,0,trimmed,0.5,guarded,controlled,5,1,0,14,0.022341978296583437,custom,"{""bfgs"": 0.29329049488268544, ""custom"": 0.017149974914179057}",0.013235084091623625,0.013235084091623625,stage3_l_opt,l_opt_current_alpha,0.7434009019938207,0.767382028977071,0.042793829301864816,0.05,False,False,True,True,0.00235014408826828,True,not_needed,,,,,0,False,33050,145430
12,2,0.3,0.0,uniform,0,trimmed,0.5,guarded,controlled,5,1,0,15,0.022341978296583437,custom,"{""bfgs"": 0.29329049488268544, ""custom"": 0.017149974914179057}",0.013235084091623625,0.013235084091623625,stage3_l_opt,l_opt_current_alpha,0.7434009019938207,0.767382028977071,0.042793829301864816,0.05,False,False,True,True,0.00235014408826828,True,not_needed,,,,,0,False,35415,155150
12,2,0.3,0.0,uniform,0,trimmed,0.5,guarded,controlled,5,1,0,16,0.022341978296583437,custom,"{""bfgs"": 0.29329049488268544, ""custom"": 0.017149974914179057}",0.013235084091623625,0.013235084091623625,stage3_l_opt,l_opt_current_alpha,0.7434009019938207,0.767382028977071,0.042793829301864816,0.05,False,False,True,True,0.00235014408826828,True,not_needed,,,,,0,False,37780,164870
12,2,0.3,0.0,uniform,0,trimmed,0.5,guarded,controlled,5,1,0,17,0.022341978296583437,custom,"{""bfgs"": 0.29329049488268544, ""custom"": 0.017149974914179057}",0.013235084091623625,0.013235084091623625,stage3_l_opt,l_opt_current_alpha,0.7434009019938207,0.767382028977071,0.042793829301864816,0.05,False,False,True,True,0.00235014408826828,True,not_needed,,,,,0,False,40145,174590
12,2,0.3,0.0,uniform,0,trimmed,0.5,guarded,controlled,5,1,0,18,0.022341978296583437,custom,"{""bfgs"": 0.29329049488268544, ""custom"": 0.017149974914179057}",0.013235084091623625,0.013235084091623625,stage3_l_opt,l_opt_current_alpha,0.7434009019938207,0.767382028977071,0.042793829301864816,0.05,False,False,True,True,0.00235014408826828,True,not_needed,,,,,0,False,42510,184310
12,2,0.3,0.0,uniform,0,trimmed,0.5,guarded,controlled,5,1,0,19,0.022341978296583437,custom,"{""bfgs"": 0.29329049488268544, ""custom"": 0.017149974914179057}",0.013235084091623625,0.013235084091623625,stage3_l_opt,l_opt_current_alpha,0.7434009019938207,0.767382028977071,0.042793829301864816,0.05,False,False,True,True,0.00235014408826828,True,not_needed,,,,,0,False,44875,194030
13,2,0.3,0.0,uniform,0,trimmed,0.5,guarded,controlled,5,1,0,0,0.005410578866840725,bfgs,"{""bfgs"": 0.008303495310246945, ""custom"": 0.010180202312767506}",0.006543563989301522,0.006543563989301522,stage3_l_opt,l_opt_current_alpha,0.7693735132733286,0.7850750135442128,0.3846867566366642,0.5,False,True,True,False,,True,not_needed,,,,,0,False,2035,9485
13,2,0.3,0.0,uniform,0,trimmed,0.5,guarded,controlled,5,1,0,1,0.00858866260456786,custom,"{""bfgs"": 0.017482543975079038, ""custom"": 0.008560306202599436}",0.010776121479769548,0.010776121479769548,stage3_l_opt,l_opt_current_alpha,1.7566867566366642,1.7886867566366642,0.19234337831833218,0.25,False,False,True,True,0.004232557490468026,True,not_needed,,,,,0,False,5145,17540
13,2,0.3,0.0,uniform,0,trimmed,0.5,guarded,controlled,5,1,0,2,0.00801953339803501,custom,"{""bfgs"": 0.015752665977859424, ""custom"": 0.009219363626472337}",0.010495942396422228,0.010495942396422228,stage3_l_opt,l_opt_current_alpha,1.0049963584153045,1.0265553324912293,0.09617168915916596,0.125,False,False,True,True,0.0039523784071207055,True,not_needed,,,,,0,False,8030,25825
13,2,0.3,0.0,uniform,0,trimmed,0.5,guarded,controlled,5,1,0,3,0.007978680588342479,custom,"{""bfgs"": 0.018259585906131272, ""custom"": 0.009690435581931969}",0.010481535457074642,0.010481535457074642,stage3_l_opt,l_opt_current_alpha,0.7643024088265777,0.7802683510335907,0.04808584457958304,0.0625,False,False,True,True,0.00393797146777312,True,not_needed,,,,,0,False,9905,34355
13,2,0.3,0.0,uniform,0,trimmed,0.5,guarded,controlled,5,1,0,4,0.008037686176999466,custom,"{""bfgs"": 0.01474594778445874, ""custom"": 0.009968102557760964}",0.010530301990608374,0.010530301990608374,stage3_l_opt,l_opt_current_alpha,1.5482481185881416,1.5802481185881416,0.038468675663666435,0.05,False,False,True,True,0.003986738001306851,True,not_needed,,,,,0,False,11850,46765
13,2,0.3,0.0,uniform,0,trimmed,0.5,guarded,controlled,5,1,0,5,0.008089392162545827,custom,"{""bfgs"": 0.02807235201305247, ""custom"": 0.010001087683371683}",0.010529623987774054,0.010529623987774054,stage3_l_opt,l_opt_current_alpha,0.7709730729890258,0.786854390881186,0.038468675663666435,0.05,False,False,True,True,0.003986059998472531,True,not_needed,,,,,0,False,14060,55515
13,2,0.3,0.0,uniform,0,trimmed,0.5,guarded,controlled,5,1,0,6,0.008089392162545827,custom,"{""bfgs"": 0.02807235201305247, ""custom"": 0.010001087683371683}",0.010529623987774054,0.010529623987774054,stage3_l_opt,l_opt_current_alpha,0.7709730729890258,0.786854390881186,0.038468675663666435,0.05,False,False,True,True,0.003986059998472531,True,not_needed,,,,,0,False,16270,64265
13,2,0.3,0.0,uniform,0,trimmed,0.5,guarded,controlled,5,1,0,7,0.008089392162545827,custom,"{""bfgs"": 0.02807235201305247, ""custom"": 0.010001087683371683}",0.010529623987774054,0.010529623987774054,stage3_l_opt,l_opt_current_alpha,0.7709730729890258,0.786854390881186,0.038468675663666435,0.05,False,False,True,True,0.003986059998472531,True,not_needed,,,,,0,False,18480,73015
13,2,0.3,0.0,uniform,0,trimmed,0.5,guarded,controlled,5,1,0,8,0.008089392162545827,custom,"{""bfgs"": 0.02807235201305247, ""custom"": 0.010001087683371683}",0.010529623987774054,0.010529623987774054,stage3_l_opt,l_opt_current_alpha,0.7709730729890258,0.786854390881186,0.038468675663666435,0.05,False,False,True,True,0.003986059998472531,True,not_needed,,,,,0,False,20690,81765
13,2,0.3,0.0,uniform,0,trimmed,0.5,guarded,controlled,5,1,0,9,0.008089392162545827,custom,"{""bfgs"": 0.02807235201305247, ""custom"": 0.010001087683371683}",0.010529623987774054,0.010529623987774054,stage3_l_opt,l_opt_current_alpha,0.7709730729890258,0.786854390881186,0.038468675663666435,0.05,False,False,True,True,0.003986059998472531,True,not_needed,,,,,0,False,22900,90515
13,2,0.3,0.0,uniform,0,trimmed,0.5,guarded,controlled,5,1,0,10,0.008089392162545827,custom,"{""bfgs"": 0.02807235201305247, ""custom"": 0.010001087683371683}",0.010529623987774054,0.010529623987774054,stage3_l_opt,l_opt_current_alpha,0.7709730729890258,0.786854390881186,0.038468675663666435,0.05,False,False,True,True,0.003986059998472531,True,not_needed,,,,,0,False,25110,99265
13,2,0.3,0.0,uniform,0,trimmed,0.5,guarded,controlled,5,1,0,11,0.008089392162545827,custom,"{""bfgs"": 0.02807235201305247, ""custom"": 0.010001087683371683}",0.010529623987774054,0.010529623987774054,stage3_l_opt,l_opt_current_alpha,0.7709730729890258,0.786854390881186,0.038468675663666435,0.05,False,False,True,True,0.003986059998472531,True,not_needed,,,,,0,False,27320,108015
13,2,0.3,0.0,uniform,0,trimmed,0.5,guarded,controlled,5,1,0,12,0.008089392162545827,custom,"{""bfgs"": 0.02807235201305247, ""custom"": 0.010001087683371683}",0.010529623987774054,0.010529623987774054,stage3_l_opt,l_opt_current_alpha,0.7709730729890258,0.786854390881186,0.038468675663666435,0.05,False,False,True,True,0.003986059998472531,True,not_needed,,,,,0,False,29530,116765
13,2,0.3,0.0,uniform,0,trimmed,0.5,guarded,controlled,5,1,0,13,0.008089392162545827,custom,"{""bfgs"": 0.02807235201305247, ""custom"": 0.010001087683371683}",0.010529623987774054,0.010529623987774054,stage3_l_opt,l_opt_current_alpha,0.7709730729890258,0.786854390881186,0.038468675663666435,0.05,False,False,True,True,0.003986059998472531,True,not_needed,,,,,0,False,31740,125515
13,2,0.3,0.0,uniform,0,trimmed,0.5,guarded,controlled,5,1,0,14,0.008089392162545827,custom,"{""bfgs"": 0.02807235201305247, ""custom"": 0.010001087683371683}",0.010529623987774054,0.010529623987774054,stage3_l_opt,l_opt_current_alpha,0.7709730729890258,0.786854390881186,0.038468675663666435,0.05,False,False,True,True,0.003986059998472531,True,not_needed,,,,,0,False,33950,134265
13,2,0.3,0.0,uniform,0,trimmed,0.5,guarded,controlled,5,1,0,15,0.008089392162545827,custom,"{""bfgs"": 0.02807235201305247, ""custom"": 0.010001087683371683}",0.010529623987774054,0.010529623987774054,stage3_l_opt,l_opt_current_alpha,0.7709730729890258,0.786854390881186,0.038468675663666435,0.05,False,False,True,True,0.003986059998472531,True,not_needed,,,,,0,False,36160,143015
13,2,0.3,0.0,uniform,0,trimmed,0.5,guarded,controlled,5,1,0,16,0.008089392162545827,custom,"{""bfgs"": 0.02807235201305247, ""custom"": 0.010001087683371683}",0.010529623987774054,0.010529623987774054,stage3_l_opt,l_opt_current_alpha,0.7709730729890258,0.786854390881186,0.038468675663666435,0.05,False,False,True,True,0.003986059998472531,True,not_needed,,,,,0,False,38370,151765
13,2,0.3,0.0,uniform,0,trimmed,0.5,guarded,controlled,5,1,0,17,0.008089392162545827,custom,"{""bfgs"": 0.02807235201305247, ""custom"": 0.010001087683371683}",0.010529623987774054,0.010529623987774054,stage3_l_opt,l_opt_current_alpha,0.7709730729890258,0.786854390881186,0.038468675663666435,0.05,False,False,True,True,0.003986059998472531,True,not_needed,,,,,0,False,40580,160515
13,2,0.3,0.0,uniform,0,trimmed,0.5,guarded,controlled,5,1,0,18,0.008089392162545827,custom,"{""bfgs"": 0.02807235201305247, ""custom"": 0.010001087683371683}",0.010529623987774054,0.010529623987774054,stage3_l_opt,l_opt_current_alpha,0.7709730729890258,0.786854390881186,0.038468675663666435,0.05,False,False,True,True,0.003986059998472531,True,not_needed,,,,,0,False,42790,169265
13,2,0.3,0.0,uniform,0,trimmed,0.5,guarded,controlled,5,1,0,19,0.008089392162545827,custom,"{""bfgs"": 0.02807235201305247, ""custom"": 0.010001087683371683}",0.010529623987774054,0.010529623987774054,stage3_l_opt,l_opt_current_alpha,0.7709730729890258,0.786854390881186,0.038468675663666435,0.05,False,False,True,True,0.003986059998472531,True,not_needed,,,,,0,False,45000,178015
13,2,0.3,0.0,uniform,0,trimmed,0.5,guarded,controlled,5,1,1,0,0.01058510250299639,custom,"{""bfgs"": 0.054865678772330284, ""custom"": 0.009240242652595043}",0.009240242652595043,0.009240242652595043,stage3_l_opt,l_opt_current_alpha,1.4700000000000002,1.5,0.7349999999999999,0.5,False,True,True,False,,True,not_needed,,,,,0,False,1520,3680
13,2,0.3,0.0,uniform,0,trimmed,0.5,guarded,controlled,5,1,1,1,0.003955938853329167,bfgs,"{""bfgs"": 0.0032676627743057907, ""custom"": 0.003269141905475408}",0.00640670140273869,0.00640670140273869,stage3_l_opt,l_opt_current_alpha,1.4405947547902953,1.4649946477451992,0.7202973773951477,0.5,True,True,True,False,-0.002833541249856353,True,recovered_informative,3,0.009760032419580966,0.003269141905475408,0.006490890514105558,1,True,4108,11712
13,2,0.3,0.0,uniform,0,trimmed,0.5,guarded,controlled,5,1,1,2,0.003146423518761366,custom,"{""bfgs"": 0.053140577622243015, ""custom"": 0.002459740111638309}",0.0068285714369267225,0.0068285714369267225,stage3_l_opt,l_opt_current_alpha,0.8795489179308673,0.9071988423252759,0.3601486886975739,0.25,False,False,True,True,0.00042187003418803215,True,not_needed,,,,,0,False,4968,15048
13,2,0.3,0.0,uniform,0,trimmed,0.5,guarded,controlled,5,1,1,3,0.008654430215813006,bfgs,"{""bfgs"": 0.0025178705214212926, ""custom"": 0.0025275990555204313}",0.0064041658770293,0.0064041658770293,stage3_l_opt,l_opt_current_alpha,1.1845296404702683,1.1962212471219391,0.2961324101175671,0.25,True,True,True,False,-2.5355257093906403e-06,True,recovered_informative,1,0.009259044972242548,0.0025275990555204313,0.006731445916722117,1,True,7640,22488
13,2,0.3,0.0,uniform,0,trimmed,0.5,guarded,controlled,5,1,1,4,0.010902886310784263,custom,"{""bfgs"": 0.02273706591981192, ""custom"": 0.00822818658285609}",0.008175183320418,0.008175183320418,stage3_l_opt,l_opt_current_alpha,1.2187889068398832,1.248788906839883,0.14806620505878365,0.125,False,False,True,True,0.0017710174433887005,True,not_needed,,,,,0,False,9680,25388
13,2,0.3,0.0,uniform,0,trimmed,0.5,guarded,controlled,5,1,1,5,0.008628193795631678,custom,"{""bfgs"": 0.003746204667005432, ""custom"": 0.0034397576793915976}",0.006394956959411502,0.006394956959411502,stage3_l_opt,l_opt_current_alpha,0.8590270171137473,0.8670974723715867,0.10737837713921836,0.125,True,True,True,False,-9.208917617797852e-06,True,recovered_informative,1,0.009466967556165488,0.0037462244977095084,0.00572074305845598,1,True,12280,30988
13,2,0.3,0.0,uniform,0,trimmed,0.5,guarded,controlled,5,1,1,6,0.008725583199609128,bfgs,"{""bfgs"": 0.004237682708713012, ""custom"": 0.004237682708713012}",0.006450674729421735,0.006450674729421735,stage3_l_opt,l_opt_current_alpha,0.9205858567636884,0.9321040103233473,0.11507323209546111,0.125,True,True,True,False,5.5717770010232925e-05,True,recovered_informative,1,0.00852144320372889,0.004237682708713012,0.004283760495015877,1,True,14692,37196
13,2,0.3,0.0,uniform,0,trimmed,0.5,guarded,controlled,5,1,1,7,0.004924851187595435,custom,"{""bfgs"": 0.10473024189885848, ""custom"": 0.005508966613357815}",0.006831282051280141,0.006831282051280141,stage3_l_opt,l_opt_current_alpha,0.5240932952232371,0.5335768111876449,0.05753661604773053,0.0625,False,False,True,True,0.00038060732185840607,True,not_needed,,,,,0,False,15848,40264
13,2,0.3,0.0,uniform,0,trimmed,0.5,guarded,controlled,5,1,1,8,0.008635361017144405,bfgs,"{""bfgs"": 0.004482368418332694, ""custom"": 0.004490425065763583}",0.006386053515598178,0.006386053515598178,stage3_l_opt,l_opt_current_alpha,0.7164908143478284,0.7264252751229074,0.044780675896739314,0.0625,True,True,True,False,-6.46212138235569e-05,True,recovered_informative,1,0.009747596626128653,0.004490425065763583,0.00525717156036507,1,True,18020,46480
13,2,0.3,0.0,uniform,0,trimmed,0.5,guarded,controlled,5,1,1,9,0.00863311803380123,bfgs,"{""bfgs"": 0.004742044009405235, ""custom"": 0.004742044009405235}",0.006388777634128928,0.006388777634128928,stage3_l_opt,l_opt_current_alpha,0.8137641544178413,0.8251003224311495,0.0508602596511151,0.0625,True,True,True,False,2.7241185307502747e-06,True,recovered_informative,1,0.00862059902893012,0.004742044009405235,0.003878555019524885,1,True,20488,52504
13,2,0.3,0.0,uniform,0,trimmed,0.5,guarded,controlled,5,1,1,10,0.005993959289904403,custom,"{""bfgs"": 0.010679346848156511, ""custom"": 0.006220984103079345}",0.007172431098297238,0.007172431098297238,stage3_l_opt,l_opt_current_alpha,1.1874316621146281,1.207431662114628,0.040688207720892156,0.05,False,False,True,True,0.0007836534641683102,True,not_needed,,,,,0,False,21784,55812
13,2,0.3,0.0,uniform,0,trimmed,0.5,guarded,controlled,5,1,1,11,0.0038929409076278003,custom,"{""bfgs"": 0.008267269529892138, ""custom"": 0.005038205352269033}",0.006421220256015658,0.006421220256015658,stage3_l_opt,l_opt_current_alpha,0.6411754824485951,0.651175482448595,0.03205877412242977,0.05,True,True,True,False,3.2442621886730194e-05,True,not_needed,,,,,0,False,23460,60140
13,2,0.3,0.0,uniform,0,trimmed,0.5,guarded,controlled,5,1,1,12,0.003960463548381209,custom,"{""bfgs"": 0.008526526414439349, ""custom"": 0.005211631900670397}",0.006419060053303838,0.006419060053303838,stage3_l_opt,l_opt_current_alpha,0.7794417124513717,0.791485128786273,0.038972085622568625,0.05,True,True,True,False,-2.1602027118206024e-06,True,not_needed,,,,,0,False,26800,64820
13,2,0.3,0.0,uniform,0,trimmed,0.5,guarded,controlled,5,1,1,13,0.008386351616982087,custom,"{""bfgs"": 0.01014404478029694, ""custom"": 0.007587860193728393}",0.008012282894924283,0.008012282894924283,stage3_l_opt,l_opt_current_alpha,1.5381512119383578,1.5681512119383578,0.038972085622568625,0.05,False,False,True,True,0.0015932228416204453,True,not_needed,,,,,0,False,27896,69300
13,2,0.3,0.0,uniform,0,trimmed,0.5,guarded,controlled,5,1,1,14,0.008386351616982087,custom,"{""bfgs"": 0.01014404478029694, ""custom"": 0.007587860193728393}",0.008012282894924283,0.008012282894924283,stage3_l_opt,l_opt_current_alpha,1.5381512119383578,1.5681512119383578,0.038972085622568625,0.05,False,False,True,True,0.0015932228416204453,True,not_needed,,,,,0,False,28992,73780
13,2,0.3,0.0,uniform,0,trimmed,0.5,guarded,controlled,5,1,1,15,0.008386351616982087,custom,"{""bfgs"": 0.01014404478029694, ""custom"": 0.007587860193728393}",0.008012282894924283,0.008012282894924283,stage3_l_opt,l_opt_current_alpha,1.5381512119383578,1.5681512119383578,0.038972085622568625,0.05,False,False,True,True,0.0015932228416204453,True,not_needed,,,,,0,False,30088,78260
13,2,0.3,0.0,uniform,0,trimmed,0.5,guarded,controlled,5,1,1,16,0.008386351616982087,custom,"{""bfgs"": 0.01014404478029694, ""custom"": 0.007587860193728393}",0.008012282894924283,0.008012282894924283,stage3_l_opt,l_opt_current_alpha,1.5381512119383578,1.5681512119383578,0.038972085622568625,0.05,False,False,True,True,0.0015932228416204453,True,not_needed,,,,,0,False,31184,82740
13,2,0.3,0.0,uniform,0,trimmed,0.5,guarded,controlled,5,1,1,17,0.008386351616982087,custom,"{""bfgs"": 0.01014404478029694, ""custom"": 0.007587860193728393}",0.008012282894924283,0.008012282894924283,stage3_l_opt,l_opt_current_alpha,1.5381512119383578,1.5681512119383578,0.038972085622568625,0.05,False,False,True,True,0.0015932228416204453,True,not_needed,,,,,0,False,32280,87220
13,2,0.3,0.0,uniform,0,trimmed,0.5,guarded,controlled,5,1,1,18,0.008386351616982087,custom,"{""bfgs"": 0.01014404478029694, ""custom"": 0.007587860193728393}",0.008012282894924283,0.008012282894924283,stage3_l_opt,l_opt_current_alpha,1.5381512119383578,1.5681512119383578,0.038972085622568625,0.05,False,False,True,True,0.0015932228416204453,True,not_needed,,,,,0,False,33376,91700
13,2,0.3,0.0,uniform,0,trimmed,0.5,guarded,controlled,5,1,1,19,0.008386351616982087,custom,"{""bfgs"": 0.01014404478029694, ""custom"": 0.007587860193728393}",0.008012282894924283,0.008012282894924283,stage3_l_opt,l_opt_current_alpha,1.5381512119383578,1.5681512119383578,0.038972085622568625,0.05,False,False,True,True,0.0015932228416204453,True,not_needed,,,,,0,False,34472,96180
13,2,0.3,0.0,uniform,0,trimmed,0.5,guarded,controlled,5,1,2,0,0.010545295227603543,custom,"{""bfgs"": 0.08014232044418652, ""custom"": 0.006659761071205139}",0.006659761071205139,0.006659761071205139,stage3_l_opt,l_opt_current_alpha,0.6533333333333334,0.6666666666666667,0.32666666666666677,0.5,False,True,True,False,,True,not_needed,,,,,0,False,252,1665
13,2,0.3,0.0,uniform,0,trimmed,0.5,guarded,controlled,5,1,2,1,0.021775461665565238,bfgs,"{""bfgs"": 0.005348309809940095, ""custom"": 0.005348321372085583}",0.010302656640609106,0.010302656640609106,stage3_l_opt,l_opt_current_alpha,1.0807129263904405,1.1073795930571073,0.16333333333333339,0.25,False,False,True,True,0.003642895569403967,True,recovered_informative,2,0.01417789017734392,0.005348321372085583,0.008829568805258335,1,True,1506,5187
13,2,0.3,0.0,uniform,0,trimmed,0.5,guarded,controlled,5,1,2,2,0.012669523721402232,bfgs,"{""bfgs"": 0.0071464195927208665, ""custom"": 0.0071464195927208665}",0.00657838707168897,0.00657838707168897,stage3_l_opt,l_opt_current_alpha,0.49,0.5033333333333333,0.12250000000000003,0.25,True,True,True,False,-8.137399951616952e-05,True,recovered_informative,15,0.014097629217416132,0.0071464195927208665,0.006951209624695266,1,True,1845,7233
13,2,0.3,0.0,uniform,0,trimmed,0.5,guarded,controlled,5,1,2,3,0.02174640814140931,custom,"{""bfgs"": 0.005964556387467723, ""custom"": 0.005960401265412933}",0.010291540374358496,0.010291540374358496,stage3_l_opt,l_opt_current_alpha,1.0935125115135538,1.1201791781802206,0.06125000000000003,0.125,False,False,True,True,0.003713153302669526,True,recovered_informative,2,0.015376203405405313,0.00596456911432445,0.009411634291080863,1,True,2721,11037
13,2,0.3,0.0,uniform,0,trimmed,0.5,guarded,controlled,5,1,2,4,0.019903862642152995,bfgs,"{""bfgs"": 0.006662201635550674, ""custom"": 0.006662201635550674}",0.009108090152343115,0.009108090152343115,stage3_l_opt,l_opt_current_alpha,1.1436011540210538,1.1702678206877204,0.03062499999999993,0.0625,False,False,True,True,0.002529703080654145,True,recovered_informative,3,0.013943873196900372,0.006662201635550674,0.007281671561349698,1,True,3561,13467
13,2,0.3,0.0,uniform,0,trimmed,0.5,guarded,controlled,5,1,2,5,0.018519811748577832,bfgs,"{""bfgs"": 0.006958761318747208, ""custom"": 0.006958766735940184}",0.00867773468295733,0.00867773468295733,stage3_l_opt,l_opt_current_alpha,1.1686215106043516,1.1952876881961112,0.02450000000000005,0.05,False,False,True,True,0.002099347611268361,True,recovered_informative,3,0.014372061073719881,0.006958766735940184,0.007413294337779697,1,True,4476,16233
13,2,0.3,0.0,uniform,0,trimmed,0.5,guarded,controlled,5,1,2,6,0.018513231340200113,bfgs,"{""bfgs"": 0.007012587935803359, ""custom"": 0.0070126260678450205}",0.008675708125034967,0.008675708125034967,stage3_l_opt,l_opt_current_alpha,1.1696233755000793,1.1962077775947977,0.02450000000000005,0.05,False,False,True,True,0.002097321053345998,True,recovered_informative,3,0.014356108084517132,0.0070126260678450205,0.007343482016672112,1,True,5259,18645
13,2,0.3,0.0,uniform,0,trimmed,0.5,guarded,controlled,5,1,2,7,0.018513231340200113,bfgs,"{""bfgs"": 0.007012587935803359, ""custom"": 0.0070126260678450205}",0.008675708125034967,0.008675708125034967,stage3_l_opt,l_opt_current_alpha,1.1696233755000793,1.1962077775947977,0.02450000000000005,0.05,False,False,True,True,0.002097321053345998,True,recovered_informative,3,0.014356108084517132,0.0070126260678450205,0.007343482016672112,1,True,6042,21057
13,2,0.3,0.0,uniform,0,trimmed,0.5,guarded,controlled,5,1,2,8,0.018513231340200113,bfgs,"{""bfgs"": 0.007012587935803359, ""custom"": 0.0070126260678450205}",0.008675708125034967,0.008675708125034967,stage3_l_opt,l_opt_current_alpha,1.1696233755000793,1.1962077775947977,0.02450000000000005,0.05,False,False,True,True,0.002097321053345998,True,recovered_informative,3,0.014356108084517132,0.0070126260678450205,0.007343482016672112,1,True,6825,23469
13,2,0.3,0.0,uniform,0,trimmed,0.5,guarded,controlled,5,1,2,9,0.018513231340200113,bfgs,"{""bfgs"": 0.007012587935803359, ""custom"": 0.0070126260678450205}",0.008675708125034967,0.008675708125034967,stage3_l_opt,l_opt_current_alpha,1.1696233755000793,1.1962077775947977,0.02450000000000005,0.05,False,False,True,True,0.002097321053345998,True,recovered_informative,3,0.014356108084517132,0.0070126260678450205,0.007343482016672112,1,True,7608,25881
13,2,0.3,0.0,uniform,0,trimmed,0.5,guarded,controlled,5,1,2,10,0.018513231340200113,bfgs,"{""bfgs"": 0.007012587935803359, ""custom"": 0.0070126260678450205}",0.008675708125034967,0.008675708125034967,stage3_l_opt,l_opt_current_alpha,1.1696233755000793,1.1962077775947977,0.02450000000000005,0.05,False,False,True,True,0.002097321053345998,True,recovered_informative,3,0.014356108084517132,0.0070126260678450205,0.007343482016672112,1,True,8391,28293
13,2,0.3,0.0,uniform,0,trimmed,0.5,guarded,controlled,5,1,2,11,0.018513231340200113,bfgs,"{""bfgs"": 0.007012587935803359, ""custom"": 0.0070126260678450205}",0.008675708125034967,0.008675708125034967,stage3_l_opt,l_opt_current_alpha,1.1696233755000793,1.1962077775947977,0.02450000000000005,0.05,False,False,True,True,0.002097321053345998,True,recovered_informative,3,0.014356108084517132,0.0070126260678450205,0.007343482016672112,1,True,9174,30705
13,2,0.3,0.0,uniform,0,trimmed,0.5,guarded,controlled,5,1,2,12,0.018513231340200113,bfgs,"{""bfgs"": 0.007012587935803359, ""custom"": 0.0070126260678450205}",0.008675708125034967,0.008675708125034967,stage3_l_opt,l_opt_current_alpha,1.1696233755000793,1.1962077775947977,0.02450000000000005,0.05,False,False,True,True,0.002097321053345998,True,recovered_informative,3,0.014356108084517132,0.0070126260678450205,0.007343482016672112,1,True,9957,33117
13,2,0.3,0.0,uniform,0,trimmed,0.5,guarded,controlled,5,1,2,13,0.018513231340200113,bfgs,"{""bfgs"": 0.007012587935803359, ""custom"": 0.0070126260678450205}",0.008675708125034967,0.008675708125034967,stage3_l_opt,l_opt_current_alpha,1.1696233755000793,1.1962077775947977,0.02450000000000005,0.05,False,False,True,True,0.002097321053345998,True,recovered_informative,3,0.014356108084517132,0.0070126260678450205,0.007343482016672112,1,True,10740,35529
13,2,0.3,0.0,uniform,0,trimmed,0.5,guarded,controlled,5,1,2,14,0.018513231340200113,bfgs,"{""bfgs"": 0.007012587935803359, ""custom"": 0.0070126260678450205}",0.008675708125034967,0.008675708125034967,stage3_l_opt,l_opt_current_alpha,1.1696233755000793,1.1962077775947977,0.02450000000000005,0.05,False,False,True,True,0.002097321053345998,True,recovered_informative,3,0.014356108084517132,0.0070126260678450205,0.007343482016672112,1,True,11523,37941
13,2,0.3,0.0,uniform,0,trimmed,0.5,guarded,controlled,5,1,2,15,0.018513231340200113,bfgs,"{""bfgs"": 0.007012587935803359, ""custom"": 0.0070126260678450205}",0.008675708125034967,0.008675708125034967,stage3_l_opt,l_opt_current_alpha,1.1696233755000793,1.1962077775947977,0.02450000000000005,0.05,False,False,True,True,0.002097321053345998,True,recovered_informative,3,0.014356108084517132,0.0070126260678450205,0.007343482016672112,1,True,12306,40353
13,2,0.3,0.0,uniform,0,trimmed,0.5,guarded,controlled,5,1,2,16,0.018513231340200113,bfgs,"{""bfgs"": 0.007012587935803359, ""custom"": 0.0070126260678450205}",0.008675708125034967,0.008675708125034967,stage3_l_opt,l_opt_current_alpha,1.1696233755000793,1.1962077775947977,0.02450000000000005,0.05,False,False,True,True,0.002097321053345998,True,recovered_informative,3,0.014356108084517132,0.0070126260678450205,0.007343482016672112,1,True,13089,42765
13,2,0.3,0.0,uniform,0,trimmed,0.5,guarded,controlled,5,1,2,17,0.018513231340200113,bfgs,"{""bfgs"": 0.007012587935803359, ""custom"": 0.0070126260678450205}",0.008675708125034967,0.008675708125034967,stage3_l_opt,l_opt_current_alpha,1.1696233755000793,1.1962077775947977,0.02450000000000005,0.05,False,False,True,True,0.002097321053345998,True,recovered_informative,3,0.014356108084517132,0.0070126260678450205,0.007343482016672112,1,True,13872,45177
13,2,0.3,0.0,uniform,0,trimmed,0.5,guarded,controlled,5,1,2,18,0.018513231340200113,bfgs,"{""bfgs"": 0.007012587935803359, ""custom"": 0.0070126260678450205}",0.008675708125034967,0.008675708125034967,stage3_l_opt,l_opt_current_alpha,1.1696233755000793,1.1962077775947977,0.02450000000000005,0.05,False,False,True,True,0.002097321053345998,True,recovered_informative,3,0.014356108084517132,0.0070126260678450205,0.007343482016672112,1,True,14655,47589
13,2,0.3,0.0,uniform,0,trimmed,0.5,guarded,controlled,5,1,2,19,0.018513231340200113,bfgs,"{""bfgs"": 0.007012587935803359, ""custom"": 0.0070126260678450205}",0.008675708125034967,0.008675708125034967,stage3_l_opt,l_opt_current_alpha,1.1696233755000793,1.1962077775947977,0.02450000000000005,0.05,False,False,True,True,0.002097321053345998,True,recovered_informative,3,0.014356108084517132,0.0070126260678450205,0.007343482016672112,1,True,15438,50001
14,2,0.3,0.0,uniform,0,trimmed,0.5,guarded,controlled,5,1,0,0,0.0013509672728053788,custom,"{""bfgs"": 0.15034051835536957, ""custom"": 0.017065365612506867}",0.0140552818775177,0.0140552818775177,stage3_l_opt,l_opt_current_alpha,1.568,1.6,0.784,0.5,False,True,True,False,,True,not_needed,,,,,0,False,415,4360
14,2,0.3,0.0,uniform,0,trimmed,0.5,guarded,controlled,5,1,0,1,0.020445355842786103,custom,"{""bfgs"": 0.14500297358632086, ""custom"": 0.013406811088323594}",0.02122718592484792,0.02122718592484792,stage3_l_opt,l_opt_current_alpha,1.568,1.5919999999999999,0.39199999999999996,0.25,False,False,True,True,0.007171904047330219,True,not_needed,,,,,0,False,725,10355
14,2,0.3,0.0,uniform,0,trimmed,0.5,guarded,controlled,5,1,0,2,0.006839444478000197,custom,"{""bfgs"": 0.14767174597084523, ""custom"": 0.014705619588494302}",0.0068010662992795306,0.0068010662992795306,stage3_l_opt,l_opt_current_alpha,1.0065394118748316,1.0230810325253383,0.2516348529687078,0.25,True,True,True,False,-0.00725421557823817,True,not_needed,,,,,0,False,945,19575
14,2,0.3,0.0,uniform,0,trimmed,0.5,guarded,controlled,5,1,0,3,0.00830263171577081,custom,"{""bfgs"": 0.15649023299823855, ""custom"": 0.01283812482903187}",0.00861385464668274,0.00861385464668274,stage3_l_opt,l_opt_current_alpha,0.5532386536869004,0.5700263415133259,0.1258174264843539,0.125,False,False,True,True,0.0018127883474032087,True,not_needed,,,,,0,False,1600,23720
14,2,0.3,0.0,uniform,0,trimmed,0.5,guarded,controlled,5,1,0,4,0.008179857008746452,custom,"{""bfgs"": 0.1520809894845419, ""custom"": 0.013819804225119333}",0.008013119300206503,0.008013119300206503,stage3_l_opt,l_opt_current_alpha,0.4883175453207477,0.5030960343793308,0.062908713242177,0.0625,False,False,True,True,0.0012120530009269723,True,not_needed,,,,,0,False,2090,28005
14,2,0.3,0.0,uniform,0,trimmed,0.5,guarded,controlled,5,1,0,5,0.008165702520153695,custom,"{""bfgs"": 0.14987636772769355, ""custom"": 0.014451676055742803}",0.008004963397979736,0.008004963397979736,stage3_l_opt,l_opt_current_alpha,0.553131042074875,0.5702937064529742,0.05032697059374161,0.05,False,False,True,True,0.0012038970987002058,True,not_needed,,,,,0,False,2650,34840
14,2,0.3,0.0,uniform,0,trimmed,0.5,guarded,controlled,5,1,0,6,0.008037997609310985,custom,"{""bfgs"": 0.1494354433763239, ""custom"": 0.014549671190367717}",0.007919962207476297,0.007919962207476297,stage3_l_opt,l_opt_current_alpha,0.5358366600479265,0.552671522701182,0.05032697059374161,0.05,False,False,True,True,0.0011188959081967669,True,not_needed,,,,,0,False,3075,41935
14,2,0.3,0.0,uniform,0,trimmed,0.5,guarded,controlled,5,1,0,7,0.008037997609310985,custom,"{""bfgs"": 0.1494354433763239, ""custom"": 0.014549671190367717}",0.007919962207476297,0.007919962207476297,stage3_l_opt,l_opt_current_alpha,0.5358366600479265,0.552671522701182,0.05032697059374161,0.05,False,False,True,True,0.0011188959081967669,True,not_needed,,,,,0,False,3500,49030
14,2,0.3,0.0,uniform,0,trimmed,0.5,guarded,controlled,5,1,0,8,0.008037997609310985,custom,"{""bfgs"": 0.1494354433763239, ""custom"": 0.014549671190367717}",0.007919962207476297,0.007919962207476297,stage3_l_opt,l_opt_current_alpha,0.5358366600479265,0.552671522701182,0.05032697059374161,0.05,False,False,True,True,0.0011188959081967669,True,not_needed,,,,,0,False,3925,56125
14,2,0.3,0.0,uniform,0,trimmed,0.5,guarded,controlled,5,1,0,9,0.008037997609310985,custom,"{""bfgs"": 0.1494354433763239, ""custom"": 0.014549671190367717}",0.007919962207476297,0.007919962207476297,stage3_l_opt,l_opt_current_alpha,0.5358366600479265,0.552671522701182,0.05032697059374161,0.05,False,False,True,True,0.0011188959081967669,True,not_needed,,,,,0,False,4350,63220
14,2,0.3,0.0,uniform,0,trimmed,0.5,guarded,controlled,5,1,0,10,0.008037997609310985,custom,"{""bfgs"": 0.1494354433763239, ""custom"": 0.014549671190367717}",0.007919962207476297,0.007919962207476297,stage3_l_opt,l_opt_current_alpha,0.5358366600479265,0.552671522701182,0.05032697059374161,0.05,False,False,True,True,0.0011188959081967669,True,not_needed,,,,,0,False,4775,70315
14,2,0.3,0.0,uniform,0,trimmed,0.5,guarded,controlled,5,1,0,11,0.008037997609310985,custom,"{""bfgs"": 0.1494354433763239, ""custom"": 0.014549671190367717}",0.007919962207476297,0.007919962207476297,stage3_l_opt,l_opt_current_alpha,0.5358366600479265,0.552671522701182,0.05032697059374161,0.05,False,False,True,True,0.0011188959081967669,True,not_needed,,,,,0,False,5200,77410
14,2,0.3,0.0,uniform,0,trimmed,0.5,guarded,controlled,5,1,0,12,0.008037997609310985,custom,"{""bfgs"": 0.1494354433763239, ""custom"": 0.014549671190367717}",0.007919962207476297,0.007919962207476297,stage3_l_opt,l_opt_current_alpha,0.5358366600479265,0.552671522701182,0.05032697059374161,0.05,False,False,True,True,0.0011188959081967669,True,not_needed,,,,,0,False,5625,84505
14,2,0.3,0.0,uniform,0,trimmed,0.5,guarded,controlled,5,1,0,13,0.008037997609310985,custom,"{""bfgs"": 0.1494354433763239, ""custom"": 0.014549671190367717}",0.007919962207476297,0.007919962207476297,stage3_l_opt,l_opt_current_alpha,0.5358366600479265,0.552671522701182,0.05032697059374161,0.05,False,False,True,True,0.0011188959081967669,True,not_needed,,,,,0,False,6050,91600
14,2,0.3,0.0,uniform,0,trimmed,0.5,guarded,controlled,5,1,0,14,0.008037997609310985,custom,"{""bfgs"": 0.1494354433763239, ""custom"": 0.014549671190367717}",0.007919962207476297,0.007919962207476297,stage3_l_opt,l_opt_current_alpha,0.5358366600479265,0.552671522701182,0.05032697059374161,0.05,False,False,True,True,0.0011188959081967669,True,not_needed,,,,,0,False,6475,98695
14,2,0.3,0.0,uniform,0,trimmed,0.5,guarded,controlled,5,1,0,15,0.008037997609310985,custom,"{""bfgs"": 0.1494354433763239, ""custom"": 0.014549671190367717}",0.007919962207476297,0.007919962207476297,stage3_l_opt,l_opt_current_alpha,0.5358366600479265,0.552671522701182,0.05032697059374161,0.05,False,False,True,True,0.0011188959081967669,True,not_needed,,,,,0,False,6900,105790
14,2,0.3,0.0,uniform,0,trimmed,0.5,guarded,controlled,5,1,0,16,0.008037997609310985,custom,"{""bfgs"": 0.1494354433763239, ""custom"": 0.014549671190367717}",0.007919962207476297,0.007919962207476297,stage3_l_opt,l_opt_current_alpha,0.5358366600479265,0.552671522701182,0.05032697059374161,0.05,False,False,True,True,0.0011188959081967669,True,not_needed,,,,,0,False,7325,112885
14,2,0.3,0.0,uniform,0,trimmed,0.5,guarded,controlled,5,1,0,17,0.008037997609310985,custom,"{""bfgs"": 0.1494354433763239, ""custom"": 0.014549671190367717}",0.007919962207476297,0.007919962207476297,stage3_l_opt,l_opt_current_alpha,0.5358366600479265,0.552671522701182,0.05032697059374161,0.05,False,False,True,True,0.0011188959081967669,True,not_needed,,,,,0,False,7750,119980
14,2,0.3,0.0,uniform,0,trimmed,0.5,guarded,controlled,5,1,0,18,0.008037997609310985,custom,"{""bfgs"": 0.1494354433763239, ""custom"": 0.014549671190367717}",0.007919962207476297,0.007919962207476297,stage3_l_opt,l_opt_current_alpha,0.5358366600479265,0.552671522701182,0.05032697059374161,0.05,False,False,True,True,0.0011188959081967669,True,not_needed,,,,,0,False,8175,127075
14,2,0.3,0.0,uniform,0,trimmed,0.5,guarded,controlled,5,1,0,19,0.008037997609310985,custom,"{""bfgs"": 0.1494354433763239, ""custom"": 0.014549671190367717}",0.007919962207476297,0.007919962207476297,stage3_l_opt,l_opt_current_alpha,0.5358366600479265,0.552671522701182,0.05032697059374161,0.05,False,False,True,True,0.0011188959081967669,True,not_needed,,,,,0,False,8600,134170
14,2,0.3,0.0,uniform,0,trimmed,0.5,guarded,controlled,5,1,1,0,0.008469764826752352,custom,"{""bfgs"": 0.04504760634154081, ""custom"": 0.006280062720179558}",0.006280062720179558,0.006280062720179558,stage3_l_opt,l_opt_current_alpha,1.47,1.5,0.7349999999999999,0.5,False,True,True,False,,True,not_needed,,,,,0,False,380,4340
14,2,0.3,0.0,uniform,0,trimmed,0.5,guarded,controlled,5,1,1,1,0.02045408379454234,custom,"{""bfgs"": 0.10985350035130977, ""custom"": 0.007996814846992493}",0.015670880675315857,0.015670880675315857,stage3_l_opt,l_opt_current_alpha,0.6926191979591474,0.7217542836317831,0.36749999999999994,0.25,False,False,True,True,0.0093908179551363,True,not_needed,,,,,0,False,1452,9296
14,2,0.3,0.0,uniform,0,trimmed,0.5,guarded,controlled,5,1,1,2,0.006786354126150283,custom,"{""bfgs"": 0.046822128323838114, ""custom"": 0.006841568136587739}",0.004497004672884941,0.004497004672884941,stage3_l_opt,l_opt_current_alpha,0.5264790557744605,0.54222352630047,0.1316197639436152,0.25,True,True,True,False,-0.0017830580472946167,True,not_needed,,,,,0,False,1988,14232
14,2,0.3,0.0,uniform,0,trimmed,0.5,guarded,controlled,5,1,1,3,0.009200729084342482,custom,"{""bfgs"": 0.1135767063420822, ""custom"": 0.007630325466182284}",0.005829440429806709,0.005829440429806709,stage3_l_opt,l_opt_current_alpha,1.3330526487576737,1.3578027910417854,0.0658098819718076,0.125,False,False,True,True,0.0013324357569217682,True,not_needed,,,,,0,False,2708,18680
14,2,0.3,0.0,uniform,0,trimmed,0.5,guarded,controlled,5,1,1,4,0.009273903484957102,custom,"{""bfgs"": 0.10936710947391799, ""custom"": 0.0073459422593708055}",0.00574253685772419,0.00574253685772419,stage3_l_opt,l_opt_current_alpha,0.3604302899054306,0.3733222646260432,0.0329049409859038,0.0625,False,False,True,True,0.0012455321848392487,True,not_needed,,,,,0,False,3148,21768
14,2,0.3,0.0,uniform,0,trimmed,0.5,guarded,controlled,5,1,1,5,0.006230889899353538,custom,"{""bfgs"": 0.1043871542123396, ""custom"": 0.007198449756543429}",0.004482649266719818,0.004482649266719818,stage3_l_opt,l_opt_current_alpha,0.4032199137380206,0.4167170188286393,0.025201244608626328,0.0625,True,True,True,False,-1.4355406165122986e-05,True,not_needed,,,,,0,False,3568,25400
14,2,0.3,0.0,uniform,0,trimmed,0.5,guarded,controlled,5,1,1,6,0.009476144230595568,custom,"{""bfgs"": 0.11236797743026686, ""custom"": 0.007183603926835203}",0.005650695413351059,0.005650695413351059,stage3_l_opt,l_opt_current_alpha,0.6177731675391769,0.639034961654245,0.020160995686901023,0.05,False,False,True,True,0.0011680461466312408,True,not_needed,,,,,0,False,4152,29188
14,2,0.3,0.0,uniform,0,trimmed,0.5,guarded,controlled,5,1,1,7,0.00947747884627757,custom,"{""bfgs"": 0.10577800486259623, ""custom"": 0.005759365777272587}",0.003985367715358734,0.003985367715358734,stage3_l_opt,l_opt_current_alpha,0.10902733876719156,0.1169319626479341,0.005451366938359625,0.05,True,True,True,False,-0.000497281551361084,True,not_needed,,,,,0,False,5032,33320
14,2,0.3,0.0,uniform,0,trimmed,0.5,guarded,controlled,5,1,1,8,0.009474714021772341,custom,"{""bfgs"": 0.11164579352607792, ""custom"": 0.005797037756060489}",0.003998920321464539,0.003998920321464539,stage3_l_opt,l_opt_current_alpha,0.13976457681321217,0.1397677746776615,0.00698822884066061,0.05,True,True,True,False,1.3552606105804443e-05,True,not_needed,,,,,0,False,5772,36916
14,2,0.3,0.0,uniform,0,trimmed,0.5,guarded,controlled,5,1,1,9,0.009823793334152401,custom,"{""bfgs"": 0.09193388418521885, ""custom"": 0.007125594232968709}",0.005672812461853027,0.005672812461853027,stage3_l_opt,l_opt_current_alpha,0.7011320947133899,0.7240350443156582,0.00698822884066061,0.05,False,False,True,True,0.0016738921403884888,True,not_needed,,,,,0,False,6212,41640
14,2,0.3,0.0,uniform,0,trimmed,0.5,guarded,controlled,5,1,1,10,0.009823793334152401,custom,"{""bfgs"": 0.09193388418521885, ""custom"": 0.007125594232968709}",0.005672812461853027,0.005672812461853027,stage3_l_opt,l_opt_current_alpha,0.7011320947133899,0.7240350443156582,0.00698822884066061,0.05,False,False,True,True,0.0016738921403884888,True,not_needed,,,,,0,False,6652,46364
14,2,0.3,0.0,uniform,0,trimmed,0.5,guarded,controlled,5,1,1,11,0.009823793334152401,custom,"{""bfgs"": 0.09193388418521885, ""custom"": 0.007125594232968709}",0.005672812461853027,0.005672812461853027,stage3_l_opt,l_opt_current_alpha,0.7011320947133899,0.7240350443156582,0.00698822884066061,0.05,False,False,True,True,0.0016738921403884888,True,not_needed,,,,,0,False,7092,51088
14,2,0.3,0.0,uniform,0,trimmed,0.5,guarded,controlled,5,1,1,12,0.009823793334152401,custom,"{""bfgs"": 0.09193388418521885, ""custom"": 0.007125594232968709}",0.005672812461853027,0.005672812461853027,stage3_l_opt,l_opt_current_alpha,0.7011320947133899,0.7240350443156582,0.00698822884066061,0.05,False,False,True,True,0.0016738921403884888,True,not_needed,,,,,0,False,7532,55812
14,2,0.3,0.0,uniform,0,trimmed,0.5,guarded,controlled,5,1,1,13,0.009823793334152401,custom,"{""bfgs"": 0.09193388418521885, ""custom"": 0.007125594232968709}",0.005672812461853027,0.005672812461853027,stage3_l_opt,l_opt_current_alpha,0.7011320947133899,0.7240350443156582,0.00698822884066061,0.05,False,False,True,True,0.0016738921403884888,True,not_needed,,,,,0,False,7972,60536
14,2,0.3,0.0,uniform,0,trimmed,0.5,guarded,controlled,5,1,1,14,0.009823793334152401,custom,"{""bfgs"": 0.09193388418521885, ""custom"": 0.007125594232968709}",0.005672812461853027,0.005672812461853027,stage3_l_opt,l_opt_current_alpha,0.7011320947133899,0.7240350443156582,0.00698822884066061,0.05,False,False,True,True,0.0016738921403884888,True,not_needed,,,,,0,False,8412,65260
14,2,0.3,0.0,uniform,0,trimmed,0.5,guarded,controlled,5,1,1,15,0.009823793334152401,custom,"{""bfgs"": 0.09193388418521885, ""custom"": 0.007125594232968709}",0.005672812461853027,0.005672812461853027,stage3_l_opt,l_opt_current_alpha,0.7011320947133899,0.7240350443156582,0.00698822884066061,0.05,False,False,True,True,0.0016738921403884888,True,not_needed,,,,,0,False,8852,69984
14,2,0.3,0.0,uniform,0,trimmed,0.5,guarded,controlled,5,1,1,16,0.009823793334152401,custom,"{""bfgs"": 0.09193388418521885, ""custom"": 0.007125594232968709}",0.005672812461853027,0.005672812461853027,stage3_l_opt,l_opt_current_alpha,0.7011320947133899,0.7240350443156582,0.00698822884066061,0.05,False,False,True,True,0.0016738921403884888,True,not_needed,,,,,0,False,9292,74708
14,2,0.3,0.0,uniform,0,trimmed,0.5,guarded,controlled,5,1,1,17,0.009823793334152401,custom,"{""bfgs"": 0.09193388418521885, ""custom"": 0.007125594232968709}",0.005672812461853027,0.005672812461853027,stage3_l_opt,l_opt_current_alpha,0.7011320947133899,0.7240350443156582,0.00698822884066061,0.05,False,False,True,True,0.0016738921403884888,True,not_needed,,,,,0,False,9732,79432
14,2,0.3,0.0,uniform,0,trimmed,0.5,guarded,controlled,5,1,1,18,0.009823793334152401,custom,"{""bfgs"": 0.09193388418521885, ""custom"": 0.007125594232968709}",0.005672812461853027,0.005672812461853027,stage3_l_opt,l_opt_current_alpha,0.7011320947133899,0.7240350443156582,0.00698822884066061,0.05,False,False,True,True,0.0016738921403884888,True,not_needed,,,,,0,False,10172,84156
14,2,0.3,0.0,uniform,0,trimmed,0.5,guarded,controlled,5,1,1,19,0.009823793334152401,custom,"{""bfgs"": 0.09193388418521885, ""custom"": 0.007125594232968709}",0.005672812461853027,0.005672812461853027,stage3_l_opt,l_opt_current_alpha,0.7011320947133899,0.7240350443156582,0.00698822884066061,0.05,False,False,True,True,0.0016738921403884888,True,not_needed,,,,,0,False,10612,88880
15,2,0.3,0.0,uniform,0,trimmed,0.5,guarded,controlled,5,1,0,0,0.006477254298991354,custom,"{""bfgs"": 0.16649131327867508, ""custom"": 0.01837843134999275}",0.0161590576171875,0.0161590576171875,stage3_l_opt,l_opt_current_alpha,1.1760000000000002,1.2,0.5880000000000001,0.5,False,True,True,False,,True,not_needed,,,,,0,False,1950,6075
15,2,0.3,0.0,uniform,0,trimmed,0.5,guarded,controlled,5,1,0,1,0.008253097629780225,custom,"{""bfgs"": 0.024378764258610464, ""custom"": 0.008870591519903688}",0.011208520581324896,0.011208520581324896,stage3_l_opt,l_opt_current_alpha,0.5642789507453195,0.5877948476993057,0.28213947537265976,0.5,True,True,True,False,-0.004950537035862604,True,not_needed,,,,,0,False,4330,15435
15,2,0.3,0.0,uniform,0,trimmed,0.5,guarded,controlled,5,1,0,2,0.008273994660613772,custom,"{""bfgs"": 0.033359252706992575, ""custom"": 0.009470773648833105}",0.011236366194983324,0.011236366194983324,stage3_l_opt,l_opt_current_alpha,0.20260672828589288,0.22449950795239387,0.10130336414294651,0.5,True,True,True,False,2.7845613658428192e-05,True,not_needed,,,,,0,False,6250,24660
15,2,0.3,0.0,uniform,0,trimmed,0.5,guarded,controlled,5,1,0,3,0.011617495920277748,custom,"{""bfgs"": 0.03994174204346696, ""custom"": 0.004060694936615044}",0.014139313250780106,0.014139313250780106,stage3_l_opt,l_opt_current_alpha,0.1497933384016184,0.15777163707390182,0.0506516820714732,0.25,False,False,True,True,0.0029029470557967816,True,not_needed,,,,,0,False,7090,33855
15,2,0.3,0.0,uniform,0,trimmed,0.5,guarded,controlled,5,1,0,4,0.006076687430846554,bfgs,"{""bfgs"": 0.00854320254892439, ""custom"": 0.009226512018749699}",0.010369614077111086,0.010369614077111086,stage3_l_opt,l_opt_current_alpha,0.29870226299654734,0.2986015978110613,0.07467556574913681,0.25,True,True,True,False,-0.0008667521178722382,True,not_needed,,,,,0,False,9180,43145
15,2,0.3,0.0,uniform,0,trimmed,0.5,guarded,controlled,5,1,0,5,0.008409936811748134,custom,"{""bfgs"": 0.028685351806572154, ""custom"": 0.010460045548402623}",0.0113223260268569,0.0113223260268569,stage3_l_opt,l_opt_current_alpha,0.17630301721101854,0.18072032912590208,0.03733778287456839,0.125,False,False,True,True,0.0009527119497458134,True,not_needed,,,,,0,False,10990,50670
15,2,0.3,0.0,uniform,0,trimmed,0.5,guarded,controlled,5,1,0,6,0.008294115318256155,custom,"{""bfgs"": 0.06033593169431381, ""custom"": 0.009978907917399223}",0.011157052281002203,0.011157052281002203,stage3_l_opt,l_opt_current_alpha,0.8675970724059497,0.8900902179252923,0.018668891437284188,0.0625,False,False,True,True,0.0007874382038911172,True,not_needed,,,,,0,False,14115,58605
15,2,0.3,0.0,uniform,0,trimmed,0.5,guarded,controlled,5,1,0,7,0.008263953456587834,custom,"{""bfgs"": 0.10779036252691819, ""custom"": 0.009501546615271483}",0.011229077043632666,0.011229077043632666,stage3_l_opt,l_opt_current_alpha,0.2754029048531395,0.2752077403471204,0.014935113149827296,0.05,False,False,True,True,0.0008594629665215799,True,not_needed,,,,,0,False,16170,68685
15,2,0.3,0.0,uniform,0,trimmed,0.5,guarded,controlled,5,1,0,8,0.008276956075324337,custom,"{""bfgs"": 0.05873619210093357, ""custom"": 0.009446270986193975}",0.011237648936609427,0.011237648936609427,stage3_l_opt,l_opt_current_alpha,0.31193757210889095,0.312411813500184,0.014935113149827296,0.05,False,False,True,True,0.0008680348594983407,True,not_needed,,,,,0,False,18295,79005
15,2,0.3,0.0,uniform,0,trimmed,0.5,guarded,controlled,5,1,0,9,0.008276956075324337,custom,"{""bfgs"": 0.05873619210093357, ""custom"": 0.009446270986193975}",0.011237648936609427,0.011237648936609427,stage3_l_opt,l_opt_current_alpha,0.31193757210889095,0.312411813500184,0.014935113149827296,0.05,False,False,True,True,0.0008680348594983407,True,not_needed,,,,,0,False,20420,89325
15,2,0.3,0.0,uniform,0,trimmed,0.5,guarded,controlled,5,1,0,10,0.008276956075324337,custom,"{""bfgs"": 0.05873619210093357, ""custom"": 0.009446270986193975}",0.011237648936609427,0.011237648936609427,stage3_l_opt,l_opt_current_alpha,0.31193757210889095,0.312411813500184,0.014935113149827296,0.05,False,False,True,True,0.0008680348594983407,True,not_needed,,,,,0,False,22545,99645
15,2,0.3,0.0,uniform,0,trimmed,0.5,guarded,controlled,5,1,0,11,0.008276956075324337,custom,"{""bfgs"": 0.05873619210093357, ""custom"": 0.009446270986193975}",0.011237648936609427,0.011237648936609427,stage3_l_opt,l_opt_current_alpha,0.31193757210889095,0.312411813500184,0.014935113149827296,0.05,False,False,True,True,0.0008680348594983407,True,not_needed,,,,,0,False,24670,109965
15,2,0.3,0.0,uniform,0,trimmed,0.5,guarded,controlled,5,1,0,12,0.008276956075324337,custom,"{""bfgs"": 0.05873619210093357, ""custom"": 0.009446270986193975}",0.011237648936609427,0.011237648936609427,stage3_l_opt,l_opt_current_alpha,0.31193757210889095,0.312411813500184,0.014935113149827296,0.05,False,False,True,True,0.0008680348594983407,True,not_needed,,,,,0,False,26795,120285
15,2,0.3,0.0,uniform,0,trimmed,0.5,guarded,controlled,5,1,0,13,0.008276956075324337,custom,"{""bfgs"": 0.05873619210093357, ""custom"": 0.009446270986193975}",0.011237648936609427,0.011237648936609427,stage3_l_opt,l_opt_current_alpha,0.31193757210889095,0.312411813500184,0.014935113149827296,0.05,False,False,True,True,0.0008680348594983407,True,not_needed,,,,,0,False,28920,130605
15,2,0.3,0.0,uniform,0,trimmed,0.5,guarded,controlled,5,1,0,14,0.008276956075324337,custom,"{""bfgs"": 0.05873619210093357, ""custom"": 0.009446270986193975}",0.011237648936609427,0.011237648936609427,stage3_l_opt,l_opt_current_alpha,0.31193757210889095,0.312411813500184,0.014935113149827296,0.05,False,False,True,True,0.0008680348594983407,True,not_needed,,,,,0,False,31045,140925
15,2,0.3,0.0,uniform,0,trimmed,0.5,guarded,controlled,5,1,0,15,0.008276956075324337,custom,"{""bfgs"": 0.05873619210093357, ""custom"": 0.009446270986193975}",0.011237648936609427,0.011237648936609427,stage3_l_opt,l_opt_current_alpha,0.31193757210889095,0.312411813500184,0.014935113149827296,0.05,False,False,True,True,0.0008680348594983407,True,not_needed,,,,,0,False,33170,151245
15,2,0.3,0.0,uniform,0,trimmed,0.5,guarded,controlled,5,1,0,16,0.008276956075324337,custom,"{""bfgs"": 0.05873619210093357, ""custom"": 0.009446270986193975}",0.011237648936609427,0.011237648936609427,stage3_l_opt,l_opt_current_alpha,0.31193757210889095,0.312411813500184,0.014935113149827296,0.05,False,False,True,True,0.0008680348594983407,True,not_needed,,,,,0,False,35295,161565
15,2,0.3,0.0,uniform,0,trimmed,0.5,guarded,controlled,5,1,0,17,0.008276956075324337,custom,"{""bfgs"": 0.05873619210093357, ""custom"": 0.009446270986193975}",0.011237648936609427,0.011237648936609427,stage3_l_opt,l_opt_current_alpha,0.31193757210889095,0.312411813500184,0.014935113149827296,0.05,False,False,True,True,0.0008680348594983407,True,not_needed,,,,,0,False,37420,171885
15,2,0.3,0.0,uniform,0,trimmed,0.5,guarded,controlled,5,1,0,18,0.008276956075324337,custom,"{""bfgs"": 0.05873619210093357, ""custom"": 0.009446270986193975}",0.011237648936609427,0.011237648936609427,stage3_l_opt,l_opt_current_alpha,0.31193757210889095,0.312411813500184,0.014935113149827296,0.05,False,False,True,True,0.0008680348594983407,True,not_needed,,,,,0,False,39545,182205
15,2,0.3,0.0,uniform,0,trimmed,0.5,guarded,controlled,5,1,0,19,0.008276956075324337,custom,"{""bfgs"": 0.05873619210093357, ""custom"": 0.009446270986193975}",0.011237648936609427,0.011237648936609427,stage3_l_opt,l_opt_current_alpha,0.31193757210889095,0.312411813500184,0.014935113149827296,0.05,False,False,True,True,0.0008680348594983407,True,not_needed,,,,,0,False,41670,192525
16,2,0.3,0.0,uniform,0,trimmed,0.5,guarded,controlled,5,1,0,0,0.007288664108545269,custom,"{""bfgs"": 0.03128042770549656, ""custom"": 0.019218004867434503}",0.017561811332901318,0.017561811332901318,stage3_l_opt,l_opt_current_alpha,1.568,1.6,0.7839999999999999,0.5,False,True,True,False,,True,not_needed,,,,,0,False,1680,8730
16,2,0.3,0.0,uniform,0,trimmed,0.5,guarded,controlled,5,1,0,1,0.006581448839859252,custom,"{""bfgs"": 0.035458189622499046, ""custom"": 0.013750636238604785}",0.03080096406241258,0.03080096406241258,stage3_l_opt,l_opt_current_alpha,0.392,0.4080609382223763,0.39199999999999996,0.25,False,False,True,True,0.013239152729511261,True,not_needed,,,,,0,False,3065,17990
16,2,0.3,0.0,uniform,0,trimmed,0.5,guarded,controlled,5,1,0,2,0.007286235877087125,custom,"{""bfgs"": 0.02024657205305994, ""custom"": 0.018249373750761154}",0.017561084901293118,0.017561084901293118,stage3_l_opt,l_opt_current_alpha,1.3719999999999999,1.3960000000000001,0.34299999999999997,0.25,True,True,True,False,-7.264316082000732e-07,True,not_needed,,,,,0,False,5500,26310
16,2,0.3,0.0,uniform,0,trimmed,0.5,guarded,controlled,5,1,0,3,0.00734305320491194,custom,"{""bfgs"": 0.03222770508002675, ""custom"": 0.016672978737737376}",0.017549671853582065,0.017549671853582065,stage3_l_opt,l_opt_current_alpha,1.1426704023162937,1.1662667310901431,0.2856676005790734,0.25,True,True,True,False,-1.1413047711052171e-05,True,not_needed,,,,,0,False,7480,36230
16,2,0.3,0.0,uniform,0,trimmed,0.5,guarded,controlled,5,1,0,4,0.018053203221415813,custom,"{""bfgs"": 0.09734284430553163, ""custom"": 0.015959477136972457}",0.014615110432108244,0.014615110432108244,stage3_l_opt,l_opt_current_alpha,0.22913182189973524,0.2267015058531704,0.057282955474933894,0.25,True,True,True,False,-0.0029345614214738216,True,not_needed,,,,,0,False,9520,42935
16,2,0.3,0.0,uniform,0,trimmed,0.5,guarded,controlled,5,1,0,5,0.007408948361929032,custom,"{""bfgs"": 0.09198061898181961, ""custom"": 0.01625663060445859}",0.017535437519351642,0.017535437519351642,stage3_l_opt,l_opt_current_alpha,1.3439844188522432,1.373545408578767,0.028641477737466975,0.125,False,False,True,True,0.0029203270872433986,True,not_needed,,,,,0,False,12395,53215
16,2,0.3,0.0,uniform,0,trimmed,0.5,guarded,controlled,5,1,0,6,0.007454815583992639,custom,"{""bfgs"": 0.0731424423948554, ""custom"": 0.015907935614716234}",0.017525816336274147,0.017525816336274147,stage3_l_opt,l_opt_current_alpha,0.9597568740547757,0.9815707580379309,0.014320738868733418,0.0625,False,False,True,True,0.002910705904165903,True,not_needed,,,,,0,False,13485,60275
16,2,0.3,0.0,uniform,0,trimmed,0.5,guarded,controlled,5,1,0,7,0.018204416111246083,bfgs,"{""bfgs"": 0.015640522900216728, ""custom"": 0.016211277207185876}",0.014889777327577272,0.014889777327577272,stage3_l_opt,l_opt_current_alpha,0.1591026168642235,0.15644109036516884,0.011456591094986812,0.05,False,False,True,True,0.0002746668954690286,True,not_needed,,,,,0,False,15440,67845
16,2,0.3,0.0,uniform,0,trimmed,0.5,guarded,controlled,5,1,0,8,0.018098115729903455,custom,"{""bfgs"": 0.021951427862878983, ""custom"": 0.01591155980155473}",0.014591893181204796,0.014591893181204796,stage3_l_opt,l_opt_current_alpha,0.18994402646546188,0.1878492043888395,0.009497201323273127,0.05,True,True,True,False,-2.3217250903448047e-05,True,not_needed,,,,,0,False,18480,78945
16,2,0.3,0.0,uniform,0,trimmed,0.5,guarded,controlled,5,1,0,9,0.007493134391204152,custom,"{""bfgs"": 0.035716671085232896, ""custom"": 0.01581777020181296}",0.017517995710174244,0.017517995710174244,stage3_l_opt,l_opt_current_alpha,0.8587171440388193,0.8784679927936524,0.009497201323273127,0.05,False,False,True,True,0.002926102528969448,True,not_needed,,,,,0,False,20805,86845
16,2,0.3,0.0,uniform,0,trimmed,0.5,guarded,controlled,5,1,0,10,0.007493134391204152,custom,"{""bfgs"": 0.035716671085232896, ""custom"": 0.01581777020181296}",0.017517995710174244,0.017517995710174244,stage3_l_opt,l_opt_current_alpha,0.8587171440388193,0.8784679927936524,0.009497201323273127,0.05,False,False,True,True,0.002926102528969448,True,not_needed,,,,,0,False,23130,94745
16,2,0.3,0.0,uniform,0,trimmed,0.5,guarded,controlled,5,1,0,11,0.007493134391204152,custom,"{""bfgs"": 0.035716671085232896, ""custom"": 0.01581777020181296}",0.017517995710174244,0.017517995710174244,stage3_l_opt,l_opt_current_alpha,0.8587171440388193,0.8784679927936524,0.009497201323273127,0.05,False,False,True,True,0.002926102528969448,True,not_needed,,,,,0,False,25455,102645
16,2,0.3,0.0,uniform,0,trimmed,0.5,guarded,controlled,5,1,0,12,0.007493134391204152,custom,"{""bfgs"": 0.035716671085232896, ""custom"": 0.01581777020181296}",0.017517995710174244,0.017517995710174244,stage3_l_opt,l_opt_current_alpha,0.8587171440388193,0.8784679927936524,0.009497201323273127,0.05,False,False,True,True,0.002926102528969448,True,not_needed,,,,,0,False,27780,110545
16,2,0.3,0.0,uniform,0,trimmed,0.5,guarded,controlled,5,1,0,13,0.007493134391204152,custom,"{""bfgs"": 0.035716671085232896, ""custom"": 0.01581777020181296}",0.017517995710174244,0.017517995710174244,stage3_l_opt,l_opt_current_alpha,0.8587171440388193,0.8784679927936524,0.009497201323273127,0.05,False,False,True,True,0.002926102528969448,True,not_needed,,,,,0,False,30105,118445
16,2,0.3,0.0,uniform,0,trimmed,0.5,guarded,controlled,5,1,0,14,0.007493134391204152,custom,"{""bfgs"": 0.035716671085232896, ""custom"": 0.01581777020181296}",0.017517995710174244,0.017517995710174244,stage3_l_opt,l_opt_current_alpha,0.8587171440388193,0.8784679927936524,0.009497201323273127,0.05,False,False,True,True,0.002926102528969448,True,not_needed,,,,,0,False,32430,126345
16,2,0.3,0.0,uniform,0,trimmed,0.5,guarded,controlled,5,1,0,15,0.007493134391204152,custom,"{""bfgs"": 0.035716671085232896, ""custom"": 0.01581777020181296}",0.017517995710174244,0.017517995710174244,stage3_l_opt,l_opt_current_alpha,0.8587171440388193,0.8784679927936524,0.009497201323273127,0.05,False,False,True,True,0.002926102528969448,True,not_needed,,,,,0,False,34755,134245
16,2,0.3,0.0,uniform,0,trimmed,0.5,guarded,controlled,5,1,0,16,0.007493134391204152,custom,"{""bfgs"": 0.035716671085232896, ""custom"": 0.01581777020181296}",0.017517995710174244,0.017517995710174244,stage3_l_opt,l_opt_current_alpha,0.8587171440388193,0.8784679927936524,0.009497201323273127,0.05,False,False,True,True,0.002926102528969448,True,not_needed,,,,,0,False,37080,142145
16,2,0.3,0.0,uniform,0,trimmed,0.5,guarded,controlled,5,1,0,17,0.007493134391204152,custom,"{""bfgs"": 0.035716671085232896, ""custom"": 0.01581777020181296}",0.017517995710174244,0.017517995710174244,stage3_l_opt,l_opt_current_alpha,0.8587171440388193,0.8784679927936524,0.009497201323273127,0.05,False,False,True,True,0.002926102528969448,True,not_needed,,,,,0,False,39405,150045
16,2,0.3,0.0,uniform,0,trimmed,0.5,guarded,controlled,5,1,0,18,0.007493134391204152,custom,"{""bfgs"": 0.035716671085232896, ""custom"": 0.01581777020181296}",0.017517995710174244,0.017517995710174244,stage3_l_opt,l_opt_current_alpha,0.8587171440388193,0.8784679927936524,0.009497201323273127,0.05,False,False,True,True,0.002926102528969448,True,not_needed,,,,,0,False,41730,157945
16,2,0.3,0.0,uniform,0,trimmed,0.5,guarded,controlled,5,1,0,19,0.007493134391204152,custom,"{""bfgs"": 0.035716671085232896, ""custom"": 0.01581777020181296}",0.017517995710174244,0.017517995710174244,stage3_l_opt,l_opt_current_alpha,0.8587171440388193,0.8784679927936524,0.009497201323273127,0.05,False,False,True,True,0.002926102528969448,True,not_needed,,,,,0,False,44055,165845
17,2,0.3,0.0,uniform,0,trimmed,0.5,guarded,controlled,5,1,0,0,0.00438044316224471,bfgs,"{""bfgs"": 0.022577305138111115, ""custom"": 0.035333561897277835}",0.023658573627471924,0.023658573627471924,stage3_l_opt,l_opt_current_alpha,1.1139237413035632,1.1366568788811868,0.5569618706517816,0.5,False,True,True,False,,True,not_needed,,,,,0,False,1995,7690
17,2,0.3,0.0,uniform,0,trimmed,0.5,guarded,controlled,5,1,0,1,0.01739966702637788,custom,"{""bfgs"": 0.11987934692757571, ""custom"": 0.02982753911207278}",0.02948411802450816,0.02948411802450816,stage3_l_opt,l_opt_current_alpha,1.0261777193090333,1.0581777193090334,0.2784809353258908,0.25,False,False,True,True,0.005825544397036236,True,not_needed,,,,,0,False,2520,14850
17,2,0.3,0.0,uniform,0,trimmed,0.5,guarded,controlled,5,1,0,2,0.0034784377193582405,bfgs,"{""bfgs"": 0.027164877434097557, ""custom"": 0.027164877434097557}",0.020100536445776623,0.020100536445776623,stage3_l_opt,l_opt_current_alpha,,,0.0,0.25,False,False,False,False,-0.003558037181695301,False,audited_uninformative,4,0.027164877434097557,0.027164877434097557,0.0,1,False,5610,28200
17,2,0.3,0.0,uniform,0,trimmed,0.5,guarded,controlled,5,1,1,0,0.00964521807791438,custom,"{""bfgs"": 0.13640013709664345, ""custom"": 0.04210005432832986}",0.04210005432832986,0.04210005432832986,stage3_l_opt,l_opt_current_alpha,0.9800000000000001,1.0,0.49,0.5,False,True,True,False,,True,not_needed,,,,,0,False,308,3404
17,2,0.3,0.0,uniform,0,trimmed,0.5,guarded,controlled,5,1,1,1,0.032599243325278165,custom,"{""bfgs"": 0.14454434655834172, ""custom"": 0.04123221000568459}",0.032918836921453476,0.032918836921453476,stage3_l_opt,l_opt_current_alpha,1.1514071562628914,1.17969875986862,0.5757035781314457,0.5,True,True,True,False,-0.009181217406876385,True,not_needed,,,,,0,False,1060,5916
17,2,0.3,0.0,uniform,0,trimmed,0.5,guarded,controlled,5,1,1,2,0.04975819006840301,custom,"{""bfgs"": 0.12132297038985643, ""custom"": 0.03141141852997829}",0.04898499418050051,0.04898499418050051,stage3_l_opt,l_opt_current_alpha,0.5644188382929788,0.5735408409069395,0.2878517890657229,0.25,False,False,True,True,0.01606615725904703,True,not_needed,,,,,0,False,1448,9784
17,2,0.3,0.0,uniform,0,trimmed,0.5,guarded,controlled,5,1,1,3,0.04272840113888682,custom,"{""bfgs"": 0.13293365847409905, ""custom"": 0.03658504661434817}",0.03918131534010172,0.03918131534010172,stage3_l_opt,l_opt_current_alpha,0.451714870009214,0.45608841704382336,0.14392589453286142,0.125,False,False,True,True,0.006262478418648243,True,not_needed,,,,,0,False,2196,13588
17,2,0.3,0.0,uniform,0,trimmed,0.5,guarded,controlled,5,1,1,4,0.01679905286082156,bfgs,"{""bfgs"": 0.018986416291004032, ""custom"": 0.018986557806503435}",0.016472757793962955,0.016472757793962955,stage3_l_opt,l_opt_current_alpha,0.5357767557140964,0.5412995247677497,0.06697209446426201,0.125,True,True,True,False,-0.01644607912749052,True,recovered_informative,4,0.042313028038155814,0.018986557806503435,0.02332647023165238,1,True,3816,22420
17,2,0.3,0.0,uniform,0,trimmed,0.5,guarded,controlled,5,1,1,5,0.040376262819067726,custom,"{""bfgs"": 0.13919865879646637, ""custom"": 0.04108594942489048}",0.03697906341403723,0.03697906341403723,stage3_l_opt,l_opt_current_alpha,1.3174267140269706,1.3474267140269705,0.03348604723213103,0.0625,False,False,True,True,0.020506305620074272,True,not_needed,,,,,0,False,4568,26552
17,2,0.3,0.0,uniform,0,trimmed,0.5,guarded,controlled,5,1,1,6,0.042632930756746346,custom,"{""bfgs"": 0.13896883065634338, ""custom"": 0.0450776548027924}",0.040621534921228886,0.040621534921228886,stage3_l_opt,l_opt_current_alpha,1.1065811900887135,1.1365811900887135,0.026788837785704872,0.05,False,False,True,True,0.02414877712726593,True,not_needed,,,,,0,False,5060,30588
17,2,0.3,0.0,uniform,0,trimmed,0.5,guarded,controlled,5,1,1,7,0.04258443840169536,custom,"{""bfgs"": 0.13892286502831877, ""custom"": 0.04482791178604578}",0.04051548335701227,0.04051548335701227,stage3_l_opt,l_opt_current_alpha,1.1035034890808364,1.1335034890808364,0.026788837785704872,0.05,False,False,True,True,0.024042725563049316,True,not_needed,,,,,0,False,5796,36168
17,2,0.3,0.0,uniform,0,trimmed,0.5,guarded,controlled,5,1,1,8,0.04258443840169536,custom,"{""bfgs"": 0.13892286502831877, ""custom"": 0.04482791178604578}",0.04051548335701227,0.04051548335701227,stage3_l_opt,l_opt_current_alpha,1.1035034890808364,1.1335034890808364,0.026788837785704872,0.05,False,False,True,True,0.024042725563049316,True,not_needed,,,,,0,False,6532,41748
17,2,0.3,0.0,uniform,0,trimmed,0.5,guarded,controlled,5,1,1,9,0.04258443840169536,custom,"{""bfgs"": 0.13892286502831877, ""custom"": 0.04482791178604578}",0.04051548335701227,0.04051548335701227,stage3_l_opt,l_opt_current_alpha,1.1035034890808364,1.1335034890808364,0.026788837785704872,0.05,False,False,True,True,0.024042725563049316,True,not_needed,,,,,0,False,7268,47328
17,2,0.3,0.0,uniform,0,trimmed,0.5,guarded,controlled,5,1,1,10,0.04258443840169536,custom,"{""bfgs"": 0.13892286502831877, ""custom"": 0.04482791178604578}",0.04051548335701227,0.04051548335701227,stage3_l_opt,l_opt_current_alpha,1.1035034890808364,1.1335034890808364,0.026788837785704872,0.05,False,False,True,True,0.024042725563049316,True,not_needed,,,,,0,False,8004,52908
17,2,0.3,0.0,uniform,0,trimmed,0.5,guarded,controlled,5,1,1,11,0.04258443840169536,custom,"{""bfgs"": 0.13892286502831877, ""custom"": 0.04482791178604578}",0.04051548335701227,0.04051548335701227,stage3_l_opt,l_opt_current_alpha,1.1035034890808364,1.1335034890808364,0.026788837785704872,0.05,False,False,True,True,0.024042725563049316,True,not_needed,,,,,0,False,8740,58488
17,2,0.3,0.0,uniform,0,trimmed,0.5,guarded,controlled,5,1,1,12,0.04258443840169536,custom,"{""bfgs"": 0.13892286502831877, ""custom"": 0.04482791178604578}",0.04051548335701227,0.04051548335701227,stage3_l_opt,l_opt_current_alpha,1.1035034890808364,1.1335034890808364,0.026788837785704872,0.05,False,False,True,True,0.024042725563049316,True,not_needed,,,,,0,False,9476,64068
17,2,0.3,0.0,uniform,0,trimmed,0.5,guarded,controlled,5,1,1,13,0.04258443840169536,custom,"{""bfgs"": 0.13892286502831877, ""custom"": 0.04482791178604578}",0.04051548335701227,0.04051548335701227,stage3_l_opt,l_opt_current_alpha,1.1035034890808364,1.1335034890808364,0.026788837785704872,0.05,False,False,True,True,0.024042725563049316,True,not_needed,,,,,0,False,10212,69648
17,2,0.3,0.0,uniform,0,trimmed,0.5,guarded,controlled,5,1,1,14,0.04258443840169536,custom,"{""bfgs"": 0.13892286502831877, ""custom"": 0.04482791178604578}",0.04051548335701227,0.04051548335701227,stage3_l_opt,l_opt_current_alpha,1.1035034890808364,1.1335034890808364,0.026788837785704872,0.05,False,False,True,True,0.024042725563049316,True,not_needed,,,,,0,False,10948,75228
17,2,0.3,0.0,uniform,0,trimmed,0.5,guarded,controlled,5,1,1,15,0.04258443840169536,custom,"{""bfgs"": 0.13892286502831877, ""custom"": 0.04482791178604578}",0.04051548335701227,0.04051548335701227,stage3_l_opt,l_opt_current_alpha,1.1035034890808364,1.1335034890808364,0.026788837785704872,0.05,False,False,True,True,0.024042725563049316,True,not_needed,,,,,0,False,11684,80808
17,2,0.3,0.0,uniform,0,trimmed,0.5,guarded,controlled,5,1,1,16,0.04258443840169536,custom,"{""bfgs"": 0.13892286502831877, ""custom"": 0.04482791178604578}",0.04051548335701227,0.04051548335701227,stage3_l_opt,l_opt_current_alpha,1.1035034890808364,1.1335034890808364,0.026788837785704872,0.05,False,False,True,True,0.024042725563049316,True,not_needed,,,,,0,False,12420,86388
17,2,0.3,0.0,uniform,0,trimmed,0.5,guarded,controlled,5,1,1,17,0.04258443840169536,custom,"{""bfgs"": 0.13892286502831877, ""custom"": 0.04482791178604578}",0.04051548335701227,0.04051548335701227,stage3_l_opt,l_opt_current_alpha,1.1035034890808364,1.1335034890808364,0.026788837785704872,0.05,False,False,True,True,0.024042725563049316,True,not_needed,,,,,0,False,13156,91968
17,2,0.3,0.0,uniform,0,trimmed,0.5,guarded,controlled,5,1,1,18,0.04258443840169536,custom,"{""bfgs"": 0.13892286502831877, ""custom"": 0.04482791178604578}",0.04051548335701227,0.04051548335701227,stage3_l_opt,l_opt_current_alpha,1.1035034890808364,1.1335034890808364,0.026788837785704872,0.05,False,False,True,True,0.024042725563049316,True,not_needed,,,,,0,False,13892,97548
17,2,0.3,0.0,uniform,0,trimmed,0.5,guarded,controlled,5,1,1,19,0.04258443840169536,custom,"{""bfgs"": 0.13892286502831877, ""custom"": 0.04482791178604578}",0.04051548335701227,0.04051548335701227,stage3_l_opt,l_opt_current_alpha,1.1035034890808364,1.1335034890808364,0.026788837785704872,0.05,False,False,True,True,0.024042725563049316,True,not_needed,,,,,0,False,14628,103128
18,2,0.3,0.0,uniform,0,trimmed,0.5,guarded,controlled,5,1,0,0,0.021326765182045463,custom,"{""bfgs"": 0.11921324692666531, ""custom"": 0.02263365127146244}",0.008691210920612017,0.008691210920612017,stage3_l_opt,l_opt_current_alpha,0.865089689114702,0.8827445807292876,0.432544844557351,0.5,False,True,True,False,,True,not_needed,,,,,0,False,810,8155
18,2,0.3,0.0,uniform,0,trimmed,0.5,guarded,controlled,5,1,0,1,0.014539455455569332,custom,"{""bfgs"": 0.10430548644502823, ""custom"": 0.01628971053771936}",0.018357204273343086,0.018357204273343086,stage3_l_opt,l_opt_current_alpha,1.469958390604461,1.496184941169369,0.21627242227867552,0.25,False,False,True,True,0.00966599335273107,True,not_needed,,,,,0,False,1505,16615
18,2,0.3,0.0,uniform,0,trimmed,0.5,guarded,controlled,5,1,0,2,0.011564726165989393,custom,"{""bfgs"": 0.11175936668584677, ""custom"": 0.019029014426331967}",0.011322595799962679,0.011322595799962679,stage3_l_opt,l_opt_current_alpha,0.8603437000901615,0.8823154576895254,0.10813621113933772,0.125,False,False,True,True,0.0026313848793506622,True,not_needed,,,,,0,False,1750,25245
18,2,0.3,0.0,uniform,0,trimmed,0.5,guarded,controlled,5,1,0,3,0.009968561415562408,custom,"{""bfgs"": 0.11548630680625604, ""custom"": 0.02003501711784235}",0.011589278156558672,0.011589278156558672,stage3_l_opt,l_opt_current_alpha,1.0678637888606621,1.0918637888606622,0.05406810556966887,0.0625,False,False,True,True,0.0028980672359466553,True,not_needed,,,,,0,False,2350,35540
18,2,0.3,0.0,uniform,0,trimmed,0.5,guarded,controlled,5,1,0,4,0.009765426330801042,custom,"{""bfgs"": 0.11734977686646067, ""custom"": 0.02069781093056372}",0.01162690855562687,0.01162690855562687,stage3_l_opt,l_opt_current_alpha,1.0783441909355653,1.1012051240161482,0.043254484455735126,0.05,False,False,True,True,0.0029356976350148525,True,not_needed,,,,,0,False,2855,45725
18,2,0.3,0.0,uniform,0,trimmed,0.5,guarded,controlled,5,1,0,5,0.009753523556750375,custom,"{""bfgs"": 0.11772247087850161, ""custom"": 0.020842752565292014}",0.011629404500126839,0.011629404500126839,stage3_l_opt,l_opt_current_alpha,1.1834972652113134,1.2083333976444095,0.043254484455735126,0.05,False,False,True,True,0.002938193579514822,True,not_needed,,,,,0,False,3155,54660
18,2,0.3,0.0,uniform,0,trimmed,0.5,guarded,controlled,5,1,0,6,0.009753523556750375,custom,"{""bfgs"": 0.11772247087850161, ""custom"": 0.020842752565292014}",0.011629404500126839,0.011629404500126839,stage3_l_opt,l_opt_current_alpha,1.1834972652113134,1.2083333976444095,0.043254484455735126,0.05,False,False,True,True,0.002938193579514822,True,not_needed,,,,,0,False,3455,63595
18,2,0.3,0.0,uniform,0,trimmed,0.5,guarded,controlled,5,1,0,7,0.009753523556750375,custom,"{""bfgs"": 0.11772247087850161, ""custom"": 0.020842752565292014}",0.011629404500126839,0.011629404500126839,stage3_l_opt,l_opt_current_alpha,1.1834972652113134,1.2083333976444095,0.043254484455735126,0.05,False,False,True,True,0.002938193579514822,True,not_needed,,,,,0,False,3755,72530
18,2,0.3,0.0,uniform,0,trimmed,0.5,guarded,controlled,5,1,0,8,0.009753523556750375,custom,"{""bfgs"": 0.11772247087850161, ""custom"": 0.020842752565292014}",0.011629404500126839,0.011629404500126839,stage3_l_opt,l_opt_current_alpha,1.1834972652113134,1.2083333976444095,0.043254484455735126,0.05,False,False,True,True,0.002938193579514822,True,not_needed,,,,,0,False,4055,81465
18,2,0.3,0.0,uniform,0,trimmed,0.5,guarded,controlled,5,1,0,9,0.009753523556750375,custom,"{""bfgs"": 0.11772247087850161, ""custom"": 0.020842752565292014}",0.011629404500126839,0.011629404500126839,stage3_l_opt,l_opt_current_alpha,1.1834972652113134,1.2083333976444095,0.043254484455735126,0.05,False,False,True,True,0.002938193579514822,True,not_needed,,,,,0,False,4355,90400
18,2,0.3,0.0,uniform,0,trimmed,0.5,guarded,controlled,5,1,0,10,0.009753523556750375,custom,"{""bfgs"": 0.11772247087850161, ""custom"": 0.020842752565292014}",0.011629404500126839,0.011629404500126839,stage3_l_opt,l_opt_current_alpha,1.1834972652113134,1.2083333976444095,0.043254484455735126,0.05,False,False,True,True,0.002938193579514822,True,not_needed,,,,,0,False,4655,99335
18,2,0.3,0.0,uniform,0,trimmed,0.5,guarded,controlled,5,1,0,11,0.009753523556750375,custom,"{""bfgs"": 0.11772247087850161, ""custom"": 0.020842752565292014}",0.011629404500126839,0.011629404500126839,stage3_l_opt,l_opt_current_alpha,1.1834972652113134,1.2083333976444095,0.043254484455735126,0.05,False,False,True,True,0.002938193579514822,True,not_needed,,,,,0,False,4955,108270
18,2,0.3,0.0,uniform,0,trimmed,0.5,guarded,controlled,5,1,0,12,0.009753523556750375,custom,"{""bfgs"": 0.11772247087850161, ""custom"": 0.020842752565292014}",0.011629404500126839,0.011629404500126839,stage3_l_opt,l_opt_current_alpha,1.1834972652113134,1.2083333976444095,0.043254484455735126,0.05,False,False,True,True,0.002938193579514822,True,not_needed,,,,,0,False,5255,117205
18,2,0.3,0.0,uniform,0,trimmed,0.5,guarded,controlled,5,1,0,13,0.009753523556750375,custom,"{""bfgs"": 0.11772247087850161, ""custom"": 0.020842752565292014}",0.011629404500126839,0.011629404500126839,stage3_l_opt,l_opt_current_alpha,1.1834972652113134,1.2083333976444095,0.043254484455735126,0.05,False,False,True,True,0.002938193579514822,True,not_needed,,,,,0,False,5555,126140
18,2,0.3,0.0,uniform,0,trimmed,0.5,guarded,controlled,5,1,0,14,0.009753523556750375,custom,"{""bfgs"": 0.11772247087850161, ""custom"": 0.020842752565292014}",0.011629404500126839,0.011629404500126839,stage3_l_opt,l_opt_current_alpha,1.1834972652113134,1.2083333976444095,0.043254484455735126,0.05,False,False,True,True,0.002938193579514822,True,not_needed,,,,,0,False,5855,135075
18,2,0.3,0.0,uniform,0,trimmed,0.5,guarded,controlled,5,1,0,15,0.009753523556750375,custom,"{""bfgs"": 0.11772247087850161, ""custom"": 0.020842752565292014}",0.011629404500126839,0.011629404500126839,stage3_l_opt,l_opt_current_alpha,1.1834972652113134,1.2083333976444095,0.043254484455735126,0.05,False,False,True,True,0.002938193579514822,True,not_needed,,,,,0,False,6155,144010
18,2,0.3,0.0,uniform,0,trimmed,0.5,guarded,controlled,5,1,0,16,0.009753523556750375,custom,"{""bfgs"": 0.11772247087850161, ""custom"": 0.020842752565292014}",0.011629404500126839,0.011629404500126839,stage3_l_opt,l_opt_current_alpha,1.1834972652113134,1.2083333976444095,0.043254484455735126,0.05,False,False,True,True,0.002938193579514822,True,not_needed,,,,,0,False,6455,152945
18,2,0.3,0.0,uniform,0,trimmed,0.5,guarded,controlled,5,1,0,17,0.009753523556750375,custom,"{""bfgs"": 0.11772247087850161, ""custom"": 0.020842752565292014}",0.011629404500126839,0.011629404500126839,stage3_l_opt,l_opt_current_alpha,1.1834972652113134,1.2083333976444095,0.043254484455735126,0.05,False,False,True,True,0.002938193579514822,True,not_needed,,,,,0,False,6755,161880
18,2,0.3,0.0,uniform,0,trimmed,0.5,guarded,controlled,5,1,0,18,0.009753523556750375,custom,"{""bfgs"": 0.11772247087850161, ""custom"": 0.020842752565292014}",0.011629404500126839,0.011629404500126839,stage3_l_opt,l_opt_current_alpha,1.1834972652113134,1.2083333976444095,0.043254484455735126,0.05,False,False,True,True,0.002938193579514822,True,not_needed,,,,,0,False,7055,170815
18,2,0.3,0.0,uniform,0,trimmed,0.5,guarded,controlled,5,1,0,19,0.009753523556750375,custom,"{""bfgs"": 0.11772247087850161, ""custom"": 0.020842752565292014}",0.011629404500126839,0.011629404500126839,stage3_l_opt,l_opt_current_alpha,1.1834972652113134,1.2083333976444095,0.043254484455735126,0.05,False,False,True,True,0.002938193579514822,True,not_needed,,,,,0,False,7355,179750
19,2,0.3,0.0,uniform,0,trimmed,0.5,guarded,controlled,5,1,0,0,0.03953888047085097,custom,"{""bfgs"": 0.40347443222999574, ""custom"": 0.03506588190793991}",0.024833256999651592,0.024833256999651592,stage3_l_opt,l_opt_current_alpha,0.7039797539566739,0.7183466877108919,0.35198987697833706,0.5,False,True,True,False,,True,not_needed,,,,,0,False,2230,6195
19,2,0.3,0.0,uniform,0,trimmed,0.5,guarded,controlled,5,1,0,1,0.0025824033299201624,bfgs,"{""bfgs"": 0.03482712971931923, ""custom"": 0.03482712971931923}",0.02602890009681384,0.02602890009681384,stage3_l_opt,l_opt_current_alpha,1.0013700021308305,1.0154612415870532,0.17599493848916847,0.25,False,False,True,True,0.0011956430971622467,True,recovered_informative,4,0.04590325402662264,0.03482712971931923,0.011076124307303412,1,True,5220,17735
19,2,0.3,0.0,uniform,0,trimmed,0.5,guarded,controlled,5,1,0,2,0.040966606549933504,custom,"{""bfgs"": 0.38673926860154834, ""custom"": 0.04207949327933762}",0.023987303177515667,0.023987303177515667,stage3_l_opt,l_opt_current_alpha,0.5746403330628959,0.5869936858098258,0.14366008326572396,0.25,True,True,True,False,-0.0008459538221359253,True,not_needed,,,,,0,False,8060,24145
19,2,0.3,0.0,uniform,0,trimmed,0.5,guarded,controlled,5,1,0,3,0.03718428959238107,custom,"{""bfgs"": 0.41804383205616563, ""custom"": 0.04067725531922986}",0.02622942626476288,0.02622942626476288,stage3_l_opt,l_opt_current_alpha,0.3299899921352566,0.33316664432572335,0.071830041632862,0.125,False,False,True,True,0.0022421230872472116,True,not_needed,,,,,0,False,9730,29425
19,2,0.3,0.0,uniform,0,trimmed,0.5,guarded,controlled,5,1,0,4,0.0415242945597703,custom,"{""bfgs"": 0.40239155032885704, ""custom"": 0.04153396883222058}",0.02365528295437495,0.02365528295437495,stage3_l_opt,l_opt_current_alpha,0.1840567386423687,0.18651079444023336,0.023007092330296047,0.125,True,True,True,False,-0.00033202022314071655,True,not_needed,,,,,0,False,12150,34875
19,2,0.3,0.0,uniform,0,trimmed,0.5,guarded,controlled,5,1,0,5,0.04168196699294435,custom,"{""bfgs"": 0.39974551393995444, ""custom"": 0.04132297099488238}",0.023563732703526814,0.023563732703526814,stage3_l_opt,l_opt_current_alpha,0.1452161865687191,0.14580557589557216,0.018152023321090005,0.125,True,True,True,False,-9.155025084813667e-05,True,not_needed,,,,,0,False,13880,42845
19,2,0.3,0.0,uniform,0,trimmed,0.5,guarded,controlled,5,1,0,6,0.041551136693121826,custom,"{""bfgs"": 0.40192727890573104, ""custom"": 0.040905338698105094}",0.023638851940631866,0.023638851940631866,stage3_l_opt,l_opt_current_alpha,0.2959263759325637,0.30188767195285315,0.03699079699157046,0.125,True,True,True,False,7.511923710505283e-05,True,not_needed,,,,,0,False,16560,47490
19,2,0.3,0.0,uniform,0,trimmed,0.5,guarded,controlled,5,1,0,7,0.04057026058021185,custom,"{""bfgs"": 0.39642852593584554, ""custom"": 0.041198486663240975}",0.024221836278835934,0.024221836278835934,stage3_l_opt,l_opt_current_alpha,0.15339201882060746,0.15865846858728075,0.018495398495785215,0.0625,False,False,True,True,0.0005829843382040671,True,not_needed,,,,,0,False,18280,52770
19,2,0.3,0.0,uniform,0,trimmed,0.5,guarded,controlled,5,1,0,8,0.04168201637153285,custom,"{""bfgs"": 0.3991779024207882, ""custom"": 0.04106933517538353}",0.023575746764739353,0.023575746764739353,stage3_l_opt,l_opt_current_alpha,0.2654551339558778,0.27278228119842873,0.016590945872242358,0.0625,True,True,True,False,-6.310517589251316e-05,True,not_needed,,,,,0,False,20900,58485
19,2,0.3,0.0,uniform,0,trimmed,0.5,guarded,controlled,5,1,0,9,0.04132587103906765,custom,"{""bfgs"": 0.39606288374587045, ""custom"": 0.04150582441593672}",0.023768534262975056,0.023768534262975056,stage3_l_opt,l_opt_current_alpha,0.09261146406822626,0.0930863974863837,0.013272756697793903,0.05,False,False,True,True,0.00019278749823570251,True,not_needed,,,,,0,False,23630,64215
19,2,0.3,0.0,uniform,0,trimmed,0.5,guarded,controlled,5,1,0,10,0.041668689733565134,custom,"{""bfgs"": 0.396685887480854, ""custom"": 0.04142606209437173}",0.023572536806265514,0.023572536806265514,stage3_l_opt,l_opt_current_alpha,0.0925290513739774,0.09190440648399281,0.004626452568698841,0.05,True,True,True,False,-3.2099584738390363e-06,True,not_needed,,,,,0,False,26100,71330
19,2,0.3,0.0,uniform,0,trimmed,0.5,guarded,controlled,5,1,0,11,0.03529897637895035,custom,"{""bfgs"": 0.3965911446771303, ""custom"": 0.04117853356442004}",0.02734137823184331,0.02734137823184331,stage3_l_opt,l_opt_current_alpha,0.13368842303762163,0.13805786773156256,0.004626452568698841,0.05,False,False,True,True,0.003768841425577797,True,not_needed,,,,,0,False,27755,76955
19,2,0.3,0.0,uniform,0,trimmed,0.5,guarded,controlled,5,1,0,12,0.03529897637895035,custom,"{""bfgs"": 0.3965911446771303, ""custom"": 0.04117853356442004}",0.02734137823184331,0.02734137823184331,stage3_l_opt,l_opt_current_alpha,0.13368842303762163,0.13805786773156256,0.004626452568698841,0.05,False,False,True,True,0.003768841425577797,True,not_needed,,,,,0,False,29410,82580
19,2,0.3,0.0,uniform,0,trimmed,0.5,guarded,controlled,5,1,0,13,0.03529897637895035,custom,"{""bfgs"": 0.3965911446771303, ""custom"": 0.04117853356442004}",0.02734137823184331,0.02734137823184331,stage3_l_opt,l_opt_current_alpha,0.13368842303762163,0.13805786773156256,0.004626452568698841,0.05,False,False,True,True,0.003768841425577797,True,not_needed,,,,,0,False,31065,88205
19,2,0.3,0.0,uniform,0,trimmed,0.5,guarded,controlled,5,1,0,14,0.03529897637895035,custom,"{""bfgs"": 0.3965911446771303, ""custom"": 0.04117853356442004}",0.02734137823184331,0.02734137823184331,stage3_l_opt,l_opt_current_alpha,0.13368842303762163,0.13805786773156256,0.004626452568698841,0.05,False,False,True,True,0.003768841425577797,True,not_needed,,,,,0,False,32720,93830
19,2,0.3,0.0,uniform,0,trimmed,0.5,guarded,controlled,5,1,0,15,0.03529897637895035,custom,"{""bfgs"": 0.3965911446771303, ""custom"": 0.04117853356442004}",0.02734137823184331,0.02734137823184331,stage3_l_opt,l_opt_current_alpha,0.13368842303762163,0.13805786773156256,0.004626452568698841,0.05,False,False,True,True,0.003768841425577797,True,not_needed,,,,,0,False,34375,99455
19,2,0.3,0.0,uniform,0,trimmed,0.5,guarded,controlled,5,1,0,16,0.03529897637895035,custom,"{""bfgs"": 0.3965911446771303, ""custom"": 0.04117853356442004}",0.02734137823184331,0.02734137823184331,stage3_l_opt,l_opt_current_alpha,0.13368842303762163,0.13805786773156256,0.004626452568698841,0.05,False,False,True,True,0.003768841425577797,True,not_needed,,,,,0,False,36030,105080
19,2,0.3,0.0,uniform,0,trimmed,0.5,guarded,controlled,5,1,0,17,0.03529897637895035,custom,"{""bfgs"": 0.3965911446771303, ""custom"": 0.04117853356442004}",0.02734137823184331,0.02734137823184331,stage3_l_opt,l_opt_current_alpha,0.13368842303762163,0.13805786773156256,0.004626452568698841,0.05,False,False,True,True,0.003768841425577797,True,not_needed,,,,,0,False,37685,110705
19,2,0.3,0.0,uniform,0,trimmed,0.5,guarded,controlled,5,1,0,18,0.03529897637895035,custom,"{""bfgs"": 0.3965911446771303, ""custom"": 0.04117853356442004}",0.02734137823184331,0.02734137823184331,stage3_l_opt,l_opt_current_alpha,0.13368842303762163,0.13805786773156256,0.004626452568698841,0.05,False,False,True,True,0.003768841425577797,True,not_needed,,,,,0,False,39340,116330
19,2,0.3,0.0,uniform,0,trimmed,0.5,guarded,controlled,5,1,0,19,0.03529897637895035,custom,"{""bfgs"": 0.3965911446771303, ""custom"": 0.04117853356442004}",0.02734137823184331,0.02734137823184331,stage3_l_opt,l_opt_current_alpha,0.13368842303762163,0.13805786773156256,0.004626452568698841,0.05,False,False,True,True,0.003768841425577797,True,not_needed,,,,,0,False,40995,121955
