seed,dimension,poison_ratio,target,initialization,initialization_replicate,evaluator,update_rate,update_policy,coalition_mode,controlled_coalition_size,controlled_poison_count,round,target_error,stage3_engine,stage3_engine_losses,evaluation_loss,delivered_solution_evaluation_loss,full_solution_source,loo_search_objective,consistency_l1,update_l1,eta_used,update_accepted,current_state_accepted,proposal_generated,gate_triggered,eval_loss_delta,informative,stage3_requests_cumulative,contribution_requests_cumulative
0,2,0.0,0.0,uniform,0,uniform,0.0,guarded,stage1,,,0,0.025548551012645616,custom,"{""bfgs"": 0.012106880933667222, ""custom"": 0.001886578509584069}",0.0018865785095840693,0.0018865785095840693,stage3_l_opt,l_opt_current_alpha,0.43741500332952454,0.0,0.0,False,True,False,False,,True,564,1362
0,2,0.0,0.0,uniform,0,uniform,0.5,guarded,stage1,,,0,0.025548551012645616,custom,"{""bfgs"": 0.012106880933667222, ""custom"": 0.001886578509584069}",0.0018865785095840693,0.0018865785095840693,stage3_l_opt,l_opt_current_alpha,0.43741500332952454,0.2187075016647623,0.5,False,True,True,False,,True,564,1362
0,2,0.0,0.0,uniform,0,uniform,0.5,guarded,stage1,,,1,0.0253367554236994,custom,"{""bfgs"": 0.023853178706508285, ""custom"": 0.004257455719508701}",0.004981793773670991,0.004981793773670991,stage3_l_opt,l_opt_current_alpha,1.1713367071428562,0.10935375083238114,0.25,False,False,True,True,0.0030952152640869217,True,1401,2883
0,2,0.0,0.0,uniform,0,uniform,0.5,guarded,stage1,,,2,0.025272133052689494,custom,"{""bfgs"": 0.015283139262536922, ""custom"": 0.004635964261975338}",0.004990705909828345,0.004990705909828345,stage3_l_opt,l_opt_current_alpha,1.2390016869047615,0.054676875416190596,0.125,False,False,True,True,0.003104127400244276,True,2148,4119
0,2,0.0,0.0,uniform,0,uniform,0.5,guarded,stage1,,,3,0.025795166566551696,custom,"{""bfgs"": 0.05815499069667586, ""custom"": 0.0019335302215385609}",0.0020820763117323318,0.0020820763117323318,stage3_l_opt,l_opt_current_alpha,0.8254421847418183,0.027338437708095353,0.0625,False,False,True,True,0.00019549780214826252,True,3516,6453
0,2,0.0,0.0,uniform,0,uniform,0.5,guarded,stage1,,,4,0.025902990657465187,custom,"{""bfgs"": 0.08157564515001808, ""custom"": 0.0018244909224279082}",0.001901015251254042,0.001901015251254042,stage3_l_opt,l_opt_current_alpha,0.4132211611935734,0.02582632257459838,0.0625,True,True,True,False,1.4436741669972665e-05,True,4380,7425
0,2,0.0,0.0,uniform,0,uniform,0.5,guarded,stage1,,,5,0.025226067150815094,custom,"{""bfgs"": 0.01610000513050351, ""custom"": 0.0017670344600246265}",0.0018774229877938826,0.0018774229877938826,stage3_l_opt,l_opt_current_alpha,0.3822975740927516,0.023893598380796965,0.0625,True,True,True,False,-2.3592263460159302e-05,True,4860,8532
0,2,0.0,0.0,uniform,0,uniform,0.5,guarded,stage1,,,6,0.025454455640875298,custom,"{""bfgs"": 0.05119673125935731, ""custom"": 0.004665086803572142}",0.00492857675999403,0.00492857675999403,stage3_l_opt,l_opt_current_alpha,1.2590307311781836,0.019114878704637572,0.05,False,False,True,True,0.0030511537722001476,True,5946,9744
0,2,0.0,0.0,uniform,0,uniform,0.5,guarded,stage1,,,7,0.02545393658989254,custom,"{""bfgs"": 0.00842324593033657, ""custom"": 0.004680717294909109}",0.004927823009590308,0.004927823009590308,stage3_l_opt,l_opt_current_alpha,1.2619785510366364,0.019114878704637572,0.05,False,False,True,True,0.0030504000217964258,True,6657,11514
0,2,0.0,0.0,uniform,0,uniform,0.5,guarded,stage1,,,8,0.02545393658989254,custom,"{""bfgs"": 0.00842324593033657, ""custom"": 0.004680717294909109}",0.004927823009590308,0.004927823009590308,stage3_l_opt,l_opt_current_alpha,1.2619785510366364,0.019114878704637572,0.05,False,False,True,True,0.0030504000217964258,True,7368,13284
0,2,0.0,0.0,uniform,0,uniform,0.5,guarded,stage1,,,9,0.02545393658989254,custom,"{""bfgs"": 0.00842324593033657, ""custom"": 0.004680717294909109}",0.004927823009590308,0.004927823009590308,stage3_l_opt,l_opt_current_alpha,1.2619785510366364,0.019114878704637572,0.05,False,False,True,True,0.0030504000217964258,True,8079,15054
0,2,0.0,0.0,uniform,0,uniform,0.5,guarded,stage1,,,10,0.02545393658989254,custom,"{""bfgs"": 0.00842324593033657, ""custom"": 0.004680717294909109}",0.004927823009590308,0.004927823009590308,stage3_l_opt,l_opt_current_alpha,1.2619785510366364,0.019114878704637572,0.05,False,False,True,True,0.0030504000217964258,True,8790,16824
0,2,0.0,0.0,uniform,0,uniform,0.5,guarded,stage1,,,11,0.02545393658989254,custom,"{""bfgs"": 0.00842324593033657, ""custom"": 0.004680717294909109}",0.004927823009590308,0.004927823009590308,stage3_l_opt,l_opt_current_alpha,1.2619785510366364,0.019114878704637572,0.05,False,False,True,True,0.0030504000217964258,True,9501,18594
0,2,0.0,0.0,uniform,0,uniform,0.5,guarded,stage1,,,12,0.02545393658989254,custom,"{""bfgs"": 0.00842324593033657, ""custom"": 0.004680717294909109}",0.004927823009590308,0.004927823009590308,stage3_l_opt,l_opt_current_alpha,1.2619785510366364,0.019114878704637572,0.05,False,False,True,True,0.0030504000217964258,True,10212,20364
0,2,0.0,0.0,uniform,0,uniform,0.5,guarded,stage1,,,13,0.02545393658989254,custom,"{""bfgs"": 0.00842324593033657, ""custom"": 0.004680717294909109}",0.004927823009590308,0.004927823009590308,stage3_l_opt,l_opt_current_alpha,1.2619785510366364,0.019114878704637572,0.05,False,False,True,True,0.0030504000217964258,True,10923,22134
0,2,0.0,0.0,uniform,0,uniform,0.5,guarded,stage1,,,14,0.02545393658989254,custom,"{""bfgs"": 0.00842324593033657, ""custom"": 0.004680717294909109}",0.004927823009590308,0.004927823009590308,stage3_l_opt,l_opt_current_alpha,1.2619785510366364,0.019114878704637572,0.05,False,False,True,True,0.0030504000217964258,True,11634,23904
0,2,0.0,0.0,uniform,0,uniform,0.5,guarded,stage1,,,15,0.02545393658989254,custom,"{""bfgs"": 0.00842324593033657, ""custom"": 0.004680717294909109}",0.004927823009590308,0.004927823009590308,stage3_l_opt,l_opt_current_alpha,1.2619785510366364,0.019114878704637572,0.05,False,False,True,True,0.0030504000217964258,True,12345,25674
0,2,0.0,0.0,uniform,0,uniform,0.5,guarded,stage1,,,16,0.02545393658989254,custom,"{""bfgs"": 0.00842324593033657, ""custom"": 0.004680717294909109}",0.004927823009590308,0.004927823009590308,stage3_l_opt,l_opt_current_alpha,1.2619785510366364,0.019114878704637572,0.05,False,False,True,True,0.0030504000217964258,True,13056,27444
0,2,0.0,0.0,uniform,0,uniform,0.5,guarded,stage1,,,17,0.02545393658989254,custom,"{""bfgs"": 0.00842324593033657, ""custom"": 0.004680717294909109}",0.004927823009590308,0.004927823009590308,stage3_l_opt,l_opt_current_alpha,1.2619785510366364,0.019114878704637572,0.05,False,False,True,True,0.0030504000217964258,True,13767,29214
0,2,0.0,0.0,uniform,0,uniform,0.5,guarded,stage1,,,18,0.02545393658989254,custom,"{""bfgs"": 0.00842324593033657, ""custom"": 0.004680717294909109}",0.004927823009590308,0.004927823009590308,stage3_l_opt,l_opt_current_alpha,1.2619785510366364,0.019114878704637572,0.05,False,False,True,True,0.0030504000217964258,True,14478,30984
0,2,0.0,0.0,uniform,0,uniform,0.5,guarded,stage1,,,19,0.02545393658989254,custom,"{""bfgs"": 0.00842324593033657, ""custom"": 0.004680717294909109}",0.004927823009590308,0.004927823009590308,stage3_l_opt,l_opt_current_alpha,1.2619785510366364,0.019114878704637572,0.05,False,False,True,True,0.0030504000217964258,True,15189,32754
0,2,0.0,0.0,stage0,0,uniform,0.0,guarded,stage1,,,0,0.023402767738234614,custom,"{""bfgs"": 0.017123735109847417, ""custom"": 0.0016204534007569307}",0.0018011358721802633,0.0018011358721802633,stage3_l_opt,l_opt_current_alpha,0.27605094606408453,0.0,0.0,False,True,False,False,,True,561,1542
0,2,0.0,0.0,stage0,0,uniform,0.5,guarded,stage1,,,0,0.023402767738234614,custom,"{""bfgs"": 0.017123735109847417, ""custom"": 0.0016204534007569307}",0.0018011358721802633,0.0018011358721802633,stage3_l_opt,l_opt_current_alpha,0.27605094606408453,0.13802547303204227,0.5,False,True,True,False,,True,561,1542
0,2,0.0,0.0,stage0,0,uniform,0.5,guarded,stage1,,,1,0.025373538210071826,custom,"{""bfgs"": 0.03431514831974923, ""custom"": 0.005196615348505681}",0.004880644691487153,0.004880644691487153,stage3_l_opt,l_opt_current_alpha,1.458909936204027,0.06901273651602119,0.25,False,False,True,True,0.0030795088193068896,True,744,2826
0,2,0.0,0.0,stage0,0,uniform,0.5,guarded,stage1,,,2,0.02519287946012185,custom,"{""bfgs"": 0.01379547484281198, ""custom"": 0.005375622069309758}",0.004946101767321427,0.004946101767321427,stage3_l_opt,l_opt_current_alpha,,0.0,0.25,False,False,False,True,0.003144965895141164,False,1815,4974
1,2,0.0,0.0,uniform,0,uniform,0.0,guarded,stage1,,,0,0.014061640698106457,custom,"{""bfgs"": 0.013039099673430124, ""custom"": 0.0020194388926029205}",0.0020194388926029205,0.0020194388926029205,stage3_l_opt,l_opt_current_alpha,0.17987244380254053,0.0,0.0,False,True,False,False,,True,141,777
1,2,0.0,0.0,uniform,0,uniform,0.5,guarded,stage1,,,0,0.014061640698106457,custom,"{""bfgs"": 0.013039099673430124, ""custom"": 0.0020194388926029205}",0.0020194388926029205,0.0020194388926029205,stage3_l_opt,l_opt_current_alpha,0.17987244380254053,0.08993622190127026,0.5,False,True,True,False,,True,141,777
1,2,0.0,0.0,uniform,0,uniform,0.5,guarded,stage1,,,1,0.013795752469409435,custom,"{""bfgs"": 0.013856843287749311, ""custom"": 0.002005137504885856}",0.0020970813930034637,0.0020970813930034637,stage3_l_opt,l_opt_current_alpha,0.11079739177844222,0.05539869588922108,0.5,True,True,True,False,7.764250040054321e-05,True,282,1884
1,2,0.0,0.0,uniform,0,uniform,0.5,guarded,stage1,,,2,0.014592854701152727,custom,"{""bfgs"": 0.017986932815476184, ""custom"": 0.001653857139359863}",0.001859765499830246,0.001859765499830246,stage3_l_opt,l_opt_current_alpha,0.0027286925529221295,0.0013643462764610925,0.5,True,True,True,False,-0.00023731589317321777,True,654,3255
1,2,0.0,0.0,uniform,0,uniform,0.5,guarded,stage1,,,3,0.014586119518595907,custom,"{""bfgs"": 0.026318209223761317, ""custom"": 0.0016546030878708175}",0.001861979564030965,0.001861979564030965,stage3_l_opt,l_opt_current_alpha,0.0017275654996260492,0.0008637827498129691,0.5,True,True,True,False,2.2140642007191253e-06,True,906,4377
1,2,0.0,0.0,uniform,0,uniform,0.5,guarded,stage1,,,4,0.014580583883853814,custom,"{""bfgs"": 0.014369377674073243, ""custom"": 0.0016557806414899655}",0.0018640148142973583,0.0018640148142973583,stage3_l_opt,l_opt_current_alpha,0.0011992429139080496,0.0005996214569539693,0.5,True,True,True,False,2.0352502663931703e-06,True,1122,5451
1,2,0.0,0.0,uniform,0,uniform,0.5,guarded,stage1,,,5,0.014579331208975737,custom,"{""bfgs"": 0.014374646116719193, ""custom"": 0.001655325495147084}",0.0018643053869406383,0.0018643053869406383,stage3_l_opt,l_opt_current_alpha,0.0006476388370951769,0.0,0.5,True,True,False,False,2.905726432800293e-07,True,1338,6705
1,2,0.0,0.0,stage0,0,uniform,0.0,guarded,stage1,,,0,0.014554193349556644,custom,"{""bfgs"": 0.026264449883283757, ""custom"": 0.0014491956949763496}",0.001972345014413198,0.001972345014413198,stage3_l_opt,l_opt_current_alpha,0.18653498314915404,0.0,0.0,False,True,False,False,,True,285,1128
1,2,0.0,0.0,stage0,0,uniform,0.5,guarded,stage1,,,0,0.014554193349556644,custom,"{""bfgs"": 0.026264449883283757, ""custom"": 0.0014491956949763496}",0.001972345014413198,0.001972345014413198,stage3_l_opt,l_opt_current_alpha,0.18653498314915404,0.093267491574577,0.5,False,True,True,False,,True,285,1128
1,2,0.0,0.0,stage0,0,uniform,0.5,guarded,stage1,,,1,0.014585394556930826,custom,"{""bfgs"": 0.0047694491495782546, ""custom"": 0.0014652952934065444}",0.0018193634847799938,0.0018193634847799938,stage3_l_opt,l_opt_current_alpha,0.10562579494354374,0.05281289747177187,0.5,True,True,True,False,-0.00015298152963320421,True,513,1902
1,2,0.0,0.0,stage0,0,uniform,0.5,guarded,stage1,,,2,0.014580406744590439,custom,"{""bfgs"": 0.005483060695320192, ""custom"": 0.0015961993209377113}",0.0018813349306583405,0.0018813349306583405,stage3_l_opt,l_opt_current_alpha,0.04748718513180494,0.02374359256590247,0.5,True,True,True,False,6.197144587834669e-05,True,741,3486
1,2,0.0,0.0,stage0,0,uniform,0.5,guarded,stage1,,,3,0.01459225679543875,custom,"{""bfgs"": 0.009918564676475509, ""custom"": 0.001628232788752868}",0.0018799764414628346,0.0018799764414628346,stage3_l_opt,l_opt_current_alpha,0.023868277071700472,0.01193413853585018,0.5,True,True,True,False,-1.3584891955058503e-06,True,960,4776
1,2,0.0,0.0,stage0,0,uniform,0.5,guarded,stage1,,,4,0.014574966845588752,custom,"{""bfgs"": 0.01216031299817505, ""custom"": 0.0016268957190422669}",0.0018561544517676036,0.0018561544517676036,stage3_l_opt,l_opt_current_alpha,0.8137077905739547,0.40685389528697735,0.5,True,True,True,False,-2.3821989695230975e-05,True,1221,6255
1,2,0.0,0.0,stage0,0,uniform,0.5,guarded,stage1,,,5,0.014805782860092842,custom,"{""bfgs"": 0.027768867525392316, ""custom"": 0.00012079907434882722}",0.00018091127276420593,0.00018091127276420593,stage3_l_opt,l_opt_current_alpha,0.1352611706690314,0.06763058533451574,0.5,True,True,True,False,-0.0016752431790033977,True,1677,7779
1,2,0.0,0.0,stage0,0,uniform,0.5,guarded,stage1,,,6,0.014368699181227148,custom,"{""bfgs"": 0.014202255499868296, ""custom"": 0.002145273920022755}",0.0019073374569416046,0.0019073374569416046,stage3_l_opt,l_opt_current_alpha,0.2501386793439176,0.03381529266725783,0.25,False,False,True,True,0.0017264261841773987,True,1833,8652
1,2,0.0,0.0,stage0,0,uniform,0.5,guarded,stage1,,,7,0.014336061587180175,custom,"{""bfgs"": 0.009181595894797568, ""custom"": 0.002182813430837207}",0.0019164370993773143,0.0019164370993773143,stage3_l_opt,l_opt_current_alpha,0.28142774251012753,0.016907646333628956,0.125,False,False,True,True,0.0017355258266131084,True,1989,9420
1,2,0.0,0.0,stage0,0,uniform,0.5,guarded,stage1,,,8,0.014316442879785896,custom,"{""bfgs"": 0.006670390421858051, ""custom"": 0.0022013631575740315}",0.0019219343860944111,0.0019219343860944111,stage3_l_opt,l_opt_current_alpha,0.2987342956803223,0.008453823166814506,0.0625,False,False,True,True,0.0017410231133302052,True,2145,10539
1,2,0.0,0.0,stage0,0,uniform,0.5,guarded,stage1,,,9,0.014305847458581798,custom,"{""bfgs"": 0.02282578472567031, ""custom"": 0.0022104985689455773}",0.0019248699148495991,0.0019248699148495991,stage3_l_opt,l_opt_current_alpha,0.3074030349655838,0.006763058533451577,0.05,False,False,True,True,0.0017439586420853932,True,2745,11724
1,2,0.0,0.0,stage0,0,uniform,0.5,guarded,stage1,,,10,0.014303652221678738,custom,"{""bfgs"": 0.0051577353891332865, ""custom"": 0.002212334633735099}",0.0019254994889100392,0.0019254994889100392,stage3_l_opt,l_opt_current_alpha,0.30914006607682487,0.006763058533451577,0.05,False,False,True,True,0.0017445882161458333,True,2901,12936
1,2,0.0,0.0,stage0,0,uniform,0.5,guarded,stage1,,,11,0.014303652221678738,custom,"{""bfgs"": 0.0051577353891332865, ""custom"": 0.002212334633735099}",0.0019254994889100392,0.0019254994889100392,stage3_l_opt,l_opt_current_alpha,0.30914006607682487,0.006763058533451577,0.05,False,False,True,True,0.0017445882161458333,True,3057,14148
1,2,0.0,0.0,stage0,0,uniform,0.5,guarded,stage1,,,12,0.014303652221678738,custom,"{""bfgs"": 0.0051577353891332865, ""custom"": 0.002212334633735099}",0.0019254994889100392,0.0019254994889100392,stage3_l_opt,l_opt_current_alpha,0.30914006607682487,0.006763058533451577,0.05,False,False,True,True,0.0017445882161458333,True,3213,15360
1,2,0.0,0.0,stage0,0,uniform,0.5,guarded,stage1,,,13,0.014303652221678738,custom,"{""bfgs"": 0.0051577353891332865, ""custom"": 0.002212334633735099}",0.0019254994889100392,0.0019254994889100392,stage3_l_opt,l_opt_current_alpha,0.30914006607682487,0.006763058533451577,0.05,False,False,True,True,0.0017445882161458333,True,3369,16572
1,2,0.0,0.0,stage0,0,uniform,0.5,guarded,stage1,,,14,0.014303652221678738,custom,"{""bfgs"": 0.0051577353891332865, ""custom"": 0.002212334633735099}",0.0019254994889100392,0.0019254994889100392,stage3_l_opt,l_opt_current_alpha,0.30914006607682487,0.006763058533451577,0.05,False,False,True,True,0.0017445882161458333,True,3525,17784
1,2,0.0,0.0,stage0,0,uniform,0.5,guarded,stage1,,,15,0.014303652221678738,custom,"{""bfgs"": 0.0051577353891332865, ""custom"": 0.002212334633735099}",0.0019254994889100392,0.0019254994889100392,stage3_l_opt,l_opt_current_alpha,0.30914006607682487,0.006763058533451577,0.05,False,False,True,True,0.0017445882161458333,True,3681,18996
1,2,0.0,0.0,stage0,0,uniform,0.5,guarded,stage1,,,16,0.014303652221678738,custom,"{""bfgs"": 0.0051577353891332865, ""custom"": 0.002212334633735099}",0.0019254994889100392,0.0019254994889100392,stage3_l_opt,l_opt_current_alpha,0.30914006607682487,0.006763058533451577,0.05,False,False,True,True,0.0017445882161458333,True,3837,20208
1,2,0.0,0.0,stage0,0,uniform,0.5,guarded,stage1,,,17,0.014303652221678738,custom,"{""bfgs"": 0.0051577353891332865, ""custom"": 0.002212334633735099}",0.0019254994889100392,0.0019254994889100392,stage3_l_opt,l_opt_current_alpha,0.30914006607682487,0.006763058533451577,0.05,False,False,True,True,0.0017445882161458333,True,3993,21420
1,2,0.0,0.0,stage0,0,uniform,0.5,guarded,stage1,,,18,0.014303652221678738,custom,"{""bfgs"": 0.0051577353891332865, ""custom"": 0.002212334633735099}",0.0019254994889100392,0.0019254994889100392,stage3_l_opt,l_opt_current_alpha,0.30914006607682487,0.006763058533451577,0.05,False,False,True,True,0.0017445882161458333,True,4149,22632
1,2,0.0,0.0,stage0,0,uniform,0.5,guarded,stage1,,,19,0.014303652221678738,custom,"{""bfgs"": 0.0051577353891332865, ""custom"": 0.002212334633735099}",0.0019254994889100392,0.0019254994889100392,stage3_l_opt,l_opt_current_alpha,0.30914006607682487,0.006763058533451577,0.05,False,False,True,True,0.0017445882161458333,True,4305,23844
2,2,0.0,0.0,uniform,0,uniform,0.0,guarded,stage1,,,0,0.0001834626648221649,custom,"{""bfgs"": 0.21172869205474854, ""custom"": 0.00831919473906358}",0.008319194739063581,0.008319194739063581,stage3_l_opt,l_opt_current_alpha,1.3066637945288224,0.0,0.0,False,True,False,False,,True,822,1710
2,2,0.0,0.0,uniform,0,uniform,0.5,guarded,stage1,,,0,0.0001834626648221649,custom,"{""bfgs"": 0.21172869205474854, ""custom"": 0.00831919473906358}",0.008319194739063581,0.008319194739063581,stage3_l_opt,l_opt_current_alpha,1.3066637945288224,0.6533318972644111,0.5,False,True,True,False,,True,822,1710
2,2,0.0,0.0,uniform,0,uniform,0.5,guarded,stage1,,,1,0.00018353781029140093,custom,"{""bfgs"": 0.19921873629940332, ""custom"": 0.00424281106661633}",0.00831918977200985,0.00831918977200985,stage3_l_opt,l_opt_current_alpha,0.6533347694022555,0.3266673847011278,0.5,True,True,True,False,-4.967053731860793e-09,True,1620,3708
2,2,0.0,0.0,uniform,0,uniform,0.5,guarded,stage1,,,2,0.00018353276108237782,custom,"{""bfgs"": 0.04833055353654723, ""custom"": 0.0022046018889589868}",0.008319199706117312,0.008319199706117312,stage3_l_opt,l_opt_current_alpha,0.7967165608431104,0.3983582804215552,0.5,True,True,True,False,9.934107461986863e-09,True,2385,5529
2,2,0.0,0.0,uniform,0,uniform,0.5,guarded,stage1,,,3,0.00018350522267440716,custom,"{""bfgs"": 0.19337845187139258, ""custom"": 0.0014994110896953427}",0.00831918977200985,0.00831918977200985,stage3_l_opt,l_opt_current_alpha,0.39224174383790394,0.19612087191895197,0.5,True,True,True,False,-9.934107461986863e-09,True,3084,6843
2,2,0.0,0.0,uniform,0,uniform,0.5,guarded,stage1,,,4,0.00018356647375425417,custom,"{""bfgs"": 0.19248325629660296, ""custom"": 0.0012355032750561413}",0.00831920343140761,0.00831920343140761,stage3_l_opt,l_opt_current_alpha,0.16964969201733548,0.08482484600866777,0.5,True,True,True,False,1.3659397760448777e-08,True,4236,8514
2,2,0.0,0.0,uniform,0,uniform,0.5,guarded,stage1,,,5,0.0008503856171254154,custom,"{""bfgs"": 0.1919631919018484, ""custom"": 0.0008951722405018826}",0.008484503254294395,0.008484503254294395,stage3_l_opt,l_opt_current_alpha,0.11755483504938802,0.04241242300433383,0.25,False,False,True,True,0.00016529982288678545,True,4956,10326
2,2,0.0,0.0,uniform,0,uniform,0.5,guarded,stage1,,,6,0.0001851200930932384,custom,"{""bfgs"": 0.18708799484144417, ""custom"": 0.00117250009105561}",0.008319569751620293,0.008319569751620293,stage3_l_opt,l_opt_current_alpha,0.15161039447261954,0.0379025986181549,0.25,True,True,True,False,3.6632021268266646e-07,True,5688,11943
2,2,0.0,0.0,uniform,0,uniform,0.5,guarded,stage1,,,7,0.00018464769549442206,custom,"{""bfgs"": 0.19204030367554892, ""custom"": 0.0011312945797445511}",0.008319506421685219,0.008319506421685219,stage3_l_opt,l_opt_current_alpha,0.04960594301785948,0.012401485754464845,0.25,True,True,True,False,-6.332993507385254e-08,True,6624,13818
2,2,0.0,0.0,uniform,0,uniform,0.5,guarded,stage1,,,8,0.0004533559382628727,custom,"{""bfgs"": 0.2677439377271623, ""custom"": 0.0008650986421292642}",0.008351343994339308,0.008351343994339308,stage3_l_opt,l_opt_current_alpha,0.0379199002754925,0.009479975068873155,0.25,True,True,True,False,3.1837572654088916e-05,True,7464,15432
2,2,0.0,0.0,uniform,0,uniform,0.5,guarded,stage1,,,9,0.0001999428713340412,custom,"{""bfgs"": 0.19169969838951814, ""custom"": 0.0009974367921217486}",0.008318116888403893,0.008318116888403893,stage3_l_opt,l_opt_current_alpha,0.03417015357906157,0.008542538394765407,0.25,True,True,True,False,-3.322710593541521e-05,True,8241,17379
2,2,0.0,0.0,uniform,0,uniform,0.5,guarded,stage1,,,10,0.00018813776011636363,custom,"{""bfgs"": 0.023181932632831297, ""custom"": 0.0009985650735458154}",0.00831990254422029,0.00831990254422029,stage3_l_opt,l_opt_current_alpha,0.13411879442506974,0.03352969860626745,0.25,True,True,True,False,1.7856558163966557e-06,True,9081,18348
2,2,0.0,0.0,uniform,0,uniform,0.5,guarded,stage1,,,11,0.0008574975133601725,custom,"{""bfgs"": 0.013759270752753548, ""custom"": 0.0007775677456656968}",0.008482547476887703,0.008482547476887703,stage3_l_opt,l_opt_current_alpha,0.10909746540503604,0.016764849303133676,0.125,False,False,True,True,0.00016264493266741377,True,9789,19692
2,2,0.0,0.0,uniform,0,uniform,0.5,guarded,stage1,,,12,0.00036285562979207486,custom,"{""bfgs"": 0.17152103590741263, ""custom"": 0.0005216547241451896}",0.00829078567524751,0.00829078567524751,stage3_l_opt,l_opt_current_alpha,0.027010104020949173,0.003376263002618684,0.125,True,True,True,False,-2.911686897277832e-05,True,10131,21411
2,2,0.0,0.0,uniform,0,uniform,0.5,guarded,stage1,,,13,0.00020280482061660332,custom,"{""bfgs"": 0.19159192326105728, ""custom"": 0.00098871729205618}",0.00832432322204113,0.00832432322204113,stage3_l_opt,l_opt_current_alpha,0.12040901866026597,0.015051127332533193,0.125,True,True,True,False,3.3537546793619213e-05,True,10350,22686
2,2,0.0,0.0,uniform,0,uniform,0.5,guarded,stage1,,,14,0.0008582239388429114,custom,"{""bfgs"": 0.1915628431141536, ""custom"": 0.0007815338934609579}",0.008496717239419619,0.008496717239419619,stage3_l_opt,l_opt_current_alpha,0.1135078055989438,0.007525563666266572,0.0625,False,False,True,True,0.0001723940173784886,True,11106,23928
2,2,0.0,0.0,uniform,0,uniform,0.5,guarded,stage1,,,15,0.0008536040477784557,custom,"{""bfgs"": 0.19157742163159738, ""custom"": 0.0007777953269362288}",0.008482657993833223,0.008482657993833223,stage3_l_opt,l_opt_current_alpha,0.12107899513430061,0.006020450933013257,0.05,False,False,True,True,0.00015833477179209333,True,11775,25323
2,2,0.0,0.0,uniform,0,uniform,0.5,guarded,stage1,,,16,0.0005367855468962346,custom,"{""bfgs"": 0.1915803328165629, ""custom"": 0.0005679859522695925}",0.008341392502188683,0.008341392502188683,stage3_l_opt,l_opt_current_alpha,0.1156012620116472,0.0057800631005823985,0.05,True,True,True,False,1.706928014755249e-05,True,12516,26316
2,2,0.0,0.0,uniform,0,uniform,0.5,guarded,stage1,,,17,0.00018353695198486397,custom,"{""bfgs"": 0.1915641649689428, ""custom"": 0.0009917007800154633}",0.008319164936741194,0.008319164936741194,stage3_l_opt,l_opt_current_alpha,0.10979257991153182,0.005489628995576611,0.05,True,True,True,False,-2.2227565447488842e-05,True,13218,27354
2,2,0.0,0.0,uniform,0,uniform,0.5,guarded,stage1,,,18,0.0008589056012230922,custom,"{""bfgs"": 0.19154909257809521, ""custom"": 0.0007737543344772917}",0.008491643394033114,0.008491643394033114,stage3_l_opt,l_opt_current_alpha,0.11128528006333885,0.005489628995576611,0.05,False,False,True,True,0.00017247845729191982,True,13878,28668
2,2,0.0,0.0,uniform,0,uniform,0.5,guarded,stage1,,,19,0.0008589056012230922,custom,"{""bfgs"": 0.19154909257809521, ""custom"": 0.0007737543344772917}",0.008491643394033114,0.008491643394033114,stage3_l_opt,l_opt_current_alpha,0.11128528006333885,0.005489628995576611,0.05,False,False,True,True,0.00017247845729191982,True,14538,29982
2,2,0.0,0.0,stage0,0,uniform,0.0,guarded,stage1,,,0,0.00018349352359128823,custom,"{""bfgs"": 0.14455622576666627, ""custom"": 0.007745206163452851}",0.008319194739063581,0.008319194739063581,stage3_l_opt,l_opt_current_alpha,1.2317590222550185,0.0,0.0,False,True,False,False,,True,786,1641
2,2,0.0,0.0,stage0,0,uniform,0.5,guarded,stage1,,,0,0.00018349352359128823,custom,"{""bfgs"": 0.14455622576666627, ""custom"": 0.007745206163452851}",0.008319194739063581,0.008319194739063581,stage3_l_opt,l_opt_current_alpha,1.2317590222550185,0.6158795111275095,0.5,False,True,True,False,,True,786,1641
2,2,0.0,0.0,stage0,0,uniform,0.5,guarded,stage1,,,1,0.00018351856010762058,custom,"{""bfgs"": 0.19858929018573365, ""custom"": 0.003955811825815724}",0.008319187288482984,0.008319187288482984,stage3_l_opt,l_opt_current_alpha,0.6158770615641352,0.30793853078206757,0.5,True,True,True,False,-7.450580596923828e-09,True,1455,3168
2,2,0.0,0.0,stage0,0,uniform,0.5,guarded,stage1,,,2,0.00018352137616384212,custom,"{""bfgs"": 0.003238046232464948, ""custom"": 0.0020611360081314845}",0.008319199706117312,0.008319199706117312,stage3_l_opt,l_opt_current_alpha,0.8036933553388639,0.40184667766943194,0.5,True,True,True,False,1.2417634327049898e-08,True,2280,4947
2,2,0.0,0.0,stage0,0,uniform,0.5,guarded,stage1,,,3,0.00018354678565354887,custom,"{""bfgs"": 0.19319883224132844, ""custom"": 0.0014276759070877428}",0.008319207156697908,0.008319207156697908,stage3_l_opt,l_opt_current_alpha,0.39573137875472786,0.19786568937736393,0.5,True,True,True,False,7.450580596923828e-09,True,2556,7050
2,2,0.0,0.0,stage0,0,uniform,0.5,guarded,stage1,,,4,0.0006979660613488647,custom,"{""bfgs"": 0.19237560656608882, ""custom"": 0.000951297475204584}",0.008400145297249159,0.008400145297249159,stage3_l_opt,l_opt_current_alpha,0.04852729788701919,0.024263648943509655,0.5,True,True,True,False,8.093814055125034e-05,True,3537,8763
2,2,0.0,0.0,stage0,0,uniform,0.5,guarded,stage1,,,5,0.00018349308535856035,custom,"{""bfgs"": 0.1916450828875306, ""custom"": 0.0009764045598712515}",0.008319187288482984,0.008319187288482984,stage3_l_opt,l_opt_current_alpha,0.16065790425478507,0.08032895212739254,0.5,True,True,True,False,-8.095800876617432e-05,True,4308,10011
2,2,0.0,0.0,stage0,0,uniform,0.5,guarded,stage1,,,6,0.0008745511747133838,custom,"{""bfgs"": 0.28923473728592186, ""custom"": 0.0007627163228221718}",0.00848886308570703,0.00848886308570703,stage3_l_opt,l_opt_current_alpha,0.18427564247617076,0.040164476063696206,0.25,False,False,True,True,0.0001696757972240448,True,5151,12375
2,2,0.0,0.0,stage0,0,uniform,0.5,guarded,stage1,,,7,0.00023333633677072307,custom,"{""bfgs"": 0.0118358183016465, ""custom"": 0.0009647340510367895}",0.00833052210509777,0.00833052210509777,stage3_l_opt,l_opt_current_alpha,0.13194483852634284,0.032986209631585724,0.25,True,True,True,False,1.1334816614786206e-05,True,6189,13764
2,2,0.0,0.0,stage0,0,uniform,0.5,guarded,stage1,,,8,0.000859250699642905,custom,"{""bfgs"": 0.01116819486609161, ""custom"": 0.0007551831012798595}",0.008481068536639214,0.008481068536639214,stage3_l_opt,l_opt_current_alpha,0.048584270867973414,0.016493104815792782,0.125,False,False,True,True,0.00015054643154144287,True,7188,14838
2,2,0.0,0.0,stage0,0,uniform,0.5,guarded,stage1,,,9,0.0008067895215610188,custom,"{""bfgs"": 0.19154666984325092, ""custom"": 0.000733187408824598}",0.00845433585345745,0.00845433585345745,stage3_l_opt,l_opt_current_alpha,0.12329928604129463,0.008246552407896502,0.0625,False,False,True,True,0.00012381374835968018,True,7935,16266
2,2,0.0,0.0,stage0,0,uniform,0.5,guarded,stage1,,,10,0.00018354370594172997,custom,"{""bfgs"": 0.13852827615215146, ""custom"": 0.0009821475334318896}",0.00831920343140761,0.00831920343140761,stage3_l_opt,l_opt_current_alpha,0.12289719176113217,0.007681074485070674,0.0625,True,True,True,False,-1.1318673690160694e-05,True,9234,17718
2,2,0.0,0.0,stage0,0,uniform,0.5,guarded,stage1,,,11,0.0008958292504729071,custom,"{""bfgs"": 0.11367394722203147, ""custom"": 0.0007977288571069907}",0.00849972479045391,0.00849972479045391,stage3_l_opt,l_opt_current_alpha,0.12371807187021464,0.0061448595880566614,0.05,False,False,True,True,0.00018052135904630083,True,10125,19221
2,2,0.0,0.0,stage0,0,uniform,0.5,guarded,stage1,,,12,0.0003610786859153392,custom,"{""bfgs"": 0.19155410216875735, ""custom"": 0.0007501877759282887}",0.00831481876472632,0.00831481876472632,stage3_l_opt,l_opt_current_alpha,0.11644315341911482,0.005822157670955789,0.05,True,True,True,False,-4.384666681289673e-06,True,10809,20994
2,2,0.0,0.0,stage0,0,uniform,0.5,guarded,stage1,,,13,0.00019655146487351782,custom,"{""bfgs"": 0.1915469417109388, ""custom"": 0.0009735690424035557}",0.008320451403657595,0.008320451403657595,stage3_l_opt,l_opt_current_alpha,0.8407106005584903,0.042035530027924456,0.05,True,True,True,False,5.632638931274414e-06,True,11625,22293
2,2,0.0,0.0,stage0,0,uniform,0.5,guarded,stage1,,,14,0.00018353975148752144,custom,"{""bfgs"": 0.011024060108557736, ""custom"": 0.0009615213926950944}",0.00831918977200985,0.00831918977200985,stage3_l_opt,l_opt_current_alpha,0.14174449549073603,0.0070872247745368405,0.05,True,True,True,False,-1.26163164774519e-06,True,12519,22959
2,2,0.0,0.0,stage0,0,uniform,0.5,guarded,stage1,,,15,0.0001835388681593053,custom,"{""bfgs"": 0.19155053370419173, ""custom"": 0.0009633299977713419}",0.00831920343140761,0.00831920343140761,stage3_l_opt,l_opt_current_alpha,0.14604713794487795,0.007302356897243879,0.05,True,True,True,False,1.3659397760448777e-08,True,13317,24321
2,2,0.0,0.0,stage0,0,uniform,0.5,guarded,stage1,,,16,0.00019463924938215027,custom,"{""bfgs"": 0.2306238424650278, ""custom"": 0.0009518884362246445}",0.008319097881515821,0.008319097881515821,stage3_l_opt,l_opt_current_alpha,0.13873732784054443,0.006936866392027188,0.05,True,True,True,False,-1.0554989178859775e-07,True,14481,25830
2,2,0.0,0.0,stage0,0,uniform,0.5,guarded,stage1,,,17,0.00018466833638150493,custom,"{""bfgs"": 0.19153405145500524, ""custom"": 0.000966859553994106}",0.008319363618890444,0.008319363618890444,stage3_l_opt,l_opt_current_alpha,0.011099075681856023,0.0005549537840928362,0.05,True,True,True,False,2.6573737462246005e-07,True,15177,28383
2,2,0.0,0.0,stage0,0,uniform,0.5,guarded,stage1,,,18,0.00020485338811943032,custom,"{""bfgs"": 0.06876723372361362, ""custom"": 0.0009528128226864794}",0.00832293244699637,0.00832293244699637,stage3_l_opt,l_opt_current_alpha,0.1313477543742366,0.006567387718711917,0.05,True,True,True,False,3.5688281059265137e-06,True,15951,30192
2,2,0.0,0.0,stage0,0,uniform,0.5,guarded,stage1,,,19,0.00018348247796887152,custom,"{""bfgs"": 0.19151374756027117, ""custom"": 0.0009661538514336933}",0.00831918977200985,0.00831918977200985,stage3_l_opt,l_opt_current_alpha,0.12451595079354882,0.006225797539677464,0.05,True,True,True,False,-3.7426749865208248e-06,True,16674,31560
3,2,0.0,0.0,uniform,0,uniform,0.0,guarded,stage1,,,0,0.004999435120968676,custom,"{""bfgs"": 0.03222368409236272, ""custom"": 0.02738967289527257}",0.02738967289527257,0.02738967289527257,stage3_l_opt,l_opt_current_alpha,,0.0,0.0,False,True,False,False,,False,294,1176
3,2,0.0,0.0,uniform,0,uniform,0.5,guarded,stage1,,,0,0.004999435120968676,custom,"{""bfgs"": 0.03222368409236272, ""custom"": 0.02738967289527257}",0.02738967289527257,0.02738967289527257,stage3_l_opt,l_opt_current_alpha,,0.0,0.5,False,True,False,False,,False,294,1176
3,2,0.0,0.0,stage0,0,uniform,0.0,guarded,stage1,,,0,0.005709285583536727,custom,"{""bfgs"": 0.030767612638251784, ""custom"": 0.024199451197177972}",0.027588367462158203,0.027588367462158203,stage3_l_opt,l_opt_current_alpha,1.3215856460162532,0.0,0.0,False,True,False,False,,True,201,1443
3,2,0.0,0.0,stage0,0,uniform,0.5,guarded,stage1,,,0,0.005709285583536727,custom,"{""bfgs"": 0.030767612638251784, ""custom"": 0.024199451197177972}",0.027588367462158203,0.027588367462158203,stage3_l_opt,l_opt_current_alpha,1.3215856460162532,0.6607928230081267,0.5,False,True,True,False,,True,201,1443
3,2,0.0,0.0,stage0,0,uniform,0.5,guarded,stage1,,,1,0.016048048634144607,custom,"{""bfgs"": 0.042745877868024904, ""custom"": 0.01002379898682479}",0.02227770785490672,0.02227770785490672,stage3_l_opt,l_opt_current_alpha,0.5989530673030472,0.29947653365152366,0.5,True,True,True,False,-0.005310659607251484,True,345,3063
3,2,0.0,0.0,stage0,0,uniform,0.5,guarded,stage1,,,2,0.016285127415931022,custom,"{""bfgs"": 0.04820257615820846, ""custom"": 0.005794832722247335}",0.022558423380057018,0.022558423380057018,stage3_l_opt,l_opt_current_alpha,0.31114147887748245,0.1497382668257618,0.25,False,False,True,True,0.00028071552515029907,True,573,4527
3,2,0.0,0.0,stage0,0,uniform,0.5,guarded,stage1,,,3,0.015375402989898312,custom,"{""bfgs"": 0.04547422701311668, ""custom"": 0.007563323682335609}",0.02155141532421112,0.02155141532421112,stage3_l_opt,l_opt_current_alpha,0.3937575475843408,0.09843938689608517,0.25,True,True,True,False,-0.0007262925306955985,True,780,6252
3,2,0.0,0.0,stage0,0,uniform,0.5,guarded,stage1,,,4,0.01483846081063811,custom,"{""bfgs"": 0.047281750665775946, ""custom"": 0.006071810906469969}",0.020995989441871643,0.020995989441871643,stage3_l_opt,l_opt_current_alpha,0.418578620296546,0.10464465507413649,0.25,True,True,True,False,-0.0005554258823394775,True,1038,7602
3,2,0.0,0.0,stage0,0,uniform,0.5,guarded,stage1,,,5,0.015422310528071637,custom,"{""bfgs"": 0.04556410859402032, ""custom"": 0.008171432854630798}",0.021600539485613506,0.021600539485613506,stage3_l_opt,l_opt_current_alpha,0.40352331803400676,0.0523223275370682,0.125,False,False,True,True,0.0006045500437418631,True,1290,8943
3,2,0.0,0.0,stage0,0,uniform,0.5,guarded,stage1,,,6,0.015202441330561645,custom,"{""bfgs"": 0.04642292962989814, ""custom"": 0.0071381337007228466}",0.021373676757017773,0.021373676757017773,stage3_l_opt,l_opt_current_alpha,1.495062503176652,0.02616116376853414,0.0625,False,False,True,True,0.0003776873151461295,True,1413,10518
3,2,0.0,0.0,stage0,0,uniform,0.5,guarded,stage1,,,7,0.015066508380899957,custom,"{""bfgs"": 0.04685234014783705, ""custom"": 0.00661588357684923}",0.02123313893874486,0.02123313893874486,stage3_l_opt,l_opt_current_alpha,0.298694238072744,0.02092893101482722,0.05,False,False,True,True,0.00023714949687321865,True,1536,12102
3,2,0.0,0.0,stage0,0,uniform,0.5,guarded,stage1,,,8,0.015071257475207656,custom,"{""bfgs"": 0.04693822225142482, ""custom"": 0.00654675921899266}",0.021236238380273182,0.021236238380273182,stage3_l_opt,l_opt_current_alpha,0.29367966706355364,0.02092893101482722,0.05,False,False,True,True,0.00024024893840153896,True,1659,13317
3,2,0.0,0.0,stage0,0,uniform,0.5,guarded,stage1,,,9,0.015071257475207656,custom,"{""bfgs"": 0.04693822225142482, ""custom"": 0.00654675921899266}",0.021236238380273182,0.021236238380273182,stage3_l_opt,l_opt_current_alpha,0.29367966706355364,0.02092893101482722,0.05,False,False,True,True,0.00024024893840153896,True,1782,14532
3,2,0.0,0.0,stage0,0,uniform,0.5,guarded,stage1,,,10,0.015071257475207656,custom,"{""bfgs"": 0.04693822225142482, ""custom"": 0.00654675921899266}",0.021236238380273182,0.021236238380273182,stage3_l_opt,l_opt_current_alpha,0.29367966706355364,0.02092893101482722,0.05,False,False,True,True,0.00024024893840153896,True,1905,15747
3,2,0.0,0.0,stage0,0,uniform,0.5,guarded,stage1,,,11,0.015071257475207656,custom,"{""bfgs"": 0.04693822225142482, ""custom"": 0.00654675921899266}",0.021236238380273182,0.021236238380273182,stage3_l_opt,l_opt_current_alpha,0.29367966706355364,0.02092893101482722,0.05,False,False,True,True,0.00024024893840153896,True,2028,16962
3,2,0.0,0.0,stage0,0,uniform,0.5,guarded,stage1,,,12,0.015071257475207656,custom,"{""bfgs"": 0.04693822225142482, ""custom"": 0.00654675921899266}",0.021236238380273182,0.021236238380273182,stage3_l_opt,l_opt_current_alpha,0.29367966706355364,0.02092893101482722,0.05,False,False,True,True,0.00024024893840153896,True,2151,18177
3,2,0.0,0.0,stage0,0,uniform,0.5,guarded,stage1,,,13,0.015071257475207656,custom,"{""bfgs"": 0.04693822225142482, ""custom"": 0.00654675921899266}",0.021236238380273182,0.021236238380273182,stage3_l_opt,l_opt_current_alpha,0.29367966706355364,0.02092893101482722,0.05,False,False,True,True,0.00024024893840153896,True,2274,19392
3,2,0.0,0.0,stage0,0,uniform,0.5,guarded,stage1,,,14,0.015071257475207656,custom,"{""bfgs"": 0.04693822225142482, ""custom"": 0.00654675921899266}",0.021236238380273182,0.021236238380273182,stage3_l_opt,l_opt_current_alpha,0.29367966706355364,0.02092893101482722,0.05,False,False,True,True,0.00024024893840153896,True,2397,20607
3,2,0.0,0.0,stage0,0,uniform,0.5,guarded,stage1,,,15,0.015071257475207656,custom,"{""bfgs"": 0.04693822225142482, ""custom"": 0.00654675921899266}",0.021236238380273182,0.021236238380273182,stage3_l_opt,l_opt_current_alpha,0.29367966706355364,0.02092893101482722,0.05,False,False,True,True,0.00024024893840153896,True,2520,21822
3,2,0.0,0.0,stage0,0,uniform,0.5,guarded,stage1,,,16,0.015071257475207656,custom,"{""bfgs"": 0.04693822225142482, ""custom"": 0.00654675921899266}",0.021236238380273182,0.021236238380273182,stage3_l_opt,l_opt_current_alpha,0.29367966706355364,0.02092893101482722,0.05,False,False,True,True,0.00024024893840153896,True,2643,23037
3,2,0.0,0.0,stage0,0,uniform,0.5,guarded,stage1,,,17,0.015071257475207656,custom,"{""bfgs"": 0.04693822225142482, ""custom"": 0.00654675921899266}",0.021236238380273182,0.021236238380273182,stage3_l_opt,l_opt_current_alpha,0.29367966706355364,0.02092893101482722,0.05,False,False,True,True,0.00024024893840153896,True,2766,24252
3,2,0.0,0.0,stage0,0,uniform,0.5,guarded,stage1,,,18,0.015071257475207656,custom,"{""bfgs"": 0.04693822225142482, ""custom"": 0.00654675921899266}",0.021236238380273182,0.021236238380273182,stage3_l_opt,l_opt_current_alpha,0.29367966706355364,0.02092893101482722,0.05,False,False,True,True,0.00024024893840153896,True,2889,25467
3,2,0.0,0.0,stage0,0,uniform,0.5,guarded,stage1,,,19,0.015071257475207656,custom,"{""bfgs"": 0.04693822225142482, ""custom"": 0.00654675921899266}",0.021236238380273182,0.021236238380273182,stage3_l_opt,l_opt_current_alpha,0.29367966706355364,0.02092893101482722,0.05,False,False,True,True,0.00024024893840153896,True,3012,26682
4,2,0.0,0.0,uniform,0,uniform,0.0,guarded,stage1,,,0,0.01943451119062034,custom,"{""bfgs"": 0.0969330370426178, ""custom"": 0.016788107653458915}",0.016788107653458912,0.016788107653458912,stage3_l_opt,l_opt_current_alpha,,0.0,0.0,False,True,False,False,,False,231,849
4,2,0.0,0.0,uniform,0,uniform,0.5,guarded,stage1,,,0,0.01943451119062034,custom,"{""bfgs"": 0.0969330370426178, ""custom"": 0.016788107653458915}",0.016788107653458912,0.016788107653458912,stage3_l_opt,l_opt_current_alpha,,0.0,0.5,False,True,False,False,,False,231,849
4,2,0.0,0.0,stage0,0,uniform,0.0,guarded,stage1,,,0,0.019002823919333167,custom,"{""bfgs"": 0.09975641588300009, ""custom"": 0.01749110574613913}",0.017252770562966663,0.017252770562966663,stage3_l_opt,l_opt_current_alpha,,0.0,0.0,False,True,False,False,,False,138,822
4,2,0.0,0.0,stage0,0,uniform,0.5,guarded,stage1,,,0,0.019002823919333167,custom,"{""bfgs"": 0.09975641588300009, ""custom"": 0.01749110574613913}",0.017252770562966663,0.017252770562966663,stage3_l_opt,l_opt_current_alpha,,0.0,0.5,False,True,False,False,,False,138,822
5,2,0.0,0.0,uniform,0,uniform,0.0,guarded,stage1,,,0,0.0201095437757748,custom,"{""bfgs"": 0.022241764391462006, ""custom"": 0.020472523445884384}",0.020472523445884388,0.020472523445884388,stage3_l_opt,l_opt_current_alpha,,0.0,0.0,False,True,False,False,,False,297,840
5,2,0.0,0.0,uniform,0,uniform,0.5,guarded,stage1,,,0,0.0201095437757748,custom,"{""bfgs"": 0.022241764391462006, ""custom"": 0.020472523445884384}",0.020472523445884388,0.020472523445884388,stage3_l_opt,l_opt_current_alpha,,0.0,0.5,False,True,False,False,,False,297,840
5,2,0.0,0.0,stage0,0,uniform,0.0,guarded,stage1,,,0,0.020687200355923696,custom,"{""bfgs"": 0.02118840201842672, ""custom"": 0.020659672989402158}",0.020736179624994595,0.020736179624994595,stage3_l_opt,l_opt_current_alpha,,0.0,0.0,False,True,False,False,,False,237,2013
5,2,0.0,0.0,stage0,0,uniform,0.5,guarded,stage1,,,0,0.020687200355923696,custom,"{""bfgs"": 0.02118840201842672, ""custom"": 0.020659672989402158}",0.020736179624994595,0.020736179624994595,stage3_l_opt,l_opt_current_alpha,,0.0,0.5,False,True,False,False,,False,237,2013
6,2,0.0,0.0,uniform,0,uniform,0.0,guarded,stage1,,,0,0.00632532611649772,bfgs,"{""bfgs"": 0.011468042309085527, ""custom"": 0.015709962074955303}",0.011468042309085527,0.011468042309085527,stage3_l_opt,l_opt_current_alpha,0.8552660695538767,0.0,0.0,False,True,False,False,,True,690,1473
6,2,0.0,0.0,uniform,0,uniform,0.5,guarded,stage1,,,0,0.00632532611649772,bfgs,"{""bfgs"": 0.011468042309085527, ""custom"": 0.015709962074955303}",0.011468042309085527,0.011468042309085527,stage3_l_opt,l_opt_current_alpha,0.8552660695538767,0.42763303477693837,0.5,False,True,True,False,,True,690,1473
6,2,0.0,0.0,uniform,0,uniform,0.5,guarded,stage1,,,1,0.0021054256683335736,bfgs,"{""bfgs"": 0.006747053809239659, ""custom"": 0.01139730421124947}",0.007810634250442187,0.007810634250442187,stage3_l_opt,l_opt_current_alpha,0.5414063549417543,0.27070317747087713,0.5,True,True,True,False,-0.00365740805864334,True,1401,3387
6,2,0.0,0.0,uniform,0,uniform,0.5,guarded,stage1,,,2,0.004470190129957086,custom,"{""bfgs"": 0.05451338750062696, ""custom"": 0.013797164103941289}",0.015637246891856194,0.015637246891856194,stage3_l_opt,l_opt_current_alpha,,0.0,0.5,False,False,False,True,0.007826612641414005,False,1752,5376
6,2,0.0,0.0,stage0,0,uniform,0.0,guarded,stage1,,,0,0.004333484723932024,custom,"{""bfgs"": 0.18904580119006004, ""custom"": 0.013784904692980935}",0.016194950168331463,0.016194950168331463,stage3_l_opt,l_opt_current_alpha,,0.0,0.0,False,True,False,False,,False,663,1236
6,2,0.0,0.0,stage0,0,uniform,0.5,guarded,stage1,,,0,0.004333484723932024,custom,"{""bfgs"": 0.18904580119006004, ""custom"": 0.013784904692980935}",0.016194950168331463,0.016194950168331463,stage3_l_opt,l_opt_current_alpha,,0.0,0.5,False,True,False,False,,False,663,1236
7,2,0.0,0.0,uniform,0,uniform,0.0,guarded,stage1,,,0,0.001179535245689145,custom,"{""bfgs"": 0.015688052400946617, ""custom"": 0.012473986173669495}",0.012473986173669497,0.012473986173669497,stage3_l_opt,l_opt_current_alpha,0.9720869590002725,0.0,0.0,False,True,False,False,,True,723,912
7,2,0.0,0.0,uniform,0,uniform,0.5,guarded,stage1,,,0,0.001179535245689145,custom,"{""bfgs"": 0.015688052400946617, ""custom"": 0.012473986173669495}",0.012473986173669497,0.012473986173669497,stage3_l_opt,l_opt_current_alpha,0.9720869590002725,0.4860434795001362,0.5,False,True,True,False,,True,723,912
7,2,0.0,0.0,uniform,0,uniform,0.5,guarded,stage1,,,1,0.005962089028590745,custom,"{""bfgs"": 0.014007755171707206, ""custom"": 0.008259555996222873}",0.014881163835525513,0.014881163835525513,stage3_l_opt,l_opt_current_alpha,1.4660434795001362,0.24302173975006808,0.25,False,False,True,True,0.002407177661856016,True,1287,1833
7,2,0.0,0.0,uniform,0,uniform,0.5,guarded,stage1,,,2,0.0006867532555094313,custom,"{""bfgs"": 0.011199733529253823, ""custom"": 0.010832911567222813}",0.012495570505658785,0.012495570505658785,stage3_l_opt,l_opt_current_alpha,1.3863550730834016,0.3465887682708504,0.25,True,True,True,False,2.158433198928833e-05,True,1602,2682
7,2,0.0,0.0,uniform,0,uniform,0.5,guarded,stage1,,,3,0.0014160997273838793,custom,"{""bfgs"": 0.01339785687643626, ""custom"": 0.008408737920424311}",0.012568417315681776,0.012568417315681776,stage3_l_opt,l_opt_current_alpha,0.4675004745763287,0.11687511864408215,0.25,True,True,True,False,7.284681002299107e-05,True,1779,3975
7,2,0.0,0.0,uniform,0,uniform,0.5,guarded,stage1,,,4,0.0014647281038228654,custom,"{""bfgs"": 0.014308947090309778, ""custom"": 0.006872169251088679}",0.012499531731009483,0.012499531731009483,stage3_l_opt,l_opt_current_alpha,0.44479352931486205,0.11119838232871553,0.25,True,True,True,False,-6.888558467229265e-05,True,1959,4914
7,2,0.0,0.0,uniform,0,uniform,0.5,guarded,stage1,,,5,0.0017375085908947763,custom,"{""bfgs"": 0.024148064340385304, ""custom"": 0.005885005227385233}",0.012584098304311434,0.012584098304311434,stage3_l_opt,l_opt_current_alpha,0.8116928038397535,0.20292320095993838,0.25,True,True,True,False,8.456657330195051e-05,True,2136,5898
7,2,0.0,0.0,uniform,0,uniform,0.5,guarded,stage1,,,6,0.00047665163318150183,custom,"{""bfgs"": 0.018520796751314076, ""custom"": 0.004034675576164878}",0.0125479723016421,0.0125479723016421,stage3_l_opt,l_opt_current_alpha,0.8556216447852207,0.21390541119630518,0.25,True,True,True,False,-3.612600266933441e-05,True,2472,6732
7,2,0.0,0.0,uniform,0,uniform,0.5,guarded,stage1,,,7,0.0015832903807946885,custom,"{""bfgs"": 0.013271153994319912, ""custom"": 0.004554742484416759}",0.012455098951856295,0.012455098951856295,stage3_l_opt,l_opt_current_alpha,0.8189169509745298,0.2047292377436324,0.25,True,True,True,False,-9.287334978580475e-05,True,2673,7719
7,2,0.0,0.0,uniform,0,uniform,0.5,guarded,stage1,,,8,0.001404310461504077,custom,"{""bfgs"": 0.012209976702403728, ""custom"": 0.00484979256195504}",0.012463063622514406,0.012463063622514406,stage3_l_opt,l_opt_current_alpha,0.9595746619760026,0.23989366549400068,0.25,True,True,True,False,7.964670658111572e-06,True,2970,8820
7,2,0.0,0.0,uniform,0,uniform,0.5,guarded,stage1,,,9,0.0016691810537540208,custom,"{""bfgs"": 0.01572240026413345, ""custom"": 0.003793299719576658}",0.012463761493563652,0.012463761493563652,stage3_l_opt,l_opt_current_alpha,0.435771057731141,0.10894276443278525,0.25,True,True,True,False,6.978710492457768e-07,True,3156,10188
7,2,0.0,0.0,uniform,0,uniform,0.5,guarded,stage1,,,10,0.0015258173907302663,custom,"{""bfgs"": 0.014063051333399624, ""custom"": 0.003142314717171604}",0.012461809441447258,0.012461809441447258,stage3_l_opt,l_opt_current_alpha,0.7427059212902681,0.1856764803225671,0.25,True,True,True,False,-1.952052116394043e-06,True,3435,11061
7,2,0.0,0.0,uniform,0,uniform,0.5,guarded,stage1,,,11,0.0016213524212075892,custom,"{""bfgs"": 0.014413821458447964, ""custom"": 0.0036994636261532842}",0.012454065804680189,0.012454065804680189,stage3_l_opt,l_opt_current_alpha,0.4351355986130222,0.1087838996532556,0.25,True,True,True,False,-7.74363676706892e-06,True,3702,12201
7,2,0.0,0.0,uniform,0,uniform,0.5,guarded,stage1,,,12,0.001684499797388217,custom,"{""bfgs"": 0.005879443403843072, ""custom"": 0.0031968456163223983}",0.01245227518181006,0.01245227518181006,stage3_l_opt,l_opt_current_alpha,0.4322546346773844,0.10806365866934617,0.25,True,True,True,False,-1.7906228701285165e-06,True,3996,13266
7,2,0.0,0.0,uniform,0,uniform,0.5,guarded,stage1,,,13,0.0014494705331263846,custom,"{""bfgs"": 0.017945465522480473, ""custom"": 0.0027429719633849784}",0.012520770852764448,0.012520770852764448,stage3_l_opt,l_opt_current_alpha,0.7610608899870421,0.19026522249676056,0.25,True,True,True,False,6.849567095438755e-05,True,4629,14154
7,2,0.0,0.0,uniform,0,uniform,0.5,guarded,stage1,,,14,0.0016754054132741003,custom,"{""bfgs"": 0.014729942873214176, ""custom"": 0.0033627718154050183}",0.012451708937684694,0.012451708937684694,stage3_l_opt,l_opt_current_alpha,0.4342965095011979,0.1085741273752995,0.25,True,True,True,False,-6.906191507975376e-05,True,4893,15081
7,2,0.0,0.0,uniform,0,uniform,0.5,guarded,stage1,,,15,0.0017093171458339995,custom,"{""bfgs"": 0.014892828926837345, ""custom"": 0.0029130012854447}",0.0124542818715175,0.0124542818715175,stage3_l_opt,l_opt_current_alpha,0.6438206129144252,0.16095515322860626,0.25,True,True,True,False,2.5729338328055185e-06,True,5088,16047
7,2,0.0,0.0,uniform,0,uniform,0.5,guarded,stage1,,,16,0.002221296839538589,custom,"{""bfgs"": 0.012343588577430958, ""custom"": 0.002359261022509653}",0.012360655392209688,0.012360655392209688,stage3_l_opt,l_opt_current_alpha,0.8244172809122817,0.20610432022807038,0.25,True,True,True,False,-9.362647930781162e-05,True,5343,17010
7,2,0.0,0.0,uniform,0,uniform,0.5,guarded,stage1,,,17,0.0018029589186017714,custom,"{""bfgs"": 0.015725202924908054, ""custom"": 0.003129454432389981}",0.01249471865594387,0.01249471865594387,stage3_l_opt,l_opt_current_alpha,0.6867870812822301,0.10305216011403513,0.125,False,False,True,True,0.0001340632637341823,True,5511,18111
7,2,0.0,0.0,uniform,0,uniform,0.5,guarded,stage1,,,18,0.0017706541471028125,custom,"{""bfgs"": 0.012878637808203905, ""custom"": 0.002647306728012859}",0.012447074676553408,0.012447074676553408,stage3_l_opt,l_opt_current_alpha,0.72637179973733,0.09079647496716625,0.125,True,True,True,False,8.641928434371948e-05,True,5949,18957
7,2,0.0,0.0,uniform,0,uniform,0.5,guarded,stage1,,,19,0.0017050674110513642,custom,"{""bfgs"": 0.015930822332875762, ""custom"": 0.002978761222531356}",0.012454299256205559,0.012454299256205559,stage3_l_opt,l_opt_current_alpha,0.8183362997606296,0.1022920374700787,0.125,True,True,True,False,7.22457965215105e-06,True,6117,19971
7,2,0.0,0.0,stage0,0,uniform,0.0,guarded,stage1,,,0,0.017155726656854386,custom,"{""bfgs"": 0.011951370744068966, ""custom"": 0.006036554919412754}",0.007867082332571348,0.007867082332571348,stage3_l_opt,l_opt_current_alpha,0.8195332824362106,0.0,0.0,False,True,False,False,,True,534,828
7,2,0.0,0.0,stage0,0,uniform,0.5,guarded,stage1,,,0,0.017155726656854386,custom,"{""bfgs"": 0.011951370744068966, ""custom"": 0.006036554919412754}",0.007867082332571348,0.007867082332571348,stage3_l_opt,l_opt_current_alpha,0.8195332824362106,0.40976664121810535,0.5,False,True,True,False,,True,534,828
7,2,0.0,0.0,stage0,0,uniform,0.5,guarded,stage1,,,1,0.0021743477774334163,custom,"{""bfgs"": 0.012297414964831657, ""custom"": 0.01024839681919777}",0.012586049735546112,0.012586049735546112,stage3_l_opt,l_opt_current_alpha,1.2052990597369888,0.20488332060905268,0.25,False,False,True,True,0.004718967402974764,True,702,1860
7,2,0.0,0.0,stage0,0,uniform,0.5,guarded,stage1,,,2,0.004314698034012632,bfgs,"{""bfgs"": 0.011911952485692504, ""custom"": 0.01295246537492183}",0.011677099391818047,0.011677099391818047,stage3_l_opt,l_opt_current_alpha,0.7683686426989831,0.10244166030452628,0.125,False,False,True,True,0.0038100170592466984,True,963,2748
7,2,0.0,0.0,stage0,0,uniform,0.5,guarded,stage1,,,3,0.0003305564192910282,custom,"{""bfgs"": 0.0174994599153108, ""custom"": 0.014696359720956198}",0.01251969300210476,0.01251969300210476,stage3_l_opt,l_opt_current_alpha,0.8161963809046618,0.051220830152263086,0.0625,False,False,True,True,0.004652610669533411,True,1263,3906
7,2,0.0,0.0,stage0,0,uniform,0.5,guarded,stage1,,,4,0.017181415464696925,custom,"{""bfgs"": 0.017848883784122666, ""custom"": 0.006316960276251141}",0.00785446104904016,0.00785446104904016,stage3_l_opt,l_opt_current_alpha,0.7667885052682388,0.04792428157926498,0.0625,True,True,True,False,-1.2621283531188965e-05,True,1716,4638
7,2,0.0,0.0,stage0,0,uniform,0.5,guarded,stage1,,,5,0.01718656166532584,custom,"{""bfgs"": 0.011563105187289426, ""custom"": 0.006594102100539128}",0.00785804974536101,0.00785804974536101,stage3_l_opt,l_opt_current_alpha,0.7142527708528099,0.044640798178300634,0.0625,True,True,True,False,3.5886963208504874e-06,True,2103,5742
7,2,0.0,0.0,stage0,0,uniform,0.5,guarded,stage1,,,6,0.015523251014654849,custom,"{""bfgs"": 0.017644235692367984, ""custom"": 0.007401130807151646}",0.008444005623459816,0.008444005623459816,stage3_l_opt,l_opt_current_alpha,0.8741410720271552,0.03571263854264062,0.05,False,False,True,True,0.0005859558780988063,True,2730,7287
7,2,0.0,0.0,stage0,0,uniform,0.5,guarded,stage1,,,7,0.01718525274505389,custom,"{""bfgs"": 0.010877949379446045, ""custom"": 0.006765538570248819}",0.007856457804640135,0.007856457804640135,stage3_l_opt,l_opt_current_alpha,0.6736574301916172,0.033682871509580825,0.05,True,True,True,False,-1.5919407208749015e-06,True,3273,8538
7,2,0.0,0.0,stage0,0,uniform,0.5,guarded,stage1,,,8,0.007056995879848038,bfgs,"{""bfgs"": 0.011020627537329679, ""custom"": 0.013393833992324173}",0.010840130969882011,0.010840130969882011,stage3_l_opt,l_opt_current_alpha,1.322349393864729,0.033682871509580825,0.05,False,False,True,True,0.0029836731652418767,True,3498,10053
7,2,0.0,0.0,stage0,0,uniform,0.5,guarded,stage1,,,9,0.007056995879848038,bfgs,"{""bfgs"": 0.011020627537329679, ""custom"": 0.013393833992324173}",0.010840130969882011,0.010840130969882011,stage3_l_opt,l_opt_current_alpha,1.322349393864729,0.033682871509580825,0.05,False,False,True,True,0.0029836731652418767,True,3723,11568
7,2,0.0,0.0,stage0,0,uniform,0.5,guarded,stage1,,,10,0.007056995879848038,bfgs,"{""bfgs"": 0.011020627537329679, ""custom"": 0.013393833992324173}",0.010840130969882011,0.010840130969882011,stage3_l_opt,l_opt_current_alpha,1.322349393864729,0.033682871509580825,0.05,False,False,True,True,0.0029836731652418767,True,3948,13083
7,2,0.0,0.0,stage0,0,uniform,0.5,guarded,stage1,,,11,0.007056995879848038,bfgs,"{""bfgs"": 0.011020627537329679, ""custom"": 0.013393833992324173}",0.010840130969882011,0.010840130969882011,stage3_l_opt,l_opt_current_alpha,1.322349393864729,0.033682871509580825,0.05,False,False,True,True,0.0029836731652418767,True,4173,14598
7,2,0.0,0.0,stage0,0,uniform,0.5,guarded,stage1,,,12,0.007056995879848038,bfgs,"{""bfgs"": 0.011020627537329679, ""custom"": 0.013393833992324173}",0.010840130969882011,0.010840130969882011,stage3_l_opt,l_opt_current_alpha,1.322349393864729,0.033682871509580825,0.05,False,False,True,True,0.0029836731652418767,True,4398,16113
7,2,0.0,0.0,stage0,0,uniform,0.5,guarded,stage1,,,13,0.007056995879848038,bfgs,"{""bfgs"": 0.011020627537329679, ""custom"": 0.013393833992324173}",0.010840130969882011,0.010840130969882011,stage3_l_opt,l_opt_current_alpha,1.322349393864729,0.033682871509580825,0.05,False,False,True,True,0.0029836731652418767,True,4623,17628
7,2,0.0,0.0,stage0,0,uniform,0.5,guarded,stage1,,,14,0.007056995879848038,bfgs,"{""bfgs"": 0.011020627537329679, ""custom"": 0.013393833992324173}",0.010840130969882011,0.010840130969882011,stage3_l_opt,l_opt_current_alpha,1.322349393864729,0.033682871509580825,0.05,False,False,True,True,0.0029836731652418767,True,4848,19143
7,2,0.0,0.0,stage0,0,uniform,0.5,guarded,stage1,,,15,0.007056995879848038,bfgs,"{""bfgs"": 0.011020627537329679, ""custom"": 0.013393833992324173}",0.010840130969882011,0.010840130969882011,stage3_l_opt,l_opt_current_alpha,1.322349393864729,0.033682871509580825,0.05,False,False,True,True,0.0029836731652418767,True,5073,20658
7,2,0.0,0.0,stage0,0,uniform,0.5,guarded,stage1,,,16,0.007056995879848038,bfgs,"{""bfgs"": 0.011020627537329679, ""custom"": 0.013393833992324173}",0.010840130969882011,0.010840130969882011,stage3_l_opt,l_opt_current_alpha,1.322349393864729,0.033682871509580825,0.05,False,False,True,True,0.0029836731652418767,True,5298,22173
7,2,0.0,0.0,stage0,0,uniform,0.5,guarded,stage1,,,17,0.007056995879848038,bfgs,"{""bfgs"": 0.011020627537329679, ""custom"": 0.013393833992324173}",0.010840130969882011,0.010840130969882011,stage3_l_opt,l_opt_current_alpha,1.322349393864729,0.033682871509580825,0.05,False,False,True,True,0.0029836731652418767,True,5523,23688
7,2,0.0,0.0,stage0,0,uniform,0.5,guarded,stage1,,,18,0.007056995879848038,bfgs,"{""bfgs"": 0.011020627537329679, ""custom"": 0.013393833992324173}",0.010840130969882011,0.010840130969882011,stage3_l_opt,l_opt_current_alpha,1.322349393864729,0.033682871509580825,0.05,False,False,True,True,0.0029836731652418767,True,5748,25203
7,2,0.0,0.0,stage0,0,uniform,0.5,guarded,stage1,,,19,0.007056995879848038,bfgs,"{""bfgs"": 0.011020627537329679, ""custom"": 0.013393833992324173}",0.010840130969882011,0.010840130969882011,stage3_l_opt,l_opt_current_alpha,1.322349393864729,0.033682871509580825,0.05,False,False,True,True,0.0029836731652418767,True,5973,26718
8,2,0.0,0.0,uniform,0,uniform,0.0,guarded,stage1,,,0,0.015631065190199023,bfgs,"{""bfgs"": 0.006946955497066179, ""custom"": 0.007576291138927141}",0.00694695549706618,0.00694695549706618,stage3_l_opt,l_opt_current_alpha,,0.0,0.0,False,True,False,False,,False,537,1074
8,2,0.0,0.0,uniform,0,uniform,0.5,guarded,stage1,,,0,0.015631065190199023,bfgs,"{""bfgs"": 0.006946955497066179, ""custom"": 0.007576291138927141}",0.00694695549706618,0.00694695549706618,stage3_l_opt,l_opt_current_alpha,,0.0,0.5,False,True,False,False,,False,537,1074
8,2,0.0,0.0,stage0,0,uniform,0.0,guarded,stage1,,,0,0.004416000184916419,custom,"{""bfgs"": 0.05045021011694525, ""custom"": 0.013427909581572391}",0.012722124035159746,0.012722124035159746,stage3_l_opt,l_opt_current_alpha,,0.0,0.0,False,True,False,False,,False,237,1203
8,2,0.0,0.0,stage0,0,uniform,0.5,guarded,stage1,,,0,0.004416000184916419,custom,"{""bfgs"": 0.05045021011694525, ""custom"": 0.013427909581572391}",0.012722124035159746,0.012722124035159746,stage3_l_opt,l_opt_current_alpha,,0.0,0.5,False,True,False,False,,False,237,1203
9,2,0.0,0.0,uniform,0,uniform,0.0,guarded,stage1,,,0,0.00979288672676772,custom,"{""bfgs"": 0.05481658379236857, ""custom"": 0.00694693997502327}",0.00694693997502327,0.00694693997502327,stage3_l_opt,l_opt_current_alpha,1.3066666666666666,0.0,0.0,False,True,False,False,,True,165,1614
9,2,0.0,0.0,uniform,0,uniform,0.5,guarded,stage1,,,0,0.00979288672676772,custom,"{""bfgs"": 0.05481658379236857, ""custom"": 0.00694693997502327}",0.00694693997502327,0.00694693997502327,stage3_l_opt,l_opt_current_alpha,1.3066666666666666,0.6533333333333333,0.5,False,True,True,False,,True,165,1614
9,2,0.0,0.0,uniform,0,uniform,0.5,guarded,stage1,,,1,0.00876242191050066,custom,"{""bfgs"": 0.03429622754454613, ""custom"": 0.0071955151483416545}",0.014108803123235703,0.014108803123235703,stage3_l_opt,l_opt_current_alpha,1.3066666666666666,0.3266666666666667,0.25,False,False,True,True,0.007161863148212433,True,480,3018
9,2,0.0,0.0,uniform,0,uniform,0.5,guarded,stage1,,,2,0.0008159260285840186,custom,"{""bfgs"": 0.044556405668457345, ""custom"": 0.006954683754593133}",0.009211499243974686,0.009211499243974686,stage3_l_opt,l_opt_current_alpha,,0.0,0.25,False,False,False,True,0.002264559268951416,False,780,4452
9,2,0.0,0.0,stage0,0,uniform,0.0,guarded,stage1,,,0,0.01301520416672768,custom,"{""bfgs"": 0.06122282726980197, ""custom"": 0.006253768872470245}",0.006790991872549057,0.006790991872549057,stage3_l_opt,l_opt_current_alpha,,0.0,0.0,False,True,False,False,,False,237,1491
9,2,0.0,0.0,stage0,0,uniform,0.5,guarded,stage1,,,0,0.01301520416672768,custom,"{""bfgs"": 0.06122282726980197, ""custom"": 0.006253768872470245}",0.006790991872549057,0.006790991872549057,stage3_l_opt,l_opt_current_alpha,,0.0,0.5,False,True,False,False,,False,237,1491
10,2,0.0,0.0,uniform,0,uniform,0.0,guarded,stage1,,,0,0.0023854643988938107,custom,"{""bfgs"": 0.02271431932846705, ""custom"": 0.01384574423233668}",0.01384574423233668,0.01384574423233668,stage3_l_opt,l_opt_current_alpha,1.3066666666666666,0.0,0.0,False,True,False,False,,True,216,564
10,2,0.0,0.0,uniform,0,uniform,0.5,guarded,stage1,,,0,0.0023854643988938107,custom,"{""bfgs"": 0.02271431932846705, ""custom"": 0.01384574423233668}",0.01384574423233668,0.01384574423233668,stage3_l_opt,l_opt_current_alpha,1.3066666666666666,0.6533333333333333,0.5,False,True,True,False,,True,216,564
10,2,0.0,0.0,uniform,0,uniform,0.5,guarded,stage1,,,1,0.03117590374456479,custom,"{""bfgs"": 0.014897484872490166, ""custom"": 0.012954353727400301}",0.025400550415118534,0.025400550415118534,stage3_l_opt,l_opt_current_alpha,,0.0,0.5,False,False,False,True,0.011554806182781855,False,528,1428
10,2,0.0,0.0,stage0,0,uniform,0.0,guarded,stage1,,,0,0.0022770229438400236,custom,"{""bfgs"": 0.022494387588070097, ""custom"": 0.013480187911554427}",0.013820511599381765,0.013820511599381765,stage3_l_opt,l_opt_current_alpha,1.3254043367691357,0.0,0.0,False,True,False,False,,True,243,564
10,2,0.0,0.0,stage0,0,uniform,0.5,guarded,stage1,,,0,0.0022770229438400236,custom,"{""bfgs"": 0.022494387588070097, ""custom"": 0.013480187911554427}",0.013820511599381765,0.013820511599381765,stage3_l_opt,l_opt_current_alpha,1.3254043367691357,0.6627021683845679,0.5,False,True,True,False,,True,243,564
10,2,0.0,0.0,stage0,0,uniform,0.5,guarded,stage1,,,1,0.030706501952024595,custom,"{""bfgs"": 0.014967895293192363, ""custom"": 0.012937850379884368}",0.025025760134061176,0.025025760134061176,stage3_l_opt,l_opt_current_alpha,,0.0,0.5,False,False,False,True,0.011205248534679411,False,933,1326
11,2,0.0,0.0,uniform,0,uniform,0.0,guarded,stage1,,,0,0.009162961009462227,custom,"{""bfgs"": 0.04470833266774813, ""custom"": 0.0036158470126489797}",0.0036158470126489797,0.0036158470126489797,stage3_l_opt,l_opt_current_alpha,1.3066639905540356,0.0,0.0,False,True,False,False,,True,756,1572
11,2,0.0,0.0,uniform,0,uniform,0.5,guarded,stage1,,,0,0.009162961009462227,custom,"{""bfgs"": 0.04470833266774813, ""custom"": 0.0036158470126489797}",0.0036158470126489797,0.0036158470126489797,stage3_l_opt,l_opt_current_alpha,1.3066639905540356,0.6533319952770177,0.5,False,True,True,False,,True,756,1572
11,2,0.0,0.0,uniform,0,uniform,0.5,guarded,stage1,,,1,0.00916296184027135,custom,"{""bfgs"": 0.012978684819423908, ""custom"": 0.00184408345633154}",0.0036158408038318157,0.0036158408038318157,stage3_l_opt,l_opt_current_alpha,0.6533321739912624,0.3266660869956311,0.5,True,True,True,False,-6.20881716395863e-09,True,1665,3234
11,2,0.0,0.0,uniform,0,uniform,0.5,guarded,stage1,,,2,0.009162975786887961,custom,"{""bfgs"": 0.002406286708549541, ""custom"": 0.0009582063614488419}",0.0036158470126489797,0.0036158470126489797,stage3_l_opt,l_opt_current_alpha,0.32666722240374124,0.16333361120187068,0.5,True,True,True,False,6.20881716395863e-09,True,2514,4575
11,2,0.0,0.0,uniform,0,uniform,0.5,guarded,stage1,,,3,0.00916296202466712,custom,"{""bfgs"": 0.036752593012861406, ""custom"": 0.0005152794708475199}",0.003615853221466144,0.003615853221466144,stage3_l_opt,l_opt_current_alpha,0.16333474619702754,0.08166737309851382,0.5,True,True,True,False,6.208817164392311e-09,True,3282,5850
11,2,0.0,0.0,uniform,0,uniform,0.5,guarded,stage1,,,4,0.009162950177540805,custom,"{""bfgs"": 0.007977064088252163, ""custom"": 0.00029380930444204624}",0.003615853221466144,0.003615853221466144,stage3_l_opt,l_opt_current_alpha,0.08166737309851373,0.04083368654925691,0.5,True,True,True,False,0.0,True,4260,7068
11,2,0.0,0.0,uniform,0,uniform,0.5,guarded,stage1,,,5,0.009162955690052571,custom,"{""bfgs"": 0.002114744348407779, ""custom"": 0.00018307422123930937}",0.003615853221466144,0.003615853221466144,stage3_l_opt,l_opt_current_alpha,0.04083368657441283,0.02041684328720647,0.5,True,True,True,False,0.0,True,5163,8976
11,2,0.0,0.0,uniform,0,uniform,0.5,guarded,stage1,,,6,0.009162962150293712,custom,"{""bfgs"": 0.0893578290045435, ""custom"": 0.0001276918661624202}",0.0036158408038318157,0.0036158408038318157,stage3_l_opt,l_opt_current_alpha,0.020414573593352955,0.010207286796676478,0.5,True,True,True,False,-1.241763432835094e-08,True,5913,10014
11,2,0.0,0.0,uniform,0,uniform,0.5,guarded,stage1,,,7,0.009163023975043046,custom,"{""bfgs"": 0.020640286749557726, ""custom"": 0.00010003810484500104}",0.0036158482544124126,0.0036158482544124126,stage3_l_opt,l_opt_current_alpha,0.010208648611726975,0.005104324305863488,0.5,True,True,True,False,7.450580596923828e-09,True,6738,11373
11,2,0.0,0.0,uniform,0,uniform,0.5,guarded,stage1,,,8,0.009163023209058256,custom,"{""bfgs"": 0.0008239230704147343, ""custom"": 8.621111221883658e-05}",0.0036158631555736065,0.0036158631555736065,stage3_l_opt,l_opt_current_alpha,0.005105459154630013,0.002552729577315062,0.5,True,True,True,False,1.4901161193847656e-08,True,7755,12849
11,2,0.0,0.0,uniform,0,uniform,0.5,guarded,stage1,,,9,0.009163026484863175,custom,"{""bfgs"": 0.009225842107699962, ""custom"": 7.928974315660179e-05}",0.0036158631555736065,0.0036158631555736065,stage3_l_opt,l_opt_current_alpha,0.002552729577314951,0.0012763647886574192,0.5,True,True,True,False,0.0,True,8544,14109
11,2,0.0,0.0,uniform,0,uniform,0.5,guarded,stage1,,,10,0.009163028019750302,custom,"{""bfgs"": 0.08783919351785698, ""custom"": 7.582905862548441e-05}",0.0036158631555736065,0.0036158631555736065,stage3_l_opt,l_opt_current_alpha,0.001276364788657532,0.0006381823943288224,0.5,True,True,True,False,0.0,True,9441,16011
11,2,0.0,0.0,uniform,0,uniform,0.5,guarded,stage1,,,11,0.00916302876149079,custom,"{""bfgs"": 0.005036085598156987, ""custom"": 7.409871635992573e-05}",0.0036158631555736065,0.0036158631555736065,stage3_l_opt,l_opt_current_alpha,0.0006381823943287096,0.0,0.5,True,True,False,False,0.0,True,9786,17541
11,2,0.0,0.0,stage0,0,uniform,0.0,guarded,stage1,,,0,0.009162957806864998,custom,"{""bfgs"": 0.014924630592732663, ""custom"": 0.0029503383807050823}",0.0036158544632295766,0.0036158544632295766,stage3_l_opt,l_opt_current_alpha,1.0004176453146933,0.0,0.0,False,True,False,False,,True,1146,1569
11,2,0.0,0.0,stage0,0,uniform,0.5,guarded,stage1,,,0,0.009162957806864998,custom,"{""bfgs"": 0.014924630592732663, ""custom"": 0.0029503383807050823}",0.0036158544632295766,0.0036158544632295766,stage3_l_opt,l_opt_current_alpha,1.0004176453146933,0.5002088226573468,0.5,False,True,True,False,,True,1146,1569
11,2,0.0,0.0,stage0,0,uniform,0.5,guarded,stage1,,,1,0.009162952174065146,custom,"{""bfgs"": 0.0025273104249041666, ""custom"": 0.001511349099149545}",0.0036158544632295766,0.0036158544632295766,stage3_l_opt,l_opt_current_alpha,0.5002088226573467,0.2501044113286733,0.5,True,True,True,False,0.0,True,2679,3153
11,2,0.0,0.0,stage0,0,uniform,0.5,guarded,stage1,,,2,0.009162967746744508,custom,"{""bfgs"": 0.002464698890431186, ""custom"": 0.0007918385831900161}",0.0036158482544124126,0.0036158482544124126,stage3_l_opt,l_opt_current_alpha,0.2501032763087766,0.1250516381543883,0.5,True,True,True,False,-6.20881716395863e-09,True,3534,4350
11,2,0.0,0.0,stage0,0,uniform,0.5,guarded,stage1,,,3,0.009162959276050264,custom,"{""bfgs"": 0.02311743351842319, ""custom"": 0.00043208959682269096}",0.003615853221466144,0.003615853221466144,stage3_l_opt,l_opt_current_alpha,0.12505254617916545,0.06252627308958278,0.5,True,True,True,False,4.967053731427112e-09,True,4362,5604
11,2,0.0,0.0,stage0,0,uniform,0.5,guarded,stage1,,,4,0.009162906887372119,custom,"{""bfgs"": 0.06407289451481027, ""custom"": 0.00025223580065150035}",0.0036158631555736065,0.0036158631555736065,stage3_l_opt,l_opt_current_alpha,0.06252650008470231,0.03126325004235121,0.5,True,True,True,False,9.934107462420544e-09,True,5346,6972
11,2,0.0,0.0,stage0,0,uniform,0.5,guarded,stage1,,,5,0.009162973786026096,custom,"{""bfgs"": 0.015701209038276473, ""custom"": 0.00016226190918612688}",0.0036158408038318157,0.0036158408038318157,stage3_l_opt,l_opt_current_alpha,0.03126075337853408,0.015630376689267096,0.5,True,True,True,False,-2.2351741790771484e-08,True,6471,8340
11,2,0.0,0.0,stage0,0,uniform,0.5,guarded,stage1,,,6,0.009162955253299,custom,"{""bfgs"": 0.003618223065707986, ""custom"": 0.00011730874755613831}",0.003615853221466144,0.003615853221466144,stage3_l_opt,l_opt_current_alpha,0.01563264638312039,0.007816323191560252,0.5,True,True,True,False,1.241763432835094e-08,True,7242,9819
11,2,0.0,0.0,stage0,0,uniform,0.5,guarded,stage1,,,7,0.00916294216426037,custom,"{""bfgs"": 0.07224019142488795, ""custom"": 9.482394278699651e-05}",0.003615853221466144,0.003615853221466144,stage3_l_opt,l_opt_current_alpha,0.00781632319156014,0.0039081615957801226,0.5,True,True,True,False,0.0,True,8001,11919
11,2,0.0,0.0,stage0,0,uniform,0.5,guarded,stage1,,,8,0.00916302220182974,custom,"{""bfgs"": 0.0035063883362817507, ""custom"": 8.361089930355062e-05}",0.0036158631555736065,0.0036158631555736065,stage3_l_opt,l_opt_current_alpha,0.003908388565743632,0.0019541942828718156,0.5,True,True,True,False,9.934107462420544e-09,True,8778,13404
11,2,0.0,0.0,stage0,0,uniform,0.5,guarded,stage1,,,9,0.009163026040495327,custom,"{""bfgs"": 0.011968492111064414, ""custom"": 7.798963669895883e-05}",0.0036158631555736065,0.0036158631555736065,stage3_l_opt,l_opt_current_alpha,0.0019541942828718165,0.0009770971414359633,0.5,True,True,True,False,0.0,True,9591,14733
11,2,0.0,0.0,stage0,0,uniform,0.5,guarded,stage1,,,10,0.009163027812337111,custom,"{""bfgs"": 0.08960319658758621, ""custom"": 7.517900539666293e-05}",0.0036158631555736065,0.0036158631555736065,stage3_l_opt,l_opt_current_alpha,0.0009770971414358532,0.0,0.5,True,True,False,False,0.0,True,10896,16143
12,2,0.0,0.0,uniform,0,uniform,0.0,guarded,stage1,,,0,0.004929630114647164,custom,"{""bfgs"": 0.17662130296230316, ""custom"": 0.006175747762123743}",0.006175747762123744,0.006175747762123744,stage3_l_opt,l_opt_current_alpha,1.2632588800470679,0.0,0.0,False,True,False,False,,True,357,1299
12,2,0.0,0.0,uniform,0,uniform,0.5,guarded,stage1,,,0,0.004929630114647164,custom,"{""bfgs"": 0.17662130296230316, ""custom"": 0.006175747762123743}",0.006175747762123744,0.006175747762123744,stage3_l_opt,l_opt_current_alpha,1.2632588800470679,0.6316294400235339,0.5,False,True,True,False,,True,357,1299
12,2,0.0,0.0,uniform,0,uniform,0.5,guarded,stage1,,,1,0.014275374777977738,custom,"{""bfgs"": 0.18261793595069933, ""custom"": 0.004377168332514472}",0.008257795125246048,0.008257795125246048,stage3_l_opt,l_opt_current_alpha,0.7716951401414642,0.31581472001176697,0.25,False,False,True,True,0.002082047363122304,True,822,2076
12,2,0.0,0.0,uniform,0,uniform,0.5,guarded,stage1,,,2,0.014275455665739116,custom,"{""bfgs"": 0.18612030471546606, ""custom"": 0.006317490199265543}",0.008257817476987839,0.008257817476987839,stage3_l_opt,l_opt_current_alpha,0.6093226605857445,0.1579073600058834,0.125,False,False,True,True,0.0020820697148640948,True,1536,3423
12,2,0.0,0.0,uniform,0,uniform,0.5,guarded,stage1,,,3,0.005106289816795111,custom,"{""bfgs"": 0.18769976388682852, ""custom"": 0.0067783270108920345}",0.006138306111097336,0.006138306111097336,stage3_l_opt,l_opt_current_alpha,1.0328295240142757,0.12910369050178438,0.125,True,True,True,False,-3.744165102640817e-05,True,2829,4794
12,2,0.0,0.0,uniform,0,uniform,0.5,guarded,stage1,,,4,0.014073832690450941,custom,"{""bfgs"": 0.18639463694074895, ""custom"": 0.006377576723502098}",0.008089059342940649,0.008089059342940649,stage3_l_opt,l_opt_current_alpha,0.5951384993184041,0.06455184525089219,0.0625,False,False,True,True,0.0019507532318433132,True,3720,6036
12,2,0.0,0.0,uniform,0,uniform,0.5,guarded,stage1,,,5,0.0083560729556214,custom,"{""bfgs"": 0.18708012199465657, ""custom"": 0.006052474684313865}",0.006088757266600926,0.006088757266600926,stage3_l_opt,l_opt_current_alpha,0.5892610021557612,0.036828812634735086,0.0625,True,True,True,False,-4.954884449640939e-05,True,5070,7686
12,2,0.0,0.0,uniform,0,uniform,0.5,guarded,stage1,,,6,0.01425288561761092,custom,"{""bfgs"": 0.18683761940770516, ""custom"": 0.006619864832213482}",0.008239434411128363,0.008239434411128363,stage3_l_opt,l_opt_current_alpha,1.041114108987749,0.029463050107788047,0.05,False,False,True,True,0.002150677144527436,True,5316,9063
12,2,0.0,0.0,uniform,0,uniform,0.5,guarded,stage1,,,7,0.014278064103031632,custom,"{""bfgs"": 0.18688100733008017, ""custom"": 0.006689267746346355}",0.008260119706392288,0.008260119706392288,stage3_l_opt,l_opt_current_alpha,1.054744411302103,0.029463050107788047,0.05,False,False,True,True,0.0021713624397913618,True,6567,10791
12,2,0.0,0.0,uniform,0,uniform,0.5,guarded,stage1,,,8,0.014278064103031632,custom,"{""bfgs"": 0.18688100733008017, ""custom"": 0.006689267746346355}",0.008260119706392288,0.008260119706392288,stage3_l_opt,l_opt_current_alpha,1.054744411302103,0.029463050107788047,0.05,False,False,True,True,0.0021713624397913618,True,7818,12519
12,2,0.0,0.0,uniform,0,uniform,0.5,guarded,stage1,,,9,0.014278064103031632,custom,"{""bfgs"": 0.18688100733008017, ""custom"": 0.006689267746346355}",0.008260119706392288,0.008260119706392288,stage3_l_opt,l_opt_current_alpha,1.054744411302103,0.029463050107788047,0.05,False,False,True,True,0.0021713624397913618,True,9069,14247
12,2,0.0,0.0,uniform,0,uniform,0.5,guarded,stage1,,,10,0.014278064103031632,custom,"{""bfgs"": 0.18688100733008017, ""custom"": 0.006689267746346355}",0.008260119706392288,0.008260119706392288,stage3_l_opt,l_opt_current_alpha,1.054744411302103,0.029463050107788047,0.05,False,False,True,True,0.0021713624397913618,True,10320,15975
12,2,0.0,0.0,uniform,0,uniform,0.5,guarded,stage1,,,11,0.014278064103031632,custom,"{""bfgs"": 0.18688100733008017, ""custom"": 0.006689267746346355}",0.008260119706392288,0.008260119706392288,stage3_l_opt,l_opt_current_alpha,1.054744411302103,0.029463050107788047,0.05,False,False,True,True,0.0021713624397913618,True,11571,17703
12,2,0.0,0.0,uniform,0,uniform,0.5,guarded,stage1,,,12,0.014278064103031632,custom,"{""bfgs"": 0.18688100733008017, ""custom"": 0.006689267746346355}",0.008260119706392288,0.008260119706392288,stage3_l_opt,l_opt_current_alpha,1.054744411302103,0.029463050107788047,0.05,False,False,True,True,0.0021713624397913618,True,12822,19431
12,2,0.0,0.0,uniform,0,uniform,0.5,guarded,stage1,,,13,0.014278064103031632,custom,"{""bfgs"": 0.18688100733008017, ""custom"": 0.006689267746346355}",0.008260119706392288,0.008260119706392288,stage3_l_opt,l_opt_current_alpha,1.054744411302103,0.029463050107788047,0.05,False,False,True,True,0.0021713624397913618,True,14073,21159
12,2,0.0,0.0,uniform,0,uniform,0.5,guarded,stage1,,,14,0.014278064103031632,custom,"{""bfgs"": 0.18688100733008017, ""custom"": 0.006689267746346355}",0.008260119706392288,0.008260119706392288,stage3_l_opt,l_opt_current_alpha,1.054744411302103,0.029463050107788047,0.05,False,False,True,True,0.0021713624397913618,True,15324,22887
12,2,0.0,0.0,uniform,0,uniform,0.5,guarded,stage1,,,15,0.014278064103031632,custom,"{""bfgs"": 0.18688100733008017, ""custom"": 0.006689267746346355}",0.008260119706392288,0.008260119706392288,stage3_l_opt,l_opt_current_alpha,1.054744411302103,0.029463050107788047,0.05,False,False,True,True,0.0021713624397913618,True,16575,24615
12,2,0.0,0.0,uniform,0,uniform,0.5,guarded,stage1,,,16,0.014278064103031632,custom,"{""bfgs"": 0.18688100733008017, ""custom"": 0.006689267746346355}",0.008260119706392288,0.008260119706392288,stage3_l_opt,l_opt_current_alpha,1.054744411302103,0.029463050107788047,0.05,False,False,True,True,0.0021713624397913618,True,17826,26343
12,2,0.0,0.0,uniform,0,uniform,0.5,guarded,stage1,,,17,0.014278064103031632,custom,"{""bfgs"": 0.18688100733008017, ""custom"": 0.006689267746346355}",0.008260119706392288,0.008260119706392288,stage3_l_opt,l_opt_current_alpha,1.054744411302103,0.029463050107788047,0.05,False,False,True,True,0.0021713624397913618,True,19077,28071
12,2,0.0,0.0,uniform,0,uniform,0.5,guarded,stage1,,,18,0.014278064103031632,custom,"{""bfgs"": 0.18688100733008017, ""custom"": 0.006689267746346355}",0.008260119706392288,0.008260119706392288,stage3_l_opt,l_opt_current_alpha,1.054744411302103,0.029463050107788047,0.05,False,False,True,True,0.0021713624397913618,True,20328,29799
12,2,0.0,0.0,uniform,0,uniform,0.5,guarded,stage1,,,19,0.014278064103031632,custom,"{""bfgs"": 0.18688100733008017, ""custom"": 0.006689267746346355}",0.008260119706392288,0.008260119706392288,stage3_l_opt,l_opt_current_alpha,1.054744411302103,0.029463050107788047,0.05,False,False,True,True,0.0021713624397913618,True,21579,31527
12,2,0.0,0.0,stage0,0,uniform,0.0,guarded,stage1,,,0,0.0049665793431065836,custom,"{""bfgs"": 0.1860083913003126, ""custom"": 0.006885916304186748}",0.00614575669169426,0.00614575669169426,stage3_l_opt,l_opt_current_alpha,1.1251180924178317,0.0,0.0,False,True,False,False,,True,231,1347
12,2,0.0,0.0,stage0,0,uniform,0.5,guarded,stage1,,,0,0.0049665793431065836,custom,"{""bfgs"": 0.1860083913003126, ""custom"": 0.006885916304186748}",0.00614575669169426,0.00614575669169426,stage3_l_opt,l_opt_current_alpha,1.1251180924178317,0.5625590462089157,0.5,False,True,True,False,,True,231,1347
12,2,0.0,0.0,stage0,0,uniform,0.5,guarded,stage1,,,1,0.014275366582704868,custom,"{""bfgs"": 0.18162502878809358, ""custom"": 0.004484969353886259}",0.008257777740557989,0.008257777740557989,stage3_l_opt,l_opt_current_alpha,0.8452467346044491,0.28127952310445786,0.25,False,False,True,True,0.0021120210488637294,True,1626,2217
12,2,0.0,0.0,stage0,0,uniform,0.5,guarded,stage1,,,2,0.014275463912118647,custom,"{""bfgs"": 0.1844624703179751, ""custom"": 0.006292334153258033}",0.00825780505935351,0.00825780505935351,stage3_l_opt,l_opt_current_alpha,0.723596520940857,0.14063976155222893,0.125,False,False,True,True,0.0021120483676592503,True,3474,3159
12,2,0.0,0.0,stage0,0,uniform,0.5,guarded,stage1,,,3,0.014294874846197167,custom,"{""bfgs"": 0.18567278734930057, ""custom"": 0.007205748576964225}",0.00827376420299212,0.00827376420299212,stage3_l_opt,l_opt_current_alpha,1.0785615379825617,0.07031988077611448,0.0625,False,False,True,True,0.002128007511297861,True,4323,4566
12,2,0.0,0.0,stage0,0,uniform,0.5,guarded,stage1,,,4,0.0050979446051326455,custom,"{""bfgs"": 0.18412936367157512, ""custom"": 0.007142392329826643}",0.00613995020588239,0.00613995020588239,stage3_l_opt,l_opt_current_alpha,1.0321229952884086,0.06450768720552552,0.0625,True,True,True,False,-5.8064858118695925e-06,True,5001,6153
12,2,0.0,0.0,stage0,0,uniform,0.5,guarded,stage1,,,5,0.014310679190141416,custom,"{""bfgs"": 0.1857101463092596, ""custom"": 0.007252762742504932}",0.008286656190951666,0.008286656190951666,stage3_l_opt,l_opt_current_alpha,1.0843737315531505,0.05160614976442049,0.05,False,False,True,True,0.0021467059850692758,True,5733,7479
12,2,0.0,0.0,stage0,0,uniform,0.5,guarded,stage1,,,6,0.008183495408063256,custom,"{""bfgs"": 0.017863863219407423, ""custom"": 0.006647293947881188}",0.00604543462395668,0.00604543462395668,stage3_l_opt,l_opt_current_alpha,0.5923421497936514,0.02961710748968266,0.05,True,True,True,False,-9.451558192570975e-05,True,7164,8991
12,2,0.0,0.0,stage0,0,uniform,0.5,guarded,stage1,,,7,0.014283708643527085,custom,"{""bfgs"": 0.018765568615533277, ""custom"": 0.007094464595119048}",0.008264669527610144,0.008264669527610144,stage3_l_opt,l_opt_current_alpha,1.067658161504573,0.02961710748968266,0.05,False,False,True,True,0.0022192349036534633,True,8244,10323
12,2,0.0,0.0,stage0,0,uniform,0.5,guarded,stage1,,,8,0.014283708643527085,custom,"{""bfgs"": 0.018765568615533277, ""custom"": 0.007094464595119048}",0.008264669527610144,0.008264669527610144,stage3_l_opt,l_opt_current_alpha,1.067658161504573,0.02961710748968266,0.05,False,False,True,True,0.0022192349036534633,True,9324,11655
12,2,0.0,0.0,stage0,0,uniform,0.5,guarded,stage1,,,9,0.014283708643527085,custom,"{""bfgs"": 0.018765568615533277, ""custom"": 0.007094464595119048}",0.008264669527610144,0.008264669527610144,stage3_l_opt,l_opt_current_alpha,1.067658161504573,0.02961710748968266,0.05,False,False,True,True,0.0022192349036534633,True,10404,12987
12,2,0.0,0.0,stage0,0,uniform,0.5,guarded,stage1,,,10,0.014283708643527085,custom,"{""bfgs"": 0.018765568615533277, ""custom"": 0.007094464595119048}",0.008264669527610144,0.008264669527610144,stage3_l_opt,l_opt_current_alpha,1.067658161504573,0.02961710748968266,0.05,False,False,True,True,0.0022192349036534633,True,11484,14319
12,2,0.0,0.0,stage0,0,uniform,0.5,guarded,stage1,,,11,0.014283708643527085,custom,"{""bfgs"": 0.018765568615533277, ""custom"": 0.007094464595119048}",0.008264669527610144,0.008264669527610144,stage3_l_opt,l_opt_current_alpha,1.067658161504573,0.02961710748968266,0.05,False,False,True,True,0.0022192349036534633,True,12564,15651
12,2,0.0,0.0,stage0,0,uniform,0.5,guarded,stage1,,,12,0.014283708643527085,custom,"{""bfgs"": 0.018765568615533277, ""custom"": 0.007094464595119048}",0.008264669527610144,0.008264669527610144,stage3_l_opt,l_opt_current_alpha,1.067658161504573,0.02961710748968266,0.05,False,False,True,True,0.0022192349036534633,True,13644,16983
12,2,0.0,0.0,stage0,0,uniform,0.5,guarded,stage1,,,13,0.014283708643527085,custom,"{""bfgs"": 0.018765568615533277, ""custom"": 0.007094464595119048}",0.008264669527610144,0.008264669527610144,stage3_l_opt,l_opt_current_alpha,1.067658161504573,0.02961710748968266,0.05,False,False,True,True,0.0022192349036534633,True,14724,18315
12,2,0.0,0.0,stage0,0,uniform,0.5,guarded,stage1,,,14,0.014283708643527085,custom,"{""bfgs"": 0.018765568615533277, ""custom"": 0.007094464595119048}",0.008264669527610144,0.008264669527610144,stage3_l_opt,l_opt_current_alpha,1.067658161504573,0.02961710748968266,0.05,False,False,True,True,0.0022192349036534633,True,15804,19647
12,2,0.0,0.0,stage0,0,uniform,0.5,guarded,stage1,,,15,0.014283708643527085,custom,"{""bfgs"": 0.018765568615533277, ""custom"": 0.007094464595119048}",0.008264669527610144,0.008264669527610144,stage3_l_opt,l_opt_current_alpha,1.067658161504573,0.02961710748968266,0.05,False,False,True,True,0.0022192349036534633,True,16884,20979
12,2,0.0,0.0,stage0,0,uniform,0.5,guarded,stage1,,,16,0.014283708643527085,custom,"{""bfgs"": 0.018765568615533277, ""custom"": 0.007094464595119048}",0.008264669527610144,0.008264669527610144,stage3_l_opt,l_opt_current_alpha,1.067658161504573,0.02961710748968266,0.05,False,False,True,True,0.0022192349036534633,True,17964,22311
12,2,0.0,0.0,stage0,0,uniform,0.5,guarded,stage1,,,17,0.014283708643527085,custom,"{""bfgs"": 0.018765568615533277, ""custom"": 0.007094464595119048}",0.008264669527610144,0.008264669527610144,stage3_l_opt,l_opt_current_alpha,1.067658161504573,0.02961710748968266,0.05,False,False,True,True,0.0022192349036534633,True,19044,23643
12,2,0.0,0.0,stage0,0,uniform,0.5,guarded,stage1,,,18,0.014283708643527085,custom,"{""bfgs"": 0.018765568615533277, ""custom"": 0.007094464595119048}",0.008264669527610144,0.008264669527610144,stage3_l_opt,l_opt_current_alpha,1.067658161504573,0.02961710748968266,0.05,False,False,True,True,0.0022192349036534633,True,20124,24975
12,2,0.0,0.0,stage0,0,uniform,0.5,guarded,stage1,,,19,0.014283708643527085,custom,"{""bfgs"": 0.018765568615533277, ""custom"": 0.007094464595119048}",0.008264669527610144,0.008264669527610144,stage3_l_opt,l_opt_current_alpha,1.067658161504573,0.02961710748968266,0.05,False,False,True,True,0.0022192349036534633,True,21204,26307
13,2,0.0,0.0,uniform,0,uniform,0.0,guarded,stage1,,,0,0.0222433746635311,custom,"{""bfgs"": 0.0306148004407684, ""custom"": 0.012428870735069115}",0.012428870735069117,0.012428870735069117,stage3_l_opt,l_opt_current_alpha,0.9841121314079255,0.0,0.0,False,True,False,False,,True,315,912
13,2,0.0,0.0,uniform,0,uniform,0.5,guarded,stage1,,,0,0.0222433746635311,custom,"{""bfgs"": 0.0306148004407684, ""custom"": 0.012428870735069115}",0.012428870735069117,0.012428870735069117,stage3_l_opt,l_opt_current_alpha,0.9841121314079255,0.49205606570396276,0.5,False,True,True,False,,True,315,912
13,2,0.0,0.0,uniform,0,uniform,0.5,guarded,stage1,,,1,0.02224359979410473,custom,"{""bfgs"": 0.05898727780686652, ""custom"": 0.008203926702997848}",0.01242883720745643,0.01242883720745643,stage3_l_opt,l_opt_current_alpha,0.8146031048156233,0.40730155240781163,0.5,True,True,True,False,-3.3527612686157227e-08,True,591,1773
13,2,0.0,0.0,uniform,0,uniform,0.5,guarded,stage1,,,2,0.02224348475389981,custom,"{""bfgs"": 0.048615706789299766, ""custom"": 0.0042263478788495965}",0.012428859559198221,0.012428859559198221,stage3_l_opt,l_opt_current_alpha,0.16333708140687356,0.08166854070343672,0.5,True,True,True,False,2.2351741790771484e-08,True,825,3129
13,2,0.0,0.0,uniform,0,uniform,0.5,guarded,stage1,,,3,0.02224344349080115,custom,"{""bfgs"": 0.052037890795932115, ""custom"": 0.004434925852220516}",0.012428862042725086,0.012428862042725086,stage3_l_opt,l_opt_current_alpha,0.08166854070343683,0.04083427035171836,0.5,True,True,True,False,2.483526865063035e-09,True,1056,4257
13,2,0.0,0.0,uniform,0,uniform,0.5,guarded,stage1,,,4,0.022243424431120873,custom,"{""bfgs"": 0.05374931105728212, ""custom"": 0.004539340493249643}",0.012428862042725086,0.012428862042725086,stage3_l_opt,l_opt_current_alpha,0.38683947165779886,0.1934197358288995,0.5,True,True,True,False,0.0,True,1296,5364
13,2,0.0,0.0,uniform,0,uniform,0.5,guarded,stage1,,,5,0.022243439690539546,custom,"{""bfgs"": 0.04599673905102046, ""custom"": 0.0023939891099738347}",0.012428862042725086,0.012428862042725086,stage3_l_opt,l_opt_current_alpha,0.19341973582889938,0.09670986791444974,0.5,True,True,True,False,0.0,True,1518,6789
13,2,0.0,0.0,uniform,0,uniform,0.5,guarded,stage1,,,6,0.022243627376924535,custom,"{""bfgs"": 0.04212045304788963, ""custom"": 0.0013212568228683145}",0.01242883720745643,0.01242883720745643,stage3_l_opt,l_opt_current_alpha,0.09670469913739686,0.04835234956869843,0.5,True,True,True,False,-2.483526865583452e-08,True,1731,8157
13,2,0.0,0.0,uniform,0,uniform,0.5,guarded,stage1,,,7,0.02224353573392851,custom,"{""bfgs"": 0.040182299264565506, ""custom"": 0.0007849981119670635}",0.012428857075671354,0.012428857075671354,stage3_l_opt,l_opt_current_alpha,0.04835648458597848,0.024178242292989295,0.5,True,True,True,False,1.9868214923973726e-08,True,1965,9582
13,2,0.0,0.0,uniform,0,uniform,0.5,guarded,stage1,,,8,0.02224353834702497,custom,"{""bfgs"": 0.03921323099830131, ""custom"": 0.0005168277930575729}",0.012428857075671354,0.012428857075671354,stage3_l_opt,l_opt_current_alpha,0.02413818494162203,0.01206909247081096,0.5,True,True,True,False,0.0,True,2172,11325
13,2,0.0,0.0,uniform,0,uniform,0.5,guarded,stage1,,,9,0.022243546512425827,custom,"{""bfgs"": 0.03872962982213271, ""custom"": 0.00038297658818896887}",0.012428857075671354,0.012428857075671354,stage3_l_opt,l_opt_current_alpha,0.01206909247081107,0.006034546235405588,0.5,True,True,True,False,0.0,True,2388,13452
13,2,0.0,0.0,uniform,0,uniform,0.5,guarded,stage1,,,10,0.022243555471631038,custom,"{""bfgs"": 0.03848782923404843, ""custom"": 0.0003160509857546669}",0.012428857075671354,0.012428857075671354,stage3_l_opt,l_opt_current_alpha,0.0060345462354054824,0.0030172731177027417,0.5,True,True,True,False,0.0,True,2583,14988
13,2,0.0,0.0,uniform,0,uniform,0.5,guarded,stage1,,,11,0.02224354327839434,custom,"{""bfgs"": 0.03836692894000627, ""custom"": 0.00028258818453751587}",0.012428857075671354,0.012428857075671354,stage3_l_opt,l_opt_current_alpha,0.003017273117702741,0.0015086365588514242,0.5,True,True,True,False,0.0,True,2778,16716
13,2,0.0,0.0,uniform,0,uniform,0.5,guarded,stage1,,,12,0.022243537146860004,custom,"{""bfgs"": 0.0383064787929852, ""custom"": 0.0002658567839289404}",0.012428857075671354,0.012428857075671354,stage3_l_opt,l_opt_current_alpha,0.0015086365588513166,0.0007543182794256583,0.5,True,True,True,False,0.0,True,2973,18225
13,2,0.0,0.0,uniform,0,uniform,0.5,guarded,stage1,,,13,0.022243534072541704,custom,"{""bfgs"": 0.038276253719474664, ""custom"": 0.0002574910836246526}",0.012428857075671354,0.012428857075671354,stage3_l_opt,l_opt_current_alpha,0.0007512171334140135,0.0,0.5,True,True,False,False,0.0,True,3168,19938
13,2,0.0,0.0,stage0,0,uniform,0.0,guarded,stage1,,,0,0.022243364962843626,custom,"{""bfgs"": 0.04083001666071237, ""custom"": 0.012838181386145134}",0.012428922889133295,0.012428922889133295,stage3_l_opt,l_opt_current_alpha,1.2898052404894367,0.0,0.0,False,True,False,False,,True,255,1209
13,2,0.0,0.0,stage0,0,uniform,0.5,guarded,stage1,,,0,0.022243364962843626,custom,"{""bfgs"": 0.04083001666071237, ""custom"": 0.012838181386145134}",0.012428922889133295,0.012428922889133295,stage3_l_opt,l_opt_current_alpha,1.2898052404894367,0.6449026202447183,0.5,False,True,True,False,,True,255,1209
13,2,0.0,0.0,stage0,0,uniform,0.5,guarded,stage1,,,1,0.02224360166582079,custom,"{""bfgs"": 0.054630224075502345, ""custom"": 0.006543366056677643}",0.012428865768015385,0.012428865768015385,stage3_l_opt,l_opt_current_alpha,0.6449026202447183,0.32245131012235917,0.5,True,True,True,False,-5.712111791032759e-08,True,501,2217
13,2,0.0,0.0,stage0,0,uniform,0.5,guarded,stage1,,,2,0.02224358073100302,custom,"{""bfgs"": 0.04643719556013057, ""custom"": 0.0033959605521799016}",0.012428829756875833,0.012428829756875833,stage3_l_opt,l_opt_current_alpha,0.32244458911790147,0.16122229455895074,0.5,True,True,True,False,-3.601113955122026e-08,True,732,3858
13,2,0.0,0.0,stage0,0,uniform,0.5,guarded,stage1,,,3,0.022243451572431072,custom,"{""bfgs"": 0.042340667282832777, ""custom"": 0.0018223846370419}",0.012428862042725086,0.012428862042725086,stage3_l_opt,l_opt_current_alpha,0.1612290155634084,0.0806145077817042,0.5,True,True,True,False,3.228584925275835e-08,True,963,4857
13,2,0.0,0.0,stage0,0,uniform,0.5,guarded,stage1,,,4,0.022243534786493158,custom,"{""bfgs"": 0.040292417163795786, ""custom"": 0.0010355327081891462}",0.012428869493305683,0.012428869493305683,stage3_l_opt,l_opt_current_alpha,0.0806145077817042,0.04030725389085194,0.5,True,True,True,False,7.450580596923828e-09,True,1155,6336
13,2,0.0,0.0,stage0,0,uniform,0.5,guarded,stage1,,,5,0.022243617794091897,custom,"{""bfgs"": 0.03926829210427729, ""custom"": 0.0006420202100400002}",0.01242883720745643,0.01242883720745643,stage3_l_opt,l_opt_current_alpha,0.04030725389085227,0.02015362694542619,0.5,True,True,True,False,-3.228584925275835e-08,True,1374,7905
13,2,0.0,0.0,stage0,0,uniform,0.5,guarded,stage1,,,6,0.022243544180647667,custom,"{""bfgs"": 0.03875622957451805, ""custom"": 0.00044536381896874324}",0.012428857075671354,0.012428857075671354,stage3_l_opt,l_opt_current_alpha,0.0201125358342862,0.010056267917143156,0.5,True,True,True,False,1.9868214923973726e-08,True,1608,9660
13,2,0.0,0.0,stage0,0,uniform,0.5,guarded,stage1,,,7,0.022243615281090867,custom,"{""bfgs"": 0.03850112911024109, ""custom"": 0.00034718617752636197}",0.01242883720745643,0.01242883720745643,stage3_l_opt,l_opt_current_alpha,0.01005213315338668,0.005026066576693177,0.5,True,True,True,False,-1.9868214923973726e-08,True,1803,11463
13,2,0.0,0.0,stage0,0,uniform,0.5,guarded,stage1,,,8,0.022243570140097813,custom,"{""bfgs"": 0.0383736725392495, ""custom"": 0.000298208896044504}",0.012428855833907923,0.012428855833907923,stage3_l_opt,l_opt_current_alpha,0.005029942916693171,0.0025149714583466405,0.5,True,True,True,False,1.862645149230957e-08,True,1998,13203
13,2,0.0,0.0,stage0,0,uniform,0.5,guarded,stage1,,,9,0.02224354982213389,custom,"{""bfgs"": 0.03830985644645164, ""custom"": 0.00027366863695739516}",0.012428857075671354,0.012428857075671354,stage3_l_opt,l_opt_current_alpha,0.002515229882103227,0.0012576149410516695,0.5,True,True,True,False,1.2417634316641557e-09,True,2193,14649
13,2,0.0,0.0,stage0,0,uniform,0.5,guarded,stage1,,,10,0.022243540221988878,custom,"{""bfgs"": 0.03827794254620789, ""custom"": 0.00026139701013888}",0.012428857075671354,0.012428857075671354,stage3_l_opt,l_opt_current_alpha,0.0012576149410515576,0.0006288074705258339,0.5,True,True,True,False,0.0,True,2388,16326
13,2,0.0,0.0,stage0,0,uniform,0.5,guarded,stage1,,,11,0.02224353556065156,custom,"{""bfgs"": 0.03826198559608601, ""custom"": 0.0002552611967296224}",0.012428857075671354,0.012428857075671354,stage3_l_opt,l_opt_current_alpha,0.000625706324514079,0.0,0.5,True,True,False,False,0.0,True,2583,18192
14,2,0.0,0.0,uniform,0,uniform,0.0,guarded,stage1,,,0,0.001376563846582331,custom,"{""bfgs"": 0.04410124942660331, ""custom"": 0.008076924830675125}",0.008076924830675125,0.008076924830675125,stage3_l_opt,l_opt_current_alpha,1.3036843612208724,0.0,0.0,False,True,False,False,,True,204,1668
14,2,0.0,0.0,uniform,0,uniform,0.5,guarded,stage1,,,0,0.001376563846582331,custom,"{""bfgs"": 0.04410124942660331, ""custom"": 0.008076924830675125}",0.008076924830675125,0.008076924830675125,stage3_l_opt,l_opt_current_alpha,1.3036843612208724,0.6518421806104363,0.5,False,True,True,False,,True,204,1668
14,2,0.0,0.0,uniform,0,uniform,0.5,guarded,stage1,,,1,0.001464440486181589,custom,"{""bfgs"": 0.0495151268727751, ""custom"": 0.004120255264718685}",0.00806168963511785,0.00806168963511785,stage3_l_opt,l_opt_current_alpha,0.6243532477134472,0.3121766238567236,0.5,True,True,True,False,-1.523519555727583e-05,True,357,3312
14,2,0.0,0.0,uniform,0,uniform,0.5,guarded,stage1,,,2,0.001376629151017968,custom,"{""bfgs"": 0.052096788644767786, ""custom"": 0.0022363410676426395}",0.008076902478933334,0.008076902478933334,stage3_l_opt,l_opt_current_alpha,0.34263767455319805,0.17131883727659902,0.5,True,True,True,False,1.5212843815485058e-05,True,585,5535
14,2,0.0,0.0,uniform,0,uniform,0.5,guarded,stage1,,,3,0.0013766050197814902,custom,"{""bfgs"": 0.05351390417690476, ""custom"": 0.0011989755617908312}",0.008076897511879602,0.008076897511879602,stage3_l_opt,l_opt_current_alpha,0.1713188373030738,0.0856594186515369,0.5,True,True,True,False,-4.967053731860793e-09,True,795,7086
14,2,0.0,0.0,uniform,0,uniform,0.5,guarded,stage1,,,4,0.0013766091016727457,custom,"{""bfgs"": 0.05422246194318302, ""custom"": 0.0006802937014863306}",0.00807689999540647,0.00807689999540647,stage3_l_opt,l_opt_current_alpha,0.08566196553663888,0.042830982768319495,0.5,True,True,True,False,2.4835268667977584e-09,True,1026,8595
14,2,0.0,0.0,uniform,0,uniform,0.5,guarded,stage1,,,5,0.0013766070507909775,custom,"{""bfgs"": 0.05457676100594398, ""custom"": 0.00042094340320078224}",0.00807689999540647,0.00807689999540647,stage3_l_opt,l_opt_current_alpha,0.042830982768319384,0.02141549138415953,0.5,True,True,True,False,0.0,True,1275,10965
14,2,0.0,0.0,uniform,0,uniform,0.5,guarded,stage1,,,6,0.0013766068193171617,custom,"{""bfgs"": 0.05475391053732446, ""custom"": 0.0002912681645549665}",0.008076897511879602,0.008076897511879602,stage3_l_opt,l_opt_current_alpha,0.021412944499057875,0.010706472249528991,0.5,True,True,True,False,-2.4835268667977584e-09,True,1506,12444
14,2,0.0,0.0,uniform,0,uniform,0.5,guarded,stage1,,,7,0.0013766783843677712,custom,"{""bfgs"": 0.054842465123392865, ""custom"": 0.0002264401416687843}",0.008076909929513931,0.008076909929513931,stage3_l_opt,l_opt_current_alpha,0.010716659869362877,0.005358329934681494,0.5,True,True,True,False,1.2417634328784621e-08,True,1731,14775
14,2,0.0,0.0,uniform,0,uniform,0.5,guarded,stage1,,,8,0.0013766835421430024,custom,"{""bfgs"": 0.05488682313554373, ""custom"": 0.0001939888718865619}",0.008076897511879602,0.008076897511879602,stage3_l_opt,l_opt_current_alpha,0.005348142314847387,0.00267407115742353,0.5,True,True,True,False,-1.2417634328784621e-08,True,1944,16950
14,2,0.0,0.0,uniform,0,uniform,0.5,guarded,stage1,,,9,0.0013766819227367076,custom,"{""bfgs"": 0.0549089214225025, ""custom"": 0.0001778001477708413}",0.008076897511879602,0.008076897511879602,stage3_l_opt,l_opt_current_alpha,0.002674071157423857,0.0013370355787119823,0.5,True,True,True,False,0.0,True,2169,18801
14,2,0.0,0.0,uniform,0,uniform,0.5,guarded,stage1,,,10,0.001376609141319653,custom,"{""bfgs"": 0.054919970565981885, ""custom"": 0.00016970583772838777}",0.00807689999540647,0.00807689999540647,stage3_l_opt,l_opt_current_alpha,0.0013395824638138517,0.0006697912319069254,0.5,True,True,True,False,2.4835268667977584e-09,True,2415,20928
14,2,0.0,0.0,uniform,0,uniform,0.5,guarded,stage1,,,11,0.001376671898484099,custom,"{""bfgs"": 0.05492551531734342, ""custom"": 0.00016564977709233105}",0.008076914896567663,0.008076914896567663,stage3_l_opt,l_opt_current_alpha,0.0006774319666389469,0.0,0.5,True,True,False,False,1.4901161193847656e-08,True,2640,23151
14,2,0.0,0.0,stage0,0,uniform,0.0,guarded,stage1,,,0,0.001376591698619277,custom,"{""bfgs"": 0.04669415493093092, ""custom"": 0.006932137284158481}",0.008076919863621393,0.008076919863621393,stage3_l_opt,l_opt_current_alpha,1.1459107920802314,0.0,0.0,False,True,False,False,,True,225,1413
14,2,0.0,0.0,stage0,0,uniform,0.5,guarded,stage1,,,0,0.001376591698619277,custom,"{""bfgs"": 0.04669415493093092, ""custom"": 0.006932137284158481}",0.008076919863621393,0.008076919863621393,stage3_l_opt,l_opt_current_alpha,1.1459107920802314,0.5729553960401157,0.5,False,True,True,False,,True,225,1413
14,2,0.0,0.0,stage0,0,uniform,0.5,guarded,stage1,,,1,0.0013766155277526518,custom,"{""bfgs"": 0.050811028360497196, ""custom"": 0.0035578389659366655}",0.00807689999540647,0.00807689999540647,stage3_l_opt,l_opt_current_alpha,0.5774290895250394,0.2887145447625197,0.5,True,True,True,False,-1.9868214923973726e-08,True,450,2688
14,2,0.0,0.0,stage0,0,uniform,0.5,guarded,stage1,,,2,0.0013766091115204535,custom,"{""bfgs"": 0.052871040031619104, ""custom"": 0.0018597441344468657}",0.00807689999540647,0.00807689999540647,stage3_l_opt,l_opt_current_alpha,0.28872600591426134,0.14436300295713073,0.5,True,True,True,False,0.0,True,657,4227
14,2,0.0,0.0,stage0,0,uniform,0.5,guarded,stage1,,,3,0.0013766053511277132,custom,"{""bfgs"": 0.053901050050162026, ""custom"": 0.0010106683421171013}",0.008076897511879602,0.008076897511879602,stage3_l_opt,l_opt_current_alpha,0.14435790918361696,0.07217895459180843,0.5,True,True,True,False,-2.4835268667977584e-09,True,879,6030
14,2,0.0,0.0,stage0,0,uniform,0.5,guarded,stage1,,,4,0.0013766054594023126,custom,"{""bfgs"": 0.054416033950405986, ""custom"": 0.0005861461268569575}",0.008076897511879602,0.008076897511879602,stage3_l_opt,l_opt_current_alpha,0.07218150148022022,0.036090750740110165,0.5,True,True,True,False,0.0,True,1104,8841
14,2,0.0,0.0,stage0,0,uniform,0.5,guarded,stage1,,,5,0.0013766049514236916,custom,"{""bfgs"": 0.054673526829933636, ""custom"": 0.0003738787751042318}",0.008076897511879602,0.008076897511879602,stage3_l_opt,l_opt_current_alpha,0.036090750740110054,0.01804537537005497,0.5,True,True,True,False,0.0,True,1353,10062
14,2,0.0,0.0,stage0,0,uniform,0.5,guarded,stage1,,,6,0.0013766045740609065,custom,"{""bfgs"": 0.05480227326969745, ""custom"": 0.00026774509922786893}",0.008076897511879602,0.008076897511879602,stage3_l_opt,l_opt_current_alpha,0.018045375370055086,0.009022687685027488,0.5,True,True,True,False,0.0,True,1548,12036
14,2,0.0,0.0,stage0,0,uniform,0.5,guarded,stage1,,,7,0.0013766817408982553,custom,"{""bfgs"": 0.05486664648957936, ""custom"": 0.00021467822055171428}",0.008076897511879602,0.008076897511879602,stage3_l_opt,l_opt_current_alpha,0.009022687685027599,0.004511343842513854,0.5,True,True,True,False,0.0,True,1773,14376
14,2,0.0,0.0,stage0,0,uniform,0.5,guarded,stage1,,,8,0.0013766849761487152,custom,"{""bfgs"": 0.05489883309952032, ""custom"": 0.00018814482210341752}",0.008076897511879602,0.008076897511879602,stage3_l_opt,l_opt_current_alpha,0.004511343842513744,0.0022556719212568155,0.5,True,True,True,False,0.0,True,1986,16140
14,2,0.0,0.0,stage0,0,uniform,0.5,guarded,stage1,,,9,0.0013766825691565489,custom,"{""bfgs"": 0.05491492640449079, ""custom"": 0.00017487812287926915}",0.008076897511879602,0.008076897511879602,stage3_l_opt,l_opt_current_alpha,0.0022556719212569283,0.00112783596062852,0.5,True,True,True,False,0.0,True,2211,17796
14,2,0.0,0.0,stage0,0,uniform,0.5,guarded,stage1,,,10,0.0013766094657962288,custom,"{""bfgs"": 0.054922973056976035, ""custom"": 0.00016824482958238863}",0.00807689999540647,0.00807689999540647,stage3_l_opt,l_opt_current_alpha,0.0011303828457303851,0.0005651914228651366,0.5,True,True,True,False,2.4835268667977584e-09,True,2457,19581
14,2,0.0,0.0,stage0,0,uniform,0.5,guarded,stage1,,,11,0.0013766720504023097,custom,"{""bfgs"": 0.054927016562840485, ""custom"": 0.00016491926966192676}",0.008076914896567663,0.008076914896567663,stage3_l_opt,l_opt_current_alpha,0.0005728321575972691,0.0,0.5,True,True,False,False,1.4901161193847656e-08,True,2682,21492
15,2,0.0,0.0,uniform,0,uniform,0.0,guarded,stage1,,,0,0.010581442761669377,bfgs,"{""bfgs"": 0.005644686209658781, ""custom"": 0.005890503215293089}",0.005644686209658782,0.005644686209658782,stage3_l_opt,l_opt_current_alpha,0.7709516133319066,0.0,0.0,False,True,False,False,,True,861,1062
15,2,0.0,0.0,uniform,0,uniform,0.5,guarded,stage1,,,0,0.010581442761669377,bfgs,"{""bfgs"": 0.005644686209658781, ""custom"": 0.005890503215293089}",0.005644686209658782,0.005644686209658782,stage3_l_opt,l_opt_current_alpha,0.7709516133319066,0.38547580666595327,0.5,False,True,True,False,,True,861,1062
15,2,0.0,0.0,uniform,0,uniform,0.5,guarded,stage1,,,1,0.01640873592404271,custom,"{""bfgs"": 0.005171662766238744, ""custom"": 0.0030843447150185276}",0.006037524590889613,0.006037524590889613,stage3_l_opt,l_opt_current_alpha,1.6333333333333333,0.19273790333297663,0.25,False,False,True,True,0.00039283838123083115,True,1764,3312
15,2,0.0,0.0,uniform,0,uniform,0.5,guarded,stage1,,,2,0.014073908384160791,custom,"{""bfgs"": 0.014481525464741025, ""custom"": 0.0048315802577566505}",0.0058649651085337,0.0058649651085337,stage3_l_opt,l_opt_current_alpha,0.7433315233252582,0.09636895166648834,0.125,False,False,True,True,0.00022027889887491804,True,2115,4485
15,2,0.0,0.0,uniform,0,uniform,0.5,guarded,stage1,,,3,0.013237877250079425,custom,"{""bfgs"": 0.005535577910871177, ""custom"": 0.005410352000042869}",0.005842007386187713,0.005842007386187713,stage3_l_opt,l_opt_current_alpha,0.949506689730401,0.048184475833244145,0.0625,False,False,True,True,0.00019732117652893066,True,3144,6000
15,2,0.0,0.0,uniform,0,uniform,0.5,guarded,stage1,,,4,0.013689022836338612,custom,"{""bfgs"": 0.04068863672827507, ""custom"": 0.005603045284010351}",0.005841752824683984,0.005841752824683984,stage3_l_opt,l_opt_current_alpha,1.0653837593826871,0.038547580666595305,0.05,False,False,True,True,0.00019706661502520186,True,3801,7059
15,2,0.0,0.0,uniform,0,uniform,0.5,guarded,stage1,,,5,0.013616919869047131,custom,"{""bfgs"": 0.03818908006610237, ""custom"": 0.005697290654901346}",0.0058862389996647835,0.0058862389996647835,stage3_l_opt,l_opt_current_alpha,1.2350854561913436,0.038547580666595305,0.05,False,False,True,True,0.0002415527900060015,True,4470,8412
15,2,0.0,0.0,uniform,0,uniform,0.5,guarded,stage1,,,6,0.013616919869047131,custom,"{""bfgs"": 0.03818908006610237, ""custom"": 0.005697290654901346}",0.0058862389996647835,0.0058862389996647835,stage3_l_opt,l_opt_current_alpha,1.2350854561913436,0.038547580666595305,0.05,False,False,True,True,0.0002415527900060015,True,5139,9765
15,2,0.0,0.0,uniform,0,uniform,0.5,guarded,stage1,,,7,0.013616919869047131,custom,"{""bfgs"": 0.03818908006610237, ""custom"": 0.005697290654901346}",0.0058862389996647835,0.0058862389996647835,stage3_l_opt,l_opt_current_alpha,1.2350854561913436,0.038547580666595305,0.05,False,False,True,True,0.0002415527900060015,True,5808,11118
15,2,0.0,0.0,uniform,0,uniform,0.5,guarded,stage1,,,8,0.013616919869047131,custom,"{""bfgs"": 0.03818908006610237, ""custom"": 0.005697290654901346}",0.0058862389996647835,0.0058862389996647835,stage3_l_opt,l_opt_current_alpha,1.2350854561913436,0.038547580666595305,0.05,False,False,True,True,0.0002415527900060015,True,6477,12471
15,2,0.0,0.0,uniform,0,uniform,0.5,guarded,stage1,,,9,0.013616919869047131,custom,"{""bfgs"": 0.03818908006610237, ""custom"": 0.005697290654901346}",0.0058862389996647835,0.0058862389996647835,stage3_l_opt,l_opt_current_alpha,1.2350854561913436,0.038547580666595305,0.05,False,False,True,True,0.0002415527900060015,True,7146,13824
15,2,0.0,0.0,uniform,0,uniform,0.5,guarded,stage1,,,10,0.013616919869047131,custom,"{""bfgs"": 0.03818908006610237, ""custom"": 0.005697290654901346}",0.0058862389996647835,0.0058862389996647835,stage3_l_opt,l_opt_current_alpha,1.2350854561913436,0.038547580666595305,0.05,False,False,True,True,0.0002415527900060015,True,7815,15177
15,2,0.0,0.0,uniform,0,uniform,0.5,guarded,stage1,,,11,0.013616919869047131,custom,"{""bfgs"": 0.03818908006610237, ""custom"": 0.005697290654901346}",0.0058862389996647835,0.0058862389996647835,stage3_l_opt,l_opt_current_alpha,1.2350854561913436,0.038547580666595305,0.05,False,False,True,True,0.0002415527900060015,True,8484,16530
15,2,0.0,0.0,uniform,0,uniform,0.5,guarded,stage1,,,12,0.013616919869047131,custom,"{""bfgs"": 0.03818908006610237, ""custom"": 0.005697290654901346}",0.0058862389996647835,0.0058862389996647835,stage3_l_opt,l_opt_current_alpha,1.2350854561913436,0.038547580666595305,0.05,False,False,True,True,0.0002415527900060015,True,9153,17883
15,2,0.0,0.0,uniform,0,uniform,0.5,guarded,stage1,,,13,0.013616919869047131,custom,"{""bfgs"": 0.03818908006610237, ""custom"": 0.005697290654901346}",0.0058862389996647835,0.0058862389996647835,stage3_l_opt,l_opt_current_alpha,1.2350854561913436,0.038547580666595305,0.05,False,False,True,True,0.0002415527900060015,True,9822,19236
15,2,0.0,0.0,uniform,0,uniform,0.5,guarded,stage1,,,14,0.013616919869047131,custom,"{""bfgs"": 0.03818908006610237, ""custom"": 0.005697290654901346}",0.0058862389996647835,0.0058862389996647835,stage3_l_opt,l_opt_current_alpha,1.2350854561913436,0.038547580666595305,0.05,False,False,True,True,0.0002415527900060015,True,10491,20589
15,2,0.0,0.0,uniform,0,uniform,0.5,guarded,stage1,,,15,0.013616919869047131,custom,"{""bfgs"": 0.03818908006610237, ""custom"": 0.005697290654901346}",0.0058862389996647835,0.0058862389996647835,stage3_l_opt,l_opt_current_alpha,1.2350854561913436,0.038547580666595305,0.05,False,False,True,True,0.0002415527900060015,True,11160,21942
15,2,0.0,0.0,uniform,0,uniform,0.5,guarded,stage1,,,16,0.013616919869047131,custom,"{""bfgs"": 0.03818908006610237, ""custom"": 0.005697290654901346}",0.0058862389996647835,0.0058862389996647835,stage3_l_opt,l_opt_current_alpha,1.2350854561913436,0.038547580666595305,0.05,False,False,True,True,0.0002415527900060015,True,11829,23295
15,2,0.0,0.0,uniform,0,uniform,0.5,guarded,stage1,,,17,0.013616919869047131,custom,"{""bfgs"": 0.03818908006610237, ""custom"": 0.005697290654901346}",0.0058862389996647835,0.0058862389996647835,stage3_l_opt,l_opt_current_alpha,1.2350854561913436,0.038547580666595305,0.05,False,False,True,True,0.0002415527900060015,True,12498,24648
15,2,0.0,0.0,uniform,0,uniform,0.5,guarded,stage1,,,18,0.013616919869047131,custom,"{""bfgs"": 0.03818908006610237, ""custom"": 0.005697290654901346}",0.0058862389996647835,0.0058862389996647835,stage3_l_opt,l_opt_current_alpha,1.2350854561913436,0.038547580666595305,0.05,False,False,True,True,0.0002415527900060015,True,13167,26001
15,2,0.0,0.0,uniform,0,uniform,0.5,guarded,stage1,,,19,0.013616919869047131,custom,"{""bfgs"": 0.03818908006610237, ""custom"": 0.005697290654901346}",0.0058862389996647835,0.0058862389996647835,stage3_l_opt,l_opt_current_alpha,1.2350854561913436,0.038547580666595305,0.05,False,False,True,True,0.0002415527900060015,True,13836,27354
15,2,0.0,0.0,stage0,0,uniform,0.0,guarded,stage1,,,0,0.007329440843268445,custom,"{""bfgs"": 0.0067071169568125345, ""custom"": 0.005128507506969323}",0.005418605792025725,0.005418605792025725,stage3_l_opt,l_opt_current_alpha,0.8358337148171309,0.0,0.0,False,True,False,False,,True,663,1311
15,2,0.0,0.0,stage0,0,uniform,0.5,guarded,stage1,,,0,0.007329440843268445,custom,"{""bfgs"": 0.0067071169568125345, ""custom"": 0.005128507506969323}",0.005418605792025725,0.005418605792025725,stage3_l_opt,l_opt_current_alpha,0.8358337148171309,0.41791685740856543,0.5,False,True,True,False,,True,663,1311
15,2,0.0,0.0,stage0,0,uniform,0.5,guarded,stage1,,,1,0.01585645641068401,custom,"{""bfgs"": 0.01123042570956672, ""custom"": 0.00400314696256467}",0.005995292216539383,0.005995292216539383,stage3_l_opt,l_opt_current_alpha,0.9396049212604736,0.20895842870428277,0.25,False,False,True,True,0.0005766864245136576,True,1401,2532
15,2,0.0,0.0,stage0,0,uniform,0.5,guarded,stage1,,,2,0.01354854312636623,custom,"{""bfgs"": 0.04144796374760951, ""custom"": 0.005774533884526253}",0.0058923931792378426,0.0058923931792378426,stage3_l_opt,l_opt_current_alpha,1.336212317532834,0.10447921435214141,0.125,False,False,True,True,0.0004737873872121172,True,2103,3708
15,2,0.0,0.0,stage0,0,uniform,0.5,guarded,stage1,,,3,0.013942672140661482,custom,"{""bfgs"": 0.01520319122037864, ""custom"": 0.006409609874763543}",0.005865047064920266,0.005865047064920266,stage3_l_opt,l_opt_current_alpha,1.2275648907360837,0.05223960717607068,0.0625,False,False,True,True,0.00044644127289454084,True,2907,5106
15,2,0.0,0.0,stage0,0,uniform,0.5,guarded,stage1,,,4,0.01040807903781421,bfgs,"{""bfgs"": 0.006064901122438182, ""custom"": 0.006182341542950136}",0.005695403553545475,0.005695403553545475,stage3_l_opt,l_opt_current_alpha,0.9158699857045476,0.041791685740856566,0.05,False,False,True,True,0.00027679776151974967,True,3600,6567
15,2,0.0,0.0,stage0,0,uniform,0.5,guarded,stage1,,,5,0.004161005996023358,custom,"{""bfgs"": 0.006245836675876902, ""custom"": 0.005634860480481736}",0.006306029623374343,0.006306029623374343,stage3_l_opt,l_opt_current_alpha,,0.0,0.05,False,False,False,True,0.0008874238313486176,False,4515,8019
16,2,0.0,0.0,uniform,0,uniform,0.0,guarded,stage1,,,0,0.01686086315518137,custom,"{""bfgs"": 0.08547457804282506, ""custom"": 0.010718292246262234}",0.010718292246262232,0.010718292246262232,stage3_l_opt,l_opt_current_alpha,0.320283175652886,0.0,0.0,False,True,False,False,,True,249,753
16,2,0.0,0.0,uniform,0,uniform,0.5,guarded,stage1,,,0,0.01686086315518137,custom,"{""bfgs"": 0.08547457804282506, ""custom"": 0.010718292246262234}",0.010718292246262232,0.010718292246262232,stage3_l_opt,l_opt_current_alpha,0.320283175652886,0.16014158782644305,0.5,False,True,True,False,,True,249,753
16,2,0.0,0.0,uniform,0,uniform,0.5,guarded,stage1,,,1,0.016337569941493574,custom,"{""bfgs"": 0.08541113638148354, ""custom"": 0.009485493753157246}",0.010793687154849371,0.010793687154849371,stage3_l_opt,l_opt_current_alpha,0.18901188926717485,0.09450594463358747,0.5,True,True,True,False,7.539490858713901e-05,True,522,1866
16,2,0.0,0.0,uniform,0,uniform,0.5,guarded,stage1,,,2,0.01670071940532461,custom,"{""bfgs"": 0.08537369692421587, ""custom"": 0.008628283407865322}",0.01072577511270841,0.01072577511270841,stage3_l_opt,l_opt_current_alpha,0.37584300181111935,0.1879215009055597,0.5,True,True,True,False,-6.79120421409607e-05,True,774,3330
16,2,0.0,0.0,uniform,0,uniform,0.5,guarded,stage1,,,3,0.01698589194560704,custom,"{""bfgs"": 0.08649211647255936, ""custom"": 0.010046704724114668}",0.010681158552567164,0.010681158552567164,stage3_l_opt,l_opt_current_alpha,0.34439050729341497,0.17219525364670754,0.5,True,True,True,False,-4.461656014124668e-05,True,1017,4746
16,2,0.0,0.0,uniform,0,uniform,0.5,guarded,stage1,,,4,0.016891572770678126,custom,"{""bfgs"": 0.08565716561231562, ""custom"": 0.008698366850164976}",0.010693654417991638,0.010693654417991638,stage3_l_opt,l_opt_current_alpha,0.07276513800551915,0.036382569002759546,0.5,True,True,True,False,1.2495865424474659e-05,True,1245,5940
16,2,0.0,0.0,uniform,0,uniform,0.5,guarded,stage1,,,5,0.015531064508819248,custom,"{""bfgs"": 0.08550229278756916, ""custom"": 0.008736673327440402}",0.010938263187805811,0.010938263187805811,stage3_l_opt,l_opt_current_alpha,1.2449107321631963,0.018191284501379773,0.25,False,False,True,True,0.0002446087698141728,True,1533,7245
16,2,0.0,0.0,uniform,0,uniform,0.5,guarded,stage1,,,6,0.016688264481620113,custom,"{""bfgs"": 0.08557972919994239, ""custom"": 0.008621681090746016}",0.010746020823717117,0.010746020823717117,stage3_l_opt,l_opt_current_alpha,0.07303227072581184,0.018258067681452994,0.25,True,True,True,False,5.2366405725479126e-05,True,1800,8190
16,2,0.0,0.0,uniform,0,uniform,0.5,guarded,stage1,,,7,0.015531795762192685,custom,"{""bfgs"": 0.0855197692798724, ""custom"": 0.008741589621627324}",0.010941984752813974,0.010941984752813974,stage3_l_opt,l_opt_current_alpha,1.2369075634878421,0.009129033840726442,0.125,False,False,True,True,0.00019596392909685713,True,2085,9060
16,2,0.0,0.0,uniform,0,uniform,0.5,guarded,stage1,,,8,0.01558096654359703,custom,"{""bfgs"": 0.08554974923990738, ""custom"": 0.008804367941783905}",0.010933385541041693,0.010933385541041693,stage3_l_opt,l_opt_current_alpha,1.301564736629665,0.004564516920363276,0.0625,False,False,True,True,0.00018736471732457537,True,2286,10008
16,2,0.0,0.0,uniform,0,uniform,0.5,guarded,stage1,,,9,0.015802197500561166,custom,"{""bfgs"": 0.08556473921992488, ""custom"": 0.008790931047144906}",0.01089660202463468,0.01089660202463468,stage3_l_opt,l_opt_current_alpha,0.13622782680395254,0.0036516135362905655,0.05,False,False,True,True,0.00015058120091756243,True,2526,11502
16,2,0.0,0.0,uniform,0,uniform,0.5,guarded,stage1,,,10,0.015705436299705555,custom,"{""bfgs"": 0.08556773721592838, ""custom"": 0.008815299778256033}",0.010908408711353937,0.010908408711353937,stage3_l_opt,l_opt_current_alpha,0.14364879270219513,0.0036516135362905655,0.05,False,False,True,True,0.0001623878876368199,True,2808,12360
16,2,0.0,0.0,uniform,0,uniform,0.5,guarded,stage1,,,11,0.015705436299705555,custom,"{""bfgs"": 0.08556773721592838, ""custom"": 0.008815299778256033}",0.010908408711353937,0.010908408711353937,stage3_l_opt,l_opt_current_alpha,0.14364879270219513,0.0036516135362905655,0.05,False,False,True,True,0.0001623878876368199,True,3090,13218
16,2,0.0,0.0,uniform,0,uniform,0.5,guarded,stage1,,,12,0.015705436299705555,custom,"{""bfgs"": 0.08556773721592838, ""custom"": 0.008815299778256033}",0.010908408711353937,0.010908408711353937,stage3_l_opt,l_opt_current_alpha,0.14364879270219513,0.0036516135362905655,0.05,False,False,True,True,0.0001623878876368199,True,3372,14076
16,2,0.0,0.0,uniform,0,uniform,0.5,guarded,stage1,,,13,0.015705436299705555,custom,"{""bfgs"": 0.08556773721592838, ""custom"": 0.008815299778256033}",0.010908408711353937,0.010908408711353937,stage3_l_opt,l_opt_current_alpha,0.14364879270219513,0.0036516135362905655,0.05,False,False,True,True,0.0001623878876368199,True,3654,14934
16,2,0.0,0.0,uniform,0,uniform,0.5,guarded,stage1,,,14,0.015705436299705555,custom,"{""bfgs"": 0.08556773721592838, ""custom"": 0.008815299778256033}",0.010908408711353937,0.010908408711353937,stage3_l_opt,l_opt_current_alpha,0.14364879270219513,0.0036516135362905655,0.05,False,False,True,True,0.0001623878876368199,True,3936,15792
16,2,0.0,0.0,uniform,0,uniform,0.5,guarded,stage1,,,15,0.015705436299705555,custom,"{""bfgs"": 0.08556773721592838, ""custom"": 0.008815299778256033}",0.010908408711353937,0.010908408711353937,stage3_l_opt,l_opt_current_alpha,0.14364879270219513,0.0036516135362905655,0.05,False,False,True,True,0.0001623878876368199,True,4218,16650
16,2,0.0,0.0,uniform,0,uniform,0.5,guarded,stage1,,,16,0.015705436299705555,custom,"{""bfgs"": 0.08556773721592838, ""custom"": 0.008815299778256033}",0.010908408711353937,0.010908408711353937,stage3_l_opt,l_opt_current_alpha,0.14364879270219513,0.0036516135362905655,0.05,False,False,True,True,0.0001623878876368199,True,4500,17508
16,2,0.0,0.0,uniform,0,uniform,0.5,guarded,stage1,,,17,0.015705436299705555,custom,"{""bfgs"": 0.08556773721592838, ""custom"": 0.008815299778256033}",0.010908408711353937,0.010908408711353937,stage3_l_opt,l_opt_current_alpha,0.14364879270219513,0.0036516135362905655,0.05,False,False,True,True,0.0001623878876368199,True,4782,18366
16,2,0.0,0.0,uniform,0,uniform,0.5,guarded,stage1,,,18,0.015705436299705555,custom,"{""bfgs"": 0.08556773721592838, ""custom"": 0.008815299778256033}",0.010908408711353937,0.010908408711353937,stage3_l_opt,l_opt_current_alpha,0.14364879270219513,0.0036516135362905655,0.05,False,False,True,True,0.0001623878876368199,True,5064,19224
16,2,0.0,0.0,uniform,0,uniform,0.5,guarded,stage1,,,19,0.015705436299705555,custom,"{""bfgs"": 0.08556773721592838, ""custom"": 0.008815299778256033}",0.010908408711353937,0.010908408711353937,stage3_l_opt,l_opt_current_alpha,0.14364879270219513,0.0036516135362905655,0.05,False,False,True,True,0.0001623878876368199,True,5346,20082
16,2,0.0,0.0,stage0,0,uniform,0.0,guarded,stage1,,,0,0.016861935488711705,custom,"{""bfgs"": 0.08488071210111153, ""custom"": 0.010225355240559512}",0.0107184536755085,0.0107184536755085,stage3_l_opt,l_opt_current_alpha,0.2645240739114969,0.0,0.0,False,True,False,False,,True,252,708
16,2,0.0,0.0,stage0,0,uniform,0.5,guarded,stage1,,,0,0.016861935488711705,custom,"{""bfgs"": 0.08488071210111153, ""custom"": 0.010225355240559512}",0.0107184536755085,0.0107184536755085,stage3_l_opt,l_opt_current_alpha,0.2645240739114969,0.13226203695574845,0.5,False,True,True,False,,True,252,708
16,2,0.0,0.0,stage0,0,uniform,0.5,guarded,stage1,,,1,0.016203517597155298,custom,"{""bfgs"": 0.08509088591099188, ""custom"": 0.009215733673261929}",0.010814807067314783,0.010814807067314783,stage3_l_opt,l_opt_current_alpha,0.16941437935284281,0.08470718967642138,0.5,True,True,True,False,9.635339180628401e-05,True,480,1863
16,2,0.0,0.0,stage0,0,uniform,0.5,guarded,stage1,,,2,0.015529758374225433,custom,"{""bfgs"": 0.08519984344918888, ""custom"": 0.008687139531058463}",0.010950134446223577,0.010950134446223577,stage3_l_opt,l_opt_current_alpha,1.2589829217416189,0.042353594838210606,0.25,False,False,True,True,0.0001353273789087943,True,732,3303
16,2,0.0,0.0,stage0,0,uniform,0.5,guarded,stage1,,,3,0.017062194087540367,custom,"{""bfgs"": 0.08514536468009037, ""custom"": 0.008715647641968003}",0.010677102953195572,0.010677102953195572,stage3_l_opt,l_opt_current_alpha,0.07467882803588105,0.018669707008970332,0.25,True,True,True,False,-0.00013770411411921125,True,1041,4218
16,2,0.0,0.0,stage0,0,uniform,0.5,guarded,stage1,,,4,0.016704394160068137,custom,"{""bfgs"": 0.08519215378778185, ""custom"": 0.008616514321569804}",0.010728750377893448,0.010728750377893448,stage3_l_opt,l_opt_current_alpha,0.07356869894800491,0.01839217473700125,0.25,True,True,True,False,5.1647424697875977e-05,True,1269,5718
16,2,0.0,0.0,stage0,0,uniform,0.5,guarded,stage1,,,5,0.015559328549299367,custom,"{""bfgs"": 0.08522453336237786, ""custom"": 0.008720087194554218}",0.010941370079914728,0.010941370079914728,stage3_l_opt,l_opt_current_alpha,0.15603559618858756,0.00919608736850061,0.125,False,False,True,True,0.00021261970202128035,True,1524,7461
16,2,0.0,0.0,stage0,0,uniform,0.5,guarded,stage1,,,6,0.01568300290552274,custom,"{""bfgs"": 0.08520834357507985, ""custom"": 0.008767988709776242}",0.010920426497856775,0.010920426497856775,stage3_l_opt,l_opt_current_alpha,0.15264935504536545,0.004598043684250236,0.0625,False,False,True,True,0.00019167611996332747,True,1722,9285
16,2,0.0,0.0,stage0,0,uniform,0.5,guarded,stage1,,,7,0.01667406537280222,custom,"{""bfgs"": 0.08520024868143083, ""custom"": 0.008592267128454723}",0.010740604251623154,0.010740604251623154,stage3_l_opt,l_opt_current_alpha,0.07333810914727629,0.0045836318217047645,0.0625,True,True,True,False,1.185387372970581e-05,True,2004,10476
16,2,0.0,0.0,stage0,0,uniform,0.5,guarded,stage1,,,8,0.015691136774989872,custom,"{""bfgs"": 0.08520771164952139, ""custom"": 0.008762674914711692}",0.010915935039520264,0.010915935039520264,stage3_l_opt,l_opt_current_alpha,0.15006024748529698,0.003666905457363867,0.05,False,False,True,True,0.00017533078789710999,True,2214,11874
16,2,0.0,0.0,stage0,0,uniform,0.5,guarded,stage1,,,9,0.015695752658913098,custom,"{""bfgs"": 0.08520621905590328, ""custom"": 0.008765965388347912}",0.01091259221235911,0.01091259221235911,stage3_l_opt,l_opt_current_alpha,0.14906014771919,0.003666905457363867,0.05,False,False,True,True,0.00017198796073595625,True,2427,12984
16,2,0.0,0.0,stage0,0,uniform,0.5,guarded,stage1,,,10,0.015695752658913098,custom,"{""bfgs"": 0.08520621905590328, ""custom"": 0.008765965388347912}",0.01091259221235911,0.01091259221235911,stage3_l_opt,l_opt_current_alpha,0.14906014771919,0.003666905457363867,0.05,False,False,True,True,0.00017198796073595625,True,2640,14094
16,2,0.0,0.0,stage0,0,uniform,0.5,guarded,stage1,,,11,0.015695752658913098,custom,"{""bfgs"": 0.08520621905590328, ""custom"": 0.008765965388347912}",0.01091259221235911,0.01091259221235911,stage3_l_opt,l_opt_current_alpha,0.14906014771919,0.003666905457363867,0.05,False,False,True,True,0.00017198796073595625,True,2853,15204
16,2,0.0,0.0,stage0,0,uniform,0.5,guarded,stage1,,,12,0.015695752658913098,custom,"{""bfgs"": 0.08520621905590328, ""custom"": 0.008765965388347912}",0.01091259221235911,0.01091259221235911,stage3_l_opt,l_opt_current_alpha,0.14906014771919,0.003666905457363867,0.05,False,False,True,True,0.00017198796073595625,True,3066,16314
16,2,0.0,0.0,stage0,0,uniform,0.5,guarded,stage1,,,13,0.015695752658913098,custom,"{""bfgs"": 0.08520621905590328, ""custom"": 0.008765965388347912}",0.01091259221235911,0.01091259221235911,stage3_l_opt,l_opt_current_alpha,0.14906014771919,0.003666905457363867,0.05,False,False,True,True,0.00017198796073595625,True,3279,17424
16,2,0.0,0.0,stage0,0,uniform,0.5,guarded,stage1,,,14,0.015695752658913098,custom,"{""bfgs"": 0.08520621905590328, ""custom"": 0.008765965388347912}",0.01091259221235911,0.01091259221235911,stage3_l_opt,l_opt_current_alpha,0.14906014771919,0.003666905457363867,0.05,False,False,True,True,0.00017198796073595625,True,3492,18534
16,2,0.0,0.0,stage0,0,uniform,0.5,guarded,stage1,,,15,0.015695752658913098,custom,"{""bfgs"": 0.08520621905590328, ""custom"": 0.008765965388347912}",0.01091259221235911,0.01091259221235911,stage3_l_opt,l_opt_current_alpha,0.14906014771919,0.003666905457363867,0.05,False,False,True,True,0.00017198796073595625,True,3705,19644
16,2,0.0,0.0,stage0,0,uniform,0.5,guarded,stage1,,,16,0.015695752658913098,custom,"{""bfgs"": 0.08520621905590328, ""custom"": 0.008765965388347912}",0.01091259221235911,0.01091259221235911,stage3_l_opt,l_opt_current_alpha,0.14906014771919,0.003666905457363867,0.05,False,False,True,True,0.00017198796073595625,True,3918,20754
16,2,0.0,0.0,stage0,0,uniform,0.5,guarded,stage1,,,17,0.015695752658913098,custom,"{""bfgs"": 0.08520621905590328, ""custom"": 0.008765965388347912}",0.01091259221235911,0.01091259221235911,stage3_l_opt,l_opt_current_alpha,0.14906014771919,0.003666905457363867,0.05,False,False,True,True,0.00017198796073595625,True,4131,21864
16,2,0.0,0.0,stage0,0,uniform,0.5,guarded,stage1,,,18,0.015695752658913098,custom,"{""bfgs"": 0.08520621905590328, ""custom"": 0.008765965388347912}",0.01091259221235911,0.01091259221235911,stage3_l_opt,l_opt_current_alpha,0.14906014771919,0.003666905457363867,0.05,False,False,True,True,0.00017198796073595625,True,4344,22974
16,2,0.0,0.0,stage0,0,uniform,0.5,guarded,stage1,,,19,0.015695752658913098,custom,"{""bfgs"": 0.08520621905590328, ""custom"": 0.008765965388347912}",0.01091259221235911,0.01091259221235911,stage3_l_opt,l_opt_current_alpha,0.14906014771919,0.003666905457363867,0.05,False,False,True,True,0.00017198796073595625,True,4557,24084
17,2,0.0,0.0,uniform,0,uniform,0.0,guarded,stage1,,,0,0.0006508197613193899,bfgs,"{""bfgs"": 0.013297389571865399, ""custom"": 0.014302661642432213}",0.0132973895718654,0.0132973895718654,stage3_l_opt,l_opt_current_alpha,1.0755186027893653,0.0,0.0,False,True,False,False,,True,441,1191
17,2,0.0,0.0,uniform,0,uniform,0.5,guarded,stage1,,,0,0.0006508197613193899,bfgs,"{""bfgs"": 0.013297389571865399, ""custom"": 0.014302661642432213}",0.0132973895718654,0.0132973895718654,stage3_l_opt,l_opt_current_alpha,1.0755186027893653,0.5377593013946826,0.5,False,True,True,False,,True,441,1191
17,2,0.0,0.0,uniform,0,uniform,0.5,guarded,stage1,,,1,0.03552485067873421,custom,"{""bfgs"": 0.015739043194966447, ""custom"": 0.0111655540994692}",0.01989417461057504,0.01989417461057504,stage3_l_opt,l_opt_current_alpha,,0.0,0.5,False,False,False,True,0.006596785038709639,False,1449,1902
17,2,0.0,0.0,stage0,0,uniform,0.0,guarded,stage1,,,0,0.02030574571083799,custom,"{""bfgs"": 0.012836617518067585, ""custom"": 0.012383103718501421}",0.01396735447148482,0.01396735447148482,stage3_l_opt,l_opt_current_alpha,1.1070895417104325,0.0,0.0,False,True,False,False,,True,678,816
17,2,0.0,0.0,stage0,0,uniform,0.5,guarded,stage1,,,0,0.02030574571083799,custom,"{""bfgs"": 0.012836617518067585, ""custom"": 0.012383103718501421}",0.01396735447148482,0.01396735447148482,stage3_l_opt,l_opt_current_alpha,1.1070895417104325,0.5535447708552164,0.5,False,True,True,False,,True,678,816
17,2,0.0,0.0,stage0,0,uniform,0.5,guarded,stage1,,,1,0.0014330427807801283,custom,"{""bfgs"": 0.03461197474950381, ""custom"": 0.005136267833158137}",0.013104131445288658,0.013104131445288658,stage3_l_opt,l_opt_current_alpha,0.8923481312136834,0.4461740656068417,0.5,True,True,True,False,-0.0008632230261961613,True,1422,1632
17,2,0.0,0.0,stage0,0,uniform,0.5,guarded,stage1,,,2,0.019117186131925784,custom,"{""bfgs"": 0.020549415467580733, ""custom"": 0.010616375816958977}",0.013713662202159563,0.013713662202159563,stage3_l_opt,l_opt_current_alpha,0.518156846679841,0.22308703280342082,0.25,False,False,True,True,0.000609530756870905,True,2127,2517
17,2,0.0,0.0,stage0,0,uniform,0.5,guarded,stage1,,,3,0.007244366934716512,custom,"{""bfgs"": 0.05047841841171038, ""custom"": 0.0073835397648889314}",0.012789422646164894,0.012789422646164894,stage3_l_opt,l_opt_current_alpha,0.7801299782450934,0.19503249456127322,0.25,True,True,True,False,-0.00031470879912376404,True,2910,3903
17,2,0.0,0.0,stage0,0,uniform,0.5,guarded,stage1,,,4,0.018709322467324024,custom,"{""bfgs"": 0.01249250765541774, ""custom"": 0.008893450359924003}",0.013289652143915495,0.013289652143915495,stage3_l_opt,l_opt_current_alpha,0.8677290715600903,0.09751624728063671,0.125,False,False,True,True,0.0005002294977506008,True,3711,4545
17,2,0.0,0.0,stage0,0,uniform,0.5,guarded,stage1,,,5,0.017749682267235098,custom,"{""bfgs"": 0.04146784116885585, ""custom"": 0.008572901393876797}",0.01332055094341437,0.01332055094341437,stage3_l_opt,l_opt_current_alpha,0.45840714429999374,0.04875812364031834,0.0625,False,False,True,True,0.0005311282972494755,True,4314,5496
17,2,0.0,0.0,stage0,0,uniform,0.5,guarded,stage1,,,6,0.004899540967909901,custom,"{""bfgs"": 0.02529114349715306, ""custom"": 0.008199816428570043}",0.013011555497845015,0.013011555497845015,stage3_l_opt,l_opt_current_alpha,0.7337878486560278,0.03900649891225466,0.05,False,False,True,True,0.0002221328516801204,True,5076,6606
17,2,0.0,0.0,stage0,0,uniform,0.5,guarded,stage1,,,7,7.899593109575247e-05,custom,"{""bfgs"": 0.046873658082905244, ""custom"": 0.007955599274183668}",0.01284036971628666,0.01284036971628666,stage3_l_opt,l_opt_current_alpha,0.7412165538442299,0.037060827692211556,0.05,True,True,True,False,5.094707012176514e-05,True,5805,7371
17,2,0.0,0.0,stage0,0,uniform,0.5,guarded,stage1,,,8,0.017362121381503726,custom,"{""bfgs"": 0.04009387167116247, ""custom"": 0.00839744727445824}",0.013277489071091017,0.013277489071091017,stage3_l_opt,l_opt_current_alpha,0.710566745541004,0.037060827692211556,0.05,False,False,True,True,0.00043711935480435747,True,6885,8316
17,2,0.0,0.0,stage0,0,uniform,0.5,guarded,stage1,,,9,0.017362121381503726,custom,"{""bfgs"": 0.04009387167116247, ""custom"": 0.00839744727445824}",0.013277489071091017,0.013277489071091017,stage3_l_opt,l_opt_current_alpha,0.710566745541004,0.037060827692211556,0.05,False,False,True,True,0.00043711935480435747,True,7965,9261
17,2,0.0,0.0,stage0,0,uniform,0.5,guarded,stage1,,,10,0.017362121381503726,custom,"{""bfgs"": 0.04009387167116247, ""custom"": 0.00839744727445824}",0.013277489071091017,0.013277489071091017,stage3_l_opt,l_opt_current_alpha,0.710566745541004,0.037060827692211556,0.05,False,False,True,True,0.00043711935480435747,True,9045,10206
17,2,0.0,0.0,stage0,0,uniform,0.5,guarded,stage1,,,11,0.017362121381503726,custom,"{""bfgs"": 0.04009387167116247, ""custom"": 0.00839744727445824}",0.013277489071091017,0.013277489071091017,stage3_l_opt,l_opt_current_alpha,0.710566745541004,0.037060827692211556,0.05,False,False,True,True,0.00043711935480435747,True,10125,11151
17,2,0.0,0.0,stage0,0,uniform,0.5,guarded,stage1,,,12,0.017362121381503726,custom,"{""bfgs"": 0.04009387167116247, ""custom"": 0.00839744727445824}",0.013277489071091017,0.013277489071091017,stage3_l_opt,l_opt_current_alpha,0.710566745541004,0.037060827692211556,0.05,False,False,True,True,0.00043711935480435747,True,11205,12096
17,2,0.0,0.0,stage0,0,uniform,0.5,guarded,stage1,,,13,0.017362121381503726,custom,"{""bfgs"": 0.04009387167116247, ""custom"": 0.00839744727445824}",0.013277489071091017,0.013277489071091017,stage3_l_opt,l_opt_current_alpha,0.710566745541004,0.037060827692211556,0.05,False,False,True,True,0.00043711935480435747,True,12285,13041
17,2,0.0,0.0,stage0,0,uniform,0.5,guarded,stage1,,,14,0.017362121381503726,custom,"{""bfgs"": 0.04009387167116247, ""custom"": 0.00839744727445824}",0.013277489071091017,0.013277489071091017,stage3_l_opt,l_opt_current_alpha,0.710566745541004,0.037060827692211556,0.05,False,False,True,True,0.00043711935480435747,True,13365,13986
17,2,0.0,0.0,stage0,0,uniform,0.5,guarded,stage1,,,15,0.017362121381503726,custom,"{""bfgs"": 0.04009387167116247, ""custom"": 0.00839744727445824}",0.013277489071091017,0.013277489071091017,stage3_l_opt,l_opt_current_alpha,0.710566745541004,0.037060827692211556,0.05,False,False,True,True,0.00043711935480435747,True,14445,14931
17,2,0.0,0.0,stage0,0,uniform,0.5,guarded,stage1,,,16,0.017362121381503726,custom,"{""bfgs"": 0.04009387167116247, ""custom"": 0.00839744727445824}",0.013277489071091017,0.013277489071091017,stage3_l_opt,l_opt_current_alpha,0.710566745541004,0.037060827692211556,0.05,False,False,True,True,0.00043711935480435747,True,15525,15876
17,2,0.0,0.0,stage0,0,uniform,0.5,guarded,stage1,,,17,0.017362121381503726,custom,"{""bfgs"": 0.04009387167116247, ""custom"": 0.00839744727445824}",0.013277489071091017,0.013277489071091017,stage3_l_opt,l_opt_current_alpha,0.710566745541004,0.037060827692211556,0.05,False,False,True,True,0.00043711935480435747,True,16605,16821
17,2,0.0,0.0,stage0,0,uniform,0.5,guarded,stage1,,,18,0.017362121381503726,custom,"{""bfgs"": 0.04009387167116247, ""custom"": 0.00839744727445824}",0.013277489071091017,0.013277489071091017,stage3_l_opt,l_opt_current_alpha,0.710566745541004,0.037060827692211556,0.05,False,False,True,True,0.00043711935480435747,True,17685,17766
17,2,0.0,0.0,stage0,0,uniform,0.5,guarded,stage1,,,19,0.017362121381503726,custom,"{""bfgs"": 0.04009387167116247, ""custom"": 0.00839744727445824}",0.013277489071091017,0.013277489071091017,stage3_l_opt,l_opt_current_alpha,0.710566745541004,0.037060827692211556,0.05,False,False,True,True,0.00043711935480435747,True,18765,18711
18,2,0.0,0.0,uniform,0,uniform,0.0,guarded,stage1,,,0,0.011424451487007669,custom,"{""bfgs"": 0.0038027701278527575, ""custom"": 0.0025246466199556985}",0.0025246466199556985,0.0025246466199556985,stage3_l_opt,l_opt_current_alpha,,0.0,0.0,False,True,False,False,,False,117,525
18,2,0.0,0.0,uniform,0,uniform,0.5,guarded,stage1,,,0,0.011424451487007669,custom,"{""bfgs"": 0.0038027701278527575, ""custom"": 0.0025246466199556985}",0.0025246466199556985,0.0025246466199556985,stage3_l_opt,l_opt_current_alpha,,0.0,0.5,False,True,False,False,,False,117,525
18,2,0.0,0.0,stage0,0,uniform,0.0,guarded,stage1,,,0,0.01119963182280523,custom,"{""bfgs"": 0.00402892458199265, ""custom"": 0.0022807903706351298}",0.0024368539452552795,0.0024368539452552795,stage3_l_opt,l_opt_current_alpha,1.4020317630776038,0.0,0.0,False,True,False,False,,True,195,708
18,2,0.0,0.0,stage0,0,uniform,0.5,guarded,stage1,,,0,0.01119963182280523,custom,"{""bfgs"": 0.00402892458199265, ""custom"": 0.0022807903706351298}",0.0024368539452552795,0.0024368539452552795,stage3_l_opt,l_opt_current_alpha,1.4020317630776038,0.7010158815388018,0.5,False,True,True,False,,True,195,708
18,2,0.0,0.0,stage0,0,uniform,0.5,guarded,stage1,,,1,0.017049881016744466,custom,"{""bfgs"": 0.0028881144039770083, ""custom"": 0.002394382853314013}",0.0043275368710358935,0.0043275368710358935,stage3_l_opt,l_opt_current_alpha,1.7119104304703554,0.35050794076940084,0.25,False,False,True,True,0.001890682925780614,True,375,1374
18,2,0.0,0.0,stage0,0,uniform,0.5,guarded,stage1,,,2,0.011238870725773668,custom,"{""bfgs"": 0.003458519492984829, ""custom"": 0.003234092581705155}",0.002426291505495707,0.002426291505495707,stage3_l_opt,l_opt_current_alpha,,0.0,0.25,True,True,False,False,-1.0562439759572492e-05,False,615,2037
19,2,0.0,0.0,uniform,0,uniform,0.0,guarded,stage1,,,0,0.02030142701241855,bfgs,"{""bfgs"": 0.011026526490847267, ""custom"": 0.011140468219916025}",0.011026526490847269,0.011026526490847269,stage3_l_opt,l_opt_current_alpha,0.3161089870016342,0.0,0.0,False,True,False,False,,True,300,609
19,2,0.0,0.0,uniform,0,uniform,0.5,guarded,stage1,,,0,0.02030142701241855,bfgs,"{""bfgs"": 0.011026526490847267, ""custom"": 0.011140468219916025}",0.011026526490847269,0.011026526490847269,stage3_l_opt,l_opt_current_alpha,0.3161089870016342,0.15805449350081713,0.5,False,True,True,False,,True,300,609
19,2,0.0,0.0,uniform,0,uniform,0.5,guarded,stage1,,,1,0.022742773287349305,custom,"{""bfgs"": 0.01400567261528922, ""custom"": 0.011464626974006142}",0.011149375389019648,0.011149375389019648,stage3_l_opt,l_opt_current_alpha,0.2471746999601972,0.07902724675040856,0.25,False,False,True,True,0.00012284889817237854,True,627,1248
19,2,0.0,0.0,uniform,0,uniform,0.5,guarded,stage1,,,2,0.022517399639644498,custom,"{""bfgs"": 0.012881476057506693, ""custom"": 0.011219430988182282}",0.01111942653854688,0.01111942653854688,stage3_l_opt,l_opt_current_alpha,0.3001157323658097,0.07502893309145237,0.25,True,True,True,False,9.290004769961155e-05,True,942,1857
19,2,0.0,0.0,uniform,0,uniform,0.5,guarded,stage1,,,3,0.018881715281486355,bfgs,"{""bfgs"": 0.01104724833996477, ""custom"": 0.011462510907350676}",0.01162784919142723,0.01162784919142723,stage3_l_opt,l_opt_current_alpha,0.5160389251783554,0.03751446654572621,0.125,False,False,True,True,0.0005084226528803502,True,1248,2466
19,2,0.0,0.0,uniform,0,uniform,0.5,guarded,stage1,,,4,0.020626603976590052,bfgs,"{""bfgs"": 0.010510386955988604, ""custom"": 0.011629683850294168}",0.01096365600824356,0.01096365600824356,stage3_l_opt,l_opt_current_alpha,0.16759787957740385,0.02094973494717539,0.125,True,True,True,False,-0.00015577053030331987,True,1545,3075
19,2,0.0,0.0,uniform,0,uniform,0.5,guarded,stage1,,,5,0.02322805299616948,custom,"{""bfgs"": 0.012858207387290153, ""custom"": 0.011687037765256215}",0.011211624989906946,0.011211624989906946,stage3_l_opt,l_opt_current_alpha,0.3351964336611525,0.010474867473587723,0.0625,False,False,True,True,0.00024796898166338545,True,1899,3684
19,2,0.0,0.0,uniform,0,uniform,0.5,guarded,stage1,,,6,0.023258884650042277,custom,"{""bfgs"": 0.012792170858768048, ""custom"": 0.011666186290458671}",0.011216911176840464,0.011216911176840464,stage3_l_opt,l_opt_current_alpha,0.3524539275932571,0.008379893978870179,0.05,False,False,True,True,0.0002532551685969029,True,2169,4293
19,2,0.0,0.0,uniform,0,uniform,0.5,guarded,stage1,,,7,0.023252667281329187,custom,"{""bfgs"": 0.013122207288989378, ""custom"": 0.01165547860931542}",0.011214487254619598,0.011214487254619598,stage3_l_opt,l_opt_current_alpha,0.35141479734190956,0.008379893978870179,0.05,False,False,True,True,0.0002508312463760376,True,2427,4902
19,2,0.0,0.0,uniform,0,uniform,0.5,guarded,stage1,,,8,0.023252667281329187,custom,"{""bfgs"": 0.013122207288989378, ""custom"": 0.01165547860931542}",0.011214487254619598,0.011214487254619598,stage3_l_opt,l_opt_current_alpha,0.35141479734190956,0.008379893978870179,0.05,False,False,True,True,0.0002508312463760376,True,2685,5511
19,2,0.0,0.0,uniform,0,uniform,0.5,guarded,stage1,,,9,0.023252667281329187,custom,"{""bfgs"": 0.013122207288989378, ""custom"": 0.01165547860931542}",0.011214487254619598,0.011214487254619598,stage3_l_opt,l_opt_current_alpha,0.35141479734190956,0.008379893978870179,0.05,False,False,True,True,0.0002508312463760376,True,2943,6120
19,2,0.0,0.0,uniform,0,uniform,0.5,guarded,stage1,,,10,0.023252667281329187,custom,"{""bfgs"": 0.013122207288989378, ""custom"": 0.01165547860931542}",0.011214487254619598,0.011214487254619598,stage3_l_opt,l_opt_current_alpha,0.35141479734190956,0.008379893978870179,0.05,False,False,True,True,0.0002508312463760376,True,3201,6729
19,2,0.0,0.0,uniform,0,uniform,0.5,guarded,stage1,,,11,0.023252667281329187,custom,"{""bfgs"": 0.013122207288989378, ""custom"": 0.01165547860931542}",0.011214487254619598,0.011214487254619598,stage3_l_opt,l_opt_current_alpha,0.35141479734190956,0.008379893978870179,0.05,False,False,True,True,0.0002508312463760376,True,3459,7338
19,2,0.0,0.0,uniform,0,uniform,0.5,guarded,stage1,,,12,0.023252667281329187,custom,"{""bfgs"": 0.013122207288989378, ""custom"": 0.01165547860931542}",0.011214487254619598,0.011214487254619598,stage3_l_opt,l_opt_current_alpha,0.35141479734190956,0.008379893978870179,0.05,False,False,True,True,0.0002508312463760376,True,3717,7947
19,2,0.0,0.0,uniform,0,uniform,0.5,guarded,stage1,,,13,0.023252667281329187,custom,"{""bfgs"": 0.013122207288989378, ""custom"": 0.01165547860931542}",0.011214487254619598,0.011214487254619598,stage3_l_opt,l_opt_current_alpha,0.35141479734190956,0.008379893978870179,0.05,False,False,True,True,0.0002508312463760376,True,3975,8556
19,2,0.0,0.0,uniform,0,uniform,0.5,guarded,stage1,,,14,0.023252667281329187,custom,"{""bfgs"": 0.013122207288989378, ""custom"": 0.01165547860931542}",0.011214487254619598,0.011214487254619598,stage3_l_opt,l_opt_current_alpha,0.35141479734190956,0.008379893978870179,0.05,False,False,True,True,0.0002508312463760376,True,4233,9165
19,2,0.0,0.0,uniform,0,uniform,0.5,guarded,stage1,,,15,0.023252667281329187,custom,"{""bfgs"": 0.013122207288989378, ""custom"": 0.01165547860931542}",0.011214487254619598,0.011214487254619598,stage3_l_opt,l_opt_current_alpha,0.35141479734190956,0.008379893978870179,0.05,False,False,True,True,0.0002508312463760376,True,4491,9774
19,2,0.0,0.0,uniform,0,uniform,0.5,guarded,stage1,,,16,0.023252667281329187,custom,"{""bfgs"": 0.013122207288989378, ""custom"": 0.01165547860931542}",0.011214487254619598,0.011214487254619598,stage3_l_opt,l_opt_current_alpha,0.35141479734190956,0.008379893978870179,0.05,False,False,True,True,0.0002508312463760376,True,4749,10383
19,2,0.0,0.0,uniform,0,uniform,0.5,guarded,stage1,,,17,0.023252667281329187,custom,"{""bfgs"": 0.013122207288989378, ""custom"": 0.01165547860931542}",0.011214487254619598,0.011214487254619598,stage3_l_opt,l_opt_current_alpha,0.35141479734190956,0.008379893978870179,0.05,False,False,True,True,0.0002508312463760376,True,5007,10992
19,2,0.0,0.0,uniform,0,uniform,0.5,guarded,stage1,,,18,0.023252667281329187,custom,"{""bfgs"": 0.013122207288989378, ""custom"": 0.01165547860931542}",0.011214487254619598,0.011214487254619598,stage3_l_opt,l_opt_current_alpha,0.35141479734190956,0.008379893978870179,0.05,False,False,True,True,0.0002508312463760376,True,5265,11601
19,2,0.0,0.0,uniform,0,uniform,0.5,guarded,stage1,,,19,0.023252667281329187,custom,"{""bfgs"": 0.013122207288989378, ""custom"": 0.01165547860931542}",0.011214487254619598,0.011214487254619598,stage3_l_opt,l_opt_current_alpha,0.35141479734190956,0.008379893978870179,0.05,False,False,True,True,0.0002508312463760376,True,5523,12210
19,2,0.0,0.0,stage0,0,uniform,0.0,guarded,stage1,,,0,0.02506645777185401,custom,"{""bfgs"": 0.01002199886315749, ""custom"": 0.009016863175019655}",0.012054776151974997,0.012054776151974997,stage3_l_opt,l_opt_current_alpha,,0.0,0.0,False,True,False,False,,False,477,936
19,2,0.0,0.0,stage0,0,uniform,0.5,guarded,stage1,,,0,0.02506645777185401,custom,"{""bfgs"": 0.01002199886315749, ""custom"": 0.009016863175019655}",0.012054776151974997,0.012054776151974997,stage3_l_opt,l_opt_current_alpha,,0.0,0.5,False,True,False,False,,False,477,936
20,2,0.0,0.0,uniform,0,uniform,0.0,guarded,stage1,,,0,0.003687141118953449,custom,"{""bfgs"": 0.0242045558989048, ""custom"": 0.011514744410912195}",0.011514744410912195,0.011514744410912195,stage3_l_opt,l_opt_current_alpha,,0.0,0.0,False,True,False,False,,False,135,1509
20,2,0.0,0.0,uniform,0,uniform,0.5,guarded,stage1,,,0,0.003687141118953449,custom,"{""bfgs"": 0.0242045558989048, ""custom"": 0.011514744410912195}",0.011514744410912195,0.011514744410912195,stage3_l_opt,l_opt_current_alpha,,0.0,0.5,False,True,False,False,,False,135,1509
20,2,0.0,0.0,stage0,0,uniform,0.0,guarded,stage1,,,0,0.011125799331849283,bfgs,"{""bfgs"": 0.011621967395855444, ""custom"": 0.012415052907405792}",0.013439829150835672,0.013439829150835672,stage3_l_opt,l_opt_current_alpha,,0.0,0.0,False,True,False,False,,False,843,1203
20,2,0.0,0.0,stage0,0,uniform,0.5,guarded,stage1,,,0,0.011125799331849283,bfgs,"{""bfgs"": 0.011621967395855444, ""custom"": 0.012415052907405792}",0.013439829150835672,0.013439829150835672,stage3_l_opt,l_opt_current_alpha,,0.0,0.5,False,True,False,False,,False,843,1203
21,2,0.0,0.0,uniform,0,uniform,0.0,guarded,stage1,,,0,0.023977897795143116,custom,"{""bfgs"": 0.027638830244541168, ""custom"": 0.017993309224645294}",0.017993309224645298,0.017993309224645298,stage3_l_opt,l_opt_current_alpha,1.3066666666666666,0.0,0.0,False,True,False,False,,True,243,1233
21,2,0.0,0.0,uniform,0,uniform,0.5,guarded,stage1,,,0,0.023977897795143116,custom,"{""bfgs"": 0.027638830244541168, ""custom"": 0.017993309224645294}",0.017993309224645298,0.017993309224645298,stage3_l_opt,l_opt_current_alpha,1.3066666666666666,0.6533333333333333,0.5,False,True,True,False,,True,243,1233
21,2,0.0,0.0,uniform,0,uniform,0.5,guarded,stage1,,,1,0.02386629213191671,custom,"{""bfgs"": 0.025113122612237932, ""custom"": 0.009155829716473817}",0.017944224799672764,0.017944224799672764,stage3_l_opt,l_opt_current_alpha,0.6533333333333333,0.32666666666666666,0.5,True,True,True,False,-4.908442497253418e-05,True,486,2394
21,2,0.0,0.0,uniform,0,uniform,0.5,guarded,stage1,,,2,0.02331531914905577,custom,"{""bfgs"": 0.023850268796086312, ""custom"": 0.004722390389069914}",0.01774284802377224,0.01774284802377224,stage3_l_opt,l_opt_current_alpha,0.32666666666666666,0.16333333333333333,0.5,True,True,True,False,-0.00020137677590052402,True,702,3561
21,2,0.0,0.0,uniform,0,uniform,0.5,guarded,stage1,,,3,0.02412856491041196,custom,"{""bfgs"": 0.023218841888010502, ""custom"": 0.0025880374526605007}",0.018052181228995323,0.018052181228995323,stage3_l_opt,l_opt_current_alpha,0.16333333333333333,0.08166666666666672,0.25,False,False,True,True,0.0003093332052230835,True,882,4722
21,2,0.0,0.0,uniform,0,uniform,0.5,guarded,stage1,,,4,0.022702449720597345,custom,"{""bfgs"": 0.02353455534204841, ""custom"": 0.003575835134057948}",0.017487976079185803,0.017487976079185803,stage3_l_opt,l_opt_current_alpha,0.24499999999999988,0.06125000000000001,0.25,True,True,True,False,-0.0002548719445864371,True,1128,5883
21,2,0.0,0.0,uniform,0,uniform,0.5,guarded,stage1,,,5,0.019058835377253835,custom,"{""bfgs"": 0.023297770251519977, ""custom"": 0.0025098992831772186}",0.015849163755774498,0.015849163755774498,stage3_l_opt,l_opt_current_alpha,0.1837499999999999,0.04593749999999998,0.25,True,True,True,False,-0.0016388123234113046,True,1503,7053
21,2,0.0,0.0,uniform,0,uniform,0.5,guarded,stage1,,,6,0.024109557824426114,custom,"{""bfgs"": 0.023120181433623658, ""custom"": 0.002243912789029612}",0.018046402061978977,0.018046402061978977,stage3_l_opt,l_opt_current_alpha,0.13781249999999992,0.022968749999999996,0.125,False,False,True,True,0.002197238306204479,True,1686,8307
21,2,0.0,0.0,uniform,0,uniform,0.5,guarded,stage1,,,7,0.024118404370540164,custom,"{""bfgs"": 0.02320897584257182, ""custom"": 0.0025507622225510803}",0.01804659826060136,0.01804659826060136,stage3_l_opt,l_opt_current_alpha,0.1607812499999999,0.011484374999999991,0.0625,False,False,True,True,0.0021974345048268625,True,1899,9459
21,2,0.0,0.0,uniform,0,uniform,0.5,guarded,stage1,,,8,0.020432131850373597,custom,"{""bfgs"": 0.023253373047045896, ""custom"": 0.002472802978821467}",0.016506747032205265,0.016506747032205265,stage3_l_opt,l_opt_current_alpha,0.17226562499999992,0.00918749999999996,0.05,False,False,True,True,0.0006575832764307669,True,2109,10647
21,2,0.0,0.0,uniform,0,uniform,0.5,guarded,stage1,,,9,0.02040383396940293,custom,"{""bfgs"": 0.023262252487940713, ""custom"": 0.0024936966597548836}",0.016489143793781597,0.016489143793781597,stage3_l_opt,l_opt_current_alpha,0.17456249999999995,0.00918749999999996,0.05,False,False,True,True,0.0006399800380070993,True,2352,11826
21,2,0.0,0.0,uniform,0,uniform,0.5,guarded,stage1,,,10,0.02040383396940293,custom,"{""bfgs"": 0.023262252487940713, ""custom"": 0.0024936966597548836}",0.016489143793781597,0.016489143793781597,stage3_l_opt,l_opt_current_alpha,0.17456249999999995,0.00918749999999996,0.05,False,False,True,True,0.0006399800380070993,True,2595,13005
21,2,0.0,0.0,uniform,0,uniform,0.5,guarded,stage1,,,11,0.02040383396940293,custom,"{""bfgs"": 0.023262252487940713, ""custom"": 0.0024936966597548836}",0.016489143793781597,0.016489143793781597,stage3_l_opt,l_opt_current_alpha,0.17456249999999995,0.00918749999999996,0.05,False,False,True,True,0.0006399800380070993,True,2838,14184
21,2,0.0,0.0,uniform,0,uniform,0.5,guarded,stage1,,,12,0.02040383396940293,custom,"{""bfgs"": 0.023262252487940713, ""custom"": 0.0024936966597548836}",0.016489143793781597,0.016489143793781597,stage3_l_opt,l_opt_current_alpha,0.17456249999999995,0.00918749999999996,0.05,False,False,True,True,0.0006399800380070993,True,3081,15363
21,2,0.0,0.0,uniform,0,uniform,0.5,guarded,stage1,,,13,0.02040383396940293,custom,"{""bfgs"": 0.023262252487940713, ""custom"": 0.0024936966597548836}",0.016489143793781597,0.016489143793781597,stage3_l_opt,l_opt_current_alpha,0.17456249999999995,0.00918749999999996,0.05,False,False,True,True,0.0006399800380070993,True,3324,16542
21,2,0.0,0.0,uniform,0,uniform,0.5,guarded,stage1,,,14,0.02040383396940293,custom,"{""bfgs"": 0.023262252487940713, ""custom"": 0.0024936966597548836}",0.016489143793781597,0.016489143793781597,stage3_l_opt,l_opt_current_alpha,0.17456249999999995,0.00918749999999996,0.05,False,False,True,True,0.0006399800380070993,True,3567,17721
21,2,0.0,0.0,uniform,0,uniform,0.5,guarded,stage1,,,15,0.02040383396940293,custom,"{""bfgs"": 0.023262252487940713, ""custom"": 0.0024936966597548836}",0.016489143793781597,0.016489143793781597,stage3_l_opt,l_opt_current_alpha,0.17456249999999995,0.00918749999999996,0.05,False,False,True,True,0.0006399800380070993,True,3810,18900
21,2,0.0,0.0,uniform,0,uniform,0.5,guarded,stage1,,,16,0.02040383396940293,custom,"{""bfgs"": 0.023262252487940713, ""custom"": 0.0024936966597548836}",0.016489143793781597,0.016489143793781597,stage3_l_opt,l_opt_current_alpha,0.17456249999999995,0.00918749999999996,0.05,False,False,True,True,0.0006399800380070993,True,4053,20079
21,2,0.0,0.0,uniform,0,uniform,0.5,guarded,stage1,,,17,0.02040383396940293,custom,"{""bfgs"": 0.023262252487940713, ""custom"": 0.0024936966597548836}",0.016489143793781597,0.016489143793781597,stage3_l_opt,l_opt_current_alpha,0.17456249999999995,0.00918749999999996,0.05,False,False,True,True,0.0006399800380070993,True,4296,21258
21,2,0.0,0.0,uniform,0,uniform,0.5,guarded,stage1,,,18,0.02040383396940293,custom,"{""bfgs"": 0.023262252487940713, ""custom"": 0.0024936966597548836}",0.016489143793781597,0.016489143793781597,stage3_l_opt,l_opt_current_alpha,0.17456249999999995,0.00918749999999996,0.05,False,False,True,True,0.0006399800380070993,True,4539,22437
21,2,0.0,0.0,uniform,0,uniform,0.5,guarded,stage1,,,19,0.02040383396940293,custom,"{""bfgs"": 0.023262252487940713, ""custom"": 0.0024936966597548836}",0.016489143793781597,0.016489143793781597,stage3_l_opt,l_opt_current_alpha,0.17456249999999995,0.00918749999999996,0.05,False,False,True,True,0.0006399800380070993,True,4782,23616
21,2,0.0,0.0,stage0,0,uniform,0.0,guarded,stage1,,,0,0.022770489875126865,custom,"{""bfgs"": 0.024385853094145267, ""custom"": 0.015193573042425587}",0.017511261627078056,0.017511261627078056,stage3_l_opt,l_opt_current_alpha,1.160855059975495,0.0,0.0,False,True,False,False,,True,276,1296
21,2,0.0,0.0,stage0,0,uniform,0.5,guarded,stage1,,,0,0.022770489875126865,custom,"{""bfgs"": 0.024385853094145267, ""custom"": 0.015193573042425587}",0.017511261627078056,0.017511261627078056,stage3_l_opt,l_opt_current_alpha,1.160855059975495,0.5804275299877476,0.5,False,True,True,False,,True,276,1296
21,2,0.0,0.0,stage0,0,uniform,0.5,guarded,stage1,,,1,0.020782468109516478,custom,"{""bfgs"": 0.02348663403703998, ""custom"": 0.0073006460431813795}",0.016657213990887005,0.016657213990887005,stage3_l_opt,l_opt_current_alpha,0.5804275299877475,0.2902137649938737,0.5,True,True,True,False,-0.0008540476361910514,True,615,2598
21,2,0.0,0.0,stage0,0,uniform,0.5,guarded,stage1,,,2,0.021742308288736828,custom,"{""bfgs"": 0.02303702450848734, ""custom"": 0.003953624880205846}",0.017094518368442852,0.017094518368442852,stage3_l_opt,l_opt_current_alpha,0.2902137649938738,0.14510688249693682,0.25,False,False,True,True,0.00043730437755584717,True,888,3798
21,2,0.0,0.0,stage0,0,uniform,0.5,guarded,stage1,,,3,0.020337846461040032,custom,"{""bfgs"": 0.023261829272763657, ""custom"": 0.005480809922521381}",0.016459515318274498,0.016459515318274498,stage3_l_opt,l_opt_current_alpha,0.43532064749081073,0.10883016187270272,0.25,True,True,True,False,-0.00019769867261250698,True,1161,5109
21,2,0.0,0.0,stage0,0,uniform,0.5,guarded,stage1,,,4,0.021014101524250622,custom,"{""bfgs"": 0.023093225699556418, ""custom"": 0.004290612791897469}",0.016765912994742393,0.016765912994742393,stage3_l_opt,l_opt_current_alpha,0.3264904856181079,0.05441508093635129,0.125,False,False,True,True,0.0003063976764678955,True,1446,6426
21,2,0.0,0.0,stage0,0,uniform,0.5,guarded,stage1,,,5,0.020407789176567936,custom,"{""bfgs"": 0.02317752748616004, ""custom"": 0.004847271196305429}",0.01648981434603532,0.01648981434603532,stage3_l_opt,l_opt_current_alpha,0.3809055665544594,0.04761319581930737,0.125,True,True,True,False,3.029902776082241e-05,True,1665,7743
21,2,0.0,0.0,stage0,0,uniform,0.5,guarded,stage1,,,6,0.0214427529417201,custom,"{""bfgs"": 0.02310376342288187, ""custom"": 0.004443264026245031}",0.016963927075266838,0.016963927075266838,stage3_l_opt,l_opt_current_alpha,0.33329237073515205,0.023806597909653643,0.0625,False,False,True,True,0.0004741127292315177,True,1953,9048
21,2,0.0,0.0,stage0,0,uniform,0.5,guarded,stage1,,,7,0.02164436125362626,custom,"{""bfgs"": 0.02314064545452095, ""custom"": 0.004754344967089551}",0.017042627558112144,0.017042627558112144,stage3_l_opt,l_opt_current_alpha,0.3570989686448057,0.019045278327722986,0.05,False,False,True,True,0.0005528132120768241,True,2202,10383
21,2,0.0,0.0,stage0,0,uniform,0.5,guarded,stage1,,,8,0.021635003486769194,custom,"{""bfgs"": 0.023148021860848772, ""custom"": 0.004811074724807124}",0.01703798087934653,0.01703798087934653,stage3_l_opt,l_opt_current_alpha,0.36186028822673644,0.019045278327722986,0.05,False,False,True,True,0.0005481665333112104,True,2430,11718
21,2,0.0,0.0,stage0,0,uniform,0.5,guarded,stage1,,,9,0.021635003486769194,custom,"{""bfgs"": 0.023148021860848772, ""custom"": 0.004811074724807124}",0.01703798087934653,0.01703798087934653,stage3_l_opt,l_opt_current_alpha,0.36186028822673644,0.019045278327722986,0.05,False,False,True,True,0.0005481665333112104,True,2658,13053
21,2,0.0,0.0,stage0,0,uniform,0.5,guarded,stage1,,,10,0.021635003486769194,custom,"{""bfgs"": 0.023148021860848772, ""custom"": 0.004811074724807124}",0.01703798087934653,0.01703798087934653,stage3_l_opt,l_opt_current_alpha,0.36186028822673644,0.019045278327722986,0.05,False,False,True,True,0.0005481665333112104,True,2886,14388
21,2,0.0,0.0,stage0,0,uniform,0.5,guarded,stage1,,,11,0.021635003486769194,custom,"{""bfgs"": 0.023148021860848772, ""custom"": 0.004811074724807124}",0.01703798087934653,0.01703798087934653,stage3_l_opt,l_opt_current_alpha,0.36186028822673644,0.019045278327722986,0.05,False,False,True,True,0.0005481665333112104,True,3114,15723
21,2,0.0,0.0,stage0,0,uniform,0.5,guarded,stage1,,,12,0.021635003486769194,custom,"{""bfgs"": 0.023148021860848772, ""custom"": 0.004811074724807124}",0.01703798087934653,0.01703798087934653,stage3_l_opt,l_opt_current_alpha,0.36186028822673644,0.019045278327722986,0.05,False,False,True,True,0.0005481665333112104,True,3342,17058
21,2,0.0,0.0,stage0,0,uniform,0.5,guarded,stage1,,,13,0.021635003486769194,custom,"{""bfgs"": 0.023148021860848772, ""custom"": 0.004811074724807124}",0.01703798087934653,0.01703798087934653,stage3_l_opt,l_opt_current_alpha,0.36186028822673644,0.019045278327722986,0.05,False,False,True,True,0.0005481665333112104,True,3570,18393
21,2,0.0,0.0,stage0,0,uniform,0.5,guarded,stage1,,,14,0.021635003486769194,custom,"{""bfgs"": 0.023148021860848772, ""custom"": 0.004811074724807124}",0.01703798087934653,0.01703798087934653,stage3_l_opt,l_opt_current_alpha,0.36186028822673644,0.019045278327722986,0.05,False,False,True,True,0.0005481665333112104,True,3798,19728
21,2,0.0,0.0,stage0,0,uniform,0.5,guarded,stage1,,,15,0.021635003486769194,custom,"{""bfgs"": 0.023148021860848772, ""custom"": 0.004811074724807124}",0.01703798087934653,0.01703798087934653,stage3_l_opt,l_opt_current_alpha,0.36186028822673644,0.019045278327722986,0.05,False,False,True,True,0.0005481665333112104,True,4026,21063
21,2,0.0,0.0,stage0,0,uniform,0.5,guarded,stage1,,,16,0.021635003486769194,custom,"{""bfgs"": 0.023148021860848772, ""custom"": 0.004811074724807124}",0.01703798087934653,0.01703798087934653,stage3_l_opt,l_opt_current_alpha,0.36186028822673644,0.019045278327722986,0.05,False,False,True,True,0.0005481665333112104,True,4254,22398
21,2,0.0,0.0,stage0,0,uniform,0.5,guarded,stage1,,,17,0.021635003486769194,custom,"{""bfgs"": 0.023148021860848772, ""custom"": 0.004811074724807124}",0.01703798087934653,0.01703798087934653,stage3_l_opt,l_opt_current_alpha,0.36186028822673644,0.019045278327722986,0.05,False,False,True,True,0.0005481665333112104,True,4482,23733
21,2,0.0,0.0,stage0,0,uniform,0.5,guarded,stage1,,,18,0.021635003486769194,custom,"{""bfgs"": 0.023148021860848772, ""custom"": 0.004811074724807124}",0.01703798087934653,0.01703798087934653,stage3_l_opt,l_opt_current_alpha,0.36186028822673644,0.019045278327722986,0.05,False,False,True,True,0.0005481665333112104,True,4710,25068
21,2,0.0,0.0,stage0,0,uniform,0.5,guarded,stage1,,,19,0.021635003486769194,custom,"{""bfgs"": 0.023148021860848772, ""custom"": 0.004811074724807124}",0.01703798087934653,0.01703798087934653,stage3_l_opt,l_opt_current_alpha,0.36186028822673644,0.019045278327722986,0.05,False,False,True,True,0.0005481665333112104,True,4938,26403
22,2,0.0,0.0,uniform,0,uniform,0.0,guarded,stage1,,,0,0.00841400321158365,custom,"{""bfgs"": 0.2047429730494817, ""custom"": 0.01162319133679072}",0.01162319133679072,0.01162319133679072,stage3_l_opt,l_opt_current_alpha,1.3066666666666666,0.0,0.0,False,True,False,False,,True,288,816
22,2,0.0,0.0,uniform,0,uniform,0.5,guarded,stage1,,,0,0.00841400321158365,custom,"{""bfgs"": 0.2047429730494817, ""custom"": 0.01162319133679072}",0.01162319133679072,0.01162319133679072,stage3_l_opt,l_opt_current_alpha,1.3066666666666666,0.6533333333333333,0.5,False,True,True,False,,True,288,816
22,2,0.0,0.0,uniform,0,uniform,0.5,guarded,stage1,,,1,0.0020374265449875917,custom,"{""bfgs"": 0.18952656373381616, ""custom"": 0.0014327761158347129}",0.002809318403402964,0.002809318403402964,stage3_l_opt,l_opt_current_alpha,0.6532905574163927,0.3266452787081964,0.5,True,True,True,False,-0.008813872933387756,True,510,2190
22,2,0.0,0.0,uniform,0,uniform,0.5,guarded,stage1,,,2,0.003561755745838835,custom,"{""bfgs"": 0.1838788772159358, ""custom"": 0.0012634123431253747}",0.004692643880844116,0.004692643880844116,stage3_l_opt,l_opt_current_alpha,0.32668805462513695,0.16332263935409808,0.25,False,False,True,True,0.001883325477441152,True,723,3555
22,2,0.0,0.0,uniform,0,uniform,0.5,guarded,stage1,,,3,0.0020382669663573383,custom,"{""bfgs"": 0.18670272047487596, ""custom"": 0.0010892194192460684}",0.0028092662493387857,0.0028092662493387857,stage3_l_opt,l_opt_current_alpha,0.4899566900028664,0.12248917250071664,0.25,True,True,True,False,-5.21540641784668e-08,True,924,4365
22,2,0.0,0.0,uniform,0,uniform,0.5,guarded,stage1,,,4,0.0005815613871704983,custom,"{""bfgs"": 0.18458489079181534, ""custom"": 0.0020408337955621597}",0.006863328317801158,0.006863328317801158,stage3_l_opt,l_opt_current_alpha,0.3675215214785186,0.06124458625035831,0.125,False,False,True,True,0.004054062068462372,True,1134,5706
22,2,0.0,0.0,uniform,0,uniform,0.5,guarded,stage1,,,5,0.002110183917277353,custom,"{""bfgs"": 0.18564380563334565, ""custom"": 0.0009762680188820411}",0.0027470663189888,0.0027470663189888,stage3_l_opt,l_opt_current_alpha,0.4024967960212344,0.050312099502654264,0.125,True,True,True,False,-6.219993034998561e-05,True,1368,6642
22,2,0.0,0.0,uniform,0,uniform,0.5,guarded,stage1,,,6,0.002037565213164727,custom,"{""bfgs"": 0.18477391842145008, ""custom"": 0.0008537083836978169}",0.0028092612822850547,0.0028092612822850547,stage3_l_opt,l_opt_current_alpha,0.3783989349242798,0.047299866865535015,0.125,True,True,True,False,6.219496329625462e-05,True,1608,7836
22,2,0.0,0.0,uniform,0,uniform,0.5,guarded,stage1,,,7,0.003805614273683533,custom,"{""bfgs"": 0.18395610634900197, ""custom"": 0.0014363605547018602}",0.004814354081948598,0.004814354081948598,stage3_l_opt,l_opt_current_alpha,0.33115414136068766,0.023649933432767417,0.0625,False,False,True,True,0.0020050927996635433,True,1737,9264
22,2,0.0,0.0,uniform,0,uniform,0.5,guarded,stage1,,,8,0.0020315572287158135,custom,"{""bfgs"": 0.184365012385226, ""custom"": 0.0008120606738418063}",0.002831819156805674,0.002831819156805674,stage3_l_opt,l_opt_current_alpha,0.3548040747934552,0.022175254674590972,0.0625,True,True,True,False,2.255787452061942e-05,True,1980,10890
22,2,0.0,0.0,uniform,0,uniform,0.5,guarded,stage1,,,9,0.0037168223195235828,custom,"{""bfgs"": 0.18398159827829963, ""custom"": 0.0013717698079884302}",0.00479211409886678,0.00479211409886678,stage3_l_opt,l_opt_current_alpha,0.3326288201188643,0.017740203739672764,0.05,False,False,True,True,0.0019602949420611062,True,2109,12135
22,2,0.0,0.0,uniform,0,uniform,0.5,guarded,stage1,,,10,0.0035603218743805454,custom,"{""bfgs"": 0.18405828109968492, ""custom"": 0.001333092859844953}",0.0046292270223299665,0.0046292270223299665,stage3_l_opt,l_opt_current_alpha,0.33706387105378244,0.017740203739672764,0.05,False,False,True,True,0.0017974078655242924,True,2259,13467
22,2,0.0,0.0,uniform,0,uniform,0.5,guarded,stage1,,,11,0.0035603218743805454,custom,"{""bfgs"": 0.18405828109968492, ""custom"": 0.001333092859844953}",0.0046292270223299665,0.0046292270223299665,stage3_l_opt,l_opt_current_alpha,0.33706387105378244,0.017740203739672764,0.05,False,False,True,True,0.0017974078655242924,True,2409,14799
22,2,0.0,0.0,uniform,0,uniform,0.5,guarded,stage1,,,12,0.0035603218743805454,custom,"{""bfgs"": 0.18405828109968492, ""custom"": 0.001333092859844953}",0.0046292270223299665,0.0046292270223299665,stage3_l_opt,l_opt_current_alpha,0.33706387105378244,0.017740203739672764,0.05,False,False,True,True,0.0017974078655242924,True,2559,16131
22,2,0.0,0.0,uniform,0,uniform,0.5,guarded,stage1,,,13,0.0035603218743805454,custom,"{""bfgs"": 0.18405828109968492, ""custom"": 0.001333092859844953}",0.0046292270223299665,0.0046292270223299665,stage3_l_opt,l_opt_current_alpha,0.33706387105378244,0.017740203739672764,0.05,False,False,True,True,0.0017974078655242924,True,2709,17463
22,2,0.0,0.0,uniform,0,uniform,0.5,guarded,stage1,,,14,0.0035603218743805454,custom,"{""bfgs"": 0.18405828109968492, ""custom"": 0.001333092859844953}",0.0046292270223299665,0.0046292270223299665,stage3_l_opt,l_opt_current_alpha,0.33706387105378244,0.017740203739672764,0.05,False,False,True,True,0.0017974078655242924,True,2859,18795
22,2,0.0,0.0,uniform,0,uniform,0.5,guarded,stage1,,,15,0.0035603218743805454,custom,"{""bfgs"": 0.18405828109968492, ""custom"": 0.001333092859844953}",0.0046292270223299665,0.0046292270223299665,stage3_l_opt,l_opt_current_alpha,0.33706387105378244,0.017740203739672764,0.05,False,False,True,True,0.0017974078655242924,True,3009,20127
22,2,0.0,0.0,uniform,0,uniform,0.5,guarded,stage1,,,16,0.0035603218743805454,custom,"{""bfgs"": 0.18405828109968492, ""custom"": 0.001333092859844953}",0.0046292270223299665,0.0046292270223299665,stage3_l_opt,l_opt_current_alpha,0.33706387105378244,0.017740203739672764,0.05,False,False,True,True,0.0017974078655242924,True,3159,21459
22,2,0.0,0.0,uniform,0,uniform,0.5,guarded,stage1,,,17,0.0035603218743805454,custom,"{""bfgs"": 0.18405828109968492, ""custom"": 0.001333092859844953}",0.0046292270223299665,0.0046292270223299665,stage3_l_opt,l_opt_current_alpha,0.33706387105378244,0.017740203739672764,0.05,False,False,True,True,0.0017974078655242924,True,3309,22791
22,2,0.0,0.0,uniform,0,uniform,0.5,guarded,stage1,,,18,0.0035603218743805454,custom,"{""bfgs"": 0.18405828109968492, ""custom"": 0.001333092859844953}",0.0046292270223299665,0.0046292270223299665,stage3_l_opt,l_opt_current_alpha,0.33706387105378244,0.017740203739672764,0.05,False,False,True,True,0.0017974078655242924,True,3459,24123
22,2,0.0,0.0,uniform,0,uniform,0.5,guarded,stage1,,,19,0.0035603218743805454,custom,"{""bfgs"": 0.18405828109968492, ""custom"": 0.001333092859844953}",0.0046292270223299665,0.0046292270223299665,stage3_l_opt,l_opt_current_alpha,0.33706387105378244,0.017740203739672764,0.05,False,False,True,True,0.0017974078655242924,True,3609,25455
22,2,0.0,0.0,stage0,0,uniform,0.0,guarded,stage1,,,0,0.007023703996879294,custom,"{""bfgs"": 0.19880839486500304, ""custom"": 0.0020489199230253404}",0.0017650773127873738,0.0017650773127873738,stage3_l_opt,l_opt_current_alpha,0.9764994037062161,0.0,0.0,False,True,False,False,,True,201,1065
22,2,0.0,0.0,stage0,0,uniform,0.5,guarded,stage1,,,0,0.007023703996879294,custom,"{""bfgs"": 0.19880839486500304, ""custom"": 0.0020489199230253404}",0.0017650773127873738,0.0017650773127873738,stage3_l_opt,l_opt_current_alpha,0.9764994037062161,0.48824970185310806,0.5,False,True,True,False,,True,201,1065
22,2,0.0,0.0,stage0,0,uniform,0.5,guarded,stage1,,,1,0.002038147905407711,custom,"{""bfgs"": 0.19053469910373672, ""custom"": 0.001586723628022065}",0.0028090104460716248,0.0028090104460716248,stage3_l_opt,l_opt_current_alpha,0.7081568195120961,0.24412485092655406,0.25,False,False,True,True,0.001043933133284251,True,414,2238
22,2,0.0,0.0,stage0,0,uniform,0.5,guarded,stage1,,,2,0.002049270338599085,custom,"{""bfgs"": 0.1946715469843699, ""custom"": 0.002046251542420806}",0.002806288500626882,0.002806288500626882,stage3_l_opt,l_opt_current_alpha,0.9517559678197596,0.12206242546327706,0.125,False,False,True,True,0.0010412111878395083,True,624,3012
22,2,0.0,0.0,stage0,0,uniform,0.5,guarded,stage1,,,3,0.0031282084243287045,custom,"{""bfgs"": 0.19673997092468645, ""custom"": 0.0019092369473454282}",0.002184860408306122,0.002184860408306122,stage3_l_opt,l_opt_current_alpha,0.9528999080447308,0.061031212731638584,0.0625,False,False,True,True,0.00041978309551874804,True,807,3690
22,2,0.0,0.0,stage0,0,uniform,0.5,guarded,stage1,,,4,0.006024827189221149,custom,"{""bfgs"": 0.19777418289484475, ""custom"": 0.0021219582608351098}",0.0018470808863639832,0.0018470808863639832,stage3_l_opt,l_opt_current_alpha,0.9410777502209784,0.05881735938881116,0.0625,True,True,True,False,8.200357357660937e-05,True,1002,4716
22,2,0.0,0.0,stage0,0,uniform,0.5,guarded,stage1,,,5,0.004846335292106457,custom,"{""bfgs"": 0.19677725577832864, ""custom"": 0.002100991204133074}",0.001983282466729482,0.001983282466729482,stage3_l_opt,l_opt_current_alpha,0.9220694580137141,0.04705388751104894,0.05,False,False,True,True,0.000136201580365499,True,1164,5445
22,2,0.0,0.0,stage0,0,uniform,0.5,guarded,stage1,,,6,0.004130732044196145,custom,"{""bfgs"": 0.19697664120163186, ""custom"": 0.0020366604490027825}",0.002087816596031189,0.002087816596031189,stage3_l_opt,l_opt_current_alpha,0.9506449672872493,0.04705388751104894,0.05,False,False,True,True,0.0002407357096672058,True,1332,6456
22,2,0.0,0.0,stage0,0,uniform,0.5,guarded,stage1,,,7,0.004130732044196145,custom,"{""bfgs"": 0.19697664120163186, ""custom"": 0.0020366604490027825}",0.002087816596031189,0.002087816596031189,stage3_l_opt,l_opt_current_alpha,0.9506449672872493,0.04705388751104894,0.05,False,False,True,True,0.0002407357096672058,True,1500,7467
22,2,0.0,0.0,stage0,0,uniform,0.5,guarded,stage1,,,8,0.004130732044196145,custom,"{""bfgs"": 0.19697664120163186, ""custom"": 0.0020366604490027825}",0.002087816596031189,0.002087816596031189,stage3_l_opt,l_opt_current_alpha,0.9506449672872493,0.04705388751104894,0.05,False,False,True,True,0.0002407357096672058,True,1668,8478
22,2,0.0,0.0,stage0,0,uniform,0.5,guarded,stage1,,,9,0.004130732044196145,custom,"{""bfgs"": 0.19697664120163186, ""custom"": 0.0020366604490027825}",0.002087816596031189,0.002087816596031189,stage3_l_opt,l_opt_current_alpha,0.9506449672872493,0.04705388751104894,0.05,False,False,True,True,0.0002407357096672058,True,1836,9489
22,2,0.0,0.0,stage0,0,uniform,0.5,guarded,stage1,,,10,0.004130732044196145,custom,"{""bfgs"": 0.19697664120163186, ""custom"": 0.0020366604490027825}",0.002087816596031189,0.002087816596031189,stage3_l_opt,l_opt_current_alpha,0.9506449672872493,0.04705388751104894,0.05,False,False,True,True,0.0002407357096672058,True,2004,10500
22,2,0.0,0.0,stage0,0,uniform,0.5,guarded,stage1,,,11,0.004130732044196145,custom,"{""bfgs"": 0.19697664120163186, ""custom"": 0.0020366604490027825}",0.002087816596031189,0.002087816596031189,stage3_l_opt,l_opt_current_alpha,0.9506449672872493,0.04705388751104894,0.05,False,False,True,True,0.0002407357096672058,True,2172,11511
22,2,0.0,0.0,stage0,0,uniform,0.5,guarded,stage1,,,12,0.004130732044196145,custom,"{""bfgs"": 0.19697664120163186, ""custom"": 0.0020366604490027825}",0.002087816596031189,0.002087816596031189,stage3_l_opt,l_opt_current_alpha,0.9506449672872493,0.04705388751104894,0.05,False,False,True,True,0.0002407357096672058,True,2340,12522
22,2,0.0,0.0,stage0,0,uniform,0.5,guarded,stage1,,,13,0.004130732044196145,custom,"{""bfgs"": 0.19697664120163186, ""custom"": 0.0020366604490027825}",0.002087816596031189,0.002087816596031189,stage3_l_opt,l_opt_current_alpha,0.9506449672872493,0.04705388751104894,0.05,False,False,True,True,0.0002407357096672058,True,2508,13533
22,2,0.0,0.0,stage0,0,uniform,0.5,guarded,stage1,,,14,0.004130732044196145,custom,"{""bfgs"": 0.19697664120163186, ""custom"": 0.0020366604490027825}",0.002087816596031189,0.002087816596031189,stage3_l_opt,l_opt_current_alpha,0.9506449672872493,0.04705388751104894,0.05,False,False,True,True,0.0002407357096672058,True,2676,14544
22,2,0.0,0.0,stage0,0,uniform,0.5,guarded,stage1,,,15,0.004130732044196145,custom,"{""bfgs"": 0.19697664120163186, ""custom"": 0.0020366604490027825}",0.002087816596031189,0.002087816596031189,stage3_l_opt,l_opt_current_alpha,0.9506449672872493,0.04705388751104894,0.05,False,False,True,True,0.0002407357096672058,True,2844,15555
22,2,0.0,0.0,stage0,0,uniform,0.5,guarded,stage1,,,16,0.004130732044196145,custom,"{""bfgs"": 0.19697664120163186, ""custom"": 0.0020366604490027825}",0.002087816596031189,0.002087816596031189,stage3_l_opt,l_opt_current_alpha,0.9506449672872493,0.04705388751104894,0.05,False,False,True,True,0.0002407357096672058,True,3012,16566
22,2,0.0,0.0,stage0,0,uniform,0.5,guarded,stage1,,,17,0.004130732044196145,custom,"{""bfgs"": 0.19697664120163186, ""custom"": 0.0020366604490027825}",0.002087816596031189,0.002087816596031189,stage3_l_opt,l_opt_current_alpha,0.9506449672872493,0.04705388751104894,0.05,False,False,True,True,0.0002407357096672058,True,3180,17577
22,2,0.0,0.0,stage0,0,uniform,0.5,guarded,stage1,,,18,0.004130732044196145,custom,"{""bfgs"": 0.19697664120163186, ""custom"": 0.0020366604490027825}",0.002087816596031189,0.002087816596031189,stage3_l_opt,l_opt_current_alpha,0.9506449672872493,0.04705388751104894,0.05,False,False,True,True,0.0002407357096672058,True,3348,18588
22,2,0.0,0.0,stage0,0,uniform,0.5,guarded,stage1,,,19,0.004130732044196145,custom,"{""bfgs"": 0.19697664120163186, ""custom"": 0.0020366604490027825}",0.002087816596031189,0.002087816596031189,stage3_l_opt,l_opt_current_alpha,0.9506449672872493,0.04705388751104894,0.05,False,False,True,True,0.0002407357096672058,True,3516,19599
23,2,0.0,0.0,uniform,0,uniform,0.0,guarded,stage1,,,0,0.008365745529336378,custom,"{""bfgs"": 0.08226757993300755, ""custom"": 0.0029726848006248474}",0.0029726848006248474,0.0029726848006248474,stage3_l_opt,l_opt_current_alpha,1.2238396829943665,0.0,0.0,False,True,False,False,,True,138,780
23,2,0.0,0.0,uniform,0,uniform,0.5,guarded,stage1,,,0,0.008365745529336378,custom,"{""bfgs"": 0.08226757993300755, ""custom"": 0.0029726848006248474}",0.0029726848006248474,0.0029726848006248474,stage3_l_opt,l_opt_current_alpha,1.2238396829943665,0.6119198414971833,0.5,False,True,True,False,,True,138,780
23,2,0.0,0.0,uniform,0,uniform,0.5,guarded,stage1,,,1,0.007653309445088866,custom,"{""bfgs"": 0.07741906800975346, ""custom"": 0.001412649779647228}",0.002579296628634135,0.002579296628634135,stage3_l_opt,l_opt_current_alpha,0.08167908374953048,0.04083954187476524,0.5,True,True,True,False,-0.00039338817199071263,True,381,1926
23,2,0.0,0.0,uniform,0,uniform,0.5,guarded,stage1,,,2,0.00780129963420356,custom,"{""bfgs"": 0.07701655900950334, ""custom"": 0.0012907152259158219}",0.00252616157134374,0.00252616157134374,stage3_l_opt,l_opt_current_alpha,0.013176796213674041,0.00658839810683709,0.5,True,True,True,False,-5.313505729039481e-05,True,675,3036
23,2,0.0,0.0,uniform,0,uniform,0.5,guarded,stage1,,,3,0.008388633470695545,custom,"{""bfgs"": 0.07695868289328443, ""custom"": 0.0016658578324502}",0.002698001762231191,0.002698001762231191,stage3_l_opt,l_opt_current_alpha,0.13200315867454457,0.0032941990534184895,0.25,False,False,True,True,0.00017184019088745117,True,804,3816
23,2,0.0,0.0,uniform,0,uniform,0.5,guarded,stage1,,,4,0.007804054623689165,custom,"{""bfgs"": 0.07698762095139389, ""custom"": 0.0012878687814637441}",0.0025250365336736045,0.0025250365336736045,stage3_l_opt,l_opt_current_alpha,0.009529487431012645,0.002382371857753196,0.25,True,True,True,False,-1.125037670135498e-06,True,1068,5319
23,2,0.0,0.0,uniform,0,uniform,0.5,guarded,stage1,,,5,0.008400514510064693,custom,"{""bfgs"": 0.07696735658610332, ""custom"": 0.0016742400693171137}",0.0027016401290893555,0.0027016401290893555,stage3_l_opt,l_opt_current_alpha,0.13581831783659482,0.0011911859288765703,0.125,False,False,True,True,0.000176603595415751,True,1197,6099
23,2,0.0,0.0,uniform,0,uniform,0.5,guarded,stage1,,,6,0.008430350938914463,custom,"{""bfgs"": 0.0769774887687486, ""custom"": 0.0016942059648814662}",0.002710754672686259,0.002710754672686259,stage3_l_opt,l_opt_current_alpha,0.14461166145704651,0.0005955929644383684,0.0625,False,False,True,True,0.00018571813901265433,True,1326,7260
23,2,0.0,0.0,uniform,0,uniform,0.5,guarded,stage1,,,7,0.008445343906380218,custom,"{""bfgs"": 0.07698255486007125, ""custom"": 0.0017042052006518214}",0.00271532932917277,0.00271532932917277,stage3_l_opt,l_opt_current_alpha,0.1490910998181595,0.00047647437155060035,0.05,False,False,True,True,0.00019029279549916556,True,1455,8433
23,2,0.0,0.0,uniform,0,uniform,0.5,guarded,stage1,,,8,0.00844834627590529,custom,"{""bfgs"": 0.07698356807833577, ""custom"": 0.0017062422241894077}",0.0027162755529085794,0.0027162755529085794,stage3_l_opt,l_opt_current_alpha,0.15002178868997065,0.00047647437155060035,0.05,False,False,True,True,0.0001912390192349749,True,1584,9555
23,2,0.0,0.0,uniform,0,uniform,0.5,guarded,stage1,,,9,0.00844834627590529,custom,"{""bfgs"": 0.07698356807833577, ""custom"": 0.0017062422241894077}",0.0027162755529085794,0.0027162755529085794,stage3_l_opt,l_opt_current_alpha,0.15002178868997065,0.00047647437155060035,0.05,False,False,True,True,0.0001912390192349749,True,1713,10677
23,2,0.0,0.0,uniform,0,uniform,0.5,guarded,stage1,,,10,0.00844834627590529,custom,"{""bfgs"": 0.07698356807833577, ""custom"": 0.0017062422241894077}",0.0027162755529085794,0.0027162755529085794,stage3_l_opt,l_opt_current_alpha,0.15002178868997065,0.00047647437155060035,0.05,False,False,True,True,0.0001912390192349749,True,1842,11799
23,2,0.0,0.0,uniform,0,uniform,0.5,guarded,stage1,,,11,0.00844834627590529,custom,"{""bfgs"": 0.07698356807833577, ""custom"": 0.0017062422241894077}",0.0027162755529085794,0.0027162755529085794,stage3_l_opt,l_opt_current_alpha,0.15002178868997065,0.00047647437155060035,0.05,False,False,True,True,0.0001912390192349749,True,1971,12921
23,2,0.0,0.0,uniform,0,uniform,0.5,guarded,stage1,,,12,0.00844834627590529,custom,"{""bfgs"": 0.07698356807833577, ""custom"": 0.0017062422241894077}",0.0027162755529085794,0.0027162755529085794,stage3_l_opt,l_opt_current_alpha,0.15002178868997065,0.00047647437155060035,0.05,False,False,True,True,0.0001912390192349749,True,2100,14043
23,2,0.0,0.0,uniform,0,uniform,0.5,guarded,stage1,,,13,0.00844834627590529,custom,"{""bfgs"": 0.07698356807833577, ""custom"": 0.0017062422241894077}",0.0027162755529085794,0.0027162755529085794,stage3_l_opt,l_opt_current_alpha,0.15002178868997065,0.00047647437155060035,0.05,False,False,True,True,0.0001912390192349749,True,2229,15165
23,2,0.0,0.0,uniform,0,uniform,0.5,guarded,stage1,,,14,0.00844834627590529,custom,"{""bfgs"": 0.07698356807833577, ""custom"": 0.0017062422241894077}",0.0027162755529085794,0.0027162755529085794,stage3_l_opt,l_opt_current_alpha,0.15002178868997065,0.00047647437155060035,0.05,False,False,True,True,0.0001912390192349749,True,2358,16287
23,2,0.0,0.0,uniform,0,uniform,0.5,guarded,stage1,,,15,0.00844834627590529,custom,"{""bfgs"": 0.07698356807833577, ""custom"": 0.0017062422241894077}",0.0027162755529085794,0.0027162755529085794,stage3_l_opt,l_opt_current_alpha,0.15002178868997065,0.00047647437155060035,0.05,False,False,True,True,0.0001912390192349749,True,2487,17409
23,2,0.0,0.0,uniform,0,uniform,0.5,guarded,stage1,,,16,0.00844834627590529,custom,"{""bfgs"": 0.07698356807833577, ""custom"": 0.0017062422241894077}",0.0027162755529085794,0.0027162755529085794,stage3_l_opt,l_opt_current_alpha,0.15002178868997065,0.00047647437155060035,0.05,False,False,True,True,0.0001912390192349749,True,2616,18531
23,2,0.0,0.0,uniform,0,uniform,0.5,guarded,stage1,,,17,0.00844834627590529,custom,"{""bfgs"": 0.07698356807833577, ""custom"": 0.0017062422241894077}",0.0027162755529085794,0.0027162755529085794,stage3_l_opt,l_opt_current_alpha,0.15002178868997065,0.00047647437155060035,0.05,False,False,True,True,0.0001912390192349749,True,2745,19653
23,2,0.0,0.0,uniform,0,uniform,0.5,guarded,stage1,,,18,0.00844834627590529,custom,"{""bfgs"": 0.07698356807833577, ""custom"": 0.0017062422241894077}",0.0027162755529085794,0.0027162755529085794,stage3_l_opt,l_opt_current_alpha,0.15002178868997065,0.00047647437155060035,0.05,False,False,True,True,0.0001912390192349749,True,2874,20775
23,2,0.0,0.0,uniform,0,uniform,0.5,guarded,stage1,,,19,0.00844834627590529,custom,"{""bfgs"": 0.07698356807833577, ""custom"": 0.0017062422241894077}",0.0027162755529085794,0.0027162755529085794,stage3_l_opt,l_opt_current_alpha,0.15002178868997065,0.00047647437155060035,0.05,False,False,True,True,0.0001912390192349749,True,3003,21897
23,2,0.0,0.0,stage0,0,uniform,0.0,guarded,stage1,,,0,0.008531565089833944,custom,"{""bfgs"": 0.0817696254423437, ""custom"": 0.002870776219425392}",0.0030007014671961465,0.0030007014671961465,stage3_l_opt,l_opt_current_alpha,1.1888645847860606,0.0,0.0,False,True,False,False,,True,147,729
23,2,0.0,0.0,stage0,0,uniform,0.5,guarded,stage1,,,0,0.008531565089833944,custom,"{""bfgs"": 0.0817696254423437, ""custom"": 0.002870776219425392}",0.0030007014671961465,0.0030007014671961465,stage3_l_opt,l_opt_current_alpha,1.1888645847860606,0.5944322923930303,0.5,False,True,True,False,,True,147,729
23,2,0.0,0.0,stage0,0,uniform,0.5,guarded,stage1,,,1,0.008186627238008032,custom,"{""bfgs"": 0.07699417962599117, ""custom"": 0.0014733927257155237}",0.0025994454820950827,0.0025994454820950827,stage3_l_opt,l_opt_current_alpha,0.04797430041051898,0.023987150205259516,0.5,True,True,True,False,-0.00040125598510106376,True,279,1698
23,2,0.0,0.0,stage0,0,uniform,0.5,guarded,stage1,,,2,0.008088217850797816,custom,"{""bfgs"": 0.07674568232698017, ""custom"": 0.0013491385776567548}",0.0025522088011105857,0.0025522088011105857,stage3_l_opt,l_opt_current_alpha,0.01227653606853868,0.006138268034269367,0.5,True,True,True,False,-4.723668098449707e-05,True,414,2955
23,2,0.0,0.0,stage0,0,uniform,0.5,guarded,stage1,,,3,0.008284893260475419,custom,"{""bfgs"": 0.07675487611517008, ""custom"": 0.0015132248735212467}",0.002629647652308146,0.002629647652308146,stage3_l_opt,l_opt_current_alpha,0.05098576458396675,0.025492882291983376,0.5,True,True,True,False,7.743885119756034e-05,True,546,4206
23,2,0.0,0.0,stage0,0,uniform,0.5,guarded,stage1,,,4,0.007911974089510564,custom,"{""bfgs"": 0.07653379699199733, ""custom"": 0.0011746084872061662}",0.0024830500284830728,0.0024830500284830728,stage3_l_opt,l_opt_current_alpha,0.27484075674717207,0.13742037837358595,0.5,True,True,True,False,-0.00014659762382507324,True,693,5535
23,2,0.0,0.0,stage0,0,uniform,0.5,guarded,stage1,,,5,0.006481398114202978,custom,"{""bfgs"": 0.07764730022119677, ""custom"": 0.0017520970439971707}",0.0030459115902582803,0.0030459115902582803,stage3_l_opt,l_opt_current_alpha,0.7388770212037367,0.06871018918679303,0.25,False,False,True,True,0.0005628615617752075,True,924,6819
23,2,0.0,0.0,stage0,0,uniform,0.5,guarded,stage1,,,6,0.0076572963715645665,custom,"{""bfgs"": 0.07709054860659705, ""custom"": 0.0013493427926751598}",0.002577518423398336,0.002577518423398336,stage3_l_opt,l_opt_current_alpha,0.056055570405384336,0.014013892601346084,0.25,True,True,True,False,9.446839491526315e-05,True,1170,7620
23,2,0.0,0.0,stage0,0,uniform,0.5,guarded,stage1,,,7,0.00803605302501947,custom,"{""bfgs"": 0.07697391922614727, ""custom"": 0.0014410229758279904}",0.0025901670257250466,0.0025901670257250466,stage3_l_opt,l_opt_current_alpha,0.05089931016141361,0.01272482754035345,0.25,True,True,True,False,1.264860232671073e-05,True,1299,8388
23,2,0.0,0.0,stage0,0,uniform,0.5,guarded,stage1,,,8,0.008440648825201257,custom,"{""bfgs"": 0.07686834254450066, ""custom"": 0.001691523500747746}",0.002713975807030996,0.002713975807030996,stage3_l_opt,l_opt_current_alpha,0.13914200090091616,0.006362413770176767,0.125,False,False,True,True,0.00012380878130594918,True,1428,9375
23,2,0.0,0.0,stage0,0,uniform,0.5,guarded,stage1,,,9,0.008235961322463915,custom,"{""bfgs"": 0.07692113088532396, ""custom"": 0.0015639570718197792}",0.002651366094748179,0.002651366094748179,stage3_l_opt,l_opt_current_alpha,0.09105819005773377,0.011382273757216677,0.125,True,True,True,False,6.119906902313232e-05,True,1557,10623
23,2,0.0,0.0,stage0,0,uniform,0.5,guarded,stage1,,,10,0.007799510196918401,custom,"{""bfgs"": 0.07682754120101745, ""custom"": 0.0012628688499578362}",0.002526859442392985,0.002526859442392985,stage3_l_opt,l_opt_current_alpha,0.00924673319261482,0.0011558416490768941,0.125,True,True,True,False,-0.0001245066523551941,True,1800,11799
23,2,0.0,0.0,stage0,0,uniform,0.5,guarded,stage1,,,11,0.007802545220129434,custom,"{""bfgs"": 0.07683625225320893, ""custom"": 0.0012647680865236666}",0.0025256151954332986,0.0025256151954332986,stage3_l_opt,l_opt_current_alpha,0.008872929199814389,0.0011091161499767743,0.125,True,True,True,False,-1.2442469596862793e-06,True,2031,13083
23,2,0.0,0.0,stage0,0,uniform,0.5,guarded,stage1,,,12,0.007806082131121301,custom,"{""bfgs"": 0.07684467123094914, ""custom"": 0.0012644866733638118}",0.0025242045521736145,0.0025242045521736145,stage3_l_opt,l_opt_current_alpha,0.008648192072355343,0.0010810240090444734,0.125,True,True,True,False,-1.4106432596841002e-06,True,2295,13872
23,2,0.0,0.0,stage0,0,uniform,0.5,guarded,stage1,,,13,0.007802444549875389,custom,"{""bfgs"": 0.07685293891771054, ""custom"": 0.0012675931272896081}",0.0025256921847661338,0.0025256921847661338,stage3_l_opt,l_opt_current_alpha,0.006634453372240834,0.0008293066715301112,0.125,True,True,True,False,1.487632592519269e-06,True,2532,14955
23,2,0.0,0.0,stage0,0,uniform,0.5,guarded,stage1,,,14,0.008453734630153312,custom,"{""bfgs"": 0.07685922281386112, ""custom"": 0.0016992520238715623}",0.002717984219392141,0.002717984219392141,stage3_l_opt,l_opt_current_alpha,0.14205451361160432,0.00041465333576506946,0.0625,False,False,True,True,0.00019229203462600708,True,2661,16413
23,2,0.0,0.0,stage0,0,uniform,0.5,guarded,stage1,,,15,0.00780042462307417,custom,"{""bfgs"": 0.07685608086578584, ""custom"": 0.0012708170930423874}",0.002526457111040751,0.002526457111040751,stage3_l_opt,l_opt_current_alpha,0.0057391757625900874,0.0003586984851618735,0.0625,True,True,True,False,7.649262746172239e-07,True,2898,17580
23,2,0.0,0.0,stage0,0,uniform,0.5,guarded,stage1,,,16,0.008455720920239856,custom,"{""bfgs"": 0.07685878159147957, ""custom"": 0.0017004611098961184}",0.002718557914098104,0.002718557914098104,stage3_l_opt,l_opt_current_alpha,0.14253916343020973,0.00028695878812948217,0.05,False,False,True,True,0.000192100803057353,True,3027,18492
23,2,0.0,0.0,stage0,0,uniform,0.5,guarded,stage1,,,17,0.007806092106634436,custom,"{""bfgs"": 0.07685824144634083, ""custom"": 0.0012672235927196694}",0.0025242293874422708,0.0025242293874422708,stage3_l_opt,l_opt_current_alpha,0.006850006442901069,0.0003425003221450562,0.05,True,True,True,False,-2.2277235984802246e-06,True,3264,19374
23,2,0.0,0.0,stage0,0,uniform,0.5,guarded,stage1,,,18,0.00844577392682093,custom,"{""bfgs"": 0.07686086367301125, ""custom"": 0.0016942077054177356}",0.002715557813644409,0.002715557813644409,stage3_l_opt,l_opt_current_alpha,0.1399908578427897,0.0003425003221450562,0.05,False,False,True,True,0.0001913284262021384,True,3393,20541
23,2,0.0,0.0,stage0,0,uniform,0.5,guarded,stage1,,,19,0.00844577392682093,custom,"{""bfgs"": 0.07686086367301125, ""custom"": 0.0016942077054177356}",0.002715557813644409,0.002715557813644409,stage3_l_opt,l_opt_current_alpha,0.1399908578427897,0.0003425003221450562,0.05,False,False,True,True,0.0001913284262021384,True,3522,21708
24,2,0.0,0.0,uniform,0,uniform,0.0,guarded,stage1,,,0,0.024665167353697344,custom,"{""bfgs"": 0.07595532884200414, ""custom"": 0.0026645331333080926}",0.0026645331333080926,0.0026645331333080926,stage3_l_opt,l_opt_current_alpha,0.9043892114364347,0.0,0.0,False,True,False,False,,True,162,1317
24,2,0.0,0.0,uniform,0,uniform,0.5,guarded,stage1,,,0,0.024665167353697344,custom,"{""bfgs"": 0.07595532884200414, ""custom"": 0.0026645331333080926}",0.0026645331333080926,0.0026645331333080926,stage3_l_opt,l_opt_current_alpha,0.9043892114364347,0.45219460571821735,0.5,False,True,True,False,,True,162,1317
24,2,0.0,0.0,uniform,0,uniform,0.5,guarded,stage1,,,1,0.024475975296246424,custom,"{""bfgs"": 0.0838177340207561, ""custom"": 0.005810070186391258}",0.008677711710333824,0.008677711710333824,stage3_l_opt,l_opt_current_alpha,0.8544720609484493,0.22609730285910873,0.25,False,False,True,True,0.006013178577025732,True,642,2511
24,2,0.0,0.0,uniform,0,uniform,0.5,guarded,stage1,,,2,0.01512360751353338,custom,"{""bfgs"": 0.07988653143138011, ""custom"": 0.0057986909926689345}",0.004939497138063113,0.004939497138063113,stage3_l_opt,l_opt_current_alpha,1.080569363807558,0.11304865142955434,0.125,False,False,True,True,0.0022749640047550206,True,939,3741
24,2,0.0,0.0,uniform,0,uniform,0.5,guarded,stage1,,,3,0.022491937208398743,custom,"{""bfgs"": 0.07792093013669213, ""custom"": 0.003774948127271094}",0.004116281246145566,0.004116281246145566,stage3_l_opt,l_opt_current_alpha,1.1936180152371123,0.05652432571477711,0.0625,False,False,True,True,0.0014517481128374734,True,1134,5187
24,2,0.0,0.0,uniform,0,uniform,0.5,guarded,stage1,,,4,0.022727414022238414,custom,"{""bfgs"": 0.07693812948934814, ""custom"": 0.0036682120441959625}",0.0038216430693864822,0.0038216430693864822,stage3_l_opt,l_opt_current_alpha,1.2305583612357975,0.045219460571821746,0.05,False,False,True,True,0.0011571099360783896,True,1407,6297
24,2,0.0,0.0,uniform,0,uniform,0.5,guarded,stage1,,,5,0.022525805294397436,custom,"{""bfgs"": 0.07674156935987933, ""custom"": 0.0038369375010921555}",0.003967614844441414,0.003967614844441414,stage3_l_opt,l_opt_current_alpha,1.2614472060948447,0.045219460571821746,0.05,False,False,True,True,0.0013030817111333213,True,1704,7560
24,2,0.0,0.0,uniform,0,uniform,0.5,guarded,stage1,,,6,0.022525805294397436,custom,"{""bfgs"": 0.07674156935987933, ""custom"": 0.0038369375010921555}",0.003967614844441414,0.003967614844441414,stage3_l_opt,l_opt_current_alpha,1.2614472060948447,0.045219460571821746,0.05,False,False,True,True,0.0013030817111333213,True,2001,8823
24,2,0.0,0.0,uniform,0,uniform,0.5,guarded,stage1,,,7,0.022525805294397436,custom,"{""bfgs"": 0.07674156935987933, ""custom"": 0.0038369375010921555}",0.003967614844441414,0.003967614844441414,stage3_l_opt,l_opt_current_alpha,1.2614472060948447,0.045219460571821746,0.05,False,False,True,True,0.0013030817111333213,True,2298,10086
24,2,0.0,0.0,uniform,0,uniform,0.5,guarded,stage1,,,8,0.022525805294397436,custom,"{""bfgs"": 0.07674156935987933, ""custom"": 0.0038369375010921555}",0.003967614844441414,0.003967614844441414,stage3_l_opt,l_opt_current_alpha,1.2614472060948447,0.045219460571821746,0.05,False,False,True,True,0.0013030817111333213,True,2595,11349
24,2,0.0,0.0,uniform,0,uniform,0.5,guarded,stage1,,,9,0.022525805294397436,custom,"{""bfgs"": 0.07674156935987933, ""custom"": 0.0038369375010921555}",0.003967614844441414,0.003967614844441414,stage3_l_opt,l_opt_current_alpha,1.2614472060948447,0.045219460571821746,0.05,False,False,True,True,0.0013030817111333213,True,2892,12612
24,2,0.0,0.0,uniform,0,uniform,0.5,guarded,stage1,,,10,0.022525805294397436,custom,"{""bfgs"": 0.07674156935987933, ""custom"": 0.0038369375010921555}",0.003967614844441414,0.003967614844441414,stage3_l_opt,l_opt_current_alpha,1.2614472060948447,0.045219460571821746,0.05,False,False,True,True,0.0013030817111333213,True,3189,13875
24,2,0.0,0.0,uniform,0,uniform,0.5,guarded,stage1,,,11,0.022525805294397436,custom,"{""bfgs"": 0.07674156935987933, ""custom"": 0.0038369375010921555}",0.003967614844441414,0.003967614844441414,stage3_l_opt,l_opt_current_alpha,1.2614472060948447,0.045219460571821746,0.05,False,False,True,True,0.0013030817111333213,True,3486,15138
24,2,0.0,0.0,uniform,0,uniform,0.5,guarded,stage1,,,12,0.022525805294397436,custom,"{""bfgs"": 0.07674156935987933, ""custom"": 0.0038369375010921555}",0.003967614844441414,0.003967614844441414,stage3_l_opt,l_opt_current_alpha,1.2614472060948447,0.045219460571821746,0.05,False,False,True,True,0.0013030817111333213,True,3783,16401
24,2,0.0,0.0,uniform,0,uniform,0.5,guarded,stage1,,,13,0.022525805294397436,custom,"{""bfgs"": 0.07674156935987933, ""custom"": 0.0038369375010921555}",0.003967614844441414,0.003967614844441414,stage3_l_opt,l_opt_current_alpha,1.2614472060948447,0.045219460571821746,0.05,False,False,True,True,0.0013030817111333213,True,4080,17664
24,2,0.0,0.0,uniform,0,uniform,0.5,guarded,stage1,,,14,0.022525805294397436,custom,"{""bfgs"": 0.07674156935987933, ""custom"": 0.0038369375010921555}",0.003967614844441414,0.003967614844441414,stage3_l_opt,l_opt_current_alpha,1.2614472060948447,0.045219460571821746,0.05,False,False,True,True,0.0013030817111333213,True,4377,18927
24,2,0.0,0.0,uniform,0,uniform,0.5,guarded,stage1,,,15,0.022525805294397436,custom,"{""bfgs"": 0.07674156935987933, ""custom"": 0.0038369375010921555}",0.003967614844441414,0.003967614844441414,stage3_l_opt,l_opt_current_alpha,1.2614472060948447,0.045219460571821746,0.05,False,False,True,True,0.0013030817111333213,True,4674,20190
24,2,0.0,0.0,uniform,0,uniform,0.5,guarded,stage1,,,16,0.022525805294397436,custom,"{""bfgs"": 0.07674156935987933, ""custom"": 0.0038369375010921555}",0.003967614844441414,0.003967614844441414,stage3_l_opt,l_opt_current_alpha,1.2614472060948447,0.045219460571821746,0.05,False,False,True,True,0.0013030817111333213,True,4971,21453
24,2,0.0,0.0,uniform,0,uniform,0.5,guarded,stage1,,,17,0.022525805294397436,custom,"{""bfgs"": 0.07674156935987933, ""custom"": 0.0038369375010921555}",0.003967614844441414,0.003967614844441414,stage3_l_opt,l_opt_current_alpha,1.2614472060948447,0.045219460571821746,0.05,False,False,True,True,0.0013030817111333213,True,5268,22716
24,2,0.0,0.0,uniform,0,uniform,0.5,guarded,stage1,,,18,0.022525805294397436,custom,"{""bfgs"": 0.07674156935987933, ""custom"": 0.0038369375010921555}",0.003967614844441414,0.003967614844441414,stage3_l_opt,l_opt_current_alpha,1.2614472060948447,0.045219460571821746,0.05,False,False,True,True,0.0013030817111333213,True,5565,23979
24,2,0.0,0.0,uniform,0,uniform,0.5,guarded,stage1,,,19,0.022525805294397436,custom,"{""bfgs"": 0.07674156935987933, ""custom"": 0.0038369375010921555}",0.003967614844441414,0.003967614844441414,stage3_l_opt,l_opt_current_alpha,1.2614472060948447,0.045219460571821746,0.05,False,False,True,True,0.0013030817111333213,True,5862,25242
24,2,0.0,0.0,stage0,0,uniform,0.0,guarded,stage1,,,0,0.01728635907728486,custom,"{""bfgs"": 0.0725362895455616, ""custom"": 0.005528387397838702}",0.006561226521929105,0.006561226521929105,stage3_l_opt,l_opt_current_alpha,1.5133975316731734,0.0,0.0,False,True,False,False,,True,327,1071
24,2,0.0,0.0,stage0,0,uniform,0.5,guarded,stage1,,,0,0.01728635907728486,custom,"{""bfgs"": 0.0725362895455616, ""custom"": 0.005528387397838702}",0.006561226521929105,0.006561226521929105,stage3_l_opt,l_opt_current_alpha,1.5133975316731734,0.7566987658365866,0.5,False,True,True,False,,True,327,1071
24,2,0.0,0.0,stage0,0,uniform,0.5,guarded,stage1,,,1,0.022916123766514262,custom,"{""bfgs"": 0.08562891995045827, ""custom"": 0.0021004433207409026}",0.004280909275015195,0.004280909275015195,stage3_l_opt,l_opt_current_alpha,0.6003007489224695,0.30015037446123494,0.5,True,True,True,False,-0.00228031724691391,True,696,2307
24,2,0.0,0.0,stage0,0,uniform,0.5,guarded,stage1,,,2,0.02497193194532824,custom,"{""bfgs"": 0.09076326674626112, ""custom"": 0.0010983110412144113}",0.0029980546484390893,0.0029980546484390893,stage3_l_opt,l_opt_current_alpha,0.07193998136561074,0.03596999068280536,0.5,True,True,True,False,-0.0012828546265761056,True,1005,3690
24,2,0.0,0.0,stage0,0,uniform,0.5,guarded,stage1,,,3,0.024602620288280728,custom,"{""bfgs"": 0.09139186819630735, ""custom"": 0.002365298082914819}",0.007042222345868747,0.007042222345868747,stage3_l_opt,l_opt_current_alpha,0.42057731289429157,0.017984995341402646,0.25,False,False,True,True,0.004044167697429657,True,1242,4875
24,2,0.0,0.0,stage0,0,uniform,0.5,guarded,stage1,,,4,0.024602630558324623,custom,"{""bfgs"": 0.09107756747128423, ""custom"": 0.0024618443419511917}",0.007042237247029941,0.007042237247029941,stage3_l_opt,l_opt_current_alpha,0.4385633123570746,0.008992497670701233,0.125,False,False,True,True,0.004044182598590851,True,1479,6249
24,2,0.0,0.0,stage0,0,uniform,0.5,guarded,stage1,,,5,0.02460263535208778,custom,"{""bfgs"": 0.09092041710877269, ""custom"": 0.0025101149166488427}",0.007042237247029941,0.007042237247029941,stage3_l_opt,l_opt_current_alpha,0.44755581002777595,0.004496248835350464,0.0625,False,False,True,True,0.004044182598590851,True,1725,7542
24,2,0.0,0.0,stage0,0,uniform,0.5,guarded,stage1,,,6,0.02558800497816456,custom,"{""bfgs"": 0.0908418419275169, ""custom"": 0.0014747020294980347}",0.004079043244322141,0.004079043244322141,stage3_l_opt,l_opt_current_alpha,0.14618320453365152,0.003596999068280357,0.05,False,False,True,True,0.0010809885958830514,True,2022,8844
24,2,0.0,0.0,stage0,0,uniform,0.5,guarded,stage1,,,7,0.025607794667149998,custom,"{""bfgs"": 0.09082612689126575, ""custom"": 0.0014698955283181307}",0.0040570540974537534,0.0040570540974537534,stage3_l_opt,l_opt_current_alpha,0.1453469968777231,0.003596999068280357,0.05,False,False,True,True,0.0010589994490146641,True,2250,10146
24,2,0.0,0.0,stage0,0,uniform,0.5,guarded,stage1,,,8,0.025607794667149998,custom,"{""bfgs"": 0.09082612689126575, ""custom"": 0.0014698955283181307}",0.0040570540974537534,0.0040570540974537534,stage3_l_opt,l_opt_current_alpha,0.1453469968777231,0.003596999068280357,0.05,False,False,True,True,0.0010589994490146641,True,2478,11448
24,2,0.0,0.0,stage0,0,uniform,0.5,guarded,stage1,,,9,0.025607794667149998,custom,"{""bfgs"": 0.09082612689126575, ""custom"": 0.0014698955283181307}",0.0040570540974537534,0.0040570540974537534,stage3_l_opt,l_opt_current_alpha,0.1453469968777231,0.003596999068280357,0.05,False,False,True,True,0.0010589994490146641,True,2706,12750
24,2,0.0,0.0,stage0,0,uniform,0.5,guarded,stage1,,,10,0.025607794667149998,custom,"{""bfgs"": 0.09082612689126575, ""custom"": 0.0014698955283181307}",0.0040570540974537534,0.0040570540974537534,stage3_l_opt,l_opt_current_alpha,0.1453469968777231,0.003596999068280357,0.05,False,False,True,True,0.0010589994490146641,True,2934,14052
24,2,0.0,0.0,stage0,0,uniform,0.5,guarded,stage1,,,11,0.025607794667149998,custom,"{""bfgs"": 0.09082612689126575, ""custom"": 0.0014698955283181307}",0.0040570540974537534,0.0040570540974537534,stage3_l_opt,l_opt_current_alpha,0.1453469968777231,0.003596999068280357,0.05,False,False,True,True,0.0010589994490146641,True,3162,15354
24,2,0.0,0.0,stage0,0,uniform,0.5,guarded,stage1,,,12,0.025607794667149998,custom,"{""bfgs"": 0.09082612689126575, ""custom"": 0.0014698955283181307}",0.0040570540974537534,0.0040570540974537534,stage3_l_opt,l_opt_current_alpha,0.1453469968777231,0.003596999068280357,0.05,False,False,True,True,0.0010589994490146641,True,3390,16656
24,2,0.0,0.0,stage0,0,uniform,0.5,guarded,stage1,,,13,0.025607794667149998,custom,"{""bfgs"": 0.09082612689126575, ""custom"": 0.0014698955283181307}",0.0040570540974537534,0.0040570540974537534,stage3_l_opt,l_opt_current_alpha,0.1453469968777231,0.003596999068280357,0.05,False,False,True,True,0.0010589994490146641,True,3618,17958
24,2,0.0,0.0,stage0,0,uniform,0.5,guarded,stage1,,,14,0.025607794667149998,custom,"{""bfgs"": 0.09082612689126575, ""custom"": 0.0014698955283181307}",0.0040570540974537534,0.0040570540974537534,stage3_l_opt,l_opt_current_alpha,0.1453469968777231,0.003596999068280357,0.05,False,False,True,True,0.0010589994490146641,True,3846,19260
24,2,0.0,0.0,stage0,0,uniform,0.5,guarded,stage1,,,15,0.025607794667149998,custom,"{""bfgs"": 0.09082612689126575, ""custom"": 0.0014698955283181307}",0.0040570540974537534,0.0040570540974537534,stage3_l_opt,l_opt_current_alpha,0.1453469968777231,0.003596999068280357,0.05,False,False,True,True,0.0010589994490146641,True,4074,20562
24,2,0.0,0.0,stage0,0,uniform,0.5,guarded,stage1,,,16,0.025607794667149998,custom,"{""bfgs"": 0.09082612689126575, ""custom"": 0.0014698955283181307}",0.0040570540974537534,0.0040570540974537534,stage3_l_opt,l_opt_current_alpha,0.1453469968777231,0.003596999068280357,0.05,False,False,True,True,0.0010589994490146641,True,4302,21864
24,2,0.0,0.0,stage0,0,uniform,0.5,guarded,stage1,,,17,0.025607794667149998,custom,"{""bfgs"": 0.09082612689126575, ""custom"": 0.0014698955283181307}",0.0040570540974537534,0.0040570540974537534,stage3_l_opt,l_opt_current_alpha,0.1453469968777231,0.003596999068280357,0.05,False,False,True,True,0.0010589994490146641,True,4530,23166
24,2,0.0,0.0,stage0,0,uniform,0.5,guarded,stage1,,,18,0.025607794667149998,custom,"{""bfgs"": 0.09082612689126575, ""custom"": 0.0014698955283181307}",0.0040570540974537534,0.0040570540974537534,stage3_l_opt,l_opt_current_alpha,0.1453469968777231,0.003596999068280357,0.05,False,False,True,True,0.0010589994490146641,True,4758,24468
24,2,0.0,0.0,stage0,0,uniform,0.5,guarded,stage1,,,19,0.025607794667149998,custom,"{""bfgs"": 0.09082612689126575, ""custom"": 0.0014698955283181307}",0.0040570540974537534,0.0040570540974537534,stage3_l_opt,l_opt_current_alpha,0.1453469968777231,0.003596999068280357,0.05,False,False,True,True,0.0010589994490146641,True,4986,25770
25,2,0.0,0.0,uniform,0,uniform,0.0,guarded,stage1,,,0,0.003103267579252991,custom,"{""bfgs"": 0.009208498833080132, ""custom"": 0.009039748149613539}",0.009039748149613539,0.009039748149613539,stage3_l_opt,l_opt_current_alpha,0.6533333333333334,0.0,0.0,False,True,False,False,,True,1164,843
25,2,0.0,0.0,uniform,0,uniform,0.5,guarded,stage1,,,0,0.003103267579252991,custom,"{""bfgs"": 0.009208498833080132, ""custom"": 0.009039748149613539}",0.009039748149613539,0.009039748149613539,stage3_l_opt,l_opt_current_alpha,0.6533333333333334,0.32666666666666666,0.5,False,True,True,False,,True,1164,843
25,2,0.0,0.0,uniform,0,uniform,0.5,guarded,stage1,,,1,0.008882302573417183,custom,"{""bfgs"": 0.00823714220687826, ""custom"": 0.007576377756517048}",0.008072560963531336,0.008072560963531336,stage3_l_opt,l_opt_current_alpha,0.7175553861299002,0.35877769306495005,0.5,True,True,True,False,-0.000967187186082203,True,2310,2013
25,2,0.0,0.0,uniform,0,uniform,0.5,guarded,stage1,,,2,0.002764055459538191,custom,"{""bfgs"": 0.02935437787050875, ""custom"": 0.005260157364798424}",0.0041942090416948,0.0041942090416948,stage3_l_opt,l_opt_current_alpha,0.333543573862704,0.166771786931352,0.5,True,True,True,False,-0.0038783519218365354,True,3015,3282
25,2,0.0,0.0,uniform,0,uniform,0.5,guarded,stage1,,,3,0.007455989461346969,custom,"{""bfgs"": 0.012644432805347994, ""custom"": 0.00828966709473918}",0.006942343898117542,0.006942343898117542,stage3_l_opt,l_opt_current_alpha,0.16698215992284676,0.08338589346567597,0.25,False,False,True,True,0.002748134856422742,True,3906,4521
25,2,0.0,0.0,uniform,0,uniform,0.5,guarded,stage1,,,4,0.005398914489446471,custom,"{""bfgs"": 0.01081775356579446, ""custom"": 0.008819538761843498}",0.006271640149255593,0.006271640149255593,stage3_l_opt,l_opt_current_alpha,0.19489656211709752,0.041692946732838035,0.125,False,False,True,True,0.002077431107560793,True,4983,5526
25,2,0.0,0.0,uniform,0,uniform,0.5,guarded,stage1,,,5,0.005561845284645646,custom,"{""bfgs"": 0.011264574872824026, ""custom"": 0.009416003842865157}",0.006500823733707269,0.006500823733707269,stage3_l_opt,l_opt_current_alpha,0.4730419875109317,0.020846473366418927,0.0625,False,False,True,True,0.0023066146920124684,True,5907,6981
25,2,0.0,0.0,uniform,0,uniform,0.5,guarded,stage1,,,6,0.005325970564525842,custom,"{""bfgs"": 0.04036769816640785, ""custom"": 0.009435761911944958}",0.006363977678120136,0.006363977678120136,stage3_l_opt,l_opt_current_alpha,0.5951761045989459,0.01667717869313516,0.05,False,False,True,True,0.002169768636425336,True,6579,8736
25,2,0.0,0.0,uniform,0,uniform,0.5,guarded,stage1,,,7,0.005349981829024588,custom,"{""bfgs"": 0.011081269269863388, ""custom"": 0.009236642073211246}",0.006215101418395837,0.006215101418395837,stage3_l_opt,l_opt_current_alpha,0.552632348700136,0.01667717869313516,0.05,False,False,True,True,0.0020208923767010365,True,7272,10095
25,2,0.0,0.0,uniform,0,uniform,0.5,guarded,stage1,,,8,0.005349981829024588,custom,"{""bfgs"": 0.011081269269863388, ""custom"": 0.009236642073211246}",0.006215101418395837,0.006215101418395837,stage3_l_opt,l_opt_current_alpha,0.552632348700136,0.01667717869313516,0.05,False,False,True,True,0.0020208923767010365,True,7965,11454
25,2,0.0,0.0,uniform,0,uniform,0.5,guarded,stage1,,,9,0.005349981829024588,custom,"{""bfgs"": 0.011081269269863388, ""custom"": 0.009236642073211246}",0.006215101418395837,0.006215101418395837,stage3_l_opt,l_opt_current_alpha,0.552632348700136,0.01667717869313516,0.05,False,False,True,True,0.0020208923767010365,True,8658,12813
25,2,0.0,0.0,uniform,0,uniform,0.5,guarded,stage1,,,10,0.005349981829024588,custom,"{""bfgs"": 0.011081269269863388, ""custom"": 0.009236642073211246}",0.006215101418395837,0.006215101418395837,stage3_l_opt,l_opt_current_alpha,0.552632348700136,0.01667717869313516,0.05,False,False,True,True,0.0020208923767010365,True,9351,14172
25,2,0.0,0.0,uniform,0,uniform,0.5,guarded,stage1,,,11,0.005349981829024588,custom,"{""bfgs"": 0.011081269269863388, ""custom"": 0.009236642073211246}",0.006215101418395837,0.006215101418395837,stage3_l_opt,l_opt_current_alpha,0.552632348700136,0.01667717869313516,0.05,False,False,True,True,0.0020208923767010365,True,10044,15531
25,2,0.0,0.0,uniform,0,uniform,0.5,guarded,stage1,,,12,0.005349981829024588,custom,"{""bfgs"": 0.011081269269863388, ""custom"": 0.009236642073211246}",0.006215101418395837,0.006215101418395837,stage3_l_opt,l_opt_current_alpha,0.552632348700136,0.01667717869313516,0.05,False,False,True,True,0.0020208923767010365,True,10737,16890
25,2,0.0,0.0,uniform,0,uniform,0.5,guarded,stage1,,,13,0.005349981829024588,custom,"{""bfgs"": 0.011081269269863388, ""custom"": 0.009236642073211246}",0.006215101418395837,0.006215101418395837,stage3_l_opt,l_opt_current_alpha,0.552632348700136,0.01667717869313516,0.05,False,False,True,True,0.0020208923767010365,True,11430,18249
25,2,0.0,0.0,uniform,0,uniform,0.5,guarded,stage1,,,14,0.005349981829024588,custom,"{""bfgs"": 0.011081269269863388, ""custom"": 0.009236642073211246}",0.006215101418395837,0.006215101418395837,stage3_l_opt,l_opt_current_alpha,0.552632348700136,0.01667717869313516,0.05,False,False,True,True,0.0020208923767010365,True,12123,19608
25,2,0.0,0.0,uniform,0,uniform,0.5,guarded,stage1,,,15,0.005349981829024588,custom,"{""bfgs"": 0.011081269269863388, ""custom"": 0.009236642073211246}",0.006215101418395837,0.006215101418395837,stage3_l_opt,l_opt_current_alpha,0.552632348700136,0.01667717869313516,0.05,False,False,True,True,0.0020208923767010365,True,12816,20967
25,2,0.0,0.0,uniform,0,uniform,0.5,guarded,stage1,,,16,0.005349981829024588,custom,"{""bfgs"": 0.011081269269863388, ""custom"": 0.009236642073211246}",0.006215101418395837,0.006215101418395837,stage3_l_opt,l_opt_current_alpha,0.552632348700136,0.01667717869313516,0.05,False,False,True,True,0.0020208923767010365,True,13509,22326
25,2,0.0,0.0,uniform,0,uniform,0.5,guarded,stage1,,,17,0.005349981829024588,custom,"{""bfgs"": 0.011081269269863388, ""custom"": 0.009236642073211246}",0.006215101418395837,0.006215101418395837,stage3_l_opt,l_opt_current_alpha,0.552632348700136,0.01667717869313516,0.05,False,False,True,True,0.0020208923767010365,True,14202,23685
25,2,0.0,0.0,uniform,0,uniform,0.5,guarded,stage1,,,18,0.005349981829024588,custom,"{""bfgs"": 0.011081269269863388, ""custom"": 0.009236642073211246}",0.006215101418395837,0.006215101418395837,stage3_l_opt,l_opt_current_alpha,0.552632348700136,0.01667717869313516,0.05,False,False,True,True,0.0020208923767010365,True,14895,25044
25,2,0.0,0.0,uniform,0,uniform,0.5,guarded,stage1,,,19,0.005349981829024588,custom,"{""bfgs"": 0.011081269269863388, ""custom"": 0.009236642073211246}",0.006215101418395837,0.006215101418395837,stage3_l_opt,l_opt_current_alpha,0.552632348700136,0.01667717869313516,0.05,False,False,True,True,0.0020208923767010365,True,15588,26403
25,2,0.0,0.0,stage0,0,uniform,0.0,guarded,stage1,,,0,0.0071353982862762235,bfgs,"{""bfgs"": 0.008777395274352631, ""custom"": 0.008971427904557258}",0.008429493444661299,0.008429493444661299,stage3_l_opt,l_opt_current_alpha,0.5449387963578997,0.0,0.0,False,True,False,False,,True,1221,1434
25,2,0.0,0.0,stage0,0,uniform,0.5,guarded,stage1,,,0,0.0071353982862762235,bfgs,"{""bfgs"": 0.008777395274352631, ""custom"": 0.008971427904557258}",0.008429493444661299,0.008429493444661299,stage3_l_opt,l_opt_current_alpha,0.5449387963578997,0.2724693981789499,0.5,False,True,True,False,,True,1221,1434
25,2,0.0,0.0,stage0,0,uniform,0.5,guarded,stage1,,,1,0.009789770312770094,custom,"{""bfgs"": 0.00866268527224068, ""custom"": 0.008413354527234095}",0.008859961914519468,0.008859961914519468,stage3_l_opt,l_opt_current_alpha,0.8494932700981902,0.13623469908947483,0.25,False,False,True,True,0.00043046846985816956,True,1932,2850
25,2,0.0,0.0,stage0,0,uniform,0.5,guarded,stage1,,,2,0.004802907842957428,custom,"{""bfgs"": 0.008894000951623477, ""custom"": 0.0079374786008521}",0.007114797520140807,0.007114797520140807,stage3_l_opt,l_opt_current_alpha,0.578612947263225,0.14465323681580622,0.25,True,True,True,False,-0.0013146959245204917,True,3042,4164
25,2,0.0,0.0,stage0,0,uniform,0.5,guarded,stage1,,,3,0.0047904728384191375,custom,"{""bfgs"": 0.01626761376674896, ""custom"": 0.009067711077219662}",0.007139675008753936,0.007139675008753936,stage3_l_opt,l_opt_current_alpha,0.5579238792713888,0.13948096981784716,0.25,True,True,True,False,2.4877488613128662e-05,True,3999,5286
25,2,0.0,0.0,stage0,0,uniform,0.5,guarded,stage1,,,4,0.004720391161823074,custom,"{""bfgs"": 0.009220191945591552, ""custom"": 0.008906525670837682}",0.007150891857842605,0.007150891857842605,stage3_l_opt,l_opt_current_alpha,0.229896054713489,0.05747401367837225,0.25,True,True,True,False,1.1216849088668823e-05,True,4962,6411
25,2,0.0,0.0,stage0,0,uniform,0.5,guarded,stage1,,,5,0.009342026999881249,custom,"{""bfgs"": 0.009572425012262532, ""custom"": 0.00905823988180465}",0.008463218497733275,0.008463218497733275,stage3_l_opt,l_opt_current_alpha,0.1724220410351167,0.02873700683918612,0.125,False,False,True,True,0.00131232663989067,True,6051,7608
25,2,0.0,0.0,stage0,0,uniform,0.5,guarded,stage1,,,6,0.008262911623448365,custom,"{""bfgs"": 0.009934456045068398, ""custom"": 0.008265402040389922}",0.007548834818104903,0.007548834818104903,stage3_l_opt,l_opt_current_alpha,0.20115904787430294,0.01436850341959306,0.0625,False,False,True,True,0.0003979429602622986,True,7380,8973
25,2,0.0,0.0,stage0,0,uniform,0.5,guarded,stage1,,,7,0.0018430211850162144,custom,"{""bfgs"": 0.026228640931777535, ""custom"": 0.0018304425531104275}",0.0026760377610723176,0.0026760377610723176,stage3_l_opt,l_opt_current_alpha,0.07516673315015507,0.004697920821884735,0.0625,True,True,True,False,-0.0044748540967702866,True,8199,10068
25,2,0.0,0.0,stage0,0,uniform,0.5,guarded,stage1,,,8,0.004075730238044889,custom,"{""bfgs"": 0.05684161779570779, ""custom"": 0.002614680914931309}",0.0027274486298362413,0.0027274486298362413,stage3_l_opt,l_opt_current_alpha,0.0688624695260082,0.004303904345375489,0.0625,True,True,True,False,5.1410868763923645e-05,True,9162,11145
25,2,0.0,0.0,stage0,0,uniform,0.5,guarded,stage1,,,9,0.00418362658102738,custom,"{""bfgs"": 0.009753589535682452, ""custom"": 0.005453285420180682}",0.004743021291991075,0.004743021291991075,stage3_l_opt,l_opt_current_alpha,0.10333008381028419,0.0034431234763003665,0.05,False,False,True,True,0.0020155726621548333,True,10188,12174
25,2,0.0,0.0,stage0,0,uniform,0.5,guarded,stage1,,,10,0.004288445871782147,custom,"{""bfgs"": 0.014796577644164133, ""custom"": 0.005515994080489232}",0.004769390138487021,0.004769390138487021,stage3_l_opt,l_opt_current_alpha,0.10540599973413664,0.0034431234763003665,0.05,False,False,True,True,0.00204194150865078,True,11565,13398
25,2,0.0,0.0,stage0,0,uniform,0.5,guarded,stage1,,,11,0.004288445871782147,custom,"{""bfgs"": 0.014796577644164133, ""custom"": 0.005515994080489232}",0.004769390138487021,0.004769390138487021,stage3_l_opt,l_opt_current_alpha,0.10540599973413664,0.0034431234763003665,0.05,False,False,True,True,0.00204194150865078,True,12942,14622
25,2,0.0,0.0,stage0,0,uniform,0.5,guarded,stage1,,,12,0.004288445871782147,custom,"{""bfgs"": 0.014796577644164133, ""custom"": 0.005515994080489232}",0.004769390138487021,0.004769390138487021,stage3_l_opt,l_opt_current_alpha,0.10540599973413664,0.0034431234763003665,0.05,False,False,True,True,0.00204194150865078,True,14319,15846
25,2,0.0,0.0,stage0,0,uniform,0.5,guarded,stage1,,,13,0.004288445871782147,custom,"{""bfgs"": 0.014796577644164133, ""custom"": 0.005515994080489232}",0.004769390138487021,0.004769390138487021,stage3_l_opt,l_opt_current_alpha,0.10540599973413664,0.0034431234763003665,0.05,False,False,True,True,0.00204194150865078,True,15696,17070
25,2,0.0,0.0,stage0,0,uniform,0.5,guarded,stage1,,,14,0.004288445871782147,custom,"{""bfgs"": 0.014796577644164133, ""custom"": 0.005515994080489232}",0.004769390138487021,0.004769390138487021,stage3_l_opt,l_opt_current_alpha,0.10540599973413664,0.0034431234763003665,0.05,False,False,True,True,0.00204194150865078,True,17073,18294
25,2,0.0,0.0,stage0,0,uniform,0.5,guarded,stage1,,,15,0.004288445871782147,custom,"{""bfgs"": 0.014796577644164133, ""custom"": 0.005515994080489232}",0.004769390138487021,0.004769390138487021,stage3_l_opt,l_opt_current_alpha,0.10540599973413664,0.0034431234763003665,0.05,False,False,True,True,0.00204194150865078,True,18450,19518
25,2,0.0,0.0,stage0,0,uniform,0.5,guarded,stage1,,,16,0.004288445871782147,custom,"{""bfgs"": 0.014796577644164133, ""custom"": 0.005515994080489232}",0.004769390138487021,0.004769390138487021,stage3_l_opt,l_opt_current_alpha,0.10540599973413664,0.0034431234763003665,0.05,False,False,True,True,0.00204194150865078,True,19827,20742
25,2,0.0,0.0,stage0,0,uniform,0.5,guarded,stage1,,,17,0.004288445871782147,custom,"{""bfgs"": 0.014796577644164133, ""custom"": 0.005515994080489232}",0.004769390138487021,0.004769390138487021,stage3_l_opt,l_opt_current_alpha,0.10540599973413664,0.0034431234763003665,0.05,False,False,True,True,0.00204194150865078,True,21204,21966
25,2,0.0,0.0,stage0,0,uniform,0.5,guarded,stage1,,,18,0.004288445871782147,custom,"{""bfgs"": 0.014796577644164133, ""custom"": 0.005515994080489232}",0.004769390138487021,0.004769390138487021,stage3_l_opt,l_opt_current_alpha,0.10540599973413664,0.0034431234763003665,0.05,False,False,True,True,0.00204194150865078,True,22581,23190
25,2,0.0,0.0,stage0,0,uniform,0.5,guarded,stage1,,,19,0.004288445871782147,custom,"{""bfgs"": 0.014796577644164133, ""custom"": 0.005515994080489232}",0.004769390138487021,0.004769390138487021,stage3_l_opt,l_opt_current_alpha,0.10540599973413664,0.0034431234763003665,0.05,False,False,True,True,0.00204194150865078,True,23958,24414
26,2,0.0,0.0,uniform,0,uniform,0.0,guarded,stage1,,,0,0.03602305573937403,custom,"{""bfgs"": 0.014661685718844334, ""custom"": 0.006435994029743597}",0.006435994029743597,0.006435994029743597,stage3_l_opt,l_opt_current_alpha,0.2803265407504447,0.0,0.0,False,True,False,False,,True,369,1203
26,2,0.0,0.0,uniform,0,uniform,0.5,guarded,stage1,,,0,0.03602305573937403,custom,"{""bfgs"": 0.014661685718844334, ""custom"": 0.006435994029743597}",0.006435994029743597,0.006435994029743597,stage3_l_opt,l_opt_current_alpha,0.2803265407504447,0.14016327037522236,0.5,False,True,True,False,,True,369,1203
26,2,0.0,0.0,uniform,0,uniform,0.5,guarded,stage1,,,1,0.020998141115932123,custom,"{""bfgs"": 0.014172029802292938, ""custom"": 0.011356542663025684}",0.010277572990162298,0.010277572990162298,stage3_l_opt,l_opt_current_alpha,1.4468299370418891,0.07008163518761118,0.25,False,False,True,True,0.003841578960418701,True,642,2358
26,2,0.0,0.0,uniform,0,uniform,0.5,guarded,stage1,,,2,0.034641330240733126,custom,"{""bfgs"": 0.14330159037865148, ""custom"": 0.006516499391657528}",0.00625650704993556,0.00625650704993556,stage3_l_opt,l_opt_current_alpha,0.19020938983483232,0.047552347458708066,0.25,True,True,True,False,-0.0001794869798080372,True,909,3468
26,2,0.0,0.0,uniform,0,uniform,0.5,guarded,stage1,,,3,0.03558918193889976,custom,"{""bfgs"": 0.04868840989333803, ""custom"": 0.006896522279565632}",0.006371688068611547,0.006371688068611547,stage3_l_opt,l_opt_current_alpha,0.6838727888659082,0.023776173729354033,0.125,False,False,True,True,0.00011518101867598763,True,1179,4734
26,2,0.0,0.0,uniform,0,uniform,0.5,guarded,stage1,,,4,0.03504987909027696,custom,"{""bfgs"": 0.21522143768405227, ""custom"": 0.006680195233323358}",0.006302094669081271,0.006302094669081271,stage3_l_opt,l_opt_current_alpha,0.652470234076423,0.08155877925955296,0.125,True,True,True,False,4.5587619145710974e-05,True,1407,5973
26,2,0.0,0.0,uniform,0,uniform,0.5,guarded,stage1,,,5,0.03391880121450341,custom,"{""bfgs"": 0.21763127149602698, ""custom"": 0.00628932689242769}",0.006252764413754146,0.006252764413754146,stage3_l_opt,l_opt_current_alpha,0.24754871890063856,0.030943589862579834,0.125,True,True,True,False,-4.93302553271251e-05,True,1698,7329
26,2,0.0,0.0,uniform,0,uniform,0.5,guarded,stage1,,,6,0.03378028611546435,custom,"{""bfgs"": 0.025911136008192965, ""custom"": 0.0064205721350662276}",0.0062988437712192535,0.0062988437712192535,stage3_l_opt,l_opt_current_alpha,0.22146898966389622,0.02768362370798705,0.125,True,True,True,False,4.6079357465107947e-05,True,1932,8667
26,2,0.0,0.0,uniform,0,uniform,0.5,guarded,stage1,,,7,0.03466763143785273,custom,"{""bfgs"": 0.24468937645242114, ""custom"": 0.00651608512733193}",0.006252282570737104,0.006252282570737104,stage3_l_opt,l_opt_current_alpha,0.1889265208433409,0.02361581510541766,0.125,True,True,True,False,-4.656120048214963e-05,True,2229,9768
26,2,0.0,0.0,uniform,0,uniform,0.5,guarded,stage1,,,8,0.035062825714426704,custom,"{""bfgs"": 0.1123790674622259, ""custom"": 0.006685847464091143}",0.006304228018658857,0.006304228018658857,stage3_l_opt,l_opt_current_alpha,0.6533852128105292,0.08167315160131616,0.125,True,True,True,False,5.194544792175293e-05,True,2616,11043
26,2,0.0,0.0,uniform,0,uniform,0.5,guarded,stage1,,,9,0.03405179734702013,custom,"{""bfgs"": 0.21761040162005274, ""custom"": 0.006371016867347579}",0.006331656128168106,0.006331656128168106,stage3_l_opt,l_opt_current_alpha,0.25541752241565086,0.03192719030195634,0.125,True,True,True,False,2.742810950924924e-05,True,2790,12345
26,2,0.0,0.0,uniform,0,uniform,0.5,guarded,stage1,,,10,0.03379095661125098,custom,"{""bfgs"": 0.06820645771048557, ""custom"": 0.006392823244557557}",0.00626573587457339,0.00626573587457339,stage3_l_opt,l_opt_current_alpha,0.21640314281268713,0.027050392851585836,0.125,True,True,True,False,-6.59202535947161e-05,True,2994,13647
26,2,0.0,0.0,uniform,0,uniform,0.5,guarded,stage1,,,11,0.03464298099139579,custom,"{""bfgs"": 0.049357057514958703, ""custom"": 0.006524664280774713}",0.006258377145665388,0.006258377145665388,stage3_l_opt,l_opt_current_alpha,0.18863901724955745,0.02357987715619464,0.125,True,True,True,False,-7.3587289080023766e-06,True,3288,14748
26,2,0.0,0.0,uniform,0,uniform,0.5,guarded,stage1,,,12,0.03508796095955308,custom,"{""bfgs"": 0.0120426314654258, ""custom"": 0.006698615898318265}",0.0063112986196453376,0.0063112986196453376,stage3_l_opt,l_opt_current_alpha,0.6550355966467479,0.08187944958084348,0.125,True,True,True,False,5.292147397994995e-05,True,3534,16023
26,2,0.0,0.0,uniform,0,uniform,0.5,guarded,stage1,,,13,0.03388875339406211,custom,"{""bfgs"": 0.12481786331215383, ""custom"": 0.006319476428132031}",0.006280229737361272,0.006280229737361272,stage3_l_opt,l_opt_current_alpha,0.24917776608404907,0.03114722076050619,0.125,True,True,True,False,-3.1068882284065666e-05,True,3756,17271
26,2,0.0,0.0,uniform,0,uniform,0.5,guarded,stage1,,,14,0.033785480714131566,custom,"{""bfgs"": 0.2825309179441561, ""custom"": 0.006391798359410443}",0.006265365829070409,0.006265365829070409,stage3_l_opt,l_opt_current_alpha,0.21646637066760963,0.027058296333451193,0.125,True,True,True,False,-1.4863908290863037e-05,True,4407,18510
26,2,0.0,0.0,uniform,0,uniform,0.5,guarded,stage1,,,15,0.034658368281979546,custom,"{""bfgs"": 0.039468929071751084, ""custom"": 0.006517528382083306}",0.006251430721022189,0.006251430721022189,stage3_l_opt,l_opt_current_alpha,0.1880121346504275,0.023501516831303415,0.125,True,True,True,False,-1.3935108048220186e-05,True,4728,19611
26,2,0.0,0.0,uniform,0,uniform,0.5,guarded,stage1,,,16,0.03506893753290424,custom,"{""bfgs"": 0.21517665891264115, ""custom"": 0.006701722776874553}",0.006315980067787071,0.006315980067787071,stage3_l_opt,l_opt_current_alpha,0.6553715564032334,0.08192144455040418,0.125,True,True,True,False,6.454934676488212e-05,True,4926,20697
26,2,0.0,0.0,uniform,0,uniform,0.5,guarded,stage1,,,17,0.033942722398991376,custom,"{""bfgs"": 0.32283287429180785, ""custom"": 0.006336448785682648}",0.006297224511702855,0.006297224511702855,stage3_l_opt,l_opt_current_alpha,0.2512044686339498,0.03140055857924379,0.125,True,True,True,False,-1.875555608421564e-05,True,5112,21972
26,2,0.0,0.0,uniform,0,uniform,0.5,guarded,stage1,,,18,0.033787556814341146,custom,"{""bfgs"": 0.15851174068927737, ""custom"": 0.006392372388989806}",0.006265800446271896,0.006265800446271896,stage3_l_opt,l_opt_current_alpha,0.2164729340310111,0.0270591167538764,0.125,True,True,True,False,-3.142406543095878e-05,True,5343,23310
26,2,0.0,0.0,uniform,0,uniform,0.5,guarded,stage1,,,19,0.034658360333260696,custom,"{""bfgs"": 0.22167235231893795, ""custom"": 0.006517596199697294}",0.006251410852807264,0.006251410852807264,stage3_l_opt,l_opt_current_alpha,0.1879703307277336,0.023496291340966646,0.125,True,True,True,False,-1.438959346463254e-05,True,5652,24510
26,2,0.0,0.0,stage0,0,uniform,0.0,guarded,stage1,,,0,0.03312919662439373,custom,"{""bfgs"": 0.15146956881242904, ""custom"": 0.007033753838309417}",0.0064165232082207995,0.0064165232082207995,stage3_l_opt,l_opt_current_alpha,0.32946194272722507,0.0,0.0,False,True,False,False,,True,195,1335
26,2,0.0,0.0,stage0,0,uniform,0.5,guarded,stage1,,,0,0.03312919662439373,custom,"{""bfgs"": 0.15146956881242904, ""custom"": 0.007033753838309417}",0.0064165232082207995,0.0064165232082207995,stage3_l_opt,l_opt_current_alpha,0.32946194272722507,0.1647309713636126,0.5,False,True,True,False,,True,195,1335
26,2,0.0,0.0,stage0,0,uniform,0.5,guarded,stage1,,,1,0.034456289537056706,custom,"{""bfgs"": 0.09716522958760275, ""custom"": 0.009789345705835088}",0.008650704005655522,0.008650704005655522,stage3_l_opt,l_opt_current_alpha,0.5406736207468608,0.0823654856818063,0.25,False,False,True,True,0.002234180797434722,True,1071,2802
26,2,0.0,0.0,stage0,0,uniform,0.5,guarded,stage1,,,2,0.034838561041013794,custom,"{""bfgs"": 0.0299823568114459, ""custom"": 0.007025518139800922}",0.006278163404203951,0.006278163404203951,stage3_l_opt,l_opt_current_alpha,0.23229760424049228,0.058074401060123126,0.25,True,True,True,False,-0.00013835980401684812,True,1404,3999
26,2,0.0,0.0,stage0,0,uniform,0.5,guarded,stage1,,,3,0.011084502069587332,custom,"{""bfgs"": 0.22139113932413376, ""custom"": 0.006944500045381228}",0.006744217127561569,0.006744217127561569,stage3_l_opt,l_opt_current_alpha,0.2348055373861656,0.029037200530061646,0.125,False,False,True,True,0.00046605372335761786,True,1704,5292
26,2,0.0,0.0,stage0,0,uniform,0.5,guarded,stage1,,,4,0.03532992179700539,custom,"{""bfgs"": 0.05976958653850874, ""custom"": 0.007165289984762299}",0.006341103425559898,0.006341103425559898,stage3_l_opt,l_opt_current_alpha,0.21012357543696494,0.026265446929620517,0.125,True,True,True,False,6.294002135594657e-05,True,1959,6534
26,2,0.0,0.0,stage0,0,uniform,0.5,guarded,stage1,,,5,0.024050061071051176,custom,"{""bfgs"": 0.05275072164929542, ""custom"": 0.011560328222947473}",0.010451395093696192,0.010451395093696192,stage3_l_opt,l_opt_current_alpha,,0.0,0.125,False,False,False,True,0.004110291668136294,False,2175,8019
27,2,0.0,0.0,uniform,0,uniform,0.0,guarded,stage1,,,0,0.005495516020414176,custom,"{""bfgs"": 0.022179429108897843, ""custom"": 0.008671447013815243}",0.008671447013815245,0.008671447013815245,stage3_l_opt,l_opt_current_alpha,,0.0,0.0,False,True,False,False,,False,255,720
27,2,0.0,0.0,uniform,0,uniform,0.5,guarded,stage1,,,0,0.005495516020414176,custom,"{""bfgs"": 0.022179429108897843, ""custom"": 0.008671447013815243}",0.008671447013815245,0.008671447013815245,stage3_l_opt,l_opt_current_alpha,,0.0,0.5,False,True,False,False,,False,255,720
27,2,0.0,0.0,stage0,0,uniform,0.0,guarded,stage1,,,0,0.00540539952425545,custom,"{""bfgs"": 0.022315097518570463, ""custom"": 0.009078680145425795}",0.008477206652363142,0.008477206652363142,stage3_l_opt,l_opt_current_alpha,,0.0,0.0,False,True,False,False,,False,186,618
27,2,0.0,0.0,stage0,0,uniform,0.5,guarded,stage1,,,0,0.00540539952425545,custom,"{""bfgs"": 0.022315097518570463, ""custom"": 0.009078680145425795}",0.008477206652363142,0.008477206652363142,stage3_l_opt,l_opt_current_alpha,,0.0,0.5,False,True,False,False,,False,186,618
28,2,0.0,0.0,uniform,0,uniform,0.0,guarded,stage1,,,0,0.0004162951191339567,custom,"{""bfgs"": 0.1379910558462143, ""custom"": 0.011424590212603409}",0.01142459021260341,0.01142459021260341,stage3_l_opt,l_opt_current_alpha,1.3066666666666666,0.0,0.0,False,True,False,False,,True,927,1212
28,2,0.0,0.0,uniform,0,uniform,0.5,guarded,stage1,,,0,0.0004162951191339567,custom,"{""bfgs"": 0.1379910558462143, ""custom"": 0.011424590212603409}",0.01142459021260341,0.01142459021260341,stage3_l_opt,l_opt_current_alpha,1.3066666666666666,0.6533333333333333,0.5,False,True,True,False,,True,927,1212
28,2,0.0,0.0,uniform,0,uniform,0.5,guarded,stage1,,,1,0.021939605214982113,custom,"{""bfgs"": 0.13056482940912245, ""custom"": 0.011785580553114414}",0.02310897968709469,0.02310897968709469,stage3_l_opt,l_opt_current_alpha,0.6533333333333333,0.3266666666666667,0.25,False,False,True,True,0.011684389474491278,True,1755,2007
28,2,0.0,0.0,uniform,0,uniform,0.5,guarded,stage1,,,2,0.021655114359693042,custom,"{""bfgs"": 0.1342779306570689, ""custom"": 0.017274454552680254}",0.02287920005619526,0.02287920005619526,stage3_l_opt,l_opt_current_alpha,,0.0,0.25,False,False,False,True,0.011454609843591848,False,2484,2907
28,2,0.0,0.0,stage0,0,uniform,0.0,guarded,stage1,,,0,0.0049427099131302,custom,"{""bfgs"": 0.10268929120277312, ""custom"": 0.013776636853835726}",0.013685726871093115,0.013685726871093115,stage3_l_opt,l_opt_current_alpha,1.4402841577721817,0.0,0.0,False,True,False,False,,True,687,1548
28,2,0.0,0.0,stage0,0,uniform,0.5,guarded,stage1,,,0,0.0049427099131302,custom,"{""bfgs"": 0.10268929120277312, ""custom"": 0.013776636853835726}",0.013685726871093115,0.013685726871093115,stage3_l_opt,l_opt_current_alpha,1.4402841577721817,0.7201420788860908,0.5,False,True,True,False,,True,687,1548
28,2,0.0,0.0,stage0,0,uniform,0.5,guarded,stage1,,,1,0.008090371689672082,custom,"{""bfgs"": 0.1310219633260944, ""custom"": 0.0032330823224312423}",0.005158028254906337,0.005158028254906337,stage3_l_opt,l_opt_current_alpha,0.6850499033980904,0.3425249516990452,0.5,True,True,True,False,-0.008527698616186779,True,1452,3051
28,2,0.0,0.0,stage0,0,uniform,0.5,guarded,stage1,,,2,0.018492676841574594,custom,"{""bfgs"": 0.12727974177667797, ""custom"": 0.006223309673884212}",0.019338812679052353,0.019338812679052353,stage3_l_opt,l_opt_current_alpha,0.37761712718704565,0.17126247584952253,0.25,False,False,True,True,0.014180784424146015,True,2271,4371
28,2,0.0,0.0,stage0,0,uniform,0.5,guarded,stage1,,,3,0.031917589855102915,custom,"{""bfgs"": 0.1291508565336728, ""custom"": 0.012717594773722456}",0.02927589851121108,0.02927589851121108,stage3_l_opt,l_opt_current_alpha,,0.0,0.25,False,False,False,True,0.02411787025630474,False,2982,5229
29,2,0.0,0.0,uniform,0,uniform,0.0,guarded,stage1,,,0,0.008316854230900408,custom,"{""bfgs"": 0.01216188631951809, ""custom"": 0.0067322446654240285}",0.006732244665424029,0.006732244665424029,stage3_l_opt,l_opt_current_alpha,0.6533333333333333,0.0,0.0,False,True,False,False,,True,159,1569
29,2,0.0,0.0,uniform,0,uniform,0.5,guarded,stage1,,,0,0.008316854230900408,custom,"{""bfgs"": 0.01216188631951809, ""custom"": 0.0067322446654240285}",0.006732244665424029,0.006732244665424029,stage3_l_opt,l_opt_current_alpha,0.6533333333333333,0.3266666666666667,0.5,False,True,True,False,,True,159,1569
29,2,0.0,0.0,uniform,0,uniform,0.5,guarded,stage1,,,1,0.002183960733538534,custom,"{""bfgs"": 0.011120746098844073, ""custom"": 0.007678563851068325}",0.006391638889908791,0.006391638889908791,stage3_l_opt,l_opt_current_alpha,0.45795289960555996,0.22897644980277998,0.5,True,True,True,False,-0.00034060577551523873,True,432,2832
29,2,0.0,0.0,uniform,0,uniform,0.5,guarded,stage1,,,2,0.0014140844452708162,custom,"{""bfgs"": 0.01140269755674819, ""custom"": 0.005832155982026727}",0.00666962501903375,0.00666962501903375,stage3_l_opt,l_opt_current_alpha,0.3164278842992936,0.11448822490139002,0.25,False,False,True,True,0.000277986129124959,True,1335,4008
29,2,0.0,0.0,uniform,0,uniform,0.5,guarded,stage1,,,3,0.0014304426645421059,custom,"{""bfgs"": 0.013195074866207315, ""custom"": 0.006771395747522257}",0.006616624072194099,0.006616624072194099,stage3_l_opt,l_opt_current_alpha,0.3369735936644778,0.05724411245069505,0.125,False,False,True,True,0.00022498518228530884,True,1677,5400
29,2,0.0,0.0,uniform,0,uniform,0.5,guarded,stage1,,,4,0.00215699369606015,custom,"{""bfgs"": 0.06166182945649812, ""custom"": 0.007239584089306286}",0.006401838734745979,0.006401838734745979,stage3_l_opt,l_opt_current_alpha,0.6487171640319251,0.08108964550399059,0.125,True,True,True,False,1.019984483718872e-05,True,2490,6573
29,2,0.0,0.0,uniform,0,uniform,0.5,guarded,stage1,,,5,0.0014302725740937966,custom,"{""bfgs"": 0.0870980720035458, ""custom"": 0.00665883150837702}",0.00661624160905679,0.00661624160905679,stage3_l_opt,l_opt_current_alpha,0.21811460471736607,0.04054482275199531,0.0625,False,False,True,True,0.00021440287431081107,True,3303,7830
29,2,0.0,0.0,uniform,0,uniform,0.5,guarded,stage1,,,6,0.0014263569475496257,custom,"{""bfgs"": 0.012354812643175419, ""custom"": 0.00695468829803353}",0.006610425189137459,0.006610425189137459,stage3_l_opt,l_opt_current_alpha,0.3156670332832221,0.032435858201596224,0.05,False,False,True,True,0.0002085864543914795,True,3753,9153
29,2,0.0,0.0,uniform,0,uniform,0.5,guarded,stage1,,,7,0.001427752437503177,custom,"{""bfgs"": 0.012555172510587395, ""custom"": 0.007013943926811931}",0.006608800962567329,0.006608800962567329,stage3_l_opt,l_opt_current_alpha,0.3090515203685296,0.032435858201596224,0.05,False,False,True,True,0.0002069622278213501,True,4605,10440
29,2,0.0,0.0,uniform,0,uniform,0.5,guarded,stage1,,,8,0.001427752437503177,custom,"{""bfgs"": 0.012555172510587395, ""custom"": 0.007013943926811931}",0.006608800962567329,0.006608800962567329,stage3_l_opt,l_opt_current_alpha,0.3090515203685296,0.032435858201596224,0.05,False,False,True,True,0.0002069622278213501,True,5457,11727
29,2,0.0,0.0,uniform,0,uniform,0.5,guarded,stage1,,,9,0.001427752437503177,custom,"{""bfgs"": 0.012555172510587395, ""custom"": 0.007013943926811931}",0.006608800962567329,0.006608800962567329,stage3_l_opt,l_opt_current_alpha,0.3090515203685296,0.032435858201596224,0.05,False,False,True,True,0.0002069622278213501,True,6309,13014
29,2,0.0,0.0,uniform,0,uniform,0.5,guarded,stage1,,,10,0.001427752437503177,custom,"{""bfgs"": 0.012555172510587395, ""custom"": 0.007013943926811931}",0.006608800962567329,0.006608800962567329,stage3_l_opt,l_opt_current_alpha,0.3090515203685296,0.032435858201596224,0.05,False,False,True,True,0.0002069622278213501,True,7161,14301
29,2,0.0,0.0,uniform,0,uniform,0.5,guarded,stage1,,,11,0.001427752437503177,custom,"{""bfgs"": 0.012555172510587395, ""custom"": 0.007013943926811931}",0.006608800962567329,0.006608800962567329,stage3_l_opt,l_opt_current_alpha,0.3090515203685296,0.032435858201596224,0.05,False,False,True,True,0.0002069622278213501,True,8013,15588
29,2,0.0,0.0,uniform,0,uniform,0.5,guarded,stage1,,,12,0.001427752437503177,custom,"{""bfgs"": 0.012555172510587395, ""custom"": 0.007013943926811931}",0.006608800962567329,0.006608800962567329,stage3_l_opt,l_opt_current_alpha,0.3090515203685296,0.032435858201596224,0.05,False,False,True,True,0.0002069622278213501,True,8865,16875
29,2,0.0,0.0,uniform,0,uniform,0.5,guarded,stage1,,,13,0.001427752437503177,custom,"{""bfgs"": 0.012555172510587395, ""custom"": 0.007013943926811931}",0.006608800962567329,0.006608800962567329,stage3_l_opt,l_opt_current_alpha,0.3090515203685296,0.032435858201596224,0.05,False,False,True,True,0.0002069622278213501,True,9717,18162
29,2,0.0,0.0,uniform,0,uniform,0.5,guarded,stage1,,,14,0.001427752437503177,custom,"{""bfgs"": 0.012555172510587395, ""custom"": 0.007013943926811931}",0.006608800962567329,0.006608800962567329,stage3_l_opt,l_opt_current_alpha,0.3090515203685296,0.032435858201596224,0.05,False,False,True,True,0.0002069622278213501,True,10569,19449
29,2,0.0,0.0,uniform,0,uniform,0.5,guarded,stage1,,,15,0.001427752437503177,custom,"{""bfgs"": 0.012555172510587395, ""custom"": 0.007013943926811931}",0.006608800962567329,0.006608800962567329,stage3_l_opt,l_opt_current_alpha,0.3090515203685296,0.032435858201596224,0.05,False,False,True,True,0.0002069622278213501,True,11421,20736
29,2,0.0,0.0,uniform,0,uniform,0.5,guarded,stage1,,,16,0.001427752437503177,custom,"{""bfgs"": 0.012555172510587395, ""custom"": 0.007013943926811931}",0.006608800962567329,0.006608800962567329,stage3_l_opt,l_opt_current_alpha,0.3090515203685296,0.032435858201596224,0.05,False,False,True,True,0.0002069622278213501,True,12273,22023
29,2,0.0,0.0,uniform,0,uniform,0.5,guarded,stage1,,,17,0.001427752437503177,custom,"{""bfgs"": 0.012555172510587395, ""custom"": 0.007013943926811931}",0.006608800962567329,0.006608800962567329,stage3_l_opt,l_opt_current_alpha,0.3090515203685296,0.032435858201596224,0.05,False,False,True,True,0.0002069622278213501,True,13125,23310
29,2,0.0,0.0,uniform,0,uniform,0.5,guarded,stage1,,,18,0.001427752437503177,custom,"{""bfgs"": 0.012555172510587395, ""custom"": 0.007013943926811931}",0.006608800962567329,0.006608800962567329,stage3_l_opt,l_opt_current_alpha,0.3090515203685296,0.032435858201596224,0.05,False,False,True,True,0.0002069622278213501,True,13977,24597
29,2,0.0,0.0,uniform,0,uniform,0.5,guarded,stage1,,,19,0.001427752437503177,custom,"{""bfgs"": 0.012555172510587395, ""custom"": 0.007013943926811931}",0.006608800962567329,0.006608800962567329,stage3_l_opt,l_opt_current_alpha,0.3090515203685296,0.032435858201596224,0.05,False,False,True,True,0.0002069622278213501,True,14829,25884
29,2,0.0,0.0,stage0,0,uniform,0.0,guarded,stage1,,,0,0.0022539205246588367,custom,"{""bfgs"": 0.04774415202439869, ""custom"": 0.007856767215350413}",0.006406651809811592,0.006406651809811592,stage3_l_opt,l_opt_current_alpha,0.08950391321793935,0.0,0.0,False,True,False,False,,True,255,1323
29,2,0.0,0.0,stage0,0,uniform,0.5,guarded,stage1,,,0,0.0022539205246588367,custom,"{""bfgs"": 0.04774415202439869, ""custom"": 0.007856767215350413}",0.006406651809811592,0.006406651809811592,stage3_l_opt,l_opt_current_alpha,0.08950391321793935,0.04475195660896966,0.5,False,True,True,False,,True,255,1323
29,2,0.0,0.0,stage0,0,uniform,0.5,guarded,stage1,,,1,0.002095354635131788,custom,"{""bfgs"": 0.019383041723479454, ""custom"": 0.007525577750764995}",0.006482384478052457,0.006482384478052457,stage3_l_opt,l_opt_current_alpha,0.050269630612370414,0.02513481530618522,0.5,True,True,True,False,7.573266824086478e-05,True,417,2547
29,2,0.0,0.0,stage0,0,uniform,0.5,guarded,stage1,,,2,0.0020624762694723825,custom,"{""bfgs"": 0.0175279642321456, ""custom"": 0.007433139926648225}",0.006489730750521024,0.006489730750521024,stage3_l_opt,l_opt_current_alpha,0.02838822040592165,0.014194110202960825,0.5,True,True,True,False,7.3462724685668945e-06,True,591,3771
29,2,0.0,0.0,stage0,0,uniform,0.5,guarded,stage1,,,3,0.002009122658713461,custom,"{""bfgs"": 0.019424792062284153, ""custom"": 0.00740626082688332}",0.0065020788460969925,0.0065020788460969925,stage3_l_opt,l_opt_current_alpha,0.02171002438338343,0.010855012191691688,0.5,True,True,True,False,1.2348095575968714e-05,True,1341,5325
29,2,0.0,0.0,stage0,0,uniform,0.5,guarded,stage1,,,4,0.0019065993772454382,custom,"{""bfgs"": 0.018730520767045122, ""custom"": 0.007429317379319761}",0.006526124353210132,0.006526124353210132,stage3_l_opt,l_opt_current_alpha,0.038253626312939215,0.019126813156469608,0.5,True,True,True,False,2.4045507113139124e-05,True,2091,6576
29,2,0.0,0.0,stage0,0,uniform,0.5,guarded,stage1,,,5,0.00223765760252434,custom,"{""bfgs"": 0.011574875548389908, ""custom"": 0.007422222595002293}",0.006415947650869687,0.006415947650869687,stage3_l_opt,l_opt_current_alpha,0.06883227141183682,0.03441613570591842,0.5,True,True,True,False,-0.00011017670234044451,True,2469,7863
29,2,0.0,0.0,stage0,0,uniform,0.5,guarded,stage1,,,6,0.002114832474196124,custom,"{""bfgs"": 0.007448544038922925, ""custom"": 0.00729927384908235}",0.006476920718948047,0.006476920718948047,stage3_l_opt,l_opt_current_alpha,0.003687707782237065,0.0018438538911185742,0.5,True,True,True,False,6.0973068078359546e-05,True,3339,9084
29,2,0.0,0.0,stage0,0,uniform,0.5,guarded,stage1,,,7,0.0020990391218490556,custom,"{""bfgs"": 0.010208858741307406, ""custom"": 0.0073052285286039475}",0.006480641042192777,0.006480641042192777,stage3_l_opt,l_opt_current_alpha,0.004846043038589376,0.0024230215192947158,0.5,True,True,True,False,3.7203232447300533e-06,True,3849,10287
29,2,0.0,0.0,stage0,0,uniform,0.5,guarded,stage1,,,8,0.00361616776454873,bfgs,"{""bfgs"": 0.003414501371121401, ""custom"": 0.0073174333058984966}",0.0031597198297580085,0.0031597198297580085,stage3_l_opt,l_opt_current_alpha,0.16931864186291565,0.08465932093145787,0.5,True,True,True,False,-0.0033209212124347682,True,4611,11490
29,2,0.0,0.0,stage0,0,uniform,0.5,guarded,stage1,,,9,0.00220556467387191,custom,"{""bfgs"": 0.007976554699058518, ""custom"": 0.0068508765742402635}",0.006400621806581815,0.006400621806581815,stage3_l_opt,l_opt_current_alpha,0.03874591520777654,0.04232966046572886,0.25,False,False,True,True,0.0032409019768238063,True,5823,12756
29,2,0.0,0.0,stage0,0,uniform,0.5,guarded,stage1,,,10,0.002199828959589728,custom,"{""bfgs"": 0.009020960008124086, ""custom"": 0.0071054535733302135}",0.006460040186842282,0.006460040186842282,stage3_l_opt,l_opt_current_alpha,0.02927841818758678,0.021164830232864446,0.125,False,False,True,True,0.003300320357084274,True,6237,13986
29,2,0.0,0.0,stage0,0,uniform,0.5,guarded,stage1,,,11,0.0022463879360679617,custom,"{""bfgs"": 0.012035142214073853, ""custom"": 0.007194369472086725}",0.006446308766802152,0.006446308766802152,stage3_l_opt,l_opt_current_alpha,0.0008268723755623375,0.010582415116432209,0.0625,False,False,True,True,0.0032865889370441432,True,7167,15459
29,2,0.0,0.0,stage0,0,uniform,0.5,guarded,stage1,,,12,0.002178605999156688,custom,"{""bfgs"": 0.008858869399346212, ""custom"": 0.007253616786949523}",0.006461989755431811,0.006461989755431811,stage3_l_opt,l_opt_current_alpha,0.0011172460457475608,0.008465932093145806,0.05,False,False,True,True,0.003302269925673803,True,7905,16725
29,2,0.0,0.0,stage0,0,uniform,0.5,guarded,stage1,,,13,0.002160252712734359,custom,"{""bfgs"": 0.008687722018712093, ""custom"": 0.0072660783620867204}",0.006466256454586983,0.006466256454586983,stage3_l_opt,l_opt_current_alpha,0.00035328467485840065,0.008465932093145806,0.05,False,False,True,True,0.0033065366248289743,True,8163,17946
29,2,0.0,0.0,stage0,0,uniform,0.5,guarded,stage1,,,14,0.002160252712734359,custom,"{""bfgs"": 0.008687722018712093, ""custom"": 0.0072660783620867204}",0.006466256454586983,0.006466256454586983,stage3_l_opt,l_opt_current_alpha,0.00035328467485840065,0.008465932093145806,0.05,False,False,True,True,0.0033065366248289743,True,8421,19167
29,2,0.0,0.0,stage0,0,uniform,0.5,guarded,stage1,,,15,0.002160252712734359,custom,"{""bfgs"": 0.008687722018712093, ""custom"": 0.0072660783620867204}",0.006466256454586983,0.006466256454586983,stage3_l_opt,l_opt_current_alpha,0.00035328467485840065,0.008465932093145806,0.05,False,False,True,True,0.0033065366248289743,True,8679,20388
29,2,0.0,0.0,stage0,0,uniform,0.5,guarded,stage1,,,16,0.002160252712734359,custom,"{""bfgs"": 0.008687722018712093, ""custom"": 0.0072660783620867204}",0.006466256454586983,0.006466256454586983,stage3_l_opt,l_opt_current_alpha,0.00035328467485840065,0.008465932093145806,0.05,False,False,True,True,0.0033065366248289743,True,8937,21609
29,2,0.0,0.0,stage0,0,uniform,0.5,guarded,stage1,,,17,0.002160252712734359,custom,"{""bfgs"": 0.008687722018712093, ""custom"": 0.0072660783620867204}",0.006466256454586983,0.006466256454586983,stage3_l_opt,l_opt_current_alpha,0.00035328467485840065,0.008465932093145806,0.05,False,False,True,True,0.0033065366248289743,True,9195,22830
29,2,0.0,0.0,stage0,0,uniform,0.5,guarded,stage1,,,18,0.002160252712734359,custom,"{""bfgs"": 0.008687722018712093, ""custom"": 0.0072660783620867204}",0.006466256454586983,0.006466256454586983,stage3_l_opt,l_opt_current_alpha,0.00035328467485840065,0.008465932093145806,0.05,False,False,True,True,0.0033065366248289743,True,9453,24051
29,2,0.0,0.0,stage0,0,uniform,0.5,guarded,stage1,,,19,0.002160252712734359,custom,"{""bfgs"": 0.008687722018712093, ""custom"": 0.0072660783620867204}",0.006466256454586983,0.006466256454586983,stage3_l_opt,l_opt_current_alpha,0.00035328467485840065,0.008465932093145806,0.05,False,False,True,True,0.0033065366248289743,True,9711,25272
