seed,dimension,poison_ratio,target,initialization,initialization_replicate,evaluator,update_rate,update_policy,coalition_mode,controlled_coalition_size,controlled_poison_count,round,target_error,stage3_engine,stage3_engine_losses,evaluation_loss,delivered_solution_evaluation_loss,full_solution_source,loo_search_objective,consistency_l1,update_l1,eta_used,update_accepted,current_state_accepted,proposal_generated,gate_triggered,eval_loss_delta,informative,stage3_requests_cumulative,contribution_requests_cumulative
0,2,0.0,0.0,uniform,0,uniform,0.5,guarded,stage1,,,0,0.025548551012645616,custom,"{""bfgs"": 0.012106880933667222, ""custom"": 0.001886578509584069}",0.0018865785095840693,0.0018865785095840693,stage3_l_opt,l_opt_current_alpha,0.43741500332952454,0.2187075016647623,0.5,False,True,True,False,,True,564,1362
0,2,0.0,0.0,uniform,0,uniform,0.5,guarded,stage1,,,1,0.0253367554236994,custom,"{""bfgs"": 0.023853178706508285, ""custom"": 0.004257455719508701}",0.004981793773670991,0.004981793773670991,stage3_l_opt,l_opt_current_alpha,1.1713367071428562,0.10935375083238114,0.25,False,False,True,True,0.0030952152640869217,True,1401,2883
0,2,0.0,0.0,uniform,0,uniform,0.5,guarded,stage1,,,2,0.025272133052689494,custom,"{""bfgs"": 0.015283139262536922, ""custom"": 0.004635964261975338}",0.004990705909828345,0.004990705909828345,stage3_l_opt,l_opt_current_alpha,1.2390016869047615,0.054676875416190596,0.125,False,False,True,True,0.003104127400244276,True,2148,4119
0,2,0.0,0.0,uniform,0,uniform,0.5,guarded,stage1,,,3,0.025795166566551696,custom,"{""bfgs"": 0.05815499069667586, ""custom"": 0.0019335302215385609}",0.0020820763117323318,0.0020820763117323318,stage3_l_opt,l_opt_current_alpha,0.8254421847418183,0.027338437708095353,0.0625,False,False,True,True,0.00019549780214826252,True,3516,6453
0,2,0.0,0.0,uniform,0,uniform,0.5,guarded,stage1,,,4,0.025902990657465187,custom,"{""bfgs"": 0.08157564515001808, ""custom"": 0.0018244909224279082}",0.001901015251254042,0.001901015251254042,stage3_l_opt,l_opt_current_alpha,0.4132211611935734,0.02582632257459838,0.0625,True,True,True,False,1.4436741669972665e-05,True,4380,7425
0,2,0.0,0.0,uniform,0,uniform,0.5,guarded,stage1,,,5,0.025226067150815094,custom,"{""bfgs"": 0.01610000513050351, ""custom"": 0.0017670344600246265}",0.0018774229877938826,0.0018774229877938826,stage3_l_opt,l_opt_current_alpha,0.3822975740927516,0.023893598380796965,0.0625,True,True,True,False,-2.3592263460159302e-05,True,4860,8532
0,2,0.0,0.0,uniform,0,uniform,0.5,guarded,stage1,,,6,0.025454455640875298,custom,"{""bfgs"": 0.05119673125935731, ""custom"": 0.004665086803572142}",0.00492857675999403,0.00492857675999403,stage3_l_opt,l_opt_current_alpha,1.2590307311781836,0.019114878704637572,0.05,False,False,True,True,0.0030511537722001476,True,5946,9744
0,2,0.0,0.0,uniform,0,uniform,0.5,guarded,stage1,,,7,0.02545393658989254,custom,"{""bfgs"": 0.00842324593033657, ""custom"": 0.004680717294909109}",0.004927823009590308,0.004927823009590308,stage3_l_opt,l_opt_current_alpha,1.2619785510366364,0.019114878704637572,0.05,False,False,True,True,0.0030504000217964258,True,6657,11514
0,2,0.0,0.0,uniform,0,uniform,0.5,guarded,stage1,,,8,0.02545393658989254,custom,"{""bfgs"": 0.00842324593033657, ""custom"": 0.004680717294909109}",0.004927823009590308,0.004927823009590308,stage3_l_opt,l_opt_current_alpha,1.2619785510366364,0.019114878704637572,0.05,False,False,True,True,0.0030504000217964258,True,7368,13284
0,2,0.0,0.0,uniform,0,uniform,0.5,guarded,stage1,,,9,0.02545393658989254,custom,"{""bfgs"": 0.00842324593033657, ""custom"": 0.004680717294909109}",0.004927823009590308,0.004927823009590308,stage3_l_opt,l_opt_current_alpha,1.2619785510366364,0.019114878704637572,0.05,False,False,True,True,0.0030504000217964258,True,8079,15054
0,2,0.0,0.0,uniform,0,uniform,0.5,guarded,stage1,,,10,0.02545393658989254,custom,"{""bfgs"": 0.00842324593033657, ""custom"": 0.004680717294909109}",0.004927823009590308,0.004927823009590308,stage3_l_opt,l_opt_current_alpha,1.2619785510366364,0.019114878704637572,0.05,False,False,True,True,0.0030504000217964258,True,8790,16824
0,2,0.0,0.0,uniform,0,uniform,0.5,guarded,stage1,,,11,0.02545393658989254,custom,"{""bfgs"": 0.00842324593033657, ""custom"": 0.004680717294909109}",0.004927823009590308,0.004927823009590308,stage3_l_opt,l_opt_current_alpha,1.2619785510366364,0.019114878704637572,0.05,False,False,True,True,0.0030504000217964258,True,9501,18594
0,2,0.0,0.0,uniform,0,uniform,0.5,guarded,stage1,,,12,0.02545393658989254,custom,"{""bfgs"": 0.00842324593033657, ""custom"": 0.004680717294909109}",0.004927823009590308,0.004927823009590308,stage3_l_opt,l_opt_current_alpha,1.2619785510366364,0.019114878704637572,0.05,False,False,True,True,0.0030504000217964258,True,10212,20364
0,2,0.0,0.0,uniform,0,uniform,0.5,guarded,stage1,,,13,0.02545393658989254,custom,"{""bfgs"": 0.00842324593033657, ""custom"": 0.004680717294909109}",0.004927823009590308,0.004927823009590308,stage3_l_opt,l_opt_current_alpha,1.2619785510366364,0.019114878704637572,0.05,False,False,True,True,0.0030504000217964258,True,10923,22134
0,2,0.0,0.0,uniform,0,uniform,0.5,guarded,stage1,,,14,0.02545393658989254,custom,"{""bfgs"": 0.00842324593033657, ""custom"": 0.004680717294909109}",0.004927823009590308,0.004927823009590308,stage3_l_opt,l_opt_current_alpha,1.2619785510366364,0.019114878704637572,0.05,False,False,True,True,0.0030504000217964258,True,11634,23904
0,2,0.0,0.0,uniform,0,uniform,0.5,guarded,stage1,,,15,0.02545393658989254,custom,"{""bfgs"": 0.00842324593033657, ""custom"": 0.004680717294909109}",0.004927823009590308,0.004927823009590308,stage3_l_opt,l_opt_current_alpha,1.2619785510366364,0.019114878704637572,0.05,False,False,True,True,0.0030504000217964258,True,12345,25674
0,2,0.0,0.0,uniform,0,uniform,0.5,guarded,stage1,,,16,0.02545393658989254,custom,"{""bfgs"": 0.00842324593033657, ""custom"": 0.004680717294909109}",0.004927823009590308,0.004927823009590308,stage3_l_opt,l_opt_current_alpha,1.2619785510366364,0.019114878704637572,0.05,False,False,True,True,0.0030504000217964258,True,13056,27444
0,2,0.0,0.0,uniform,0,uniform,0.5,guarded,stage1,,,17,0.02545393658989254,custom,"{""bfgs"": 0.00842324593033657, ""custom"": 0.004680717294909109}",0.004927823009590308,0.004927823009590308,stage3_l_opt,l_opt_current_alpha,1.2619785510366364,0.019114878704637572,0.05,False,False,True,True,0.0030504000217964258,True,13767,29214
0,2,0.0,0.0,uniform,0,uniform,0.5,guarded,stage1,,,18,0.02545393658989254,custom,"{""bfgs"": 0.00842324593033657, ""custom"": 0.004680717294909109}",0.004927823009590308,0.004927823009590308,stage3_l_opt,l_opt_current_alpha,1.2619785510366364,0.019114878704637572,0.05,False,False,True,True,0.0030504000217964258,True,14478,30984
0,2,0.0,0.0,uniform,0,uniform,0.5,guarded,stage1,,,19,0.02545393658989254,custom,"{""bfgs"": 0.00842324593033657, ""custom"": 0.004680717294909109}",0.004927823009590308,0.004927823009590308,stage3_l_opt,l_opt_current_alpha,1.2619785510366364,0.019114878704637572,0.05,False,False,True,True,0.0030504000217964258,True,15189,32754
1,2,0.0,0.0,uniform,0,uniform,0.5,guarded,stage1,,,0,0.014061640698106457,custom,"{""bfgs"": 0.013039099673430124, ""custom"": 0.0020194388926029205}",0.0020194388926029205,0.0020194388926029205,stage3_l_opt,l_opt_current_alpha,0.17987244380254053,0.08993622190127026,0.5,False,True,True,False,,True,141,777
1,2,0.0,0.0,uniform,0,uniform,0.5,guarded,stage1,,,1,0.013795752469409435,custom,"{""bfgs"": 0.013856843287749311, ""custom"": 0.002005137504885856}",0.0020970813930034637,0.0020970813930034637,stage3_l_opt,l_opt_current_alpha,0.11079739177844222,0.05539869588922108,0.5,True,True,True,False,7.764250040054321e-05,True,282,1884
1,2,0.0,0.0,uniform,0,uniform,0.5,guarded,stage1,,,2,0.014592854701152727,custom,"{""bfgs"": 0.017986932815476184, ""custom"": 0.001653857139359863}",0.001859765499830246,0.001859765499830246,stage3_l_opt,l_opt_current_alpha,0.0027286925529221295,0.0013643462764610925,0.5,True,True,True,False,-0.00023731589317321777,True,654,3255
1,2,0.0,0.0,uniform,0,uniform,0.5,guarded,stage1,,,3,0.014586119518595907,custom,"{""bfgs"": 0.026318209223761317, ""custom"": 0.0016546030878708175}",0.001861979564030965,0.001861979564030965,stage3_l_opt,l_opt_current_alpha,0.0017275654996260492,0.0008637827498129691,0.5,True,True,True,False,2.2140642007191253e-06,True,906,4377
1,2,0.0,0.0,uniform,0,uniform,0.5,guarded,stage1,,,4,0.014580583883853814,custom,"{""bfgs"": 0.014369377674073243, ""custom"": 0.0016557806414899655}",0.0018640148142973583,0.0018640148142973583,stage3_l_opt,l_opt_current_alpha,0.0011992429139080496,0.0005996214569539693,0.5,True,True,True,False,2.0352502663931703e-06,True,1122,5451
1,2,0.0,0.0,uniform,0,uniform,0.5,guarded,stage1,,,5,0.014579331208975737,custom,"{""bfgs"": 0.014374646116719193, ""custom"": 0.001655325495147084}",0.0018643053869406383,0.0018643053869406383,stage3_l_opt,l_opt_current_alpha,0.0006476388370951769,0.0,0.5,True,True,False,False,2.905726432800293e-07,True,1338,6705
2,2,0.0,0.0,uniform,0,uniform,0.5,guarded,stage1,,,0,0.0001834626648221649,custom,"{""bfgs"": 0.21172869205474854, ""custom"": 0.00831919473906358}",0.008319194739063581,0.008319194739063581,stage3_l_opt,l_opt_current_alpha,1.3066637945288224,0.6533318972644111,0.5,False,True,True,False,,True,822,1710
2,2,0.0,0.0,uniform,0,uniform,0.5,guarded,stage1,,,1,0.00018353781029140093,custom,"{""bfgs"": 0.19921873629940332, ""custom"": 0.00424281106661633}",0.00831918977200985,0.00831918977200985,stage3_l_opt,l_opt_current_alpha,0.6533347694022555,0.3266673847011278,0.5,True,True,True,False,-4.967053731860793e-09,True,1620,3708
2,2,0.0,0.0,uniform,0,uniform,0.5,guarded,stage1,,,2,0.00018353276108237782,custom,"{""bfgs"": 0.04833055353654723, ""custom"": 0.0022046018889589868}",0.008319199706117312,0.008319199706117312,stage3_l_opt,l_opt_current_alpha,0.7967165608431104,0.3983582804215552,0.5,True,True,True,False,9.934107461986863e-09,True,2385,5529
2,2,0.0,0.0,uniform,0,uniform,0.5,guarded,stage1,,,3,0.00018350522267440716,custom,"{""bfgs"": 0.19337845187139258, ""custom"": 0.0014994110896953427}",0.00831918977200985,0.00831918977200985,stage3_l_opt,l_opt_current_alpha,0.39224174383790394,0.19612087191895197,0.5,True,True,True,False,-9.934107461986863e-09,True,3084,6843
2,2,0.0,0.0,uniform,0,uniform,0.5,guarded,stage1,,,4,0.00018356647375425417,custom,"{""bfgs"": 0.19248325629660296, ""custom"": 0.0012355032750561413}",0.00831920343140761,0.00831920343140761,stage3_l_opt,l_opt_current_alpha,0.16964969201733548,0.08482484600866777,0.5,True,True,True,False,1.3659397760448777e-08,True,4236,8514
2,2,0.0,0.0,uniform,0,uniform,0.5,guarded,stage1,,,5,0.0008503856171254154,custom,"{""bfgs"": 0.1919631919018484, ""custom"": 0.0008951722405018826}",0.008484503254294395,0.008484503254294395,stage3_l_opt,l_opt_current_alpha,0.11755483504938802,0.04241242300433383,0.25,False,False,True,True,0.00016529982288678545,True,4956,10326
2,2,0.0,0.0,uniform,0,uniform,0.5,guarded,stage1,,,6,0.0001851200930932384,custom,"{""bfgs"": 0.18708799484144417, ""custom"": 0.00117250009105561}",0.008319569751620293,0.008319569751620293,stage3_l_opt,l_opt_current_alpha,0.15161039447261954,0.0379025986181549,0.25,True,True,True,False,3.6632021268266646e-07,True,5688,11943
2,2,0.0,0.0,uniform,0,uniform,0.5,guarded,stage1,,,7,0.00018464769549442206,custom,"{""bfgs"": 0.19204030367554892, ""custom"": 0.0011312945797445511}",0.008319506421685219,0.008319506421685219,stage3_l_opt,l_opt_current_alpha,0.04960594301785948,0.012401485754464845,0.25,True,True,True,False,-6.332993507385254e-08,True,6624,13818
2,2,0.0,0.0,uniform,0,uniform,0.5,guarded,stage1,,,8,0.0004533559382628727,custom,"{""bfgs"": 0.2677439377271623, ""custom"": 0.0008650986421292642}",0.008351343994339308,0.008351343994339308,stage3_l_opt,l_opt_current_alpha,0.0379199002754925,0.009479975068873155,0.25,True,True,True,False,3.1837572654088916e-05,True,7464,15432
2,2,0.0,0.0,uniform,0,uniform,0.5,guarded,stage1,,,9,0.0001999428713340412,custom,"{""bfgs"": 0.19169969838951814, ""custom"": 0.0009974367921217486}",0.008318116888403893,0.008318116888403893,stage3_l_opt,l_opt_current_alpha,0.03417015357906157,0.008542538394765407,0.25,True,True,True,False,-3.322710593541521e-05,True,8241,17379
2,2,0.0,0.0,uniform,0,uniform,0.5,guarded,stage1,,,10,0.00018813776011636363,custom,"{""bfgs"": 0.023181932632831297, ""custom"": 0.0009985650735458154}",0.00831990254422029,0.00831990254422029,stage3_l_opt,l_opt_current_alpha,0.13411879442506974,0.03352969860626745,0.25,True,True,True,False,1.7856558163966557e-06,True,9081,18348
2,2,0.0,0.0,uniform,0,uniform,0.5,guarded,stage1,,,11,0.0008574975133601725,custom,"{""bfgs"": 0.013759270752753548, ""custom"": 0.0007775677456656968}",0.008482547476887703,0.008482547476887703,stage3_l_opt,l_opt_current_alpha,0.10909746540503604,0.016764849303133676,0.125,False,False,True,True,0.00016264493266741377,True,9789,19692
2,2,0.0,0.0,uniform,0,uniform,0.5,guarded,stage1,,,12,0.00036285562979207486,custom,"{""bfgs"": 0.17152103590741263, ""custom"": 0.0005216547241451896}",0.00829078567524751,0.00829078567524751,stage3_l_opt,l_opt_current_alpha,0.027010104020949173,0.003376263002618684,0.125,True,True,True,False,-2.911686897277832e-05,True,10131,21411
2,2,0.0,0.0,uniform,0,uniform,0.5,guarded,stage1,,,13,0.00020280482061660332,custom,"{""bfgs"": 0.19159192326105728, ""custom"": 0.00098871729205618}",0.00832432322204113,0.00832432322204113,stage3_l_opt,l_opt_current_alpha,0.12040901866026597,0.015051127332533193,0.125,True,True,True,False,3.3537546793619213e-05,True,10350,22686
2,2,0.0,0.0,uniform,0,uniform,0.5,guarded,stage1,,,14,0.0008582239388429114,custom,"{""bfgs"": 0.1915628431141536, ""custom"": 0.0007815338934609579}",0.008496717239419619,0.008496717239419619,stage3_l_opt,l_opt_current_alpha,0.1135078055989438,0.007525563666266572,0.0625,False,False,True,True,0.0001723940173784886,True,11106,23928
2,2,0.0,0.0,uniform,0,uniform,0.5,guarded,stage1,,,15,0.0008536040477784557,custom,"{""bfgs"": 0.19157742163159738, ""custom"": 0.0007777953269362288}",0.008482657993833223,0.008482657993833223,stage3_l_opt,l_opt_current_alpha,0.12107899513430061,0.006020450933013257,0.05,False,False,True,True,0.00015833477179209333,True,11775,25323
2,2,0.0,0.0,uniform,0,uniform,0.5,guarded,stage1,,,16,0.0005367855468962346,custom,"{""bfgs"": 0.1915803328165629, ""custom"": 0.0005679859522695925}",0.008341392502188683,0.008341392502188683,stage3_l_opt,l_opt_current_alpha,0.1156012620116472,0.0057800631005823985,0.05,True,True,True,False,1.706928014755249e-05,True,12516,26316
2,2,0.0,0.0,uniform,0,uniform,0.5,guarded,stage1,,,17,0.00018353695198486397,custom,"{""bfgs"": 0.1915641649689428, ""custom"": 0.0009917007800154633}",0.008319164936741194,0.008319164936741194,stage3_l_opt,l_opt_current_alpha,0.10979257991153182,0.005489628995576611,0.05,True,True,True,False,-2.2227565447488842e-05,True,13218,27354
2,2,0.0,0.0,uniform,0,uniform,0.5,guarded,stage1,,,18,0.0008589056012230922,custom,"{""bfgs"": 0.19154909257809521, ""custom"": 0.0007737543344772917}",0.008491643394033114,0.008491643394033114,stage3_l_opt,l_opt_current_alpha,0.11128528006333885,0.005489628995576611,0.05,False,False,True,True,0.00017247845729191982,True,13878,28668
2,2,0.0,0.0,uniform,0,uniform,0.5,guarded,stage1,,,19,0.0008589056012230922,custom,"{""bfgs"": 0.19154909257809521, ""custom"": 0.0007737543344772917}",0.008491643394033114,0.008491643394033114,stage3_l_opt,l_opt_current_alpha,0.11128528006333885,0.005489628995576611,0.05,False,False,True,True,0.00017247845729191982,True,14538,29982
3,2,0.0,0.0,uniform,0,uniform,0.5,guarded,stage1,,,0,0.004999435120968676,custom,"{""bfgs"": 0.03222368409236272, ""custom"": 0.02738967289527257}",0.02738967289527257,0.02738967289527257,stage3_l_opt,l_opt_current_alpha,,0.0,0.5,False,True,False,False,,False,294,1176
4,2,0.0,0.0,uniform,0,uniform,0.5,guarded,stage1,,,0,0.01943451119062034,custom,"{""bfgs"": 0.0969330370426178, ""custom"": 0.016788107653458915}",0.016788107653458912,0.016788107653458912,stage3_l_opt,l_opt_current_alpha,,0.0,0.5,False,True,False,False,,False,231,849
5,2,0.0,0.0,uniform,0,uniform,0.5,guarded,stage1,,,0,0.0201095437757748,custom,"{""bfgs"": 0.022241764391462006, ""custom"": 0.020472523445884384}",0.020472523445884388,0.020472523445884388,stage3_l_opt,l_opt_current_alpha,,0.0,0.5,False,True,False,False,,False,297,840
6,2,0.0,0.0,uniform,0,uniform,0.5,guarded,stage1,,,0,0.00632532611649772,bfgs,"{""bfgs"": 0.011468042309085527, ""custom"": 0.015709962074955303}",0.011468042309085527,0.011468042309085527,stage3_l_opt,l_opt_current_alpha,0.8552660695538767,0.42763303477693837,0.5,False,True,True,False,,True,690,1473
6,2,0.0,0.0,uniform,0,uniform,0.5,guarded,stage1,,,1,0.0021054256683335736,bfgs,"{""bfgs"": 0.006747053809239659, ""custom"": 0.01139730421124947}",0.007810634250442187,0.007810634250442187,stage3_l_opt,l_opt_current_alpha,0.5414063549417543,0.27070317747087713,0.5,True,True,True,False,-0.00365740805864334,True,1401,3387
6,2,0.0,0.0,uniform,0,uniform,0.5,guarded,stage1,,,2,0.004470190129957086,custom,"{""bfgs"": 0.05451338750062696, ""custom"": 0.013797164103941289}",0.015637246891856194,0.015637246891856194,stage3_l_opt,l_opt_current_alpha,,0.0,0.5,False,False,False,True,0.007826612641414005,False,1752,5376
7,2,0.0,0.0,uniform,0,uniform,0.5,guarded,stage1,,,0,0.001179535245689145,custom,"{""bfgs"": 0.015688052400946617, ""custom"": 0.012473986173669495}",0.012473986173669497,0.012473986173669497,stage3_l_opt,l_opt_current_alpha,0.9720869590002725,0.4860434795001362,0.5,False,True,True,False,,True,723,912
7,2,0.0,0.0,uniform,0,uniform,0.5,guarded,stage1,,,1,0.005962089028590745,custom,"{""bfgs"": 0.014007755171707206, ""custom"": 0.008259555996222873}",0.014881163835525513,0.014881163835525513,stage3_l_opt,l_opt_current_alpha,1.4660434795001362,0.24302173975006808,0.25,False,False,True,True,0.002407177661856016,True,1287,1833
7,2,0.0,0.0,uniform,0,uniform,0.5,guarded,stage1,,,2,0.0006867532555094313,custom,"{""bfgs"": 0.011199733529253823, ""custom"": 0.010832911567222813}",0.012495570505658785,0.012495570505658785,stage3_l_opt,l_opt_current_alpha,1.3863550730834016,0.3465887682708504,0.25,True,True,True,False,2.158433198928833e-05,True,1602,2682
7,2,0.0,0.0,uniform,0,uniform,0.5,guarded,stage1,,,3,0.0014160997273838793,custom,"{""bfgs"": 0.01339785687643626, ""custom"": 0.008408737920424311}",0.012568417315681776,0.012568417315681776,stage3_l_opt,l_opt_current_alpha,0.4675004745763287,0.11687511864408215,0.25,True,True,True,False,7.284681002299107e-05,True,1779,3975
7,2,0.0,0.0,uniform,0,uniform,0.5,guarded,stage1,,,4,0.0014647281038228654,custom,"{""bfgs"": 0.014308947090309778, ""custom"": 0.006872169251088679}",0.012499531731009483,0.012499531731009483,stage3_l_opt,l_opt_current_alpha,0.44479352931486205,0.11119838232871553,0.25,True,True,True,False,-6.888558467229265e-05,True,1959,4914
7,2,0.0,0.0,uniform,0,uniform,0.5,guarded,stage1,,,5,0.0017375085908947763,custom,"{""bfgs"": 0.024148064340385304, ""custom"": 0.005885005227385233}",0.012584098304311434,0.012584098304311434,stage3_l_opt,l_opt_current_alpha,0.8116928038397535,0.20292320095993838,0.25,True,True,True,False,8.456657330195051e-05,True,2136,5898
7,2,0.0,0.0,uniform,0,uniform,0.5,guarded,stage1,,,6,0.00047665163318150183,custom,"{""bfgs"": 0.018520796751314076, ""custom"": 0.004034675576164878}",0.0125479723016421,0.0125479723016421,stage3_l_opt,l_opt_current_alpha,0.8556216447852207,0.21390541119630518,0.25,True,True,True,False,-3.612600266933441e-05,True,2472,6732
7,2,0.0,0.0,uniform,0,uniform,0.5,guarded,stage1,,,7,0.0015832903807946885,custom,"{""bfgs"": 0.013271153994319912, ""custom"": 0.004554742484416759}",0.012455098951856295,0.012455098951856295,stage3_l_opt,l_opt_current_alpha,0.8189169509745298,0.2047292377436324,0.25,True,True,True,False,-9.287334978580475e-05,True,2673,7719
7,2,0.0,0.0,uniform,0,uniform,0.5,guarded,stage1,,,8,0.001404310461504077,custom,"{""bfgs"": 0.012209976702403728, ""custom"": 0.00484979256195504}",0.012463063622514406,0.012463063622514406,stage3_l_opt,l_opt_current_alpha,0.9595746619760026,0.23989366549400068,0.25,True,True,True,False,7.964670658111572e-06,True,2970,8820
7,2,0.0,0.0,uniform,0,uniform,0.5,guarded,stage1,,,9,0.0016691810537540208,custom,"{""bfgs"": 0.01572240026413345, ""custom"": 0.003793299719576658}",0.012463761493563652,0.012463761493563652,stage3_l_opt,l_opt_current_alpha,0.435771057731141,0.10894276443278525,0.25,True,True,True,False,6.978710492457768e-07,True,3156,10188
7,2,0.0,0.0,uniform,0,uniform,0.5,guarded,stage1,,,10,0.0015258173907302663,custom,"{""bfgs"": 0.014063051333399624, ""custom"": 0.003142314717171604}",0.012461809441447258,0.012461809441447258,stage3_l_opt,l_opt_current_alpha,0.7427059212902681,0.1856764803225671,0.25,True,True,True,False,-1.952052116394043e-06,True,3435,11061
7,2,0.0,0.0,uniform,0,uniform,0.5,guarded,stage1,,,11,0.0016213524212075892,custom,"{""bfgs"": 0.014413821458447964, ""custom"": 0.0036994636261532842}",0.012454065804680189,0.012454065804680189,stage3_l_opt,l_opt_current_alpha,0.4351355986130222,0.1087838996532556,0.25,True,True,True,False,-7.74363676706892e-06,True,3702,12201
7,2,0.0,0.0,uniform,0,uniform,0.5,guarded,stage1,,,12,0.001684499797388217,custom,"{""bfgs"": 0.005879443403843072, ""custom"": 0.0031968456163223983}",0.01245227518181006,0.01245227518181006,stage3_l_opt,l_opt_current_alpha,0.4322546346773844,0.10806365866934617,0.25,True,True,True,False,-1.7906228701285165e-06,True,3996,13266
7,2,0.0,0.0,uniform,0,uniform,0.5,guarded,stage1,,,13,0.0014494705331263846,custom,"{""bfgs"": 0.017945465522480473, ""custom"": 0.0027429719633849784}",0.012520770852764448,0.012520770852764448,stage3_l_opt,l_opt_current_alpha,0.7610608899870421,0.19026522249676056,0.25,True,True,True,False,6.849567095438755e-05,True,4629,14154
7,2,0.0,0.0,uniform,0,uniform,0.5,guarded,stage1,,,14,0.0016754054132741003,custom,"{""bfgs"": 0.014729942873214176, ""custom"": 0.0033627718154050183}",0.012451708937684694,0.012451708937684694,stage3_l_opt,l_opt_current_alpha,0.4342965095011979,0.1085741273752995,0.25,True,True,True,False,-6.906191507975376e-05,True,4893,15081
7,2,0.0,0.0,uniform,0,uniform,0.5,guarded,stage1,,,15,0.0017093171458339995,custom,"{""bfgs"": 0.014892828926837345, ""custom"": 0.0029130012854447}",0.0124542818715175,0.0124542818715175,stage3_l_opt,l_opt_current_alpha,0.6438206129144252,0.16095515322860626,0.25,True,True,True,False,2.5729338328055185e-06,True,5088,16047
7,2,0.0,0.0,uniform,0,uniform,0.5,guarded,stage1,,,16,0.002221296839538589,custom,"{""bfgs"": 0.012343588577430958, ""custom"": 0.002359261022509653}",0.012360655392209688,0.012360655392209688,stage3_l_opt,l_opt_current_alpha,0.8244172809122817,0.20610432022807038,0.25,True,True,True,False,-9.362647930781162e-05,True,5343,17010
7,2,0.0,0.0,uniform,0,uniform,0.5,guarded,stage1,,,17,0.0018029589186017714,custom,"{""bfgs"": 0.015725202924908054, ""custom"": 0.003129454432389981}",0.01249471865594387,0.01249471865594387,stage3_l_opt,l_opt_current_alpha,0.6867870812822301,0.10305216011403513,0.125,False,False,True,True,0.0001340632637341823,True,5511,18111
7,2,0.0,0.0,uniform,0,uniform,0.5,guarded,stage1,,,18,0.0017706541471028125,custom,"{""bfgs"": 0.012878637808203905, ""custom"": 0.002647306728012859}",0.012447074676553408,0.012447074676553408,stage3_l_opt,l_opt_current_alpha,0.72637179973733,0.09079647496716625,0.125,True,True,True,False,8.641928434371948e-05,True,5949,18957
7,2,0.0,0.0,uniform,0,uniform,0.5,guarded,stage1,,,19,0.0017050674110513642,custom,"{""bfgs"": 0.015930822332875762, ""custom"": 0.002978761222531356}",0.012454299256205559,0.012454299256205559,stage3_l_opt,l_opt_current_alpha,0.8183362997606296,0.1022920374700787,0.125,True,True,True,False,7.22457965215105e-06,True,6117,19971
8,2,0.0,0.0,uniform,0,uniform,0.5,guarded,stage1,,,0,0.015631065190199023,bfgs,"{""bfgs"": 0.006946955497066179, ""custom"": 0.007576291138927141}",0.00694695549706618,0.00694695549706618,stage3_l_opt,l_opt_current_alpha,,0.0,0.5,False,True,False,False,,False,537,1074
9,2,0.0,0.0,uniform,0,uniform,0.5,guarded,stage1,,,0,0.00979288672676772,custom,"{""bfgs"": 0.05481658379236857, ""custom"": 0.00694693997502327}",0.00694693997502327,0.00694693997502327,stage3_l_opt,l_opt_current_alpha,1.3066666666666666,0.6533333333333333,0.5,False,True,True,False,,True,165,1614
9,2,0.0,0.0,uniform,0,uniform,0.5,guarded,stage1,,,1,0.00876242191050066,custom,"{""bfgs"": 0.03429622754454613, ""custom"": 0.0071955151483416545}",0.014108803123235703,0.014108803123235703,stage3_l_opt,l_opt_current_alpha,1.3066666666666666,0.3266666666666667,0.25,False,False,True,True,0.007161863148212433,True,480,3018
9,2,0.0,0.0,uniform,0,uniform,0.5,guarded,stage1,,,2,0.0008159260285840186,custom,"{""bfgs"": 0.044556405668457345, ""custom"": 0.006954683754593133}",0.009211499243974686,0.009211499243974686,stage3_l_opt,l_opt_current_alpha,,0.0,0.25,False,False,False,True,0.002264559268951416,False,780,4452
10,2,0.0,0.0,uniform,0,uniform,0.5,guarded,stage1,,,0,0.0023854643988938107,custom,"{""bfgs"": 0.02271431932846705, ""custom"": 0.01384574423233668}",0.01384574423233668,0.01384574423233668,stage3_l_opt,l_opt_current_alpha,1.3066666666666666,0.6533333333333333,0.5,False,True,True,False,,True,216,564
10,2,0.0,0.0,uniform,0,uniform,0.5,guarded,stage1,,,1,0.03117590374456479,custom,"{""bfgs"": 0.014897484872490166, ""custom"": 0.012954353727400301}",0.025400550415118534,0.025400550415118534,stage3_l_opt,l_opt_current_alpha,,0.0,0.5,False,False,False,True,0.011554806182781855,False,528,1428
11,2,0.0,0.0,uniform,0,uniform,0.5,guarded,stage1,,,0,0.009162961009462227,custom,"{""bfgs"": 0.04470833266774813, ""custom"": 0.0036158470126489797}",0.0036158470126489797,0.0036158470126489797,stage3_l_opt,l_opt_current_alpha,1.3066639905540356,0.6533319952770177,0.5,False,True,True,False,,True,756,1572
11,2,0.0,0.0,uniform,0,uniform,0.5,guarded,stage1,,,1,0.00916296184027135,custom,"{""bfgs"": 0.012978684819423908, ""custom"": 0.00184408345633154}",0.0036158408038318157,0.0036158408038318157,stage3_l_opt,l_opt_current_alpha,0.6533321739912624,0.3266660869956311,0.5,True,True,True,False,-6.20881716395863e-09,True,1665,3234
11,2,0.0,0.0,uniform,0,uniform,0.5,guarded,stage1,,,2,0.009162975786887961,custom,"{""bfgs"": 0.002406286708549541, ""custom"": 0.0009582063614488419}",0.0036158470126489797,0.0036158470126489797,stage3_l_opt,l_opt_current_alpha,0.32666722240374124,0.16333361120187068,0.5,True,True,True,False,6.20881716395863e-09,True,2514,4575
11,2,0.0,0.0,uniform,0,uniform,0.5,guarded,stage1,,,3,0.00916296202466712,custom,"{""bfgs"": 0.036752593012861406, ""custom"": 0.0005152794708475199}",0.003615853221466144,0.003615853221466144,stage3_l_opt,l_opt_current_alpha,0.16333474619702754,0.08166737309851382,0.5,True,True,True,False,6.208817164392311e-09,True,3282,5850
11,2,0.0,0.0,uniform,0,uniform,0.5,guarded,stage1,,,4,0.009162950177540805,custom,"{""bfgs"": 0.007977064088252163, ""custom"": 0.00029380930444204624}",0.003615853221466144,0.003615853221466144,stage3_l_opt,l_opt_current_alpha,0.08166737309851373,0.04083368654925691,0.5,True,True,True,False,0.0,True,4260,7068
11,2,0.0,0.0,uniform,0,uniform,0.5,guarded,stage1,,,5,0.009162955690052571,custom,"{""bfgs"": 0.002114744348407779, ""custom"": 0.00018307422123930937}",0.003615853221466144,0.003615853221466144,stage3_l_opt,l_opt_current_alpha,0.04083368657441283,0.02041684328720647,0.5,True,True,True,False,0.0,True,5163,8976
11,2,0.0,0.0,uniform,0,uniform,0.5,guarded,stage1,,,6,0.009162962150293712,custom,"{""bfgs"": 0.0893578290045435, ""custom"": 0.0001276918661624202}",0.0036158408038318157,0.0036158408038318157,stage3_l_opt,l_opt_current_alpha,0.020414573593352955,0.010207286796676478,0.5,True,True,True,False,-1.241763432835094e-08,True,5913,10014
11,2,0.0,0.0,uniform,0,uniform,0.5,guarded,stage1,,,7,0.009163023975043046,custom,"{""bfgs"": 0.020640286749557726, ""custom"": 0.00010003810484500104}",0.0036158482544124126,0.0036158482544124126,stage3_l_opt,l_opt_current_alpha,0.010208648611726975,0.005104324305863488,0.5,True,True,True,False,7.450580596923828e-09,True,6738,11373
11,2,0.0,0.0,uniform,0,uniform,0.5,guarded,stage1,,,8,0.009163023209058256,custom,"{""bfgs"": 0.0008239230704147343, ""custom"": 8.621111221883658e-05}",0.0036158631555736065,0.0036158631555736065,stage3_l_opt,l_opt_current_alpha,0.005105459154630013,0.002552729577315062,0.5,True,True,True,False,1.4901161193847656e-08,True,7755,12849
11,2,0.0,0.0,uniform,0,uniform,0.5,guarded,stage1,,,9,0.009163026484863175,custom,"{""bfgs"": 0.009225842107699962, ""custom"": 7.928974315660179e-05}",0.0036158631555736065,0.0036158631555736065,stage3_l_opt,l_opt_current_alpha,0.002552729577314951,0.0012763647886574192,0.5,True,True,True,False,0.0,True,8544,14109
11,2,0.0,0.0,uniform,0,uniform,0.5,guarded,stage1,,,10,0.009163028019750302,custom,"{""bfgs"": 0.08783919351785698, ""custom"": 7.582905862548441e-05}",0.0036158631555736065,0.0036158631555736065,stage3_l_opt,l_opt_current_alpha,0.001276364788657532,0.0006381823943288224,0.5,True,True,True,False,0.0,True,9441,16011
11,2,0.0,0.0,uniform,0,uniform,0.5,guarded,stage1,,,11,0.00916302876149079,custom,"{""bfgs"": 0.005036085598156987, ""custom"": 7.409871635992573e-05}",0.0036158631555736065,0.0036158631555736065,stage3_l_opt,l_opt_current_alpha,0.0006381823943287096,0.0,0.5,True,True,False,False,0.0,True,9786,17541
12,2,0.0,0.0,uniform,0,uniform,0.5,guarded,stage1,,,0,0.004929630114647164,custom,"{""bfgs"": 0.17662130296230316, ""custom"": 0.006175747762123743}",0.006175747762123744,0.006175747762123744,stage3_l_opt,l_opt_current_alpha,1.2632588800470679,0.6316294400235339,0.5,False,True,True,False,,True,357,1299
12,2,0.0,0.0,uniform,0,uniform,0.5,guarded,stage1,,,1,0.014275374777977738,custom,"{""bfgs"": 0.18261793595069933, ""custom"": 0.004377168332514472}",0.008257795125246048,0.008257795125246048,stage3_l_opt,l_opt_current_alpha,0.7716951401414642,0.31581472001176697,0.25,False,False,True,True,0.002082047363122304,True,822,2076
12,2,0.0,0.0,uniform,0,uniform,0.5,guarded,stage1,,,2,0.014275455665739116,custom,"{""bfgs"": 0.18612030471546606, ""custom"": 0.006317490199265543}",0.008257817476987839,0.008257817476987839,stage3_l_opt,l_opt_current_alpha,0.6093226605857445,0.1579073600058834,0.125,False,False,True,True,0.0020820697148640948,True,1536,3423
12,2,0.0,0.0,uniform,0,uniform,0.5,guarded,stage1,,,3,0.005106289816795111,custom,"{""bfgs"": 0.18769976388682852, ""custom"": 0.0067783270108920345}",0.006138306111097336,0.006138306111097336,stage3_l_opt,l_opt_current_alpha,1.0328295240142757,0.12910369050178438,0.125,True,True,True,False,-3.744165102640817e-05,True,2829,4794
12,2,0.0,0.0,uniform,0,uniform,0.5,guarded,stage1,,,4,0.014073832690450941,custom,"{""bfgs"": 0.18639463694074895, ""custom"": 0.006377576723502098}",0.008089059342940649,0.008089059342940649,stage3_l_opt,l_opt_current_alpha,0.5951384993184041,0.06455184525089219,0.0625,False,False,True,True,0.0019507532318433132,True,3720,6036
12,2,0.0,0.0,uniform,0,uniform,0.5,guarded,stage1,,,5,0.0083560729556214,custom,"{""bfgs"": 0.18708012199465657, ""custom"": 0.006052474684313865}",0.006088757266600926,0.006088757266600926,stage3_l_opt,l_opt_current_alpha,0.5892610021557612,0.036828812634735086,0.0625,True,True,True,False,-4.954884449640939e-05,True,5070,7686
12,2,0.0,0.0,uniform,0,uniform,0.5,guarded,stage1,,,6,0.01425288561761092,custom,"{""bfgs"": 0.18683761940770516, ""custom"": 0.006619864832213482}",0.008239434411128363,0.008239434411128363,stage3_l_opt,l_opt_current_alpha,1.041114108987749,0.029463050107788047,0.05,False,False,True,True,0.002150677144527436,True,5316,9063
12,2,0.0,0.0,uniform,0,uniform,0.5,guarded,stage1,,,7,0.014278064103031632,custom,"{""bfgs"": 0.18688100733008017, ""custom"": 0.006689267746346355}",0.008260119706392288,0.008260119706392288,stage3_l_opt,l_opt_current_alpha,1.054744411302103,0.029463050107788047,0.05,False,False,True,True,0.0021713624397913618,True,6567,10791
12,2,0.0,0.0,uniform,0,uniform,0.5,guarded,stage1,,,8,0.014278064103031632,custom,"{""bfgs"": 0.18688100733008017, ""custom"": 0.006689267746346355}",0.008260119706392288,0.008260119706392288,stage3_l_opt,l_opt_current_alpha,1.054744411302103,0.029463050107788047,0.05,False,False,True,True,0.0021713624397913618,True,7818,12519
12,2,0.0,0.0,uniform,0,uniform,0.5,guarded,stage1,,,9,0.014278064103031632,custom,"{""bfgs"": 0.18688100733008017, ""custom"": 0.006689267746346355}",0.008260119706392288,0.008260119706392288,stage3_l_opt,l_opt_current_alpha,1.054744411302103,0.029463050107788047,0.05,False,False,True,True,0.0021713624397913618,True,9069,14247
12,2,0.0,0.0,uniform,0,uniform,0.5,guarded,stage1,,,10,0.014278064103031632,custom,"{""bfgs"": 0.18688100733008017, ""custom"": 0.006689267746346355}",0.008260119706392288,0.008260119706392288,stage3_l_opt,l_opt_current_alpha,1.054744411302103,0.029463050107788047,0.05,False,False,True,True,0.0021713624397913618,True,10320,15975
12,2,0.0,0.0,uniform,0,uniform,0.5,guarded,stage1,,,11,0.014278064103031632,custom,"{""bfgs"": 0.18688100733008017, ""custom"": 0.006689267746346355}",0.008260119706392288,0.008260119706392288,stage3_l_opt,l_opt_current_alpha,1.054744411302103,0.029463050107788047,0.05,False,False,True,True,0.0021713624397913618,True,11571,17703
12,2,0.0,0.0,uniform,0,uniform,0.5,guarded,stage1,,,12,0.014278064103031632,custom,"{""bfgs"": 0.18688100733008017, ""custom"": 0.006689267746346355}",0.008260119706392288,0.008260119706392288,stage3_l_opt,l_opt_current_alpha,1.054744411302103,0.029463050107788047,0.05,False,False,True,True,0.0021713624397913618,True,12822,19431
12,2,0.0,0.0,uniform,0,uniform,0.5,guarded,stage1,,,13,0.014278064103031632,custom,"{""bfgs"": 0.18688100733008017, ""custom"": 0.006689267746346355}",0.008260119706392288,0.008260119706392288,stage3_l_opt,l_opt_current_alpha,1.054744411302103,0.029463050107788047,0.05,False,False,True,True,0.0021713624397913618,True,14073,21159
12,2,0.0,0.0,uniform,0,uniform,0.5,guarded,stage1,,,14,0.014278064103031632,custom,"{""bfgs"": 0.18688100733008017, ""custom"": 0.006689267746346355}",0.008260119706392288,0.008260119706392288,stage3_l_opt,l_opt_current_alpha,1.054744411302103,0.029463050107788047,0.05,False,False,True,True,0.0021713624397913618,True,15324,22887
12,2,0.0,0.0,uniform,0,uniform,0.5,guarded,stage1,,,15,0.014278064103031632,custom,"{""bfgs"": 0.18688100733008017, ""custom"": 0.006689267746346355}",0.008260119706392288,0.008260119706392288,stage3_l_opt,l_opt_current_alpha,1.054744411302103,0.029463050107788047,0.05,False,False,True,True,0.0021713624397913618,True,16575,24615
12,2,0.0,0.0,uniform,0,uniform,0.5,guarded,stage1,,,16,0.014278064103031632,custom,"{""bfgs"": 0.18688100733008017, ""custom"": 0.006689267746346355}",0.008260119706392288,0.008260119706392288,stage3_l_opt,l_opt_current_alpha,1.054744411302103,0.029463050107788047,0.05,False,False,True,True,0.0021713624397913618,True,17826,26343
12,2,0.0,0.0,uniform,0,uniform,0.5,guarded,stage1,,,17,0.014278064103031632,custom,"{""bfgs"": 0.18688100733008017, ""custom"": 0.006689267746346355}",0.008260119706392288,0.008260119706392288,stage3_l_opt,l_opt_current_alpha,1.054744411302103,0.029463050107788047,0.05,False,False,True,True,0.0021713624397913618,True,19077,28071
12,2,0.0,0.0,uniform,0,uniform,0.5,guarded,stage1,,,18,0.014278064103031632,custom,"{""bfgs"": 0.18688100733008017, ""custom"": 0.006689267746346355}",0.008260119706392288,0.008260119706392288,stage3_l_opt,l_opt_current_alpha,1.054744411302103,0.029463050107788047,0.05,False,False,True,True,0.0021713624397913618,True,20328,29799
12,2,0.0,0.0,uniform,0,uniform,0.5,guarded,stage1,,,19,0.014278064103031632,custom,"{""bfgs"": 0.18688100733008017, ""custom"": 0.006689267746346355}",0.008260119706392288,0.008260119706392288,stage3_l_opt,l_opt_current_alpha,1.054744411302103,0.029463050107788047,0.05,False,False,True,True,0.0021713624397913618,True,21579,31527
13,2,0.0,0.0,uniform,0,uniform,0.5,guarded,stage1,,,0,0.0222433746635311,custom,"{""bfgs"": 0.0306148004407684, ""custom"": 0.012428870735069115}",0.012428870735069117,0.012428870735069117,stage3_l_opt,l_opt_current_alpha,0.9841121314079255,0.49205606570396276,0.5,False,True,True,False,,True,315,912
13,2,0.0,0.0,uniform,0,uniform,0.5,guarded,stage1,,,1,0.02224359979410473,custom,"{""bfgs"": 0.05898727780686652, ""custom"": 0.008203926702997848}",0.01242883720745643,0.01242883720745643,stage3_l_opt,l_opt_current_alpha,0.8146031048156233,0.40730155240781163,0.5,True,True,True,False,-3.3527612686157227e-08,True,591,1773
13,2,0.0,0.0,uniform,0,uniform,0.5,guarded,stage1,,,2,0.02224348475389981,custom,"{""bfgs"": 0.048615706789299766, ""custom"": 0.0042263478788495965}",0.012428859559198221,0.012428859559198221,stage3_l_opt,l_opt_current_alpha,0.16333708140687356,0.08166854070343672,0.5,True,True,True,False,2.2351741790771484e-08,True,825,3129
13,2,0.0,0.0,uniform,0,uniform,0.5,guarded,stage1,,,3,0.02224344349080115,custom,"{""bfgs"": 0.052037890795932115, ""custom"": 0.004434925852220516}",0.012428862042725086,0.012428862042725086,stage3_l_opt,l_opt_current_alpha,0.08166854070343683,0.04083427035171836,0.5,True,True,True,False,2.483526865063035e-09,True,1056,4257
13,2,0.0,0.0,uniform,0,uniform,0.5,guarded,stage1,,,4,0.022243424431120873,custom,"{""bfgs"": 0.05374931105728212, ""custom"": 0.004539340493249643}",0.012428862042725086,0.012428862042725086,stage3_l_opt,l_opt_current_alpha,0.38683947165779886,0.1934197358288995,0.5,True,True,True,False,0.0,True,1296,5364
13,2,0.0,0.0,uniform,0,uniform,0.5,guarded,stage1,,,5,0.022243439690539546,custom,"{""bfgs"": 0.04599673905102046, ""custom"": 0.0023939891099738347}",0.012428862042725086,0.012428862042725086,stage3_l_opt,l_opt_current_alpha,0.19341973582889938,0.09670986791444974,0.5,True,True,True,False,0.0,True,1518,6789
13,2,0.0,0.0,uniform,0,uniform,0.5,guarded,stage1,,,6,0.022243627376924535,custom,"{""bfgs"": 0.04212045304788963, ""custom"": 0.0013212568228683145}",0.01242883720745643,0.01242883720745643,stage3_l_opt,l_opt_current_alpha,0.09670469913739686,0.04835234956869843,0.5,True,True,True,False,-2.483526865583452e-08,True,1731,8157
13,2,0.0,0.0,uniform,0,uniform,0.5,guarded,stage1,,,7,0.02224353573392851,custom,"{""bfgs"": 0.040182299264565506, ""custom"": 0.0007849981119670635}",0.012428857075671354,0.012428857075671354,stage3_l_opt,l_opt_current_alpha,0.04835648458597848,0.024178242292989295,0.5,True,True,True,False,1.9868214923973726e-08,True,1965,9582
13,2,0.0,0.0,uniform,0,uniform,0.5,guarded,stage1,,,8,0.02224353834702497,custom,"{""bfgs"": 0.03921323099830131, ""custom"": 0.0005168277930575729}",0.012428857075671354,0.012428857075671354,stage3_l_opt,l_opt_current_alpha,0.02413818494162203,0.01206909247081096,0.5,True,True,True,False,0.0,True,2172,11325
13,2,0.0,0.0,uniform,0,uniform,0.5,guarded,stage1,,,9,0.022243546512425827,custom,"{""bfgs"": 0.03872962982213271, ""custom"": 0.00038297658818896887}",0.012428857075671354,0.012428857075671354,stage3_l_opt,l_opt_current_alpha,0.01206909247081107,0.006034546235405588,0.5,True,True,True,False,0.0,True,2388,13452
13,2,0.0,0.0,uniform,0,uniform,0.5,guarded,stage1,,,10,0.022243555471631038,custom,"{""bfgs"": 0.03848782923404843, ""custom"": 0.0003160509857546669}",0.012428857075671354,0.012428857075671354,stage3_l_opt,l_opt_current_alpha,0.0060345462354054824,0.0030172731177027417,0.5,True,True,True,False,0.0,True,2583,14988
13,2,0.0,0.0,uniform,0,uniform,0.5,guarded,stage1,,,11,0.02224354327839434,custom,"{""bfgs"": 0.03836692894000627, ""custom"": 0.00028258818453751587}",0.012428857075671354,0.012428857075671354,stage3_l_opt,l_opt_current_alpha,0.003017273117702741,0.0015086365588514242,0.5,True,True,True,False,0.0,True,2778,16716
13,2,0.0,0.0,uniform,0,uniform,0.5,guarded,stage1,,,12,0.022243537146860004,custom,"{""bfgs"": 0.0383064787929852, ""custom"": 0.0002658567839289404}",0.012428857075671354,0.012428857075671354,stage3_l_opt,l_opt_current_alpha,0.0015086365588513166,0.0007543182794256583,0.5,True,True,True,False,0.0,True,2973,18225
13,2,0.0,0.0,uniform,0,uniform,0.5,guarded,stage1,,,13,0.022243534072541704,custom,"{""bfgs"": 0.038276253719474664, ""custom"": 0.0002574910836246526}",0.012428857075671354,0.012428857075671354,stage3_l_opt,l_opt_current_alpha,0.0007512171334140135,0.0,0.5,True,True,False,False,0.0,True,3168,19938
14,2,0.0,0.0,uniform,0,uniform,0.5,guarded,stage1,,,0,0.001376563846582331,custom,"{""bfgs"": 0.04410124942660331, ""custom"": 0.008076924830675125}",0.008076924830675125,0.008076924830675125,stage3_l_opt,l_opt_current_alpha,1.3036843612208724,0.6518421806104363,0.5,False,True,True,False,,True,204,1668
14,2,0.0,0.0,uniform,0,uniform,0.5,guarded,stage1,,,1,0.001464440486181589,custom,"{""bfgs"": 0.0495151268727751, ""custom"": 0.004120255264718685}",0.00806168963511785,0.00806168963511785,stage3_l_opt,l_opt_current_alpha,0.6243532477134472,0.3121766238567236,0.5,True,True,True,False,-1.523519555727583e-05,True,357,3312
14,2,0.0,0.0,uniform,0,uniform,0.5,guarded,stage1,,,2,0.001376629151017968,custom,"{""bfgs"": 0.052096788644767786, ""custom"": 0.0022363410676426395}",0.008076902478933334,0.008076902478933334,stage3_l_opt,l_opt_current_alpha,0.34263767455319805,0.17131883727659902,0.5,True,True,True,False,1.5212843815485058e-05,True,585,5535
14,2,0.0,0.0,uniform,0,uniform,0.5,guarded,stage1,,,3,0.0013766050197814902,custom,"{""bfgs"": 0.05351390417690476, ""custom"": 0.0011989755617908312}",0.008076897511879602,0.008076897511879602,stage3_l_opt,l_opt_current_alpha,0.1713188373030738,0.0856594186515369,0.5,True,True,True,False,-4.967053731860793e-09,True,795,7086
14,2,0.0,0.0,uniform,0,uniform,0.5,guarded,stage1,,,4,0.0013766091016727457,custom,"{""bfgs"": 0.05422246194318302, ""custom"": 0.0006802937014863306}",0.00807689999540647,0.00807689999540647,stage3_l_opt,l_opt_current_alpha,0.08566196553663888,0.042830982768319495,0.5,True,True,True,False,2.4835268667977584e-09,True,1026,8595
14,2,0.0,0.0,uniform,0,uniform,0.5,guarded,stage1,,,5,0.0013766070507909775,custom,"{""bfgs"": 0.05457676100594398, ""custom"": 0.00042094340320078224}",0.00807689999540647,0.00807689999540647,stage3_l_opt,l_opt_current_alpha,0.042830982768319384,0.02141549138415953,0.5,True,True,True,False,0.0,True,1275,10965
14,2,0.0,0.0,uniform,0,uniform,0.5,guarded,stage1,,,6,0.0013766068193171617,custom,"{""bfgs"": 0.05475391053732446, ""custom"": 0.0002912681645549665}",0.008076897511879602,0.008076897511879602,stage3_l_opt,l_opt_current_alpha,0.021412944499057875,0.010706472249528991,0.5,True,True,True,False,-2.4835268667977584e-09,True,1506,12444
14,2,0.0,0.0,uniform,0,uniform,0.5,guarded,stage1,,,7,0.0013766783843677712,custom,"{""bfgs"": 0.054842465123392865, ""custom"": 0.0002264401416687843}",0.008076909929513931,0.008076909929513931,stage3_l_opt,l_opt_current_alpha,0.010716659869362877,0.005358329934681494,0.5,True,True,True,False,1.2417634328784621e-08,True,1731,14775
14,2,0.0,0.0,uniform,0,uniform,0.5,guarded,stage1,,,8,0.0013766835421430024,custom,"{""bfgs"": 0.05488682313554373, ""custom"": 0.0001939888718865619}",0.008076897511879602,0.008076897511879602,stage3_l_opt,l_opt_current_alpha,0.005348142314847387,0.00267407115742353,0.5,True,True,True,False,-1.2417634328784621e-08,True,1944,16950
14,2,0.0,0.0,uniform,0,uniform,0.5,guarded,stage1,,,9,0.0013766819227367076,custom,"{""bfgs"": 0.0549089214225025, ""custom"": 0.0001778001477708413}",0.008076897511879602,0.008076897511879602,stage3_l_opt,l_opt_current_alpha,0.002674071157423857,0.0013370355787119823,0.5,True,True,True,False,0.0,True,2169,18801
14,2,0.0,0.0,uniform,0,uniform,0.5,guarded,stage1,,,10,0.001376609141319653,custom,"{""bfgs"": 0.054919970565981885, ""custom"": 0.00016970583772838777}",0.00807689999540647,0.00807689999540647,stage3_l_opt,l_opt_current_alpha,0.0013395824638138517,0.0006697912319069254,0.5,True,True,True,False,2.4835268667977584e-09,True,2415,20928
14,2,0.0,0.0,uniform,0,uniform,0.5,guarded,stage1,,,11,0.001376671898484099,custom,"{""bfgs"": 0.05492551531734342, ""custom"": 0.00016564977709233105}",0.008076914896567663,0.008076914896567663,stage3_l_opt,l_opt_current_alpha,0.0006774319666389469,0.0,0.5,True,True,False,False,1.4901161193847656e-08,True,2640,23151
15,2,0.0,0.0,uniform,0,uniform,0.5,guarded,stage1,,,0,0.010581442761669377,bfgs,"{""bfgs"": 0.005644686209658781, ""custom"": 0.005890503215293089}",0.005644686209658782,0.005644686209658782,stage3_l_opt,l_opt_current_alpha,0.7709516133319066,0.38547580666595327,0.5,False,True,True,False,,True,861,1062
15,2,0.0,0.0,uniform,0,uniform,0.5,guarded,stage1,,,1,0.01640873592404271,custom,"{""bfgs"": 0.005171662766238744, ""custom"": 0.0030843447150185276}",0.006037524590889613,0.006037524590889613,stage3_l_opt,l_opt_current_alpha,1.6333333333333333,0.19273790333297663,0.25,False,False,True,True,0.00039283838123083115,True,1764,3312
15,2,0.0,0.0,uniform,0,uniform,0.5,guarded,stage1,,,2,0.014073908384160791,custom,"{""bfgs"": 0.014481525464741025, ""custom"": 0.0048315802577566505}",0.0058649651085337,0.0058649651085337,stage3_l_opt,l_opt_current_alpha,0.7433315233252582,0.09636895166648834,0.125,False,False,True,True,0.00022027889887491804,True,2115,4485
15,2,0.0,0.0,uniform,0,uniform,0.5,guarded,stage1,,,3,0.013237877250079425,custom,"{""bfgs"": 0.005535577910871177, ""custom"": 0.005410352000042869}",0.005842007386187713,0.005842007386187713,stage3_l_opt,l_opt_current_alpha,0.949506689730401,0.048184475833244145,0.0625,False,False,True,True,0.00019732117652893066,True,3144,6000
15,2,0.0,0.0,uniform,0,uniform,0.5,guarded,stage1,,,4,0.013689022836338612,custom,"{""bfgs"": 0.04068863672827507, ""custom"": 0.005603045284010351}",0.005841752824683984,0.005841752824683984,stage3_l_opt,l_opt_current_alpha,1.0653837593826871,0.038547580666595305,0.05,False,False,True,True,0.00019706661502520186,True,3801,7059
15,2,0.0,0.0,uniform,0,uniform,0.5,guarded,stage1,,,5,0.013616919869047131,custom,"{""bfgs"": 0.03818908006610237, ""custom"": 0.005697290654901346}",0.0058862389996647835,0.0058862389996647835,stage3_l_opt,l_opt_current_alpha,1.2350854561913436,0.038547580666595305,0.05,False,False,True,True,0.0002415527900060015,True,4470,8412
15,2,0.0,0.0,uniform,0,uniform,0.5,guarded,stage1,,,6,0.013616919869047131,custom,"{""bfgs"": 0.03818908006610237, ""custom"": 0.005697290654901346}",0.0058862389996647835,0.0058862389996647835,stage3_l_opt,l_opt_current_alpha,1.2350854561913436,0.038547580666595305,0.05,False,False,True,True,0.0002415527900060015,True,5139,9765
15,2,0.0,0.0,uniform,0,uniform,0.5,guarded,stage1,,,7,0.013616919869047131,custom,"{""bfgs"": 0.03818908006610237, ""custom"": 0.005697290654901346}",0.0058862389996647835,0.0058862389996647835,stage3_l_opt,l_opt_current_alpha,1.2350854561913436,0.038547580666595305,0.05,False,False,True,True,0.0002415527900060015,True,5808,11118
15,2,0.0,0.0,uniform,0,uniform,0.5,guarded,stage1,,,8,0.013616919869047131,custom,"{""bfgs"": 0.03818908006610237, ""custom"": 0.005697290654901346}",0.0058862389996647835,0.0058862389996647835,stage3_l_opt,l_opt_current_alpha,1.2350854561913436,0.038547580666595305,0.05,False,False,True,True,0.0002415527900060015,True,6477,12471
15,2,0.0,0.0,uniform,0,uniform,0.5,guarded,stage1,,,9,0.013616919869047131,custom,"{""bfgs"": 0.03818908006610237, ""custom"": 0.005697290654901346}",0.0058862389996647835,0.0058862389996647835,stage3_l_opt,l_opt_current_alpha,1.2350854561913436,0.038547580666595305,0.05,False,False,True,True,0.0002415527900060015,True,7146,13824
15,2,0.0,0.0,uniform,0,uniform,0.5,guarded,stage1,,,10,0.013616919869047131,custom,"{""bfgs"": 0.03818908006610237, ""custom"": 0.005697290654901346}",0.0058862389996647835,0.0058862389996647835,stage3_l_opt,l_opt_current_alpha,1.2350854561913436,0.038547580666595305,0.05,False,False,True,True,0.0002415527900060015,True,7815,15177
15,2,0.0,0.0,uniform,0,uniform,0.5,guarded,stage1,,,11,0.013616919869047131,custom,"{""bfgs"": 0.03818908006610237, ""custom"": 0.005697290654901346}",0.0058862389996647835,0.0058862389996647835,stage3_l_opt,l_opt_current_alpha,1.2350854561913436,0.038547580666595305,0.05,False,False,True,True,0.0002415527900060015,True,8484,16530
15,2,0.0,0.0,uniform,0,uniform,0.5,guarded,stage1,,,12,0.013616919869047131,custom,"{""bfgs"": 0.03818908006610237, ""custom"": 0.005697290654901346}",0.0058862389996647835,0.0058862389996647835,stage3_l_opt,l_opt_current_alpha,1.2350854561913436,0.038547580666595305,0.05,False,False,True,True,0.0002415527900060015,True,9153,17883
15,2,0.0,0.0,uniform,0,uniform,0.5,guarded,stage1,,,13,0.013616919869047131,custom,"{""bfgs"": 0.03818908006610237, ""custom"": 0.005697290654901346}",0.0058862389996647835,0.0058862389996647835,stage3_l_opt,l_opt_current_alpha,1.2350854561913436,0.038547580666595305,0.05,False,False,True,True,0.0002415527900060015,True,9822,19236
15,2,0.0,0.0,uniform,0,uniform,0.5,guarded,stage1,,,14,0.013616919869047131,custom,"{""bfgs"": 0.03818908006610237, ""custom"": 0.005697290654901346}",0.0058862389996647835,0.0058862389996647835,stage3_l_opt,l_opt_current_alpha,1.2350854561913436,0.038547580666595305,0.05,False,False,True,True,0.0002415527900060015,True,10491,20589
15,2,0.0,0.0,uniform,0,uniform,0.5,guarded,stage1,,,15,0.013616919869047131,custom,"{""bfgs"": 0.03818908006610237, ""custom"": 0.005697290654901346}",0.0058862389996647835,0.0058862389996647835,stage3_l_opt,l_opt_current_alpha,1.2350854561913436,0.038547580666595305,0.05,False,False,True,True,0.0002415527900060015,True,11160,21942
15,2,0.0,0.0,uniform,0,uniform,0.5,guarded,stage1,,,16,0.013616919869047131,custom,"{""bfgs"": 0.03818908006610237, ""custom"": 0.005697290654901346}",0.0058862389996647835,0.0058862389996647835,stage3_l_opt,l_opt_current_alpha,1.2350854561913436,0.038547580666595305,0.05,False,False,True,True,0.0002415527900060015,True,11829,23295
15,2,0.0,0.0,uniform,0,uniform,0.5,guarded,stage1,,,17,0.013616919869047131,custom,"{""bfgs"": 0.03818908006610237, ""custom"": 0.005697290654901346}",0.0058862389996647835,0.0058862389996647835,stage3_l_opt,l_opt_current_alpha,1.2350854561913436,0.038547580666595305,0.05,False,False,True,True,0.0002415527900060015,True,12498,24648
15,2,0.0,0.0,uniform,0,uniform,0.5,guarded,stage1,,,18,0.013616919869047131,custom,"{""bfgs"": 0.03818908006610237, ""custom"": 0.005697290654901346}",0.0058862389996647835,0.0058862389996647835,stage3_l_opt,l_opt_current_alpha,1.2350854561913436,0.038547580666595305,0.05,False,False,True,True,0.0002415527900060015,True,13167,26001
15,2,0.0,0.0,uniform,0,uniform,0.5,guarded,stage1,,,19,0.013616919869047131,custom,"{""bfgs"": 0.03818908006610237, ""custom"": 0.005697290654901346}",0.0058862389996647835,0.0058862389996647835,stage3_l_opt,l_opt_current_alpha,1.2350854561913436,0.038547580666595305,0.05,False,False,True,True,0.0002415527900060015,True,13836,27354
16,2,0.0,0.0,uniform,0,uniform,0.5,guarded,stage1,,,0,0.01686086315518137,custom,"{""bfgs"": 0.08547457804282506, ""custom"": 0.010718292246262234}",0.010718292246262232,0.010718292246262232,stage3_l_opt,l_opt_current_alpha,0.320283175652886,0.16014158782644305,0.5,False,True,True,False,,True,249,753
16,2,0.0,0.0,uniform,0,uniform,0.5,guarded,stage1,,,1,0.016337569941493574,custom,"{""bfgs"": 0.08541113638148354, ""custom"": 0.009485493753157246}",0.010793687154849371,0.010793687154849371,stage3_l_opt,l_opt_current_alpha,0.18901188926717485,0.09450594463358747,0.5,True,True,True,False,7.539490858713901e-05,True,522,1866
16,2,0.0,0.0,uniform,0,uniform,0.5,guarded,stage1,,,2,0.01670071940532461,custom,"{""bfgs"": 0.08537369692421587, ""custom"": 0.008628283407865322}",0.01072577511270841,0.01072577511270841,stage3_l_opt,l_opt_current_alpha,0.37584300181111935,0.1879215009055597,0.5,True,True,True,False,-6.79120421409607e-05,True,774,3330
16,2,0.0,0.0,uniform,0,uniform,0.5,guarded,stage1,,,3,0.01698589194560704,custom,"{""bfgs"": 0.08649211647255936, ""custom"": 0.010046704724114668}",0.010681158552567164,0.010681158552567164,stage3_l_opt,l_opt_current_alpha,0.34439050729341497,0.17219525364670754,0.5,True,True,True,False,-4.461656014124668e-05,True,1017,4746
16,2,0.0,0.0,uniform,0,uniform,0.5,guarded,stage1,,,4,0.016891572770678126,custom,"{""bfgs"": 0.08565716561231562, ""custom"": 0.008698366850164976}",0.010693654417991638,0.010693654417991638,stage3_l_opt,l_opt_current_alpha,0.07276513800551915,0.036382569002759546,0.5,True,True,True,False,1.2495865424474659e-05,True,1245,5940
16,2,0.0,0.0,uniform,0,uniform,0.5,guarded,stage1,,,5,0.015531064508819248,custom,"{""bfgs"": 0.08550229278756916, ""custom"": 0.008736673327440402}",0.010938263187805811,0.010938263187805811,stage3_l_opt,l_opt_current_alpha,1.2449107321631963,0.018191284501379773,0.25,False,False,True,True,0.0002446087698141728,True,1533,7245
16,2,0.0,0.0,uniform,0,uniform,0.5,guarded,stage1,,,6,0.016688264481620113,custom,"{""bfgs"": 0.08557972919994239, ""custom"": 0.008621681090746016}",0.010746020823717117,0.010746020823717117,stage3_l_opt,l_opt_current_alpha,0.07303227072581184,0.018258067681452994,0.25,True,True,True,False,5.2366405725479126e-05,True,1800,8190
16,2,0.0,0.0,uniform,0,uniform,0.5,guarded,stage1,,,7,0.015531795762192685,custom,"{""bfgs"": 0.0855197692798724, ""custom"": 0.008741589621627324}",0.010941984752813974,0.010941984752813974,stage3_l_opt,l_opt_current_alpha,1.2369075634878421,0.009129033840726442,0.125,False,False,True,True,0.00019596392909685713,True,2085,9060
16,2,0.0,0.0,uniform,0,uniform,0.5,guarded,stage1,,,8,0.01558096654359703,custom,"{""bfgs"": 0.08554974923990738, ""custom"": 0.008804367941783905}",0.010933385541041693,0.010933385541041693,stage3_l_opt,l_opt_current_alpha,1.301564736629665,0.004564516920363276,0.0625,False,False,True,True,0.00018736471732457537,True,2286,10008
16,2,0.0,0.0,uniform,0,uniform,0.5,guarded,stage1,,,9,0.015802197500561166,custom,"{""bfgs"": 0.08556473921992488, ""custom"": 0.008790931047144906}",0.01089660202463468,0.01089660202463468,stage3_l_opt,l_opt_current_alpha,0.13622782680395254,0.0036516135362905655,0.05,False,False,True,True,0.00015058120091756243,True,2526,11502
16,2,0.0,0.0,uniform,0,uniform,0.5,guarded,stage1,,,10,0.015705436299705555,custom,"{""bfgs"": 0.08556773721592838, ""custom"": 0.008815299778256033}",0.010908408711353937,0.010908408711353937,stage3_l_opt,l_opt_current_alpha,0.14364879270219513,0.0036516135362905655,0.05,False,False,True,True,0.0001623878876368199,True,2808,12360
16,2,0.0,0.0,uniform,0,uniform,0.5,guarded,stage1,,,11,0.015705436299705555,custom,"{""bfgs"": 0.08556773721592838, ""custom"": 0.008815299778256033}",0.010908408711353937,0.010908408711353937,stage3_l_opt,l_opt_current_alpha,0.14364879270219513,0.0036516135362905655,0.05,False,False,True,True,0.0001623878876368199,True,3090,13218
16,2,0.0,0.0,uniform,0,uniform,0.5,guarded,stage1,,,12,0.015705436299705555,custom,"{""bfgs"": 0.08556773721592838, ""custom"": 0.008815299778256033}",0.010908408711353937,0.010908408711353937,stage3_l_opt,l_opt_current_alpha,0.14364879270219513,0.0036516135362905655,0.05,False,False,True,True,0.0001623878876368199,True,3372,14076
16,2,0.0,0.0,uniform,0,uniform,0.5,guarded,stage1,,,13,0.015705436299705555,custom,"{""bfgs"": 0.08556773721592838, ""custom"": 0.008815299778256033}",0.010908408711353937,0.010908408711353937,stage3_l_opt,l_opt_current_alpha,0.14364879270219513,0.0036516135362905655,0.05,False,False,True,True,0.0001623878876368199,True,3654,14934
16,2,0.0,0.0,uniform,0,uniform,0.5,guarded,stage1,,,14,0.015705436299705555,custom,"{""bfgs"": 0.08556773721592838, ""custom"": 0.008815299778256033}",0.010908408711353937,0.010908408711353937,stage3_l_opt,l_opt_current_alpha,0.14364879270219513,0.0036516135362905655,0.05,False,False,True,True,0.0001623878876368199,True,3936,15792
16,2,0.0,0.0,uniform,0,uniform,0.5,guarded,stage1,,,15,0.015705436299705555,custom,"{""bfgs"": 0.08556773721592838, ""custom"": 0.008815299778256033}",0.010908408711353937,0.010908408711353937,stage3_l_opt,l_opt_current_alpha,0.14364879270219513,0.0036516135362905655,0.05,False,False,True,True,0.0001623878876368199,True,4218,16650
16,2,0.0,0.0,uniform,0,uniform,0.5,guarded,stage1,,,16,0.015705436299705555,custom,"{""bfgs"": 0.08556773721592838, ""custom"": 0.008815299778256033}",0.010908408711353937,0.010908408711353937,stage3_l_opt,l_opt_current_alpha,0.14364879270219513,0.0036516135362905655,0.05,False,False,True,True,0.0001623878876368199,True,4500,17508
16,2,0.0,0.0,uniform,0,uniform,0.5,guarded,stage1,,,17,0.015705436299705555,custom,"{""bfgs"": 0.08556773721592838, ""custom"": 0.008815299778256033}",0.010908408711353937,0.010908408711353937,stage3_l_opt,l_opt_current_alpha,0.14364879270219513,0.0036516135362905655,0.05,False,False,True,True,0.0001623878876368199,True,4782,18366
16,2,0.0,0.0,uniform,0,uniform,0.5,guarded,stage1,,,18,0.015705436299705555,custom,"{""bfgs"": 0.08556773721592838, ""custom"": 0.008815299778256033}",0.010908408711353937,0.010908408711353937,stage3_l_opt,l_opt_current_alpha,0.14364879270219513,0.0036516135362905655,0.05,False,False,True,True,0.0001623878876368199,True,5064,19224
16,2,0.0,0.0,uniform,0,uniform,0.5,guarded,stage1,,,19,0.015705436299705555,custom,"{""bfgs"": 0.08556773721592838, ""custom"": 0.008815299778256033}",0.010908408711353937,0.010908408711353937,stage3_l_opt,l_opt_current_alpha,0.14364879270219513,0.0036516135362905655,0.05,False,False,True,True,0.0001623878876368199,True,5346,20082
17,2,0.0,0.0,uniform,0,uniform,0.5,guarded,stage1,,,0,0.0006508197613193899,bfgs,"{""bfgs"": 0.013297389571865399, ""custom"": 0.014302661642432213}",0.0132973895718654,0.0132973895718654,stage3_l_opt,l_opt_current_alpha,1.0755186027893653,0.5377593013946826,0.5,False,True,True,False,,True,441,1191
17,2,0.0,0.0,uniform,0,uniform,0.5,guarded,stage1,,,1,0.03552485067873421,custom,"{""bfgs"": 0.015739043194966447, ""custom"": 0.0111655540994692}",0.01989417461057504,0.01989417461057504,stage3_l_opt,l_opt_current_alpha,,0.0,0.5,False,False,False,True,0.006596785038709639,False,1449,1902
18,2,0.0,0.0,uniform,0,uniform,0.5,guarded,stage1,,,0,0.011424451487007669,custom,"{""bfgs"": 0.0038027701278527575, ""custom"": 0.0025246466199556985}",0.0025246466199556985,0.0025246466199556985,stage3_l_opt,l_opt_current_alpha,,0.0,0.5,False,True,False,False,,False,117,525
19,2,0.0,0.0,uniform,0,uniform,0.5,guarded,stage1,,,0,0.02030142701241855,bfgs,"{""bfgs"": 0.011026526490847267, ""custom"": 0.011140468219916025}",0.011026526490847269,0.011026526490847269,stage3_l_opt,l_opt_current_alpha,0.3161089870016342,0.15805449350081713,0.5,False,True,True,False,,True,300,609
19,2,0.0,0.0,uniform,0,uniform,0.5,guarded,stage1,,,1,0.022742773287349305,custom,"{""bfgs"": 0.01400567261528922, ""custom"": 0.011464626974006142}",0.011149375389019648,0.011149375389019648,stage3_l_opt,l_opt_current_alpha,0.2471746999601972,0.07902724675040856,0.25,False,False,True,True,0.00012284889817237854,True,627,1248
19,2,0.0,0.0,uniform,0,uniform,0.5,guarded,stage1,,,2,0.022517399639644498,custom,"{""bfgs"": 0.012881476057506693, ""custom"": 0.011219430988182282}",0.01111942653854688,0.01111942653854688,stage3_l_opt,l_opt_current_alpha,0.3001157323658097,0.07502893309145237,0.25,True,True,True,False,9.290004769961155e-05,True,942,1857
19,2,0.0,0.0,uniform,0,uniform,0.5,guarded,stage1,,,3,0.018881715281486355,bfgs,"{""bfgs"": 0.01104724833996477, ""custom"": 0.011462510907350676}",0.01162784919142723,0.01162784919142723,stage3_l_opt,l_opt_current_alpha,0.5160389251783554,0.03751446654572621,0.125,False,False,True,True,0.0005084226528803502,True,1248,2466
19,2,0.0,0.0,uniform,0,uniform,0.5,guarded,stage1,,,4,0.020626603976590052,bfgs,"{""bfgs"": 0.010510386955988604, ""custom"": 0.011629683850294168}",0.01096365600824356,0.01096365600824356,stage3_l_opt,l_opt_current_alpha,0.16759787957740385,0.02094973494717539,0.125,True,True,True,False,-0.00015577053030331987,True,1545,3075
19,2,0.0,0.0,uniform,0,uniform,0.5,guarded,stage1,,,5,0.02322805299616948,custom,"{""bfgs"": 0.012858207387290153, ""custom"": 0.011687037765256215}",0.011211624989906946,0.011211624989906946,stage3_l_opt,l_opt_current_alpha,0.3351964336611525,0.010474867473587723,0.0625,False,False,True,True,0.00024796898166338545,True,1899,3684
19,2,0.0,0.0,uniform,0,uniform,0.5,guarded,stage1,,,6,0.023258884650042277,custom,"{""bfgs"": 0.012792170858768048, ""custom"": 0.011666186290458671}",0.011216911176840464,0.011216911176840464,stage3_l_opt,l_opt_current_alpha,0.3524539275932571,0.008379893978870179,0.05,False,False,True,True,0.0002532551685969029,True,2169,4293
19,2,0.0,0.0,uniform,0,uniform,0.5,guarded,stage1,,,7,0.023252667281329187,custom,"{""bfgs"": 0.013122207288989378, ""custom"": 0.01165547860931542}",0.011214487254619598,0.011214487254619598,stage3_l_opt,l_opt_current_alpha,0.35141479734190956,0.008379893978870179,0.05,False,False,True,True,0.0002508312463760376,True,2427,4902
19,2,0.0,0.0,uniform,0,uniform,0.5,guarded,stage1,,,8,0.023252667281329187,custom,"{""bfgs"": 0.013122207288989378, ""custom"": 0.01165547860931542}",0.011214487254619598,0.011214487254619598,stage3_l_opt,l_opt_current_alpha,0.35141479734190956,0.008379893978870179,0.05,False,False,True,True,0.0002508312463760376,True,2685,5511
19,2,0.0,0.0,uniform,0,uniform,0.5,guarded,stage1,,,9,0.023252667281329187,custom,"{""bfgs"": 0.013122207288989378, ""custom"": 0.01165547860931542}",0.011214487254619598,0.011214487254619598,stage3_l_opt,l_opt_current_alpha,0.35141479734190956,0.008379893978870179,0.05,False,False,True,True,0.0002508312463760376,True,2943,6120
19,2,0.0,0.0,uniform,0,uniform,0.5,guarded,stage1,,,10,0.023252667281329187,custom,"{""bfgs"": 0.013122207288989378, ""custom"": 0.01165547860931542}",0.011214487254619598,0.011214487254619598,stage3_l_opt,l_opt_current_alpha,0.35141479734190956,0.008379893978870179,0.05,False,False,True,True,0.0002508312463760376,True,3201,6729
19,2,0.0,0.0,uniform,0,uniform,0.5,guarded,stage1,,,11,0.023252667281329187,custom,"{""bfgs"": 0.013122207288989378, ""custom"": 0.01165547860931542}",0.011214487254619598,0.011214487254619598,stage3_l_opt,l_opt_current_alpha,0.35141479734190956,0.008379893978870179,0.05,False,False,True,True,0.0002508312463760376,True,3459,7338
19,2,0.0,0.0,uniform,0,uniform,0.5,guarded,stage1,,,12,0.023252667281329187,custom,"{""bfgs"": 0.013122207288989378, ""custom"": 0.01165547860931542}",0.011214487254619598,0.011214487254619598,stage3_l_opt,l_opt_current_alpha,0.35141479734190956,0.008379893978870179,0.05,False,False,True,True,0.0002508312463760376,True,3717,7947
19,2,0.0,0.0,uniform,0,uniform,0.5,guarded,stage1,,,13,0.023252667281329187,custom,"{""bfgs"": 0.013122207288989378, ""custom"": 0.01165547860931542}",0.011214487254619598,0.011214487254619598,stage3_l_opt,l_opt_current_alpha,0.35141479734190956,0.008379893978870179,0.05,False,False,True,True,0.0002508312463760376,True,3975,8556
19,2,0.0,0.0,uniform,0,uniform,0.5,guarded,stage1,,,14,0.023252667281329187,custom,"{""bfgs"": 0.013122207288989378, ""custom"": 0.01165547860931542}",0.011214487254619598,0.011214487254619598,stage3_l_opt,l_opt_current_alpha,0.35141479734190956,0.008379893978870179,0.05,False,False,True,True,0.0002508312463760376,True,4233,9165
19,2,0.0,0.0,uniform,0,uniform,0.5,guarded,stage1,,,15,0.023252667281329187,custom,"{""bfgs"": 0.013122207288989378, ""custom"": 0.01165547860931542}",0.011214487254619598,0.011214487254619598,stage3_l_opt,l_opt_current_alpha,0.35141479734190956,0.008379893978870179,0.05,False,False,True,True,0.0002508312463760376,True,4491,9774
19,2,0.0,0.0,uniform,0,uniform,0.5,guarded,stage1,,,16,0.023252667281329187,custom,"{""bfgs"": 0.013122207288989378, ""custom"": 0.01165547860931542}",0.011214487254619598,0.011214487254619598,stage3_l_opt,l_opt_current_alpha,0.35141479734190956,0.008379893978870179,0.05,False,False,True,True,0.0002508312463760376,True,4749,10383
19,2,0.0,0.0,uniform,0,uniform,0.5,guarded,stage1,,,17,0.023252667281329187,custom,"{""bfgs"": 0.013122207288989378, ""custom"": 0.01165547860931542}",0.011214487254619598,0.011214487254619598,stage3_l_opt,l_opt_current_alpha,0.35141479734190956,0.008379893978870179,0.05,False,False,True,True,0.0002508312463760376,True,5007,10992
19,2,0.0,0.0,uniform,0,uniform,0.5,guarded,stage1,,,18,0.023252667281329187,custom,"{""bfgs"": 0.013122207288989378, ""custom"": 0.01165547860931542}",0.011214487254619598,0.011214487254619598,stage3_l_opt,l_opt_current_alpha,0.35141479734190956,0.008379893978870179,0.05,False,False,True,True,0.0002508312463760376,True,5265,11601
19,2,0.0,0.0,uniform,0,uniform,0.5,guarded,stage1,,,19,0.023252667281329187,custom,"{""bfgs"": 0.013122207288989378, ""custom"": 0.01165547860931542}",0.011214487254619598,0.011214487254619598,stage3_l_opt,l_opt_current_alpha,0.35141479734190956,0.008379893978870179,0.05,False,False,True,True,0.0002508312463760376,True,5523,12210
20,2,0.0,0.0,uniform,0,uniform,0.5,guarded,stage1,,,0,0.003687141118953449,custom,"{""bfgs"": 0.0242045558989048, ""custom"": 0.011514744410912195}",0.011514744410912195,0.011514744410912195,stage3_l_opt,l_opt_current_alpha,,0.0,0.5,False,True,False,False,,False,135,1509
21,2,0.0,0.0,uniform,0,uniform,0.5,guarded,stage1,,,0,0.023977897795143116,custom,"{""bfgs"": 0.027638830244541168, ""custom"": 0.017993309224645294}",0.017993309224645298,0.017993309224645298,stage3_l_opt,l_opt_current_alpha,1.3066666666666666,0.6533333333333333,0.5,False,True,True,False,,True,243,1233
21,2,0.0,0.0,uniform,0,uniform,0.5,guarded,stage1,,,1,0.02386629213191671,custom,"{""bfgs"": 0.025113122612237932, ""custom"": 0.009155829716473817}",0.017944224799672764,0.017944224799672764,stage3_l_opt,l_opt_current_alpha,0.6533333333333333,0.32666666666666666,0.5,True,True,True,False,-4.908442497253418e-05,True,486,2394
21,2,0.0,0.0,uniform,0,uniform,0.5,guarded,stage1,,,2,0.02331531914905577,custom,"{""bfgs"": 0.023850268796086312, ""custom"": 0.004722390389069914}",0.01774284802377224,0.01774284802377224,stage3_l_opt,l_opt_current_alpha,0.32666666666666666,0.16333333333333333,0.5,True,True,True,False,-0.00020137677590052402,True,702,3561
21,2,0.0,0.0,uniform,0,uniform,0.5,guarded,stage1,,,3,0.02412856491041196,custom,"{""bfgs"": 0.023218841888010502, ""custom"": 0.0025880374526605007}",0.018052181228995323,0.018052181228995323,stage3_l_opt,l_opt_current_alpha,0.16333333333333333,0.08166666666666672,0.25,False,False,True,True,0.0003093332052230835,True,882,4722
21,2,0.0,0.0,uniform,0,uniform,0.5,guarded,stage1,,,4,0.022702449720597345,custom,"{""bfgs"": 0.02353455534204841, ""custom"": 0.003575835134057948}",0.017487976079185803,0.017487976079185803,stage3_l_opt,l_opt_current_alpha,0.24499999999999988,0.06125000000000001,0.25,True,True,True,False,-0.0002548719445864371,True,1128,5883
21,2,0.0,0.0,uniform,0,uniform,0.5,guarded,stage1,,,5,0.019058835377253835,custom,"{""bfgs"": 0.023297770251519977, ""custom"": 0.0025098992831772186}",0.015849163755774498,0.015849163755774498,stage3_l_opt,l_opt_current_alpha,0.1837499999999999,0.04593749999999998,0.25,True,True,True,False,-0.0016388123234113046,True,1503,7053
21,2,0.0,0.0,uniform,0,uniform,0.5,guarded,stage1,,,6,0.024109557824426114,custom,"{""bfgs"": 0.023120181433623658, ""custom"": 0.002243912789029612}",0.018046402061978977,0.018046402061978977,stage3_l_opt,l_opt_current_alpha,0.13781249999999992,0.022968749999999996,0.125,False,False,True,True,0.002197238306204479,True,1686,8307
21,2,0.0,0.0,uniform,0,uniform,0.5,guarded,stage1,,,7,0.024118404370540164,custom,"{""bfgs"": 0.02320897584257182, ""custom"": 0.0025507622225510803}",0.01804659826060136,0.01804659826060136,stage3_l_opt,l_opt_current_alpha,0.1607812499999999,0.011484374999999991,0.0625,False,False,True,True,0.0021974345048268625,True,1899,9459
21,2,0.0,0.0,uniform,0,uniform,0.5,guarded,stage1,,,8,0.020432131850373597,custom,"{""bfgs"": 0.023253373047045896, ""custom"": 0.002472802978821467}",0.016506747032205265,0.016506747032205265,stage3_l_opt,l_opt_current_alpha,0.17226562499999992,0.00918749999999996,0.05,False,False,True,True,0.0006575832764307669,True,2109,10647
21,2,0.0,0.0,uniform,0,uniform,0.5,guarded,stage1,,,9,0.02040383396940293,custom,"{""bfgs"": 0.023262252487940713, ""custom"": 0.0024936966597548836}",0.016489143793781597,0.016489143793781597,stage3_l_opt,l_opt_current_alpha,0.17456249999999995,0.00918749999999996,0.05,False,False,True,True,0.0006399800380070993,True,2352,11826
21,2,0.0,0.0,uniform,0,uniform,0.5,guarded,stage1,,,10,0.02040383396940293,custom,"{""bfgs"": 0.023262252487940713, ""custom"": 0.0024936966597548836}",0.016489143793781597,0.016489143793781597,stage3_l_opt,l_opt_current_alpha,0.17456249999999995,0.00918749999999996,0.05,False,False,True,True,0.0006399800380070993,True,2595,13005
21,2,0.0,0.0,uniform,0,uniform,0.5,guarded,stage1,,,11,0.02040383396940293,custom,"{""bfgs"": 0.023262252487940713, ""custom"": 0.0024936966597548836}",0.016489143793781597,0.016489143793781597,stage3_l_opt,l_opt_current_alpha,0.17456249999999995,0.00918749999999996,0.05,False,False,True,True,0.0006399800380070993,True,2838,14184
21,2,0.0,0.0,uniform,0,uniform,0.5,guarded,stage1,,,12,0.02040383396940293,custom,"{""bfgs"": 0.023262252487940713, ""custom"": 0.0024936966597548836}",0.016489143793781597,0.016489143793781597,stage3_l_opt,l_opt_current_alpha,0.17456249999999995,0.00918749999999996,0.05,False,False,True,True,0.0006399800380070993,True,3081,15363
21,2,0.0,0.0,uniform,0,uniform,0.5,guarded,stage1,,,13,0.02040383396940293,custom,"{""bfgs"": 0.023262252487940713, ""custom"": 0.0024936966597548836}",0.016489143793781597,0.016489143793781597,stage3_l_opt,l_opt_current_alpha,0.17456249999999995,0.00918749999999996,0.05,False,False,True,True,0.0006399800380070993,True,3324,16542
21,2,0.0,0.0,uniform,0,uniform,0.5,guarded,stage1,,,14,0.02040383396940293,custom,"{""bfgs"": 0.023262252487940713, ""custom"": 0.0024936966597548836}",0.016489143793781597,0.016489143793781597,stage3_l_opt,l_opt_current_alpha,0.17456249999999995,0.00918749999999996,0.05,False,False,True,True,0.0006399800380070993,True,3567,17721
21,2,0.0,0.0,uniform,0,uniform,0.5,guarded,stage1,,,15,0.02040383396940293,custom,"{""bfgs"": 0.023262252487940713, ""custom"": 0.0024936966597548836}",0.016489143793781597,0.016489143793781597,stage3_l_opt,l_opt_current_alpha,0.17456249999999995,0.00918749999999996,0.05,False,False,True,True,0.0006399800380070993,True,3810,18900
21,2,0.0,0.0,uniform,0,uniform,0.5,guarded,stage1,,,16,0.02040383396940293,custom,"{""bfgs"": 0.023262252487940713, ""custom"": 0.0024936966597548836}",0.016489143793781597,0.016489143793781597,stage3_l_opt,l_opt_current_alpha,0.17456249999999995,0.00918749999999996,0.05,False,False,True,True,0.0006399800380070993,True,4053,20079
21,2,0.0,0.0,uniform,0,uniform,0.5,guarded,stage1,,,17,0.02040383396940293,custom,"{""bfgs"": 0.023262252487940713, ""custom"": 0.0024936966597548836}",0.016489143793781597,0.016489143793781597,stage3_l_opt,l_opt_current_alpha,0.17456249999999995,0.00918749999999996,0.05,False,False,True,True,0.0006399800380070993,True,4296,21258
21,2,0.0,0.0,uniform,0,uniform,0.5,guarded,stage1,,,18,0.02040383396940293,custom,"{""bfgs"": 0.023262252487940713, ""custom"": 0.0024936966597548836}",0.016489143793781597,0.016489143793781597,stage3_l_opt,l_opt_current_alpha,0.17456249999999995,0.00918749999999996,0.05,False,False,True,True,0.0006399800380070993,True,4539,22437
21,2,0.0,0.0,uniform,0,uniform,0.5,guarded,stage1,,,19,0.02040383396940293,custom,"{""bfgs"": 0.023262252487940713, ""custom"": 0.0024936966597548836}",0.016489143793781597,0.016489143793781597,stage3_l_opt,l_opt_current_alpha,0.17456249999999995,0.00918749999999996,0.05,False,False,True,True,0.0006399800380070993,True,4782,23616
22,2,0.0,0.0,uniform,0,uniform,0.5,guarded,stage1,,,0,0.00841400321158365,custom,"{""bfgs"": 0.2047429730494817, ""custom"": 0.01162319133679072}",0.01162319133679072,0.01162319133679072,stage3_l_opt,l_opt_current_alpha,1.3066666666666666,0.6533333333333333,0.5,False,True,True,False,,True,288,816
22,2,0.0,0.0,uniform,0,uniform,0.5,guarded,stage1,,,1,0.0020374265449875917,custom,"{""bfgs"": 0.18952656373381616, ""custom"": 0.0014327761158347129}",0.002809318403402964,0.002809318403402964,stage3_l_opt,l_opt_current_alpha,0.6532905574163927,0.3266452787081964,0.5,True,True,True,False,-0.008813872933387756,True,510,2190
22,2,0.0,0.0,uniform,0,uniform,0.5,guarded,stage1,,,2,0.003561755745838835,custom,"{""bfgs"": 0.1838788772159358, ""custom"": 0.0012634123431253747}",0.004692643880844116,0.004692643880844116,stage3_l_opt,l_opt_current_alpha,0.32668805462513695,0.16332263935409808,0.25,False,False,True,True,0.001883325477441152,True,723,3555
22,2,0.0,0.0,uniform,0,uniform,0.5,guarded,stage1,,,3,0.0020382669663573383,custom,"{""bfgs"": 0.18670272047487596, ""custom"": 0.0010892194192460684}",0.0028092662493387857,0.0028092662493387857,stage3_l_opt,l_opt_current_alpha,0.4899566900028664,0.12248917250071664,0.25,True,True,True,False,-5.21540641784668e-08,True,924,4365
22,2,0.0,0.0,uniform,0,uniform,0.5,guarded,stage1,,,4,0.0005815613871704983,custom,"{""bfgs"": 0.18458489079181534, ""custom"": 0.0020408337955621597}",0.006863328317801158,0.006863328317801158,stage3_l_opt,l_opt_current_alpha,0.3675215214785186,0.06124458625035831,0.125,False,False,True,True,0.004054062068462372,True,1134,5706
22,2,0.0,0.0,uniform,0,uniform,0.5,guarded,stage1,,,5,0.002110183917277353,custom,"{""bfgs"": 0.18564380563334565, ""custom"": 0.0009762680188820411}",0.0027470663189888,0.0027470663189888,stage3_l_opt,l_opt_current_alpha,0.4024967960212344,0.050312099502654264,0.125,True,True,True,False,-6.219993034998561e-05,True,1368,6642
22,2,0.0,0.0,uniform,0,uniform,0.5,guarded,stage1,,,6,0.002037565213164727,custom,"{""bfgs"": 0.18477391842145008, ""custom"": 0.0008537083836978169}",0.0028092612822850547,0.0028092612822850547,stage3_l_opt,l_opt_current_alpha,0.3783989349242798,0.047299866865535015,0.125,True,True,True,False,6.219496329625462e-05,True,1608,7836
22,2,0.0,0.0,uniform,0,uniform,0.5,guarded,stage1,,,7,0.003805614273683533,custom,"{""bfgs"": 0.18395610634900197, ""custom"": 0.0014363605547018602}",0.004814354081948598,0.004814354081948598,stage3_l_opt,l_opt_current_alpha,0.33115414136068766,0.023649933432767417,0.0625,False,False,True,True,0.0020050927996635433,True,1737,9264
22,2,0.0,0.0,uniform,0,uniform,0.5,guarded,stage1,,,8,0.0020315572287158135,custom,"{""bfgs"": 0.184365012385226, ""custom"": 0.0008120606738418063}",0.002831819156805674,0.002831819156805674,stage3_l_opt,l_opt_current_alpha,0.3548040747934552,0.022175254674590972,0.0625,True,True,True,False,2.255787452061942e-05,True,1980,10890
22,2,0.0,0.0,uniform,0,uniform,0.5,guarded,stage1,,,9,0.0037168223195235828,custom,"{""bfgs"": 0.18398159827829963, ""custom"": 0.0013717698079884302}",0.00479211409886678,0.00479211409886678,stage3_l_opt,l_opt_current_alpha,0.3326288201188643,0.017740203739672764,0.05,False,False,True,True,0.0019602949420611062,True,2109,12135
22,2,0.0,0.0,uniform,0,uniform,0.5,guarded,stage1,,,10,0.0035603218743805454,custom,"{""bfgs"": 0.18405828109968492, ""custom"": 0.001333092859844953}",0.0046292270223299665,0.0046292270223299665,stage3_l_opt,l_opt_current_alpha,0.33706387105378244,0.017740203739672764,0.05,False,False,True,True,0.0017974078655242924,True,2259,13467
22,2,0.0,0.0,uniform,0,uniform,0.5,guarded,stage1,,,11,0.0035603218743805454,custom,"{""bfgs"": 0.18405828109968492, ""custom"": 0.001333092859844953}",0.0046292270223299665,0.0046292270223299665,stage3_l_opt,l_opt_current_alpha,0.33706387105378244,0.017740203739672764,0.05,False,False,True,True,0.0017974078655242924,True,2409,14799
22,2,0.0,0.0,uniform,0,uniform,0.5,guarded,stage1,,,12,0.0035603218743805454,custom,"{""bfgs"": 0.18405828109968492, ""custom"": 0.001333092859844953}",0.0046292270223299665,0.0046292270223299665,stage3_l_opt,l_opt_current_alpha,0.33706387105378244,0.017740203739672764,0.05,False,False,True,True,0.0017974078655242924,True,2559,16131
22,2,0.0,0.0,uniform,0,uniform,0.5,guarded,stage1,,,13,0.0035603218743805454,custom,"{""bfgs"": 0.18405828109968492, ""custom"": 0.001333092859844953}",0.0046292270223299665,0.0046292270223299665,stage3_l_opt,l_opt_current_alpha,0.33706387105378244,0.017740203739672764,0.05,False,False,True,True,0.0017974078655242924,True,2709,17463
22,2,0.0,0.0,uniform,0,uniform,0.5,guarded,stage1,,,14,0.0035603218743805454,custom,"{""bfgs"": 0.18405828109968492, ""custom"": 0.001333092859844953}",0.0046292270223299665,0.0046292270223299665,stage3_l_opt,l_opt_current_alpha,0.33706387105378244,0.017740203739672764,0.05,False,False,True,True,0.0017974078655242924,True,2859,18795
22,2,0.0,0.0,uniform,0,uniform,0.5,guarded,stage1,,,15,0.0035603218743805454,custom,"{""bfgs"": 0.18405828109968492, ""custom"": 0.001333092859844953}",0.0046292270223299665,0.0046292270223299665,stage3_l_opt,l_opt_current_alpha,0.33706387105378244,0.017740203739672764,0.05,False,False,True,True,0.0017974078655242924,True,3009,20127
22,2,0.0,0.0,uniform,0,uniform,0.5,guarded,stage1,,,16,0.0035603218743805454,custom,"{""bfgs"": 0.18405828109968492, ""custom"": 0.001333092859844953}",0.0046292270223299665,0.0046292270223299665,stage3_l_opt,l_opt_current_alpha,0.33706387105378244,0.017740203739672764,0.05,False,False,True,True,0.0017974078655242924,True,3159,21459
22,2,0.0,0.0,uniform,0,uniform,0.5,guarded,stage1,,,17,0.0035603218743805454,custom,"{""bfgs"": 0.18405828109968492, ""custom"": 0.001333092859844953}",0.0046292270223299665,0.0046292270223299665,stage3_l_opt,l_opt_current_alpha,0.33706387105378244,0.017740203739672764,0.05,False,False,True,True,0.0017974078655242924,True,3309,22791
22,2,0.0,0.0,uniform,0,uniform,0.5,guarded,stage1,,,18,0.0035603218743805454,custom,"{""bfgs"": 0.18405828109968492, ""custom"": 0.001333092859844953}",0.0046292270223299665,0.0046292270223299665,stage3_l_opt,l_opt_current_alpha,0.33706387105378244,0.017740203739672764,0.05,False,False,True,True,0.0017974078655242924,True,3459,24123
22,2,0.0,0.0,uniform,0,uniform,0.5,guarded,stage1,,,19,0.0035603218743805454,custom,"{""bfgs"": 0.18405828109968492, ""custom"": 0.001333092859844953}",0.0046292270223299665,0.0046292270223299665,stage3_l_opt,l_opt_current_alpha,0.33706387105378244,0.017740203739672764,0.05,False,False,True,True,0.0017974078655242924,True,3609,25455
23,2,0.0,0.0,uniform,0,uniform,0.5,guarded,stage1,,,0,0.008365745529336378,custom,"{""bfgs"": 0.08226757993300755, ""custom"": 0.0029726848006248474}",0.0029726848006248474,0.0029726848006248474,stage3_l_opt,l_opt_current_alpha,1.2238396829943665,0.6119198414971833,0.5,False,True,True,False,,True,138,780
23,2,0.0,0.0,uniform,0,uniform,0.5,guarded,stage1,,,1,0.007653309445088866,custom,"{""bfgs"": 0.07741906800975346, ""custom"": 0.001412649779647228}",0.002579296628634135,0.002579296628634135,stage3_l_opt,l_opt_current_alpha,0.08167908374953048,0.04083954187476524,0.5,True,True,True,False,-0.00039338817199071263,True,381,1926
23,2,0.0,0.0,uniform,0,uniform,0.5,guarded,stage1,,,2,0.00780129963420356,custom,"{""bfgs"": 0.07701655900950334, ""custom"": 0.0012907152259158219}",0.00252616157134374,0.00252616157134374,stage3_l_opt,l_opt_current_alpha,0.013176796213674041,0.00658839810683709,0.5,True,True,True,False,-5.313505729039481e-05,True,675,3036
23,2,0.0,0.0,uniform,0,uniform,0.5,guarded,stage1,,,3,0.008388633470695545,custom,"{""bfgs"": 0.07695868289328443, ""custom"": 0.0016658578324502}",0.002698001762231191,0.002698001762231191,stage3_l_opt,l_opt_current_alpha,0.13200315867454457,0.0032941990534184895,0.25,False,False,True,True,0.00017184019088745117,True,804,3816
23,2,0.0,0.0,uniform,0,uniform,0.5,guarded,stage1,,,4,0.007804054623689165,custom,"{""bfgs"": 0.07698762095139389, ""custom"": 0.0012878687814637441}",0.0025250365336736045,0.0025250365336736045,stage3_l_opt,l_opt_current_alpha,0.009529487431012645,0.002382371857753196,0.25,True,True,True,False,-1.125037670135498e-06,True,1068,5319
23,2,0.0,0.0,uniform,0,uniform,0.5,guarded,stage1,,,5,0.008400514510064693,custom,"{""bfgs"": 0.07696735658610332, ""custom"": 0.0016742400693171137}",0.0027016401290893555,0.0027016401290893555,stage3_l_opt,l_opt_current_alpha,0.13581831783659482,0.0011911859288765703,0.125,False,False,True,True,0.000176603595415751,True,1197,6099
23,2,0.0,0.0,uniform,0,uniform,0.5,guarded,stage1,,,6,0.008430350938914463,custom,"{""bfgs"": 0.0769774887687486, ""custom"": 0.0016942059648814662}",0.002710754672686259,0.002710754672686259,stage3_l_opt,l_opt_current_alpha,0.14461166145704651,0.0005955929644383684,0.0625,False,False,True,True,0.00018571813901265433,True,1326,7260
23,2,0.0,0.0,uniform,0,uniform,0.5,guarded,stage1,,,7,0.008445343906380218,custom,"{""bfgs"": 0.07698255486007125, ""custom"": 0.0017042052006518214}",0.00271532932917277,0.00271532932917277,stage3_l_opt,l_opt_current_alpha,0.1490910998181595,0.00047647437155060035,0.05,False,False,True,True,0.00019029279549916556,True,1455,8433
23,2,0.0,0.0,uniform,0,uniform,0.5,guarded,stage1,,,8,0.00844834627590529,custom,"{""bfgs"": 0.07698356807833577, ""custom"": 0.0017062422241894077}",0.0027162755529085794,0.0027162755529085794,stage3_l_opt,l_opt_current_alpha,0.15002178868997065,0.00047647437155060035,0.05,False,False,True,True,0.0001912390192349749,True,1584,9555
23,2,0.0,0.0,uniform,0,uniform,0.5,guarded,stage1,,,9,0.00844834627590529,custom,"{""bfgs"": 0.07698356807833577, ""custom"": 0.0017062422241894077}",0.0027162755529085794,0.0027162755529085794,stage3_l_opt,l_opt_current_alpha,0.15002178868997065,0.00047647437155060035,0.05,False,False,True,True,0.0001912390192349749,True,1713,10677
23,2,0.0,0.0,uniform,0,uniform,0.5,guarded,stage1,,,10,0.00844834627590529,custom,"{""bfgs"": 0.07698356807833577, ""custom"": 0.0017062422241894077}",0.0027162755529085794,0.0027162755529085794,stage3_l_opt,l_opt_current_alpha,0.15002178868997065,0.00047647437155060035,0.05,False,False,True,True,0.0001912390192349749,True,1842,11799
23,2,0.0,0.0,uniform,0,uniform,0.5,guarded,stage1,,,11,0.00844834627590529,custom,"{""bfgs"": 0.07698356807833577, ""custom"": 0.0017062422241894077}",0.0027162755529085794,0.0027162755529085794,stage3_l_opt,l_opt_current_alpha,0.15002178868997065,0.00047647437155060035,0.05,False,False,True,True,0.0001912390192349749,True,1971,12921
23,2,0.0,0.0,uniform,0,uniform,0.5,guarded,stage1,,,12,0.00844834627590529,custom,"{""bfgs"": 0.07698356807833577, ""custom"": 0.0017062422241894077}",0.0027162755529085794,0.0027162755529085794,stage3_l_opt,l_opt_current_alpha,0.15002178868997065,0.00047647437155060035,0.05,False,False,True,True,0.0001912390192349749,True,2100,14043
23,2,0.0,0.0,uniform,0,uniform,0.5,guarded,stage1,,,13,0.00844834627590529,custom,"{""bfgs"": 0.07698356807833577, ""custom"": 0.0017062422241894077}",0.0027162755529085794,0.0027162755529085794,stage3_l_opt,l_opt_current_alpha,0.15002178868997065,0.00047647437155060035,0.05,False,False,True,True,0.0001912390192349749,True,2229,15165
23,2,0.0,0.0,uniform,0,uniform,0.5,guarded,stage1,,,14,0.00844834627590529,custom,"{""bfgs"": 0.07698356807833577, ""custom"": 0.0017062422241894077}",0.0027162755529085794,0.0027162755529085794,stage3_l_opt,l_opt_current_alpha,0.15002178868997065,0.00047647437155060035,0.05,False,False,True,True,0.0001912390192349749,True,2358,16287
23,2,0.0,0.0,uniform,0,uniform,0.5,guarded,stage1,,,15,0.00844834627590529,custom,"{""bfgs"": 0.07698356807833577, ""custom"": 0.0017062422241894077}",0.0027162755529085794,0.0027162755529085794,stage3_l_opt,l_opt_current_alpha,0.15002178868997065,0.00047647437155060035,0.05,False,False,True,True,0.0001912390192349749,True,2487,17409
23,2,0.0,0.0,uniform,0,uniform,0.5,guarded,stage1,,,16,0.00844834627590529,custom,"{""bfgs"": 0.07698356807833577, ""custom"": 0.0017062422241894077}",0.0027162755529085794,0.0027162755529085794,stage3_l_opt,l_opt_current_alpha,0.15002178868997065,0.00047647437155060035,0.05,False,False,True,True,0.0001912390192349749,True,2616,18531
23,2,0.0,0.0,uniform,0,uniform,0.5,guarded,stage1,,,17,0.00844834627590529,custom,"{""bfgs"": 0.07698356807833577, ""custom"": 0.0017062422241894077}",0.0027162755529085794,0.0027162755529085794,stage3_l_opt,l_opt_current_alpha,0.15002178868997065,0.00047647437155060035,0.05,False,False,True,True,0.0001912390192349749,True,2745,19653
23,2,0.0,0.0,uniform,0,uniform,0.5,guarded,stage1,,,18,0.00844834627590529,custom,"{""bfgs"": 0.07698356807833577, ""custom"": 0.0017062422241894077}",0.0027162755529085794,0.0027162755529085794,stage3_l_opt,l_opt_current_alpha,0.15002178868997065,0.00047647437155060035,0.05,False,False,True,True,0.0001912390192349749,True,2874,20775
23,2,0.0,0.0,uniform,0,uniform,0.5,guarded,stage1,,,19,0.00844834627590529,custom,"{""bfgs"": 0.07698356807833577, ""custom"": 0.0017062422241894077}",0.0027162755529085794,0.0027162755529085794,stage3_l_opt,l_opt_current_alpha,0.15002178868997065,0.00047647437155060035,0.05,False,False,True,True,0.0001912390192349749,True,3003,21897
24,2,0.0,0.0,uniform,0,uniform,0.5,guarded,stage1,,,0,0.024665167353697344,custom,"{""bfgs"": 0.07595532884200414, ""custom"": 0.0026645331333080926}",0.0026645331333080926,0.0026645331333080926,stage3_l_opt,l_opt_current_alpha,0.9043892114364347,0.45219460571821735,0.5,False,True,True,False,,True,162,1317
24,2,0.0,0.0,uniform,0,uniform,0.5,guarded,stage1,,,1,0.024475975296246424,custom,"{""bfgs"": 0.0838177340207561, ""custom"": 0.005810070186391258}",0.008677711710333824,0.008677711710333824,stage3_l_opt,l_opt_current_alpha,0.8544720609484493,0.22609730285910873,0.25,False,False,True,True,0.006013178577025732,True,642,2511
24,2,0.0,0.0,uniform,0,uniform,0.5,guarded,stage1,,,2,0.01512360751353338,custom,"{""bfgs"": 0.07988653143138011, ""custom"": 0.0057986909926689345}",0.004939497138063113,0.004939497138063113,stage3_l_opt,l_opt_current_alpha,1.080569363807558,0.11304865142955434,0.125,False,False,True,True,0.0022749640047550206,True,939,3741
24,2,0.0,0.0,uniform,0,uniform,0.5,guarded,stage1,,,3,0.022491937208398743,custom,"{""bfgs"": 0.07792093013669213, ""custom"": 0.003774948127271094}",0.004116281246145566,0.004116281246145566,stage3_l_opt,l_opt_current_alpha,1.1936180152371123,0.05652432571477711,0.0625,False,False,True,True,0.0014517481128374734,True,1134,5187
24,2,0.0,0.0,uniform,0,uniform,0.5,guarded,stage1,,,4,0.022727414022238414,custom,"{""bfgs"": 0.07693812948934814, ""custom"": 0.0036682120441959625}",0.0038216430693864822,0.0038216430693864822,stage3_l_opt,l_opt_current_alpha,1.2305583612357975,0.045219460571821746,0.05,False,False,True,True,0.0011571099360783896,True,1407,6297
24,2,0.0,0.0,uniform,0,uniform,0.5,guarded,stage1,,,5,0.022525805294397436,custom,"{""bfgs"": 0.07674156935987933, ""custom"": 0.0038369375010921555}",0.003967614844441414,0.003967614844441414,stage3_l_opt,l_opt_current_alpha,1.2614472060948447,0.045219460571821746,0.05,False,False,True,True,0.0013030817111333213,True,1704,7560
24,2,0.0,0.0,uniform,0,uniform,0.5,guarded,stage1,,,6,0.022525805294397436,custom,"{""bfgs"": 0.07674156935987933, ""custom"": 0.0038369375010921555}",0.003967614844441414,0.003967614844441414,stage3_l_opt,l_opt_current_alpha,1.2614472060948447,0.045219460571821746,0.05,False,False,True,True,0.0013030817111333213,True,2001,8823
24,2,0.0,0.0,uniform,0,uniform,0.5,guarded,stage1,,,7,0.022525805294397436,custom,"{""bfgs"": 0.07674156935987933, ""custom"": 0.0038369375010921555}",0.003967614844441414,0.003967614844441414,stage3_l_opt,l_opt_current_alpha,1.2614472060948447,0.045219460571821746,0.05,False,False,True,True,0.0013030817111333213,True,2298,10086
24,2,0.0,0.0,uniform,0,uniform,0.5,guarded,stage1,,,8,0.022525805294397436,custom,"{""bfgs"": 0.07674156935987933, ""custom"": 0.0038369375010921555}",0.003967614844441414,0.003967614844441414,stage3_l_opt,l_opt_current_alpha,1.2614472060948447,0.045219460571821746,0.05,False,False,True,True,0.0013030817111333213,True,2595,11349
24,2,0.0,0.0,uniform,0,uniform,0.5,guarded,stage1,,,9,0.022525805294397436,custom,"{""bfgs"": 0.07674156935987933, ""custom"": 0.0038369375010921555}",0.003967614844441414,0.003967614844441414,stage3_l_opt,l_opt_current_alpha,1.2614472060948447,0.045219460571821746,0.05,False,False,True,True,0.0013030817111333213,True,2892,12612
24,2,0.0,0.0,uniform,0,uniform,0.5,guarded,stage1,,,10,0.022525805294397436,custom,"{""bfgs"": 0.07674156935987933, ""custom"": 0.0038369375010921555}",0.003967614844441414,0.003967614844441414,stage3_l_opt,l_opt_current_alpha,1.2614472060948447,0.045219460571821746,0.05,False,False,True,True,0.0013030817111333213,True,3189,13875
24,2,0.0,0.0,uniform,0,uniform,0.5,guarded,stage1,,,11,0.022525805294397436,custom,"{""bfgs"": 0.07674156935987933, ""custom"": 0.0038369375010921555}",0.003967614844441414,0.003967614844441414,stage3_l_opt,l_opt_current_alpha,1.2614472060948447,0.045219460571821746,0.05,False,False,True,True,0.0013030817111333213,True,3486,15138
24,2,0.0,0.0,uniform,0,uniform,0.5,guarded,stage1,,,12,0.022525805294397436,custom,"{""bfgs"": 0.07674156935987933, ""custom"": 0.0038369375010921555}",0.003967614844441414,0.003967614844441414,stage3_l_opt,l_opt_current_alpha,1.2614472060948447,0.045219460571821746,0.05,False,False,True,True,0.0013030817111333213,True,3783,16401
24,2,0.0,0.0,uniform,0,uniform,0.5,guarded,stage1,,,13,0.022525805294397436,custom,"{""bfgs"": 0.07674156935987933, ""custom"": 0.0038369375010921555}",0.003967614844441414,0.003967614844441414,stage3_l_opt,l_opt_current_alpha,1.2614472060948447,0.045219460571821746,0.05,False,False,True,True,0.0013030817111333213,True,4080,17664
24,2,0.0,0.0,uniform,0,uniform,0.5,guarded,stage1,,,14,0.022525805294397436,custom,"{""bfgs"": 0.07674156935987933, ""custom"": 0.0038369375010921555}",0.003967614844441414,0.003967614844441414,stage3_l_opt,l_opt_current_alpha,1.2614472060948447,0.045219460571821746,0.05,False,False,True,True,0.0013030817111333213,True,4377,18927
24,2,0.0,0.0,uniform,0,uniform,0.5,guarded,stage1,,,15,0.022525805294397436,custom,"{""bfgs"": 0.07674156935987933, ""custom"": 0.0038369375010921555}",0.003967614844441414,0.003967614844441414,stage3_l_opt,l_opt_current_alpha,1.2614472060948447,0.045219460571821746,0.05,False,False,True,True,0.0013030817111333213,True,4674,20190
24,2,0.0,0.0,uniform,0,uniform,0.5,guarded,stage1,,,16,0.022525805294397436,custom,"{""bfgs"": 0.07674156935987933, ""custom"": 0.0038369375010921555}",0.003967614844441414,0.003967614844441414,stage3_l_opt,l_opt_current_alpha,1.2614472060948447,0.045219460571821746,0.05,False,False,True,True,0.0013030817111333213,True,4971,21453
24,2,0.0,0.0,uniform,0,uniform,0.5,guarded,stage1,,,17,0.022525805294397436,custom,"{""bfgs"": 0.07674156935987933, ""custom"": 0.0038369375010921555}",0.003967614844441414,0.003967614844441414,stage3_l_opt,l_opt_current_alpha,1.2614472060948447,0.045219460571821746,0.05,False,False,True,True,0.0013030817111333213,True,5268,22716
24,2,0.0,0.0,uniform,0,uniform,0.5,guarded,stage1,,,18,0.022525805294397436,custom,"{""bfgs"": 0.07674156935987933, ""custom"": 0.0038369375010921555}",0.003967614844441414,0.003967614844441414,stage3_l_opt,l_opt_current_alpha,1.2614472060948447,0.045219460571821746,0.05,False,False,True,True,0.0013030817111333213,True,5565,23979
24,2,0.0,0.0,uniform,0,uniform,0.5,guarded,stage1,,,19,0.022525805294397436,custom,"{""bfgs"": 0.07674156935987933, ""custom"": 0.0038369375010921555}",0.003967614844441414,0.003967614844441414,stage3_l_opt,l_opt_current_alpha,1.2614472060948447,0.045219460571821746,0.05,False,False,True,True,0.0013030817111333213,True,5862,25242
25,2,0.0,0.0,uniform,0,uniform,0.5,guarded,stage1,,,0,0.003103267579252991,custom,"{""bfgs"": 0.009208498833080132, ""custom"": 0.009039748149613539}",0.009039748149613539,0.009039748149613539,stage3_l_opt,l_opt_current_alpha,0.6533333333333334,0.32666666666666666,0.5,False,True,True,False,,True,1164,843
25,2,0.0,0.0,uniform,0,uniform,0.5,guarded,stage1,,,1,0.008882302573417183,custom,"{""bfgs"": 0.00823714220687826, ""custom"": 0.007576377756517048}",0.008072560963531336,0.008072560963531336,stage3_l_opt,l_opt_current_alpha,0.7175553861299002,0.35877769306495005,0.5,True,True,True,False,-0.000967187186082203,True,2310,2013
25,2,0.0,0.0,uniform,0,uniform,0.5,guarded,stage1,,,2,0.002764055459538191,custom,"{""bfgs"": 0.02935437787050875, ""custom"": 0.005260157364798424}",0.0041942090416948,0.0041942090416948,stage3_l_opt,l_opt_current_alpha,0.333543573862704,0.166771786931352,0.5,True,True,True,False,-0.0038783519218365354,True,3015,3282
25,2,0.0,0.0,uniform,0,uniform,0.5,guarded,stage1,,,3,0.007455989461346969,custom,"{""bfgs"": 0.012644432805347994, ""custom"": 0.00828966709473918}",0.006942343898117542,0.006942343898117542,stage3_l_opt,l_opt_current_alpha,0.16698215992284676,0.08338589346567597,0.25,False,False,True,True,0.002748134856422742,True,3906,4521
25,2,0.0,0.0,uniform,0,uniform,0.5,guarded,stage1,,,4,0.005398914489446471,custom,"{""bfgs"": 0.01081775356579446, ""custom"": 0.008819538761843498}",0.006271640149255593,0.006271640149255593,stage3_l_opt,l_opt_current_alpha,0.19489656211709752,0.041692946732838035,0.125,False,False,True,True,0.002077431107560793,True,4983,5526
25,2,0.0,0.0,uniform,0,uniform,0.5,guarded,stage1,,,5,0.005561845284645646,custom,"{""bfgs"": 0.011264574872824026, ""custom"": 0.009416003842865157}",0.006500823733707269,0.006500823733707269,stage3_l_opt,l_opt_current_alpha,0.4730419875109317,0.020846473366418927,0.0625,False,False,True,True,0.0023066146920124684,True,5907,6981
25,2,0.0,0.0,uniform,0,uniform,0.5,guarded,stage1,,,6,0.005325970564525842,custom,"{""bfgs"": 0.04036769816640785, ""custom"": 0.009435761911944958}",0.006363977678120136,0.006363977678120136,stage3_l_opt,l_opt_current_alpha,0.5951761045989459,0.01667717869313516,0.05,False,False,True,True,0.002169768636425336,True,6579,8736
25,2,0.0,0.0,uniform,0,uniform,0.5,guarded,stage1,,,7,0.005349981829024588,custom,"{""bfgs"": 0.011081269269863388, ""custom"": 0.009236642073211246}",0.006215101418395837,0.006215101418395837,stage3_l_opt,l_opt_current_alpha,0.552632348700136,0.01667717869313516,0.05,False,False,True,True,0.0020208923767010365,True,7272,10095
25,2,0.0,0.0,uniform,0,uniform,0.5,guarded,stage1,,,8,0.005349981829024588,custom,"{""bfgs"": 0.011081269269863388, ""custom"": 0.009236642073211246}",0.006215101418395837,0.006215101418395837,stage3_l_opt,l_opt_current_alpha,0.552632348700136,0.01667717869313516,0.05,False,False,True,True,0.0020208923767010365,True,7965,11454
25,2,0.0,0.0,uniform,0,uniform,0.5,guarded,stage1,,,9,0.005349981829024588,custom,"{""bfgs"": 0.011081269269863388, ""custom"": 0.009236642073211246}",0.006215101418395837,0.006215101418395837,stage3_l_opt,l_opt_current_alpha,0.552632348700136,0.01667717869313516,0.05,False,False,True,True,0.0020208923767010365,True,8658,12813
25,2,0.0,0.0,uniform,0,uniform,0.5,guarded,stage1,,,10,0.005349981829024588,custom,"{""bfgs"": 0.011081269269863388, ""custom"": 0.009236642073211246}",0.006215101418395837,0.006215101418395837,stage3_l_opt,l_opt_current_alpha,0.552632348700136,0.01667717869313516,0.05,False,False,True,True,0.0020208923767010365,True,9351,14172
25,2,0.0,0.0,uniform,0,uniform,0.5,guarded,stage1,,,11,0.005349981829024588,custom,"{""bfgs"": 0.011081269269863388, ""custom"": 0.009236642073211246}",0.006215101418395837,0.006215101418395837,stage3_l_opt,l_opt_current_alpha,0.552632348700136,0.01667717869313516,0.05,False,False,True,True,0.0020208923767010365,True,10044,15531
25,2,0.0,0.0,uniform,0,uniform,0.5,guarded,stage1,,,12,0.005349981829024588,custom,"{""bfgs"": 0.011081269269863388, ""custom"": 0.009236642073211246}",0.006215101418395837,0.006215101418395837,stage3_l_opt,l_opt_current_alpha,0.552632348700136,0.01667717869313516,0.05,False,False,True,True,0.0020208923767010365,True,10737,16890
25,2,0.0,0.0,uniform,0,uniform,0.5,guarded,stage1,,,13,0.005349981829024588,custom,"{""bfgs"": 0.011081269269863388, ""custom"": 0.009236642073211246}",0.006215101418395837,0.006215101418395837,stage3_l_opt,l_opt_current_alpha,0.552632348700136,0.01667717869313516,0.05,False,False,True,True,0.0020208923767010365,True,11430,18249
25,2,0.0,0.0,uniform,0,uniform,0.5,guarded,stage1,,,14,0.005349981829024588,custom,"{""bfgs"": 0.011081269269863388, ""custom"": 0.009236642073211246}",0.006215101418395837,0.006215101418395837,stage3_l_opt,l_opt_current_alpha,0.552632348700136,0.01667717869313516,0.05,False,False,True,True,0.0020208923767010365,True,12123,19608
25,2,0.0,0.0,uniform,0,uniform,0.5,guarded,stage1,,,15,0.005349981829024588,custom,"{""bfgs"": 0.011081269269863388, ""custom"": 0.009236642073211246}",0.006215101418395837,0.006215101418395837,stage3_l_opt,l_opt_current_alpha,0.552632348700136,0.01667717869313516,0.05,False,False,True,True,0.0020208923767010365,True,12816,20967
25,2,0.0,0.0,uniform,0,uniform,0.5,guarded,stage1,,,16,0.005349981829024588,custom,"{""bfgs"": 0.011081269269863388, ""custom"": 0.009236642073211246}",0.006215101418395837,0.006215101418395837,stage3_l_opt,l_opt_current_alpha,0.552632348700136,0.01667717869313516,0.05,False,False,True,True,0.0020208923767010365,True,13509,22326
25,2,0.0,0.0,uniform,0,uniform,0.5,guarded,stage1,,,17,0.005349981829024588,custom,"{""bfgs"": 0.011081269269863388, ""custom"": 0.009236642073211246}",0.006215101418395837,0.006215101418395837,stage3_l_opt,l_opt_current_alpha,0.552632348700136,0.01667717869313516,0.05,False,False,True,True,0.0020208923767010365,True,14202,23685
25,2,0.0,0.0,uniform,0,uniform,0.5,guarded,stage1,,,18,0.005349981829024588,custom,"{""bfgs"": 0.011081269269863388, ""custom"": 0.009236642073211246}",0.006215101418395837,0.006215101418395837,stage3_l_opt,l_opt_current_alpha,0.552632348700136,0.01667717869313516,0.05,False,False,True,True,0.0020208923767010365,True,14895,25044
25,2,0.0,0.0,uniform,0,uniform,0.5,guarded,stage1,,,19,0.005349981829024588,custom,"{""bfgs"": 0.011081269269863388, ""custom"": 0.009236642073211246}",0.006215101418395837,0.006215101418395837,stage3_l_opt,l_opt_current_alpha,0.552632348700136,0.01667717869313516,0.05,False,False,True,True,0.0020208923767010365,True,15588,26403
26,2,0.0,0.0,uniform,0,uniform,0.5,guarded,stage1,,,0,0.03602305573937403,custom,"{""bfgs"": 0.014661685718844334, ""custom"": 0.006435994029743597}",0.006435994029743597,0.006435994029743597,stage3_l_opt,l_opt_current_alpha,0.2803265407504447,0.14016327037522236,0.5,False,True,True,False,,True,369,1203
26,2,0.0,0.0,uniform,0,uniform,0.5,guarded,stage1,,,1,0.020998141115932123,custom,"{""bfgs"": 0.014172029802292938, ""custom"": 0.011356542663025684}",0.010277572990162298,0.010277572990162298,stage3_l_opt,l_opt_current_alpha,1.4468299370418891,0.07008163518761118,0.25,False,False,True,True,0.003841578960418701,True,642,2358
26,2,0.0,0.0,uniform,0,uniform,0.5,guarded,stage1,,,2,0.034641330240733126,custom,"{""bfgs"": 0.14330159037865148, ""custom"": 0.006516499391657528}",0.00625650704993556,0.00625650704993556,stage3_l_opt,l_opt_current_alpha,0.19020938983483232,0.047552347458708066,0.25,True,True,True,False,-0.0001794869798080372,True,909,3468
26,2,0.0,0.0,uniform,0,uniform,0.5,guarded,stage1,,,3,0.03558918193889976,custom,"{""bfgs"": 0.04868840989333803, ""custom"": 0.006896522279565632}",0.006371688068611547,0.006371688068611547,stage3_l_opt,l_opt_current_alpha,0.6838727888659082,0.023776173729354033,0.125,False,False,True,True,0.00011518101867598763,True,1179,4734
26,2,0.0,0.0,uniform,0,uniform,0.5,guarded,stage1,,,4,0.03504987909027696,custom,"{""bfgs"": 0.21522143768405227, ""custom"": 0.006680195233323358}",0.006302094669081271,0.006302094669081271,stage3_l_opt,l_opt_current_alpha,0.652470234076423,0.08155877925955296,0.125,True,True,True,False,4.5587619145710974e-05,True,1407,5973
26,2,0.0,0.0,uniform,0,uniform,0.5,guarded,stage1,,,5,0.03391880121450341,custom,"{""bfgs"": 0.21763127149602698, ""custom"": 0.00628932689242769}",0.006252764413754146,0.006252764413754146,stage3_l_opt,l_opt_current_alpha,0.24754871890063856,0.030943589862579834,0.125,True,True,True,False,-4.93302553271251e-05,True,1698,7329
26,2,0.0,0.0,uniform,0,uniform,0.5,guarded,stage1,,,6,0.03378028611546435,custom,"{""bfgs"": 0.025911136008192965, ""custom"": 0.0064205721350662276}",0.0062988437712192535,0.0062988437712192535,stage3_l_opt,l_opt_current_alpha,0.22146898966389622,0.02768362370798705,0.125,True,True,True,False,4.6079357465107947e-05,True,1932,8667
26,2,0.0,0.0,uniform,0,uniform,0.5,guarded,stage1,,,7,0.03466763143785273,custom,"{""bfgs"": 0.24468937645242114, ""custom"": 0.00651608512733193}",0.006252282570737104,0.006252282570737104,stage3_l_opt,l_opt_current_alpha,0.1889265208433409,0.02361581510541766,0.125,True,True,True,False,-4.656120048214963e-05,True,2229,9768
26,2,0.0,0.0,uniform,0,uniform,0.5,guarded,stage1,,,8,0.035062825714426704,custom,"{""bfgs"": 0.1123790674622259, ""custom"": 0.006685847464091143}",0.006304228018658857,0.006304228018658857,stage3_l_opt,l_opt_current_alpha,0.6533852128105292,0.08167315160131616,0.125,True,True,True,False,5.194544792175293e-05,True,2616,11043
26,2,0.0,0.0,uniform,0,uniform,0.5,guarded,stage1,,,9,0.03405179734702013,custom,"{""bfgs"": 0.21761040162005274, ""custom"": 0.006371016867347579}",0.006331656128168106,0.006331656128168106,stage3_l_opt,l_opt_current_alpha,0.25541752241565086,0.03192719030195634,0.125,True,True,True,False,2.742810950924924e-05,True,2790,12345
26,2,0.0,0.0,uniform,0,uniform,0.5,guarded,stage1,,,10,0.03379095661125098,custom,"{""bfgs"": 0.06820645771048557, ""custom"": 0.006392823244557557}",0.00626573587457339,0.00626573587457339,stage3_l_opt,l_opt_current_alpha,0.21640314281268713,0.027050392851585836,0.125,True,True,True,False,-6.59202535947161e-05,True,2994,13647
26,2,0.0,0.0,uniform,0,uniform,0.5,guarded,stage1,,,11,0.03464298099139579,custom,"{""bfgs"": 0.049357057514958703, ""custom"": 0.006524664280774713}",0.006258377145665388,0.006258377145665388,stage3_l_opt,l_opt_current_alpha,0.18863901724955745,0.02357987715619464,0.125,True,True,True,False,-7.3587289080023766e-06,True,3288,14748
26,2,0.0,0.0,uniform,0,uniform,0.5,guarded,stage1,,,12,0.03508796095955308,custom,"{""bfgs"": 0.0120426314654258, ""custom"": 0.006698615898318265}",0.0063112986196453376,0.0063112986196453376,stage3_l_opt,l_opt_current_alpha,0.6550355966467479,0.08187944958084348,0.125,True,True,True,False,5.292147397994995e-05,True,3534,16023
26,2,0.0,0.0,uniform,0,uniform,0.5,guarded,stage1,,,13,0.03388875339406211,custom,"{""bfgs"": 0.12481786331215383, ""custom"": 0.006319476428132031}",0.006280229737361272,0.006280229737361272,stage3_l_opt,l_opt_current_alpha,0.24917776608404907,0.03114722076050619,0.125,True,True,True,False,-3.1068882284065666e-05,True,3756,17271
26,2,0.0,0.0,uniform,0,uniform,0.5,guarded,stage1,,,14,0.033785480714131566,custom,"{""bfgs"": 0.2825309179441561, ""custom"": 0.006391798359410443}",0.006265365829070409,0.006265365829070409,stage3_l_opt,l_opt_current_alpha,0.21646637066760963,0.027058296333451193,0.125,True,True,True,False,-1.4863908290863037e-05,True,4407,18510
26,2,0.0,0.0,uniform,0,uniform,0.5,guarded,stage1,,,15,0.034658368281979546,custom,"{""bfgs"": 0.039468929071751084, ""custom"": 0.006517528382083306}",0.006251430721022189,0.006251430721022189,stage3_l_opt,l_opt_current_alpha,0.1880121346504275,0.023501516831303415,0.125,True,True,True,False,-1.3935108048220186e-05,True,4728,19611
26,2,0.0,0.0,uniform,0,uniform,0.5,guarded,stage1,,,16,0.03506893753290424,custom,"{""bfgs"": 0.21517665891264115, ""custom"": 0.006701722776874553}",0.006315980067787071,0.006315980067787071,stage3_l_opt,l_opt_current_alpha,0.6553715564032334,0.08192144455040418,0.125,True,True,True,False,6.454934676488212e-05,True,4926,20697
26,2,0.0,0.0,uniform,0,uniform,0.5,guarded,stage1,,,17,0.033942722398991376,custom,"{""bfgs"": 0.32283287429180785, ""custom"": 0.006336448785682648}",0.006297224511702855,0.006297224511702855,stage3_l_opt,l_opt_current_alpha,0.2512044686339498,0.03140055857924379,0.125,True,True,True,False,-1.875555608421564e-05,True,5112,21972
26,2,0.0,0.0,uniform,0,uniform,0.5,guarded,stage1,,,18,0.033787556814341146,custom,"{""bfgs"": 0.15851174068927737, ""custom"": 0.006392372388989806}",0.006265800446271896,0.006265800446271896,stage3_l_opt,l_opt_current_alpha,0.2164729340310111,0.0270591167538764,0.125,True,True,True,False,-3.142406543095878e-05,True,5343,23310
26,2,0.0,0.0,uniform,0,uniform,0.5,guarded,stage1,,,19,0.034658360333260696,custom,"{""bfgs"": 0.22167235231893795, ""custom"": 0.006517596199697294}",0.006251410852807264,0.006251410852807264,stage3_l_opt,l_opt_current_alpha,0.1879703307277336,0.023496291340966646,0.125,True,True,True,False,-1.438959346463254e-05,True,5652,24510
27,2,0.0,0.0,uniform,0,uniform,0.5,guarded,stage1,,,0,0.005495516020414176,custom,"{""bfgs"": 0.022179429108897843, ""custom"": 0.008671447013815243}",0.008671447013815245,0.008671447013815245,stage3_l_opt,l_opt_current_alpha,,0.0,0.5,False,True,False,False,,False,255,720
28,2,0.0,0.0,uniform,0,uniform,0.5,guarded,stage1,,,0,0.0004162951191339567,custom,"{""bfgs"": 0.1379910558462143, ""custom"": 0.011424590212603409}",0.01142459021260341,0.01142459021260341,stage3_l_opt,l_opt_current_alpha,1.3066666666666666,0.6533333333333333,0.5,False,True,True,False,,True,927,1212
28,2,0.0,0.0,uniform,0,uniform,0.5,guarded,stage1,,,1,0.021939605214982113,custom,"{""bfgs"": 0.13056482940912245, ""custom"": 0.011785580553114414}",0.02310897968709469,0.02310897968709469,stage3_l_opt,l_opt_current_alpha,0.6533333333333333,0.3266666666666667,0.25,False,False,True,True,0.011684389474491278,True,1755,2007
28,2,0.0,0.0,uniform,0,uniform,0.5,guarded,stage1,,,2,0.021655114359693042,custom,"{""bfgs"": 0.1342779306570689, ""custom"": 0.017274454552680254}",0.02287920005619526,0.02287920005619526,stage3_l_opt,l_opt_current_alpha,,0.0,0.25,False,False,False,True,0.011454609843591848,False,2484,2907
29,2,0.0,0.0,uniform,0,uniform,0.5,guarded,stage1,,,0,0.008316854230900408,custom,"{""bfgs"": 0.01216188631951809, ""custom"": 0.0067322446654240285}",0.006732244665424029,0.006732244665424029,stage3_l_opt,l_opt_current_alpha,0.6533333333333333,0.3266666666666667,0.5,False,True,True,False,,True,159,1569
29,2,0.0,0.0,uniform,0,uniform,0.5,guarded,stage1,,,1,0.002183960733538534,custom,"{""bfgs"": 0.011120746098844073, ""custom"": 0.007678563851068325}",0.006391638889908791,0.006391638889908791,stage3_l_opt,l_opt_current_alpha,0.45795289960555996,0.22897644980277998,0.5,True,True,True,False,-0.00034060577551523873,True,432,2832
29,2,0.0,0.0,uniform,0,uniform,0.5,guarded,stage1,,,2,0.0014140844452708162,custom,"{""bfgs"": 0.01140269755674819, ""custom"": 0.005832155982026727}",0.00666962501903375,0.00666962501903375,stage3_l_opt,l_opt_current_alpha,0.3164278842992936,0.11448822490139002,0.25,False,False,True,True,0.000277986129124959,True,1335,4008
29,2,0.0,0.0,uniform,0,uniform,0.5,guarded,stage1,,,3,0.0014304426645421059,custom,"{""bfgs"": 0.013195074866207315, ""custom"": 0.006771395747522257}",0.006616624072194099,0.006616624072194099,stage3_l_opt,l_opt_current_alpha,0.3369735936644778,0.05724411245069505,0.125,False,False,True,True,0.00022498518228530884,True,1677,5400
29,2,0.0,0.0,uniform,0,uniform,0.5,guarded,stage1,,,4,0.00215699369606015,custom,"{""bfgs"": 0.06166182945649812, ""custom"": 0.007239584089306286}",0.006401838734745979,0.006401838734745979,stage3_l_opt,l_opt_current_alpha,0.6487171640319251,0.08108964550399059,0.125,True,True,True,False,1.019984483718872e-05,True,2490,6573
29,2,0.0,0.0,uniform,0,uniform,0.5,guarded,stage1,,,5,0.0014302725740937966,custom,"{""bfgs"": 0.0870980720035458, ""custom"": 0.00665883150837702}",0.00661624160905679,0.00661624160905679,stage3_l_opt,l_opt_current_alpha,0.21811460471736607,0.04054482275199531,0.0625,False,False,True,True,0.00021440287431081107,True,3303,7830
29,2,0.0,0.0,uniform,0,uniform,0.5,guarded,stage1,,,6,0.0014263569475496257,custom,"{""bfgs"": 0.012354812643175419, ""custom"": 0.00695468829803353}",0.006610425189137459,0.006610425189137459,stage3_l_opt,l_opt_current_alpha,0.3156670332832221,0.032435858201596224,0.05,False,False,True,True,0.0002085864543914795,True,3753,9153
29,2,0.0,0.0,uniform,0,uniform,0.5,guarded,stage1,,,7,0.001427752437503177,custom,"{""bfgs"": 0.012555172510587395, ""custom"": 0.007013943926811931}",0.006608800962567329,0.006608800962567329,stage3_l_opt,l_opt_current_alpha,0.3090515203685296,0.032435858201596224,0.05,False,False,True,True,0.0002069622278213501,True,4605,10440
29,2,0.0,0.0,uniform,0,uniform,0.5,guarded,stage1,,,8,0.001427752437503177,custom,"{""bfgs"": 0.012555172510587395, ""custom"": 0.007013943926811931}",0.006608800962567329,0.006608800962567329,stage3_l_opt,l_opt_current_alpha,0.3090515203685296,0.032435858201596224,0.05,False,False,True,True,0.0002069622278213501,True,5457,11727
29,2,0.0,0.0,uniform,0,uniform,0.5,guarded,stage1,,,9,0.001427752437503177,custom,"{""bfgs"": 0.012555172510587395, ""custom"": 0.007013943926811931}",0.006608800962567329,0.006608800962567329,stage3_l_opt,l_opt_current_alpha,0.3090515203685296,0.032435858201596224,0.05,False,False,True,True,0.0002069622278213501,True,6309,13014
29,2,0.0,0.0,uniform,0,uniform,0.5,guarded,stage1,,,10,0.001427752437503177,custom,"{""bfgs"": 0.012555172510587395, ""custom"": 0.007013943926811931}",0.006608800962567329,0.006608800962567329,stage3_l_opt,l_opt_current_alpha,0.3090515203685296,0.032435858201596224,0.05,False,False,True,True,0.0002069622278213501,True,7161,14301
29,2,0.0,0.0,uniform,0,uniform,0.5,guarded,stage1,,,11,0.001427752437503177,custom,"{""bfgs"": 0.012555172510587395, ""custom"": 0.007013943926811931}",0.006608800962567329,0.006608800962567329,stage3_l_opt,l_opt_current_alpha,0.3090515203685296,0.032435858201596224,0.05,False,False,True,True,0.0002069622278213501,True,8013,15588
29,2,0.0,0.0,uniform,0,uniform,0.5,guarded,stage1,,,12,0.001427752437503177,custom,"{""bfgs"": 0.012555172510587395, ""custom"": 0.007013943926811931}",0.006608800962567329,0.006608800962567329,stage3_l_opt,l_opt_current_alpha,0.3090515203685296,0.032435858201596224,0.05,False,False,True,True,0.0002069622278213501,True,8865,16875
29,2,0.0,0.0,uniform,0,uniform,0.5,guarded,stage1,,,13,0.001427752437503177,custom,"{""bfgs"": 0.012555172510587395, ""custom"": 0.007013943926811931}",0.006608800962567329,0.006608800962567329,stage3_l_opt,l_opt_current_alpha,0.3090515203685296,0.032435858201596224,0.05,False,False,True,True,0.0002069622278213501,True,9717,18162
29,2,0.0,0.0,uniform,0,uniform,0.5,guarded,stage1,,,14,0.001427752437503177,custom,"{""bfgs"": 0.012555172510587395, ""custom"": 0.007013943926811931}",0.006608800962567329,0.006608800962567329,stage3_l_opt,l_opt_current_alpha,0.3090515203685296,0.032435858201596224,0.05,False,False,True,True,0.0002069622278213501,True,10569,19449
29,2,0.0,0.0,uniform,0,uniform,0.5,guarded,stage1,,,15,0.001427752437503177,custom,"{""bfgs"": 0.012555172510587395, ""custom"": 0.007013943926811931}",0.006608800962567329,0.006608800962567329,stage3_l_opt,l_opt_current_alpha,0.3090515203685296,0.032435858201596224,0.05,False,False,True,True,0.0002069622278213501,True,11421,20736
29,2,0.0,0.0,uniform,0,uniform,0.5,guarded,stage1,,,16,0.001427752437503177,custom,"{""bfgs"": 0.012555172510587395, ""custom"": 0.007013943926811931}",0.006608800962567329,0.006608800962567329,stage3_l_opt,l_opt_current_alpha,0.3090515203685296,0.032435858201596224,0.05,False,False,True,True,0.0002069622278213501,True,12273,22023
29,2,0.0,0.0,uniform,0,uniform,0.5,guarded,stage1,,,17,0.001427752437503177,custom,"{""bfgs"": 0.012555172510587395, ""custom"": 0.007013943926811931}",0.006608800962567329,0.006608800962567329,stage3_l_opt,l_opt_current_alpha,0.3090515203685296,0.032435858201596224,0.05,False,False,True,True,0.0002069622278213501,True,13125,23310
29,2,0.0,0.0,uniform,0,uniform,0.5,guarded,stage1,,,18,0.001427752437503177,custom,"{""bfgs"": 0.012555172510587395, ""custom"": 0.007013943926811931}",0.006608800962567329,0.006608800962567329,stage3_l_opt,l_opt_current_alpha,0.3090515203685296,0.032435858201596224,0.05,False,False,True,True,0.0002069622278213501,True,13977,24597
29,2,0.0,0.0,uniform,0,uniform,0.5,guarded,stage1,,,19,0.001427752437503177,custom,"{""bfgs"": 0.012555172510587395, ""custom"": 0.007013943926811931}",0.006608800962567329,0.006608800962567329,stage3_l_opt,l_opt_current_alpha,0.3090515203685296,0.032435858201596224,0.05,False,False,True,True,0.0002069622278213501,True,14829,25884
