seed,dimension,poison_ratio,target,initialization,initialization_replicate,evaluator,update_rate,update_policy,coalition_mode,controlled_coalition_size,controlled_poison_count,round,target_error,stage3_engine,stage3_engine_losses,evaluation_loss,delivered_solution_evaluation_loss,full_solution_source,loo_search_objective,consistency_l1,update_l1,eta_used,update_accepted,current_state_accepted,proposal_generated,gate_triggered,eval_loss_delta,informative,stage3_requests_cumulative,contribution_requests_cumulative
0,2,0.3,0.0,uniform,0,trimmed,0.0,guarded,controlled,5,1,0,0.002007465785028464,bfgs,"{""bfgs"": 0.015895250439643863, ""custom"": 0.01957568377256394}",0.015531321366628012,0.015531321366628012,stage3_l_opt,l_opt_current_alpha,0.7542648027046188,0.0,0.0,False,True,False,False,,True,3405,2710
0,2,0.3,0.0,uniform,0,trimmed,0.5,guarded,controlled,5,1,0,0.002007465785028464,bfgs,"{""bfgs"": 0.015895250439643863, ""custom"": 0.01957568377256394}",0.015531321366628012,0.015531321366628012,stage3_l_opt,l_opt_current_alpha,0.7542648027046188,0.37713240135230947,0.5,False,True,True,False,,True,3405,2710
0,2,0.3,0.0,uniform,0,trimmed,0.5,guarded,controlled,5,1,1,0.014915579672612256,custom,"{""bfgs"": 0.05796510456668716, ""custom"": 0.01358341569125827}",0.017007085184256237,0.017007085184256237,stage3_l_opt,l_opt_current_alpha,0.9223484170416363,0.18856620067615465,0.25,False,False,True,True,0.0014757638176282253,True,5230,5890
0,2,0.3,0.0,uniform,0,trimmed,0.5,guarded,controlled,5,1,2,0.014942246480925944,custom,"{""bfgs"": 0.057124317579802776, ""custom"": 0.016585272262790593}",0.016981246570746105,0.016981246570746105,stage3_l_opt,l_opt_current_alpha,0.35032199486343324,0.09428310033807735,0.125,False,False,True,True,0.0014499252041180934,True,6835,9330
0,2,0.3,0.0,uniform,0,trimmed,0.5,guarded,controlled,5,1,3,0.002150530231173311,bfgs,"{""bfgs"": 0.016031636317772307, ""custom"": 0.018074522083605472}",0.01629518469174703,0.01629518469174703,stage3_l_opt,l_opt_current_alpha,0.802662864654745,0.047141550169038704,0.0625,False,False,True,True,0.0007638633251190168,True,11280,12015
0,2,0.3,0.0,uniform,0,trimmed,0.5,guarded,controlled,5,1,4,0.01625346964842367,custom,"{""bfgs"": 0.028460178123141326, ""custom"": 0.019121865906912488}",0.015987485647201538,0.015987485647201538,stage3_l_opt,l_opt_current_alpha,0.7263992128678604,0.037713240135230974,0.05,False,False,True,True,0.00045616428057352644,True,15195,14725
0,2,0.3,0.0,uniform,0,trimmed,0.5,guarded,controlled,5,1,5,0.005407011563833985,bfgs,"{""bfgs"": 0.015523230643195255, ""custom"": 0.019319144069753613}",0.015430785715579987,0.015430785715579987,stage3_l_opt,l_opt_current_alpha,0.6482594230646714,0.03241297115323355,0.05,True,True,True,False,-0.00010053565104802507,True,18605,16845
0,2,0.3,0.0,uniform,0,trimmed,0.5,guarded,controlled,5,1,6,0.016096687343085822,custom,"{""bfgs"": 0.05661256947241798, ""custom"": 0.018945071171179384}",0.016205832362174988,0.016205832362174988,stage3_l_opt,l_opt_current_alpha,0.6394813972358709,0.03241297115323355,0.05,False,False,True,True,0.0007750466465950012,True,21080,19855
0,2,0.3,0.0,uniform,0,trimmed,0.5,guarded,controlled,5,1,7,0.016096687343085822,custom,"{""bfgs"": 0.05661256947241798, ""custom"": 0.018945071171179384}",0.016205832362174988,0.016205832362174988,stage3_l_opt,l_opt_current_alpha,0.6394813972358709,0.03241297115323355,0.05,False,False,True,True,0.0007750466465950012,True,23555,22865
0,2,0.3,0.0,uniform,0,trimmed,0.5,guarded,controlled,5,1,8,0.016096687343085822,custom,"{""bfgs"": 0.05661256947241798, ""custom"": 0.018945071171179384}",0.016205832362174988,0.016205832362174988,stage3_l_opt,l_opt_current_alpha,0.6394813972358709,0.03241297115323355,0.05,False,False,True,True,0.0007750466465950012,True,26030,25875
0,2,0.3,0.0,uniform,0,trimmed,0.5,guarded,controlled,5,1,9,0.016096687343085822,custom,"{""bfgs"": 0.05661256947241798, ""custom"": 0.018945071171179384}",0.016205832362174988,0.016205832362174988,stage3_l_opt,l_opt_current_alpha,0.6394813972358709,0.03241297115323355,0.05,False,False,True,True,0.0007750466465950012,True,28505,28885
0,2,0.3,0.0,uniform,0,trimmed,0.5,guarded,controlled,5,1,10,0.016096687343085822,custom,"{""bfgs"": 0.05661256947241798, ""custom"": 0.018945071171179384}",0.016205832362174988,0.016205832362174988,stage3_l_opt,l_opt_current_alpha,0.6394813972358709,0.03241297115323355,0.05,False,False,True,True,0.0007750466465950012,True,30980,31895
0,2,0.3,0.0,uniform,0,trimmed,0.5,guarded,controlled,5,1,11,0.016096687343085822,custom,"{""bfgs"": 0.05661256947241798, ""custom"": 0.018945071171179384}",0.016205832362174988,0.016205832362174988,stage3_l_opt,l_opt_current_alpha,0.6394813972358709,0.03241297115323355,0.05,False,False,True,True,0.0007750466465950012,True,33455,34905
0,2,0.3,0.0,uniform,0,trimmed,0.5,guarded,controlled,5,1,12,0.016096687343085822,custom,"{""bfgs"": 0.05661256947241798, ""custom"": 0.018945071171179384}",0.016205832362174988,0.016205832362174988,stage3_l_opt,l_opt_current_alpha,0.6394813972358709,0.03241297115323355,0.05,False,False,True,True,0.0007750466465950012,True,35930,37915
0,2,0.3,0.0,uniform,0,trimmed,0.5,guarded,controlled,5,1,13,0.016096687343085822,custom,"{""bfgs"": 0.05661256947241798, ""custom"": 0.018945071171179384}",0.016205832362174988,0.016205832362174988,stage3_l_opt,l_opt_current_alpha,0.6394813972358709,0.03241297115323355,0.05,False,False,True,True,0.0007750466465950012,True,38405,40925
0,2,0.3,0.0,uniform,0,trimmed,0.5,guarded,controlled,5,1,14,0.016096687343085822,custom,"{""bfgs"": 0.05661256947241798, ""custom"": 0.018945071171179384}",0.016205832362174988,0.016205832362174988,stage3_l_opt,l_opt_current_alpha,0.6394813972358709,0.03241297115323355,0.05,False,False,True,True,0.0007750466465950012,True,40880,43935
0,2,0.3,0.0,uniform,0,trimmed,0.5,guarded,controlled,5,1,15,0.016096687343085822,custom,"{""bfgs"": 0.05661256947241798, ""custom"": 0.018945071171179384}",0.016205832362174988,0.016205832362174988,stage3_l_opt,l_opt_current_alpha,0.6394813972358709,0.03241297115323355,0.05,False,False,True,True,0.0007750466465950012,True,43355,46945
0,2,0.3,0.0,uniform,0,trimmed,0.5,guarded,controlled,5,1,16,0.016096687343085822,custom,"{""bfgs"": 0.05661256947241798, ""custom"": 0.018945071171179384}",0.016205832362174988,0.016205832362174988,stage3_l_opt,l_opt_current_alpha,0.6394813972358709,0.03241297115323355,0.05,False,False,True,True,0.0007750466465950012,True,45830,49955
0,2,0.3,0.0,uniform,0,trimmed,0.5,guarded,controlled,5,1,17,0.016096687343085822,custom,"{""bfgs"": 0.05661256947241798, ""custom"": 0.018945071171179384}",0.016205832362174988,0.016205832362174988,stage3_l_opt,l_opt_current_alpha,0.6394813972358709,0.03241297115323355,0.05,False,False,True,True,0.0007750466465950012,True,48305,52965
0,2,0.3,0.0,uniform,0,trimmed,0.5,guarded,controlled,5,1,18,0.016096687343085822,custom,"{""bfgs"": 0.05661256947241798, ""custom"": 0.018945071171179384}",0.016205832362174988,0.016205832362174988,stage3_l_opt,l_opt_current_alpha,0.6394813972358709,0.03241297115323355,0.05,False,False,True,True,0.0007750466465950012,True,50780,55975
0,2,0.3,0.0,uniform,0,trimmed,0.5,guarded,controlled,5,1,19,0.016096687343085822,custom,"{""bfgs"": 0.05661256947241798, ""custom"": 0.018945071171179384}",0.016205832362174988,0.016205832362174988,stage3_l_opt,l_opt_current_alpha,0.6394813972358709,0.03241297115323355,0.05,False,False,True,True,0.0007750466465950012,True,53255,58985
0,2,0.3,0.0,stage0,0,trimmed,0.0,guarded,controlled,5,1,0,0.03530427682276163,custom,"{""bfgs"": 0.050097076977335675, ""custom"": 0.013837960559102476}",0.02548761914173762,0.02548761914173762,stage3_l_opt,l_opt_current_alpha,1.2311434228472489,0.0,0.0,False,True,False,False,,True,745,3030
0,2,0.3,0.0,stage0,0,trimmed,0.5,guarded,controlled,5,1,0,0.03530427682276163,custom,"{""bfgs"": 0.050097076977335675, ""custom"": 0.013837960559102476}",0.02548761914173762,0.02548761914173762,stage3_l_opt,l_opt_current_alpha,1.2311434228472489,0.6155717114236244,0.5,False,True,True,False,,True,745,3030
0,2,0.3,0.0,stage0,0,trimmed,0.5,guarded,controlled,5,1,1,0.0429413825154831,custom,"{""bfgs"": 0.05754522330573692, ""custom"": 0.010097609345456119}",0.03274687503774961,0.03274687503774961,stage3_l_opt,l_opt_current_alpha,1.3483913140798884,0.3077858557118122,0.25,False,False,True,True,0.0072592558960119895,True,1440,7245
0,2,0.3,0.0,stage0,0,trimmed,0.5,guarded,controlled,5,1,2,0.03387146753415668,custom,"{""bfgs"": 0.053987163017332876, ""custom"": 0.012370894798189697}",0.023539630075295765,0.023539630075295765,stage3_l_opt,l_opt_current_alpha,1.2272611503473394,0.30681528758683485,0.25,True,True,True,False,-0.0019479890664418562,True,2065,10910
0,2,0.3,0.0,stage0,0,trimmed,0.5,guarded,controlled,5,1,3,0.04362811075189718,custom,"{""bfgs"": 0.013112203323576222, ""custom"": 0.011809343095199086}",0.03361507008473078,0.03361507008473078,stage3_l_opt,l_opt_current_alpha,1.7842445366764297,0.15340764379341748,0.125,False,False,True,True,0.010075440009435017,True,3895,13915
0,2,0.3,0.0,stage0,0,trimmed,0.5,guarded,controlled,5,1,4,0.03332666412190166,custom,"{""bfgs"": 0.05699917801796114, ""custom"": 0.012823092536399716}",0.022705741226673126,0.022705741226673126,stage3_l_opt,l_opt_current_alpha,0.6460070492338176,0.08075088115422721,0.125,True,True,True,False,-0.0008338888486226388,True,4580,17320
0,2,0.3,0.0,stage0,0,trimmed,0.5,guarded,controlled,5,1,5,0.0366800731361315,custom,"{""bfgs"": 0.06163453802800875, ""custom"": 0.011810921555565351}",0.026010997593402863,0.026010997593402863,stage3_l_opt,l_opt_current_alpha,1.7820742066014699,0.04037544057711363,0.0625,False,False,True,True,0.0033052563667297363,True,5575,20100
0,2,0.3,0.0,stage0,0,trimmed,0.5,guarded,controlled,5,1,6,0.03623443061817713,custom,"{""bfgs"": 0.011869605780071166, ""custom"": 0.011607695403744515}",0.02562449499964714,0.02562449499964714,stage3_l_opt,l_opt_current_alpha,1.7747862066732256,0.03230035246169086,0.05,False,False,True,True,0.0029187537729740143,True,8250,23490
0,2,0.3,0.0,stage0,0,trimmed,0.5,guarded,controlled,5,1,7,0.033432798704347705,custom,"{""bfgs"": 0.058659236271588366, ""custom"": 0.01262387695147244}",0.023071301480134327,0.023071301480134327,stage3_l_opt,l_opt_current_alpha,0.8566423613065774,0.03230035246169086,0.05,False,False,True,True,0.00036556025346120083,True,8730,27075
0,2,0.3,0.0,stage0,0,trimmed,0.5,guarded,controlled,5,1,8,0.033432798704347705,custom,"{""bfgs"": 0.058659236271588366, ""custom"": 0.01262387695147244}",0.023071301480134327,0.023071301480134327,stage3_l_opt,l_opt_current_alpha,0.8566423613065774,0.03230035246169086,0.05,False,False,True,True,0.00036556025346120083,True,9210,30660
0,2,0.3,0.0,stage0,0,trimmed,0.5,guarded,controlled,5,1,9,0.033432798704347705,custom,"{""bfgs"": 0.058659236271588366, ""custom"": 0.01262387695147244}",0.023071301480134327,0.023071301480134327,stage3_l_opt,l_opt_current_alpha,0.8566423613065774,0.03230035246169086,0.05,False,False,True,True,0.00036556025346120083,True,9690,34245
0,2,0.3,0.0,stage0,0,trimmed,0.5,guarded,controlled,5,1,10,0.033432798704347705,custom,"{""bfgs"": 0.058659236271588366, ""custom"": 0.01262387695147244}",0.023071301480134327,0.023071301480134327,stage3_l_opt,l_opt_current_alpha,0.8566423613065774,0.03230035246169086,0.05,False,False,True,True,0.00036556025346120083,True,10170,37830
0,2,0.3,0.0,stage0,0,trimmed,0.5,guarded,controlled,5,1,11,0.033432798704347705,custom,"{""bfgs"": 0.058659236271588366, ""custom"": 0.01262387695147244}",0.023071301480134327,0.023071301480134327,stage3_l_opt,l_opt_current_alpha,0.8566423613065774,0.03230035246169086,0.05,False,False,True,True,0.00036556025346120083,True,10650,41415
0,2,0.3,0.0,stage0,0,trimmed,0.5,guarded,controlled,5,1,12,0.033432798704347705,custom,"{""bfgs"": 0.058659236271588366, ""custom"": 0.01262387695147244}",0.023071301480134327,0.023071301480134327,stage3_l_opt,l_opt_current_alpha,0.8566423613065774,0.03230035246169086,0.05,False,False,True,True,0.00036556025346120083,True,11130,45000
0,2,0.3,0.0,stage0,0,trimmed,0.5,guarded,controlled,5,1,13,0.033432798704347705,custom,"{""bfgs"": 0.058659236271588366, ""custom"": 0.01262387695147244}",0.023071301480134327,0.023071301480134327,stage3_l_opt,l_opt_current_alpha,0.8566423613065774,0.03230035246169086,0.05,False,False,True,True,0.00036556025346120083,True,11610,48585
0,2,0.3,0.0,stage0,0,trimmed,0.5,guarded,controlled,5,1,14,0.033432798704347705,custom,"{""bfgs"": 0.058659236271588366, ""custom"": 0.01262387695147244}",0.023071301480134327,0.023071301480134327,stage3_l_opt,l_opt_current_alpha,0.8566423613065774,0.03230035246169086,0.05,False,False,True,True,0.00036556025346120083,True,12090,52170
0,2,0.3,0.0,stage0,0,trimmed,0.5,guarded,controlled,5,1,15,0.033432798704347705,custom,"{""bfgs"": 0.058659236271588366, ""custom"": 0.01262387695147244}",0.023071301480134327,0.023071301480134327,stage3_l_opt,l_opt_current_alpha,0.8566423613065774,0.03230035246169086,0.05,False,False,True,True,0.00036556025346120083,True,12570,55755
0,2,0.3,0.0,stage0,0,trimmed,0.5,guarded,controlled,5,1,16,0.033432798704347705,custom,"{""bfgs"": 0.058659236271588366, ""custom"": 0.01262387695147244}",0.023071301480134327,0.023071301480134327,stage3_l_opt,l_opt_current_alpha,0.8566423613065774,0.03230035246169086,0.05,False,False,True,True,0.00036556025346120083,True,13050,59340
0,2,0.3,0.0,stage0,0,trimmed,0.5,guarded,controlled,5,1,17,0.033432798704347705,custom,"{""bfgs"": 0.058659236271588366, ""custom"": 0.01262387695147244}",0.023071301480134327,0.023071301480134327,stage3_l_opt,l_opt_current_alpha,0.8566423613065774,0.03230035246169086,0.05,False,False,True,True,0.00036556025346120083,True,13530,62925
0,2,0.3,0.0,stage0,0,trimmed,0.5,guarded,controlled,5,1,18,0.033432798704347705,custom,"{""bfgs"": 0.058659236271588366, ""custom"": 0.01262387695147244}",0.023071301480134327,0.023071301480134327,stage3_l_opt,l_opt_current_alpha,0.8566423613065774,0.03230035246169086,0.05,False,False,True,True,0.00036556025346120083,True,14010,66510
0,2,0.3,0.0,stage0,0,trimmed,0.5,guarded,controlled,5,1,19,0.033432798704347705,custom,"{""bfgs"": 0.058659236271588366, ""custom"": 0.01262387695147244}",0.023071301480134327,0.023071301480134327,stage3_l_opt,l_opt_current_alpha,0.8566423613065774,0.03230035246169086,0.05,False,False,True,True,0.00036556025346120083,True,14490,70095
1,2,0.3,0.0,uniform,0,trimmed,0.0,guarded,controlled,5,1,0,0.0024432934588861643,custom,"{""bfgs"": 0.13691198080778122, ""custom"": 0.02472555749118328}",0.017546817660331726,0.017546817660331726,stage3_l_opt,l_opt_current_alpha,1.4943549590345144,0.0,0.0,False,True,False,False,,True,1095,3095
1,2,0.3,0.0,uniform,0,trimmed,0.5,guarded,controlled,5,1,0,0.0024432934588861643,custom,"{""bfgs"": 0.13691198080778122, ""custom"": 0.02472555749118328}",0.017546817660331726,0.017546817660331726,stage3_l_opt,l_opt_current_alpha,1.4943549590345144,0.7471774795172572,0.5,False,True,True,False,,True,1095,3095
1,2,0.3,0.0,uniform,0,trimmed,0.5,guarded,controlled,5,1,1,0.036523882001878755,custom,"{""bfgs"": 0.12958586228292315, ""custom"": 0.02003597248463373}",0.034598611295223236,0.034598611295223236,stage3_l_opt,l_opt_current_alpha,1.5679999999999998,0.37358873975862855,0.25,False,False,True,True,0.01705179363489151,True,1630,6670
1,2,0.3,0.0,uniform,0,trimmed,0.5,guarded,controlled,5,1,2,0.007602795700367648,custom,"{""bfgs"": 0.1332489215453522, ""custom"": 0.021859025914907515}",0.02415734777847926,0.02415734777847926,stage3_l_opt,l_opt_current_alpha,1.666,0.18679436987931428,0.125,False,False,True,True,0.006610530118147533,True,2180,10095
1,2,0.3,0.0,uniform,0,trimmed,0.5,guarded,controlled,5,1,3,0.008435497681834547,custom,"{""bfgs"": 0.13508045117656672, ""custom"": 0.022457045237416498}",0.01706877537071705,0.01706877537071705,stage3_l_opt,l_opt_current_alpha,0.803226387488455,0.10040329843605686,0.125,True,True,True,False,-0.00047804228961467743,True,2705,12940
1,2,0.3,0.0,uniform,0,trimmed,0.5,guarded,controlled,5,1,4,0.0064708495310740605,custom,"{""bfgs"": 0.13729260396102883, ""custom"": 0.02095189707757071}",0.015477741758028666,0.015477741758028666,stage3_l_opt,l_opt_current_alpha,1.0164676159515413,0.12705845199394267,0.125,True,True,True,False,-0.001591033612688383,True,3365,18960
1,2,0.3,0.0,uniform,0,trimmed,0.5,guarded,controlled,5,1,5,0.006232791632557119,custom,"{""bfgs"": 0.13517734530339723, ""custom"": 0.02080297631398704}",0.01510435901582241,0.01510435901582241,stage3_l_opt,l_opt_current_alpha,0.5577737730539691,0.06972172163174614,0.125,True,True,True,False,-0.000373382742206255,True,3820,22620
1,2,0.3,0.0,uniform,0,trimmed,0.5,guarded,controlled,5,1,6,0.010594325842803745,custom,"{""bfgs"": 0.1373353696904963, ""custom"": 0.019517196074446796}",0.019841743012269337,0.019841743012269337,stage3_l_opt,l_opt_current_alpha,0.791824540356334,0.034860860815873085,0.0625,False,False,True,True,0.004737383996446926,True,4470,26115
1,2,0.3,0.0,uniform,0,trimmed,0.5,guarded,controlled,5,1,7,0.008028242210096431,custom,"{""bfgs"": 0.13625635749694676, ""custom"": 0.02047184443877837}",0.017444853981335957,0.017444853981335957,stage3_l_opt,l_opt_current_alpha,0.8266854011722071,0.027888688652698446,0.05,False,False,True,True,0.002340494965513546,True,4975,30020
1,2,0.3,0.0,uniform,0,trimmed,0.5,guarded,controlled,5,1,8,0.007924167792370568,custom,"{""bfgs"": 0.13604055505823687, ""custom"": 0.020775228951714284}",0.016608197862903278,0.016608197862903278,stage3_l_opt,l_opt_current_alpha,0.760028343394401,0.027888688652698446,0.05,False,False,True,True,0.0015038388470808677,True,5645,33200
1,2,0.3,0.0,uniform,0,trimmed,0.5,guarded,controlled,5,1,9,0.007924167792370568,custom,"{""bfgs"": 0.13604055505823687, ""custom"": 0.020775228951714284}",0.016608197862903278,0.016608197862903278,stage3_l_opt,l_opt_current_alpha,0.760028343394401,0.027888688652698446,0.05,False,False,True,True,0.0015038388470808677,True,6315,36380
1,2,0.3,0.0,uniform,0,trimmed,0.5,guarded,controlled,5,1,10,0.007924167792370568,custom,"{""bfgs"": 0.13604055505823687, ""custom"": 0.020775228951714284}",0.016608197862903278,0.016608197862903278,stage3_l_opt,l_opt_current_alpha,0.760028343394401,0.027888688652698446,0.05,False,False,True,True,0.0015038388470808677,True,6985,39560
1,2,0.3,0.0,uniform,0,trimmed,0.5,guarded,controlled,5,1,11,0.007924167792370568,custom,"{""bfgs"": 0.13604055505823687, ""custom"": 0.020775228951714284}",0.016608197862903278,0.016608197862903278,stage3_l_opt,l_opt_current_alpha,0.760028343394401,0.027888688652698446,0.05,False,False,True,True,0.0015038388470808677,True,7655,42740
1,2,0.3,0.0,uniform,0,trimmed,0.5,guarded,controlled,5,1,12,0.007924167792370568,custom,"{""bfgs"": 0.13604055505823687, ""custom"": 0.020775228951714284}",0.016608197862903278,0.016608197862903278,stage3_l_opt,l_opt_current_alpha,0.760028343394401,0.027888688652698446,0.05,False,False,True,True,0.0015038388470808677,True,8325,45920
1,2,0.3,0.0,uniform,0,trimmed,0.5,guarded,controlled,5,1,13,0.007924167792370568,custom,"{""bfgs"": 0.13604055505823687, ""custom"": 0.020775228951714284}",0.016608197862903278,0.016608197862903278,stage3_l_opt,l_opt_current_alpha,0.760028343394401,0.027888688652698446,0.05,False,False,True,True,0.0015038388470808677,True,8995,49100
1,2,0.3,0.0,uniform,0,trimmed,0.5,guarded,controlled,5,1,14,0.007924167792370568,custom,"{""bfgs"": 0.13604055505823687, ""custom"": 0.020775228951714284}",0.016608197862903278,0.016608197862903278,stage3_l_opt,l_opt_current_alpha,0.760028343394401,0.027888688652698446,0.05,False,False,True,True,0.0015038388470808677,True,9665,52280
1,2,0.3,0.0,uniform,0,trimmed,0.5,guarded,controlled,5,1,15,0.007924167792370568,custom,"{""bfgs"": 0.13604055505823687, ""custom"": 0.020775228951714284}",0.016608197862903278,0.016608197862903278,stage3_l_opt,l_opt_current_alpha,0.760028343394401,0.027888688652698446,0.05,False,False,True,True,0.0015038388470808677,True,10335,55460
1,2,0.3,0.0,uniform,0,trimmed,0.5,guarded,controlled,5,1,16,0.007924167792370568,custom,"{""bfgs"": 0.13604055505823687, ""custom"": 0.020775228951714284}",0.016608197862903278,0.016608197862903278,stage3_l_opt,l_opt_current_alpha,0.760028343394401,0.027888688652698446,0.05,False,False,True,True,0.0015038388470808677,True,11005,58640
1,2,0.3,0.0,uniform,0,trimmed,0.5,guarded,controlled,5,1,17,0.007924167792370568,custom,"{""bfgs"": 0.13604055505823687, ""custom"": 0.020775228951714284}",0.016608197862903278,0.016608197862903278,stage3_l_opt,l_opt_current_alpha,0.760028343394401,0.027888688652698446,0.05,False,False,True,True,0.0015038388470808677,True,11675,61820
1,2,0.3,0.0,uniform,0,trimmed,0.5,guarded,controlled,5,1,18,0.007924167792370568,custom,"{""bfgs"": 0.13604055505823687, ""custom"": 0.020775228951714284}",0.016608197862903278,0.016608197862903278,stage3_l_opt,l_opt_current_alpha,0.760028343394401,0.027888688652698446,0.05,False,False,True,True,0.0015038388470808677,True,12345,65000
1,2,0.3,0.0,uniform,0,trimmed,0.5,guarded,controlled,5,1,19,0.007924167792370568,custom,"{""bfgs"": 0.13604055505823687, ""custom"": 0.020775228951714284}",0.016608197862903278,0.016608197862903278,stage3_l_opt,l_opt_current_alpha,0.760028343394401,0.027888688652698446,0.05,False,False,True,True,0.0015038388470808677,True,13015,68180
1,2,0.3,0.0,stage0,0,trimmed,0.0,guarded,controlled,5,1,0,0.009030469664017021,custom,"{""bfgs"": 0.10754621298912878, ""custom"": 0.010589081510464289}",0.02370322309434414,0.02370322309434414,stage3_l_opt,l_opt_current_alpha,1.255975942092013,0.0,0.0,False,True,False,False,,True,435,3145
1,2,0.3,0.0,stage0,0,trimmed,0.5,guarded,controlled,5,1,0,0.009030469664017021,custom,"{""bfgs"": 0.10754621298912878, ""custom"": 0.010589081510464289}",0.02370322309434414,0.02370322309434414,stage3_l_opt,l_opt_current_alpha,1.255975942092013,0.6279879710460063,0.5,False,True,True,False,,True,435,3145
1,2,0.3,0.0,stage0,0,trimmed,0.5,guarded,controlled,5,1,1,0.006174410865723345,custom,"{""bfgs"": 0.13085649373877487, ""custom"": 0.02130088221917504}",0.02720140169064204,0.02720140169064204,stage3_l_opt,l_opt_current_alpha,,0.0,0.5,False,False,False,True,0.003498178596297901,False,845,6800
2,2,0.3,0.0,uniform,0,trimmed,0.0,guarded,controlled,5,1,0,0.010939778881647204,custom,"{""bfgs"": 0.027008724212646485, ""custom"": 0.013520945608615876}",0.009688896437486013,0.009688896437486013,stage3_l_opt,l_opt_current_alpha,,0.0,0.0,False,True,False,False,,False,2315,8640
2,2,0.3,0.0,uniform,0,trimmed,0.5,guarded,controlled,5,1,0,0.010939778881647204,custom,"{""bfgs"": 0.027008724212646485, ""custom"": 0.013520945608615876}",0.009688896437486013,0.009688896437486013,stage3_l_opt,l_opt_current_alpha,,0.0,0.5,False,True,False,False,,False,2315,8640
2,2,0.3,0.0,stage0,0,trimmed,0.0,guarded,controlled,5,1,0,0.027938529554058997,custom,"{""bfgs"": 0.17830491518146857, ""custom"": 0.0062208657780076304}",0.008622147763768831,0.008622147763768831,stage3_l_opt,l_opt_current_alpha,0.48676720285473374,0.0,0.0,False,True,False,False,,True,2185,12355
2,2,0.3,0.0,stage0,0,trimmed,0.5,guarded,controlled,5,1,0,0.027938529554058997,custom,"{""bfgs"": 0.17830491518146857, ""custom"": 0.0062208657780076304}",0.008622147763768831,0.008622147763768831,stage3_l_opt,l_opt_current_alpha,0.48676720285473374,0.24338360142736687,0.5,False,True,True,False,,True,2185,12355
2,2,0.3,0.0,stage0,0,trimmed,0.5,guarded,controlled,5,1,1,0.021410648245513073,custom,"{""bfgs"": 0.12390172662499091, ""custom"": 0.008942557513564948}",0.0158474612981081,0.0158474612981081,stage3_l_opt,l_opt_current_alpha,0.691476299652128,0.12169180071368349,0.25,False,False,True,True,0.00722531353433927,True,2950,23420
2,2,0.3,0.0,stage0,0,trimmed,0.5,guarded,controlled,5,1,2,0.02708195319881826,custom,"{""bfgs"": 0.0668716493108318, ""custom"": 0.007112330262481889}",0.010251532619198164,0.010251532619198164,stage3_l_opt,l_opt_current_alpha,0.40280556936350026,0.060845900356841766,0.125,False,False,True,True,0.0016293848554293326,True,3725,32395
2,2,0.3,0.0,stage0,0,trimmed,0.5,guarded,controlled,5,1,3,0.0286987996188358,custom,"{""bfgs"": 0.04407020438921163, ""custom"": 0.006714781491289319}",0.007441178585092227,0.007441178585092227,stage3_l_opt,l_opt_current_alpha,0.3499023777768897,0.043737797222111185,0.125,True,True,True,False,-0.0011809691786766044,True,4265,41890
2,2,0.3,0.0,stage0,0,trimmed,0.5,guarded,controlled,5,1,4,0.027879026489933345,custom,"{""bfgs"": 0.0464289045762518, ""custom"": 0.007401828652661834}",0.008717797075708708,0.008717797075708708,stage3_l_opt,l_opt_current_alpha,0.3250042990987745,0.021868898611055544,0.0625,False,False,True,True,0.0012766184906164808,True,4870,52850
2,2,0.3,0.0,stage0,0,trimmed,0.5,guarded,controlled,5,1,5,0.027635880990935446,custom,"{""bfgs"": 0.02999514311379637, ""custom"": 0.007035153550742626}",0.00915039765338103,0.00915039765338103,stage3_l_opt,l_opt_current_alpha,0.48198953992139054,0.01749511888884448,0.05,False,False,True,True,0.0017092190682888022,True,5555,62450
2,2,0.3,0.0,stage0,0,trimmed,0.5,guarded,controlled,5,1,6,0.027716874934724856,custom,"{""bfgs"": 0.1154856665173454, ""custom"": 0.006966755698820893}",0.00892734465499719,0.00892734465499719,stage3_l_opt,l_opt_current_alpha,0.3617622181883918,0.01749511888884448,0.05,False,False,True,True,0.0014861660699049635,True,6285,70645
2,2,0.3,0.0,stage0,0,trimmed,0.5,guarded,controlled,5,1,7,0.027716874934724856,custom,"{""bfgs"": 0.1154856665173454, ""custom"": 0.006966755698820893}",0.00892734465499719,0.00892734465499719,stage3_l_opt,l_opt_current_alpha,0.3617622181883918,0.01749511888884448,0.05,False,False,True,True,0.0014861660699049635,True,7015,78840
2,2,0.3,0.0,stage0,0,trimmed,0.5,guarded,controlled,5,1,8,0.027716874934724856,custom,"{""bfgs"": 0.1154856665173454, ""custom"": 0.006966755698820893}",0.00892734465499719,0.00892734465499719,stage3_l_opt,l_opt_current_alpha,0.3617622181883918,0.01749511888884448,0.05,False,False,True,True,0.0014861660699049635,True,7745,87035
2,2,0.3,0.0,stage0,0,trimmed,0.5,guarded,controlled,5,1,9,0.027716874934724856,custom,"{""bfgs"": 0.1154856665173454, ""custom"": 0.006966755698820893}",0.00892734465499719,0.00892734465499719,stage3_l_opt,l_opt_current_alpha,0.3617622181883918,0.01749511888884448,0.05,False,False,True,True,0.0014861660699049635,True,8475,95230
2,2,0.3,0.0,stage0,0,trimmed,0.5,guarded,controlled,5,1,10,0.027716874934724856,custom,"{""bfgs"": 0.1154856665173454, ""custom"": 0.006966755698820893}",0.00892734465499719,0.00892734465499719,stage3_l_opt,l_opt_current_alpha,0.3617622181883918,0.01749511888884448,0.05,False,False,True,True,0.0014861660699049635,True,9205,103425
2,2,0.3,0.0,stage0,0,trimmed,0.5,guarded,controlled,5,1,11,0.027716874934724856,custom,"{""bfgs"": 0.1154856665173454, ""custom"": 0.006966755698820893}",0.00892734465499719,0.00892734465499719,stage3_l_opt,l_opt_current_alpha,0.3617622181883918,0.01749511888884448,0.05,False,False,True,True,0.0014861660699049635,True,9935,111620
2,2,0.3,0.0,stage0,0,trimmed,0.5,guarded,controlled,5,1,12,0.027716874934724856,custom,"{""bfgs"": 0.1154856665173454, ""custom"": 0.006966755698820893}",0.00892734465499719,0.00892734465499719,stage3_l_opt,l_opt_current_alpha,0.3617622181883918,0.01749511888884448,0.05,False,False,True,True,0.0014861660699049635,True,10665,119815
2,2,0.3,0.0,stage0,0,trimmed,0.5,guarded,controlled,5,1,13,0.027716874934724856,custom,"{""bfgs"": 0.1154856665173454, ""custom"": 0.006966755698820893}",0.00892734465499719,0.00892734465499719,stage3_l_opt,l_opt_current_alpha,0.3617622181883918,0.01749511888884448,0.05,False,False,True,True,0.0014861660699049635,True,11395,128010
2,2,0.3,0.0,stage0,0,trimmed,0.5,guarded,controlled,5,1,14,0.027716874934724856,custom,"{""bfgs"": 0.1154856665173454, ""custom"": 0.006966755698820893}",0.00892734465499719,0.00892734465499719,stage3_l_opt,l_opt_current_alpha,0.3617622181883918,0.01749511888884448,0.05,False,False,True,True,0.0014861660699049635,True,12125,136205
2,2,0.3,0.0,stage0,0,trimmed,0.5,guarded,controlled,5,1,15,0.027716874934724856,custom,"{""bfgs"": 0.1154856665173454, ""custom"": 0.006966755698820893}",0.00892734465499719,0.00892734465499719,stage3_l_opt,l_opt_current_alpha,0.3617622181883918,0.01749511888884448,0.05,False,False,True,True,0.0014861660699049635,True,12855,144400
2,2,0.3,0.0,stage0,0,trimmed,0.5,guarded,controlled,5,1,16,0.027716874934724856,custom,"{""bfgs"": 0.1154856665173454, ""custom"": 0.006966755698820893}",0.00892734465499719,0.00892734465499719,stage3_l_opt,l_opt_current_alpha,0.3617622181883918,0.01749511888884448,0.05,False,False,True,True,0.0014861660699049635,True,13585,152595
2,2,0.3,0.0,stage0,0,trimmed,0.5,guarded,controlled,5,1,17,0.027716874934724856,custom,"{""bfgs"": 0.1154856665173454, ""custom"": 0.006966755698820893}",0.00892734465499719,0.00892734465499719,stage3_l_opt,l_opt_current_alpha,0.3617622181883918,0.01749511888884448,0.05,False,False,True,True,0.0014861660699049635,True,14315,160790
2,2,0.3,0.0,stage0,0,trimmed,0.5,guarded,controlled,5,1,18,0.027716874934724856,custom,"{""bfgs"": 0.1154856665173454, ""custom"": 0.006966755698820893}",0.00892734465499719,0.00892734465499719,stage3_l_opt,l_opt_current_alpha,0.3617622181883918,0.01749511888884448,0.05,False,False,True,True,0.0014861660699049635,True,15045,168985
2,2,0.3,0.0,stage0,0,trimmed,0.5,guarded,controlled,5,1,19,0.027716874934724856,custom,"{""bfgs"": 0.1154856665173454, ""custom"": 0.006966755698820893}",0.00892734465499719,0.00892734465499719,stage3_l_opt,l_opt_current_alpha,0.3617622181883918,0.01749511888884448,0.05,False,False,True,True,0.0014861660699049635,True,15775,177180
3,2,0.3,0.0,uniform,0,trimmed,0.0,guarded,controlled,5,1,0,0.014163818486100578,custom,"{""bfgs"": 0.03010227605700493, ""custom"": 0.010383714735507966}",0.011099280168612799,0.011099280168612799,stage3_l_opt,l_opt_current_alpha,1.3834984239377695,0.0,0.0,False,True,False,False,,True,1785,7140
3,2,0.3,0.0,uniform,0,trimmed,0.5,guarded,controlled,5,1,0,0.014163818486100578,custom,"{""bfgs"": 0.03010227605700493, ""custom"": 0.010383714735507966}",0.011099280168612799,0.011099280168612799,stage3_l_opt,l_opt_current_alpha,1.3834984239377695,0.6917492119688847,0.5,False,True,True,False,,True,1785,7140
3,2,0.3,0.0,uniform,0,trimmed,0.5,guarded,controlled,5,1,1,0.017812179569378007,bfgs,"{""bfgs"": 0.00995199971668434, ""custom"": 0.010071937821494218}",0.012394610792398453,0.012394610792398453,stage3_l_opt,l_opt_current_alpha,0.6802507880311153,0.34587460598444225,0.25,False,False,True,True,0.0012953306237856541,True,4425,14800
3,2,0.3,0.0,uniform,0,trimmed,0.5,guarded,controlled,5,1,2,0.012943508395076391,custom,"{""bfgs"": 0.022831660708137518, ""custom"": 0.00993946312589005}",0.01041831448674202,0.01041831448674202,stage3_l_opt,l_opt_current_alpha,0.876492411854358,0.21912310296358953,0.25,True,True,True,False,-0.000680965681870779,True,7285,21830
3,2,0.3,0.0,uniform,0,trimmed,0.5,guarded,controlled,5,1,3,0.013706900471783114,custom,"{""bfgs"": 0.03642182709507988, ""custom"": 0.010047456456925374}",0.010860936095317205,0.010860936095317205,stage3_l_opt,l_opt_current_alpha,0.8723597503289446,0.10956155148179478,0.125,False,False,True,True,0.0004426216085751857,True,8905,28705
3,2,0.3,0.0,uniform,0,trimmed,0.5,guarded,controlled,5,1,4,0.013724594880944175,custom,"{""bfgs"": 0.024868499740524738, ""custom"": 0.0100976163888151}",0.010877031832933426,0.010877031832933426,stage3_l_opt,l_opt_current_alpha,0.8539835911226292,0.05478077574089732,0.0625,False,False,True,True,0.00045871734619140625,True,11650,37060
3,2,0.3,0.0,uniform,0,trimmed,0.5,guarded,controlled,5,1,5,0.012961034539050072,custom,"{""bfgs"": 0.013702929526771112, ""custom"": 0.009970601802991624}",0.010429639369249344,0.010429639369249344,stage3_l_opt,l_opt_current_alpha,0.6720576605802492,0.04200360378626555,0.0625,True,True,True,False,1.1324882507324219e-05,True,14275,45330
3,2,0.3,0.0,uniform,0,trimmed,0.5,guarded,controlled,5,1,6,0.013759371193976185,custom,"{""bfgs"": 0.08015865963659255, ""custom"": 0.010214381940760183}",0.010889931271473566,0.010889931271473566,stage3_l_opt,l_opt_current_alpha,0.8178004809830712,0.03360288302901257,0.05,False,False,True,True,0.00046029190222422224,True,15900,53835
3,2,0.3,0.0,uniform,0,trimmed,0.5,guarded,controlled,5,1,7,0.013734931918462947,custom,"{""bfgs"": 0.026117569545832033, ""custom"": 0.010205995747439403}",0.010882647087176641,0.010882647087176641,stage3_l_opt,l_opt_current_alpha,0.8798329552704146,0.03360288302901257,0.05,False,False,True,True,0.00045300771792729753,True,17595,63725
3,2,0.3,0.0,uniform,0,trimmed,0.5,guarded,controlled,5,1,8,0.013734931918462947,custom,"{""bfgs"": 0.026117569545832033, ""custom"": 0.010205995747439403}",0.010882647087176641,0.010882647087176641,stage3_l_opt,l_opt_current_alpha,0.8798329552704146,0.03360288302901257,0.05,False,False,True,True,0.00045300771792729753,True,19290,73615
3,2,0.3,0.0,uniform,0,trimmed,0.5,guarded,controlled,5,1,9,0.013734931918462947,custom,"{""bfgs"": 0.026117569545832033, ""custom"": 0.010205995747439403}",0.010882647087176641,0.010882647087176641,stage3_l_opt,l_opt_current_alpha,0.8798329552704146,0.03360288302901257,0.05,False,False,True,True,0.00045300771792729753,True,20985,83505
3,2,0.3,0.0,uniform,0,trimmed,0.5,guarded,controlled,5,1,10,0.013734931918462947,custom,"{""bfgs"": 0.026117569545832033, ""custom"": 0.010205995747439403}",0.010882647087176641,0.010882647087176641,stage3_l_opt,l_opt_current_alpha,0.8798329552704146,0.03360288302901257,0.05,False,False,True,True,0.00045300771792729753,True,22680,93395
3,2,0.3,0.0,uniform,0,trimmed,0.5,guarded,controlled,5,1,11,0.013734931918462947,custom,"{""bfgs"": 0.026117569545832033, ""custom"": 0.010205995747439403}",0.010882647087176641,0.010882647087176641,stage3_l_opt,l_opt_current_alpha,0.8798329552704146,0.03360288302901257,0.05,False,False,True,True,0.00045300771792729753,True,24375,103285
3,2,0.3,0.0,uniform,0,trimmed,0.5,guarded,controlled,5,1,12,0.013734931918462947,custom,"{""bfgs"": 0.026117569545832033, ""custom"": 0.010205995747439403}",0.010882647087176641,0.010882647087176641,stage3_l_opt,l_opt_current_alpha,0.8798329552704146,0.03360288302901257,0.05,False,False,True,True,0.00045300771792729753,True,26070,113175
3,2,0.3,0.0,uniform,0,trimmed,0.5,guarded,controlled,5,1,13,0.013734931918462947,custom,"{""bfgs"": 0.026117569545832033, ""custom"": 0.010205995747439403}",0.010882647087176641,0.010882647087176641,stage3_l_opt,l_opt_current_alpha,0.8798329552704146,0.03360288302901257,0.05,False,False,True,True,0.00045300771792729753,True,27765,123065
3,2,0.3,0.0,uniform,0,trimmed,0.5,guarded,controlled,5,1,14,0.013734931918462947,custom,"{""bfgs"": 0.026117569545832033, ""custom"": 0.010205995747439403}",0.010882647087176641,0.010882647087176641,stage3_l_opt,l_opt_current_alpha,0.8798329552704146,0.03360288302901257,0.05,False,False,True,True,0.00045300771792729753,True,29460,132955
3,2,0.3,0.0,uniform,0,trimmed,0.5,guarded,controlled,5,1,15,0.013734931918462947,custom,"{""bfgs"": 0.026117569545832033, ""custom"": 0.010205995747439403}",0.010882647087176641,0.010882647087176641,stage3_l_opt,l_opt_current_alpha,0.8798329552704146,0.03360288302901257,0.05,False,False,True,True,0.00045300771792729753,True,31155,142845
3,2,0.3,0.0,uniform,0,trimmed,0.5,guarded,controlled,5,1,16,0.013734931918462947,custom,"{""bfgs"": 0.026117569545832033, ""custom"": 0.010205995747439403}",0.010882647087176641,0.010882647087176641,stage3_l_opt,l_opt_current_alpha,0.8798329552704146,0.03360288302901257,0.05,False,False,True,True,0.00045300771792729753,True,32850,152735
3,2,0.3,0.0,uniform,0,trimmed,0.5,guarded,controlled,5,1,17,0.013734931918462947,custom,"{""bfgs"": 0.026117569545832033, ""custom"": 0.010205995747439403}",0.010882647087176641,0.010882647087176641,stage3_l_opt,l_opt_current_alpha,0.8798329552704146,0.03360288302901257,0.05,False,False,True,True,0.00045300771792729753,True,34545,162625
3,2,0.3,0.0,uniform,0,trimmed,0.5,guarded,controlled,5,1,18,0.013734931918462947,custom,"{""bfgs"": 0.026117569545832033, ""custom"": 0.010205995747439403}",0.010882647087176641,0.010882647087176641,stage3_l_opt,l_opt_current_alpha,0.8798329552704146,0.03360288302901257,0.05,False,False,True,True,0.00045300771792729753,True,36240,172515
3,2,0.3,0.0,uniform,0,trimmed,0.5,guarded,controlled,5,1,19,0.013734931918462947,custom,"{""bfgs"": 0.026117569545832033, ""custom"": 0.010205995747439403}",0.010882647087176641,0.010882647087176641,stage3_l_opt,l_opt_current_alpha,0.8798329552704146,0.03360288302901257,0.05,False,False,True,True,0.00045300771792729753,True,37935,182405
3,2,0.3,0.0,stage0,0,trimmed,0.0,guarded,controlled,5,1,0,0.0018388386920607167,custom,"{""bfgs"": 0.03451805467449666, ""custom"": 0.005247291384756855}",0.009918359418710073,0.009918359418710073,stage3_l_opt,l_opt_current_alpha,0.7220328840228132,0.0,0.0,False,True,False,False,,True,1375,10255
3,2,0.3,0.0,stage0,0,trimmed,0.5,guarded,controlled,5,1,0,0.0018388386920607167,custom,"{""bfgs"": 0.03451805467449666, ""custom"": 0.005247291384756855}",0.009918359418710073,0.009918359418710073,stage3_l_opt,l_opt_current_alpha,0.7220328840228132,0.36101644201140665,0.5,False,True,True,False,,True,1375,10255
3,2,0.3,0.0,stage0,0,trimmed,0.5,guarded,controlled,5,1,1,0.009261109000549092,custom,"{""bfgs"": 0.018620215706931276, ""custom"": 0.008925443959133994}",0.009600081791480383,0.009600081791480383,stage3_l_opt,l_opt_current_alpha,1.1568363656511758,0.5784181828255879,0.5,True,True,True,False,-0.00031827762722969055,True,4895,19430
3,2,0.3,0.0,stage0,0,trimmed,0.5,guarded,controlled,5,1,2,0.010141438804064613,custom,"{""bfgs"": 0.014569370886159652, ""custom"": 0.00846410013411587}",0.008988477289676666,0.008988477289676666,stage3_l_opt,l_opt_current_alpha,0.7093132862522005,0.3546566431261001,0.5,True,True,True,False,-0.0006116045018037166,True,7125,28820
3,2,0.3,0.0,stage0,0,trimmed,0.5,guarded,controlled,5,1,3,0.01353840702266278,custom,"{""bfgs"": 0.026694041681618454, ""custom"": 0.009433035996837808}",0.010774660855531693,0.010774660855531693,stage3_l_opt,l_opt_current_alpha,0.8303368548849669,0.17732832156305015,0.25,False,False,True,True,0.0017861835658550262,True,9090,36645
3,2,0.3,0.0,stage0,0,trimmed,0.5,guarded,controlled,5,1,4,0.01372256336498109,custom,"{""bfgs"": 0.022330192313730977, ""custom"": 0.009399516935457751}",0.010879125446081161,0.010879125446081161,stage3_l_opt,l_opt_current_alpha,0.8644947038146119,0.08866416078152511,0.125,False,False,True,True,0.0018906481564044952,True,11670,45550
3,2,0.3,0.0,stage0,0,trimmed,0.5,guarded,controlled,5,1,5,0.013774334073582004,custom,"{""bfgs"": 0.015230898801188554, ""custom"": 0.009385360503670568}",0.01090653364857038,0.01090653364857038,stage3_l_opt,l_opt_current_alpha,1.0971099652246834,0.04433208039076257,0.0625,False,False,True,True,0.001918056358893713,True,14570,56600
3,2,0.3,0.0,stage0,0,trimmed,0.5,guarded,controlled,5,1,6,0.009663095429047901,custom,"{""bfgs"": 0.024119919504125654, ""custom"": 0.00907725065617564}",0.009364386399586996,0.009364386399586996,stage3_l_opt,l_opt_current_alpha,0.799901748298243,0.03546566431261003,0.05,False,False,True,True,0.00037590910991032976,True,16140,65040
3,2,0.3,0.0,stage0,0,trimmed,0.5,guarded,controlled,5,1,7,0.010095173423320891,custom,"{""bfgs"": 0.030311217801457555, ""custom"": 0.008624377197117379}",0.00900202120343844,0.00900202120343844,stage3_l_opt,l_opt_current_alpha,0.7085590192305722,0.03542795096152866,0.05,True,True,True,False,1.354391376177412e-05,True,18490,74035
3,2,0.3,0.0,stage0,0,trimmed,0.5,guarded,controlled,5,1,8,0.013837412444728543,custom,"{""bfgs"": 0.02698910122824725, ""custom"": 0.00934492681844253}",0.0109308622777462,0.0109308622777462,stage3_l_opt,l_opt_current_alpha,1.1844950836815626,0.03542795096152866,0.05,False,False,True,True,0.0019288410743077602,True,20275,86865
3,2,0.3,0.0,stage0,0,trimmed,0.5,guarded,controlled,5,1,9,0.013837412444728543,custom,"{""bfgs"": 0.02698910122824725, ""custom"": 0.00934492681844253}",0.0109308622777462,0.0109308622777462,stage3_l_opt,l_opt_current_alpha,1.1844950836815626,0.03542795096152866,0.05,False,False,True,True,0.0019288410743077602,True,22060,99695
3,2,0.3,0.0,stage0,0,trimmed,0.5,guarded,controlled,5,1,10,0.013837412444728543,custom,"{""bfgs"": 0.02698910122824725, ""custom"": 0.00934492681844253}",0.0109308622777462,0.0109308622777462,stage3_l_opt,l_opt_current_alpha,1.1844950836815626,0.03542795096152866,0.05,False,False,True,True,0.0019288410743077602,True,23845,112525
3,2,0.3,0.0,stage0,0,trimmed,0.5,guarded,controlled,5,1,11,0.013837412444728543,custom,"{""bfgs"": 0.02698910122824725, ""custom"": 0.00934492681844253}",0.0109308622777462,0.0109308622777462,stage3_l_opt,l_opt_current_alpha,1.1844950836815626,0.03542795096152866,0.05,False,False,True,True,0.0019288410743077602,True,25630,125355
3,2,0.3,0.0,stage0,0,trimmed,0.5,guarded,controlled,5,1,12,0.013837412444728543,custom,"{""bfgs"": 0.02698910122824725, ""custom"": 0.00934492681844253}",0.0109308622777462,0.0109308622777462,stage3_l_opt,l_opt_current_alpha,1.1844950836815626,0.03542795096152866,0.05,False,False,True,True,0.0019288410743077602,True,27415,138185
3,2,0.3,0.0,stage0,0,trimmed,0.5,guarded,controlled,5,1,13,0.013837412444728543,custom,"{""bfgs"": 0.02698910122824725, ""custom"": 0.00934492681844253}",0.0109308622777462,0.0109308622777462,stage3_l_opt,l_opt_current_alpha,1.1844950836815626,0.03542795096152866,0.05,False,False,True,True,0.0019288410743077602,True,29200,151015
3,2,0.3,0.0,stage0,0,trimmed,0.5,guarded,controlled,5,1,14,0.013837412444728543,custom,"{""bfgs"": 0.02698910122824725, ""custom"": 0.00934492681844253}",0.0109308622777462,0.0109308622777462,stage3_l_opt,l_opt_current_alpha,1.1844950836815626,0.03542795096152866,0.05,False,False,True,True,0.0019288410743077602,True,30985,163845
3,2,0.3,0.0,stage0,0,trimmed,0.5,guarded,controlled,5,1,15,0.013837412444728543,custom,"{""bfgs"": 0.02698910122824725, ""custom"": 0.00934492681844253}",0.0109308622777462,0.0109308622777462,stage3_l_opt,l_opt_current_alpha,1.1844950836815626,0.03542795096152866,0.05,False,False,True,True,0.0019288410743077602,True,32770,176675
3,2,0.3,0.0,stage0,0,trimmed,0.5,guarded,controlled,5,1,16,0.013837412444728543,custom,"{""bfgs"": 0.02698910122824725, ""custom"": 0.00934492681844253}",0.0109308622777462,0.0109308622777462,stage3_l_opt,l_opt_current_alpha,1.1844950836815626,0.03542795096152866,0.05,False,False,True,True,0.0019288410743077602,True,34555,189505
3,2,0.3,0.0,stage0,0,trimmed,0.5,guarded,controlled,5,1,17,0.013837412444728543,custom,"{""bfgs"": 0.02698910122824725, ""custom"": 0.00934492681844253}",0.0109308622777462,0.0109308622777462,stage3_l_opt,l_opt_current_alpha,1.1844950836815626,0.03542795096152866,0.05,False,False,True,True,0.0019288410743077602,True,36340,202335
3,2,0.3,0.0,stage0,0,trimmed,0.5,guarded,controlled,5,1,18,0.013837412444728543,custom,"{""bfgs"": 0.02698910122824725, ""custom"": 0.00934492681844253}",0.0109308622777462,0.0109308622777462,stage3_l_opt,l_opt_current_alpha,1.1844950836815626,0.03542795096152866,0.05,False,False,True,True,0.0019288410743077602,True,38125,215165
3,2,0.3,0.0,stage0,0,trimmed,0.5,guarded,controlled,5,1,19,0.013837412444728543,custom,"{""bfgs"": 0.02698910122824725, ""custom"": 0.00934492681844253}",0.0109308622777462,0.0109308622777462,stage3_l_opt,l_opt_current_alpha,1.1844950836815626,0.03542795096152866,0.05,False,False,True,True,0.0019288410743077602,True,39910,227995
4,2,0.3,0.0,uniform,0,trimmed,0.0,guarded,controlled,5,1,0,0.018710285831912477,custom,"{""bfgs"": 0.03455375656485558, ""custom"": 0.014789278991520405}",0.011898176123698553,0.011898176123698553,stage3_l_opt,l_opt_current_alpha,0.7083264768140565,0.0,0.0,False,True,False,False,,True,3755,9795
4,2,0.3,0.0,uniform,0,trimmed,0.5,guarded,controlled,5,1,0,0.018710285831912477,custom,"{""bfgs"": 0.03455375656485558, ""custom"": 0.014789278991520405}",0.011898176123698553,0.011898176123698553,stage3_l_opt,l_opt_current_alpha,0.7083264768140565,0.35416323840702824,0.5,False,True,True,False,,True,3755,9795
4,2,0.3,0.0,uniform,0,trimmed,0.5,guarded,controlled,5,1,1,0.010130094911306023,custom,"{""bfgs"": 0.033938250315010944, ""custom"": 0.012507690044225573}",0.015515134980281195,0.015515134980281195,stage3_l_opt,l_opt_current_alpha,0.5233716690477468,0.1770816192035141,0.25,False,False,True,True,0.0036169588565826416,True,6755,17075
4,2,0.3,0.0,uniform,0,trimmed,0.5,guarded,controlled,5,1,2,0.014188382877101627,custom,"{""bfgs"": 0.19813206563125443, ""custom"": 0.012807507965070884}",0.01429811492562294,0.01429811492562294,stage3_l_opt,l_opt_current_alpha,0.5799951134479873,0.08854080960175706,0.125,False,False,True,True,0.002399938801924387,True,8765,25145
4,2,0.3,0.0,uniform,0,trimmed,0.5,guarded,controlled,5,1,3,0.010369640318663803,custom,"{""bfgs"": 0.03280786216604352, ""custom"": 0.015494174507920747}",0.0153957170744737,0.0153957170744737,stage3_l_opt,l_opt_current_alpha,0.7188429172619367,0.04427040480087857,0.0625,False,False,True,True,0.0034975409507751465,True,11685,32875
4,2,0.3,0.0,uniform,0,trimmed,0.5,guarded,controlled,5,1,4,0.013729364222388366,custom,"{""bfgs"": 0.03498668911592939, ""custom"": 0.014632380018324013}",0.014428902417421341,0.014428902417421341,stage3_l_opt,l_opt_current_alpha,0.7226593967458765,0.03541632384070287,0.05,False,False,True,True,0.002530726293722788,True,13685,41720
4,2,0.3,0.0,uniform,0,trimmed,0.5,guarded,controlled,5,1,5,0.010789097044679202,custom,"{""bfgs"": 0.02351245861681186, ""custom"": 0.015841721689005113}",0.015185667822758356,0.015185667822758356,stage3_l_opt,l_opt_current_alpha,0.7579371669047746,0.03541632384070287,0.05,False,False,True,True,0.003287491699059803,True,15035,49390
4,2,0.3,0.0,uniform,0,trimmed,0.5,guarded,controlled,5,1,6,0.010789097044679202,custom,"{""bfgs"": 0.02351245861681186, ""custom"": 0.015841721689005113}",0.015185667822758356,0.015185667822758356,stage3_l_opt,l_opt_current_alpha,0.7579371669047746,0.03541632384070287,0.05,False,False,True,True,0.003287491699059803,True,16385,57060
4,2,0.3,0.0,uniform,0,trimmed,0.5,guarded,controlled,5,1,7,0.010789097044679202,custom,"{""bfgs"": 0.02351245861681186, ""custom"": 0.015841721689005113}",0.015185667822758356,0.015185667822758356,stage3_l_opt,l_opt_current_alpha,0.7579371669047746,0.03541632384070287,0.05,False,False,True,True,0.003287491699059803,True,17735,64730
4,2,0.3,0.0,uniform,0,trimmed,0.5,guarded,controlled,5,1,8,0.010789097044679202,custom,"{""bfgs"": 0.02351245861681186, ""custom"": 0.015841721689005113}",0.015185667822758356,0.015185667822758356,stage3_l_opt,l_opt_current_alpha,0.7579371669047746,0.03541632384070287,0.05,False,False,True,True,0.003287491699059803,True,19085,72400
4,2,0.3,0.0,uniform,0,trimmed,0.5,guarded,controlled,5,1,9,0.010789097044679202,custom,"{""bfgs"": 0.02351245861681186, ""custom"": 0.015841721689005113}",0.015185667822758356,0.015185667822758356,stage3_l_opt,l_opt_current_alpha,0.7579371669047746,0.03541632384070287,0.05,False,False,True,True,0.003287491699059803,True,20435,80070
4,2,0.3,0.0,uniform,0,trimmed,0.5,guarded,controlled,5,1,10,0.010789097044679202,custom,"{""bfgs"": 0.02351245861681186, ""custom"": 0.015841721689005113}",0.015185667822758356,0.015185667822758356,stage3_l_opt,l_opt_current_alpha,0.7579371669047746,0.03541632384070287,0.05,False,False,True,True,0.003287491699059803,True,21785,87740
4,2,0.3,0.0,uniform,0,trimmed,0.5,guarded,controlled,5,1,11,0.010789097044679202,custom,"{""bfgs"": 0.02351245861681186, ""custom"": 0.015841721689005113}",0.015185667822758356,0.015185667822758356,stage3_l_opt,l_opt_current_alpha,0.7579371669047746,0.03541632384070287,0.05,False,False,True,True,0.003287491699059803,True,23135,95410
4,2,0.3,0.0,uniform,0,trimmed,0.5,guarded,controlled,5,1,12,0.010789097044679202,custom,"{""bfgs"": 0.02351245861681186, ""custom"": 0.015841721689005113}",0.015185667822758356,0.015185667822758356,stage3_l_opt,l_opt_current_alpha,0.7579371669047746,0.03541632384070287,0.05,False,False,True,True,0.003287491699059803,True,24485,103080
4,2,0.3,0.0,uniform,0,trimmed,0.5,guarded,controlled,5,1,13,0.010789097044679202,custom,"{""bfgs"": 0.02351245861681186, ""custom"": 0.015841721689005113}",0.015185667822758356,0.015185667822758356,stage3_l_opt,l_opt_current_alpha,0.7579371669047746,0.03541632384070287,0.05,False,False,True,True,0.003287491699059803,True,25835,110750
4,2,0.3,0.0,uniform,0,trimmed,0.5,guarded,controlled,5,1,14,0.010789097044679202,custom,"{""bfgs"": 0.02351245861681186, ""custom"": 0.015841721689005113}",0.015185667822758356,0.015185667822758356,stage3_l_opt,l_opt_current_alpha,0.7579371669047746,0.03541632384070287,0.05,False,False,True,True,0.003287491699059803,True,27185,118420
4,2,0.3,0.0,uniform,0,trimmed,0.5,guarded,controlled,5,1,15,0.010789097044679202,custom,"{""bfgs"": 0.02351245861681186, ""custom"": 0.015841721689005113}",0.015185667822758356,0.015185667822758356,stage3_l_opt,l_opt_current_alpha,0.7579371669047746,0.03541632384070287,0.05,False,False,True,True,0.003287491699059803,True,28535,126090
4,2,0.3,0.0,uniform,0,trimmed,0.5,guarded,controlled,5,1,16,0.010789097044679202,custom,"{""bfgs"": 0.02351245861681186, ""custom"": 0.015841721689005113}",0.015185667822758356,0.015185667822758356,stage3_l_opt,l_opt_current_alpha,0.7579371669047746,0.03541632384070287,0.05,False,False,True,True,0.003287491699059803,True,29885,133760
4,2,0.3,0.0,uniform,0,trimmed,0.5,guarded,controlled,5,1,17,0.010789097044679202,custom,"{""bfgs"": 0.02351245861681186, ""custom"": 0.015841721689005113}",0.015185667822758356,0.015185667822758356,stage3_l_opt,l_opt_current_alpha,0.7579371669047746,0.03541632384070287,0.05,False,False,True,True,0.003287491699059803,True,31235,141430
4,2,0.3,0.0,uniform,0,trimmed,0.5,guarded,controlled,5,1,18,0.010789097044679202,custom,"{""bfgs"": 0.02351245861681186, ""custom"": 0.015841721689005113}",0.015185667822758356,0.015185667822758356,stage3_l_opt,l_opt_current_alpha,0.7579371669047746,0.03541632384070287,0.05,False,False,True,True,0.003287491699059803,True,32585,149100
4,2,0.3,0.0,uniform,0,trimmed,0.5,guarded,controlled,5,1,19,0.010789097044679202,custom,"{""bfgs"": 0.02351245861681186, ""custom"": 0.015841721689005113}",0.015185667822758356,0.015185667822758356,stage3_l_opt,l_opt_current_alpha,0.7579371669047746,0.03541632384070287,0.05,False,False,True,True,0.003287491699059803,True,33935,156770
4,2,0.3,0.0,stage0,0,trimmed,0.0,guarded,controlled,5,1,0,0.016114011402384457,custom,"{""bfgs"": 0.030843182085729857, ""custom"": 0.01759783880111397}",0.01870731512705485,0.01870731512705485,stage3_l_opt,l_opt_current_alpha,0.7451309279717229,0.0,0.0,False,True,False,False,,True,2830,7245
4,2,0.3,0.0,stage0,0,trimmed,0.5,guarded,controlled,5,1,0,0.016114011402384457,custom,"{""bfgs"": 0.030843182085729857, ""custom"": 0.01759783880111397}",0.01870731512705485,0.01870731512705485,stage3_l_opt,l_opt_current_alpha,0.7451309279717229,0.37256546398586143,0.5,False,True,True,False,,True,2830,7245
4,2,0.3,0.0,stage0,0,trimmed,0.5,guarded,controlled,5,1,1,0.016340196819819727,custom,"{""bfgs"": 0.023397876500110496, ""custom"": 0.01725127585192565}",0.02088198314110438,0.02088198314110438,stage3_l_opt,l_opt_current_alpha,0.8767985593248562,0.18628273199293072,0.25,False,False,True,True,0.00217466801404953,True,4885,12605
4,2,0.3,0.0,stage0,0,trimmed,0.5,guarded,controlled,5,1,2,0.016339291869368278,custom,"{""bfgs"": 0.04031238698737145, ""custom"": 0.017561371147635414}",0.0208896870414416,0.0208896870414416,stage3_l_opt,l_opt_current_alpha,0.406956427781361,0.09314136599646528,0.125,False,False,True,True,0.0021823719143867493,True,6445,20625
4,2,0.3,0.0,stage0,0,trimmed,0.5,guarded,controlled,5,1,3,0.01642993410126717,custom,"{""bfgs"": 0.03024585536836423, ""custom"": 0.017823854880534343}",0.021595480541388195,0.021595480541388195,stage3_l_opt,l_opt_current_alpha,0.6791864732218091,0.04657068299823269,0.0625,False,False,True,True,0.0028881654143333435,True,8650,26300
4,2,0.3,0.0,stage0,0,trimmed,0.5,guarded,controlled,5,1,4,0.017377630996753463,custom,"{""bfgs"": 0.027919376810130625, ""custom"": 0.018235711777718256}",0.023726141701141994,0.023726141701141994,stage3_l_opt,l_opt_current_alpha,0.8751780844181984,0.03725654639858611,0.05,False,False,True,True,0.005018826574087143,True,11165,32720
4,2,0.3,0.0,stage0,0,trimmed,0.5,guarded,controlled,5,1,5,0.017291154783709753,custom,"{""bfgs"": 0.02906497345594744, ""custom"": 0.01823182027749429}",0.023760367184877396,0.023760367184877396,stage3_l_opt,l_opt_current_alpha,0.8859346115524516,0.03725654639858611,0.05,False,False,True,True,0.005053052057822544,True,12510,38985
4,2,0.3,0.0,stage0,0,trimmed,0.5,guarded,controlled,5,1,6,0.017291154783709753,custom,"{""bfgs"": 0.02906497345594744, ""custom"": 0.01823182027749429}",0.023760367184877396,0.023760367184877396,stage3_l_opt,l_opt_current_alpha,0.8859346115524516,0.03725654639858611,0.05,False,False,True,True,0.005053052057822544,True,13855,45250
4,2,0.3,0.0,stage0,0,trimmed,0.5,guarded,controlled,5,1,7,0.017291154783709753,custom,"{""bfgs"": 0.02906497345594744, ""custom"": 0.01823182027749429}",0.023760367184877396,0.023760367184877396,stage3_l_opt,l_opt_current_alpha,0.8859346115524516,0.03725654639858611,0.05,False,False,True,True,0.005053052057822544,True,15200,51515
4,2,0.3,0.0,stage0,0,trimmed,0.5,guarded,controlled,5,1,8,0.017291154783709753,custom,"{""bfgs"": 0.02906497345594744, ""custom"": 0.01823182027749429}",0.023760367184877396,0.023760367184877396,stage3_l_opt,l_opt_current_alpha,0.8859346115524516,0.03725654639858611,0.05,False,False,True,True,0.005053052057822544,True,16545,57780
4,2,0.3,0.0,stage0,0,trimmed,0.5,guarded,controlled,5,1,9,0.017291154783709753,custom,"{""bfgs"": 0.02906497345594744, ""custom"": 0.01823182027749429}",0.023760367184877396,0.023760367184877396,stage3_l_opt,l_opt_current_alpha,0.8859346115524516,0.03725654639858611,0.05,False,False,True,True,0.005053052057822544,True,17890,64045
4,2,0.3,0.0,stage0,0,trimmed,0.5,guarded,controlled,5,1,10,0.017291154783709753,custom,"{""bfgs"": 0.02906497345594744, ""custom"": 0.01823182027749429}",0.023760367184877396,0.023760367184877396,stage3_l_opt,l_opt_current_alpha,0.8859346115524516,0.03725654639858611,0.05,False,False,True,True,0.005053052057822544,True,19235,70310
4,2,0.3,0.0,stage0,0,trimmed,0.5,guarded,controlled,5,1,11,0.017291154783709753,custom,"{""bfgs"": 0.02906497345594744, ""custom"": 0.01823182027749429}",0.023760367184877396,0.023760367184877396,stage3_l_opt,l_opt_current_alpha,0.8859346115524516,0.03725654639858611,0.05,False,False,True,True,0.005053052057822544,True,20580,76575
4,2,0.3,0.0,stage0,0,trimmed,0.5,guarded,controlled,5,1,12,0.017291154783709753,custom,"{""bfgs"": 0.02906497345594744, ""custom"": 0.01823182027749429}",0.023760367184877396,0.023760367184877396,stage3_l_opt,l_opt_current_alpha,0.8859346115524516,0.03725654639858611,0.05,False,False,True,True,0.005053052057822544,True,21925,82840
4,2,0.3,0.0,stage0,0,trimmed,0.5,guarded,controlled,5,1,13,0.017291154783709753,custom,"{""bfgs"": 0.02906497345594744, ""custom"": 0.01823182027749429}",0.023760367184877396,0.023760367184877396,stage3_l_opt,l_opt_current_alpha,0.8859346115524516,0.03725654639858611,0.05,False,False,True,True,0.005053052057822544,True,23270,89105
4,2,0.3,0.0,stage0,0,trimmed,0.5,guarded,controlled,5,1,14,0.017291154783709753,custom,"{""bfgs"": 0.02906497345594744, ""custom"": 0.01823182027749429}",0.023760367184877396,0.023760367184877396,stage3_l_opt,l_opt_current_alpha,0.8859346115524516,0.03725654639858611,0.05,False,False,True,True,0.005053052057822544,True,24615,95370
4,2,0.3,0.0,stage0,0,trimmed,0.5,guarded,controlled,5,1,15,0.017291154783709753,custom,"{""bfgs"": 0.02906497345594744, ""custom"": 0.01823182027749429}",0.023760367184877396,0.023760367184877396,stage3_l_opt,l_opt_current_alpha,0.8859346115524516,0.03725654639858611,0.05,False,False,True,True,0.005053052057822544,True,25960,101635
4,2,0.3,0.0,stage0,0,trimmed,0.5,guarded,controlled,5,1,16,0.017291154783709753,custom,"{""bfgs"": 0.02906497345594744, ""custom"": 0.01823182027749429}",0.023760367184877396,0.023760367184877396,stage3_l_opt,l_opt_current_alpha,0.8859346115524516,0.03725654639858611,0.05,False,False,True,True,0.005053052057822544,True,27305,107900
4,2,0.3,0.0,stage0,0,trimmed,0.5,guarded,controlled,5,1,17,0.017291154783709753,custom,"{""bfgs"": 0.02906497345594744, ""custom"": 0.01823182027749429}",0.023760367184877396,0.023760367184877396,stage3_l_opt,l_opt_current_alpha,0.8859346115524516,0.03725654639858611,0.05,False,False,True,True,0.005053052057822544,True,28650,114165
4,2,0.3,0.0,stage0,0,trimmed,0.5,guarded,controlled,5,1,18,0.017291154783709753,custom,"{""bfgs"": 0.02906497345594744, ""custom"": 0.01823182027749429}",0.023760367184877396,0.023760367184877396,stage3_l_opt,l_opt_current_alpha,0.8859346115524516,0.03725654639858611,0.05,False,False,True,True,0.005053052057822544,True,29995,120430
4,2,0.3,0.0,stage0,0,trimmed,0.5,guarded,controlled,5,1,19,0.017291154783709753,custom,"{""bfgs"": 0.02906497345594744, ""custom"": 0.01823182027749429}",0.023760367184877396,0.023760367184877396,stage3_l_opt,l_opt_current_alpha,0.8859346115524516,0.03725654639858611,0.05,False,False,True,True,0.005053052057822544,True,31340,126695
5,2,0.3,0.0,uniform,0,trimmed,0.0,guarded,controlled,5,1,0,0.00600328062272551,custom,"{""bfgs"": 0.08161506727337837, ""custom"": 0.024087393656373027}",0.023959896837671597,0.023959896837671597,stage3_l_opt,l_opt_current_alpha,1.568,0.0,0.0,False,True,False,False,,True,2255,7455
5,2,0.3,0.0,uniform,0,trimmed,0.5,guarded,controlled,5,1,0,0.00600328062272551,custom,"{""bfgs"": 0.08161506727337837, ""custom"": 0.024087393656373027}",0.023959896837671597,0.023959896837671597,stage3_l_opt,l_opt_current_alpha,1.568,0.7839999999999999,0.5,False,True,True,False,,True,2255,7455
5,2,0.3,0.0,uniform,0,trimmed,0.5,guarded,controlled,5,1,1,0.03715761159787906,custom,"{""bfgs"": 0.02022836585715413, ""custom"": 0.020036893621087078}",0.0397790198524793,0.0397790198524793,stage3_l_opt,l_opt_current_alpha,,0.0,0.5,False,False,False,True,0.015819123014807705,False,4090,14330
5,2,0.3,0.0,stage0,0,trimmed,0.0,guarded,controlled,5,1,0,0.01103413999153284,bfgs,"{""bfgs"": 0.007756568477051854, ""custom"": 0.016727588304692793}",0.008777592331171036,0.008777592331171036,stage3_l_opt,l_opt_current_alpha,0.783494038031676,0.0,0.0,False,True,False,False,,True,1240,9515
5,2,0.3,0.0,stage0,0,trimmed,0.5,guarded,controlled,5,1,0,0.01103413999153284,bfgs,"{""bfgs"": 0.007756568477051854, ""custom"": 0.016727588304692793}",0.008777592331171036,0.008777592331171036,stage3_l_opt,l_opt_current_alpha,0.783494038031676,0.39174701901583797,0.5,False,True,True,False,,True,1240,9515
5,2,0.3,0.0,stage0,0,trimmed,0.5,guarded,controlled,5,1,1,0.0037246537916777525,bfgs,"{""bfgs"": 0.010754422108748891, ""custom"": 0.027380039280078615}",0.012294817715883255,0.012294817715883255,stage3_l_opt,l_opt_current_alpha,0.8909207857053622,0.19587350950791904,0.25,False,False,True,True,0.0035172253847122192,True,3720,18925
5,2,0.3,0.0,stage0,0,trimmed,0.5,guarded,controlled,5,1,2,0.013028652263418039,bfgs,"{""bfgs"": 0.019489025622810956, ""custom"": 0.027296811308629203}",0.015453656514485678,0.015453656514485678,stage3_l_opt,l_opt_current_alpha,1.0484364624252194,0.09793675475395952,0.125,False,False,True,True,0.006676064183314642,True,4855,26570
5,2,0.3,0.0,stage0,0,trimmed,0.5,guarded,controlled,5,1,3,0.0018280813141403618,bfgs,"{""bfgs"": 0.01065814462037525, ""custom"": 0.02035409766369694}",0.013221798464655876,0.013221798464655876,stage3_l_opt,l_opt_current_alpha,1.0305404554554065,0.04896837737697973,0.0625,False,False,True,True,0.00444420613348484,True,7100,34095
5,2,0.3,0.0,stage0,0,trimmed,0.5,guarded,controlled,5,1,4,0.00858838690580467,bfgs,"{""bfgs"": 0.00791058451796327, ""custom"": 0.024529855738074615}",0.007946712896227837,0.007946712896227837,stage3_l_opt,l_opt_current_alpha,0.6427119828401876,0.04016949892751175,0.0625,True,True,True,False,-0.0008308794349431992,True,7625,42915
5,2,0.3,0.0,stage0,0,trimmed,0.5,guarded,controlled,5,1,5,0.029933160544615714,bfgs,"{""bfgs"": 0.02193356916452144, ""custom"": 0.02680188564776954}",0.026407567784190178,0.026407567784190178,stage3_l_opt,l_opt_current_alpha,1.6190073790594368,0.03213559914200936,0.05,False,False,True,True,0.01846085488796234,True,8505,50870
5,2,0.3,0.0,stage0,0,trimmed,0.5,guarded,controlled,5,1,6,0.008500185953306733,bfgs,"{""bfgs"": 0.01239614143064917, ""custom"": 0.027387309778249973}",0.01749986285964648,0.01749986285964648,stage3_l_opt,l_opt_current_alpha,1.1387990606392318,0.03213559914200936,0.05,False,False,True,True,0.009553149963418644,True,10320,61140
5,2,0.3,0.0,stage0,0,trimmed,0.5,guarded,controlled,5,1,7,0.008500185953306733,bfgs,"{""bfgs"": 0.01239614143064917, ""custom"": 0.027387309778249973}",0.01749986285964648,0.01749986285964648,stage3_l_opt,l_opt_current_alpha,1.1387990606392318,0.03213559914200936,0.05,False,False,True,True,0.009553149963418644,True,12135,71410
5,2,0.3,0.0,stage0,0,trimmed,0.5,guarded,controlled,5,1,8,0.008500185953306733,bfgs,"{""bfgs"": 0.01239614143064917, ""custom"": 0.027387309778249973}",0.01749986285964648,0.01749986285964648,stage3_l_opt,l_opt_current_alpha,1.1387990606392318,0.03213559914200936,0.05,False,False,True,True,0.009553149963418644,True,13950,81680
5,2,0.3,0.0,stage0,0,trimmed,0.5,guarded,controlled,5,1,9,0.008500185953306733,bfgs,"{""bfgs"": 0.01239614143064917, ""custom"": 0.027387309778249973}",0.01749986285964648,0.01749986285964648,stage3_l_opt,l_opt_current_alpha,1.1387990606392318,0.03213559914200936,0.05,False,False,True,True,0.009553149963418644,True,15765,91950
5,2,0.3,0.0,stage0,0,trimmed,0.5,guarded,controlled,5,1,10,0.008500185953306733,bfgs,"{""bfgs"": 0.01239614143064917, ""custom"": 0.027387309778249973}",0.01749986285964648,0.01749986285964648,stage3_l_opt,l_opt_current_alpha,1.1387990606392318,0.03213559914200936,0.05,False,False,True,True,0.009553149963418644,True,17580,102220
5,2,0.3,0.0,stage0,0,trimmed,0.5,guarded,controlled,5,1,11,0.008500185953306733,bfgs,"{""bfgs"": 0.01239614143064917, ""custom"": 0.027387309778249973}",0.01749986285964648,0.01749986285964648,stage3_l_opt,l_opt_current_alpha,1.1387990606392318,0.03213559914200936,0.05,False,False,True,True,0.009553149963418644,True,19395,112490
5,2,0.3,0.0,stage0,0,trimmed,0.5,guarded,controlled,5,1,12,0.008500185953306733,bfgs,"{""bfgs"": 0.01239614143064917, ""custom"": 0.027387309778249973}",0.01749986285964648,0.01749986285964648,stage3_l_opt,l_opt_current_alpha,1.1387990606392318,0.03213559914200936,0.05,False,False,True,True,0.009553149963418644,True,21210,122760
5,2,0.3,0.0,stage0,0,trimmed,0.5,guarded,controlled,5,1,13,0.008500185953306733,bfgs,"{""bfgs"": 0.01239614143064917, ""custom"": 0.027387309778249973}",0.01749986285964648,0.01749986285964648,stage3_l_opt,l_opt_current_alpha,1.1387990606392318,0.03213559914200936,0.05,False,False,True,True,0.009553149963418644,True,23025,133030
5,2,0.3,0.0,stage0,0,trimmed,0.5,guarded,controlled,5,1,14,0.008500185953306733,bfgs,"{""bfgs"": 0.01239614143064917, ""custom"": 0.027387309778249973}",0.01749986285964648,0.01749986285964648,stage3_l_opt,l_opt_current_alpha,1.1387990606392318,0.03213559914200936,0.05,False,False,True,True,0.009553149963418644,True,24840,143300
5,2,0.3,0.0,stage0,0,trimmed,0.5,guarded,controlled,5,1,15,0.008500185953306733,bfgs,"{""bfgs"": 0.01239614143064917, ""custom"": 0.027387309778249973}",0.01749986285964648,0.01749986285964648,stage3_l_opt,l_opt_current_alpha,1.1387990606392318,0.03213559914200936,0.05,False,False,True,True,0.009553149963418644,True,26655,153570
5,2,0.3,0.0,stage0,0,trimmed,0.5,guarded,controlled,5,1,16,0.008500185953306733,bfgs,"{""bfgs"": 0.01239614143064917, ""custom"": 0.027387309778249973}",0.01749986285964648,0.01749986285964648,stage3_l_opt,l_opt_current_alpha,1.1387990606392318,0.03213559914200936,0.05,False,False,True,True,0.009553149963418644,True,28470,163840
5,2,0.3,0.0,stage0,0,trimmed,0.5,guarded,controlled,5,1,17,0.008500185953306733,bfgs,"{""bfgs"": 0.01239614143064917, ""custom"": 0.027387309778249973}",0.01749986285964648,0.01749986285964648,stage3_l_opt,l_opt_current_alpha,1.1387990606392318,0.03213559914200936,0.05,False,False,True,True,0.009553149963418644,True,30285,174110
5,2,0.3,0.0,stage0,0,trimmed,0.5,guarded,controlled,5,1,18,0.008500185953306733,bfgs,"{""bfgs"": 0.01239614143064917, ""custom"": 0.027387309778249973}",0.01749986285964648,0.01749986285964648,stage3_l_opt,l_opt_current_alpha,1.1387990606392318,0.03213559914200936,0.05,False,False,True,True,0.009553149963418644,True,32100,184380
5,2,0.3,0.0,stage0,0,trimmed,0.5,guarded,controlled,5,1,19,0.008500185953306733,bfgs,"{""bfgs"": 0.01239614143064917, ""custom"": 0.027387309778249973}",0.01749986285964648,0.01749986285964648,stage3_l_opt,l_opt_current_alpha,1.1387990606392318,0.03213559914200936,0.05,False,False,True,True,0.009553149963418644,True,33915,194650
6,2,0.3,0.0,uniform,0,trimmed,0.0,guarded,controlled,5,1,0,0.009358439770657312,custom,"{""bfgs"": 0.10662810206413269, ""custom"": 0.028813404589891435}",0.014234452197949091,0.014234452197949091,stage3_l_opt,l_opt_current_alpha,1.568,0.0,0.0,False,True,False,False,,True,2035,8945
6,2,0.3,0.0,uniform,0,trimmed,0.5,guarded,controlled,5,1,0,0.009358439770657312,custom,"{""bfgs"": 0.10662810206413269, ""custom"": 0.028813404589891435}",0.014234452197949091,0.014234452197949091,stage3_l_opt,l_opt_current_alpha,1.568,0.7839999999999999,0.5,False,True,True,False,,True,2035,8945
6,2,0.3,0.0,uniform,0,trimmed,0.5,guarded,controlled,5,1,1,0.006990146064280722,custom,"{""bfgs"": 0.0426669830866158, ""custom"": 0.01303714329004288}",0.015116646885871887,0.015116646885871887,stage3_l_opt,l_opt_current_alpha,1.5489652636299944,0.39199999999999996,0.25,False,False,True,True,0.0008821946879227962,True,3355,17215
6,2,0.3,0.0,uniform,0,trimmed,0.5,guarded,controlled,5,1,2,0.004312960330781129,custom,"{""bfgs"": 0.01961257630214095, ""custom"": 0.005752085868269206}",0.002085598806540171,0.002085598806540171,stage3_l_opt,l_opt_current_alpha,0.6905642094200238,0.17264105235500593,0.25,True,True,True,False,-0.01214885339140892,True,6325,27250
6,2,0.3,0.0,uniform,0,trimmed,0.5,guarded,controlled,5,1,3,0.003974322240627798,custom,"{""bfgs"": 0.17670710339305257, ""custom"": 0.0050844828361272095}",0.002462351073821386,0.002462351073821386,stage3_l_opt,l_opt_current_alpha,0.18735553741683994,0.08632052617750291,0.125,False,False,True,True,0.0003767522672812147,True,7355,36330
6,2,0.3,0.0,uniform,0,trimmed,0.5,guarded,controlled,5,1,4,0.00403790994308767,custom,"{""bfgs"": 0.09077259977931608, ""custom"": 0.005443264611992142}",0.0023819133639335632,0.0023819133639335632,stage3_l_opt,l_opt_current_alpha,0.33162727663705704,0.04316026308875143,0.0625,False,False,True,True,0.00029631455739339207,True,8435,45455
6,2,0.3,0.0,uniform,0,trimmed,0.5,guarded,controlled,5,1,5,0.006990813048206174,custom,"{""bfgs"": 0.023350261414313463, ""custom"": 0.018275840994754537}",0.015102334320545197,0.015102334320545197,stage3_l_opt,l_opt_current_alpha,1.1453076282391863,0.03452821047100113,0.05,False,False,True,True,0.013016735514005026,True,11000,54480
6,2,0.3,0.0,uniform,0,trimmed,0.5,guarded,controlled,5,1,6,0.004923390387446103,custom,"{""bfgs"": 0.31736504823384654, ""custom"": 0.005729946693563781}",0.0022240119675795236,0.0022240119675795236,stage3_l_opt,l_opt_current_alpha,0.5702701052067556,0.03452821047100113,0.05,False,False,True,True,0.00013841316103935242,True,14060,64700
6,2,0.3,0.0,uniform,0,trimmed,0.5,guarded,controlled,5,1,7,0.004923390387446103,custom,"{""bfgs"": 0.31736504823384654, ""custom"": 0.005729946693563781}",0.0022240119675795236,0.0022240119675795236,stage3_l_opt,l_opt_current_alpha,0.5702701052067556,0.03452821047100113,0.05,False,False,True,True,0.00013841316103935242,True,17120,74920
6,2,0.3,0.0,uniform,0,trimmed,0.5,guarded,controlled,5,1,8,0.004923390387446103,custom,"{""bfgs"": 0.31736504823384654, ""custom"": 0.005729946693563781}",0.0022240119675795236,0.0022240119675795236,stage3_l_opt,l_opt_current_alpha,0.5702701052067556,0.03452821047100113,0.05,False,False,True,True,0.00013841316103935242,True,20180,85140
6,2,0.3,0.0,uniform,0,trimmed,0.5,guarded,controlled,5,1,9,0.004923390387446103,custom,"{""bfgs"": 0.31736504823384654, ""custom"": 0.005729946693563781}",0.0022240119675795236,0.0022240119675795236,stage3_l_opt,l_opt_current_alpha,0.5702701052067556,0.03452821047100113,0.05,False,False,True,True,0.00013841316103935242,True,23240,95360
6,2,0.3,0.0,uniform,0,trimmed,0.5,guarded,controlled,5,1,10,0.004923390387446103,custom,"{""bfgs"": 0.31736504823384654, ""custom"": 0.005729946693563781}",0.0022240119675795236,0.0022240119675795236,stage3_l_opt,l_opt_current_alpha,0.5702701052067556,0.03452821047100113,0.05,False,False,True,True,0.00013841316103935242,True,26300,105580
6,2,0.3,0.0,uniform,0,trimmed,0.5,guarded,controlled,5,1,11,0.004923390387446103,custom,"{""bfgs"": 0.31736504823384654, ""custom"": 0.005729946693563781}",0.0022240119675795236,0.0022240119675795236,stage3_l_opt,l_opt_current_alpha,0.5702701052067556,0.03452821047100113,0.05,False,False,True,True,0.00013841316103935242,True,29360,115800
6,2,0.3,0.0,uniform,0,trimmed,0.5,guarded,controlled,5,1,12,0.004923390387446103,custom,"{""bfgs"": 0.31736504823384654, ""custom"": 0.005729946693563781}",0.0022240119675795236,0.0022240119675795236,stage3_l_opt,l_opt_current_alpha,0.5702701052067556,0.03452821047100113,0.05,False,False,True,True,0.00013841316103935242,True,32420,126020
6,2,0.3,0.0,uniform,0,trimmed,0.5,guarded,controlled,5,1,13,0.004923390387446103,custom,"{""bfgs"": 0.31736504823384654, ""custom"": 0.005729946693563781}",0.0022240119675795236,0.0022240119675795236,stage3_l_opt,l_opt_current_alpha,0.5702701052067556,0.03452821047100113,0.05,False,False,True,True,0.00013841316103935242,True,35480,136240
6,2,0.3,0.0,uniform,0,trimmed,0.5,guarded,controlled,5,1,14,0.004923390387446103,custom,"{""bfgs"": 0.31736504823384654, ""custom"": 0.005729946693563781}",0.0022240119675795236,0.0022240119675795236,stage3_l_opt,l_opt_current_alpha,0.5702701052067556,0.03452821047100113,0.05,False,False,True,True,0.00013841316103935242,True,38540,146460
6,2,0.3,0.0,uniform,0,trimmed,0.5,guarded,controlled,5,1,15,0.004923390387446103,custom,"{""bfgs"": 0.31736504823384654, ""custom"": 0.005729946693563781}",0.0022240119675795236,0.0022240119675795236,stage3_l_opt,l_opt_current_alpha,0.5702701052067556,0.03452821047100113,0.05,False,False,True,True,0.00013841316103935242,True,41600,156680
6,2,0.3,0.0,uniform,0,trimmed,0.5,guarded,controlled,5,1,16,0.004923390387446103,custom,"{""bfgs"": 0.31736504823384654, ""custom"": 0.005729946693563781}",0.0022240119675795236,0.0022240119675795236,stage3_l_opt,l_opt_current_alpha,0.5702701052067556,0.03452821047100113,0.05,False,False,True,True,0.00013841316103935242,True,44660,166900
6,2,0.3,0.0,uniform,0,trimmed,0.5,guarded,controlled,5,1,17,0.004923390387446103,custom,"{""bfgs"": 0.31736504823384654, ""custom"": 0.005729946693563781}",0.0022240119675795236,0.0022240119675795236,stage3_l_opt,l_opt_current_alpha,0.5702701052067556,0.03452821047100113,0.05,False,False,True,True,0.00013841316103935242,True,47720,177120
6,2,0.3,0.0,uniform,0,trimmed,0.5,guarded,controlled,5,1,18,0.004923390387446103,custom,"{""bfgs"": 0.31736504823384654, ""custom"": 0.005729946693563781}",0.0022240119675795236,0.0022240119675795236,stage3_l_opt,l_opt_current_alpha,0.5702701052067556,0.03452821047100113,0.05,False,False,True,True,0.00013841316103935242,True,50780,187340
6,2,0.3,0.0,uniform,0,trimmed,0.5,guarded,controlled,5,1,19,0.004923390387446103,custom,"{""bfgs"": 0.31736504823384654, ""custom"": 0.005729946693563781}",0.0022240119675795236,0.0022240119675795236,stage3_l_opt,l_opt_current_alpha,0.5702701052067556,0.03452821047100113,0.05,False,False,True,True,0.00013841316103935242,True,53840,197560
6,2,0.3,0.0,stage0,0,trimmed,0.0,guarded,controlled,5,1,0,0.006991163917692722,custom,"{""bfgs"": 0.18723510955396327, ""custom"": 0.006173117027915128}",0.015102251122395197,0.015102251122395197,stage3_l_opt,l_opt_current_alpha,0.9401256298961245,0.0,0.0,False,True,False,False,,True,430,8120
6,2,0.3,0.0,stage0,0,trimmed,0.5,guarded,controlled,5,1,0,0.006991163917692722,custom,"{""bfgs"": 0.18723510955396327, ""custom"": 0.006173117027915128}",0.015102251122395197,0.015102251122395197,stage3_l_opt,l_opt_current_alpha,0.9401256298961245,0.4700628149480622,0.5,False,True,True,False,,True,430,8120
6,2,0.3,0.0,stage0,0,trimmed,0.5,guarded,controlled,5,1,1,0.0069722783326893745,custom,"{""bfgs"": 0.24288074013583386, ""custom"": 0.009515633807166423}",0.015116192400455475,0.015116192400455475,stage3_l_opt,l_opt_current_alpha,0.35021731466704753,0.1751086573335237,0.5,True,True,True,False,1.3941278060277881e-05,True,2835,16455
6,2,0.3,0.0,stage0,0,trimmed,0.5,guarded,controlled,5,1,2,0.0069889532163229795,custom,"{""bfgs"": 0.015964467414112435, ""custom"": 0.011556265981135898}",0.015103639413913092,0.015103639413913092,stage3_l_opt,l_opt_current_alpha,0.6603574235080358,0.3301787117540179,0.5,True,True,True,False,-1.2552986542383252e-05,True,4390,22235
6,2,0.3,0.0,stage0,0,trimmed,0.5,guarded,controlled,5,1,3,0.006991097353253151,custom,"{""bfgs"": 0.3877225536044919, ""custom"": 0.006127636301388687}",0.015102263540029526,0.015102263540029526,stage3_l_opt,l_opt_current_alpha,0.6069236267283167,0.30346181336415834,0.5,True,True,True,False,-1.3758738835658452e-06,True,6055,28125
6,2,0.3,0.0,stage0,0,trimmed,0.5,guarded,controlled,5,1,4,0.00699106460477425,custom,"{""bfgs"": 0.05270041715034433, ""custom"": 0.012341237407362735}",0.015102275957663855,0.015102275957663855,stage3_l_opt,l_opt_current_alpha,0.5989352913902799,0.29946764569513995,0.5,True,True,True,False,1.2417634328784621e-08,True,7660,33990
6,2,0.3,0.0,stage0,0,trimmed,0.5,guarded,controlled,5,1,5,0.006991078076995227,custom,"{""bfgs"": 0.009168773238799976, ""custom"": 0.006477839521507812}",0.01510226602355639,0.01510226602355639,stage3_l_opt,l_opt_current_alpha,0.18127512199282608,0.09063756099641297,0.5,True,True,True,False,-9.934107463721586e-09,True,10260,39980
6,2,0.3,0.0,stage0,0,trimmed,0.5,guarded,controlled,5,1,6,0.006991221989627039,custom,"{""bfgs"": 0.19253913680260984, ""custom"": 0.008057391618654408}",0.015102218836545944,0.015102218836545944,stage3_l_opt,l_opt_current_alpha,0.22474001210866426,0.11237000605433214,0.5,True,True,True,False,-4.7187010446606004e-08,True,10860,46065
6,2,0.3,0.0,stage0,0,trimmed,0.5,guarded,controlled,5,1,7,0.006991065967212828,custom,"{""bfgs"": 0.14947150454931526, ""custom"": 0.010723233524274378}",0.015102244913578033,0.015102244913578033,stage3_l_opt,l_opt_current_alpha,0.2733034975184509,0.13665174875922542,0.5,True,True,True,False,2.60770320892334e-08,True,13415,53240
6,2,0.3,0.0,stage0,0,trimmed,0.5,guarded,controlled,5,1,8,0.004078747941722638,custom,"{""bfgs"": 0.014775802217374267, ""custom"": 0.00036204501805475725}",0.002057922383149465,0.002057922383149465,stage3_l_opt,l_opt_current_alpha,1.1271759625785769,0.5635879812892884,0.5,True,True,True,False,-0.013044322530428568,True,16365,59760
6,2,0.3,0.0,stage0,0,trimmed,0.5,guarded,controlled,5,1,9,0.004084597021168035,custom,"{""bfgs"": 0.2858583129629019, ""custom"": 0.00428458343643365}",0.002155788242816925,0.002155788242816925,stage3_l_opt,l_opt_current_alpha,0.9518938724176202,0.4759469362088102,0.5,True,True,True,False,9.786585966745998e-05,True,18335,71405
6,2,0.3,0.0,stage0,0,trimmed,0.5,guarded,controlled,5,1,10,0.006991210033570366,custom,"{""bfgs"": 0.0521834811800224, ""custom"": 0.01113185927835086}",0.01510219524304072,0.01510219524304072,stage3_l_opt,l_opt_current_alpha,0.5092060878291249,0.237973468104405,0.25,False,False,True,True,0.012946407000223795,True,19860,76480
6,2,0.3,0.0,stage0,0,trimmed,0.5,guarded,controlled,5,1,11,0.00408358718584409,custom,"{""bfgs"": 0.01610154462883907, ""custom"": 0.003235359398985318}",0.002063778539498647,0.002063778539498647,stage3_l_opt,l_opt_current_alpha,0.38462350732586315,0.09615587683146572,0.25,True,True,True,False,-9.200970331827785e-05,True,23155,85165
6,2,0.3,0.0,stage0,0,trimmed,0.5,guarded,controlled,5,1,12,0.004050872468784744,custom,"{""bfgs"": 0.0212572743818519, ""custom"": 0.004071909520491095}",0.0022715839246908822,0.0022715839246908822,stage3_l_opt,l_opt_current_alpha,0.3638925731521994,0.048077938415732796,0.125,False,False,True,True,0.00020780538519223502,True,26215,92810
6,2,0.3,0.0,stage0,0,trimmed,0.5,guarded,controlled,5,1,13,0.004111395754163194,custom,"{""bfgs"": 0.03223108605098834, ""custom"": 0.0036120376313508594}",0.002077622960011164,0.002077622960011164,stage3_l_opt,l_opt_current_alpha,0.7240540537368911,0.09050675671711128,0.125,True,True,True,False,1.3844420512517004e-05,True,29215,101835
6,2,0.3,0.0,stage0,0,trimmed,0.5,guarded,controlled,5,1,14,0.004421366752733353,bfgs,"{""bfgs"": 0.013211121545323086, ""custom"": 0.013758061852264244}",0.022297659267981846,0.022297659267981846,stage3_l_opt,l_opt_current_alpha,0.8925547513009976,0.04525337835855567,0.0625,False,False,True,True,0.02022003630797068,True,32085,109080
6,2,0.3,0.0,stage0,0,trimmed,0.5,guarded,controlled,5,1,15,0.004208301613098542,custom,"{""bfgs"": 0.12108626723461097, ""custom"": 0.007648443541914518}",0.010387572149435679,0.010387572149435679,stage3_l_opt,l_opt_current_alpha,0.3728690422859605,0.03620270268684457,0.05,False,False,True,True,0.008309949189424515,True,34290,117285
6,2,0.3,0.0,stage0,0,trimmed,0.5,guarded,controlled,5,1,16,0.003253620993516032,custom,"{""bfgs"": 0.014744745077352246, ""custom"": 0.004713771805479486}",0.003035757690668106,0.003035757690668106,stage3_l_opt,l_opt_current_alpha,0.4582144531737481,0.03620270268684457,0.05,False,False,True,True,0.0009581347306569419,True,37965,123375
6,2,0.3,0.0,stage0,0,trimmed,0.5,guarded,controlled,5,1,17,0.003253620993516032,custom,"{""bfgs"": 0.014744745077352246, ""custom"": 0.004713771805479486}",0.003035757690668106,0.003035757690668106,stage3_l_opt,l_opt_current_alpha,0.4582144531737481,0.03620270268684457,0.05,False,False,True,True,0.0009581347306569419,True,41640,129465
6,2,0.3,0.0,stage0,0,trimmed,0.5,guarded,controlled,5,1,18,0.003253620993516032,custom,"{""bfgs"": 0.014744745077352246, ""custom"": 0.004713771805479486}",0.003035757690668106,0.003035757690668106,stage3_l_opt,l_opt_current_alpha,0.4582144531737481,0.03620270268684457,0.05,False,False,True,True,0.0009581347306569419,True,45315,135555
6,2,0.3,0.0,stage0,0,trimmed,0.5,guarded,controlled,5,1,19,0.003253620993516032,custom,"{""bfgs"": 0.014744745077352246, ""custom"": 0.004713771805479486}",0.003035757690668106,0.003035757690668106,stage3_l_opt,l_opt_current_alpha,0.4582144531737481,0.03620270268684457,0.05,False,False,True,True,0.0009581347306569419,True,48990,141645
7,2,0.3,0.0,uniform,0,trimmed,0.0,guarded,controlled,5,1,0,0.010876649985578052,custom,"{""bfgs"": 0.040799422562122344, ""custom"": 0.016862786188721657}",0.009150140608350435,0.009150140608350435,stage3_l_opt,l_opt_current_alpha,0.2530802834725391,0.0,0.0,False,True,False,False,,True,845,8490
7,2,0.3,0.0,uniform,0,trimmed,0.5,guarded,controlled,5,1,0,0.010876649985578052,custom,"{""bfgs"": 0.040799422562122344, ""custom"": 0.016862786188721657}",0.009150140608350435,0.009150140608350435,stage3_l_opt,l_opt_current_alpha,0.2530802834725391,0.12654014173626954,0.5,False,True,True,False,,True,845,8490
7,2,0.3,0.0,uniform,0,trimmed,0.5,guarded,controlled,5,1,1,0.01907228174206707,custom,"{""bfgs"": 0.0742128873144063, ""custom"": 0.016947943641571355}",0.015005360667904219,0.015005360667904219,stage3_l_opt,l_opt_current_alpha,0.4773953685883714,0.0632700708681348,0.25,False,False,True,True,0.005855220059553783,True,1425,16550
7,2,0.3,0.0,uniform,0,trimmed,0.5,guarded,controlled,5,1,2,0.010459724920967986,custom,"{""bfgs"": 0.09107093246440119, ""custom"": 0.016384052519983965}",0.009335466350118319,0.009335466350118319,stage3_l_opt,l_opt_current_alpha,0.24669827481245113,0.03163503543406734,0.125,False,False,True,True,0.0001853257417678833,True,2150,23660
7,2,0.3,0.0,uniform,0,trimmed,0.5,guarded,controlled,5,1,3,0.009416206731920021,custom,"{""bfgs"": 0.04032763923441415, ""custom"": 0.017230610263718603}",0.009765633071462313,0.009765633071462313,stage3_l_opt,l_opt_current_alpha,0.2540761484456916,0.015817517717033713,0.0625,False,False,True,True,0.0006154924631118774,True,3875,29780
7,2,0.3,0.0,uniform,0,trimmed,0.5,guarded,controlled,5,1,4,0.009604215344033357,custom,"{""bfgs"": 0.1061286698657991, ""custom"": 0.017289654194241652}",0.009688387935360273,0.009688387935360273,stage3_l_opt,l_opt_current_alpha,0.25742871051365546,0.012654014173626993,0.05,False,False,True,True,0.000538247327009838,True,4645,36185
7,2,0.3,0.0,uniform,0,trimmed,0.5,guarded,controlled,5,1,5,0.010856210861585974,custom,"{""bfgs"": 0.05001453612114618, ""custom"": 0.016737283739071362}",0.009151869143048922,0.009151869143048922,stage3_l_opt,l_opt_current_alpha,0.24604074362941827,0.01230203718147091,0.05,True,True,True,False,1.7285346984863281e-06,True,6710,42290
7,2,0.3,0.0,uniform,0,trimmed,0.5,guarded,controlled,5,1,6,0.009740126736234422,custom,"{""bfgs"": 0.039078170966827225, ""custom"": 0.01711719311293496}",0.009643241142233213,0.009643241142233213,stage3_l_opt,l_opt_current_alpha,0.24385297097350328,0.01230203718147091,0.05,False,False,True,True,0.0004913719991842917,True,8500,48950
7,2,0.3,0.0,uniform,0,trimmed,0.5,guarded,controlled,5,1,7,0.009740126736234422,custom,"{""bfgs"": 0.039078170966827225, ""custom"": 0.01711719311293496}",0.009643241142233213,0.009643241142233213,stage3_l_opt,l_opt_current_alpha,0.24385297097350328,0.01230203718147091,0.05,False,False,True,True,0.0004913719991842917,True,10290,55610
7,2,0.3,0.0,uniform,0,trimmed,0.5,guarded,controlled,5,1,8,0.009740126736234422,custom,"{""bfgs"": 0.039078170966827225, ""custom"": 0.01711719311293496}",0.009643241142233213,0.009643241142233213,stage3_l_opt,l_opt_current_alpha,0.24385297097350328,0.01230203718147091,0.05,False,False,True,True,0.0004913719991842917,True,12080,62270
7,2,0.3,0.0,uniform,0,trimmed,0.5,guarded,controlled,5,1,9,0.009740126736234422,custom,"{""bfgs"": 0.039078170966827225, ""custom"": 0.01711719311293496}",0.009643241142233213,0.009643241142233213,stage3_l_opt,l_opt_current_alpha,0.24385297097350328,0.01230203718147091,0.05,False,False,True,True,0.0004913719991842917,True,13870,68930
7,2,0.3,0.0,uniform,0,trimmed,0.5,guarded,controlled,5,1,10,0.009740126736234422,custom,"{""bfgs"": 0.039078170966827225, ""custom"": 0.01711719311293496}",0.009643241142233213,0.009643241142233213,stage3_l_opt,l_opt_current_alpha,0.24385297097350328,0.01230203718147091,0.05,False,False,True,True,0.0004913719991842917,True,15660,75590
7,2,0.3,0.0,uniform,0,trimmed,0.5,guarded,controlled,5,1,11,0.009740126736234422,custom,"{""bfgs"": 0.039078170966827225, ""custom"": 0.01711719311293496}",0.009643241142233213,0.009643241142233213,stage3_l_opt,l_opt_current_alpha,0.24385297097350328,0.01230203718147091,0.05,False,False,True,True,0.0004913719991842917,True,17450,82250
7,2,0.3,0.0,uniform,0,trimmed,0.5,guarded,controlled,5,1,12,0.009740126736234422,custom,"{""bfgs"": 0.039078170966827225, ""custom"": 0.01711719311293496}",0.009643241142233213,0.009643241142233213,stage3_l_opt,l_opt_current_alpha,0.24385297097350328,0.01230203718147091,0.05,False,False,True,True,0.0004913719991842917,True,19240,88910
7,2,0.3,0.0,uniform,0,trimmed,0.5,guarded,controlled,5,1,13,0.009740126736234422,custom,"{""bfgs"": 0.039078170966827225, ""custom"": 0.01711719311293496}",0.009643241142233213,0.009643241142233213,stage3_l_opt,l_opt_current_alpha,0.24385297097350328,0.01230203718147091,0.05,False,False,True,True,0.0004913719991842917,True,21030,95570
7,2,0.3,0.0,uniform,0,trimmed,0.5,guarded,controlled,5,1,14,0.009740126736234422,custom,"{""bfgs"": 0.039078170966827225, ""custom"": 0.01711719311293496}",0.009643241142233213,0.009643241142233213,stage3_l_opt,l_opt_current_alpha,0.24385297097350328,0.01230203718147091,0.05,False,False,True,True,0.0004913719991842917,True,22820,102230
7,2,0.3,0.0,uniform,0,trimmed,0.5,guarded,controlled,5,1,15,0.009740126736234422,custom,"{""bfgs"": 0.039078170966827225, ""custom"": 0.01711719311293496}",0.009643241142233213,0.009643241142233213,stage3_l_opt,l_opt_current_alpha,0.24385297097350328,0.01230203718147091,0.05,False,False,True,True,0.0004913719991842917,True,24610,108890
7,2,0.3,0.0,uniform,0,trimmed,0.5,guarded,controlled,5,1,16,0.009740126736234422,custom,"{""bfgs"": 0.039078170966827225, ""custom"": 0.01711719311293496}",0.009643241142233213,0.009643241142233213,stage3_l_opt,l_opt_current_alpha,0.24385297097350328,0.01230203718147091,0.05,False,False,True,True,0.0004913719991842917,True,26400,115550
7,2,0.3,0.0,uniform,0,trimmed,0.5,guarded,controlled,5,1,17,0.009740126736234422,custom,"{""bfgs"": 0.039078170966827225, ""custom"": 0.01711719311293496}",0.009643241142233213,0.009643241142233213,stage3_l_opt,l_opt_current_alpha,0.24385297097350328,0.01230203718147091,0.05,False,False,True,True,0.0004913719991842917,True,28190,122210
7,2,0.3,0.0,uniform,0,trimmed,0.5,guarded,controlled,5,1,18,0.009740126736234422,custom,"{""bfgs"": 0.039078170966827225, ""custom"": 0.01711719311293496}",0.009643241142233213,0.009643241142233213,stage3_l_opt,l_opt_current_alpha,0.24385297097350328,0.01230203718147091,0.05,False,False,True,True,0.0004913719991842917,True,29980,128870
7,2,0.3,0.0,uniform,0,trimmed,0.5,guarded,controlled,5,1,19,0.009740126736234422,custom,"{""bfgs"": 0.039078170966827225, ""custom"": 0.01711719311293496}",0.009643241142233213,0.009643241142233213,stage3_l_opt,l_opt_current_alpha,0.24385297097350328,0.01230203718147091,0.05,False,False,True,True,0.0004913719991842917,True,31770,135530
7,2,0.3,0.0,stage0,0,trimmed,0.0,guarded,controlled,5,1,0,0.023422249651525673,custom,"{""bfgs"": 0.043844136613824906, ""custom"": 0.04053587049253621}",0.06064194316665331,0.06064194316665331,stage3_l_opt,l_opt_current_alpha,1.5916439321399567,0.0,0.0,False,True,False,False,,True,410,5155
7,2,0.3,0.0,stage0,0,trimmed,0.5,guarded,controlled,5,1,0,0.023422249651525673,custom,"{""bfgs"": 0.043844136613824906, ""custom"": 0.04053587049253621}",0.06064194316665331,0.06064194316665331,stage3_l_opt,l_opt_current_alpha,1.5916439321399567,0.7958219660699783,0.5,False,True,True,False,,True,410,5155
7,2,0.3,0.0,stage0,0,trimmed,0.5,guarded,controlled,5,1,1,0.06973880292767698,custom,"{""bfgs"": 0.2297081848656248, ""custom"": 0.03353541353670813}",0.08909705529610316,0.08909705529610316,stage3_l_opt,l_opt_current_alpha,,0.0,0.5,False,False,False,True,0.02845511212944985,False,2315,11560
8,2,0.3,0.0,uniform,0,trimmed,0.0,guarded,controlled,5,1,0,0.01763973496862485,custom,"{""bfgs"": 0.20353426635265354, ""custom"": 0.027023361623287202}",0.003177450348933538,0.003177450348933538,stage3_l_opt,l_opt_current_alpha,0.44757564825840285,0.0,0.0,False,True,False,False,,True,2010,9515
8,2,0.3,0.0,uniform,0,trimmed,0.5,guarded,controlled,5,1,0,0.01763973496862485,custom,"{""bfgs"": 0.20353426635265354, ""custom"": 0.027023361623287202}",0.003177450348933538,0.003177450348933538,stage3_l_opt,l_opt_current_alpha,0.44757564825840285,0.22378782412920145,0.5,False,True,True,False,,True,2010,9515
8,2,0.3,0.0,uniform,0,trimmed,0.5,guarded,controlled,5,1,1,0.014139700986703488,custom,"{""bfgs"": 0.19261203393240262, ""custom"": 0.024931038397247855}",0.005457092076539993,0.005457092076539993,stage3_l_opt,l_opt_current_alpha,0.40794349169051514,0.11189391206460061,0.25,False,False,True,True,0.0022796417276064553,True,3420,16640
8,2,0.3,0.0,uniform,0,trimmed,0.5,guarded,controlled,5,1,2,0.017603307291064227,custom,"{""bfgs"": 0.19807314516894575, ""custom"": 0.025369932958111314}",0.0036189816892147064,0.0036189816892147064,stage3_l_opt,l_opt_current_alpha,0.5624098971300158,0.055946956032300266,0.125,False,False,True,True,0.0004415313402811685,True,5275,23040
8,2,0.3,0.0,uniform,0,trimmed,0.5,guarded,controlled,5,1,3,0.016512914159786785,custom,"{""bfgs"": 0.20080370576079964, ""custom"": 0.025908669834894794}",0.006199921170870463,0.006199921170870463,stage3_l_opt,l_opt_current_alpha,0.7368707566719069,0.02797347801615019,0.0625,False,False,True,True,0.0030224708219369254,True,7450,31805
8,2,0.3,0.0,uniform,0,trimmed,0.5,guarded,controlled,5,1,4,0.011499345814874343,custom,"{""bfgs"": 0.20216898605672656, ""custom"": 0.02661831620121555}",0.013127098480860392,0.013127098480860392,stage3_l_opt,l_opt_current_alpha,0.9034490010033451,0.022378782412920156,0.05,False,False,True,True,0.009949648131926853,True,9415,40185
8,2,0.3,0.0,uniform,0,trimmed,0.5,guarded,controlled,5,1,5,0.01764262006953686,custom,"{""bfgs"": 0.202442042115912, ""custom"": 0.026707018266604265}",0.0031754945715268454,0.0031754945715268454,stage3_l_opt,l_opt_current_alpha,0.7471503275184991,0.037357516375924965,0.05,True,True,True,False,-1.955777406692505e-06,True,11610,47505
8,2,0.3,0.0,uniform,0,trimmed,0.5,guarded,controlled,5,1,6,0.015112531354617556,custom,"{""bfgs"": 0.20168044143216085, ""custom"": 0.026231373329463785}",0.007773866256078084,0.007773866256078084,stage3_l_opt,l_opt_current_alpha,0.4171569511335531,0.037357516375924965,0.05,False,False,True,True,0.004598371684551239,True,13680,56070
8,2,0.3,0.0,uniform,0,trimmed,0.5,guarded,controlled,5,1,7,0.015112531354617556,custom,"{""bfgs"": 0.20168044143216085, ""custom"": 0.026231373329463785}",0.007773866256078084,0.007773866256078084,stage3_l_opt,l_opt_current_alpha,0.4171569511335531,0.037357516375924965,0.05,False,False,True,True,0.004598371684551239,True,15750,64635
8,2,0.3,0.0,uniform,0,trimmed,0.5,guarded,controlled,5,1,8,0.015112531354617556,custom,"{""bfgs"": 0.20168044143216085, ""custom"": 0.026231373329463785}",0.007773866256078084,0.007773866256078084,stage3_l_opt,l_opt_current_alpha,0.4171569511335531,0.037357516375924965,0.05,False,False,True,True,0.004598371684551239,True,17820,73200
8,2,0.3,0.0,uniform,0,trimmed,0.5,guarded,controlled,5,1,9,0.015112531354617556,custom,"{""bfgs"": 0.20168044143216085, ""custom"": 0.026231373329463785}",0.007773866256078084,0.007773866256078084,stage3_l_opt,l_opt_current_alpha,0.4171569511335531,0.037357516375924965,0.05,False,False,True,True,0.004598371684551239,True,19890,81765
8,2,0.3,0.0,uniform,0,trimmed,0.5,guarded,controlled,5,1,10,0.015112531354617556,custom,"{""bfgs"": 0.20168044143216085, ""custom"": 0.026231373329463785}",0.007773866256078084,0.007773866256078084,stage3_l_opt,l_opt_current_alpha,0.4171569511335531,0.037357516375924965,0.05,False,False,True,True,0.004598371684551239,True,21960,90330
8,2,0.3,0.0,uniform,0,trimmed,0.5,guarded,controlled,5,1,11,0.015112531354617556,custom,"{""bfgs"": 0.20168044143216085, ""custom"": 0.026231373329463785}",0.007773866256078084,0.007773866256078084,stage3_l_opt,l_opt_current_alpha,0.4171569511335531,0.037357516375924965,0.05,False,False,True,True,0.004598371684551239,True,24030,98895
8,2,0.3,0.0,uniform,0,trimmed,0.5,guarded,controlled,5,1,12,0.015112531354617556,custom,"{""bfgs"": 0.20168044143216085, ""custom"": 0.026231373329463785}",0.007773866256078084,0.007773866256078084,stage3_l_opt,l_opt_current_alpha,0.4171569511335531,0.037357516375924965,0.05,False,False,True,True,0.004598371684551239,True,26100,107460
8,2,0.3,0.0,uniform,0,trimmed,0.5,guarded,controlled,5,1,13,0.015112531354617556,custom,"{""bfgs"": 0.20168044143216085, ""custom"": 0.026231373329463785}",0.007773866256078084,0.007773866256078084,stage3_l_opt,l_opt_current_alpha,0.4171569511335531,0.037357516375924965,0.05,False,False,True,True,0.004598371684551239,True,28170,116025
8,2,0.3,0.0,uniform,0,trimmed,0.5,guarded,controlled,5,1,14,0.015112531354617556,custom,"{""bfgs"": 0.20168044143216085, ""custom"": 0.026231373329463785}",0.007773866256078084,0.007773866256078084,stage3_l_opt,l_opt_current_alpha,0.4171569511335531,0.037357516375924965,0.05,False,False,True,True,0.004598371684551239,True,30240,124590
8,2,0.3,0.0,uniform,0,trimmed,0.5,guarded,controlled,5,1,15,0.015112531354617556,custom,"{""bfgs"": 0.20168044143216085, ""custom"": 0.026231373329463785}",0.007773866256078084,0.007773866256078084,stage3_l_opt,l_opt_current_alpha,0.4171569511335531,0.037357516375924965,0.05,False,False,True,True,0.004598371684551239,True,32310,133155
8,2,0.3,0.0,uniform,0,trimmed,0.5,guarded,controlled,5,1,16,0.015112531354617556,custom,"{""bfgs"": 0.20168044143216085, ""custom"": 0.026231373329463785}",0.007773866256078084,0.007773866256078084,stage3_l_opt,l_opt_current_alpha,0.4171569511335531,0.037357516375924965,0.05,False,False,True,True,0.004598371684551239,True,34380,141720
8,2,0.3,0.0,uniform,0,trimmed,0.5,guarded,controlled,5,1,17,0.015112531354617556,custom,"{""bfgs"": 0.20168044143216085, ""custom"": 0.026231373329463785}",0.007773866256078084,0.007773866256078084,stage3_l_opt,l_opt_current_alpha,0.4171569511335531,0.037357516375924965,0.05,False,False,True,True,0.004598371684551239,True,36450,150285
8,2,0.3,0.0,uniform,0,trimmed,0.5,guarded,controlled,5,1,18,0.015112531354617556,custom,"{""bfgs"": 0.20168044143216085, ""custom"": 0.026231373329463785}",0.007773866256078084,0.007773866256078084,stage3_l_opt,l_opt_current_alpha,0.4171569511335531,0.037357516375924965,0.05,False,False,True,True,0.004598371684551239,True,38520,158850
8,2,0.3,0.0,uniform,0,trimmed,0.5,guarded,controlled,5,1,19,0.015112531354617556,custom,"{""bfgs"": 0.20168044143216085, ""custom"": 0.026231373329463785}",0.007773866256078084,0.007773866256078084,stage3_l_opt,l_opt_current_alpha,0.4171569511335531,0.037357516375924965,0.05,False,False,True,True,0.004598371684551239,True,40590,167415
8,2,0.3,0.0,stage0,0,trimmed,0.0,guarded,controlled,5,1,0,0.02046592234260257,custom,"{""bfgs"": 0.15579053445523003, ""custom"": 0.0015500769773240694}",0.0033217991391817727,0.0033217991391817727,stage3_l_opt,l_opt_current_alpha,1.3032115542065896,0.0,0.0,False,True,False,False,,True,1720,7875
8,2,0.3,0.0,stage0,0,trimmed,0.5,guarded,controlled,5,1,0,0.02046592234260257,custom,"{""bfgs"": 0.15579053445523003, ""custom"": 0.0015500769773240694}",0.0033217991391817727,0.0033217991391817727,stage3_l_opt,l_opt_current_alpha,1.3032115542065896,0.6516057771032948,0.5,False,True,True,False,,True,1720,7875
8,2,0.3,0.0,stage0,0,trimmed,0.5,guarded,controlled,5,1,1,0.01655594108849326,custom,"{""bfgs"": 0.15817035376857796, ""custom"": 0.005724663325206473}",0.005877193063497543,0.005877193063497543,stage3_l_opt,l_opt_current_alpha,,0.0,0.5,False,False,False,True,0.0025553939243157706,False,3445,14525
9,2,0.3,0.0,uniform,0,trimmed,0.0,guarded,controlled,5,1,0,0.010684899365535357,custom,"{""bfgs"": 0.0888593465089798, ""custom"": 0.012742618657648565}",0.013129315959910551,0.013129315959910551,stage3_l_opt,l_opt_current_alpha,,0.0,0.0,False,True,False,False,,False,1795,10175
9,2,0.3,0.0,uniform,0,trimmed,0.5,guarded,controlled,5,1,0,0.010684899365535357,custom,"{""bfgs"": 0.0888593465089798, ""custom"": 0.012742618657648565}",0.013129315959910551,0.013129315959910551,stage3_l_opt,l_opt_current_alpha,,0.0,0.5,False,True,False,False,,False,1795,10175
9,2,0.3,0.0,stage0,0,trimmed,0.0,guarded,controlled,5,1,0,0.003590335636510034,custom,"{""bfgs"": 0.18996419827615466, ""custom"": 0.007856064963435673}",0.010921952004233995,0.010921952004233995,stage3_l_opt,l_opt_current_alpha,1.277935627153719,0.0,0.0,False,True,False,False,,True,2945,9470
9,2,0.3,0.0,stage0,0,trimmed,0.5,guarded,controlled,5,1,0,0.003590335636510034,custom,"{""bfgs"": 0.18996419827615466, ""custom"": 0.007856064963435673}",0.010921952004233995,0.010921952004233995,stage3_l_opt,l_opt_current_alpha,1.277935627153719,0.6389678135768595,0.5,False,True,True,False,,True,2945,9470
9,2,0.3,0.0,stage0,0,trimmed,0.5,guarded,controlled,5,1,1,0.0026387208795715803,custom,"{""bfgs"": 0.10140386688812938, ""custom"": 0.012124375510882862}",0.009248141820232073,0.009248141820232073,stage3_l_opt,l_opt_current_alpha,1.3941486944311776,0.6970743472155888,0.5,True,True,True,False,-0.0016738101840019226,True,3435,21135
9,2,0.3,0.0,stage0,0,trimmed,0.5,guarded,controlled,5,1,2,0.015081244346962244,custom,"{""bfgs"": 0.20820342529418345, ""custom"": 0.0132329928340859}",0.01785309799015522,0.01785309799015522,stage3_l_opt,l_opt_current_alpha,1.4857514280623585,0.34853717360779446,0.25,False,False,True,True,0.008604956169923147,True,5015,31160
9,2,0.3,0.0,stage0,0,trimmed,0.5,guarded,controlled,5,1,3,0.002769075459915427,custom,"{""bfgs"": 0.12162461267021761, ""custom"": 0.009160796684700502}",0.009330681525170803,0.009330681525170803,stage3_l_opt,l_opt_current_alpha,1.04655550143947,0.2616388753598675,0.25,True,True,True,False,8.253970493873018e-05,True,6200,40525
9,2,0.3,0.0,stage0,0,trimmed,0.5,guarded,controlled,5,1,4,0.00084368360023198,custom,"{""bfgs"": 0.0658806840135356, ""custom"": 0.014337117944739908}",0.017810625334580738,0.017810625334580738,stage3_l_opt,l_opt_current_alpha,,0.0,0.25,False,False,False,True,0.008479943809409935,False,7315,51025
10,2,0.3,0.0,uniform,0,trimmed,0.0,guarded,controlled,5,1,0,0.007469640275509878,custom,"{""bfgs"": 0.03170779086649418, ""custom"": 0.013463879004120828}",0.012106168394287428,0.012106168394287428,stage3_l_opt,l_opt_current_alpha,0.9866770621097852,0.0,0.0,False,True,False,False,,True,2350,3250
10,2,0.3,0.0,uniform,0,trimmed,0.5,guarded,controlled,5,1,0,0.007469640275509878,custom,"{""bfgs"": 0.03170779086649418, ""custom"": 0.013463879004120828}",0.012106168394287428,0.012106168394287428,stage3_l_opt,l_opt_current_alpha,0.9866770621097852,0.49333853105489256,0.5,False,True,True,False,,True,2350,3250
10,2,0.3,0.0,uniform,0,trimmed,0.5,guarded,controlled,5,1,1,0.005323104455920574,custom,"{""bfgs"": 0.02684400883194665, ""custom"": 0.009476513983721483}",0.010367070014278093,0.010367070014278093,stage3_l_opt,l_opt_current_alpha,1.7527613011276462,0.8763806505638231,0.5,True,True,True,False,-0.0017390983800093344,True,4190,7275
10,2,0.3,0.0,uniform,0,trimmed,0.5,guarded,controlled,5,1,2,0.02274600628525892,custom,"{""bfgs"": 0.020502525084148196, ""custom"": 0.009885995940997613}",0.019227999572952587,0.019227999572952587,stage3_l_opt,l_opt_current_alpha,0.876380650563823,0.43819032528191143,0.25,False,False,True,True,0.008860929558674494,True,6435,13425
10,2,0.3,0.0,uniform,0,trimmed,0.5,guarded,controlled,5,1,3,0.019982479920180984,custom,"{""bfgs"": 0.021185060766763623, ""custom"": 0.01620251094638464}",0.02110638205582897,0.02110638205582897,stage3_l_opt,l_opt_current_alpha,1.750432922445435,0.21909516264095572,0.125,False,False,True,True,0.010739312041550876,True,8385,19040
10,2,0.3,0.0,uniform,0,trimmed,0.5,guarded,controlled,5,1,4,2.5874799459091324e-05,custom,"{""bfgs"": 0.024307261927814308, ""custom"": 0.016265373355142686}",0.014953342576821646,0.014953342576821646,stage3_l_opt,l_opt_current_alpha,1.5336661384866903,0.10954758132047793,0.0625,False,False,True,True,0.004586272562543552,True,10305,23110
10,2,0.3,0.0,uniform,0,trimmed,0.5,guarded,controlled,5,1,5,0.007245430330785688,custom,"{""bfgs"": 0.02408251360079574, ""custom"": 0.015680788523737138}",0.010931598022580147,0.010931598022580147,stage3_l_opt,l_opt_current_alpha,1.1672451100473547,0.08763806505638236,0.05,False,False,True,True,0.0005645280083020534,True,12585,31080
10,2,0.3,0.0,uniform,0,trimmed,0.5,guarded,controlled,5,1,6,0.007281941245349852,custom,"{""bfgs"": 0.026191458000070778, ""custom"": 0.015450872570618083}",0.01087719885011514,0.01087719885011514,stage3_l_opt,l_opt_current_alpha,1.1828083781813195,0.08763806505638236,0.05,False,False,True,True,0.0005101288358370475,True,14975,36525
10,2,0.3,0.0,uniform,0,trimmed,0.5,guarded,controlled,5,1,7,0.007281941245349852,custom,"{""bfgs"": 0.026191458000070778, ""custom"": 0.015450872570618083}",0.01087719885011514,0.01087719885011514,stage3_l_opt,l_opt_current_alpha,1.1828083781813195,0.08763806505638236,0.05,False,False,True,True,0.0005101288358370475,True,17365,41970
10,2,0.3,0.0,uniform,0,trimmed,0.5,guarded,controlled,5,1,8,0.007281941245349852,custom,"{""bfgs"": 0.026191458000070778, ""custom"": 0.015450872570618083}",0.01087719885011514,0.01087719885011514,stage3_l_opt,l_opt_current_alpha,1.1828083781813195,0.08763806505638236,0.05,False,False,True,True,0.0005101288358370475,True,19755,47415
10,2,0.3,0.0,uniform,0,trimmed,0.5,guarded,controlled,5,1,9,0.007281941245349852,custom,"{""bfgs"": 0.026191458000070778, ""custom"": 0.015450872570618083}",0.01087719885011514,0.01087719885011514,stage3_l_opt,l_opt_current_alpha,1.1828083781813195,0.08763806505638236,0.05,False,False,True,True,0.0005101288358370475,True,22145,52860
10,2,0.3,0.0,uniform,0,trimmed,0.5,guarded,controlled,5,1,10,0.007281941245349852,custom,"{""bfgs"": 0.026191458000070778, ""custom"": 0.015450872570618083}",0.01087719885011514,0.01087719885011514,stage3_l_opt,l_opt_current_alpha,1.1828083781813195,0.08763806505638236,0.05,False,False,True,True,0.0005101288358370475,True,24535,58305
10,2,0.3,0.0,uniform,0,trimmed,0.5,guarded,controlled,5,1,11,0.007281941245349852,custom,"{""bfgs"": 0.026191458000070778, ""custom"": 0.015450872570618083}",0.01087719885011514,0.01087719885011514,stage3_l_opt,l_opt_current_alpha,1.1828083781813195,0.08763806505638236,0.05,False,False,True,True,0.0005101288358370475,True,26925,63750
10,2,0.3,0.0,uniform,0,trimmed,0.5,guarded,controlled,5,1,12,0.007281941245349852,custom,"{""bfgs"": 0.026191458000070778, ""custom"": 0.015450872570618083}",0.01087719885011514,0.01087719885011514,stage3_l_opt,l_opt_current_alpha,1.1828083781813195,0.08763806505638236,0.05,False,False,True,True,0.0005101288358370475,True,29315,69195
10,2,0.3,0.0,uniform,0,trimmed,0.5,guarded,controlled,5,1,13,0.007281941245349852,custom,"{""bfgs"": 0.026191458000070778, ""custom"": 0.015450872570618083}",0.01087719885011514,0.01087719885011514,stage3_l_opt,l_opt_current_alpha,1.1828083781813195,0.08763806505638236,0.05,False,False,True,True,0.0005101288358370475,True,31705,74640
10,2,0.3,0.0,uniform,0,trimmed,0.5,guarded,controlled,5,1,14,0.007281941245349852,custom,"{""bfgs"": 0.026191458000070778, ""custom"": 0.015450872570618083}",0.01087719885011514,0.01087719885011514,stage3_l_opt,l_opt_current_alpha,1.1828083781813195,0.08763806505638236,0.05,False,False,True,True,0.0005101288358370475,True,34095,80085
10,2,0.3,0.0,uniform,0,trimmed,0.5,guarded,controlled,5,1,15,0.007281941245349852,custom,"{""bfgs"": 0.026191458000070778, ""custom"": 0.015450872570618083}",0.01087719885011514,0.01087719885011514,stage3_l_opt,l_opt_current_alpha,1.1828083781813195,0.08763806505638236,0.05,False,False,True,True,0.0005101288358370475,True,36485,85530
10,2,0.3,0.0,uniform,0,trimmed,0.5,guarded,controlled,5,1,16,0.007281941245349852,custom,"{""bfgs"": 0.026191458000070778, ""custom"": 0.015450872570618083}",0.01087719885011514,0.01087719885011514,stage3_l_opt,l_opt_current_alpha,1.1828083781813195,0.08763806505638236,0.05,False,False,True,True,0.0005101288358370475,True,38875,90975
10,2,0.3,0.0,uniform,0,trimmed,0.5,guarded,controlled,5,1,17,0.007281941245349852,custom,"{""bfgs"": 0.026191458000070778, ""custom"": 0.015450872570618083}",0.01087719885011514,0.01087719885011514,stage3_l_opt,l_opt_current_alpha,1.1828083781813195,0.08763806505638236,0.05,False,False,True,True,0.0005101288358370475,True,41265,96420
10,2,0.3,0.0,uniform,0,trimmed,0.5,guarded,controlled,5,1,18,0.007281941245349852,custom,"{""bfgs"": 0.026191458000070778, ""custom"": 0.015450872570618083}",0.01087719885011514,0.01087719885011514,stage3_l_opt,l_opt_current_alpha,1.1828083781813195,0.08763806505638236,0.05,False,False,True,True,0.0005101288358370475,True,43655,101865
10,2,0.3,0.0,uniform,0,trimmed,0.5,guarded,controlled,5,1,19,0.007281941245349852,custom,"{""bfgs"": 0.026191458000070778, ""custom"": 0.015450872570618083}",0.01087719885011514,0.01087719885011514,stage3_l_opt,l_opt_current_alpha,1.1828083781813195,0.08763806505638236,0.05,False,False,True,True,0.0005101288358370475,True,46045,107310
10,2,0.3,0.0,stage0,0,trimmed,0.0,guarded,controlled,5,1,0,0.00777230864491768,custom,"{""bfgs"": 0.028906447682857245, ""custom"": 0.010258587350923144}",0.010326496635874113,0.010326496635874113,stage3_l_opt,l_opt_current_alpha,0.44047251195131243,0.0,0.0,False,True,False,False,,True,4335,5600
10,2,0.3,0.0,stage0,0,trimmed,0.5,guarded,controlled,5,1,0,0.00777230864491768,custom,"{""bfgs"": 0.028906447682857245, ""custom"": 0.010258587350923144}",0.010326496635874113,0.010326496635874113,stage3_l_opt,l_opt_current_alpha,0.44047251195131243,0.22023625597565621,0.5,False,True,True,False,,True,4335,5600
10,2,0.3,0.0,stage0,0,trimmed,0.5,guarded,controlled,5,1,1,0.008613698167368525,custom,"{""bfgs"": 0.020206377240971005, ""custom"": 0.011150236229567448}",0.00913332961499691,0.00913332961499691,stage3_l_opt,l_opt_current_alpha,0.49153219974854045,0.24576609987427023,0.5,True,True,True,False,-0.001193167020877203,True,7670,10530
10,2,0.3,0.0,stage0,0,trimmed,0.5,guarded,controlled,5,1,2,0.004296637283386848,custom,"{""bfgs"": 0.031189914001722684, ""custom"": 0.011931638985181936}",0.011772211020191511,0.011772211020191511,stage3_l_opt,l_opt_current_alpha,0.9537335613702154,0.12288304993713509,0.25,False,False,True,True,0.002638881405194601,True,10060,14735
10,2,0.3,0.0,stage0,0,trimmed,0.5,guarded,controlled,5,1,3,0.008205010659532733,custom,"{""bfgs"": 0.030217649369036217, ""custom"": 0.012053964402581654}",0.011830104514956474,0.011830104514956474,stage3_l_opt,l_opt_current_alpha,1.2924632229702953,0.061441524968567515,0.125,False,False,True,True,0.002696774899959564,True,12375,18255
10,2,0.3,0.0,stage0,0,trimmed,0.5,guarded,controlled,5,1,4,0.007564016287282621,custom,"{""bfgs"": 0.029722124071321285, ""custom"": 0.011365634019154074}",0.010150515163938204,0.010150515163938204,stage3_l_opt,l_opt_current_alpha,1.2413058452420334,0.030720762484283834,0.0625,False,False,True,True,0.0010171855489412938,True,14290,23440
10,2,0.3,0.0,stage0,0,trimmed,0.5,guarded,controlled,5,1,5,0.007485049640466628,custom,"{""bfgs"": 0.027507797555027205, ""custom"": 0.01661121490055168}",0.016819403196374576,0.016819403196374576,stage3_l_opt,l_opt_current_alpha,,0.0,0.0625,False,False,False,True,0.007686073581377666,False,17455,27310
11,2,0.3,0.0,uniform,0,trimmed,0.0,guarded,controlled,5,1,0,0.0023419634482866524,bfgs,"{""bfgs"": 0.014331766590476037, ""custom"": 0.019788743928074837}",0.010184084375699362,0.010184084375699362,stage3_l_opt,l_opt_current_alpha,0.1961791909056749,0.0,0.0,False,True,False,False,,True,1835,7135
11,2,0.3,0.0,uniform,0,trimmed,0.5,guarded,controlled,5,1,0,0.0023419634482866524,bfgs,"{""bfgs"": 0.014331766590476037, ""custom"": 0.019788743928074837}",0.010184084375699362,0.010184084375699362,stage3_l_opt,l_opt_current_alpha,0.1961791909056749,0.09808959545283741,0.5,False,True,True,False,,True,1835,7135
11,2,0.3,0.0,uniform,0,trimmed,0.5,guarded,controlled,5,1,1,0.0028214172433614236,bfgs,"{""bfgs"": 0.017238670995349974, ""custom"": 0.021054184987722366}",0.015473489960034689,0.015473489960034689,stage3_l_opt,l_opt_current_alpha,1.1566079180920064,0.04904479772641876,0.25,False,False,True,True,0.005289405584335327,True,3300,14925
11,2,0.3,0.0,uniform,0,trimmed,0.5,guarded,controlled,5,1,2,0.0011814563731805206,bfgs,"{""bfgs"": 0.01377082867070467, ""custom"": 0.020370091069042154}",0.01026738869647185,0.01026738869647185,stage3_l_opt,l_opt_current_alpha,0.40134938614491933,0.1003373465362297,0.25,True,True,True,False,8.330432077248776e-05,True,6375,23290
11,2,0.3,0.0,uniform,0,trimmed,0.5,guarded,controlled,5,1,3,0.002823081021736583,custom,"{""bfgs"": 0.03856250311551172, ""custom"": 0.022402475723302173}",0.021947826569279034,0.021947826569279034,stage3_l_opt,l_opt_current_alpha,,0.0,0.25,False,False,False,True,0.011680437872807184,False,10225,31825
11,2,0.3,0.0,stage0,0,trimmed,0.0,guarded,controlled,5,1,0,0.02056401176021441,custom,"{""bfgs"": 0.042457972298013125, ""custom"": 0.01708894914046608}",0.029304320613543194,0.029304320613543194,stage3_l_opt,l_opt_current_alpha,,0.0,0.0,False,True,False,False,,False,585,6250
11,2,0.3,0.0,stage0,0,trimmed,0.5,guarded,controlled,5,1,0,0.02056401176021441,custom,"{""bfgs"": 0.042457972298013125, ""custom"": 0.01708894914046608}",0.029304320613543194,0.029304320613543194,stage3_l_opt,l_opt_current_alpha,,0.0,0.5,False,True,False,False,,False,585,6250
12,2,0.3,0.0,uniform,0,trimmed,0.0,guarded,controlled,5,1,0,0.038087658879806946,custom,"{""bfgs"": 0.3177198916673661, ""custom"": 0.024627819657325745}",0.015064116567373276,0.015064116567373276,stage3_l_opt,l_opt_current_alpha,1.3416583055563254,0.0,0.0,False,True,False,False,,True,1585,10975
12,2,0.3,0.0,uniform,0,trimmed,0.5,guarded,controlled,5,1,0,0.038087658879806946,custom,"{""bfgs"": 0.3177198916673661, ""custom"": 0.024627819657325745}",0.015064116567373276,0.015064116567373276,stage3_l_opt,l_opt_current_alpha,1.3416583055563254,0.6708291527781627,0.5,False,True,True,False,,True,1585,10975
12,2,0.3,0.0,uniform,0,trimmed,0.5,guarded,controlled,5,1,1,0.043783345691202374,custom,"{""bfgs"": 0.28493489946783707, ""custom"": 0.026540264277927363}",0.04542319290339947,0.04542319290339947,stage3_l_opt,l_opt_current_alpha,0.810558282660355,0.3354145763890813,0.25,False,False,True,True,0.03035907633602619,True,3535,19550
12,2,0.3,0.0,uniform,0,trimmed,0.5,guarded,controlled,5,1,2,0.01760083460214623,custom,"{""bfgs"": 0.30132738513678875, ""custom"": 0.018466870794754783}",0.011289505288004875,0.011289505288004875,stage3_l_opt,l_opt_current_alpha,0.816062066933175,0.20401551673329377,0.25,True,True,True,False,-0.0037746112793684006,True,5205,29575
12,2,0.3,0.0,uniform,0,trimmed,0.5,guarded,controlled,5,1,3,0.02256046572746906,custom,"{""bfgs"": 0.2899417843099966, ""custom"": 0.01634112254756987}",0.013378810758392016,0.013378810758392016,stage3_l_opt,l_opt_current_alpha,0.6400734168287576,0.10200775836664688,0.125,False,False,True,True,0.0020893054703871403,True,7425,41405
12,2,0.3,0.0,uniform,0,trimmed,0.5,guarded,controlled,5,1,4,0.01429828782197775,custom,"{""bfgs"": 0.29563458472339266, ""custom"": 0.019811698525581872}",0.013916923354069391,0.013916923354069391,stage3_l_opt,l_opt_current_alpha,1.0461375046640005,0.05100387918332336,0.0625,False,False,True,True,0.002627418066064516,True,9520,49635
12,2,0.3,0.0,uniform,0,trimmed,0.5,guarded,controlled,5,1,5,0.017914163754798,custom,"{""bfgs"": 0.2984809849300907, ""custom"": 0.018014450985324785}",0.011234075451890627,0.011234075451890627,stage3_l_opt,l_opt_current_alpha,0.8196699406894183,0.051229371293088605,0.0625,True,True,True,False,-5.542983611424822e-05,True,11920,57840
12,2,0.3,0.0,uniform,0,trimmed,0.5,guarded,controlled,5,1,6,0.02064430705699727,custom,"{""bfgs"": 0.2953890591817222, ""custom"": 0.017370566058672068}",0.010884940003355345,0.010884940003355345,stage3_l_opt,l_opt_current_alpha,0.8558765860372972,0.05349228662733105,0.0625,True,True,True,False,-0.00034913544853528225,True,14085,67375
12,2,0.3,0.0,uniform,0,trimmed,0.5,guarded,controlled,5,1,7,0.022053769477992938,custom,"{""bfgs"": 0.2927658538079263, ""custom"": 0.016885734046458024}",0.012745340044299761,0.012745340044299761,stage3_l_opt,l_opt_current_alpha,1.1802811726081752,0.042793829301864816,0.05,False,False,True,True,0.0018604000409444162,True,16495,77390
12,2,0.3,0.0,uniform,0,trimmed,0.5,guarded,controlled,5,1,8,0.022341978296583437,custom,"{""bfgs"": 0.29329049488268544, ""custom"": 0.017149974914179057}",0.013235084091623625,0.013235084091623625,stage3_l_opt,l_opt_current_alpha,0.7434009019938207,0.042793829301864816,0.05,False,False,True,True,0.00235014408826828,True,18860,87110
12,2,0.3,0.0,uniform,0,trimmed,0.5,guarded,controlled,5,1,9,0.022341978296583437,custom,"{""bfgs"": 0.29329049488268544, ""custom"": 0.017149974914179057}",0.013235084091623625,0.013235084091623625,stage3_l_opt,l_opt_current_alpha,0.7434009019938207,0.042793829301864816,0.05,False,False,True,True,0.00235014408826828,True,21225,96830
12,2,0.3,0.0,uniform,0,trimmed,0.5,guarded,controlled,5,1,10,0.022341978296583437,custom,"{""bfgs"": 0.29329049488268544, ""custom"": 0.017149974914179057}",0.013235084091623625,0.013235084091623625,stage3_l_opt,l_opt_current_alpha,0.7434009019938207,0.042793829301864816,0.05,False,False,True,True,0.00235014408826828,True,23590,106550
12,2,0.3,0.0,uniform,0,trimmed,0.5,guarded,controlled,5,1,11,0.022341978296583437,custom,"{""bfgs"": 0.29329049488268544, ""custom"": 0.017149974914179057}",0.013235084091623625,0.013235084091623625,stage3_l_opt,l_opt_current_alpha,0.7434009019938207,0.042793829301864816,0.05,False,False,True,True,0.00235014408826828,True,25955,116270
12,2,0.3,0.0,uniform,0,trimmed,0.5,guarded,controlled,5,1,12,0.022341978296583437,custom,"{""bfgs"": 0.29329049488268544, ""custom"": 0.017149974914179057}",0.013235084091623625,0.013235084091623625,stage3_l_opt,l_opt_current_alpha,0.7434009019938207,0.042793829301864816,0.05,False,False,True,True,0.00235014408826828,True,28320,125990
12,2,0.3,0.0,uniform,0,trimmed,0.5,guarded,controlled,5,1,13,0.022341978296583437,custom,"{""bfgs"": 0.29329049488268544, ""custom"": 0.017149974914179057}",0.013235084091623625,0.013235084091623625,stage3_l_opt,l_opt_current_alpha,0.7434009019938207,0.042793829301864816,0.05,False,False,True,True,0.00235014408826828,True,30685,135710
12,2,0.3,0.0,uniform,0,trimmed,0.5,guarded,controlled,5,1,14,0.022341978296583437,custom,"{""bfgs"": 0.29329049488268544, ""custom"": 0.017149974914179057}",0.013235084091623625,0.013235084091623625,stage3_l_opt,l_opt_current_alpha,0.7434009019938207,0.042793829301864816,0.05,False,False,True,True,0.00235014408826828,True,33050,145430
12,2,0.3,0.0,uniform,0,trimmed,0.5,guarded,controlled,5,1,15,0.022341978296583437,custom,"{""bfgs"": 0.29329049488268544, ""custom"": 0.017149974914179057}",0.013235084091623625,0.013235084091623625,stage3_l_opt,l_opt_current_alpha,0.7434009019938207,0.042793829301864816,0.05,False,False,True,True,0.00235014408826828,True,35415,155150
12,2,0.3,0.0,uniform,0,trimmed,0.5,guarded,controlled,5,1,16,0.022341978296583437,custom,"{""bfgs"": 0.29329049488268544, ""custom"": 0.017149974914179057}",0.013235084091623625,0.013235084091623625,stage3_l_opt,l_opt_current_alpha,0.7434009019938207,0.042793829301864816,0.05,False,False,True,True,0.00235014408826828,True,37780,164870
12,2,0.3,0.0,uniform,0,trimmed,0.5,guarded,controlled,5,1,17,0.022341978296583437,custom,"{""bfgs"": 0.29329049488268544, ""custom"": 0.017149974914179057}",0.013235084091623625,0.013235084091623625,stage3_l_opt,l_opt_current_alpha,0.7434009019938207,0.042793829301864816,0.05,False,False,True,True,0.00235014408826828,True,40145,174590
12,2,0.3,0.0,uniform,0,trimmed,0.5,guarded,controlled,5,1,18,0.022341978296583437,custom,"{""bfgs"": 0.29329049488268544, ""custom"": 0.017149974914179057}",0.013235084091623625,0.013235084091623625,stage3_l_opt,l_opt_current_alpha,0.7434009019938207,0.042793829301864816,0.05,False,False,True,True,0.00235014408826828,True,42510,184310
12,2,0.3,0.0,uniform,0,trimmed,0.5,guarded,controlled,5,1,19,0.022341978296583437,custom,"{""bfgs"": 0.29329049488268544, ""custom"": 0.017149974914179057}",0.013235084091623625,0.013235084091623625,stage3_l_opt,l_opt_current_alpha,0.7434009019938207,0.042793829301864816,0.05,False,False,True,True,0.00235014408826828,True,44875,194030
12,2,0.3,0.0,stage0,0,trimmed,0.0,guarded,controlled,5,1,0,0.018076296009170486,custom,"{""bfgs"": 0.24323917097047476, ""custom"": 0.006946967539149546}",0.02318194881081581,0.02318194881081581,stage3_l_opt,l_opt_current_alpha,1.2960095207259128,0.0,0.0,False,True,False,False,,True,1900,5705
12,2,0.3,0.0,stage0,0,trimmed,0.5,guarded,controlled,5,1,0,0.018076296009170486,custom,"{""bfgs"": 0.24323917097047476, ""custom"": 0.006946967539149546}",0.02318194881081581,0.02318194881081581,stage3_l_opt,l_opt_current_alpha,1.2960095207259128,0.6480047603629564,0.5,False,True,True,False,,True,1900,5705
12,2,0.3,0.0,stage0,0,trimmed,0.5,guarded,controlled,5,1,1,0.027530063183229522,custom,"{""bfgs"": 0.2329759590649257, ""custom"": 0.02509841297605395}",0.04141639110942682,0.04141639110942682,stage3_l_opt,l_opt_current_alpha,,0.0,0.5,False,False,False,True,0.018234442298611007,False,3825,14435
13,2,0.3,0.0,uniform,0,trimmed,0.0,guarded,controlled,5,1,0,0.005410578866840725,bfgs,"{""bfgs"": 0.008303495310246945, ""custom"": 0.010180202312767506}",0.006543563989301522,0.006543563989301522,stage3_l_opt,l_opt_current_alpha,0.7693735132733286,0.0,0.0,False,True,False,False,,True,2035,9485
13,2,0.3,0.0,uniform,0,trimmed,0.5,guarded,controlled,5,1,0,0.005410578866840725,bfgs,"{""bfgs"": 0.008303495310246945, ""custom"": 0.010180202312767506}",0.006543563989301522,0.006543563989301522,stage3_l_opt,l_opt_current_alpha,0.7693735132733286,0.3846867566366642,0.5,False,True,True,False,,True,2035,9485
13,2,0.3,0.0,uniform,0,trimmed,0.5,guarded,controlled,5,1,1,0.00858866260456786,custom,"{""bfgs"": 0.017482543975079038, ""custom"": 0.008560306202599436}",0.010776121479769548,0.010776121479769548,stage3_l_opt,l_opt_current_alpha,1.7566867566366642,0.19234337831833218,0.25,False,False,True,True,0.004232557490468026,True,5145,17540
13,2,0.3,0.0,uniform,0,trimmed,0.5,guarded,controlled,5,1,2,0.00801953339803501,custom,"{""bfgs"": 0.015752665977859424, ""custom"": 0.009219363626472337}",0.010495942396422228,0.010495942396422228,stage3_l_opt,l_opt_current_alpha,1.0049963584153045,0.09617168915916596,0.125,False,False,True,True,0.0039523784071207055,True,8030,25825
13,2,0.3,0.0,uniform,0,trimmed,0.5,guarded,controlled,5,1,3,0.007978680588342479,custom,"{""bfgs"": 0.018259585906131272, ""custom"": 0.009690435581931969}",0.010481535457074642,0.010481535457074642,stage3_l_opt,l_opt_current_alpha,0.7643024088265777,0.04808584457958304,0.0625,False,False,True,True,0.00393797146777312,True,9905,34355
13,2,0.3,0.0,uniform,0,trimmed,0.5,guarded,controlled,5,1,4,0.008037686176999466,custom,"{""bfgs"": 0.01474594778445874, ""custom"": 0.009968102557760964}",0.010530301990608374,0.010530301990608374,stage3_l_opt,l_opt_current_alpha,1.5482481185881416,0.038468675663666435,0.05,False,False,True,True,0.003986738001306851,True,11850,46765
13,2,0.3,0.0,uniform,0,trimmed,0.5,guarded,controlled,5,1,5,0.008089392162545827,custom,"{""bfgs"": 0.02807235201305247, ""custom"": 0.010001087683371683}",0.010529623987774054,0.010529623987774054,stage3_l_opt,l_opt_current_alpha,0.7709730729890258,0.038468675663666435,0.05,False,False,True,True,0.003986059998472531,True,14060,55515
13,2,0.3,0.0,uniform,0,trimmed,0.5,guarded,controlled,5,1,6,0.008089392162545827,custom,"{""bfgs"": 0.02807235201305247, ""custom"": 0.010001087683371683}",0.010529623987774054,0.010529623987774054,stage3_l_opt,l_opt_current_alpha,0.7709730729890258,0.038468675663666435,0.05,False,False,True,True,0.003986059998472531,True,16270,64265
13,2,0.3,0.0,uniform,0,trimmed,0.5,guarded,controlled,5,1,7,0.008089392162545827,custom,"{""bfgs"": 0.02807235201305247, ""custom"": 0.010001087683371683}",0.010529623987774054,0.010529623987774054,stage3_l_opt,l_opt_current_alpha,0.7709730729890258,0.038468675663666435,0.05,False,False,True,True,0.003986059998472531,True,18480,73015
13,2,0.3,0.0,uniform,0,trimmed,0.5,guarded,controlled,5,1,8,0.008089392162545827,custom,"{""bfgs"": 0.02807235201305247, ""custom"": 0.010001087683371683}",0.010529623987774054,0.010529623987774054,stage3_l_opt,l_opt_current_alpha,0.7709730729890258,0.038468675663666435,0.05,False,False,True,True,0.003986059998472531,True,20690,81765
13,2,0.3,0.0,uniform,0,trimmed,0.5,guarded,controlled,5,1,9,0.008089392162545827,custom,"{""bfgs"": 0.02807235201305247, ""custom"": 0.010001087683371683}",0.010529623987774054,0.010529623987774054,stage3_l_opt,l_opt_current_alpha,0.7709730729890258,0.038468675663666435,0.05,False,False,True,True,0.003986059998472531,True,22900,90515
13,2,0.3,0.0,uniform,0,trimmed,0.5,guarded,controlled,5,1,10,0.008089392162545827,custom,"{""bfgs"": 0.02807235201305247, ""custom"": 0.010001087683371683}",0.010529623987774054,0.010529623987774054,stage3_l_opt,l_opt_current_alpha,0.7709730729890258,0.038468675663666435,0.05,False,False,True,True,0.003986059998472531,True,25110,99265
13,2,0.3,0.0,uniform,0,trimmed,0.5,guarded,controlled,5,1,11,0.008089392162545827,custom,"{""bfgs"": 0.02807235201305247, ""custom"": 0.010001087683371683}",0.010529623987774054,0.010529623987774054,stage3_l_opt,l_opt_current_alpha,0.7709730729890258,0.038468675663666435,0.05,False,False,True,True,0.003986059998472531,True,27320,108015
13,2,0.3,0.0,uniform,0,trimmed,0.5,guarded,controlled,5,1,12,0.008089392162545827,custom,"{""bfgs"": 0.02807235201305247, ""custom"": 0.010001087683371683}",0.010529623987774054,0.010529623987774054,stage3_l_opt,l_opt_current_alpha,0.7709730729890258,0.038468675663666435,0.05,False,False,True,True,0.003986059998472531,True,29530,116765
13,2,0.3,0.0,uniform,0,trimmed,0.5,guarded,controlled,5,1,13,0.008089392162545827,custom,"{""bfgs"": 0.02807235201305247, ""custom"": 0.010001087683371683}",0.010529623987774054,0.010529623987774054,stage3_l_opt,l_opt_current_alpha,0.7709730729890258,0.038468675663666435,0.05,False,False,True,True,0.003986059998472531,True,31740,125515
13,2,0.3,0.0,uniform,0,trimmed,0.5,guarded,controlled,5,1,14,0.008089392162545827,custom,"{""bfgs"": 0.02807235201305247, ""custom"": 0.010001087683371683}",0.010529623987774054,0.010529623987774054,stage3_l_opt,l_opt_current_alpha,0.7709730729890258,0.038468675663666435,0.05,False,False,True,True,0.003986059998472531,True,33950,134265
13,2,0.3,0.0,uniform,0,trimmed,0.5,guarded,controlled,5,1,15,0.008089392162545827,custom,"{""bfgs"": 0.02807235201305247, ""custom"": 0.010001087683371683}",0.010529623987774054,0.010529623987774054,stage3_l_opt,l_opt_current_alpha,0.7709730729890258,0.038468675663666435,0.05,False,False,True,True,0.003986059998472531,True,36160,143015
13,2,0.3,0.0,uniform,0,trimmed,0.5,guarded,controlled,5,1,16,0.008089392162545827,custom,"{""bfgs"": 0.02807235201305247, ""custom"": 0.010001087683371683}",0.010529623987774054,0.010529623987774054,stage3_l_opt,l_opt_current_alpha,0.7709730729890258,0.038468675663666435,0.05,False,False,True,True,0.003986059998472531,True,38370,151765
13,2,0.3,0.0,uniform,0,trimmed,0.5,guarded,controlled,5,1,17,0.008089392162545827,custom,"{""bfgs"": 0.02807235201305247, ""custom"": 0.010001087683371683}",0.010529623987774054,0.010529623987774054,stage3_l_opt,l_opt_current_alpha,0.7709730729890258,0.038468675663666435,0.05,False,False,True,True,0.003986059998472531,True,40580,160515
13,2,0.3,0.0,uniform,0,trimmed,0.5,guarded,controlled,5,1,18,0.008089392162545827,custom,"{""bfgs"": 0.02807235201305247, ""custom"": 0.010001087683371683}",0.010529623987774054,0.010529623987774054,stage3_l_opt,l_opt_current_alpha,0.7709730729890258,0.038468675663666435,0.05,False,False,True,True,0.003986059998472531,True,42790,169265
13,2,0.3,0.0,uniform,0,trimmed,0.5,guarded,controlled,5,1,19,0.008089392162545827,custom,"{""bfgs"": 0.02807235201305247, ""custom"": 0.010001087683371683}",0.010529623987774054,0.010529623987774054,stage3_l_opt,l_opt_current_alpha,0.7709730729890258,0.038468675663666435,0.05,False,False,True,True,0.003986059998472531,True,45000,178015
13,2,0.3,0.0,stage0,0,trimmed,0.0,guarded,controlled,5,1,0,0.024097385704544755,custom,"{""bfgs"": 0.04404338808846786, ""custom"": 0.007397873486974287}",0.011366226710379124,0.011366226710379124,stage3_l_opt,l_opt_current_alpha,1.9679541733523833,0.0,0.0,False,True,False,False,,True,1935,10760
13,2,0.3,0.0,stage0,0,trimmed,0.5,guarded,controlled,5,1,0,0.024097385704544755,custom,"{""bfgs"": 0.04404338808846786, ""custom"": 0.007397873486974287}",0.011366226710379124,0.011366226710379124,stage3_l_opt,l_opt_current_alpha,1.9679541733523833,0.9839770866761917,0.5,False,True,True,False,,True,1935,10760
13,2,0.3,0.0,stage0,0,trimmed,0.5,guarded,controlled,5,1,1,0.008102341381521523,custom,"{""bfgs"": 0.024078008325543063, ""custom"": 0.006400401325819183}",0.010503767989575863,0.010503767989575863,stage3_l_opt,l_opt_current_alpha,0.8717213361662492,0.4358606680831246,0.5,True,True,True,False,-0.0008624587208032608,True,4460,18320
13,2,0.3,0.0,stage0,0,trimmed,0.5,guarded,controlled,5,1,2,0.008088407078108442,custom,"{""bfgs"": 0.24739232380133802, ""custom"": 0.0037075620747928223}",0.01050652718792359,0.01050652718792359,stage3_l_opt,l_opt_current_alpha,0.3943945320303784,0.1971972660151891,0.5,True,True,True,False,2.7591983477268794e-06,True,6020,25595
13,2,0.3,0.0,stage0,0,trimmed,0.5,guarded,controlled,5,1,3,0.008072936159892515,custom,"{""bfgs"": 0.26071127395467786, ""custom"": 0.0025175876159283994}",0.010515564742187658,0.010515564742187658,stage3_l_opt,l_opt_current_alpha,0.18786088538240406,0.0939304426912022,0.5,True,True,True,False,9.037554264068604e-06,True,7415,32395
13,2,0.3,0.0,stage0,0,trimmed,0.5,guarded,controlled,5,1,4,0.008090692665902103,custom,"{""bfgs"": 0.02543369366931541, ""custom"": 0.0020397890072383113}",0.010508553745845953,0.010508553745845953,stage3_l_opt,l_opt_current_alpha,0.10418875792388263,0.052094378961941405,0.5,True,True,True,False,-7.010996341705322e-06,True,8815,39320
13,2,0.3,0.0,stage0,0,trimmed,0.5,guarded,controlled,5,1,5,0.00810594273356972,custom,"{""bfgs"": 0.015361829144170589, ""custom"": 0.0017792107796024653}",0.01050205435603857,0.01050205435603857,stage3_l_opt,l_opt_current_alpha,0.05318636427026552,0.026593182135132627,0.5,True,True,True,False,-6.499389807382641e-06,True,12285,45710
13,2,0.3,0.0,stage0,0,trimmed,0.5,guarded,controlled,5,1,6,0.010415251728201966,bfgs,"{""bfgs"": 0.0013493411059126211, ""custom"": 0.0015506116735988602}",0.011965846021970114,0.011965846021970114,stage3_l_opt,l_opt_current_alpha,0.1634799879313809,0.013296591067566206,0.25,False,False,True,True,0.0014637916659315433,True,17220,53870
13,2,0.3,0.0,stage0,0,trimmed,0.5,guarded,controlled,5,1,7,0.009041988162369518,bfgs,"{""bfgs"": 0.0009462583892019562, ""custom"": 0.0016207913916729802}",0.005390592229863008,0.005390592229863008,stage3_l_opt,l_opt_current_alpha,0.5742280413576694,0.1435570103394173,0.25,True,True,True,False,-0.005111462126175563,True,18795,62090
13,2,0.3,0.0,stage0,0,trimmed,0.5,guarded,controlled,5,1,8,0.008077560788125094,custom,"{""bfgs"": 0.1125506338189302, ""custom"": 0.0025118040487338475}",0.010513699613511562,0.010513699613511562,stage3_l_opt,l_opt_current_alpha,0.17201850982648878,0.07177850516970857,0.125,False,False,True,True,0.005123107383648555,True,20145,69250
13,2,0.3,0.0,stage0,0,trimmed,0.5,guarded,controlled,5,1,9,0.008893514368426053,bfgs,"{""bfgs"": 0.0017957895150748655, ""custom"": 0.0021014008374899956}",0.00491923342148463,0.00491923342148463,stage3_l_opt,l_opt_current_alpha,0.5349209221898463,0.06686511527373087,0.125,True,True,True,False,-0.00047135880837837797,True,22475,75885
13,2,0.3,0.0,stage0,0,trimmed,0.5,guarded,controlled,5,1,10,0.008077498123621497,custom,"{""bfgs"": 0.09741155362701458, ""custom"": 0.002483033449576726}",0.010513327084481716,0.010513327084481716,stage3_l_opt,l_opt_current_alpha,0.1720912500131235,0.03343255763686544,0.0625,False,False,True,True,0.0055940936629970866,True,24035,83615
13,2,0.3,0.0,stage0,0,trimmed,0.5,guarded,controlled,5,1,11,0.008078949074857202,custom,"{""bfgs"": 0.0926575195696094, ""custom"": 0.002279391902372982}",0.010512418113648891,0.010512418113648891,stage3_l_opt,l_opt_current_alpha,0.14179328155993423,0.026746046109492338,0.05,False,False,True,True,0.005593184692164262,True,24625,92450
13,2,0.3,0.0,stage0,0,trimmed,0.5,guarded,controlled,5,1,12,0.008081383994972026,custom,"{""bfgs"": 0.061966022395099817, ""custom"": 0.002244164421446769}",0.010511481824020544,0.010511481824020544,stage3_l_opt,l_opt_current_alpha,0.13500848286633463,0.026746046109492338,0.05,False,False,True,True,0.0055922484025359145,True,26565,102445
13,2,0.3,0.0,stage0,0,trimmed,0.5,guarded,controlled,5,1,13,0.008081383994972026,custom,"{""bfgs"": 0.061966022395099817, ""custom"": 0.002244164421446769}",0.010511481824020544,0.010511481824020544,stage3_l_opt,l_opt_current_alpha,0.13500848286633463,0.026746046109492338,0.05,False,False,True,True,0.0055922484025359145,True,28505,112440
13,2,0.3,0.0,stage0,0,trimmed,0.5,guarded,controlled,5,1,14,0.008081383994972026,custom,"{""bfgs"": 0.061966022395099817, ""custom"": 0.002244164421446769}",0.010511481824020544,0.010511481824020544,stage3_l_opt,l_opt_current_alpha,0.13500848286633463,0.026746046109492338,0.05,False,False,True,True,0.0055922484025359145,True,30445,122435
13,2,0.3,0.0,stage0,0,trimmed,0.5,guarded,controlled,5,1,15,0.008081383994972026,custom,"{""bfgs"": 0.061966022395099817, ""custom"": 0.002244164421446769}",0.010511481824020544,0.010511481824020544,stage3_l_opt,l_opt_current_alpha,0.13500848286633463,0.026746046109492338,0.05,False,False,True,True,0.0055922484025359145,True,32385,132430
13,2,0.3,0.0,stage0,0,trimmed,0.5,guarded,controlled,5,1,16,0.008081383994972026,custom,"{""bfgs"": 0.061966022395099817, ""custom"": 0.002244164421446769}",0.010511481824020544,0.010511481824020544,stage3_l_opt,l_opt_current_alpha,0.13500848286633463,0.026746046109492338,0.05,False,False,True,True,0.0055922484025359145,True,34325,142425
13,2,0.3,0.0,stage0,0,trimmed,0.5,guarded,controlled,5,1,17,0.008081383994972026,custom,"{""bfgs"": 0.061966022395099817, ""custom"": 0.002244164421446769}",0.010511481824020544,0.010511481824020544,stage3_l_opt,l_opt_current_alpha,0.13500848286633463,0.026746046109492338,0.05,False,False,True,True,0.0055922484025359145,True,36265,152420
13,2,0.3,0.0,stage0,0,trimmed,0.5,guarded,controlled,5,1,18,0.008081383994972026,custom,"{""bfgs"": 0.061966022395099817, ""custom"": 0.002244164421446769}",0.010511481824020544,0.010511481824020544,stage3_l_opt,l_opt_current_alpha,0.13500848286633463,0.026746046109492338,0.05,False,False,True,True,0.0055922484025359145,True,38205,162415
13,2,0.3,0.0,stage0,0,trimmed,0.5,guarded,controlled,5,1,19,0.008081383994972026,custom,"{""bfgs"": 0.061966022395099817, ""custom"": 0.002244164421446769}",0.010511481824020544,0.010511481824020544,stage3_l_opt,l_opt_current_alpha,0.13500848286633463,0.026746046109492338,0.05,False,False,True,True,0.0055922484025359145,True,40145,172410
14,2,0.3,0.0,uniform,0,trimmed,0.0,guarded,controlled,5,1,0,0.0013509672728053788,custom,"{""bfgs"": 0.15034051835536957, ""custom"": 0.017065365612506867}",0.0140552818775177,0.0140552818775177,stage3_l_opt,l_opt_current_alpha,1.568,0.0,0.0,False,True,False,False,,True,415,4360
14,2,0.3,0.0,uniform,0,trimmed,0.5,guarded,controlled,5,1,0,0.0013509672728053788,custom,"{""bfgs"": 0.15034051835536957, ""custom"": 0.017065365612506867}",0.0140552818775177,0.0140552818775177,stage3_l_opt,l_opt_current_alpha,1.568,0.784,0.5,False,True,True,False,,True,415,4360
14,2,0.3,0.0,uniform,0,trimmed,0.5,guarded,controlled,5,1,1,0.020445355842786103,custom,"{""bfgs"": 0.14500297358632086, ""custom"": 0.013406811088323594}",0.02122718592484792,0.02122718592484792,stage3_l_opt,l_opt_current_alpha,1.568,0.39199999999999996,0.25,False,False,True,True,0.007171904047330219,True,725,10355
14,2,0.3,0.0,uniform,0,trimmed,0.5,guarded,controlled,5,1,2,0.006839444478000197,custom,"{""bfgs"": 0.14767174597084523, ""custom"": 0.014705619588494302}",0.0068010662992795306,0.0068010662992795306,stage3_l_opt,l_opt_current_alpha,1.0065394118748316,0.2516348529687078,0.25,True,True,True,False,-0.00725421557823817,True,945,19575
14,2,0.3,0.0,uniform,0,trimmed,0.5,guarded,controlled,5,1,3,0.00830263171577081,custom,"{""bfgs"": 0.15649023299823855, ""custom"": 0.01283812482903187}",0.00861385464668274,0.00861385464668274,stage3_l_opt,l_opt_current_alpha,0.5532386536869004,0.1258174264843539,0.125,False,False,True,True,0.0018127883474032087,True,1600,23720
14,2,0.3,0.0,uniform,0,trimmed,0.5,guarded,controlled,5,1,4,0.008179857008746452,custom,"{""bfgs"": 0.1520809894845419, ""custom"": 0.013819804225119333}",0.008013119300206503,0.008013119300206503,stage3_l_opt,l_opt_current_alpha,0.4883175453207477,0.062908713242177,0.0625,False,False,True,True,0.0012120530009269723,True,2090,28005
14,2,0.3,0.0,uniform,0,trimmed,0.5,guarded,controlled,5,1,5,0.008165702520153695,custom,"{""bfgs"": 0.14987636772769355, ""custom"": 0.014451676055742803}",0.008004963397979736,0.008004963397979736,stage3_l_opt,l_opt_current_alpha,0.553131042074875,0.05032697059374161,0.05,False,False,True,True,0.0012038970987002058,True,2650,34840
14,2,0.3,0.0,uniform,0,trimmed,0.5,guarded,controlled,5,1,6,0.008037997609310985,custom,"{""bfgs"": 0.1494354433763239, ""custom"": 0.014549671190367717}",0.007919962207476297,0.007919962207476297,stage3_l_opt,l_opt_current_alpha,0.5358366600479265,0.05032697059374161,0.05,False,False,True,True,0.0011188959081967669,True,3075,41935
14,2,0.3,0.0,uniform,0,trimmed,0.5,guarded,controlled,5,1,7,0.008037997609310985,custom,"{""bfgs"": 0.1494354433763239, ""custom"": 0.014549671190367717}",0.007919962207476297,0.007919962207476297,stage3_l_opt,l_opt_current_alpha,0.5358366600479265,0.05032697059374161,0.05,False,False,True,True,0.0011188959081967669,True,3500,49030
14,2,0.3,0.0,uniform,0,trimmed,0.5,guarded,controlled,5,1,8,0.008037997609310985,custom,"{""bfgs"": 0.1494354433763239, ""custom"": 0.014549671190367717}",0.007919962207476297,0.007919962207476297,stage3_l_opt,l_opt_current_alpha,0.5358366600479265,0.05032697059374161,0.05,False,False,True,True,0.0011188959081967669,True,3925,56125
14,2,0.3,0.0,uniform,0,trimmed,0.5,guarded,controlled,5,1,9,0.008037997609310985,custom,"{""bfgs"": 0.1494354433763239, ""custom"": 0.014549671190367717}",0.007919962207476297,0.007919962207476297,stage3_l_opt,l_opt_current_alpha,0.5358366600479265,0.05032697059374161,0.05,False,False,True,True,0.0011188959081967669,True,4350,63220
14,2,0.3,0.0,uniform,0,trimmed,0.5,guarded,controlled,5,1,10,0.008037997609310985,custom,"{""bfgs"": 0.1494354433763239, ""custom"": 0.014549671190367717}",0.007919962207476297,0.007919962207476297,stage3_l_opt,l_opt_current_alpha,0.5358366600479265,0.05032697059374161,0.05,False,False,True,True,0.0011188959081967669,True,4775,70315
14,2,0.3,0.0,uniform,0,trimmed,0.5,guarded,controlled,5,1,11,0.008037997609310985,custom,"{""bfgs"": 0.1494354433763239, ""custom"": 0.014549671190367717}",0.007919962207476297,0.007919962207476297,stage3_l_opt,l_opt_current_alpha,0.5358366600479265,0.05032697059374161,0.05,False,False,True,True,0.0011188959081967669,True,5200,77410
14,2,0.3,0.0,uniform,0,trimmed,0.5,guarded,controlled,5,1,12,0.008037997609310985,custom,"{""bfgs"": 0.1494354433763239, ""custom"": 0.014549671190367717}",0.007919962207476297,0.007919962207476297,stage3_l_opt,l_opt_current_alpha,0.5358366600479265,0.05032697059374161,0.05,False,False,True,True,0.0011188959081967669,True,5625,84505
14,2,0.3,0.0,uniform,0,trimmed,0.5,guarded,controlled,5,1,13,0.008037997609310985,custom,"{""bfgs"": 0.1494354433763239, ""custom"": 0.014549671190367717}",0.007919962207476297,0.007919962207476297,stage3_l_opt,l_opt_current_alpha,0.5358366600479265,0.05032697059374161,0.05,False,False,True,True,0.0011188959081967669,True,6050,91600
14,2,0.3,0.0,uniform,0,trimmed,0.5,guarded,controlled,5,1,14,0.008037997609310985,custom,"{""bfgs"": 0.1494354433763239, ""custom"": 0.014549671190367717}",0.007919962207476297,0.007919962207476297,stage3_l_opt,l_opt_current_alpha,0.5358366600479265,0.05032697059374161,0.05,False,False,True,True,0.0011188959081967669,True,6475,98695
14,2,0.3,0.0,uniform,0,trimmed,0.5,guarded,controlled,5,1,15,0.008037997609310985,custom,"{""bfgs"": 0.1494354433763239, ""custom"": 0.014549671190367717}",0.007919962207476297,0.007919962207476297,stage3_l_opt,l_opt_current_alpha,0.5358366600479265,0.05032697059374161,0.05,False,False,True,True,0.0011188959081967669,True,6900,105790
14,2,0.3,0.0,uniform,0,trimmed,0.5,guarded,controlled,5,1,16,0.008037997609310985,custom,"{""bfgs"": 0.1494354433763239, ""custom"": 0.014549671190367717}",0.007919962207476297,0.007919962207476297,stage3_l_opt,l_opt_current_alpha,0.5358366600479265,0.05032697059374161,0.05,False,False,True,True,0.0011188959081967669,True,7325,112885
14,2,0.3,0.0,uniform,0,trimmed,0.5,guarded,controlled,5,1,17,0.008037997609310985,custom,"{""bfgs"": 0.1494354433763239, ""custom"": 0.014549671190367717}",0.007919962207476297,0.007919962207476297,stage3_l_opt,l_opt_current_alpha,0.5358366600479265,0.05032697059374161,0.05,False,False,True,True,0.0011188959081967669,True,7750,119980
14,2,0.3,0.0,uniform,0,trimmed,0.5,guarded,controlled,5,1,18,0.008037997609310985,custom,"{""bfgs"": 0.1494354433763239, ""custom"": 0.014549671190367717}",0.007919962207476297,0.007919962207476297,stage3_l_opt,l_opt_current_alpha,0.5358366600479265,0.05032697059374161,0.05,False,False,True,True,0.0011188959081967669,True,8175,127075
14,2,0.3,0.0,uniform,0,trimmed,0.5,guarded,controlled,5,1,19,0.008037997609310985,custom,"{""bfgs"": 0.1494354433763239, ""custom"": 0.014549671190367717}",0.007919962207476297,0.007919962207476297,stage3_l_opt,l_opt_current_alpha,0.5358366600479265,0.05032697059374161,0.05,False,False,True,True,0.0011188959081967669,True,8600,134170
14,2,0.3,0.0,stage0,0,trimmed,0.0,guarded,controlled,5,1,0,0.007887716568815335,custom,"{""bfgs"": 0.12860068708536498, ""custom"": 0.009092273250601085}",0.00779257466395696,0.00779257466395696,stage3_l_opt,l_opt_current_alpha,1.0027604108179202,0.0,0.0,False,True,False,False,,True,520,6065
14,2,0.3,0.0,stage0,0,trimmed,0.5,guarded,controlled,5,1,0,0.007887716568815335,custom,"{""bfgs"": 0.12860068708536498, ""custom"": 0.009092273250601085}",0.00779257466395696,0.00779257466395696,stage3_l_opt,l_opt_current_alpha,1.0027604108179202,0.5013802054089601,0.5,False,True,True,False,,True,520,6065
14,2,0.3,0.0,stage0,0,trimmed,0.5,guarded,controlled,5,1,1,0.008607715364910912,custom,"{""bfgs"": 0.14341790208362054, ""custom"": 0.011249308740100787}",0.0083107128739357,0.0083107128739357,stage3_l_opt,l_opt_current_alpha,0.8496211303689915,0.25069010270448006,0.25,False,False,True,True,0.0005181382099787397,True,1495,10850
14,2,0.3,0.0,stage0,0,trimmed,0.5,guarded,controlled,5,1,2,0.00806079202307063,custom,"{""bfgs"": 0.13600929458449276, ""custom"": 0.010123706612515854}",0.007934386531511942,0.007934386531511942,stage3_l_opt,l_opt_current_alpha,0.9737763607029061,0.12534505135224006,0.125,False,False,True,True,0.00014181186755498221,True,1985,18570
14,2,0.3,0.0,stage0,0,trimmed,0.5,guarded,controlled,5,1,3,0.00788470304087454,custom,"{""bfgs"": 0.13230499083492886, ""custom"": 0.009607641797951181}",0.007781686882177989,0.007781686882177989,stage3_l_opt,l_opt_current_alpha,0.8853552872684257,0.11066941090855324,0.125,True,True,True,False,-1.0887781778970776e-05,True,2520,26090
14,2,0.3,0.0,stage0,0,trimmed,0.5,guarded,controlled,5,1,4,0.008037587942454894,custom,"{""bfgs"": 0.13569972242253336, ""custom"": 0.009953318540230021}",0.007931490739186605,0.007931490739186605,stage3_l_opt,l_opt_current_alpha,0.977947944545319,0.0553347054542766,0.0625,False,False,True,True,0.00014980385700861642,True,3035,30185
14,2,0.3,0.0,stage0,0,trimmed,0.5,guarded,controlled,5,1,5,0.007994619407032623,custom,"{""bfgs"": 0.1340023566287311, ""custom"": 0.009775271030179113}",0.007887216905752817,0.007887216905752817,stage3_l_opt,l_opt_current_alpha,1.0277600182880395,0.044267764363421315,0.05,False,False,True,True,0.00010553002357482823,True,3440,35815
14,2,0.3,0.0,stage0,0,trimmed,0.5,guarded,controlled,5,1,6,0.007996008545897899,custom,"{""bfgs"": 0.13366288346997066, ""custom"": 0.009731447580210004}",0.007877583305040995,0.007877583305040995,stage3_l_opt,l_opt_current_alpha,1.032640273716657,0.05163201368583277,0.05,True,True,True,False,9.589642286300572e-05,True,4075,41960
14,2,0.3,0.0,stage0,0,trimmed,0.5,guarded,controlled,5,1,7,0.00802552483728734,custom,"{""bfgs"": 0.13571069959799106, ""custom"": 0.00960206434646222}",0.007916979491710663,0.007916979491710663,stage3_l_opt,l_opt_current_alpha,0.9861493287260423,0.049307466436302134,0.05,True,True,True,False,3.939618666966814e-05,True,4525,49365
14,2,0.3,0.0,stage0,0,trimmed,0.5,guarded,controlled,5,1,8,0.008044299930183997,custom,"{""bfgs"": 0.13755172923665582, ""custom"": 0.00946923615736088}",0.00792109469572703,0.00792109469572703,stage3_l_opt,l_opt_current_alpha,0.9295825197704547,0.04647912598852276,0.05,True,True,True,False,4.115204016367016e-06,True,5160,57095
14,2,0.3,0.0,stage0,0,trimmed,0.5,guarded,controlled,5,1,9,0.008074376044125219,custom,"{""bfgs"": 0.1387936034567892, ""custom"": 0.009338768210486462}",0.007942795753479004,0.007942795753479004,stage3_l_opt,l_opt_current_alpha,0.888155694229265,0.04440778471146327,0.05,True,True,True,False,2.1701057751974048e-05,True,5740,63520
14,2,0.3,0.0,stage0,0,trimmed,0.5,guarded,controlled,5,1,10,0.00809292080627148,custom,"{""bfgs"": 0.1398671569942123, ""custom"": 0.009223990599888196}",0.007956020534038544,0.007956020534038544,stage3_l_opt,l_opt_current_alpha,0.8477241973348926,0.04238620986674459,0.05,True,True,True,False,1.3224780559539795e-05,True,6175,68425
14,2,0.3,0.0,stage0,0,trimmed,0.5,guarded,controlled,5,1,11,0.008096444042263357,custom,"{""bfgs"": 0.140774554047908, ""custom"": 0.0091230209653271}",0.007960565388202667,0.007960565388202667,stage3_l_opt,l_opt_current_alpha,0.8115480647416724,0.04057740323708349,0.05,True,True,True,False,4.544854164123535e-06,True,6625,73335
14,2,0.3,0.0,stage0,0,trimmed,0.5,guarded,controlled,5,1,12,0.00812802516630641,custom,"{""bfgs"": 0.14194322586123734, ""custom"": 0.009023849533499363}",0.00797568013270696,0.00797568013270696,stage3_l_opt,l_opt_current_alpha,0.7801758508864534,0.03900879254432277,0.05,True,True,True,False,1.5114744504293384e-05,True,7080,78215
14,2,0.3,0.0,stage0,0,trimmed,0.5,guarded,controlled,5,1,13,0.00899857814787654,custom,"{""bfgs"": 0.14348609716544997, ""custom"": 0.009187190282579475}",0.0089741051197052,0.0089741051197052,stage3_l_opt,l_opt_current_alpha,1.0566113475705252,0.03900879254432277,0.05,False,False,True,True,0.0009984249869982396,True,7470,84395
14,2,0.3,0.0,stage0,0,trimmed,0.5,guarded,controlled,5,1,14,0.00899857814787654,custom,"{""bfgs"": 0.14348609716544997, ""custom"": 0.009187190282579475}",0.0089741051197052,0.0089741051197052,stage3_l_opt,l_opt_current_alpha,1.0566113475705252,0.03900879254432277,0.05,False,False,True,True,0.0009984249869982396,True,7860,90575
14,2,0.3,0.0,stage0,0,trimmed,0.5,guarded,controlled,5,1,15,0.00899857814787654,custom,"{""bfgs"": 0.14348609716544997, ""custom"": 0.009187190282579475}",0.0089741051197052,0.0089741051197052,stage3_l_opt,l_opt_current_alpha,1.0566113475705252,0.03900879254432277,0.05,False,False,True,True,0.0009984249869982396,True,8250,96755
14,2,0.3,0.0,stage0,0,trimmed,0.5,guarded,controlled,5,1,16,0.00899857814787654,custom,"{""bfgs"": 0.14348609716544997, ""custom"": 0.009187190282579475}",0.0089741051197052,0.0089741051197052,stage3_l_opt,l_opt_current_alpha,1.0566113475705252,0.03900879254432277,0.05,False,False,True,True,0.0009984249869982396,True,8640,102935
14,2,0.3,0.0,stage0,0,trimmed,0.5,guarded,controlled,5,1,17,0.00899857814787654,custom,"{""bfgs"": 0.14348609716544997, ""custom"": 0.009187190282579475}",0.0089741051197052,0.0089741051197052,stage3_l_opt,l_opt_current_alpha,1.0566113475705252,0.03900879254432277,0.05,False,False,True,True,0.0009984249869982396,True,9030,109115
14,2,0.3,0.0,stage0,0,trimmed,0.5,guarded,controlled,5,1,18,0.00899857814787654,custom,"{""bfgs"": 0.14348609716544997, ""custom"": 0.009187190282579475}",0.0089741051197052,0.0089741051197052,stage3_l_opt,l_opt_current_alpha,1.0566113475705252,0.03900879254432277,0.05,False,False,True,True,0.0009984249869982396,True,9420,115295
14,2,0.3,0.0,stage0,0,trimmed,0.5,guarded,controlled,5,1,19,0.00899857814787654,custom,"{""bfgs"": 0.14348609716544997, ""custom"": 0.009187190282579475}",0.0089741051197052,0.0089741051197052,stage3_l_opt,l_opt_current_alpha,1.0566113475705252,0.03900879254432277,0.05,False,False,True,True,0.0009984249869982396,True,9810,121475
15,2,0.3,0.0,uniform,0,trimmed,0.0,guarded,controlled,5,1,0,0.006477254298991354,custom,"{""bfgs"": 0.16649131327867508, ""custom"": 0.01837843134999275}",0.0161590576171875,0.0161590576171875,stage3_l_opt,l_opt_current_alpha,1.1760000000000002,0.0,0.0,False,True,False,False,,True,1950,6075
15,2,0.3,0.0,uniform,0,trimmed,0.5,guarded,controlled,5,1,0,0.006477254298991354,custom,"{""bfgs"": 0.16649131327867508, ""custom"": 0.01837843134999275}",0.0161590576171875,0.0161590576171875,stage3_l_opt,l_opt_current_alpha,1.1760000000000002,0.5880000000000001,0.5,False,True,True,False,,True,1950,6075
15,2,0.3,0.0,uniform,0,trimmed,0.5,guarded,controlled,5,1,1,0.008253097629780225,custom,"{""bfgs"": 0.024378764258610464, ""custom"": 0.008870591519903688}",0.011208520581324896,0.011208520581324896,stage3_l_opt,l_opt_current_alpha,0.5642789507453195,0.28213947537265976,0.5,True,True,True,False,-0.004950537035862604,True,4330,15435
15,2,0.3,0.0,uniform,0,trimmed,0.5,guarded,controlled,5,1,2,0.008273994660613772,custom,"{""bfgs"": 0.033359252706992575, ""custom"": 0.009470773648833105}",0.011236366194983324,0.011236366194983324,stage3_l_opt,l_opt_current_alpha,0.20260672828589288,0.10130336414294651,0.5,True,True,True,False,2.7845613658428192e-05,True,6250,24660
15,2,0.3,0.0,uniform,0,trimmed,0.5,guarded,controlled,5,1,3,0.011617495920277748,custom,"{""bfgs"": 0.03994174204346696, ""custom"": 0.004060694936615044}",0.014139313250780106,0.014139313250780106,stage3_l_opt,l_opt_current_alpha,0.1497933384016184,0.0506516820714732,0.25,False,False,True,True,0.0029029470557967816,True,7090,33855
15,2,0.3,0.0,uniform,0,trimmed,0.5,guarded,controlled,5,1,4,0.006076687430846554,bfgs,"{""bfgs"": 0.00854320254892439, ""custom"": 0.009226512018749699}",0.010369614077111086,0.010369614077111086,stage3_l_opt,l_opt_current_alpha,0.29870226299654734,0.07467556574913681,0.25,True,True,True,False,-0.0008667521178722382,True,9180,43145
15,2,0.3,0.0,uniform,0,trimmed,0.5,guarded,controlled,5,1,5,0.008409936811748134,custom,"{""bfgs"": 0.028685351806572154, ""custom"": 0.010460045548402623}",0.0113223260268569,0.0113223260268569,stage3_l_opt,l_opt_current_alpha,0.17630301721101854,0.03733778287456839,0.125,False,False,True,True,0.0009527119497458134,True,10990,50670
15,2,0.3,0.0,uniform,0,trimmed,0.5,guarded,controlled,5,1,6,0.008294115318256155,custom,"{""bfgs"": 0.06033593169431381, ""custom"": 0.009978907917399223}",0.011157052281002203,0.011157052281002203,stage3_l_opt,l_opt_current_alpha,0.8675970724059497,0.018668891437284188,0.0625,False,False,True,True,0.0007874382038911172,True,14115,58605
15,2,0.3,0.0,uniform,0,trimmed,0.5,guarded,controlled,5,1,7,0.008263953456587834,custom,"{""bfgs"": 0.10779036252691819, ""custom"": 0.009501546615271483}",0.011229077043632666,0.011229077043632666,stage3_l_opt,l_opt_current_alpha,0.27540290485313945,0.014935113149827296,0.05,False,False,True,True,0.0008594629665215799,True,16170,68685
15,2,0.3,0.0,uniform,0,trimmed,0.5,guarded,controlled,5,1,8,0.008276956075324337,custom,"{""bfgs"": 0.05873619210093357, ""custom"": 0.009446270986193975}",0.011237648936609427,0.011237648936609427,stage3_l_opt,l_opt_current_alpha,0.31193757210889095,0.014935113149827296,0.05,False,False,True,True,0.0008680348594983407,True,18295,79005
15,2,0.3,0.0,uniform,0,trimmed,0.5,guarded,controlled,5,1,9,0.008276956075324337,custom,"{""bfgs"": 0.05873619210093357, ""custom"": 0.009446270986193975}",0.011237648936609427,0.011237648936609427,stage3_l_opt,l_opt_current_alpha,0.31193757210889095,0.014935113149827296,0.05,False,False,True,True,0.0008680348594983407,True,20420,89325
15,2,0.3,0.0,uniform,0,trimmed,0.5,guarded,controlled,5,1,10,0.008276956075324337,custom,"{""bfgs"": 0.05873619210093357, ""custom"": 0.009446270986193975}",0.011237648936609427,0.011237648936609427,stage3_l_opt,l_opt_current_alpha,0.31193757210889095,0.014935113149827296,0.05,False,False,True,True,0.0008680348594983407,True,22545,99645
15,2,0.3,0.0,uniform,0,trimmed,0.5,guarded,controlled,5,1,11,0.008276956075324337,custom,"{""bfgs"": 0.05873619210093357, ""custom"": 0.009446270986193975}",0.011237648936609427,0.011237648936609427,stage3_l_opt,l_opt_current_alpha,0.31193757210889095,0.014935113149827296,0.05,False,False,True,True,0.0008680348594983407,True,24670,109965
15,2,0.3,0.0,uniform,0,trimmed,0.5,guarded,controlled,5,1,12,0.008276956075324337,custom,"{""bfgs"": 0.05873619210093357, ""custom"": 0.009446270986193975}",0.011237648936609427,0.011237648936609427,stage3_l_opt,l_opt_current_alpha,0.31193757210889095,0.014935113149827296,0.05,False,False,True,True,0.0008680348594983407,True,26795,120285
15,2,0.3,0.0,uniform,0,trimmed,0.5,guarded,controlled,5,1,13,0.008276956075324337,custom,"{""bfgs"": 0.05873619210093357, ""custom"": 0.009446270986193975}",0.011237648936609427,0.011237648936609427,stage3_l_opt,l_opt_current_alpha,0.31193757210889095,0.014935113149827296,0.05,False,False,True,True,0.0008680348594983407,True,28920,130605
15,2,0.3,0.0,uniform,0,trimmed,0.5,guarded,controlled,5,1,14,0.008276956075324337,custom,"{""bfgs"": 0.05873619210093357, ""custom"": 0.009446270986193975}",0.011237648936609427,0.011237648936609427,stage3_l_opt,l_opt_current_alpha,0.31193757210889095,0.014935113149827296,0.05,False,False,True,True,0.0008680348594983407,True,31045,140925
15,2,0.3,0.0,uniform,0,trimmed,0.5,guarded,controlled,5,1,15,0.008276956075324337,custom,"{""bfgs"": 0.05873619210093357, ""custom"": 0.009446270986193975}",0.011237648936609427,0.011237648936609427,stage3_l_opt,l_opt_current_alpha,0.31193757210889095,0.014935113149827296,0.05,False,False,True,True,0.0008680348594983407,True,33170,151245
15,2,0.3,0.0,uniform,0,trimmed,0.5,guarded,controlled,5,1,16,0.008276956075324337,custom,"{""bfgs"": 0.05873619210093357, ""custom"": 0.009446270986193975}",0.011237648936609427,0.011237648936609427,stage3_l_opt,l_opt_current_alpha,0.31193757210889095,0.014935113149827296,0.05,False,False,True,True,0.0008680348594983407,True,35295,161565
15,2,0.3,0.0,uniform,0,trimmed,0.5,guarded,controlled,5,1,17,0.008276956075324337,custom,"{""bfgs"": 0.05873619210093357, ""custom"": 0.009446270986193975}",0.011237648936609427,0.011237648936609427,stage3_l_opt,l_opt_current_alpha,0.31193757210889095,0.014935113149827296,0.05,False,False,True,True,0.0008680348594983407,True,37420,171885
15,2,0.3,0.0,uniform,0,trimmed,0.5,guarded,controlled,5,1,18,0.008276956075324337,custom,"{""bfgs"": 0.05873619210093357, ""custom"": 0.009446270986193975}",0.011237648936609427,0.011237648936609427,stage3_l_opt,l_opt_current_alpha,0.31193757210889095,0.014935113149827296,0.05,False,False,True,True,0.0008680348594983407,True,39545,182205
15,2,0.3,0.0,uniform,0,trimmed,0.5,guarded,controlled,5,1,19,0.008276956075324337,custom,"{""bfgs"": 0.05873619210093357, ""custom"": 0.009446270986193975}",0.011237648936609427,0.011237648936609427,stage3_l_opt,l_opt_current_alpha,0.31193757210889095,0.014935113149827296,0.05,False,False,True,True,0.0008680348594983407,True,41670,192525
15,2,0.3,0.0,stage0,0,trimmed,0.0,guarded,controlled,5,1,0,0.008419664564982186,custom,"{""bfgs"": 0.07197841840539786, ""custom"": 0.009451154397674503}",0.011478882282972336,0.011478882282972336,stage3_l_opt,l_opt_current_alpha,1.1596146107058563,0.0,0.0,False,True,False,False,,True,3130,9135
15,2,0.3,0.0,stage0,0,trimmed,0.5,guarded,controlled,5,1,0,0.008419664564982186,custom,"{""bfgs"": 0.07197841840539786, ""custom"": 0.009451154397674503}",0.011478882282972336,0.011478882282972336,stage3_l_opt,l_opt_current_alpha,1.1596146107058563,0.5798073053529281,0.5,False,True,True,False,,True,3130,9135
15,2,0.3,0.0,stage0,0,trimmed,0.5,guarded,controlled,5,1,1,0.006150606237106407,custom,"{""bfgs"": 0.07379462727012061, ""custom"": 0.010490360500803953}",0.018196430367728073,0.018196430367728073,stage3_l_opt,l_opt_current_alpha,0.6555699945921208,0.289903652676464,0.25,False,False,True,True,0.006717548084755737,True,4650,17420
15,2,0.3,0.0,stage0,0,trimmed,0.5,guarded,controlled,5,1,2,0.006150694153605529,custom,"{""bfgs"": 0.049442720254791246, ""custom"": 0.015436869109068434}",0.018196319850782555,0.018196319850782555,stage3_l_opt,l_opt_current_alpha,0.9453881698108225,0.14495182633823195,0.125,False,False,True,True,0.006717437567810219,True,6570,27390
15,2,0.3,0.0,stage0,0,trimmed,0.5,guarded,controlled,5,1,3,0.007027854162934104,custom,"{""bfgs"": 0.014459536666735582, ""custom"": 0.011543905674462632}",0.009531005285680294,0.009531005285680294,stage3_l_opt,l_opt_current_alpha,0.37365857327073043,0.04670732165884135,0.125,True,True,True,False,-0.0019478769972920418,True,9425,34480
15,2,0.3,0.0,stage0,0,trimmed,0.5,guarded,controlled,5,1,4,0.008134960769369511,custom,"{""bfgs"": 0.06787704951609895, ""custom"": 0.01110105176739343}",0.01097478624433279,0.01097478624433279,stage3_l_opt,l_opt_current_alpha,0.8322614193416177,0.023353660829420676,0.0625,False,False,True,True,0.0014437809586524963,True,10095,42290
15,2,0.3,0.0,stage0,0,trimmed,0.5,guarded,controlled,5,1,5,0.006571747688467547,custom,"{""bfgs"": 0.01240697059745844, ""custom"": 0.009021422514940224}",0.010222893518706163,0.010222893518706163,stage3_l_opt,l_opt_current_alpha,1.1284515833455977,0.018682928663536595,0.05,False,False,True,True,0.0006918882330258693,True,13185,55260
15,2,0.3,0.0,stage0,0,trimmed,0.5,guarded,controlled,5,1,6,0.01276889056914912,bfgs,"{""bfgs"": 0.012023982084326191, ""custom"": 0.018084431602470988}",0.015346983137230078,0.015346983137230078,stage3_l_opt,l_opt_current_alpha,1.0887428899797038,0.018682928663536595,0.05,False,False,True,True,0.005815977851549784,True,15040,66435
15,2,0.3,0.0,stage0,0,trimmed,0.5,guarded,controlled,5,1,7,0.01276889056914912,bfgs,"{""bfgs"": 0.012023982084326191, ""custom"": 0.018084431602470988}",0.015346983137230078,0.015346983137230078,stage3_l_opt,l_opt_current_alpha,1.0887428899797038,0.018682928663536595,0.05,False,False,True,True,0.005815977851549784,True,16895,77610
15,2,0.3,0.0,stage0,0,trimmed,0.5,guarded,controlled,5,1,8,0.01276889056914912,bfgs,"{""bfgs"": 0.012023982084326191, ""custom"": 0.018084431602470988}",0.015346983137230078,0.015346983137230078,stage3_l_opt,l_opt_current_alpha,1.0887428899797038,0.018682928663536595,0.05,False,False,True,True,0.005815977851549784,True,18750,88785
15,2,0.3,0.0,stage0,0,trimmed,0.5,guarded,controlled,5,1,9,0.01276889056914912,bfgs,"{""bfgs"": 0.012023982084326191, ""custom"": 0.018084431602470988}",0.015346983137230078,0.015346983137230078,stage3_l_opt,l_opt_current_alpha,1.0887428899797038,0.018682928663536595,0.05,False,False,True,True,0.005815977851549784,True,20605,99960
15,2,0.3,0.0,stage0,0,trimmed,0.5,guarded,controlled,5,1,10,0.01276889056914912,bfgs,"{""bfgs"": 0.012023982084326191, ""custom"": 0.018084431602470988}",0.015346983137230078,0.015346983137230078,stage3_l_opt,l_opt_current_alpha,1.0887428899797038,0.018682928663536595,0.05,False,False,True,True,0.005815977851549784,True,22460,111135
15,2,0.3,0.0,stage0,0,trimmed,0.5,guarded,controlled,5,1,11,0.01276889056914912,bfgs,"{""bfgs"": 0.012023982084326191, ""custom"": 0.018084431602470988}",0.015346983137230078,0.015346983137230078,stage3_l_opt,l_opt_current_alpha,1.0887428899797038,0.018682928663536595,0.05,False,False,True,True,0.005815977851549784,True,24315,122310
15,2,0.3,0.0,stage0,0,trimmed,0.5,guarded,controlled,5,1,12,0.01276889056914912,bfgs,"{""bfgs"": 0.012023982084326191, ""custom"": 0.018084431602470988}",0.015346983137230078,0.015346983137230078,stage3_l_opt,l_opt_current_alpha,1.0887428899797038,0.018682928663536595,0.05,False,False,True,True,0.005815977851549784,True,26170,133485
15,2,0.3,0.0,stage0,0,trimmed,0.5,guarded,controlled,5,1,13,0.01276889056914912,bfgs,"{""bfgs"": 0.012023982084326191, ""custom"": 0.018084431602470988}",0.015346983137230078,0.015346983137230078,stage3_l_opt,l_opt_current_alpha,1.0887428899797038,0.018682928663536595,0.05,False,False,True,True,0.005815977851549784,True,28025,144660
15,2,0.3,0.0,stage0,0,trimmed,0.5,guarded,controlled,5,1,14,0.01276889056914912,bfgs,"{""bfgs"": 0.012023982084326191, ""custom"": 0.018084431602470988}",0.015346983137230078,0.015346983137230078,stage3_l_opt,l_opt_current_alpha,1.0887428899797038,0.018682928663536595,0.05,False,False,True,True,0.005815977851549784,True,29880,155835
15,2,0.3,0.0,stage0,0,trimmed,0.5,guarded,controlled,5,1,15,0.01276889056914912,bfgs,"{""bfgs"": 0.012023982084326191, ""custom"": 0.018084431602470988}",0.015346983137230078,0.015346983137230078,stage3_l_opt,l_opt_current_alpha,1.0887428899797038,0.018682928663536595,0.05,False,False,True,True,0.005815977851549784,True,31735,167010
15,2,0.3,0.0,stage0,0,trimmed,0.5,guarded,controlled,5,1,16,0.01276889056914912,bfgs,"{""bfgs"": 0.012023982084326191, ""custom"": 0.018084431602470988}",0.015346983137230078,0.015346983137230078,stage3_l_opt,l_opt_current_alpha,1.0887428899797038,0.018682928663536595,0.05,False,False,True,True,0.005815977851549784,True,33590,178185
15,2,0.3,0.0,stage0,0,trimmed,0.5,guarded,controlled,5,1,17,0.01276889056914912,bfgs,"{""bfgs"": 0.012023982084326191, ""custom"": 0.018084431602470988}",0.015346983137230078,0.015346983137230078,stage3_l_opt,l_opt_current_alpha,1.0887428899797038,0.018682928663536595,0.05,False,False,True,True,0.005815977851549784,True,35445,189360
15,2,0.3,0.0,stage0,0,trimmed,0.5,guarded,controlled,5,1,18,0.01276889056914912,bfgs,"{""bfgs"": 0.012023982084326191, ""custom"": 0.018084431602470988}",0.015346983137230078,0.015346983137230078,stage3_l_opt,l_opt_current_alpha,1.0887428899797038,0.018682928663536595,0.05,False,False,True,True,0.005815977851549784,True,37300,200535
15,2,0.3,0.0,stage0,0,trimmed,0.5,guarded,controlled,5,1,19,0.01276889056914912,bfgs,"{""bfgs"": 0.012023982084326191, ""custom"": 0.018084431602470988}",0.015346983137230078,0.015346983137230078,stage3_l_opt,l_opt_current_alpha,1.0887428899797038,0.018682928663536595,0.05,False,False,True,True,0.005815977851549784,True,39155,211710
16,2,0.3,0.0,uniform,0,trimmed,0.0,guarded,controlled,5,1,0,0.007288664108545269,custom,"{""bfgs"": 0.03128042770549656, ""custom"": 0.019218004867434503}",0.017561811332901318,0.017561811332901318,stage3_l_opt,l_opt_current_alpha,1.568,0.0,0.0,False,True,False,False,,True,1680,8730
16,2,0.3,0.0,uniform,0,trimmed,0.5,guarded,controlled,5,1,0,0.007288664108545269,custom,"{""bfgs"": 0.03128042770549656, ""custom"": 0.019218004867434503}",0.017561811332901318,0.017561811332901318,stage3_l_opt,l_opt_current_alpha,1.568,0.7839999999999999,0.5,False,True,True,False,,True,1680,8730
16,2,0.3,0.0,uniform,0,trimmed,0.5,guarded,controlled,5,1,1,0.006581448839859252,custom,"{""bfgs"": 0.035458189622499046, ""custom"": 0.013750636238604785}",0.03080096406241258,0.03080096406241258,stage3_l_opt,l_opt_current_alpha,0.392,0.39199999999999996,0.25,False,False,True,True,0.013239152729511261,True,3065,17990
16,2,0.3,0.0,uniform,0,trimmed,0.5,guarded,controlled,5,1,2,0.007286235877087125,custom,"{""bfgs"": 0.02024657205305994, ""custom"": 0.018249373750761154}",0.017561084901293118,0.017561084901293118,stage3_l_opt,l_opt_current_alpha,1.3719999999999999,0.34299999999999997,0.25,True,True,True,False,-7.264316082000732e-07,True,5500,26310
16,2,0.3,0.0,uniform,0,trimmed,0.5,guarded,controlled,5,1,3,0.00734305320491194,custom,"{""bfgs"": 0.03222770508002675, ""custom"": 0.016672978737737376}",0.017549671853582065,0.017549671853582065,stage3_l_opt,l_opt_current_alpha,1.1426704023162937,0.2856676005790734,0.25,True,True,True,False,-1.1413047711052171e-05,True,7480,36230
16,2,0.3,0.0,uniform,0,trimmed,0.5,guarded,controlled,5,1,4,0.018053203221415813,custom,"{""bfgs"": 0.09734284430553163, ""custom"": 0.015959477136972457}",0.014615110432108244,0.014615110432108244,stage3_l_opt,l_opt_current_alpha,0.22913182189973524,0.057282955474933894,0.25,True,True,True,False,-0.0029345614214738216,True,9520,42935
16,2,0.3,0.0,uniform,0,trimmed,0.5,guarded,controlled,5,1,5,0.007408948361929032,custom,"{""bfgs"": 0.09198061898181961, ""custom"": 0.01625663060445859}",0.017535437519351642,0.017535437519351642,stage3_l_opt,l_opt_current_alpha,1.3439844188522432,0.028641477737466975,0.125,False,False,True,True,0.0029203270872433986,True,12395,53215
16,2,0.3,0.0,uniform,0,trimmed,0.5,guarded,controlled,5,1,6,0.007454815583992639,custom,"{""bfgs"": 0.0731424423948554, ""custom"": 0.015907935614716234}",0.017525816336274147,0.017525816336274147,stage3_l_opt,l_opt_current_alpha,0.9597568740547757,0.014320738868733418,0.0625,False,False,True,True,0.002910705904165903,True,13485,60275
16,2,0.3,0.0,uniform,0,trimmed,0.5,guarded,controlled,5,1,7,0.018204416111246083,bfgs,"{""bfgs"": 0.015640522900216728, ""custom"": 0.016211277207185876}",0.014889777327577272,0.014889777327577272,stage3_l_opt,l_opt_current_alpha,0.1591026168642235,0.011456591094986812,0.05,False,False,True,True,0.0002746668954690286,True,15440,67845
16,2,0.3,0.0,uniform,0,trimmed,0.5,guarded,controlled,5,1,8,0.018098115729903455,custom,"{""bfgs"": 0.021951427862878983, ""custom"": 0.01591155980155473}",0.014591893181204796,0.014591893181204796,stage3_l_opt,l_opt_current_alpha,0.18994402646546188,0.009497201323273127,0.05,True,True,True,False,-2.3217250903448047e-05,True,18480,78945
16,2,0.3,0.0,uniform,0,trimmed,0.5,guarded,controlled,5,1,9,0.007493134391204152,custom,"{""bfgs"": 0.035716671085232896, ""custom"": 0.01581777020181296}",0.017517995710174244,0.017517995710174244,stage3_l_opt,l_opt_current_alpha,0.8587171440388193,0.009497201323273127,0.05,False,False,True,True,0.002926102528969448,True,20805,86845
16,2,0.3,0.0,uniform,0,trimmed,0.5,guarded,controlled,5,1,10,0.007493134391204152,custom,"{""bfgs"": 0.035716671085232896, ""custom"": 0.01581777020181296}",0.017517995710174244,0.017517995710174244,stage3_l_opt,l_opt_current_alpha,0.8587171440388193,0.009497201323273127,0.05,False,False,True,True,0.002926102528969448,True,23130,94745
16,2,0.3,0.0,uniform,0,trimmed,0.5,guarded,controlled,5,1,11,0.007493134391204152,custom,"{""bfgs"": 0.035716671085232896, ""custom"": 0.01581777020181296}",0.017517995710174244,0.017517995710174244,stage3_l_opt,l_opt_current_alpha,0.8587171440388193,0.009497201323273127,0.05,False,False,True,True,0.002926102528969448,True,25455,102645
16,2,0.3,0.0,uniform,0,trimmed,0.5,guarded,controlled,5,1,12,0.007493134391204152,custom,"{""bfgs"": 0.035716671085232896, ""custom"": 0.01581777020181296}",0.017517995710174244,0.017517995710174244,stage3_l_opt,l_opt_current_alpha,0.8587171440388193,0.009497201323273127,0.05,False,False,True,True,0.002926102528969448,True,27780,110545
16,2,0.3,0.0,uniform,0,trimmed,0.5,guarded,controlled,5,1,13,0.007493134391204152,custom,"{""bfgs"": 0.035716671085232896, ""custom"": 0.01581777020181296}",0.017517995710174244,0.017517995710174244,stage3_l_opt,l_opt_current_alpha,0.8587171440388193,0.009497201323273127,0.05,False,False,True,True,0.002926102528969448,True,30105,118445
16,2,0.3,0.0,uniform,0,trimmed,0.5,guarded,controlled,5,1,14,0.007493134391204152,custom,"{""bfgs"": 0.035716671085232896, ""custom"": 0.01581777020181296}",0.017517995710174244,0.017517995710174244,stage3_l_opt,l_opt_current_alpha,0.8587171440388193,0.009497201323273127,0.05,False,False,True,True,0.002926102528969448,True,32430,126345
16,2,0.3,0.0,uniform,0,trimmed,0.5,guarded,controlled,5,1,15,0.007493134391204152,custom,"{""bfgs"": 0.035716671085232896, ""custom"": 0.01581777020181296}",0.017517995710174244,0.017517995710174244,stage3_l_opt,l_opt_current_alpha,0.8587171440388193,0.009497201323273127,0.05,False,False,True,True,0.002926102528969448,True,34755,134245
16,2,0.3,0.0,uniform,0,trimmed,0.5,guarded,controlled,5,1,16,0.007493134391204152,custom,"{""bfgs"": 0.035716671085232896, ""custom"": 0.01581777020181296}",0.017517995710174244,0.017517995710174244,stage3_l_opt,l_opt_current_alpha,0.8587171440388193,0.009497201323273127,0.05,False,False,True,True,0.002926102528969448,True,37080,142145
16,2,0.3,0.0,uniform,0,trimmed,0.5,guarded,controlled,5,1,17,0.007493134391204152,custom,"{""bfgs"": 0.035716671085232896, ""custom"": 0.01581777020181296}",0.017517995710174244,0.017517995710174244,stage3_l_opt,l_opt_current_alpha,0.8587171440388193,0.009497201323273127,0.05,False,False,True,True,0.002926102528969448,True,39405,150045
16,2,0.3,0.0,uniform,0,trimmed,0.5,guarded,controlled,5,1,18,0.007493134391204152,custom,"{""bfgs"": 0.035716671085232896, ""custom"": 0.01581777020181296}",0.017517995710174244,0.017517995710174244,stage3_l_opt,l_opt_current_alpha,0.8587171440388193,0.009497201323273127,0.05,False,False,True,True,0.002926102528969448,True,41730,157945
16,2,0.3,0.0,uniform,0,trimmed,0.5,guarded,controlled,5,1,19,0.007493134391204152,custom,"{""bfgs"": 0.035716671085232896, ""custom"": 0.01581777020181296}",0.017517995710174244,0.017517995710174244,stage3_l_opt,l_opt_current_alpha,0.8587171440388193,0.009497201323273127,0.05,False,False,True,True,0.002926102528969448,True,44055,165845
16,2,0.3,0.0,stage0,0,trimmed,0.0,guarded,controlled,5,1,0,0.006503879755910083,custom,"{""bfgs"": 0.1894670737638355, ""custom"": 0.01667941659775666}",0.030845389390985172,0.030845389390985172,stage3_l_opt,l_opt_current_alpha,1.9679811033975325,0.0,0.0,False,True,False,False,,True,1245,8515
16,2,0.3,0.0,stage0,0,trimmed,0.5,guarded,controlled,5,1,0,0.006503879755910083,custom,"{""bfgs"": 0.1894670737638355, ""custom"": 0.01667941659775666}",0.030845389390985172,0.030845389390985172,stage3_l_opt,l_opt_current_alpha,1.9679811033975325,0.9839905516987663,0.5,False,True,True,False,,True,1245,8515
16,2,0.3,0.0,stage0,0,trimmed,0.5,guarded,controlled,5,1,1,0.006997831780678853,custom,"{""bfgs"": 0.01089638270808644, ""custom"": 0.010600586478604578}",0.017576557273666065,0.017576557273666065,stage3_l_opt,l_opt_current_alpha,,0.0,0.5,True,True,False,False,-0.013268832117319107,False,3220,18350
17,2,0.3,0.0,uniform,0,trimmed,0.0,guarded,controlled,5,1,0,0.00438044316224471,bfgs,"{""bfgs"": 0.022577305138111115, ""custom"": 0.035333561897277835}",0.023658573627471924,0.023658573627471924,stage3_l_opt,l_opt_current_alpha,1.1139237413035632,0.0,0.0,False,True,False,False,,True,1995,7690
17,2,0.3,0.0,uniform,0,trimmed,0.5,guarded,controlled,5,1,0,0.00438044316224471,bfgs,"{""bfgs"": 0.022577305138111115, ""custom"": 0.035333561897277835}",0.023658573627471924,0.023658573627471924,stage3_l_opt,l_opt_current_alpha,1.1139237413035632,0.5569618706517816,0.5,False,True,True,False,,True,1995,7690
17,2,0.3,0.0,uniform,0,trimmed,0.5,guarded,controlled,5,1,1,0.01739966702637788,custom,"{""bfgs"": 0.11987934692757571, ""custom"": 0.02982753911207278}",0.02948411802450816,0.02948411802450816,stage3_l_opt,l_opt_current_alpha,1.0261777193090333,0.2784809353258908,0.25,False,False,True,True,0.005825544397036236,True,2520,14850
17,2,0.3,0.0,uniform,0,trimmed,0.5,guarded,controlled,5,1,2,0.026975215616058146,custom,"{""bfgs"": 0.0699799821617844, ""custom"": 0.036458670350231315}",0.0204402394592762,0.0204402394592762,stage3_l_opt,l_opt_current_alpha,,0.0,0.25,True,True,False,False,-0.0032183341681957245,False,4095,21525
17,2,0.3,0.0,stage0,0,trimmed,0.0,guarded,controlled,5,1,0,0.04160014688853769,custom,"{""bfgs"": 0.028273642170821324, ""custom"": 0.02476484630292756}",0.016775454084078472,0.016775454084078472,stage3_l_opt,l_opt_current_alpha,0.6084143203415082,0.0,0.0,False,True,False,False,,True,790,6545
17,2,0.3,0.0,stage0,0,trimmed,0.5,guarded,controlled,5,1,0,0.04160014688853769,custom,"{""bfgs"": 0.028273642170821324, ""custom"": 0.02476484630292756}",0.016775454084078472,0.016775454084078472,stage3_l_opt,l_opt_current_alpha,0.6084143203415082,0.3042071601707541,0.5,False,True,True,False,,True,790,6545
17,2,0.3,0.0,stage0,0,trimmed,0.5,guarded,controlled,5,1,1,0.034942707343563306,custom,"{""bfgs"": 0.06335096011139145, ""custom"": 0.026356866377275544}",0.02379848559697469,0.02379848559697469,stage3_l_opt,l_opt_current_alpha,1.2631908002400594,0.15210358008537708,0.25,False,False,True,True,0.007023031512896218,True,2675,13215
17,2,0.3,0.0,stage0,0,trimmed,0.5,guarded,controlled,5,1,2,0.01871050621305255,bfgs,"{""bfgs"": 0.022295067263655974, ""custom"": 0.02493068258189729}",0.02620042860507965,0.02620042860507965,stage3_l_opt,l_opt_current_alpha,1.8795079105047785,0.07605179004268856,0.125,False,False,True,True,0.009424974521001179,True,4890,18595
17,2,0.3,0.0,stage0,0,trimmed,0.5,guarded,controlled,5,1,3,0.032311590282936356,custom,"{""bfgs"": 0.04898716608139244, ""custom"": 0.0201189233619102}",0.036437841753164925,0.036437841753164925,stage3_l_opt,l_opt_current_alpha,,0.0,0.125,False,False,False,True,0.019662387669086453,False,6600,26125
18,2,0.3,0.0,uniform,0,trimmed,0.0,guarded,controlled,5,1,0,0.021326765182045463,custom,"{""bfgs"": 0.11921324692666531, ""custom"": 0.02263365127146244}",0.008691210920612017,0.008691210920612017,stage3_l_opt,l_opt_current_alpha,0.865089689114702,0.0,0.0,False,True,False,False,,True,810,8155
18,2,0.3,0.0,uniform,0,trimmed,0.5,guarded,controlled,5,1,0,0.021326765182045463,custom,"{""bfgs"": 0.11921324692666531, ""custom"": 0.02263365127146244}",0.008691210920612017,0.008691210920612017,stage3_l_opt,l_opt_current_alpha,0.865089689114702,0.432544844557351,0.5,False,True,True,False,,True,810,8155
18,2,0.3,0.0,uniform,0,trimmed,0.5,guarded,controlled,5,1,1,0.014539455455569332,custom,"{""bfgs"": 0.10430548644502823, ""custom"": 0.01628971053771936}",0.018357204273343086,0.018357204273343086,stage3_l_opt,l_opt_current_alpha,1.469958390604461,0.21627242227867552,0.25,False,False,True,True,0.00966599335273107,True,1505,16615
18,2,0.3,0.0,uniform,0,trimmed,0.5,guarded,controlled,5,1,2,0.011564726165989393,custom,"{""bfgs"": 0.11175936668584677, ""custom"": 0.019029014426331967}",0.011322595799962679,0.011322595799962679,stage3_l_opt,l_opt_current_alpha,0.8603437000901615,0.10813621113933772,0.125,False,False,True,True,0.0026313848793506622,True,1750,25245
18,2,0.3,0.0,uniform,0,trimmed,0.5,guarded,controlled,5,1,3,0.009968561415562408,custom,"{""bfgs"": 0.11548630680625604, ""custom"": 0.02003501711784235}",0.011589278156558672,0.011589278156558672,stage3_l_opt,l_opt_current_alpha,1.0678637888606621,0.05406810556966887,0.0625,False,False,True,True,0.0028980672359466553,True,2350,35540
18,2,0.3,0.0,uniform,0,trimmed,0.5,guarded,controlled,5,1,4,0.009765426330801042,custom,"{""bfgs"": 0.11734977686646067, ""custom"": 0.02069781093056372}",0.01162690855562687,0.01162690855562687,stage3_l_opt,l_opt_current_alpha,1.0783441909355653,0.043254484455735126,0.05,False,False,True,True,0.0029356976350148525,True,2855,45725
18,2,0.3,0.0,uniform,0,trimmed,0.5,guarded,controlled,5,1,5,0.009753523556750375,custom,"{""bfgs"": 0.11772247087850161, ""custom"": 0.020842752565292014}",0.011629404500126839,0.011629404500126839,stage3_l_opt,l_opt_current_alpha,1.1834972652113134,0.043254484455735126,0.05,False,False,True,True,0.002938193579514822,True,3155,54660
18,2,0.3,0.0,uniform,0,trimmed,0.5,guarded,controlled,5,1,6,0.009753523556750375,custom,"{""bfgs"": 0.11772247087850161, ""custom"": 0.020842752565292014}",0.011629404500126839,0.011629404500126839,stage3_l_opt,l_opt_current_alpha,1.1834972652113134,0.043254484455735126,0.05,False,False,True,True,0.002938193579514822,True,3455,63595
18,2,0.3,0.0,uniform,0,trimmed,0.5,guarded,controlled,5,1,7,0.009753523556750375,custom,"{""bfgs"": 0.11772247087850161, ""custom"": 0.020842752565292014}",0.011629404500126839,0.011629404500126839,stage3_l_opt,l_opt_current_alpha,1.1834972652113134,0.043254484455735126,0.05,False,False,True,True,0.002938193579514822,True,3755,72530
18,2,0.3,0.0,uniform,0,trimmed,0.5,guarded,controlled,5,1,8,0.009753523556750375,custom,"{""bfgs"": 0.11772247087850161, ""custom"": 0.020842752565292014}",0.011629404500126839,0.011629404500126839,stage3_l_opt,l_opt_current_alpha,1.1834972652113134,0.043254484455735126,0.05,False,False,True,True,0.002938193579514822,True,4055,81465
18,2,0.3,0.0,uniform,0,trimmed,0.5,guarded,controlled,5,1,9,0.009753523556750375,custom,"{""bfgs"": 0.11772247087850161, ""custom"": 0.020842752565292014}",0.011629404500126839,0.011629404500126839,stage3_l_opt,l_opt_current_alpha,1.1834972652113134,0.043254484455735126,0.05,False,False,True,True,0.002938193579514822,True,4355,90400
18,2,0.3,0.0,uniform,0,trimmed,0.5,guarded,controlled,5,1,10,0.009753523556750375,custom,"{""bfgs"": 0.11772247087850161, ""custom"": 0.020842752565292014}",0.011629404500126839,0.011629404500126839,stage3_l_opt,l_opt_current_alpha,1.1834972652113134,0.043254484455735126,0.05,False,False,True,True,0.002938193579514822,True,4655,99335
18,2,0.3,0.0,uniform,0,trimmed,0.5,guarded,controlled,5,1,11,0.009753523556750375,custom,"{""bfgs"": 0.11772247087850161, ""custom"": 0.020842752565292014}",0.011629404500126839,0.011629404500126839,stage3_l_opt,l_opt_current_alpha,1.1834972652113134,0.043254484455735126,0.05,False,False,True,True,0.002938193579514822,True,4955,108270
18,2,0.3,0.0,uniform,0,trimmed,0.5,guarded,controlled,5,1,12,0.009753523556750375,custom,"{""bfgs"": 0.11772247087850161, ""custom"": 0.020842752565292014}",0.011629404500126839,0.011629404500126839,stage3_l_opt,l_opt_current_alpha,1.1834972652113134,0.043254484455735126,0.05,False,False,True,True,0.002938193579514822,True,5255,117205
18,2,0.3,0.0,uniform,0,trimmed,0.5,guarded,controlled,5,1,13,0.009753523556750375,custom,"{""bfgs"": 0.11772247087850161, ""custom"": 0.020842752565292014}",0.011629404500126839,0.011629404500126839,stage3_l_opt,l_opt_current_alpha,1.1834972652113134,0.043254484455735126,0.05,False,False,True,True,0.002938193579514822,True,5555,126140
18,2,0.3,0.0,uniform,0,trimmed,0.5,guarded,controlled,5,1,14,0.009753523556750375,custom,"{""bfgs"": 0.11772247087850161, ""custom"": 0.020842752565292014}",0.011629404500126839,0.011629404500126839,stage3_l_opt,l_opt_current_alpha,1.1834972652113134,0.043254484455735126,0.05,False,False,True,True,0.002938193579514822,True,5855,135075
18,2,0.3,0.0,uniform,0,trimmed,0.5,guarded,controlled,5,1,15,0.009753523556750375,custom,"{""bfgs"": 0.11772247087850161, ""custom"": 0.020842752565292014}",0.011629404500126839,0.011629404500126839,stage3_l_opt,l_opt_current_alpha,1.1834972652113134,0.043254484455735126,0.05,False,False,True,True,0.002938193579514822,True,6155,144010
18,2,0.3,0.0,uniform,0,trimmed,0.5,guarded,controlled,5,1,16,0.009753523556750375,custom,"{""bfgs"": 0.11772247087850161, ""custom"": 0.020842752565292014}",0.011629404500126839,0.011629404500126839,stage3_l_opt,l_opt_current_alpha,1.1834972652113134,0.043254484455735126,0.05,False,False,True,True,0.002938193579514822,True,6455,152945
18,2,0.3,0.0,uniform,0,trimmed,0.5,guarded,controlled,5,1,17,0.009753523556750375,custom,"{""bfgs"": 0.11772247087850161, ""custom"": 0.020842752565292014}",0.011629404500126839,0.011629404500126839,stage3_l_opt,l_opt_current_alpha,1.1834972652113134,0.043254484455735126,0.05,False,False,True,True,0.002938193579514822,True,6755,161880
18,2,0.3,0.0,uniform,0,trimmed,0.5,guarded,controlled,5,1,18,0.009753523556750375,custom,"{""bfgs"": 0.11772247087850161, ""custom"": 0.020842752565292014}",0.011629404500126839,0.011629404500126839,stage3_l_opt,l_opt_current_alpha,1.1834972652113134,0.043254484455735126,0.05,False,False,True,True,0.002938193579514822,True,7055,170815
18,2,0.3,0.0,uniform,0,trimmed,0.5,guarded,controlled,5,1,19,0.009753523556750375,custom,"{""bfgs"": 0.11772247087850161, ""custom"": 0.020842752565292014}",0.011629404500126839,0.011629404500126839,stage3_l_opt,l_opt_current_alpha,1.1834972652113134,0.043254484455735126,0.05,False,False,True,True,0.002938193579514822,True,7355,179750
18,2,0.3,0.0,stage0,0,trimmed,0.0,guarded,controlled,5,1,0,0.021306895305110023,custom,"{""bfgs"": 0.07758680023654875, ""custom"": 0.01864505739524681}",0.02328208399315675,0.02328208399315675,stage3_l_opt,l_opt_current_alpha,1.013575534551774,0.0,0.0,False,True,False,False,,True,725,5610
18,2,0.3,0.0,stage0,0,trimmed,0.5,guarded,controlled,5,1,0,0.021306895305110023,custom,"{""bfgs"": 0.07758680023654875, ""custom"": 0.01864505739524681}",0.02328208399315675,0.02328208399315675,stage3_l_opt,l_opt_current_alpha,1.013575534551774,0.5067877672758871,0.5,False,True,True,False,,True,725,5610
18,2,0.3,0.0,stage0,0,trimmed,0.5,guarded,controlled,5,1,1,0.009778920681790959,custom,"{""bfgs"": 0.11006738206557166, ""custom"": 0.027305966430813705}",0.011624715601404509,0.011624715601404509,stage3_l_opt,l_opt_current_alpha,1.290058141574391,0.6450290707871955,0.5,True,True,True,False,-0.011657368391752241,True,1230,14135
18,2,0.3,0.0,stage0,0,trimmed,0.5,guarded,controlled,5,1,2,0.01016883434868793,custom,"{""bfgs"": 0.0939917348340455, ""custom"": 0.021486469416230128}",0.011556547755996386,0.011556547755996386,stage3_l_opt,l_opt_current_alpha,0.7068575590996206,0.35342877954981033,0.5,True,True,True,False,-6.81678454081229e-05,True,1850,23820
18,2,0.3,0.0,stage0,0,trimmed,0.5,guarded,controlled,5,1,3,0.009733376967873672,custom,"{""bfgs"": 0.11542661340036704, ""custom"": 0.02451730123738702}",0.011634040003021559,0.011634040003021559,stage3_l_opt,l_opt_current_alpha,1.08433595829736,0.54216797914868,0.5,True,True,True,False,7.749224702517307e-05,True,2310,31005
18,2,0.3,0.0,stage0,0,trimmed,0.5,guarded,controlled,5,1,4,0.015502390790356528,custom,"{""bfgs"": 0.09828149431558687, ""custom"": 0.01858939789545365}",0.01639159085849921,0.01639159085849921,stage3_l_opt,l_opt_current_alpha,1.5923580642544548,0.27108398957434,0.25,False,False,True,True,0.0047575508554776515,True,2815,38485
18,2,0.3,0.0,stage0,0,trimmed,0.5,guarded,controlled,5,1,5,0.01639739449554039,custom,"{""bfgs"": 0.10685405385797697, ""custom"": 0.023149047291433227}",0.010164406771461168,0.010164406771461168,stage3_l_opt,l_opt_current_alpha,0.5201860981454466,0.13004652453636165,0.25,True,True,True,False,-0.0014696332315603904,True,3490,47255
18,2,0.3,0.0,stage0,0,trimmed,0.5,guarded,controlled,5,1,6,0.021506287022070497,custom,"{""bfgs"": 0.1175055072707688, ""custom"": 0.01986682355530385}",0.008810012911756834,0.008810012911756834,stage3_l_opt,l_opt_current_alpha,0.11661709363425043,0.029154273408562664,0.25,True,True,True,False,-0.0013543938597043344,True,3835,56710
18,2,0.3,0.0,stage0,0,trimmed,0.5,guarded,controlled,5,1,7,0.010239703931826442,custom,"{""bfgs"": 0.115801896139325, ""custom"": 0.01794693198462948}",0.011538035546739897,0.011538035546739897,stage3_l_opt,l_opt_current_alpha,0.9210902353817112,0.014577136704281374,0.125,False,False,True,True,0.0027280226349830627,True,4335,67225
18,2,0.3,0.0,stage0,0,trimmed,0.5,guarded,controlled,5,1,8,0.010129922885301403,custom,"{""bfgs"": 0.1166537017050469, ""custom"": 0.01799179547806133}",0.01155791866282622,0.01155791866282622,stage3_l_opt,l_opt_current_alpha,0.9344403171338349,0.007288568352140673,0.0625,False,False,True,True,0.0027479057510693856,True,4860,78145
18,2,0.3,0.0,stage0,0,trimmed,0.5,guarded,controlled,5,1,9,0.010050601505925214,custom,"{""bfgs"": 0.11707960448790784, ""custom"": 0.01800457641158825}",0.011572577680150667,0.011572577680150667,stage3_l_opt,l_opt_current_alpha,0.8882359817625192,0.005830854681712544,0.05,False,False,True,True,0.0027625647683938333,True,5405,88690
18,2,0.3,0.0,stage0,0,trimmed,0.5,guarded,controlled,5,1,10,0.010040748821911244,custom,"{""bfgs"": 0.11716478504448002, ""custom"": 0.0180125418579501}",0.01157501277824243,0.01157501277824243,stage3_l_opt,l_opt_current_alpha,0.9060215762960275,0.005830854681712544,0.05,False,False,True,True,0.0027649998664855957,True,5880,97670
18,2,0.3,0.0,stage0,0,trimmed,0.5,guarded,controlled,5,1,11,0.010040748821911244,custom,"{""bfgs"": 0.11716478504448002, ""custom"": 0.0180125418579501}",0.01157501277824243,0.01157501277824243,stage3_l_opt,l_opt_current_alpha,0.9060215762960275,0.005830854681712544,0.05,False,False,True,True,0.0027649998664855957,True,6355,106650
18,2,0.3,0.0,stage0,0,trimmed,0.5,guarded,controlled,5,1,12,0.010040748821911244,custom,"{""bfgs"": 0.11716478504448002, ""custom"": 0.0180125418579501}",0.01157501277824243,0.01157501277824243,stage3_l_opt,l_opt_current_alpha,0.9060215762960275,0.005830854681712544,0.05,False,False,True,True,0.0027649998664855957,True,6830,115630
18,2,0.3,0.0,stage0,0,trimmed,0.5,guarded,controlled,5,1,13,0.010040748821911244,custom,"{""bfgs"": 0.11716478504448002, ""custom"": 0.0180125418579501}",0.01157501277824243,0.01157501277824243,stage3_l_opt,l_opt_current_alpha,0.9060215762960275,0.005830854681712544,0.05,False,False,True,True,0.0027649998664855957,True,7305,124610
18,2,0.3,0.0,stage0,0,trimmed,0.5,guarded,controlled,5,1,14,0.010040748821911244,custom,"{""bfgs"": 0.11716478504448002, ""custom"": 0.0180125418579501}",0.01157501277824243,0.01157501277824243,stage3_l_opt,l_opt_current_alpha,0.9060215762960275,0.005830854681712544,0.05,False,False,True,True,0.0027649998664855957,True,7780,133590
18,2,0.3,0.0,stage0,0,trimmed,0.5,guarded,controlled,5,1,15,0.010040748821911244,custom,"{""bfgs"": 0.11716478504448002, ""custom"": 0.0180125418579501}",0.01157501277824243,0.01157501277824243,stage3_l_opt,l_opt_current_alpha,0.9060215762960275,0.005830854681712544,0.05,False,False,True,True,0.0027649998664855957,True,8255,142570
18,2,0.3,0.0,stage0,0,trimmed,0.5,guarded,controlled,5,1,16,0.010040748821911244,custom,"{""bfgs"": 0.11716478504448002, ""custom"": 0.0180125418579501}",0.01157501277824243,0.01157501277824243,stage3_l_opt,l_opt_current_alpha,0.9060215762960275,0.005830854681712544,0.05,False,False,True,True,0.0027649998664855957,True,8730,151550
18,2,0.3,0.0,stage0,0,trimmed,0.5,guarded,controlled,5,1,17,0.010040748821911244,custom,"{""bfgs"": 0.11716478504448002, ""custom"": 0.0180125418579501}",0.01157501277824243,0.01157501277824243,stage3_l_opt,l_opt_current_alpha,0.9060215762960275,0.005830854681712544,0.05,False,False,True,True,0.0027649998664855957,True,9205,160530
18,2,0.3,0.0,stage0,0,trimmed,0.5,guarded,controlled,5,1,18,0.010040748821911244,custom,"{""bfgs"": 0.11716478504448002, ""custom"": 0.0180125418579501}",0.01157501277824243,0.01157501277824243,stage3_l_opt,l_opt_current_alpha,0.9060215762960275,0.005830854681712544,0.05,False,False,True,True,0.0027649998664855957,True,9680,169510
18,2,0.3,0.0,stage0,0,trimmed,0.5,guarded,controlled,5,1,19,0.010040748821911244,custom,"{""bfgs"": 0.11716478504448002, ""custom"": 0.0180125418579501}",0.01157501277824243,0.01157501277824243,stage3_l_opt,l_opt_current_alpha,0.9060215762960275,0.005830854681712544,0.05,False,False,True,True,0.0027649998664855957,True,10155,178490
19,2,0.3,0.0,uniform,0,trimmed,0.0,guarded,controlled,5,1,0,0.03953888047085097,custom,"{""bfgs"": 0.40347443222999574, ""custom"": 0.03506588190793991}",0.024833256999651592,0.024833256999651592,stage3_l_opt,l_opt_current_alpha,0.7039797539566739,0.0,0.0,False,True,False,False,,True,2230,6195
19,2,0.3,0.0,uniform,0,trimmed,0.5,guarded,controlled,5,1,0,0.03953888047085097,custom,"{""bfgs"": 0.40347443222999574, ""custom"": 0.03506588190793991}",0.024833256999651592,0.024833256999651592,stage3_l_opt,l_opt_current_alpha,0.7039797539566739,0.35198987697833706,0.5,False,True,True,False,,True,2230,6195
19,2,0.3,0.0,uniform,0,trimmed,0.5,guarded,controlled,5,1,1,0.0006637444661058978,custom,"{""bfgs"": 0.370004104973101, ""custom"": 0.04590325402662264}",0.056256032238403954,0.056256032238403954,stage3_l_opt,l_opt_current_alpha,,0.0,0.5,False,False,False,True,0.031422775238752365,False,3795,11965
19,2,0.3,0.0,stage0,0,trimmed,0.0,guarded,controlled,5,1,0,0.04601908183943243,custom,"{""bfgs"": 0.10008957750893234, ""custom"": 0.023527856395042405}",0.05311426644523939,0.05311426644523939,stage3_l_opt,l_opt_current_alpha,1.5016702830594948,0.0,0.0,False,True,False,False,,True,655,5120
19,2,0.3,0.0,stage0,0,trimmed,0.5,guarded,controlled,5,1,0,0.04601908183943243,custom,"{""bfgs"": 0.10008957750893234, ""custom"": 0.023527856395042405}",0.05311426644523939,0.05311426644523939,stage3_l_opt,l_opt_current_alpha,1.5016702830594948,0.7508351415297474,0.5,False,True,True,False,,True,655,5120
19,2,0.3,0.0,stage0,0,trimmed,0.5,guarded,controlled,5,1,1,0.06512204554812384,custom,"{""bfgs"": 0.4737954563088284, ""custom"": 0.027692620916299777}",0.03047257165114085,0.03047257165114085,stage3_l_opt,l_opt_current_alpha,0.9291989409587735,0.4645994704793868,0.5,True,True,True,False,-0.022641694794098537,True,3845,10830
19,2,0.3,0.0,stage0,0,trimmed,0.5,guarded,controlled,5,1,2,0.033494044433824643,custom,"{""bfgs"": 0.4015108939164933, ""custom"": 0.0399250532198243}",0.02841419354081154,0.02841419354081154,stage3_l_opt,l_opt_current_alpha,1.2846176209824614,0.6423088104912307,0.5,True,True,True,False,-0.0020583781103293113,True,5450,15865
19,2,0.3,0.0,stage0,0,trimmed,0.5,guarded,controlled,5,1,3,0.044479000189454915,custom,"{""bfgs"": 0.3309896735100895, ""custom"": 0.03488647250955544}",0.06894680360953014,0.06894680360953014,stage3_l_opt,l_opt_current_alpha,,0.0,0.5,False,False,False,True,0.0405326100687186,False,6190,22985
