seed,dimension,poison_ratio,target,initialization,initialization_replicate,evaluator,update_rate,update_policy,coalition_mode,controlled_coalition_size,controlled_poison_count,coalition_round,round,target_error,stage3_engine,stage3_engine_losses,evaluation_loss,delivered_solution_evaluation_loss,full_solution_source,loo_search_objective,consistency_l1,raw_consistency_l1,update_l1,eta_used,update_accepted,current_state_accepted,proposal_generated,gate_triggered,eval_loss_delta,informative,solver_audit_status,solver_audit_agent_id,solver_audit_full_loss,solver_audit_best_loo_loss,solver_audit_improvement,solver_recovery_attempts,solver_recovery_success,stage3_requests_cumulative,contribution_requests_cumulative
0,2,0.0,0.0,uniform,0,uniform,0.5,guarded,stage1,,,0,0,0.025548551012645616,custom,"{""bfgs"": 0.012106880933667222, ""custom"": 0.001886578509584069}",0.0018865785095840693,0.0018865785095840693,stage3_l_opt,l_opt_current_alpha,0.43741500332952454,0.44634184013216793,0.2187075016647623,0.5,False,True,True,False,,True,not_needed,,,,,0,False,564,1362
0,2,0.0,0.0,uniform,0,uniform,0.5,guarded,stage1,,,0,1,0.0253367554236994,custom,"{""bfgs"": 0.023853178706508285, ""custom"": 0.004257455719508701}",0.004981793773670991,0.004981793773670991,stage3_l_opt,l_opt_current_alpha,1.1713367071428562,1.1980033738095228,0.10935375083238114,0.25,False,False,True,True,0.0030952152640869217,True,not_needed,,,,,0,False,1401,2883
0,2,0.0,0.0,uniform,0,uniform,0.5,guarded,stage1,,,0,2,0.025272133052689494,custom,"{""bfgs"": 0.015283139262536922, ""custom"": 0.004635964261975338}",0.004990705909828345,0.004990705909828345,stage3_l_opt,l_opt_current_alpha,1.2390016869047615,1.2656683535714282,0.054676875416190596,0.125,False,False,True,True,0.003104127400244276,True,not_needed,,,,,0,False,2148,4119
0,2,0.0,0.0,uniform,0,uniform,0.5,guarded,stage1,,,0,3,0.025795166566551696,custom,"{""bfgs"": 0.05815499069667586, ""custom"": 0.0019335302215385609}",0.0020820763117323318,0.0020820763117323318,stage3_l_opt,l_opt_current_alpha,0.8254421847418183,0.8427133392372683,0.027338437708095353,0.0625,False,False,True,True,0.00019549780214826252,True,not_needed,,,,,0,False,3516,6453
0,2,0.0,0.0,uniform,0,uniform,0.5,guarded,stage1,,,0,4,0.025902990657465187,custom,"{""bfgs"": 0.08157564515001808, ""custom"": 0.0018244909224279082}",0.001901015251254042,0.001901015251254042,stage3_l_opt,l_opt_current_alpha,0.4132211611935734,0.4222121734160565,0.02582632257459838,0.0625,True,True,True,False,1.4436741669972665e-05,True,not_needed,,,,,0,False,4380,7425
0,2,0.0,0.0,uniform,0,uniform,0.5,guarded,stage1,,,0,5,0.025226067150815094,custom,"{""bfgs"": 0.01610000513050351, ""custom"": 0.0017670344600246265}",0.0018774229877938826,0.0018774229877938826,stage3_l_opt,l_opt_current_alpha,0.3822975740927516,0.3911845605085771,0.023893598380796965,0.0625,True,True,True,False,-2.3592263460159302e-05,True,not_needed,,,,,0,False,4860,8532
0,2,0.0,0.0,uniform,0,uniform,0.5,guarded,stage1,,,0,6,0.025454455640875298,custom,"{""bfgs"": 0.05119673125935731, ""custom"": 0.004665086803572142}",0.00492857675999403,0.00492857675999403,stage3_l_opt,l_opt_current_alpha,1.2590307311781836,1.2856973978448503,0.019114878704637572,0.05,False,False,True,True,0.0030511537722001476,True,not_needed,,,,,0,False,5946,9744
0,2,0.0,0.0,uniform,0,uniform,0.5,guarded,stage1,,,0,7,0.02545393658989254,custom,"{""bfgs"": 0.00842324593033657, ""custom"": 0.004680717294909109}",0.004927823009590308,0.004927823009590308,stage3_l_opt,l_opt_current_alpha,1.2619785510366364,1.2886452177033032,0.019114878704637572,0.05,False,False,True,True,0.0030504000217964258,True,not_needed,,,,,0,False,6657,11514
0,2,0.0,0.0,uniform,0,uniform,0.5,guarded,stage1,,,0,8,0.02545393658989254,custom,"{""bfgs"": 0.00842324593033657, ""custom"": 0.004680717294909109}",0.004927823009590308,0.004927823009590308,stage3_l_opt,l_opt_current_alpha,1.2619785510366364,1.2886452177033032,0.019114878704637572,0.05,False,False,True,True,0.0030504000217964258,True,not_needed,,,,,0,False,7368,13284
0,2,0.0,0.0,uniform,0,uniform,0.5,guarded,stage1,,,0,9,0.02545393658989254,custom,"{""bfgs"": 0.00842324593033657, ""custom"": 0.004680717294909109}",0.004927823009590308,0.004927823009590308,stage3_l_opt,l_opt_current_alpha,1.2619785510366364,1.2886452177033032,0.019114878704637572,0.05,False,False,True,True,0.0030504000217964258,True,not_needed,,,,,0,False,8079,15054
0,2,0.0,0.0,uniform,0,uniform,0.5,guarded,stage1,,,0,10,0.02545393658989254,custom,"{""bfgs"": 0.00842324593033657, ""custom"": 0.004680717294909109}",0.004927823009590308,0.004927823009590308,stage3_l_opt,l_opt_current_alpha,1.2619785510366364,1.2886452177033032,0.019114878704637572,0.05,False,False,True,True,0.0030504000217964258,True,not_needed,,,,,0,False,8790,16824
0,2,0.0,0.0,uniform,0,uniform,0.5,guarded,stage1,,,0,11,0.02545393658989254,custom,"{""bfgs"": 0.00842324593033657, ""custom"": 0.004680717294909109}",0.004927823009590308,0.004927823009590308,stage3_l_opt,l_opt_current_alpha,1.2619785510366364,1.2886452177033032,0.019114878704637572,0.05,False,False,True,True,0.0030504000217964258,True,not_needed,,,,,0,False,9501,18594
0,2,0.0,0.0,uniform,0,uniform,0.5,guarded,stage1,,,0,12,0.02545393658989254,custom,"{""bfgs"": 0.00842324593033657, ""custom"": 0.004680717294909109}",0.004927823009590308,0.004927823009590308,stage3_l_opt,l_opt_current_alpha,1.2619785510366364,1.2886452177033032,0.019114878704637572,0.05,False,False,True,True,0.0030504000217964258,True,not_needed,,,,,0,False,10212,20364
0,2,0.0,0.0,uniform,0,uniform,0.5,guarded,stage1,,,0,13,0.02545393658989254,custom,"{""bfgs"": 0.00842324593033657, ""custom"": 0.004680717294909109}",0.004927823009590308,0.004927823009590308,stage3_l_opt,l_opt_current_alpha,1.2619785510366364,1.2886452177033032,0.019114878704637572,0.05,False,False,True,True,0.0030504000217964258,True,not_needed,,,,,0,False,10923,22134
0,2,0.0,0.0,uniform,0,uniform,0.5,guarded,stage1,,,0,14,0.02545393658989254,custom,"{""bfgs"": 0.00842324593033657, ""custom"": 0.004680717294909109}",0.004927823009590308,0.004927823009590308,stage3_l_opt,l_opt_current_alpha,1.2619785510366364,1.2886452177033032,0.019114878704637572,0.05,False,False,True,True,0.0030504000217964258,True,not_needed,,,,,0,False,11634,23904
0,2,0.0,0.0,uniform,0,uniform,0.5,guarded,stage1,,,0,15,0.02545393658989254,custom,"{""bfgs"": 0.00842324593033657, ""custom"": 0.004680717294909109}",0.004927823009590308,0.004927823009590308,stage3_l_opt,l_opt_current_alpha,1.2619785510366364,1.2886452177033032,0.019114878704637572,0.05,False,False,True,True,0.0030504000217964258,True,not_needed,,,,,0,False,12345,25674
0,2,0.0,0.0,uniform,0,uniform,0.5,guarded,stage1,,,0,16,0.02545393658989254,custom,"{""bfgs"": 0.00842324593033657, ""custom"": 0.004680717294909109}",0.004927823009590308,0.004927823009590308,stage3_l_opt,l_opt_current_alpha,1.2619785510366364,1.2886452177033032,0.019114878704637572,0.05,False,False,True,True,0.0030504000217964258,True,not_needed,,,,,0,False,13056,27444
0,2,0.0,0.0,uniform,0,uniform,0.5,guarded,stage1,,,0,17,0.02545393658989254,custom,"{""bfgs"": 0.00842324593033657, ""custom"": 0.004680717294909109}",0.004927823009590308,0.004927823009590308,stage3_l_opt,l_opt_current_alpha,1.2619785510366364,1.2886452177033032,0.019114878704637572,0.05,False,False,True,True,0.0030504000217964258,True,not_needed,,,,,0,False,13767,29214
0,2,0.0,0.0,uniform,0,uniform,0.5,guarded,stage1,,,0,18,0.02545393658989254,custom,"{""bfgs"": 0.00842324593033657, ""custom"": 0.004680717294909109}",0.004927823009590308,0.004927823009590308,stage3_l_opt,l_opt_current_alpha,1.2619785510366364,1.2886452177033032,0.019114878704637572,0.05,False,False,True,True,0.0030504000217964258,True,not_needed,,,,,0,False,14478,30984
0,2,0.0,0.0,uniform,0,uniform,0.5,guarded,stage1,,,0,19,0.02545393658989254,custom,"{""bfgs"": 0.00842324593033657, ""custom"": 0.004680717294909109}",0.004927823009590308,0.004927823009590308,stage3_l_opt,l_opt_current_alpha,1.2619785510366364,1.2886452177033032,0.019114878704637572,0.05,False,False,True,True,0.0030504000217964258,True,not_needed,,,,,0,False,15189,32754
0,2,0.0,0.0,stage0,0,uniform,0.5,guarded,stage1,,,0,0,0.023402767738234614,custom,"{""bfgs"": 0.017123735109847417, ""custom"": 0.0016204534007569307}",0.0018011358721802633,0.0018011358721802633,stage3_l_opt,l_opt_current_alpha,0.2760509460640845,0.2803443129155549,0.13802547303204227,0.5,False,True,True,False,,True,not_needed,,,,,0,False,561,1542
0,2,0.0,0.0,stage0,0,uniform,0.5,guarded,stage1,,,0,1,0.025373538210071787,custom,"{""bfgs"": 0.03431514831974924, ""custom"": 0.005196615348505681}",0.004880644691487153,0.004880644691487153,stage3_l_opt,l_opt_current_alpha,1.458909936204027,1.4855766028706938,0.06901273651602113,0.25,False,False,True,True,0.0030795088193068896,True,not_needed,,,,,0,False,744,2763
0,2,0.0,0.0,stage0,0,uniform,0.5,guarded,stage1,,,0,2,0.022695864763542312,custom,"{""bfgs"": 0.0015469495785283983, ""custom"": 0.0015308599535901913}",0.001859454670920968,0.001859454670920968,stage3_l_opt,l_opt_current_alpha,0.5997026613682006,0.6151413596660655,0.14992566534205015,0.25,True,True,True,False,5.831879874070478e-05,True,recovered_informative,16,0.0053756220693097585,0.001818086851042328,0.0035575352182674307,1,True,2478,5919
0,2,0.0,0.0,stage0,0,uniform,0.5,guarded,stage1,,,0,3,0.025451380625899203,custom,"{""bfgs"": 0.017256440365970065, ""custom"": 0.005392996340555631}",0.004843882285058498,0.004843882285058498,stage3_l_opt,l_opt_current_alpha,0.9999474460974362,1.0266141127641029,0.07496283267102499,0.125,False,False,True,True,0.0029844276141375303,True,not_needed,,,,,0,False,3174,7701
0,2,0.0,0.0,stage0,0,uniform,0.5,guarded,stage1,,,0,4,0.025440387619245348,custom,"{""bfgs"": 0.011483652478844942, ""custom"": 0.005343651946759728}",0.004854722258945306,0.004854722258945306,stage3_l_opt,l_opt_current_alpha,1.5016459537767535,1.5283126204434203,0.03748141633551258,0.0625,False,False,True,True,0.002995267588024338,True,not_needed,,,,,0,False,4005,9858
0,2,0.0,0.0,stage0,0,uniform,0.5,guarded,stage1,,,0,5,0.022996288145232975,bfgs,"{""bfgs"": 0.0014519545268998767, ""custom"": 0.0016938064781753493}",0.0017986959622551997,0.0017986959622551997,stage3_l_opt,l_opt_current_alpha,0.5478435100910606,0.5629887852268514,0.0342402193806913,0.0625,True,True,True,False,-6.075870866576838e-05,True,recovered_informative,16,0.005318338901731932,0.0016938064781753493,0.003624532423556583,1,True,5331,13650
0,2,0.0,0.0,stage0,0,uniform,0.5,guarded,stage1,,,0,6,0.02544483170067295,custom,"{""bfgs"": 0.012154600333404016, ""custom"": 0.005343546912467039}",0.004854032459358375,0.004854032459358375,stage3_l_opt,l_opt_current_alpha,1.5006020950711738,1.5272687617378407,0.027392175504553,0.05,False,False,True,True,0.003055336497103175,True,not_needed,,,,,0,False,6006,14862
0,2,0.0,0.0,stage0,0,uniform,0.5,guarded,stage1,,,0,7,0.02544664887144694,custom,"{""bfgs"": 0.011890244355028137, ""custom"": 0.005338210413180389}",0.004854904177288215,0.004854904177288215,stage3_l_opt,l_opt_current_alpha,1.4966586170066005,1.523325283673267,0.027392175504553,0.05,False,False,True,True,0.003056208215033015,True,not_needed,,,,,0,False,6177,16959
0,2,0.0,0.0,stage0,0,uniform,0.5,guarded,stage1,,,0,8,0.02544664887144694,custom,"{""bfgs"": 0.011890244355028137, ""custom"": 0.005338210413180389}",0.004854904177288215,0.004854904177288215,stage3_l_opt,l_opt_current_alpha,1.4966586170066005,1.523325283673267,0.027392175504553,0.05,False,False,True,True,0.003056208215033015,True,not_needed,,,,,0,False,6348,19056
0,2,0.0,0.0,stage0,0,uniform,0.5,guarded,stage1,,,0,9,0.02544664887144694,custom,"{""bfgs"": 0.011890244355028137, ""custom"": 0.005338210413180389}",0.004854904177288215,0.004854904177288215,stage3_l_opt,l_opt_current_alpha,1.4966586170066005,1.523325283673267,0.027392175504553,0.05,False,False,True,True,0.003056208215033015,True,not_needed,,,,,0,False,6519,21153
0,2,0.0,0.0,stage0,0,uniform,0.5,guarded,stage1,,,0,10,0.02544664887144694,custom,"{""bfgs"": 0.011890244355028137, ""custom"": 0.005338210413180389}",0.004854904177288215,0.004854904177288215,stage3_l_opt,l_opt_current_alpha,1.4966586170066005,1.523325283673267,0.027392175504553,0.05,False,False,True,True,0.003056208215033015,True,not_needed,,,,,0,False,6690,23250
0,2,0.0,0.0,stage0,0,uniform,0.5,guarded,stage1,,,0,11,0.02544664887144694,custom,"{""bfgs"": 0.011890244355028137, ""custom"": 0.005338210413180389}",0.004854904177288215,0.004854904177288215,stage3_l_opt,l_opt_current_alpha,1.4966586170066005,1.523325283673267,0.027392175504553,0.05,False,False,True,True,0.003056208215033015,True,not_needed,,,,,0,False,6861,25347
0,2,0.0,0.0,stage0,0,uniform,0.5,guarded,stage1,,,0,12,0.02544664887144694,custom,"{""bfgs"": 0.011890244355028137, ""custom"": 0.005338210413180389}",0.004854904177288215,0.004854904177288215,stage3_l_opt,l_opt_current_alpha,1.4966586170066005,1.523325283673267,0.027392175504553,0.05,False,False,True,True,0.003056208215033015,True,not_needed,,,,,0,False,7032,27444
0,2,0.0,0.0,stage0,0,uniform,0.5,guarded,stage1,,,0,13,0.02544664887144694,custom,"{""bfgs"": 0.011890244355028137, ""custom"": 0.005338210413180389}",0.004854904177288215,0.004854904177288215,stage3_l_opt,l_opt_current_alpha,1.4966586170066005,1.523325283673267,0.027392175504553,0.05,False,False,True,True,0.003056208215033015,True,not_needed,,,,,0,False,7203,29541
0,2,0.0,0.0,stage0,0,uniform,0.5,guarded,stage1,,,0,14,0.02544664887144694,custom,"{""bfgs"": 0.011890244355028137, ""custom"": 0.005338210413180389}",0.004854904177288215,0.004854904177288215,stage3_l_opt,l_opt_current_alpha,1.4966586170066005,1.523325283673267,0.027392175504553,0.05,False,False,True,True,0.003056208215033015,True,not_needed,,,,,0,False,7374,31638
0,2,0.0,0.0,stage0,0,uniform,0.5,guarded,stage1,,,0,15,0.02544664887144694,custom,"{""bfgs"": 0.011890244355028137, ""custom"": 0.005338210413180389}",0.004854904177288215,0.004854904177288215,stage3_l_opt,l_opt_current_alpha,1.4966586170066005,1.523325283673267,0.027392175504553,0.05,False,False,True,True,0.003056208215033015,True,not_needed,,,,,0,False,7545,33735
0,2,0.0,0.0,stage0,0,uniform,0.5,guarded,stage1,,,0,16,0.02544664887144694,custom,"{""bfgs"": 0.011890244355028137, ""custom"": 0.005338210413180389}",0.004854904177288215,0.004854904177288215,stage3_l_opt,l_opt_current_alpha,1.4966586170066005,1.523325283673267,0.027392175504553,0.05,False,False,True,True,0.003056208215033015,True,not_needed,,,,,0,False,7716,35832
0,2,0.0,0.0,stage0,0,uniform,0.5,guarded,stage1,,,0,17,0.02544664887144694,custom,"{""bfgs"": 0.011890244355028137, ""custom"": 0.005338210413180389}",0.004854904177288215,0.004854904177288215,stage3_l_opt,l_opt_current_alpha,1.4966586170066005,1.523325283673267,0.027392175504553,0.05,False,False,True,True,0.003056208215033015,True,not_needed,,,,,0,False,7887,37929
0,2,0.0,0.0,stage0,0,uniform,0.5,guarded,stage1,,,0,18,0.02544664887144694,custom,"{""bfgs"": 0.011890244355028137, ""custom"": 0.005338210413180389}",0.004854904177288215,0.004854904177288215,stage3_l_opt,l_opt_current_alpha,1.4966586170066005,1.523325283673267,0.027392175504553,0.05,False,False,True,True,0.003056208215033015,True,not_needed,,,,,0,False,8058,40026
0,2,0.0,0.0,stage0,0,uniform,0.5,guarded,stage1,,,0,19,0.02544664887144694,custom,"{""bfgs"": 0.011890244355028137, ""custom"": 0.005338210413180389}",0.004854904177288215,0.004854904177288215,stage3_l_opt,l_opt_current_alpha,1.4966586170066005,1.523325283673267,0.027392175504553,0.05,False,False,True,True,0.003056208215033015,True,not_needed,,,,,0,False,8229,42123
1,2,0.0,0.0,uniform,0,uniform,0.5,guarded,stage1,,,0,0,0.014061640698106457,custom,"{""bfgs"": 0.013039099673430124, ""custom"": 0.0020194388926029205}",0.0020194388926029205,0.0020194388926029205,stage3_l_opt,l_opt_current_alpha,0.17987244380254053,0.18354331000259233,0.08993622190127026,0.5,False,True,True,False,,True,not_needed,,,,,0,False,141,777
1,2,0.0,0.0,uniform,0,uniform,0.5,guarded,stage1,,,0,1,0.013795752469409435,custom,"{""bfgs"": 0.013856843287749311, ""custom"": 0.002005137504885856}",0.0020970813930034637,0.0020970813930034637,stage3_l_opt,l_opt_current_alpha,0.11079739177844222,0.11489399613925272,0.05539869588922108,0.5,True,True,True,False,7.764250040054321e-05,True,not_needed,,,,,0,False,282,1884
1,2,0.0,0.0,uniform,0,uniform,0.5,guarded,stage1,,,0,2,0.014592854701152727,custom,"{""bfgs"": 0.017986932815476184, ""custom"": 0.001653857139359863}",0.001859765499830246,0.001859765499830246,stage3_l_opt,l_opt_current_alpha,0.0027286925529221295,0.005750398886461172,0.0013643462764610925,0.5,True,True,True,False,-0.00023731589317321777,True,not_needed,,,,,0,False,654,3255
1,2,0.0,0.0,uniform,0,uniform,0.5,guarded,stage1,,,0,3,0.014586119518595907,custom,"{""bfgs"": 0.026318209223761317, ""custom"": 0.0016546030878708175}",0.001861979564030965,0.001861979564030965,stage3_l_opt,l_opt_current_alpha,0.0017275654996259937,0.00475668447037253,0.0008637827498129691,0.5,True,True,True,False,2.2140642007191253e-06,True,not_needed,,,,,0,False,906,4377
1,2,0.0,0.0,uniform,0,uniform,0.5,guarded,stage1,,,0,4,0.014580583883853814,custom,"{""bfgs"": 0.014369377674073243, ""custom"": 0.0016557806414899655}",0.0018640148142973583,0.0018640148142973583,stage3_l_opt,l_opt_current_alpha,0.0011992429139080496,0.004235208010452407,0.0005996214569539693,0.5,True,True,True,False,2.0352502663931703e-06,True,not_needed,,,,,0,False,1122,5451
1,2,0.0,0.0,uniform,0,uniform,0.5,guarded,stage1,,,0,5,0.014579331208975737,custom,"{""bfgs"": 0.014374646116719193, ""custom"": 0.001655325495147084}",0.0018643053869406383,0.0018643053869406383,stage3_l_opt,l_opt_current_alpha,0.0006476388370951769,0.003684583880173009,0.0,0.5,True,True,False,False,2.905726432800293e-07,True,not_needed,,,,,0,False,1338,6705
1,2,0.0,0.0,stage0,0,uniform,0.5,guarded,stage1,,,0,0,0.014554193349556644,custom,"{""bfgs"": 0.026264449883283757, ""custom"": 0.0014491956949763496}",0.001972345014413198,0.001972345014413198,stage3_l_opt,l_opt_current_alpha,0.18653498314915404,0.18473459624973212,0.093267491574577,0.5,False,True,True,False,,True,not_needed,,,,,0,False,285,1128
1,2,0.0,0.0,stage0,0,uniform,0.5,guarded,stage1,,,0,1,0.014585394556930826,custom,"{""bfgs"": 0.0047694491495782546, ""custom"": 0.0014652952934065444}",0.0018193634847799938,0.0018193634847799938,stage3_l_opt,l_opt_current_alpha,0.10562579494354374,0.10407761831695789,0.05281289747177187,0.5,True,True,True,False,-0.00015298152963320421,True,not_needed,,,,,0,False,513,1902
1,2,0.0,0.0,stage0,0,uniform,0.5,guarded,stage1,,,0,2,0.014580406744590439,custom,"{""bfgs"": 0.005483060695320192, ""custom"": 0.0015961993209377113}",0.0018813349306583405,0.0018813349306583405,stage3_l_opt,l_opt_current_alpha,0.04748718513180494,0.04583032049828101,0.02374359256590247,0.5,True,True,True,False,6.197144587834669e-05,True,not_needed,,,,,0,False,741,3486
1,2,0.0,0.0,stage0,0,uniform,0.5,guarded,stage1,,,0,3,0.01459225679543875,custom,"{""bfgs"": 0.009918564676475509, ""custom"": 0.001628232788752868}",0.0018799764414628346,0.0018799764414628346,stage3_l_opt,l_opt_current_alpha,0.023868277071700472,0.02221395701992751,0.01193413853585018,0.5,True,True,True,False,-1.3584891955058503e-06,True,not_needed,,,,,0,False,960,4776
1,2,0.0,0.0,stage0,0,uniform,0.5,guarded,stage1,,,0,4,0.014574966845588752,custom,"{""bfgs"": 0.01216031299817505, ""custom"": 0.0016268957190422669}",0.0018561544517676036,0.0018561544517676036,stage3_l_opt,l_opt_current_alpha,0.8137077905739547,0.827041123907288,0.40685389528697735,0.5,True,True,True,False,-2.3821989695230975e-05,True,not_needed,,,,,0,False,1221,6255
1,2,0.0,0.0,stage0,0,uniform,0.5,guarded,stage1,,,0,5,0.014805782860092842,custom,"{""bfgs"": 0.027768867525392316, ""custom"": 0.00012079907434882722}",0.00018091127276420593,0.00018091127276420593,stage3_l_opt,l_opt_current_alpha,0.1352611706690314,0.13299141011031054,0.06763058533451574,0.5,True,True,True,False,-0.0016752431790033977,True,not_needed,,,,,0,False,1677,7779
1,2,0.0,0.0,stage0,0,uniform,0.5,guarded,stage1,,,0,6,0.014368699181227148,custom,"{""bfgs"": 0.014202255499868296, ""custom"": 0.002145273920022755}",0.0019073374569416046,0.0019073374569416046,stage3_l_opt,l_opt_current_alpha,0.2501386793439176,0.25159357376498037,0.03381529266725783,0.25,False,False,True,True,0.0017264261841773987,True,not_needed,,,,,0,False,1833,8652
1,2,0.0,0.0,stage0,0,uniform,0.5,guarded,stage1,,,0,7,0.014336061587180175,custom,"{""bfgs"": 0.009181595894797568, ""custom"": 0.002182813430837207}",0.0019164370993773143,0.0019164370993773143,stage3_l_opt,l_opt_current_alpha,0.28142774251012753,0.28283108122708733,0.016907646333628956,0.125,False,False,True,True,0.0017355258266131084,True,not_needed,,,,,0,False,1989,9420
1,2,0.0,0.0,stage0,0,uniform,0.5,guarded,stage1,,,0,8,0.014316442879785896,custom,"{""bfgs"": 0.006670390421858051, ""custom"": 0.0022013631575740315}",0.0019219343860944111,0.0019219343860944111,stage3_l_opt,l_opt_current_alpha,0.2987342956803223,0.3001457753531303,0.008453823166814506,0.0625,False,False,True,True,0.0017410231133302052,True,not_needed,,,,,0,False,2145,10539
1,2,0.0,0.0,stage0,0,uniform,0.5,guarded,stage1,,,0,9,0.014305847458581798,custom,"{""bfgs"": 0.02282578472567031, ""custom"": 0.0022104985689455773}",0.0019248699148495991,0.0019248699148495991,stage3_l_opt,l_opt_current_alpha,0.3074030349655838,0.30881890068162543,0.006763058533451577,0.05,False,False,True,True,0.0017439586420853932,True,not_needed,,,,,0,False,2745,11724
1,2,0.0,0.0,stage0,0,uniform,0.5,guarded,stage1,,,0,10,0.014303652221678738,custom,"{""bfgs"": 0.0051577353891332865, ""custom"": 0.002212334633735099}",0.0019254994889100392,0.0019254994889100392,stage3_l_opt,l_opt_current_alpha,0.30914006607682487,0.3105568760067008,0.006763058533451577,0.05,False,False,True,True,0.0017445882161458333,True,not_needed,,,,,0,False,2901,12936
1,2,0.0,0.0,stage0,0,uniform,0.5,guarded,stage1,,,0,11,0.014303652221678738,custom,"{""bfgs"": 0.0051577353891332865, ""custom"": 0.002212334633735099}",0.0019254994889100392,0.0019254994889100392,stage3_l_opt,l_opt_current_alpha,0.30914006607682487,0.3105568760067008,0.006763058533451577,0.05,False,False,True,True,0.0017445882161458333,True,not_needed,,,,,0,False,3057,14148
1,2,0.0,0.0,stage0,0,uniform,0.5,guarded,stage1,,,0,12,0.014303652221678738,custom,"{""bfgs"": 0.0051577353891332865, ""custom"": 0.002212334633735099}",0.0019254994889100392,0.0019254994889100392,stage3_l_opt,l_opt_current_alpha,0.30914006607682487,0.3105568760067008,0.006763058533451577,0.05,False,False,True,True,0.0017445882161458333,True,not_needed,,,,,0,False,3213,15360
1,2,0.0,0.0,stage0,0,uniform,0.5,guarded,stage1,,,0,13,0.014303652221678738,custom,"{""bfgs"": 0.0051577353891332865, ""custom"": 0.002212334633735099}",0.0019254994889100392,0.0019254994889100392,stage3_l_opt,l_opt_current_alpha,0.30914006607682487,0.3105568760067008,0.006763058533451577,0.05,False,False,True,True,0.0017445882161458333,True,not_needed,,,,,0,False,3369,16572
1,2,0.0,0.0,stage0,0,uniform,0.5,guarded,stage1,,,0,14,0.014303652221678738,custom,"{""bfgs"": 0.0051577353891332865, ""custom"": 0.002212334633735099}",0.0019254994889100392,0.0019254994889100392,stage3_l_opt,l_opt_current_alpha,0.30914006607682487,0.3105568760067008,0.006763058533451577,0.05,False,False,True,True,0.0017445882161458333,True,not_needed,,,,,0,False,3525,17784
1,2,0.0,0.0,stage0,0,uniform,0.5,guarded,stage1,,,0,15,0.014303652221678738,custom,"{""bfgs"": 0.0051577353891332865, ""custom"": 0.002212334633735099}",0.0019254994889100392,0.0019254994889100392,stage3_l_opt,l_opt_current_alpha,0.30914006607682487,0.3105568760067008,0.006763058533451577,0.05,False,False,True,True,0.0017445882161458333,True,not_needed,,,,,0,False,3681,18996
1,2,0.0,0.0,stage0,0,uniform,0.5,guarded,stage1,,,0,16,0.014303652221678738,custom,"{""bfgs"": 0.0051577353891332865, ""custom"": 0.002212334633735099}",0.0019254994889100392,0.0019254994889100392,stage3_l_opt,l_opt_current_alpha,0.30914006607682487,0.3105568760067008,0.006763058533451577,0.05,False,False,True,True,0.0017445882161458333,True,not_needed,,,,,0,False,3837,20208
1,2,0.0,0.0,stage0,0,uniform,0.5,guarded,stage1,,,0,17,0.014303652221678738,custom,"{""bfgs"": 0.0051577353891332865, ""custom"": 0.002212334633735099}",0.0019254994889100392,0.0019254994889100392,stage3_l_opt,l_opt_current_alpha,0.30914006607682487,0.3105568760067008,0.006763058533451577,0.05,False,False,True,True,0.0017445882161458333,True,not_needed,,,,,0,False,3993,21420
1,2,0.0,0.0,stage0,0,uniform,0.5,guarded,stage1,,,0,18,0.014303652221678738,custom,"{""bfgs"": 0.0051577353891332865, ""custom"": 0.002212334633735099}",0.0019254994889100392,0.0019254994889100392,stage3_l_opt,l_opt_current_alpha,0.30914006607682487,0.3105568760067008,0.006763058533451577,0.05,False,False,True,True,0.0017445882161458333,True,not_needed,,,,,0,False,4149,22632
1,2,0.0,0.0,stage0,0,uniform,0.5,guarded,stage1,,,0,19,0.014303652221678738,custom,"{""bfgs"": 0.0051577353891332865, ""custom"": 0.002212334633735099}",0.0019254994889100392,0.0019254994889100392,stage3_l_opt,l_opt_current_alpha,0.30914006607682487,0.3105568760067008,0.006763058533451577,0.05,False,False,True,True,0.0017445882161458333,True,not_needed,,,,,0,False,4305,23844
2,2,0.0,0.0,uniform,0,uniform,0.5,guarded,stage1,,,0,0,0.0001834626648221649,custom,"{""bfgs"": 0.21172869205474854, ""custom"": 0.00831919473906358}",0.008319194739063581,0.008319194739063581,stage3_l_opt,l_opt_current_alpha,1.3066637945288224,1.333330402580431,0.6533318972644111,0.5,False,True,True,False,,True,not_needed,,,,,0,False,822,1710
2,2,0.0,0.0,uniform,0,uniform,0.5,guarded,stage1,,,0,1,0.00018353781029140093,custom,"{""bfgs"": 0.19921873629940332, ""custom"": 0.00424281106661633}",0.00831918977200985,0.00831918977200985,stage3_l_opt,l_opt_current_alpha,0.6533347694022555,0.6800014360689222,0.3266673847011278,0.5,True,True,True,False,-4.967053731860793e-09,True,not_needed,,,,,0,False,1620,3708
2,2,0.0,0.0,uniform,0,uniform,0.5,guarded,stage1,,,0,2,0.00018353276108237782,custom,"{""bfgs"": 0.04833055353654723, ""custom"": 0.0022046018889589868}",0.008319199706117312,0.008319199706117312,stage3_l_opt,l_opt_current_alpha,0.7967165608431104,0.8029760824929697,0.3983582804215552,0.5,True,True,True,False,9.934107461986863e-09,True,not_needed,,,,,0,False,2385,5529
2,2,0.0,0.0,uniform,0,uniform,0.5,guarded,stage1,,,0,3,0.00018350522267440716,custom,"{""bfgs"": 0.19337845187139258, ""custom"": 0.0014994110896953427}",0.00831918977200985,0.00831918977200985,stage3_l_opt,l_opt_current_alpha,0.39224174383790394,0.398376438210546,0.19612087191895197,0.5,True,True,True,False,-9.934107461986863e-09,True,not_needed,,,,,0,False,3084,6843
2,2,0.0,0.0,uniform,0,uniform,0.5,guarded,stage1,,,0,4,0.00018356647375425417,custom,"{""bfgs"": 0.19248325629660296, ""custom"": 0.0012355032750561413}",0.00831920343140761,0.00831920343140761,stage3_l_opt,l_opt_current_alpha,0.16964969201733548,0.17524415822872008,0.08482484600866777,0.5,True,True,True,False,1.3659397760448777e-08,True,not_needed,,,,,0,False,4236,8514
2,2,0.0,0.0,uniform,0,uniform,0.5,guarded,stage1,,,0,5,0.0008503856171254154,custom,"{""bfgs"": 0.1919631919018484, ""custom"": 0.0008951722405018826}",0.008484503254294395,0.008484503254294395,stage3_l_opt,l_opt_current_alpha,0.11755483504938802,0.12381726022078733,0.04241242300433383,0.25,False,False,True,True,0.00016529982288678545,True,not_needed,,,,,0,False,4956,10326
2,2,0.0,0.0,uniform,0,uniform,0.5,guarded,stage1,,,0,6,0.0001851200930932384,custom,"{""bfgs"": 0.18708799484144417, ""custom"": 0.00117250009105561}",0.008319569751620293,0.008319569751620293,stage3_l_opt,l_opt_current_alpha,0.15161039447261954,0.15770227140766985,0.0379025986181549,0.25,True,True,True,False,3.6632021268266646e-07,True,not_needed,,,,,0,False,5688,11943
2,2,0.0,0.0,uniform,0,uniform,0.5,guarded,stage1,,,0,7,0.00018464769549442206,custom,"{""bfgs"": 0.19204030367554892, ""custom"": 0.0011312945797445511}",0.008319506421685219,0.008319506421685219,stage3_l_opt,l_opt_current_alpha,0.04960594301785948,0.0594604468212668,0.012401485754464845,0.25,True,True,True,False,-6.332993507385254e-08,True,not_needed,,,,,0,False,6624,13818
2,2,0.0,0.0,uniform,0,uniform,0.5,guarded,stage1,,,0,8,0.0004533559382628727,custom,"{""bfgs"": 0.2677439377271623, ""custom"": 0.0008650986421292642}",0.008351343994339308,0.008351343994339308,stage3_l_opt,l_opt_current_alpha,0.0379199002754925,0.04778900495669773,0.009479975068873155,0.25,True,True,True,False,3.1837572654088916e-05,True,not_needed,,,,,0,False,7464,15432
2,2,0.0,0.0,uniform,0,uniform,0.5,guarded,stage1,,,0,9,0.0001999428713340412,custom,"{""bfgs"": 0.19169969838951814, ""custom"": 0.0009974367921217486}",0.008318116888403893,0.008318116888403893,stage3_l_opt,l_opt_current_alpha,0.03417015357906157,0.04415620169643907,0.008542538394765407,0.25,True,True,True,False,-3.322710593541521e-05,True,not_needed,,,,,0,False,8241,17379
2,2,0.0,0.0,uniform,0,uniform,0.5,guarded,stage1,,,0,10,0.00018813776011636363,custom,"{""bfgs"": 0.023181932632831297, ""custom"": 0.0009985650735458154}",0.00831990254422029,0.00831990254422029,stage3_l_opt,l_opt_current_alpha,0.13411879442506974,0.1402077086703611,0.03352969860626745,0.25,True,True,True,False,1.7856558163966557e-06,True,not_needed,,,,,0,False,9081,18348
2,2,0.0,0.0,uniform,0,uniform,0.5,guarded,stage1,,,0,11,0.0008574975133601725,custom,"{""bfgs"": 0.013759270752753548, ""custom"": 0.0007775677456656968}",0.008482547476887703,0.008482547476887703,stage3_l_opt,l_opt_current_alpha,0.10909746540503604,0.11536001984596488,0.016764849303133676,0.125,False,False,True,True,0.00016264493266741377,True,not_needed,,,,,0,False,9789,19692
2,2,0.0,0.0,uniform,0,uniform,0.5,guarded,stage1,,,0,12,0.00036285562979207486,custom,"{""bfgs"": 0.17152103590741263, ""custom"": 0.0005216547241451896}",0.00829078567524751,0.00829078567524751,stage3_l_opt,l_opt_current_alpha,0.027010104020949173,0.03670008788728137,0.003376263002618684,0.125,True,True,True,False,-2.911686897277832e-05,True,not_needed,,,,,0,False,10131,21411
2,2,0.0,0.0,uniform,0,uniform,0.5,guarded,stage1,,,0,13,0.00020280482061660332,custom,"{""bfgs"": 0.19159192326105728, ""custom"": 0.00098871729205618}",0.00832432322204113,0.00832432322204113,stage3_l_opt,l_opt_current_alpha,0.12040901866026597,0.1265043098774137,0.015051127332533193,0.125,True,True,True,False,3.3537546793619213e-05,True,not_needed,,,,,0,False,10350,22686
2,2,0.0,0.0,uniform,0,uniform,0.5,guarded,stage1,,,0,14,0.0008582239388429114,custom,"{""bfgs"": 0.1915628431141536, ""custom"": 0.0007815338934609579}",0.008496717239419619,0.008496717239419619,stage3_l_opt,l_opt_current_alpha,0.1135078055989438,0.11976942159713667,0.007525563666266572,0.0625,False,False,True,True,0.0001723940173784886,True,not_needed,,,,,0,False,11106,23928
2,2,0.0,0.0,uniform,0,uniform,0.5,guarded,stage1,,,0,15,0.0008536040477784557,custom,"{""bfgs"": 0.19157742163159738, ""custom"": 0.0007777953269362288}",0.008482657993833223,0.008482657993833223,stage3_l_opt,l_opt_current_alpha,0.12107899513430061,0.12734154227267894,0.006020450933013257,0.05,False,False,True,True,0.00015833477179209333,True,not_needed,,,,,0,False,11775,25323
2,2,0.0,0.0,uniform,0,uniform,0.5,guarded,stage1,,,0,16,0.0005367855468962346,custom,"{""bfgs"": 0.1915803328165629, ""custom"": 0.0005679859522695925}",0.008341392502188683,0.008341392502188683,stage3_l_opt,l_opt_current_alpha,0.1156012620116472,0.12172130209174174,0.0057800631005823985,0.05,True,True,True,False,1.706928014755249e-05,True,not_needed,,,,,0,False,12516,26316
2,2,0.0,0.0,uniform,0,uniform,0.5,guarded,stage1,,,0,17,0.00018353695198486397,custom,"{""bfgs"": 0.1915641649689428, ""custom"": 0.0009917007800154633}",0.008319164936741194,0.008319164936741194,stage3_l_opt,l_opt_current_alpha,0.10979257991153177,0.11591203593041138,0.005489628995576611,0.05,True,True,True,False,-2.2227565447488842e-05,True,not_needed,,,,,0,False,13218,27354
2,2,0.0,0.0,uniform,0,uniform,0.5,guarded,stage1,,,0,18,0.0008589056012230922,custom,"{""bfgs"": 0.19154909257809521, ""custom"": 0.0007737543344772917}",0.008491643394033114,0.008491643394033114,stage3_l_opt,l_opt_current_alpha,0.11128528006333885,0.11754723259543029,0.005489628995576611,0.05,False,False,True,True,0.00017247845729191982,True,not_needed,,,,,0,False,13878,28668
2,2,0.0,0.0,uniform,0,uniform,0.5,guarded,stage1,,,0,19,0.0008589056012230922,custom,"{""bfgs"": 0.19154909257809521, ""custom"": 0.0007737543344772917}",0.008491643394033114,0.008491643394033114,stage3_l_opt,l_opt_current_alpha,0.11128528006333885,0.11754723259543029,0.005489628995576611,0.05,False,False,True,True,0.00017247845729191982,True,not_needed,,,,,0,False,14538,29982
2,2,0.0,0.0,stage0,0,uniform,0.5,guarded,stage1,,,0,0,0.00018349352359128823,custom,"{""bfgs"": 0.12672355445353845, ""custom"": 0.007745206163452852}",0.008319194739063581,0.008319194739063581,stage3_l_opt,l_opt_current_alpha,1.2317590222550188,1.258425630306756,0.6158795111275094,0.5,False,True,True,False,,True,not_needed,,,,,0,False,750,1641
2,2,0.0,0.0,stage0,0,uniform,0.5,guarded,stage1,,,0,1,0.00018351856010762058,custom,"{""bfgs"": 0.19858929018573365, ""custom"": 0.003955811825815724}",0.008319187288482984,0.008319187288482984,stage3_l_opt,l_opt_current_alpha,0.6158770615641352,0.6425436196247835,0.30793853078206757,0.5,True,True,True,False,-7.450580596923828e-09,True,not_needed,,,,,0,False,1419,3168
2,2,0.0,0.0,stage0,0,uniform,0.5,guarded,stage1,,,0,2,0.00018352137616384212,custom,"{""bfgs"": 0.003238046232464948, ""custom"": 0.0020611360081314845}",0.008319199706117312,0.008319199706117312,stage3_l_opt,l_opt_current_alpha,0.8036933553388639,0.8099528769887234,0.40184667766943194,0.5,True,True,True,False,1.2417634327049898e-08,True,not_needed,,,,,0,False,2244,4947
2,2,0.0,0.0,stage0,0,uniform,0.5,guarded,stage1,,,0,3,0.00018354678565354887,custom,"{""bfgs"": 0.19319883224132844, ""custom"": 0.0014276759070877428}",0.008319207156697908,0.008319207156697908,stage3_l_opt,l_opt_current_alpha,0.39573137875472786,0.40186609838591986,0.19786568937736393,0.5,True,True,True,False,7.450580596923828e-09,True,not_needed,,,,,0,False,2520,7050
2,2,0.0,0.0,stage0,0,uniform,0.5,guarded,stage1,,,0,4,0.0006979660613488647,custom,"{""bfgs"": 0.19237560656608882, ""custom"": 0.000951297475204584}",0.008400145297249159,0.008400145297249159,stage3_l_opt,l_opt_current_alpha,0.04852729788701919,0.0536659408803882,0.024263648943509655,0.5,True,True,True,False,8.093814055125034e-05,True,not_needed,,,,,0,False,3501,8763
2,2,0.0,0.0,stage0,0,uniform,0.5,guarded,stage1,,,0,5,0.00018349308535856035,custom,"{""bfgs"": 0.1916450828875306, ""custom"": 0.0009764045598712515}",0.008319187288482984,0.008319187288482984,stage3_l_opt,l_opt_current_alpha,0.16065790425478507,0.16652845784150627,0.08032895212739254,0.5,True,True,True,False,-8.095800876617432e-05,True,not_needed,,,,,0,False,4272,10011
2,2,0.0,0.0,stage0,0,uniform,0.5,guarded,stage1,,,0,6,0.0008745511747133838,custom,"{""bfgs"": 0.28923473728592186, ""custom"": 0.0007627163228221718}",0.00848886308570703,0.00848886308570703,stage3_l_opt,l_opt_current_alpha,0.18427564247617076,0.19669335240275887,0.040164476063696206,0.25,False,False,True,True,0.0001696757972240448,True,not_needed,,,,,0,False,5115,12375
2,2,0.0,0.0,stage0,0,uniform,0.5,guarded,stage1,,,0,7,0.00023333633677072307,custom,"{""bfgs"": 0.0118358183016465, ""custom"": 0.0009647340510367895}",0.00833052210509777,0.00833052210509777,stage3_l_opt,l_opt_current_alpha,0.13194483852634284,0.13804909436480386,0.032986209631585724,0.25,True,True,True,False,1.1334816614786206e-05,True,not_needed,,,,,0,False,6153,13764
2,2,0.0,0.0,stage0,0,uniform,0.5,guarded,stage1,,,0,8,0.000859250699642905,custom,"{""bfgs"": 0.01116819486609161, ""custom"": 0.0007551831012798595}",0.008481068536639214,0.008481068536639214,stage3_l_opt,l_opt_current_alpha,0.048584270867973414,0.05837775757410715,0.016493104815792782,0.125,False,False,True,True,0.00015054643154144287,True,not_needed,,,,,0,False,7152,14838
2,2,0.0,0.0,stage0,0,uniform,0.5,guarded,stage1,,,0,9,0.0008067895215610188,custom,"{""bfgs"": 0.19154666984325092, ""custom"": 0.000733187408824598}",0.00845433585345745,0.00845433585345745,stage3_l_opt,l_opt_current_alpha,0.12329928604129463,0.12956369600895462,0.008246552407896502,0.0625,False,False,True,True,0.00012381374835968018,True,not_needed,,,,,0,False,7899,16266
2,2,0.0,0.0,stage0,0,uniform,0.5,guarded,stage1,,,0,10,0.00018354370594172997,custom,"{""bfgs"": 0.13852827615215146, ""custom"": 0.0009821475334318896}",0.00831920343140761,0.00831920343140761,stage3_l_opt,l_opt_current_alpha,0.12289719176113212,0.12898509873515818,0.007681074485070733,0.0625,True,True,True,False,-1.1318673690160694e-05,True,not_needed,,,,,0,False,9198,17718
2,2,0.0,0.0,stage0,0,uniform,0.5,guarded,stage1,,,0,11,0.0008958292504762377,custom,"{""bfgs"": 0.11367394722203145, ""custom"": 0.0007977288571069905}",0.00849972479045391,0.00849972479045391,stage3_l_opt,l_opt_current_alpha,0.12371807187021457,0.12997948812167234,0.0061448595880566614,0.05,False,False,True,True,0.00018052135904630083,True,not_needed,,,,,0,False,10089,19005
2,2,0.0,0.0,stage0,0,uniform,0.5,guarded,stage1,,,0,12,0.0003610786859153392,custom,"{""bfgs"": 0.19155410216875735, ""custom"": 0.0007501877759282887}",0.00831481876472632,0.00831481876472632,stage3_l_opt,l_opt_current_alpha,0.11644315341911482,0.12252475062265192,0.005822157670955789,0.05,True,True,True,False,-4.384666681289673e-06,True,not_needed,,,,,0,False,10773,20778
2,2,0.0,0.0,stage0,0,uniform,0.5,guarded,stage1,,,0,13,0.00019655146487351782,custom,"{""bfgs"": 0.1915469417109388, ""custom"": 0.0009735690424035557}",0.008320451403657595,0.008320451403657595,stage3_l_opt,l_opt_current_alpha,0.8407106005584903,0.859993377453858,0.042035530027924456,0.05,True,True,True,False,5.632638931274414e-06,True,not_needed,,,,,0,False,11589,22077
2,2,0.0,0.0,stage0,0,uniform,0.5,guarded,stage1,,,0,14,0.00018353975148752144,custom,"{""bfgs"": 0.011024060108557736, ""custom"": 0.0009615213926950944}",0.00831918977200985,0.00831918977200985,stage3_l_opt,l_opt_current_alpha,0.14174449549073603,0.14760339819865387,0.0070872247745368405,0.05,True,True,True,False,-1.26163164774519e-06,True,not_needed,,,,,0,False,12483,22743
2,2,0.0,0.0,stage0,0,uniform,0.5,guarded,stage1,,,0,15,0.0001835388681593053,custom,"{""bfgs"": 0.19155053370419173, ""custom"": 0.0009633299977713419}",0.00831920343140761,0.00831920343140761,stage3_l_opt,l_opt_current_alpha,0.1460471379448779,0.15213848692276866,0.007302356897243879,0.05,True,True,True,False,1.3659397760448777e-08,True,not_needed,,,,,0,False,13281,24105
2,2,0.0,0.0,stage0,0,uniform,0.5,guarded,stage1,,,0,16,0.00019463924938215027,custom,"{""bfgs"": 0.2306238424650278, ""custom"": 0.0009518884362246445}",0.008319097881515821,0.008319097881515821,stage3_l_opt,l_opt_current_alpha,0.13873732784054443,0.1448285247121681,0.006936866392027188,0.05,True,True,True,False,-1.0554989178859775e-07,True,not_needed,,,,,0,False,14445,25614
2,2,0.0,0.0,stage0,0,uniform,0.5,guarded,stage1,,,0,17,0.00018466833638150493,custom,"{""bfgs"": 0.19153405145500524, ""custom"": 0.000966859553994106}",0.008319363618890444,0.008319363618890444,stage3_l_opt,l_opt_current_alpha,0.011099075681856023,0.019280716673986717,0.0005549537840928362,0.05,True,True,True,False,2.6573737462246005e-07,True,not_needed,,,,,0,False,15141,28167
2,2,0.0,0.0,stage0,0,uniform,0.5,guarded,stage1,,,0,18,0.00020485338811943032,custom,"{""bfgs"": 0.06876723372361362, ""custom"": 0.0009528128226864794}",0.00832293244699637,0.00832293244699637,stage3_l_opt,l_opt_current_alpha,0.1313477543742366,0.1374410379134074,0.006567387718711917,0.05,True,True,True,False,3.5688281059265137e-06,True,not_needed,,,,,0,False,15915,29976
2,2,0.0,0.0,stage0,0,uniform,0.5,guarded,stage1,,,0,19,0.00018348247796887152,custom,"{""bfgs"": 0.19151374756027117, ""custom"": 0.0009661538514336933}",0.00831918977200985,0.00831918977200985,stage3_l_opt,l_opt_current_alpha,0.12451595079354882,0.13060383809063852,0.006225797539677464,0.05,True,True,True,False,-3.7426749865208248e-06,True,not_needed,,,,,0,False,16638,31344
3,2,0.0,0.0,uniform,0,uniform,0.5,guarded,stage1,,,0,0,0.0038328517974509915,custom,"{""bfgs"": 0.01634019861618678, ""custom"": 0.014723318318525951}",0.01472331831852595,0.01472331831852595,stage3_l_opt,l_opt_current_alpha,0.4791972373869806,0.4889767728438578,0.23959861869349028,0.5,False,True,True,False,,True,recovered_informative,1,0.02738967289527257,0.01634019861618678,0.011049474279085793,1,True,465,2352
3,2,0.0,0.0,uniform,0,uniform,0.5,guarded,stage1,,,0,1,0.0038446985750615523,custom,"{""bfgs"": 0.0152779192590757, ""custom"": 0.012837848609384212}",0.014721522728602091,0.014721522728602091,stage3_l_opt,l_opt_current_alpha,0.3164913637214249,0.325395256373188,0.1582456818607124,0.5,True,True,True,False,-1.7955899238586426e-06,True,recovered_informative,1,0.025553309676342693,0.0152779192590757,0.010275390417266994,1,True,852,4746
3,2,0.0,0.0,uniform,0,uniform,0.5,guarded,stage1,,,0,2,0.014666714302656203,custom,"{""bfgs"": 0.02647136634312687, ""custom"": 0.025454709179358635}",0.029883372286955517,0.029883372286955517,stage3_l_opt,l_opt_current_alpha,1.2123865677538619,1.2294534883985422,0.07912284093035621,0.25,False,False,True,True,0.015161849558353426,True,not_needed,,,,,0,False,1032,5481
3,2,0.0,0.0,uniform,0,uniform,0.5,guarded,stage1,,,0,3,0.006014977553248035,custom,"{""bfgs"": 0.027284612643290112, ""custom"": 0.02595736144823323}",0.02768077204624812,0.02768077204624812,stage3_l_opt,l_opt_current_alpha,1.042483187307986,1.0574756393463325,0.03956142046517808,0.125,False,False,True,True,0.012959249317646028,True,not_needed,,,,,0,False,1143,6384
3,2,0.0,0.0,uniform,0,uniform,0.5,guarded,stage1,,,0,4,0.006004000029254608,custom,"{""bfgs"": 0.02769123579337173, ""custom"": 0.025746314309154788}",0.027658740679423015,0.027658740679423015,stage3_l_opt,l_opt_current_alpha,1.1473058699865168,1.1739725366531832,0.019780710232589094,0.0625,False,False,True,True,0.012937217950820925,True,not_needed,,,,,0,False,1320,7527
3,2,0.0,0.0,uniform,0,uniform,0.5,guarded,stage1,,,0,5,0.003798273470504108,custom,"{""bfgs"": 0.013918032982814842, ""custom"": 0.012883389486566282}",0.014799478153387705,0.014799478153387705,stage3_l_opt,l_opt_current_alpha,0.2925166319639234,0.3013349323396679,0.018282289497745213,0.0625,True,True,True,False,7.795542478561401e-05,True,recovered_informative,1,0.025650525487424188,0.013918032982814842,0.011732492504609346,1,True,2511,11037
3,2,0.0,0.0,uniform,0,uniform,0.5,guarded,stage1,,,0,6,0.006001607236709061,custom,"{""bfgs"": 0.027713930547514184, ""custom"": 0.02574569500237259}",0.027658042808373768,0.027658042808373768,stage3_l_opt,l_opt_current_alpha,1.1488042907213605,1.1754709573880273,0.014625831598196248,0.05,False,False,True,True,0.012858564654986063,True,not_needed,,,,,0,False,2685,12501
3,2,0.0,0.0,uniform,0,uniform,0.5,guarded,stage1,,,0,7,0.003790735514389325,custom,"{""bfgs"": 0.01341323031794266, ""custom"": 0.012878635047738318}",0.014812116821606955,0.014812116821606955,stage3_l_opt,l_opt_current_alpha,0.24970032181770987,0.2579433063047194,0.012485016090885481,0.05,True,True,True,False,1.263866821924961e-05,True,recovered_informative,1,0.025756146298949234,0.014186451841968244,0.01156969445698099,1,True,3768,15525
3,2,0.0,0.0,uniform,0,uniform,0.5,guarded,stage1,,,0,8,0.003794371765468456,custom,"{""bfgs"": 0.013074312014451292, ""custom"": 0.012855194112240103}",0.014777936041355133,0.014777936041355133,stage3_l_opt,l_opt_current_alpha,0.33364567414476265,0.34613275745736716,0.016682283707238094,0.05,True,True,True,False,-3.418078025182146e-05,True,recovered_informative,1,0.02581777289792117,0.013074318854518102,0.012743454043403069,1,True,4794,18693
3,2,0.0,0.0,uniform,0,uniform,0.5,guarded,stage1,,,0,9,0.006027236435004801,custom,"{""bfgs"": 0.02743308917718549, ""custom"": 0.025851812878689116}",0.027667356034119923,0.027667356034119923,stage3_l_opt,l_opt_current_alpha,0.9572697298993111,0.9707874041446012,0.016682283707238094,0.05,False,False,True,True,0.01288941999276479,True,not_needed,,,,,0,False,4932,19884
3,2,0.0,0.0,uniform,0,uniform,0.5,guarded,stage1,,,0,10,0.006027236435004801,custom,"{""bfgs"": 0.02743308917718549, ""custom"": 0.025851812878689116}",0.027667356034119923,0.027667356034119923,stage3_l_opt,l_opt_current_alpha,0.9572697298993111,0.9707874041446012,0.016682283707238094,0.05,False,False,True,True,0.01288941999276479,True,not_needed,,,,,0,False,5070,21075
3,2,0.0,0.0,uniform,0,uniform,0.5,guarded,stage1,,,0,11,0.006027236435004801,custom,"{""bfgs"": 0.02743308917718549, ""custom"": 0.025851812878689116}",0.027667356034119923,0.027667356034119923,stage3_l_opt,l_opt_current_alpha,0.9572697298993111,0.9707874041446012,0.016682283707238094,0.05,False,False,True,True,0.01288941999276479,True,not_needed,,,,,0,False,5208,22266
3,2,0.0,0.0,uniform,0,uniform,0.5,guarded,stage1,,,0,12,0.006027236435004801,custom,"{""bfgs"": 0.02743308917718549, ""custom"": 0.025851812878689116}",0.027667356034119923,0.027667356034119923,stage3_l_opt,l_opt_current_alpha,0.9572697298993111,0.9707874041446012,0.016682283707238094,0.05,False,False,True,True,0.01288941999276479,True,not_needed,,,,,0,False,5346,23457
3,2,0.0,0.0,uniform,0,uniform,0.5,guarded,stage1,,,0,13,0.006027236435004801,custom,"{""bfgs"": 0.02743308917718549, ""custom"": 0.025851812878689116}",0.027667356034119923,0.027667356034119923,stage3_l_opt,l_opt_current_alpha,0.9572697298993111,0.9707874041446012,0.016682283707238094,0.05,False,False,True,True,0.01288941999276479,True,not_needed,,,,,0,False,5484,24648
3,2,0.0,0.0,uniform,0,uniform,0.5,guarded,stage1,,,0,14,0.006027236435004801,custom,"{""bfgs"": 0.02743308917718549, ""custom"": 0.025851812878689116}",0.027667356034119923,0.027667356034119923,stage3_l_opt,l_opt_current_alpha,0.9572697298993111,0.9707874041446012,0.016682283707238094,0.05,False,False,True,True,0.01288941999276479,True,not_needed,,,,,0,False,5622,25839
3,2,0.0,0.0,uniform,0,uniform,0.5,guarded,stage1,,,0,15,0.006027236435004801,custom,"{""bfgs"": 0.02743308917718549, ""custom"": 0.025851812878689116}",0.027667356034119923,0.027667356034119923,stage3_l_opt,l_opt_current_alpha,0.9572697298993111,0.9707874041446012,0.016682283707238094,0.05,False,False,True,True,0.01288941999276479,True,not_needed,,,,,0,False,5760,27030
3,2,0.0,0.0,uniform,0,uniform,0.5,guarded,stage1,,,0,16,0.006027236435004801,custom,"{""bfgs"": 0.02743308917718549, ""custom"": 0.025851812878689116}",0.027667356034119923,0.027667356034119923,stage3_l_opt,l_opt_current_alpha,0.9572697298993111,0.9707874041446012,0.016682283707238094,0.05,False,False,True,True,0.01288941999276479,True,not_needed,,,,,0,False,5898,28221
3,2,0.0,0.0,uniform,0,uniform,0.5,guarded,stage1,,,0,17,0.006027236435004801,custom,"{""bfgs"": 0.02743308917718549, ""custom"": 0.025851812878689116}",0.027667356034119923,0.027667356034119923,stage3_l_opt,l_opt_current_alpha,0.9572697298993111,0.9707874041446012,0.016682283707238094,0.05,False,False,True,True,0.01288941999276479,True,not_needed,,,,,0,False,6036,29412
3,2,0.0,0.0,uniform,0,uniform,0.5,guarded,stage1,,,0,18,0.006027236435004801,custom,"{""bfgs"": 0.02743308917718549, ""custom"": 0.025851812878689116}",0.027667356034119923,0.027667356034119923,stage3_l_opt,l_opt_current_alpha,0.9572697298993111,0.9707874041446012,0.016682283707238094,0.05,False,False,True,True,0.01288941999276479,True,not_needed,,,,,0,False,6174,30603
3,2,0.0,0.0,uniform,0,uniform,0.5,guarded,stage1,,,0,19,0.006027236435004801,custom,"{""bfgs"": 0.02743308917718549, ""custom"": 0.025851812878689116}",0.027667356034119923,0.027667356034119923,stage3_l_opt,l_opt_current_alpha,0.9572697298993111,0.9707874041446012,0.016682283707238094,0.05,False,False,True,True,0.01288941999276479,True,not_needed,,,,,0,False,6312,31794
3,2,0.0,0.0,stage0,0,uniform,0.5,guarded,stage1,,,0,0,0.005709285583536727,custom,"{""bfgs"": 0.030767612638251784, ""custom"": 0.024199451197177972}",0.027588367462158203,0.027588367462158203,stage3_l_opt,l_opt_current_alpha,1.3215856460162532,1.3482523126829198,0.6607928230081267,0.5,False,True,True,False,,True,not_needed,,,,,0,False,201,1443
3,2,0.0,0.0,stage0,0,uniform,0.5,guarded,stage1,,,0,1,0.016048048634144607,custom,"{""bfgs"": 0.042745877868024904, ""custom"": 0.01002379898682479}",0.02227770785490672,0.02227770785490672,stage3_l_opt,l_opt_current_alpha,0.5989530673030472,0.624357698138998,0.29947653365152366,0.5,True,True,True,False,-0.005310659607251484,True,not_needed,,,,,0,False,345,3063
3,2,0.0,0.0,stage0,0,uniform,0.5,guarded,stage1,,,0,2,0.016285127415931022,custom,"{""bfgs"": 0.04820257615820846, ""custom"": 0.005794832722247335}",0.022558423380057018,0.022558423380057018,stage3_l_opt,l_opt_current_alpha,0.31114147887748245,0.29819844013396046,0.1497382668257618,0.25,False,False,True,True,0.00028071552515029907,True,not_needed,,,,,0,False,573,4527
3,2,0.0,0.0,stage0,0,uniform,0.5,guarded,stage1,,,0,3,0.015375402989898312,custom,"{""bfgs"": 0.04547422701311668, ""custom"": 0.007563323682335609}",0.02155141532421112,0.02155141532421112,stage3_l_opt,l_opt_current_alpha,0.3937575475843408,0.41803039774900713,0.09843938689608517,0.25,True,True,True,False,-0.0007262925306955985,True,not_needed,,,,,0,False,780,6252
3,2,0.0,0.0,stage0,0,uniform,0.5,guarded,stage1,,,0,4,0.01483846081063811,custom,"{""bfgs"": 0.047281750665775946, ""custom"": 0.006071810906469969}",0.020995989441871643,0.020995989441871643,stage3_l_opt,l_opt_current_alpha,0.418578620296546,0.4088750921927942,0.10464465507413649,0.25,True,True,True,False,-0.0005554258823394775,True,not_needed,,,,,0,False,1038,7602
3,2,0.0,0.0,stage0,0,uniform,0.5,guarded,stage1,,,0,5,0.015422310528071637,custom,"{""bfgs"": 0.04556410859402032, ""custom"": 0.008171432854630798}",0.021600539485613506,0.021600539485613506,stage3_l_opt,l_opt_current_alpha,0.40352331803400676,0.42786883151033855,0.0523223275370682,0.125,False,False,True,True,0.0006045500437418631,True,not_needed,,,,,0,False,1290,8943
3,2,0.0,0.0,stage0,0,uniform,0.5,guarded,stage1,,,0,6,0.015202441330561645,custom,"{""bfgs"": 0.04642292962989814, ""custom"": 0.0071381337007228466}",0.021373676757017773,0.021373676757017773,stage3_l_opt,l_opt_current_alpha,1.495062503176652,1.5083958365099854,0.02616116376853414,0.0625,False,False,True,True,0.0003776873151461295,True,not_needed,,,,,0,False,1413,10518
3,2,0.0,0.0,stage0,0,uniform,0.5,guarded,stage1,,,0,7,0.015066508380899957,custom,"{""bfgs"": 0.04685234014783705, ""custom"": 0.00661588357684923}",0.02123313893874486,0.02123313893874486,stage3_l_opt,l_opt_current_alpha,0.2986942380727441,0.3225020864744705,0.02092893101482722,0.05,False,False,True,True,0.00023714949687321865,True,not_needed,,,,,0,False,1536,12102
3,2,0.0,0.0,stage0,0,uniform,0.5,guarded,stage1,,,0,8,0.015071257475207656,custom,"{""bfgs"": 0.04693822225142482, ""custom"": 0.00654675921899266}",0.021236238380273182,0.021236238380273182,stage3_l_opt,l_opt_current_alpha,0.29367966706355353,0.3174919575416989,0.02092893101482722,0.05,False,False,True,True,0.00024024893840153896,True,not_needed,,,,,0,False,1659,13317
3,2,0.0,0.0,stage0,0,uniform,0.5,guarded,stage1,,,0,9,0.015071257475207656,custom,"{""bfgs"": 0.04693822225142482, ""custom"": 0.00654675921899266}",0.021236238380273182,0.021236238380273182,stage3_l_opt,l_opt_current_alpha,0.29367966706355353,0.3174919575416989,0.02092893101482722,0.05,False,False,True,True,0.00024024893840153896,True,not_needed,,,,,0,False,1782,14532
3,2,0.0,0.0,stage0,0,uniform,0.5,guarded,stage1,,,0,10,0.015071257475207656,custom,"{""bfgs"": 0.04693822225142482, ""custom"": 0.00654675921899266}",0.021236238380273182,0.021236238380273182,stage3_l_opt,l_opt_current_alpha,0.29367966706355353,0.3174919575416989,0.02092893101482722,0.05,False,False,True,True,0.00024024893840153896,True,not_needed,,,,,0,False,1905,15747
3,2,0.0,0.0,stage0,0,uniform,0.5,guarded,stage1,,,0,11,0.015071257475207656,custom,"{""bfgs"": 0.04693822225142482, ""custom"": 0.00654675921899266}",0.021236238380273182,0.021236238380273182,stage3_l_opt,l_opt_current_alpha,0.29367966706355353,0.3174919575416989,0.02092893101482722,0.05,False,False,True,True,0.00024024893840153896,True,not_needed,,,,,0,False,2028,16962
3,2,0.0,0.0,stage0,0,uniform,0.5,guarded,stage1,,,0,12,0.015071257475207656,custom,"{""bfgs"": 0.04693822225142482, ""custom"": 0.00654675921899266}",0.021236238380273182,0.021236238380273182,stage3_l_opt,l_opt_current_alpha,0.29367966706355353,0.3174919575416989,0.02092893101482722,0.05,False,False,True,True,0.00024024893840153896,True,not_needed,,,,,0,False,2151,18177
3,2,0.0,0.0,stage0,0,uniform,0.5,guarded,stage1,,,0,13,0.015071257475207656,custom,"{""bfgs"": 0.04693822225142482, ""custom"": 0.00654675921899266}",0.021236238380273182,0.021236238380273182,stage3_l_opt,l_opt_current_alpha,0.29367966706355353,0.3174919575416989,0.02092893101482722,0.05,False,False,True,True,0.00024024893840153896,True,not_needed,,,,,0,False,2274,19392
3,2,0.0,0.0,stage0,0,uniform,0.5,guarded,stage1,,,0,14,0.015071257475207656,custom,"{""bfgs"": 0.04693822225142482, ""custom"": 0.00654675921899266}",0.021236238380273182,0.021236238380273182,stage3_l_opt,l_opt_current_alpha,0.29367966706355353,0.3174919575416989,0.02092893101482722,0.05,False,False,True,True,0.00024024893840153896,True,not_needed,,,,,0,False,2397,20607
3,2,0.0,0.0,stage0,0,uniform,0.5,guarded,stage1,,,0,15,0.015071257475207656,custom,"{""bfgs"": 0.04693822225142482, ""custom"": 0.00654675921899266}",0.021236238380273182,0.021236238380273182,stage3_l_opt,l_opt_current_alpha,0.29367966706355353,0.3174919575416989,0.02092893101482722,0.05,False,False,True,True,0.00024024893840153896,True,not_needed,,,,,0,False,2520,21822
3,2,0.0,0.0,stage0,0,uniform,0.5,guarded,stage1,,,0,16,0.015071257475207656,custom,"{""bfgs"": 0.04693822225142482, ""custom"": 0.00654675921899266}",0.021236238380273182,0.021236238380273182,stage3_l_opt,l_opt_current_alpha,0.29367966706355353,0.3174919575416989,0.02092893101482722,0.05,False,False,True,True,0.00024024893840153896,True,not_needed,,,,,0,False,2643,23037
3,2,0.0,0.0,stage0,0,uniform,0.5,guarded,stage1,,,0,17,0.015071257475207656,custom,"{""bfgs"": 0.04693822225142482, ""custom"": 0.00654675921899266}",0.021236238380273182,0.021236238380273182,stage3_l_opt,l_opt_current_alpha,0.29367966706355353,0.3174919575416989,0.02092893101482722,0.05,False,False,True,True,0.00024024893840153896,True,not_needed,,,,,0,False,2766,24252
3,2,0.0,0.0,stage0,0,uniform,0.5,guarded,stage1,,,0,18,0.015071257475207656,custom,"{""bfgs"": 0.04693822225142482, ""custom"": 0.00654675921899266}",0.021236238380273182,0.021236238380273182,stage3_l_opt,l_opt_current_alpha,0.29367966706355353,0.3174919575416989,0.02092893101482722,0.05,False,False,True,True,0.00024024893840153896,True,not_needed,,,,,0,False,2889,25467
3,2,0.0,0.0,stage0,0,uniform,0.5,guarded,stage1,,,0,19,0.015071257475207656,custom,"{""bfgs"": 0.04693822225142482, ""custom"": 0.00654675921899266}",0.021236238380273182,0.021236238380273182,stage3_l_opt,l_opt_current_alpha,0.29367966706355353,0.3174919575416989,0.02092893101482722,0.05,False,False,True,True,0.00024024893840153896,True,not_needed,,,,,0,False,3012,26682
4,2,0.0,0.0,uniform,0,uniform,0.5,guarded,stage1,,,0,0,0.005233680411240965,bfgs,"{""bfgs"": 0.007703421016534169, ""custom"": 0.007703421016534169}",0.007703421016534169,0.007703421016534169,stage3_l_opt,l_opt_current_alpha,1.3066661113415519,1.3333327666750532,0.653333055670776,0.5,False,True,True,False,,True,recovered_informative,20,0.016788107653458915,0.007703421016534169,0.009084686636924747,1,True,762,1698
4,2,0.0,0.0,uniform,0,uniform,0.5,guarded,stage1,,,0,1,0.005233694292354636,bfgs,"{""bfgs"": 0.003928758393892416, ""custom"": 0.003928758393892416}",0.007703435917695363,0.007703435917695363,stage3_l_opt,l_opt_current_alpha,0.6533319450186591,0.6799985776857904,0.3266659725093295,0.5,True,True,True,False,1.4901161193847656e-08,True,recovered_informative,20,0.009188434457946287,0.003928758393892416,0.005259676064053871,1,True,1467,3726
4,2,0.0,0.0,uniform,0,uniform,0.5,guarded,stage1,,,0,2,0.005233693247601737,bfgs,"{""bfgs"": 0.0020414153552091876, ""custom"": 0.002041417329627527}",0.007703435917695363,0.007703435917695363,stage3_l_opt,l_opt_current_alpha,0.3266643040956362,0.3533309027135084,0.1633321520478181,0.5,True,True,True,False,0.0,True,recovered_informative,10,0.004386632116789258,0.002041417329627527,0.0023452147871617307,1,True,2205,5400
4,2,0.0,0.0,uniform,0,uniform,0.5,guarded,stage1,,,0,3,0.002104821619511502,bfgs,"{""bfgs"": 0.0010609714297436872, ""custom"": 0.0010615878154773754}",0.007445134222507477,0.007445134222507477,stage3_l_opt,l_opt_current_alpha,0.10868465009895956,0.13423599357501828,0.05434232504947982,0.5,True,True,True,False,-0.00025830169518788627,True,recovered_informative,10,0.002399817246093167,0.0010615878154773754,0.0013382294306157915,1,True,3294,8430
4,2,0.0,0.0,uniform,0,uniform,0.5,guarded,stage1,,,0,4,0.005233663417157696,bfgs,"{""bfgs"": 0.0008823891052172554, ""custom"": 0.0008823891052172554}",0.00770344336827596,0.00770344336827596,stage3_l_opt,l_opt_current_alpha,0.10899316138926324,0.13565982805592988,0.027171162524739924,0.25,False,False,True,True,0.0002583091457684832,True,recovered_informative,10,0.0017223275362905333,0.0008823891052172554,0.0008399384310732779,1,True,4062,11160
4,2,0.0,0.0,uniform,0,uniform,0.5,guarded,stage1,,,0,5,0.005233692399648484,bfgs,"{""bfgs"": 0.000990071376430394, ""custom"": 0.0009900718307303692}",0.007703438401222229,0.007703438401222229,stage3_l_opt,l_opt_current_alpha,0.136162099914725,0.16282872119365122,0.013585581262369958,0.125,False,False,True,True,0.0002583041787147522,True,recovered_informative,10,0.0020890017047821017,0.0009900718307303692,0.0010989298740517325,1,True,5220,14328
4,2,0.0,0.0,uniform,0,uniform,0.5,guarded,stage1,,,0,6,0.005233667615642433,bfgs,"{""bfgs"": 0.0010439125109027653, ""custom"": 0.0010439131934869262}",0.007703438401222229,0.007703438401222229,stage3_l_opt,l_opt_current_alpha,0.14974768224719903,0.17641430354796417,0.006792790631185035,0.0625,False,False,True,True,0.0002583041787147522,True,recovered_informative,10,0.0022541031088216023,0.0010439131934869262,0.001210189915334676,1,True,6090,15924
4,2,0.0,0.0,uniform,0,uniform,0.5,guarded,stage1,,,0,7,0.00523366341715769,bfgs,"{""bfgs"": 0.0010708338748652046, ""custom"": 0.0010708338748652046}",0.00770344336827596,0.00770344336827596,stage3_l_opt,l_opt_current_alpha,0.15654269580755803,0.18320936247422465,0.005434232504947942,0.05,False,False,True,True,0.0002583091457684832,True,recovered_informative,10,0.0023286420647182756,0.0010708338748652046,0.001257808189853071,1,True,7089,18228
4,2,0.0,0.0,uniform,0,uniform,0.5,guarded,stage1,,,0,8,0.005233692061715923,bfgs,"{""bfgs"": 0.0010762173540259789, ""custom"": 0.0010762180111408605}",0.007703438401222229,0.007703438401222229,stage3_l_opt,l_opt_current_alpha,0.15789903100462105,0.1845656523053862,0.005434232504947942,0.05,False,False,True,True,0.0002583041787147522,True,recovered_informative,10,0.0023476755960822717,0.0010762180111408605,0.0012714575849414112,1,True,8250,19944
4,2,0.0,0.0,uniform,0,uniform,0.5,guarded,stage1,,,0,9,0.005233692061715923,bfgs,"{""bfgs"": 0.0010762173540259789, ""custom"": 0.0010762180111408605}",0.007703438401222229,0.007703438401222229,stage3_l_opt,l_opt_current_alpha,0.15789903100462105,0.1845656523053862,0.005434232504947942,0.05,False,False,True,True,0.0002583041787147522,True,recovered_informative,10,0.0023476755960822717,0.0010762180111408605,0.0012714575849414112,1,True,9411,21660
4,2,0.0,0.0,uniform,0,uniform,0.5,guarded,stage1,,,0,10,0.005233692061715923,bfgs,"{""bfgs"": 0.0010762173540259789, ""custom"": 0.0010762180111408605}",0.007703438401222229,0.007703438401222229,stage3_l_opt,l_opt_current_alpha,0.15789903100462105,0.1845656523053862,0.005434232504947942,0.05,False,False,True,True,0.0002583041787147522,True,recovered_informative,10,0.0023476755960822717,0.0010762180111408605,0.0012714575849414112,1,True,10572,23376
4,2,0.0,0.0,uniform,0,uniform,0.5,guarded,stage1,,,0,11,0.005233692061715923,bfgs,"{""bfgs"": 0.0010762173540259789, ""custom"": 0.0010762180111408605}",0.007703438401222229,0.007703438401222229,stage3_l_opt,l_opt_current_alpha,0.15789903100462105,0.1845656523053862,0.005434232504947942,0.05,False,False,True,True,0.0002583041787147522,True,recovered_informative,10,0.0023476755960822717,0.0010762180111408605,0.0012714575849414112,1,True,11733,25092
4,2,0.0,0.0,uniform,0,uniform,0.5,guarded,stage1,,,0,12,0.005233692061715923,bfgs,"{""bfgs"": 0.0010762173540259789, ""custom"": 0.0010762180111408605}",0.007703438401222229,0.007703438401222229,stage3_l_opt,l_opt_current_alpha,0.15789903100462105,0.1845656523053862,0.005434232504947942,0.05,False,False,True,True,0.0002583041787147522,True,recovered_informative,10,0.0023476755960822717,0.0010762180111408605,0.0012714575849414112,1,True,12894,26808
4,2,0.0,0.0,uniform,0,uniform,0.5,guarded,stage1,,,0,13,0.005233692061715923,bfgs,"{""bfgs"": 0.0010762173540259789, ""custom"": 0.0010762180111408605}",0.007703438401222229,0.007703438401222229,stage3_l_opt,l_opt_current_alpha,0.15789903100462105,0.1845656523053862,0.005434232504947942,0.05,False,False,True,True,0.0002583041787147522,True,recovered_informative,10,0.0023476755960822717,0.0010762180111408605,0.0012714575849414112,1,True,14055,28524
4,2,0.0,0.0,uniform,0,uniform,0.5,guarded,stage1,,,0,14,0.005233692061715923,bfgs,"{""bfgs"": 0.0010762173540259789, ""custom"": 0.0010762180111408605}",0.007703438401222229,0.007703438401222229,stage3_l_opt,l_opt_current_alpha,0.15789903100462105,0.1845656523053862,0.005434232504947942,0.05,False,False,True,True,0.0002583041787147522,True,recovered_informative,10,0.0023476755960822717,0.0010762180111408605,0.0012714575849414112,1,True,15216,30240
4,2,0.0,0.0,uniform,0,uniform,0.5,guarded,stage1,,,0,15,0.005233692061715923,bfgs,"{""bfgs"": 0.0010762173540259789, ""custom"": 0.0010762180111408605}",0.007703438401222229,0.007703438401222229,stage3_l_opt,l_opt_current_alpha,0.15789903100462105,0.1845656523053862,0.005434232504947942,0.05,False,False,True,True,0.0002583041787147522,True,recovered_informative,10,0.0023476755960822717,0.0010762180111408605,0.0012714575849414112,1,True,16377,31956
4,2,0.0,0.0,uniform,0,uniform,0.5,guarded,stage1,,,0,16,0.005233692061715923,bfgs,"{""bfgs"": 0.0010762173540259789, ""custom"": 0.0010762180111408605}",0.007703438401222229,0.007703438401222229,stage3_l_opt,l_opt_current_alpha,0.15789903100462105,0.1845656523053862,0.005434232504947942,0.05,False,False,True,True,0.0002583041787147522,True,recovered_informative,10,0.0023476755960822717,0.0010762180111408605,0.0012714575849414112,1,True,17538,33672
4,2,0.0,0.0,uniform,0,uniform,0.5,guarded,stage1,,,0,17,0.005233692061715923,bfgs,"{""bfgs"": 0.0010762173540259789, ""custom"": 0.0010762180111408605}",0.007703438401222229,0.007703438401222229,stage3_l_opt,l_opt_current_alpha,0.15789903100462105,0.1845656523053862,0.005434232504947942,0.05,False,False,True,True,0.0002583041787147522,True,recovered_informative,10,0.0023476755960822717,0.0010762180111408605,0.0012714575849414112,1,True,18699,35388
4,2,0.0,0.0,uniform,0,uniform,0.5,guarded,stage1,,,0,18,0.005233692061715923,bfgs,"{""bfgs"": 0.0010762173540259789, ""custom"": 0.0010762180111408605}",0.007703438401222229,0.007703438401222229,stage3_l_opt,l_opt_current_alpha,0.15789903100462105,0.1845656523053862,0.005434232504947942,0.05,False,False,True,True,0.0002583041787147522,True,recovered_informative,10,0.0023476755960822717,0.0010762180111408605,0.0012714575849414112,1,True,19860,37104
4,2,0.0,0.0,uniform,0,uniform,0.5,guarded,stage1,,,0,19,0.005233692061715923,bfgs,"{""bfgs"": 0.0010762173540259789, ""custom"": 0.0010762180111408605}",0.007703438401222229,0.007703438401222229,stage3_l_opt,l_opt_current_alpha,0.15789903100462105,0.1845656523053862,0.005434232504947942,0.05,False,False,True,True,0.0002583041787147522,True,recovered_informative,10,0.0023476755960822717,0.0010762180111408605,0.0012714575849414112,1,True,21021,38820
4,2,0.0,0.0,stage0,0,uniform,0.5,guarded,stage1,,,0,0,0.005233677475194333,bfgs,"{""bfgs"": 0.006409347441399466, ""custom"": 0.006409347441399466}",0.007703423500061035,0.007703423500061035,stage3_l_opt,l_opt_current_alpha,1.3120728065803435,1.338739337112096,0.6560364032901718,0.5,False,True,True,False,,True,recovered_informative,10,0.01749110574613913,0.006409347441399466,0.011081758304739665,1,True,1065,1644
4,2,0.0,0.0,stage0,0,uniform,0.5,guarded,stage1,,,0,1,0.0074538466182034815,custom,"{""bfgs"": 0.08539632603367005, ""custom"": 0.008289360586524365}",0.015119043489297232,0.015119043489297232,stage3_l_opt,l_opt_current_alpha,0.6560430739009695,0.6827097405676361,0.3280182016450859,0.25,False,False,True,True,0.0074156199892361965,True,not_needed,,,,,0,False,1245,3069
4,2,0.0,0.0,stage0,0,uniform,0.5,guarded,stage1,,,0,2,0.005233677103632882,bfgs,"{""bfgs"": 0.0048455442794140095, ""custom"": 0.0048455442794140095}",0.007703423500061035,0.007703423500061035,stage3_l_opt,l_opt_current_alpha,0.9840590518861436,1.0107256731719958,0.24601476297153588,0.25,True,True,True,False,0.0,True,recovered_informative,10,0.013512674279916603,0.0048455442794140095,0.008667130000502593,1,True,1944,5127
4,2,0.0,0.0,stage0,0,uniform,0.5,guarded,stage1,,,0,3,0.00523367737790834,bfgs,"{""bfgs"": 0.0036726814627684543, ""custom"": 0.0036726814627684543}",0.007703423500061035,0.007703423500061035,stage3_l_opt,l_opt_current_alpha,0.7380465125745195,0.7647131792411861,0.18451162814362987,0.25,True,True,True,False,0.0,True,recovered_informative,10,0.013871090476411723,0.0036726814627684543,0.010198409013643269,1,True,2658,7785
4,2,0.0,0.0,stage0,0,uniform,0.5,guarded,stage1,,,0,4,0.005233717065970252,custom,"{""bfgs"": 0.08315253096426094, ""custom"": 0.0027930358169480714}",0.007703423500061035,0.007703423500061035,stage3_l_opt,l_opt_current_alpha,0.5535309927843146,0.5801975800296226,0.1383827481960786,0.25,True,True,True,False,0.0,True,not_needed,,,,,0,False,2898,9513
4,2,0.0,0.0,stage0,0,uniform,0.5,guarded,stage1,,,0,5,0.005233675392134122,bfgs,"{""bfgs"": 0.0021332980772463565, ""custom"": 0.0021332980772463565}",0.007703428467114766,0.007703428467114766,stage3_l_opt,l_opt_current_alpha,0.41515046835789354,0.4418171009862557,0.10378761708947339,0.25,True,True,True,False,4.9670537309934315e-09,True,recovered_informative,20,0.005763184015809931,0.0021332980772463565,0.0036298859385635743,1,True,3765,11889
4,2,0.0,0.0,stage0,0,uniform,0.5,guarded,stage1,,,0,6,0.018485153830105405,custom,"{""bfgs"": 0.07785164083968163, ""custom"": 0.004405758406464125}",0.016440915564695995,0.016440915564695995,stage3_l_opt,l_opt_current_alpha,0.3113645191453376,0.3380311858120042,0.051893808544736686,0.125,False,False,True,True,0.00873748709758123,True,not_needed,,,,,0,False,4014,13110
4,2,0.0,0.0,stage0,0,uniform,0.5,guarded,stage1,,,0,7,0.0052336753921341135,bfgs,"{""bfgs"": 0.0018858952953903958, ""custom"": 0.0018858952953903958}",0.007703428467114766,0.007703428467114766,stage3_l_opt,l_opt_current_alpha,0.36325666049461186,0.38992329313688123,0.04540708256182646,0.125,True,True,True,False,0.0,True,recovered_informative,20,0.005089032808839303,0.0018858952953903958,0.0032031375134489075,1,True,4779,14868
4,2,0.0,0.0,stage0,0,uniform,0.5,guarded,stage1,,,0,8,0.01844028394984837,custom,"{""bfgs"": 0.07799362921199651, ""custom"": 0.004487804753380328}",0.01642053077618281,0.01642053077618281,stage3_l_opt,l_opt_current_alpha,0.31785124512824786,0.3445179117949145,0.02270354128091319,0.0625,False,False,True,True,0.008717102309068046,True,not_needed,,,,,0,False,5082,15729
4,2,0.0,0.0,stage0,0,uniform,0.5,guarded,stage1,,,0,9,0.0052336753921341135,bfgs,"{""bfgs"": 0.0017776565782364252, ""custom"": 0.0017776565782364252}",0.007703428467114766,0.007703428467114766,stage3_l_opt,l_opt_current_alpha,0.3405531192136987,0.36721975185596806,0.02128456995085616,0.0625,True,True,True,False,0.0,True,recovered_informative,20,0.004806724341492027,0.0017776565782364252,0.0030290677632556023,1,True,5856,18411
4,2,0.0,0.0,stage0,0,uniform,0.5,guarded,stage1,,,0,10,0.018403572774586874,custom,"{""bfgs"": 0.07802468916902032, ""custom"": 0.004525075283593281}",0.016422274212042492,0.016422274212042492,stage3_l_opt,l_opt_current_alpha,0.31927021645830495,0.3459368831249716,0.01702765596068498,0.05,False,False,True,True,0.008718845744927727,True,not_needed,,,,,0,False,6075,19641
4,2,0.0,0.0,stage0,0,uniform,0.5,guarded,stage1,,,0,11,0.017827309462991936,custom,"{""bfgs"": 0.0781178690400918, ""custom"": 0.00458250496635645}",0.016190523902575176,0.016190523902575176,stage3_l_opt,l_opt_current_alpha,0.32352713044847614,0.35019379711514276,0.01702765596068498,0.05,False,False,True,True,0.00848709543546041,True,not_needed,,,,,0,False,6315,21102
4,2,0.0,0.0,stage0,0,uniform,0.5,guarded,stage1,,,0,12,0.017827309462991936,custom,"{""bfgs"": 0.0781178690400918, ""custom"": 0.00458250496635645}",0.016190523902575176,0.016190523902575176,stage3_l_opt,l_opt_current_alpha,0.32352713044847614,0.35019379711514276,0.01702765596068498,0.05,False,False,True,True,0.00848709543546041,True,not_needed,,,,,0,False,6555,22563
4,2,0.0,0.0,stage0,0,uniform,0.5,guarded,stage1,,,0,13,0.017827309462991936,custom,"{""bfgs"": 0.0781178690400918, ""custom"": 0.00458250496635645}",0.016190523902575176,0.016190523902575176,stage3_l_opt,l_opt_current_alpha,0.32352713044847614,0.35019379711514276,0.01702765596068498,0.05,False,False,True,True,0.00848709543546041,True,not_needed,,,,,0,False,6795,24024
4,2,0.0,0.0,stage0,0,uniform,0.5,guarded,stage1,,,0,14,0.017827309462991936,custom,"{""bfgs"": 0.0781178690400918, ""custom"": 0.00458250496635645}",0.016190523902575176,0.016190523902575176,stage3_l_opt,l_opt_current_alpha,0.32352713044847614,0.35019379711514276,0.01702765596068498,0.05,False,False,True,True,0.00848709543546041,True,not_needed,,,,,0,False,7035,25485
4,2,0.0,0.0,stage0,0,uniform,0.5,guarded,stage1,,,0,15,0.017827309462991936,custom,"{""bfgs"": 0.0781178690400918, ""custom"": 0.00458250496635645}",0.016190523902575176,0.016190523902575176,stage3_l_opt,l_opt_current_alpha,0.32352713044847614,0.35019379711514276,0.01702765596068498,0.05,False,False,True,True,0.00848709543546041,True,not_needed,,,,,0,False,7275,26946
4,2,0.0,0.0,stage0,0,uniform,0.5,guarded,stage1,,,0,16,0.017827309462991936,custom,"{""bfgs"": 0.0781178690400918, ""custom"": 0.00458250496635645}",0.016190523902575176,0.016190523902575176,stage3_l_opt,l_opt_current_alpha,0.32352713044847614,0.35019379711514276,0.01702765596068498,0.05,False,False,True,True,0.00848709543546041,True,not_needed,,,,,0,False,7515,28407
4,2,0.0,0.0,stage0,0,uniform,0.5,guarded,stage1,,,0,17,0.017827309462991936,custom,"{""bfgs"": 0.0781178690400918, ""custom"": 0.00458250496635645}",0.016190523902575176,0.016190523902575176,stage3_l_opt,l_opt_current_alpha,0.32352713044847614,0.35019379711514276,0.01702765596068498,0.05,False,False,True,True,0.00848709543546041,True,not_needed,,,,,0,False,7755,29868
4,2,0.0,0.0,stage0,0,uniform,0.5,guarded,stage1,,,0,18,0.017827309462991936,custom,"{""bfgs"": 0.0781178690400918, ""custom"": 0.00458250496635645}",0.016190523902575176,0.016190523902575176,stage3_l_opt,l_opt_current_alpha,0.32352713044847614,0.35019379711514276,0.01702765596068498,0.05,False,False,True,True,0.00848709543546041,True,not_needed,,,,,0,False,7995,31329
4,2,0.0,0.0,stage0,0,uniform,0.5,guarded,stage1,,,0,19,0.017827309462991936,custom,"{""bfgs"": 0.0781178690400918, ""custom"": 0.00458250496635645}",0.016190523902575176,0.016190523902575176,stage3_l_opt,l_opt_current_alpha,0.32352713044847614,0.35019379711514276,0.01702765596068498,0.05,False,False,True,True,0.00848709543546041,True,not_needed,,,,,0,False,8235,32790
5,2,0.0,0.0,uniform,0,uniform,0.5,guarded,stage1,,,0,0,0.026431987300693793,bfgs,"{""bfgs"": 0.008244013413786886, ""custom"": 0.008244028314948082}",0.008244013413786888,0.008244013413786888,stage3_l_opt,l_opt_current_alpha,1.2555759693543376,1.2811999687289157,0.6277879846771688,0.5,False,True,True,False,,True,recovered_informative,3,0.020472523445884384,0.008244028314948082,0.012228495130936302,1,True,924,1680
5,2,0.0,0.0,uniform,0,uniform,0.5,guarded,stage1,,,0,1,0.03302526775214859,bfgs,"{""bfgs"": 0.005545249428159667, ""custom"": 0.005545249428159667}",0.010242216909925142,0.010242216909925142,stage3_l_opt,l_opt_current_alpha,0.6788535320199613,0.7055196854219434,0.31389399233858445,0.25,False,False,True,True,0.0019982034961382542,True,recovered_informative,3,0.021910515583455713,0.005545249428159667,0.016365266155296047,1,True,1767,4524
5,2,0.0,0.0,uniform,0,uniform,0.5,guarded,stage1,,,0,2,0.026993596111706042,bfgs,"{""bfgs"": 0.007843981899308558, ""custom"": 0.007843981899308558}",0.008281176909804344,0.008281176909804344,stage3_l_opt,l_opt_current_alpha,0.9927726743280822,1.0194393409947489,0.2481931685820206,0.25,True,True,True,False,3.7163496017456055e-05,True,recovered_informative,20,0.013861004189147423,0.007843981899308558,0.006017022289838865,1,True,2649,9762
5,2,0.0,0.0,uniform,0,uniform,0.5,guarded,stage1,,,0,3,0.03302531508250839,bfgs,"{""bfgs"": 0.005971516508837877, ""custom"": 0.005971517784903975}",0.010242216909925142,0.010242216909925142,stage3_l_opt,l_opt_current_alpha,0.7445543557765251,0.7712205091785073,0.12409658429101028,0.125,False,False,True,True,0.001961040000120798,True,recovered_informative,20,0.023859718613515157,0.005971517784903975,0.017888200828611183,1,True,3405,13050
5,2,0.0,0.0,uniform,0,uniform,0.5,guarded,stage1,,,0,4,0.03302521491664029,bfgs,"{""bfgs"": 0.0069326192633697055, ""custom"": 0.0069326192633697055}",0.010242179657022158,0.010242179657022158,stage3_l_opt,l_opt_current_alpha,0.8686760900370719,0.8953427567037386,0.06204829214550517,0.0625,False,False,True,True,0.0019610027472178135,True,recovered_informative,3,0.017786603832574834,0.0069326192633697055,0.010853984569205128,1,True,4230,15720
5,2,0.0,0.0,uniform,0,uniform,0.5,guarded,stage1,,,0,5,0.033025216173628136,bfgs,"{""bfgs"": 0.007413168931439023, ""custom"": 0.007413168931439023}",0.010242179657022158,0.010242179657022158,stage3_l_opt,l_opt_current_alpha,0.930724382182577,0.9573910488492438,0.049638633716404146,0.05,False,False,True,True,0.0019610027472178135,True,recovered_informative,3,0.01745969014062922,0.007413168931439023,0.010046521209190197,1,True,4998,19056
5,2,0.0,0.0,uniform,0,uniform,0.5,guarded,stage1,,,0,6,0.03302486773261487,bfgs,"{""bfgs"": 0.007509296440735379, ""custom"": 0.007509298609701658}",0.0102420753488938,0.0102420753488938,stage3_l_opt,l_opt_current_alpha,0.9421293310355283,0.9687754934251307,0.049638633716404146,0.05,False,False,True,True,0.0019608984390894566,True,recovered_informative,20,0.02628442266637631,0.007509298609701658,0.018775124056674652,1,True,5814,23040
5,2,0.0,0.0,uniform,0,uniform,0.5,guarded,stage1,,,0,7,0.03302486773261487,bfgs,"{""bfgs"": 0.007509296440735379, ""custom"": 0.007509298609701658}",0.0102420753488938,0.0102420753488938,stage3_l_opt,l_opt_current_alpha,0.9421293310355283,0.9687754934251307,0.049638633716404146,0.05,False,False,True,True,0.0019608984390894566,True,recovered_informative,20,0.02628442266637631,0.007509298609701658,0.018775124056674652,1,True,6630,27024
5,2,0.0,0.0,uniform,0,uniform,0.5,guarded,stage1,,,0,8,0.03302486773261487,bfgs,"{""bfgs"": 0.007509296440735379, ""custom"": 0.007509298609701658}",0.0102420753488938,0.0102420753488938,stage3_l_opt,l_opt_current_alpha,0.9421293310355283,0.9687754934251307,0.049638633716404146,0.05,False,False,True,True,0.0019608984390894566,True,recovered_informative,20,0.02628442266637631,0.007509298609701658,0.018775124056674652,1,True,7446,31008
5,2,0.0,0.0,uniform,0,uniform,0.5,guarded,stage1,,,0,9,0.03302486773261487,bfgs,"{""bfgs"": 0.007509296440735379, ""custom"": 0.007509298609701658}",0.0102420753488938,0.0102420753488938,stage3_l_opt,l_opt_current_alpha,0.9421293310355283,0.9687754934251307,0.049638633716404146,0.05,False,False,True,True,0.0019608984390894566,True,recovered_informative,20,0.02628442266637631,0.007509298609701658,0.018775124056674652,1,True,8262,34992
5,2,0.0,0.0,uniform,0,uniform,0.5,guarded,stage1,,,0,10,0.03302486773261487,bfgs,"{""bfgs"": 0.007509296440735379, ""custom"": 0.007509298609701658}",0.0102420753488938,0.0102420753488938,stage3_l_opt,l_opt_current_alpha,0.9421293310355283,0.9687754934251307,0.049638633716404146,0.05,False,False,True,True,0.0019608984390894566,True,recovered_informative,20,0.02628442266637631,0.007509298609701658,0.018775124056674652,1,True,9078,38976
5,2,0.0,0.0,uniform,0,uniform,0.5,guarded,stage1,,,0,11,0.03302486773261487,bfgs,"{""bfgs"": 0.007509296440735379, ""custom"": 0.007509298609701658}",0.0102420753488938,0.0102420753488938,stage3_l_opt,l_opt_current_alpha,0.9421293310355283,0.9687754934251307,0.049638633716404146,0.05,False,False,True,True,0.0019608984390894566,True,recovered_informative,20,0.02628442266637631,0.007509298609701658,0.018775124056674652,1,True,9894,42960
5,2,0.0,0.0,uniform,0,uniform,0.5,guarded,stage1,,,0,12,0.03302486773261487,bfgs,"{""bfgs"": 0.007509296440735379, ""custom"": 0.007509298609701658}",0.0102420753488938,0.0102420753488938,stage3_l_opt,l_opt_current_alpha,0.9421293310355283,0.9687754934251307,0.049638633716404146,0.05,False,False,True,True,0.0019608984390894566,True,recovered_informative,20,0.02628442266637631,0.007509298609701658,0.018775124056674652,1,True,10710,46944
5,2,0.0,0.0,uniform,0,uniform,0.5,guarded,stage1,,,0,13,0.03302486773261487,bfgs,"{""bfgs"": 0.007509296440735379, ""custom"": 0.007509298609701658}",0.0102420753488938,0.0102420753488938,stage3_l_opt,l_opt_current_alpha,0.9421293310355283,0.9687754934251307,0.049638633716404146,0.05,False,False,True,True,0.0019608984390894566,True,recovered_informative,20,0.02628442266637631,0.007509298609701658,0.018775124056674652,1,True,11526,50928
5,2,0.0,0.0,uniform,0,uniform,0.5,guarded,stage1,,,0,14,0.03302486773261487,bfgs,"{""bfgs"": 0.007509296440735379, ""custom"": 0.007509298609701658}",0.0102420753488938,0.0102420753488938,stage3_l_opt,l_opt_current_alpha,0.9421293310355283,0.9687754934251307,0.049638633716404146,0.05,False,False,True,True,0.0019608984390894566,True,recovered_informative,20,0.02628442266637631,0.007509298609701658,0.018775124056674652,1,True,12342,54912
5,2,0.0,0.0,uniform,0,uniform,0.5,guarded,stage1,,,0,15,0.03302486773261487,bfgs,"{""bfgs"": 0.007509296440735379, ""custom"": 0.007509298609701658}",0.0102420753488938,0.0102420753488938,stage3_l_opt,l_opt_current_alpha,0.9421293310355283,0.9687754934251307,0.049638633716404146,0.05,False,False,True,True,0.0019608984390894566,True,recovered_informative,20,0.02628442266637631,0.007509298609701658,0.018775124056674652,1,True,13158,58896
5,2,0.0,0.0,uniform,0,uniform,0.5,guarded,stage1,,,0,16,0.03302486773261487,bfgs,"{""bfgs"": 0.007509296440735379, ""custom"": 0.007509298609701658}",0.0102420753488938,0.0102420753488938,stage3_l_opt,l_opt_current_alpha,0.9421293310355283,0.9687754934251307,0.049638633716404146,0.05,False,False,True,True,0.0019608984390894566,True,recovered_informative,20,0.02628442266637631,0.007509298609701658,0.018775124056674652,1,True,13974,62880
5,2,0.0,0.0,uniform,0,uniform,0.5,guarded,stage1,,,0,17,0.03302486773261487,bfgs,"{""bfgs"": 0.007509296440735379, ""custom"": 0.007509298609701658}",0.0102420753488938,0.0102420753488938,stage3_l_opt,l_opt_current_alpha,0.9421293310355283,0.9687754934251307,0.049638633716404146,0.05,False,False,True,True,0.0019608984390894566,True,recovered_informative,20,0.02628442266637631,0.007509298609701658,0.018775124056674652,1,True,14790,66864
5,2,0.0,0.0,uniform,0,uniform,0.5,guarded,stage1,,,0,18,0.03302486773261487,bfgs,"{""bfgs"": 0.007509296440735379, ""custom"": 0.007509298609701658}",0.0102420753488938,0.0102420753488938,stage3_l_opt,l_opt_current_alpha,0.9421293310355283,0.9687754934251307,0.049638633716404146,0.05,False,False,True,True,0.0019608984390894566,True,recovered_informative,20,0.02628442266637631,0.007509298609701658,0.018775124056674652,1,True,15606,70848
5,2,0.0,0.0,uniform,0,uniform,0.5,guarded,stage1,,,0,19,0.03302486773261487,bfgs,"{""bfgs"": 0.007509296440735379, ""custom"": 0.007509298609701658}",0.0102420753488938,0.0102420753488938,stage3_l_opt,l_opt_current_alpha,0.9421293310355283,0.9687754934251307,0.049638633716404146,0.05,False,False,True,True,0.0019608984390894566,True,recovered_informative,20,0.02628442266637631,0.007509298609701658,0.018775124056674652,1,True,16422,74832
5,2,0.0,0.0,uniform,0,uniform,0.5,guarded,stage1,,,1,0,0.016154373146065215,custom,"{""bfgs"": 0.02457054704427719, ""custom"": 0.011828691698610783}",0.011828691698610783,0.011828691698610783,stage3_l_opt,l_opt_current_alpha,0.853149960526417,0.8705611842106296,0.42657498026320845,0.5,False,True,True,False,,True,not_needed,,,,,0,False,294,38
5,2,0.0,0.0,uniform,0,uniform,0.5,guarded,stage1,,,1,1,0.03302530269747084,custom,"{""bfgs"": 0.02027545708605311, ""custom"": 0.007223206988697988}",0.012596585787832737,0.012596585787832737,stage3_l_opt,l_opt_current_alpha,0.5534221922511062,0.5734221345473167,0.2132874901316042,0.25,False,False,True,True,0.0007678940892219543,True,not_needed,,,,,0,False,538,76
5,2,0.0,0.0,uniform,0,uniform,0.5,guarded,stage1,,,1,2,0.0330252252187333,custom,"{""bfgs"": 0.15834340919096543, ""custom"": 0.009909897378260524}",0.012596570886671543,0.012596570886671543,stage3_l_opt,l_opt_current_alpha,0.7667068549133407,0.7867067395060945,0.10664374506580215,0.125,False,False,True,True,0.0007678791880607605,True,not_needed,,,,,0,False,678,114
5,2,0.0,0.0,uniform,0,uniform,0.5,guarded,stage1,,,1,3,0.03302509901807005,custom,"{""bfgs"": 0.028571403029040314, ""custom"": 0.011253264924783584}",0.012596585787832737,0.012596585787832737,stage3_l_opt,l_opt_current_alpha,0.8733534274485124,0.8933533697447229,0.05332187253290105,0.0625,False,False,True,True,0.0007678940892219543,True,not_needed,,,,,0,False,1092,152
5,2,0.0,0.0,uniform,0,uniform,0.5,guarded,stage1,,,1,4,0.03300311393723321,custom,"{""bfgs"": 0.039709007797844295, ""custom"": 0.011925190716313115}",0.012595557607710361,0.012595557607710361,stage3_l_opt,l_opt_current_alpha,0.9264802428636065,0.9464762044023107,0.04265749802632085,0.05,False,False,True,True,0.0007668659090995789,True,not_needed,,,,,0,False,1464,190
5,2,0.0,0.0,uniform,0,uniform,0.5,guarded,stage1,,,1,5,0.03208656553806294,custom,"{""bfgs"": 0.10100169326384796, ""custom"": 0.012059558627462951}",0.012552806176245213,0.012552806176245213,stage3_l_opt,l_opt_current_alpha,0.929102370556483,0.9489342046091933,0.04265749802632085,0.05,False,False,True,True,0.0007241144776344299,True,not_needed,,,,,0,False,1564,228
5,2,0.0,0.0,uniform,0,uniform,0.5,guarded,stage1,,,1,6,0.03208656553806294,custom,"{""bfgs"": 0.10100169326384796, ""custom"": 0.012059558627462951}",0.012552806176245213,0.012552806176245213,stage3_l_opt,l_opt_current_alpha,0.929102370556483,0.9489342046091933,0.04265749802632085,0.05,False,False,True,True,0.0007241144776344299,True,not_needed,,,,,0,False,1664,266
5,2,0.0,0.0,uniform,0,uniform,0.5,guarded,stage1,,,1,7,0.03208656553806294,custom,"{""bfgs"": 0.10100169326384796, ""custom"": 0.012059558627462951}",0.012552806176245213,0.012552806176245213,stage3_l_opt,l_opt_current_alpha,0.929102370556483,0.9489342046091933,0.04265749802632085,0.05,False,False,True,True,0.0007241144776344299,True,not_needed,,,,,0,False,1764,304
5,2,0.0,0.0,uniform,0,uniform,0.5,guarded,stage1,,,1,8,0.03208656553806294,custom,"{""bfgs"": 0.10100169326384796, ""custom"": 0.012059558627462951}",0.012552806176245213,0.012552806176245213,stage3_l_opt,l_opt_current_alpha,0.929102370556483,0.9489342046091933,0.04265749802632085,0.05,False,False,True,True,0.0007241144776344299,True,not_needed,,,,,0,False,1864,342
5,2,0.0,0.0,uniform,0,uniform,0.5,guarded,stage1,,,1,9,0.03208656553806294,custom,"{""bfgs"": 0.10100169326384796, ""custom"": 0.012059558627462951}",0.012552806176245213,0.012552806176245213,stage3_l_opt,l_opt_current_alpha,0.929102370556483,0.9489342046091933,0.04265749802632085,0.05,False,False,True,True,0.0007241144776344299,True,not_needed,,,,,0,False,1964,380
5,2,0.0,0.0,uniform,0,uniform,0.5,guarded,stage1,,,1,10,0.03208656553806294,custom,"{""bfgs"": 0.10100169326384796, ""custom"": 0.012059558627462951}",0.012552806176245213,0.012552806176245213,stage3_l_opt,l_opt_current_alpha,0.929102370556483,0.9489342046091933,0.04265749802632085,0.05,False,False,True,True,0.0007241144776344299,True,not_needed,,,,,0,False,2064,418
5,2,0.0,0.0,uniform,0,uniform,0.5,guarded,stage1,,,1,11,0.03208656553806294,custom,"{""bfgs"": 0.10100169326384796, ""custom"": 0.012059558627462951}",0.012552806176245213,0.012552806176245213,stage3_l_opt,l_opt_current_alpha,0.929102370556483,0.9489342046091933,0.04265749802632085,0.05,False,False,True,True,0.0007241144776344299,True,not_needed,,,,,0,False,2164,456
5,2,0.0,0.0,uniform,0,uniform,0.5,guarded,stage1,,,1,12,0.03208656553806294,custom,"{""bfgs"": 0.10100169326384796, ""custom"": 0.012059558627462951}",0.012552806176245213,0.012552806176245213,stage3_l_opt,l_opt_current_alpha,0.929102370556483,0.9489342046091933,0.04265749802632085,0.05,False,False,True,True,0.0007241144776344299,True,not_needed,,,,,0,False,2264,494
5,2,0.0,0.0,uniform,0,uniform,0.5,guarded,stage1,,,1,13,0.03208656553806294,custom,"{""bfgs"": 0.10100169326384796, ""custom"": 0.012059558627462951}",0.012552806176245213,0.012552806176245213,stage3_l_opt,l_opt_current_alpha,0.929102370556483,0.9489342046091933,0.04265749802632085,0.05,False,False,True,True,0.0007241144776344299,True,not_needed,,,,,0,False,2364,532
5,2,0.0,0.0,uniform,0,uniform,0.5,guarded,stage1,,,1,14,0.03208656553806294,custom,"{""bfgs"": 0.10100169326384796, ""custom"": 0.012059558627462951}",0.012552806176245213,0.012552806176245213,stage3_l_opt,l_opt_current_alpha,0.929102370556483,0.9489342046091933,0.04265749802632085,0.05,False,False,True,True,0.0007241144776344299,True,not_needed,,,,,0,False,2464,570
5,2,0.0,0.0,uniform,0,uniform,0.5,guarded,stage1,,,1,15,0.03208656553806294,custom,"{""bfgs"": 0.10100169326384796, ""custom"": 0.012059558627462951}",0.012552806176245213,0.012552806176245213,stage3_l_opt,l_opt_current_alpha,0.929102370556483,0.9489342046091933,0.04265749802632085,0.05,False,False,True,True,0.0007241144776344299,True,not_needed,,,,,0,False,2564,608
5,2,0.0,0.0,uniform,0,uniform,0.5,guarded,stage1,,,1,16,0.03208656553806294,custom,"{""bfgs"": 0.10100169326384796, ""custom"": 0.012059558627462951}",0.012552806176245213,0.012552806176245213,stage3_l_opt,l_opt_current_alpha,0.929102370556483,0.9489342046091933,0.04265749802632085,0.05,False,False,True,True,0.0007241144776344299,True,not_needed,,,,,0,False,2664,646
5,2,0.0,0.0,uniform,0,uniform,0.5,guarded,stage1,,,1,17,0.03208656553806294,custom,"{""bfgs"": 0.10100169326384796, ""custom"": 0.012059558627462951}",0.012552806176245213,0.012552806176245213,stage3_l_opt,l_opt_current_alpha,0.929102370556483,0.9489342046091933,0.04265749802632085,0.05,False,False,True,True,0.0007241144776344299,True,not_needed,,,,,0,False,2764,684
5,2,0.0,0.0,uniform,0,uniform,0.5,guarded,stage1,,,1,18,0.03208656553806294,custom,"{""bfgs"": 0.10100169326384796, ""custom"": 0.012059558627462951}",0.012552806176245213,0.012552806176245213,stage3_l_opt,l_opt_current_alpha,0.929102370556483,0.9489342046091933,0.04265749802632085,0.05,False,False,True,True,0.0007241144776344299,True,not_needed,,,,,0,False,2864,722
5,2,0.0,0.0,uniform,0,uniform,0.5,guarded,stage1,,,1,19,0.03208656553806294,custom,"{""bfgs"": 0.10100169326384796, ""custom"": 0.012059558627462951}",0.012552806176245213,0.012552806176245213,stage3_l_opt,l_opt_current_alpha,0.929102370556483,0.9489342046091933,0.04265749802632085,0.05,False,False,True,True,0.0007241144776344299,True,not_needed,,,,,0,False,2964,760
5,2,0.0,0.0,stage0,0,uniform,0.5,guarded,stage1,,,0,0,0.02659675063575495,bfgs,"{""bfgs"": 0.00903670516708977, ""custom"": 0.009037628417353581}",0.008200449869036674,0.008200449869036674,stage3_l_opt,l_opt_current_alpha,1.198258730522054,1.2235016570798969,0.5991293652610269,0.5,False,True,True,False,,True,recovered_informative,3,0.020659672989402158,0.009037628417353581,0.011622044572048577,1,True,468,4026
5,2,0.0,0.0,stage0,0,uniform,0.5,guarded,stage1,,,0,1,0.021577917574038562,custom,"{""bfgs"": 0.0050328249528685184, ""custom"": 0.0045497817248623335}",0.010698161398371061,0.010698161398371061,stage3_l_opt,l_opt_current_alpha,1.6915284167466826,1.7181950834133493,0.2995646826305135,0.25,False,False,True,True,0.0024977115293343868,True,recovered_informative,3,0.02149030517560851,0.005371852879329597,0.016118452296278916,1,True,2364,7854
5,2,0.0,0.0,stage0,0,uniform,0.5,guarded,stage1,,,0,2,0.03156079955687713,custom,"{""bfgs"": 0.008452340803878206, ""custom"": 0.007778264570321397}",0.009060788278778395,0.009060788278778395,stage3_l_opt,l_opt_current_alpha,0.26575446348810294,0.2642757922645384,0.1497823413152567,0.125,False,False,True,True,0.0008603384097417201,True,recovered_informative,3,0.025748249526045444,0.008452366568305305,0.01729588295774014,1,True,3591,11022
5,2,0.0,0.0,stage0,0,uniform,0.5,guarded,stage1,,,0,3,0.026993598813369102,bfgs,"{""bfgs"": 0.008825713270724825, ""custom"": 0.008825713270724825}",0.008281176909804344,0.008281176909804344,stage3_l_opt,l_opt_current_alpha,1.1182396545391589,1.1449063212058255,0.13977995681739486,0.125,True,True,True,False,8.072704076766968e-05,True,recovered_informative,20,0.023547320965118683,0.008825713270724825,0.014721607694393858,1,True,4440,16116
5,2,0.0,0.0,stage0,0,uniform,0.5,guarded,stage1,,,0,4,0.021964233390940335,bfgs,"{""bfgs"": 0.007039579713816176, ""custom"": 0.007062420944927815}",0.01094480169316133,0.01094480169316133,stage3_l_opt,l_opt_current_alpha,1.5497531810952103,1.5764198477618772,0.06988997840869737,0.0625,False,False,True,True,0.002663624783356985,True,recovered_informative,3,0.023561271149291158,0.00706747121982627,0.016493799929464887,1,True,5625,18882
5,2,0.0,0.0,stage0,0,uniform,0.5,guarded,stage1,,,0,5,0.02699372291104296,bfgs,"{""bfgs"": 0.00866243805439413, ""custom"": 0.00866243805439413}",0.008281194294492403,0.008281194294492403,stage3_l_opt,l_opt_current_alpha,1.0483496761304614,1.0750163427971282,0.06552185475815372,0.0625,True,True,True,False,1.738468805891069e-08,True,recovered_informative,20,0.024909960189124274,0.00866243805439413,0.016247522134730144,1,True,6402,22014
5,2,0.0,0.0,stage0,0,uniform,0.5,guarded,stage1,,,0,6,0.02699372291104324,bfgs,"{""bfgs"": 0.008509356081806809, ""custom"": 0.008509356081806809}",0.008281194294492403,0.008281194294492403,stage3_l_opt,l_opt_current_alpha,0.9828278213723077,1.0094944880389745,0.06142673883576921,0.0625,True,True,True,False,0.0,True,recovered_informative,20,0.01752248572240411,0.008509356081806809,0.0090131296405973,1,True,7434,23976
5,2,0.0,0.0,stage0,0,uniform,0.5,guarded,stage1,,,0,7,0.03302523170488625,bfgs,"{""bfgs"": 0.008013848401572436, ""custom"": 0.008013848401572436}",0.010242174689968428,0.010242174689968428,stage3_l_opt,l_opt_current_alpha,0.9214010825365384,0.9480677492032051,0.04914139106861537,0.05,False,False,True,True,0.0019609803954760245,True,recovered_informative,3,0.029309578314914084,0.008013848401572436,0.021295729913341648,1,True,8094,26634
5,2,0.0,0.0,stage0,0,uniform,0.5,guarded,stage1,,,0,8,0.033025143758736886,bfgs,"{""bfgs"": 0.008117987155300859, ""custom"": 0.008117987155300859}",0.010242162272334099,0.010242162272334099,stage3_l_opt,l_opt_current_alpha,0.9336864303036922,0.960353096970359,0.04914139106861537,0.05,False,False,True,True,0.0019609679778416957,True,recovered_informative,20,0.014364832598418831,0.008117987155300859,0.006246845443117972,1,True,9078,30006
5,2,0.0,0.0,stage0,0,uniform,0.5,guarded,stage1,,,0,9,0.033025143758736886,bfgs,"{""bfgs"": 0.008117987155300859, ""custom"": 0.008117987155300859}",0.010242162272334099,0.010242162272334099,stage3_l_opt,l_opt_current_alpha,0.9336864303036922,0.960353096970359,0.04914139106861537,0.05,False,False,True,True,0.0019609679778416957,True,recovered_informative,20,0.014364832598418831,0.008117987155300859,0.006246845443117972,1,True,10062,33378
5,2,0.0,0.0,stage0,0,uniform,0.5,guarded,stage1,,,0,10,0.033025143758736886,bfgs,"{""bfgs"": 0.008117987155300859, ""custom"": 0.008117987155300859}",0.010242162272334099,0.010242162272334099,stage3_l_opt,l_opt_current_alpha,0.9336864303036922,0.960353096970359,0.04914139106861537,0.05,False,False,True,True,0.0019609679778416957,True,recovered_informative,20,0.014364832598418831,0.008117987155300859,0.006246845443117972,1,True,11046,36750
5,2,0.0,0.0,stage0,0,uniform,0.5,guarded,stage1,,,0,11,0.033025143758736886,bfgs,"{""bfgs"": 0.008117987155300859, ""custom"": 0.008117987155300859}",0.010242162272334099,0.010242162272334099,stage3_l_opt,l_opt_current_alpha,0.9336864303036922,0.960353096970359,0.04914139106861537,0.05,False,False,True,True,0.0019609679778416957,True,recovered_informative,20,0.014364832598418831,0.008117987155300859,0.006246845443117972,1,True,12030,40122
5,2,0.0,0.0,stage0,0,uniform,0.5,guarded,stage1,,,0,12,0.033025143758736886,bfgs,"{""bfgs"": 0.008117987155300859, ""custom"": 0.008117987155300859}",0.010242162272334099,0.010242162272334099,stage3_l_opt,l_opt_current_alpha,0.9336864303036922,0.960353096970359,0.04914139106861537,0.05,False,False,True,True,0.0019609679778416957,True,recovered_informative,20,0.014364832598418831,0.008117987155300859,0.006246845443117972,1,True,13014,43494
5,2,0.0,0.0,stage0,0,uniform,0.5,guarded,stage1,,,0,13,0.033025143758736886,bfgs,"{""bfgs"": 0.008117987155300859, ""custom"": 0.008117987155300859}",0.010242162272334099,0.010242162272334099,stage3_l_opt,l_opt_current_alpha,0.9336864303036922,0.960353096970359,0.04914139106861537,0.05,False,False,True,True,0.0019609679778416957,True,recovered_informative,20,0.014364832598418831,0.008117987155300859,0.006246845443117972,1,True,13998,46866
5,2,0.0,0.0,stage0,0,uniform,0.5,guarded,stage1,,,0,14,0.033025143758736886,bfgs,"{""bfgs"": 0.008117987155300859, ""custom"": 0.008117987155300859}",0.010242162272334099,0.010242162272334099,stage3_l_opt,l_opt_current_alpha,0.9336864303036922,0.960353096970359,0.04914139106861537,0.05,False,False,True,True,0.0019609679778416957,True,recovered_informative,20,0.014364832598418831,0.008117987155300859,0.006246845443117972,1,True,14982,50238
5,2,0.0,0.0,stage0,0,uniform,0.5,guarded,stage1,,,0,15,0.033025143758736886,bfgs,"{""bfgs"": 0.008117987155300859, ""custom"": 0.008117987155300859}",0.010242162272334099,0.010242162272334099,stage3_l_opt,l_opt_current_alpha,0.9336864303036922,0.960353096970359,0.04914139106861537,0.05,False,False,True,True,0.0019609679778416957,True,recovered_informative,20,0.014364832598418831,0.008117987155300859,0.006246845443117972,1,True,15966,53610
5,2,0.0,0.0,stage0,0,uniform,0.5,guarded,stage1,,,0,16,0.033025143758736886,bfgs,"{""bfgs"": 0.008117987155300859, ""custom"": 0.008117987155300859}",0.010242162272334099,0.010242162272334099,stage3_l_opt,l_opt_current_alpha,0.9336864303036922,0.960353096970359,0.04914139106861537,0.05,False,False,True,True,0.0019609679778416957,True,recovered_informative,20,0.014364832598418831,0.008117987155300859,0.006246845443117972,1,True,16950,56982
5,2,0.0,0.0,stage0,0,uniform,0.5,guarded,stage1,,,0,17,0.033025143758736886,bfgs,"{""bfgs"": 0.008117987155300859, ""custom"": 0.008117987155300859}",0.010242162272334099,0.010242162272334099,stage3_l_opt,l_opt_current_alpha,0.9336864303036922,0.960353096970359,0.04914139106861537,0.05,False,False,True,True,0.0019609679778416957,True,recovered_informative,20,0.014364832598418831,0.008117987155300859,0.006246845443117972,1,True,17934,60354
5,2,0.0,0.0,stage0,0,uniform,0.5,guarded,stage1,,,0,18,0.033025143758736886,bfgs,"{""bfgs"": 0.008117987155300859, ""custom"": 0.008117987155300859}",0.010242162272334099,0.010242162272334099,stage3_l_opt,l_opt_current_alpha,0.9336864303036922,0.960353096970359,0.04914139106861537,0.05,False,False,True,True,0.0019609679778416957,True,recovered_informative,20,0.014364832598418831,0.008117987155300859,0.006246845443117972,1,True,18918,63726
5,2,0.0,0.0,stage0,0,uniform,0.5,guarded,stage1,,,0,19,0.033025143758736886,bfgs,"{""bfgs"": 0.008117987155300859, ""custom"": 0.008117987155300859}",0.010242162272334099,0.010242162272334099,stage3_l_opt,l_opt_current_alpha,0.9336864303036922,0.960353096970359,0.04914139106861537,0.05,False,False,True,True,0.0019609679778416957,True,recovered_informative,20,0.014364832598418831,0.008117987155300859,0.006246845443117972,1,True,19902,67098
5,2,0.0,0.0,stage0,0,uniform,0.5,guarded,stage1,,,1,0,0.010391007178134515,custom,"{""bfgs"": 0.1389550679049102, ""custom"": 0.011530555447588783}",0.011860758997499943,0.011860758997499943,stage3_l_opt,l_opt_current_alpha,0.8856266192556561,0.9031324667210547,0.44281330962782806,0.5,False,True,True,False,,True,not_needed,,,,,0,False,346,38
5,2,0.0,0.0,stage0,0,uniform,0.5,guarded,stage1,,,1,1,0.03302530269747084,custom,"{""bfgs"": 0.008304394478674515, ""custom"": 0.007369349345984223}",0.012596585787832737,0.012596585787832737,stage3_l_opt,l_opt_current_alpha,0.565023956337612,0.5850238986338225,0.22140665481391392,0.25,False,False,True,True,0.0007358267903327942,True,not_needed,,,,,0,False,758,76
5,2,0.0,0.0,stage0,0,uniform,0.5,guarded,stage1,,,1,2,0.03302521491664023,custom,"{""bfgs"": 0.16887502915382074, ""custom"": 0.010158311839191853}",0.012596570886671543,0.012596570886671543,stage3_l_opt,l_opt_current_alpha,0.7864277836821565,0.8064276682749103,0.11070332740695699,0.125,False,False,True,True,0.0007358118891716003,True,not_needed,,,,,0,False,896,114
5,2,0.0,0.0,stage0,0,uniform,0.5,guarded,stage1,,,1,3,0.03302505129511785,custom,"{""bfgs"": 0.15376788061618907, ""custom"": 0.011552795530835592}",0.012596563436090946,0.012596563436090946,stage3_l_opt,l_opt_current_alpha,0.8971296973605467,0.9171295531016973,0.05535166370347849,0.0625,False,False,True,True,0.0007358044385910034,True,not_needed,,,,,0,False,1040,152
5,2,0.0,0.0,stage0,0,uniform,0.5,guarded,stage1,,,1,4,0.016174228284894954,custom,"{""bfgs"": 0.10070544746393778, ""custom"": 0.011981024182069713}",0.011828609742224216,0.011828609742224216,stage3_l_opt,l_opt_current_alpha,0.8256266045313381,0.843037587690189,0.0516016627832086,0.0625,True,True,True,False,-3.214925527572632e-05,True,not_needed,,,,,0,False,1148,190
5,2,0.0,0.0,stage0,0,uniform,0.5,guarded,stage1,,,1,5,0.03302505129511796,custom,"{""bfgs"": 0.011715221658672465, ""custom"": 0.01160003156566549}",0.012596563436090946,0.012596563436090946,stage3_l_opt,l_opt_current_alpha,0.9008796982808167,0.9208795540219672,0.04128133022656694,0.05,False,False,True,True,0.0007679536938667297,True,not_needed,,,,,0,False,1574,228
5,2,0.0,0.0,stage0,0,uniform,0.5,guarded,stage1,,,1,6,0.03302421682412027,custom,"{""bfgs"": 0.05951026668456722, ""custom"": 0.011730054055880478}",0.012596526183187962,0.012596526183187962,stage3_l_opt,l_opt_current_alpha,0.9111929622558079,0.9311926737401901,0.04128133022656694,0.05,False,False,True,True,0.0007679164409637451,True,not_needed,,,,,0,False,1966,266
5,2,0.0,0.0,stage0,0,uniform,0.5,guarded,stage1,,,1,7,0.03302421682412027,custom,"{""bfgs"": 0.05951026668456722, ""custom"": 0.011730054055880478}",0.012596526183187962,0.012596526183187962,stage3_l_opt,l_opt_current_alpha,0.9111929622558079,0.9311926737401901,0.04128133022656694,0.05,False,False,True,True,0.0007679164409637451,True,not_needed,,,,,0,False,2358,304
5,2,0.0,0.0,stage0,0,uniform,0.5,guarded,stage1,,,1,8,0.03302421682412027,custom,"{""bfgs"": 0.05951026668456722, ""custom"": 0.011730054055880478}",0.012596526183187962,0.012596526183187962,stage3_l_opt,l_opt_current_alpha,0.9111929622558079,0.9311926737401901,0.04128133022656694,0.05,False,False,True,True,0.0007679164409637451,True,not_needed,,,,,0,False,2750,342
5,2,0.0,0.0,stage0,0,uniform,0.5,guarded,stage1,,,1,9,0.03302421682412027,custom,"{""bfgs"": 0.05951026668456722, ""custom"": 0.011730054055880478}",0.012596526183187962,0.012596526183187962,stage3_l_opt,l_opt_current_alpha,0.9111929622558079,0.9311926737401901,0.04128133022656694,0.05,False,False,True,True,0.0007679164409637451,True,not_needed,,,,,0,False,3142,380
5,2,0.0,0.0,stage0,0,uniform,0.5,guarded,stage1,,,1,10,0.03302421682412027,custom,"{""bfgs"": 0.05951026668456722, ""custom"": 0.011730054055880478}",0.012596526183187962,0.012596526183187962,stage3_l_opt,l_opt_current_alpha,0.9111929622558079,0.9311926737401901,0.04128133022656694,0.05,False,False,True,True,0.0007679164409637451,True,not_needed,,,,,0,False,3534,418
5,2,0.0,0.0,stage0,0,uniform,0.5,guarded,stage1,,,1,11,0.03302421682412027,custom,"{""bfgs"": 0.05951026668456722, ""custom"": 0.011730054055880478}",0.012596526183187962,0.012596526183187962,stage3_l_opt,l_opt_current_alpha,0.9111929622558079,0.9311926737401901,0.04128133022656694,0.05,False,False,True,True,0.0007679164409637451,True,not_needed,,,,,0,False,3926,456
5,2,0.0,0.0,stage0,0,uniform,0.5,guarded,stage1,,,1,12,0.03302421682412027,custom,"{""bfgs"": 0.05951026668456722, ""custom"": 0.011730054055880478}",0.012596526183187962,0.012596526183187962,stage3_l_opt,l_opt_current_alpha,0.9111929622558079,0.9311926737401901,0.04128133022656694,0.05,False,False,True,True,0.0007679164409637451,True,not_needed,,,,,0,False,4318,494
5,2,0.0,0.0,stage0,0,uniform,0.5,guarded,stage1,,,1,13,0.03302421682412027,custom,"{""bfgs"": 0.05951026668456722, ""custom"": 0.011730054055880478}",0.012596526183187962,0.012596526183187962,stage3_l_opt,l_opt_current_alpha,0.9111929622558079,0.9311926737401901,0.04128133022656694,0.05,False,False,True,True,0.0007679164409637451,True,not_needed,,,,,0,False,4710,532
5,2,0.0,0.0,stage0,0,uniform,0.5,guarded,stage1,,,1,14,0.03302421682412027,custom,"{""bfgs"": 0.05951026668456722, ""custom"": 0.011730054055880478}",0.012596526183187962,0.012596526183187962,stage3_l_opt,l_opt_current_alpha,0.9111929622558079,0.9311926737401901,0.04128133022656694,0.05,False,False,True,True,0.0007679164409637451,True,not_needed,,,,,0,False,5102,570
5,2,0.0,0.0,stage0,0,uniform,0.5,guarded,stage1,,,1,15,0.03302421682412027,custom,"{""bfgs"": 0.05951026668456722, ""custom"": 0.011730054055880478}",0.012596526183187962,0.012596526183187962,stage3_l_opt,l_opt_current_alpha,0.9111929622558079,0.9311926737401901,0.04128133022656694,0.05,False,False,True,True,0.0007679164409637451,True,not_needed,,,,,0,False,5494,608
5,2,0.0,0.0,stage0,0,uniform,0.5,guarded,stage1,,,1,16,0.03302421682412027,custom,"{""bfgs"": 0.05951026668456722, ""custom"": 0.011730054055880478}",0.012596526183187962,0.012596526183187962,stage3_l_opt,l_opt_current_alpha,0.9111929622558079,0.9311926737401901,0.04128133022656694,0.05,False,False,True,True,0.0007679164409637451,True,not_needed,,,,,0,False,5886,646
5,2,0.0,0.0,stage0,0,uniform,0.5,guarded,stage1,,,1,17,0.03302421682412027,custom,"{""bfgs"": 0.05951026668456722, ""custom"": 0.011730054055880478}",0.012596526183187962,0.012596526183187962,stage3_l_opt,l_opt_current_alpha,0.9111929622558079,0.9311926737401901,0.04128133022656694,0.05,False,False,True,True,0.0007679164409637451,True,not_needed,,,,,0,False,6278,684
5,2,0.0,0.0,stage0,0,uniform,0.5,guarded,stage1,,,1,18,0.03302421682412027,custom,"{""bfgs"": 0.05951026668456722, ""custom"": 0.011730054055880478}",0.012596526183187962,0.012596526183187962,stage3_l_opt,l_opt_current_alpha,0.9111929622558079,0.9311926737401901,0.04128133022656694,0.05,False,False,True,True,0.0007679164409637451,True,not_needed,,,,,0,False,6670,722
5,2,0.0,0.0,stage0,0,uniform,0.5,guarded,stage1,,,1,19,0.03302421682412027,custom,"{""bfgs"": 0.05951026668456722, ""custom"": 0.011730054055880478}",0.012596526183187962,0.012596526183187962,stage3_l_opt,l_opt_current_alpha,0.9111929622558079,0.9311926737401901,0.04128133022656694,0.05,False,False,True,True,0.0007679164409637451,True,not_needed,,,,,0,False,7062,760
6,2,0.0,0.0,uniform,0,uniform,0.5,guarded,stage1,,,0,0,0.00632532611649772,bfgs,"{""bfgs"": 0.011468042309085527, ""custom"": 0.015709962074955303}",0.011468042309085527,0.011468042309085527,stage3_l_opt,l_opt_current_alpha,0.8552660695538767,0.8727204791366089,0.42763303477693837,0.5,False,True,True,False,,True,not_needed,,,,,0,False,690,1473
6,2,0.0,0.0,uniform,0,uniform,0.5,guarded,stage1,,,0,1,0.0021054256683335736,bfgs,"{""bfgs"": 0.006747053809239659, ""custom"": 0.01139730421124947}",0.007810634250442187,0.007810634250442187,stage3_l_opt,l_opt_current_alpha,0.5414063549417543,0.5437282594349139,0.27070317747087713,0.5,True,True,True,False,-0.00365740805864334,True,not_needed,,,,,0,False,1401,3387
6,2,0.0,0.0,uniform,0,uniform,0.5,guarded,stage1,,,0,2,0.008347829252372957,bfgs,"{""bfgs"": 0.012794681409916017, ""custom"": 0.012795046608786408}",0.012055467193325361,0.012055467193325361,stage3_l_opt,l_opt_current_alpha,1.1438810780498854,1.1704282399959252,0.13535158873543854,0.25,False,False,True,True,0.004244832942883174,True,recovered_informative,3,0.013797164103941289,0.012795046608786408,0.001002117495154881,1,True,1959,7365
6,2,0.0,0.0,uniform,0,uniform,0.5,guarded,stage1,,,0,3,0.004524719499461705,bfgs,"{""bfgs"": 0.012041369498078089, ""custom"": 0.0120439743950303}",0.01543354926009973,0.01543354926009973,stage3_l_opt,l_opt_current_alpha,1.014385220625167,1.0410518872918333,0.06767579436771928,0.125,False,False,True,True,0.007622915009657542,True,recovered_informative,18,0.012808841160464159,0.0120439743950303,0.0007648667654338581,1,True,3375,9981
6,2,0.0,0.0,uniform,0,uniform,0.5,guarded,stage1,,,0,4,0.0016673056221178763,bfgs,"{""bfgs"": 0.010264481530894263, ""custom"": 0.01201598805456497}",0.008617976680397987,0.008617976680397987,stage3_l_opt,l_opt_current_alpha,0.038402952318986106,0.031840619908981294,0.03383789718385971,0.0625,False,False,True,True,0.0008073424299558001,True,not_needed,,,,,0,False,4416,11220
6,2,0.0,0.0,uniform,0,uniform,0.5,guarded,stage1,,,0,5,0.0045300767140734055,bfgs,"{""bfgs"": 0.0108623164478804, ""custom"": 0.010863276337802968}",0.015434696649511656,0.015434696649511656,stage3_l_opt,l_opt_current_alpha,0.912871529073588,0.9395381957402547,0.027070317747087652,0.05,False,False,True,True,0.0076240623990694685,True,recovered_informative,18,0.01170285056956716,0.010863276337802968,0.0008395742317641921,1,True,5682,14142
6,2,0.0,0.0,uniform,0,uniform,0.5,guarded,stage1,,,0,6,0.006270770137538663,bfgs,"{""bfgs"": 0.007935320817947202, ""custom"": 0.011641158555772838}",0.010835460697611174,0.010835460697611174,stage3_l_opt,l_opt_current_alpha,0.6694793794822508,0.6790392378794909,0.027070317747087652,0.05,False,False,True,True,0.0030248264471689863,True,not_needed,,,,,0,False,6273,15627
6,2,0.0,0.0,uniform,0,uniform,0.5,guarded,stage1,,,0,7,0.006270770137538663,bfgs,"{""bfgs"": 0.007935320817947202, ""custom"": 0.011641158555772838}",0.010835460697611174,0.010835460697611174,stage3_l_opt,l_opt_current_alpha,0.6694793794822508,0.6790392378794909,0.027070317747087652,0.05,False,False,True,True,0.0030248264471689863,True,not_needed,,,,,0,False,6864,17112
6,2,0.0,0.0,uniform,0,uniform,0.5,guarded,stage1,,,0,8,0.006270770137538663,bfgs,"{""bfgs"": 0.007935320817947202, ""custom"": 0.011641158555772838}",0.010835460697611174,0.010835460697611174,stage3_l_opt,l_opt_current_alpha,0.6694793794822508,0.6790392378794909,0.027070317747087652,0.05,False,False,True,True,0.0030248264471689863,True,not_needed,,,,,0,False,7455,18597
6,2,0.0,0.0,uniform,0,uniform,0.5,guarded,stage1,,,0,9,0.006270770137538663,bfgs,"{""bfgs"": 0.007935320817947202, ""custom"": 0.011641158555772838}",0.010835460697611174,0.010835460697611174,stage3_l_opt,l_opt_current_alpha,0.6694793794822508,0.6790392378794909,0.027070317747087652,0.05,False,False,True,True,0.0030248264471689863,True,not_needed,,,,,0,False,8046,20082
6,2,0.0,0.0,uniform,0,uniform,0.5,guarded,stage1,,,0,10,0.006270770137538663,bfgs,"{""bfgs"": 0.007935320817947202, ""custom"": 0.011641158555772838}",0.010835460697611174,0.010835460697611174,stage3_l_opt,l_opt_current_alpha,0.6694793794822508,0.6790392378794909,0.027070317747087652,0.05,False,False,True,True,0.0030248264471689863,True,not_needed,,,,,0,False,8637,21567
6,2,0.0,0.0,uniform,0,uniform,0.5,guarded,stage1,,,0,11,0.006270770137538663,bfgs,"{""bfgs"": 0.007935320817947202, ""custom"": 0.011641158555772838}",0.010835460697611174,0.010835460697611174,stage3_l_opt,l_opt_current_alpha,0.6694793794822508,0.6790392378794909,0.027070317747087652,0.05,False,False,True,True,0.0030248264471689863,True,not_needed,,,,,0,False,9228,23052
6,2,0.0,0.0,uniform,0,uniform,0.5,guarded,stage1,,,0,12,0.006270770137538663,bfgs,"{""bfgs"": 0.007935320817947202, ""custom"": 0.011641158555772838}",0.010835460697611174,0.010835460697611174,stage3_l_opt,l_opt_current_alpha,0.6694793794822508,0.6790392378794909,0.027070317747087652,0.05,False,False,True,True,0.0030248264471689863,True,not_needed,,,,,0,False,9819,24537
6,2,0.0,0.0,uniform,0,uniform,0.5,guarded,stage1,,,0,13,0.006270770137538663,bfgs,"{""bfgs"": 0.007935320817947202, ""custom"": 0.011641158555772838}",0.010835460697611174,0.010835460697611174,stage3_l_opt,l_opt_current_alpha,0.6694793794822508,0.6790392378794909,0.027070317747087652,0.05,False,False,True,True,0.0030248264471689863,True,not_needed,,,,,0,False,10410,26022
6,2,0.0,0.0,uniform,0,uniform,0.5,guarded,stage1,,,0,14,0.006270770137538663,bfgs,"{""bfgs"": 0.007935320817947202, ""custom"": 0.011641158555772838}",0.010835460697611174,0.010835460697611174,stage3_l_opt,l_opt_current_alpha,0.6694793794822508,0.6790392378794909,0.027070317747087652,0.05,False,False,True,True,0.0030248264471689863,True,not_needed,,,,,0,False,11001,27507
6,2,0.0,0.0,uniform,0,uniform,0.5,guarded,stage1,,,0,15,0.006270770137538663,bfgs,"{""bfgs"": 0.007935320817947202, ""custom"": 0.011641158555772838}",0.010835460697611174,0.010835460697611174,stage3_l_opt,l_opt_current_alpha,0.6694793794822508,0.6790392378794909,0.027070317747087652,0.05,False,False,True,True,0.0030248264471689863,True,not_needed,,,,,0,False,11592,28992
6,2,0.0,0.0,uniform,0,uniform,0.5,guarded,stage1,,,0,16,0.006270770137538663,bfgs,"{""bfgs"": 0.007935320817947202, ""custom"": 0.011641158555772838}",0.010835460697611174,0.010835460697611174,stage3_l_opt,l_opt_current_alpha,0.6694793794822508,0.6790392378794909,0.027070317747087652,0.05,False,False,True,True,0.0030248264471689863,True,not_needed,,,,,0,False,12183,30477
6,2,0.0,0.0,uniform,0,uniform,0.5,guarded,stage1,,,0,17,0.006270770137538663,bfgs,"{""bfgs"": 0.007935320817947202, ""custom"": 0.011641158555772838}",0.010835460697611174,0.010835460697611174,stage3_l_opt,l_opt_current_alpha,0.6694793794822508,0.6790392378794909,0.027070317747087652,0.05,False,False,True,True,0.0030248264471689863,True,not_needed,,,,,0,False,12774,31962
6,2,0.0,0.0,uniform,0,uniform,0.5,guarded,stage1,,,0,18,0.006270770137538663,bfgs,"{""bfgs"": 0.007935320817947202, ""custom"": 0.011641158555772838}",0.010835460697611174,0.010835460697611174,stage3_l_opt,l_opt_current_alpha,0.6694793794822508,0.6790392378794909,0.027070317747087652,0.05,False,False,True,True,0.0030248264471689863,True,not_needed,,,,,0,False,13365,33447
6,2,0.0,0.0,uniform,0,uniform,0.5,guarded,stage1,,,0,19,0.006270770137538663,bfgs,"{""bfgs"": 0.007935320817947202, ""custom"": 0.011641158555772838}",0.010835460697611174,0.010835460697611174,stage3_l_opt,l_opt_current_alpha,0.6694793794822508,0.6790392378794909,0.027070317747087652,0.05,False,False,True,True,0.0030248264471689863,True,not_needed,,,,,0,False,13956,34932
6,2,0.0,0.0,stage0,0,uniform,0.5,guarded,stage1,,,0,0,0.008346216734747808,bfgs,"{""bfgs"": 0.011367548278164476, ""custom"": 0.011368630891007593}",0.012054882322748503,0.012054882322748503,stage3_l_opt,l_opt_current_alpha,1.2687010259056315,1.295246777344896,0.6343505129528157,0.5,False,True,True,False,,True,recovered_informative,3,0.013784904692980935,0.011368630891007593,0.002416273801973342,1,True,1302,2472
6,2,0.0,0.0,stage0,0,uniform,0.5,guarded,stage1,,,0,1,0.004187390494678311,custom,"{""bfgs"": 0.024747704773251403, ""custom"": 0.00732640625059952}",0.016787234072883923,0.016787234072883923,stage3_l_opt,l_opt_current_alpha,1.6880553261656002,1.714721992832267,0.3171752564764079,0.25,False,False,True,True,0.00473235175013542,True,not_needed,,,,,0,False,2049,4059
6,2,0.0,0.0,stage0,0,uniform,0.5,guarded,stage1,,,0,2,0.004531006065050747,custom,"{""bfgs"": 0.010087208457590424, ""custom"": 0.009942526363652573}",0.015442446495095888,0.015442446495095888,stage3_l_opt,l_opt_current_alpha,0.9574506155719376,0.9841172822386042,0.15858762823820394,0.125,False,False,True,True,0.0033875641723473855,True,recovered_informative,18,0.010409350092011556,0.010087208457590424,0.0003221416344211317,1,True,3267,6147
6,2,0.0,0.0,stage0,0,uniform,0.5,guarded,stage1,,,0,3,0.0042136207213563925,bfgs,"{""bfgs"": 0.01165537975084317, ""custom"": 0.01165537975084317}",0.01554544580479463,0.01554544580479463,stage3_l_opt,l_opt_current_alpha,,,0.0,0.125,False,False,False,True,0.0034905634820461273,False,audited_uninformative,18,0.01165537975084317,0.01165537975084317,0.0,1,False,4239,9213
6,2,0.0,0.0,stage0,0,uniform,0.5,guarded,stage1,,,1,0,0.008362802915616752,custom,"{""bfgs"": 0.2947641145196914, ""custom"": 0.008879924037869089}",0.009171842597424984,0.009171842597424984,stage3_l_opt,l_opt_current_alpha,0.9481158407566912,0.9681158407566912,0.4740579203783456,0.5,False,True,True,False,,True,not_needed,,,,,0,False,412,38
6,2,0.0,0.0,stage0,0,uniform,0.5,guarded,stage1,,,1,1,0.0083759127985861,custom,"{""bfgs"": 0.2982652797801971, ""custom"": 0.004546398807791781}",0.009172563441097736,0.009172563441097736,stage3_l_opt,l_opt_current_alpha,0.47405792037834554,0.49405792037834556,0.23702896018917283,0.5,True,True,True,False,7.208436727523804e-07,True,not_needed,,,,,0,False,654,76
6,2,0.0,0.0,stage0,0,uniform,0.5,guarded,stage1,,,1,2,0.00834938117359127,custom,"{""bfgs"": 0.30001586241045, ""custom"": 0.002359676821592115}",0.00917112734168768,0.00917112734168768,stage3_l_opt,l_opt_current_alpha,0.23702896018917274,0.25702896018917276,0.11851448009458636,0.5,True,True,True,False,-1.4360994100570679e-06,True,not_needed,,,,,0,False,1078,114
6,2,0.0,0.0,stage0,0,uniform,0.5,guarded,stage1,,,1,3,0.00837390121162429,custom,"{""bfgs"": 0.3008911537255764, ""custom"": 0.001293743534379255}",0.009172444231808186,0.009172444231808186,stage3_l_opt,l_opt_current_alpha,0.11851448009458637,0.1385144800945864,0.05925724004729313,0.5,True,True,True,False,1.3168901205062866e-06,True,not_needed,,,,,0,False,1502,152
6,2,0.0,0.0,stage0,0,uniform,0.5,guarded,stage1,,,1,4,0.00837390121162418,custom,"{""bfgs"": 0.3013287993831396, ""custom"": 0.0007518074858899172}",0.009172444231808186,0.009172444231808186,stage3_l_opt,l_opt_current_alpha,0.059257240047293235,0.07925724004729325,0.029628620023646617,0.5,True,True,True,False,0.0,True,not_needed,,,,,0,False,1878,190
6,2,0.0,0.0,stage0,0,uniform,0.5,guarded,stage1,,,1,5,0.008353924418775416,custom,"{""bfgs"": 0.30154762221192116, ""custom"": 0.00046246050282698967}",0.009171360172331333,0.009171360172331333,stage3_l_opt,l_opt_current_alpha,0.02962862002364662,0.049628620023646625,0.014814310011823366,0.5,True,True,True,False,-1.084059476852417e-06,True,not_needed,,,,,0,False,2274,228
6,2,0.0,0.0,stage0,0,uniform,0.5,guarded,stage1,,,1,6,0.008353924418775416,custom,"{""bfgs"": 0.301657033626312, ""custom"": 0.000326706899252445}",0.009171360172331333,0.009171360172331333,stage3_l_opt,l_opt_current_alpha,0.014814310011823253,0.034814310011823266,0.007407155005911627,0.5,True,True,True,False,0.0,True,not_needed,,,,,0,False,2664,266
6,2,0.0,0.0,stage0,0,uniform,0.5,guarded,stage1,,,1,7,0.008353924418775416,custom,"{""bfgs"": 0.3017117393335074, ""custom"": 0.00025883009746517264}",0.009171360172331333,0.009171360172331333,stage3_l_opt,l_opt_current_alpha,0.007407155005911626,0.027407155005911635,0.0037035775029557565,0.5,True,True,True,False,0.0,True,not_needed,,,,,0,False,3048,304
6,2,0.0,0.0,stage0,0,uniform,0.5,guarded,stage1,,,1,8,0.00835392441877536,custom,"{""bfgs"": 0.3017390921871051, ""custom"": 0.0002248916965715365}",0.009171360172331333,0.009171360172331333,stage3_l_opt,l_opt_current_alpha,0.0037035775029558692,0.02370357750295588,0.0018517887514779355,0.5,True,True,True,False,0.0,True,not_needed,,,,,0,False,3456,342
6,2,0.0,0.0,stage0,0,uniform,0.5,guarded,stage1,,,1,9,0.00835392441877536,custom,"{""bfgs"": 0.30175276861390393, ""custom"": 0.0002079224961247184}",0.009171360172331333,0.009171360172331333,stage3_l_opt,l_opt_current_alpha,0.0018517887514779337,0.021851788751477943,0.0009258943757390233,0.5,True,True,True,False,0.0,True,not_needed,,,,,0,False,3840,380
6,2,0.0,0.0,stage0,0,uniform,0.5,guarded,stage1,,,1,10,0.00835392441877536,custom,"{""bfgs"": 0.3017596068273034, ""custom"": 0.00019943789590130934}",0.009171360172331333,0.009171360172331333,stage3_l_opt,l_opt_current_alpha,0.0009258943757389105,0.02092589437573892,0.0,0.5,True,True,False,False,0.0,True,not_needed,,,,,0,False,4260,418
6,2,0.0,0.0,stage0,0,uniform,0.5,guarded,stage1,,,2,0,0.0019503316459932307,bfgs,"{""bfgs"": 9.12696123123169e-08, ""custom"": 9.12696123123169e-08}",9.12696123123169e-08,9.12696123123169e-08,stage3_l_opt,l_opt_current_alpha,0.0,0.0,0.0,0.5,False,True,False,False,,True,not_needed,,,,,0,False,6,1
7,2,0.0,0.0,uniform,0,uniform,0.5,guarded,stage1,,,0,0,0.001179535245689145,custom,"{""bfgs"": 0.015688052400946617, ""custom"": 0.012473986173669495}",0.012473986173669497,0.012473986173669497,stage3_l_opt,l_opt_current_alpha,0.9720869590002725,0.991925468367625,0.4860434795001362,0.5,False,True,True,False,,True,not_needed,,,,,0,False,723,912
7,2,0.0,0.0,uniform,0,uniform,0.5,guarded,stage1,,,0,1,0.005962089028590745,custom,"{""bfgs"": 0.014007755171707206, ""custom"": 0.008259555996222873}",0.014881163835525513,0.014881163835525513,stage3_l_opt,l_opt_current_alpha,1.4660434795001362,1.4927101461668029,0.24302173975006808,0.25,False,False,True,True,0.002407177661856016,True,not_needed,,,,,0,False,1287,1833
7,2,0.0,0.0,uniform,0,uniform,0.5,guarded,stage1,,,0,2,0.0006867532555094313,custom,"{""bfgs"": 0.011199733529253823, ""custom"": 0.010832911567222813}",0.012495570505658785,0.012495570505658785,stage3_l_opt,l_opt_current_alpha,1.3863550730834016,1.4130217397500682,0.3465887682708504,0.25,True,True,True,False,2.158433198928833e-05,True,not_needed,,,,,0,False,1602,2682
7,2,0.0,0.0,uniform,0,uniform,0.5,guarded,stage1,,,0,3,0.0014160997273838793,custom,"{""bfgs"": 0.01339785687643626, ""custom"": 0.008408737920424311}",0.012568417315681776,0.012568417315681776,stage3_l_opt,l_opt_current_alpha,0.4675004745763287,0.4824882467483784,0.11687511864408215,0.25,True,True,True,False,7.284681002299107e-05,True,not_needed,,,,,0,False,1779,3975
7,2,0.0,0.0,uniform,0,uniform,0.5,guarded,stage1,,,0,4,0.0014647281038228654,custom,"{""bfgs"": 0.014308947090309778, ""custom"": 0.006872169251088679}",0.012499531731009483,0.012499531731009483,stage3_l_opt,l_opt_current_alpha,0.44479352931486205,0.46170310094369993,0.11119838232871553,0.25,True,True,True,False,-6.888558467229265e-05,True,not_needed,,,,,0,False,1959,4914
7,2,0.0,0.0,uniform,0,uniform,0.5,guarded,stage1,,,0,5,0.0017375085908947763,custom,"{""bfgs"": 0.024148064340385304, ""custom"": 0.005885005227385233}",0.012584098304311434,0.012584098304311434,stage3_l_opt,l_opt_current_alpha,0.8116928038397535,0.8383594705064201,0.20292320095993838,0.25,True,True,True,False,8.456657330195051e-05,True,not_needed,,,,,0,False,2136,5898
7,2,0.0,0.0,uniform,0,uniform,0.5,guarded,stage1,,,0,6,0.00047665163318150183,custom,"{""bfgs"": 0.018520796751314076, ""custom"": 0.004034675576164878}",0.0125479723016421,0.0125479723016421,stage3_l_opt,l_opt_current_alpha,0.8556216447852207,0.8690097846185209,0.21390541119630518,0.25,True,True,True,False,-3.612600266933441e-05,True,not_needed,,,,,0,False,2472,6732
7,2,0.0,0.0,uniform,0,uniform,0.5,guarded,stage1,,,0,7,0.0015832903807946885,custom,"{""bfgs"": 0.013271153994319912, ""custom"": 0.004554742484416759}",0.012455098951856295,0.012455098951856295,stage3_l_opt,l_opt_current_alpha,0.8189169509745298,0.8359214319789647,0.2047292377436324,0.25,True,True,True,False,-9.287334978580475e-05,True,not_needed,,,,,0,False,2673,7719
7,2,0.0,0.0,uniform,0,uniform,0.5,guarded,stage1,,,0,8,0.001404310461504077,custom,"{""bfgs"": 0.012209976702403728, ""custom"": 0.00484979256195504}",0.012463063622514406,0.012463063622514406,stage3_l_opt,l_opt_current_alpha,0.9595746619760026,0.9862413286426692,0.23989366549400068,0.25,True,True,True,False,7.964670658111572e-06,True,not_needed,,,,,0,False,2970,8820
7,2,0.0,0.0,uniform,0,uniform,0.5,guarded,stage1,,,0,9,0.0016691810537540208,custom,"{""bfgs"": 0.01572240026413345, ""custom"": 0.003793299719576658}",0.012463761493563652,0.012463761493563652,stage3_l_opt,l_opt_current_alpha,0.435771057731141,0.456643644015137,0.10894276443278525,0.25,True,True,True,False,6.978710492457768e-07,True,not_needed,,,,,0,False,3156,10188
7,2,0.0,0.0,uniform,0,uniform,0.5,guarded,stage1,,,0,10,0.0015258173907302663,custom,"{""bfgs"": 0.014063051333399624, ""custom"": 0.003142314717171604}",0.012461809441447258,0.012461809441447258,stage3_l_opt,l_opt_current_alpha,0.7427059212902681,0.7559927680583703,0.1856764803225671,0.25,True,True,True,False,-1.952052116394043e-06,True,not_needed,,,,,0,False,3435,11061
7,2,0.0,0.0,uniform,0,uniform,0.5,guarded,stage1,,,0,11,0.0016213524212075892,custom,"{""bfgs"": 0.014413821458447964, ""custom"": 0.0036994636261532842}",0.012454065804680189,0.012454065804680189,stage3_l_opt,l_opt_current_alpha,0.4351355986130222,0.45467950442935257,0.1087838996532556,0.25,True,True,True,False,-7.74363676706892e-06,True,not_needed,,,,,0,False,3702,12201
7,2,0.0,0.0,uniform,0,uniform,0.5,guarded,stage1,,,0,12,0.001684499797388217,custom,"{""bfgs"": 0.005879443403843072, ""custom"": 0.0031968456163223983}",0.01245227518181006,0.01245227518181006,stage3_l_opt,l_opt_current_alpha,0.4322546346773844,0.4539598248961151,0.10806365866934617,0.25,True,True,True,False,-1.7906228701285165e-06,True,not_needed,,,,,0,False,3996,13266
7,2,0.0,0.0,uniform,0,uniform,0.5,guarded,stage1,,,0,13,0.0014494705331263846,custom,"{""bfgs"": 0.017945465522480473, ""custom"": 0.0027429719633849784}",0.012520770852764448,0.012520770852764448,stage3_l_opt,l_opt_current_alpha,0.7610608899870421,0.7744146790065294,0.19026522249676056,0.25,True,True,True,False,6.849567095438755e-05,True,not_needed,,,,,0,False,4629,14154
7,2,0.0,0.0,uniform,0,uniform,0.5,guarded,stage1,,,0,14,0.0016754054132741003,custom,"{""bfgs"": 0.014729942873214176, ""custom"": 0.0033627718154050183}",0.012451708937684694,0.012451708937684694,stage3_l_opt,l_opt_current_alpha,0.4342965095011979,0.4544713755395273,0.1085741273752995,0.25,True,True,True,False,-6.906191507975376e-05,True,not_needed,,,,,0,False,4893,15081
7,2,0.0,0.0,uniform,0,uniform,0.5,guarded,stage1,,,0,15,0.0017093171458339995,custom,"{""bfgs"": 0.014892828926837345, ""custom"": 0.0029130012854447}",0.0124542818715175,0.0124542818715175,stage3_l_opt,l_opt_current_alpha,0.6438206129144252,0.6704872795810918,0.16095515322860626,0.25,True,True,True,False,2.5729338328055185e-06,True,not_needed,,,,,0,False,5088,16047
7,2,0.0,0.0,uniform,0,uniform,0.5,guarded,stage1,,,0,16,0.002221296839538589,custom,"{""bfgs"": 0.012343588577430958, ""custom"": 0.002359261022509653}",0.012360655392209688,0.012360655392209688,stage3_l_opt,l_opt_current_alpha,0.8244172809122817,0.8375850077028557,0.20610432022807038,0.25,True,True,True,False,-9.362647930781162e-05,True,not_needed,,,,,0,False,5343,17010
7,2,0.0,0.0,uniform,0,uniform,0.5,guarded,stage1,,,0,17,0.0018029589186017714,custom,"{""bfgs"": 0.015725202924908054, ""custom"": 0.003129454432389981}",0.01249471865594387,0.01249471865594387,stage3_l_opt,l_opt_current_alpha,0.6867870812822301,0.7134537479488967,0.10305216011403513,0.125,False,False,True,True,0.0001340632637341823,True,not_needed,,,,,0,False,5511,18111
7,2,0.0,0.0,uniform,0,uniform,0.5,guarded,stage1,,,0,18,0.0017706541471028125,custom,"{""bfgs"": 0.012878637808203905, ""custom"": 0.002647306728012859}",0.012447074676553408,0.012447074676553408,stage3_l_opt,l_opt_current_alpha,0.72637179973733,0.7396417036491099,0.09079647496716625,0.125,True,True,True,False,8.641928434371948e-05,True,not_needed,,,,,0,False,5949,18957
7,2,0.0,0.0,uniform,0,uniform,0.5,guarded,stage1,,,0,19,0.0017050674110513642,custom,"{""bfgs"": 0.015930822332875762, ""custom"": 0.002978761222531356}",0.012454299256205559,0.012454299256205559,stage3_l_opt,l_opt_current_alpha,0.8183362997606296,0.8353360194885414,0.1022920374700787,0.125,True,True,True,False,7.22457965215105e-06,True,not_needed,,,,,0,False,6117,19971
7,2,0.0,0.0,uniform,0,uniform,0.5,guarded,stage1,,,1,0,0.0026839389698786187,custom,"{""bfgs"": 0.004005998373031616, ""custom"": 0.0016040876507759094}",0.0016040876507759094,0.0016040876507759094,stage3_l_opt,l_opt_current_alpha,0.3592891612837947,0.3666215931467293,0.17964458064189737,0.5,False,True,True,False,,True,recovered_informative,9,0.006787009537220001,0.004005998373031616,0.002781011164188385,1,True,332,76
7,2,0.0,0.0,uniform,0,uniform,0.5,guarded,stage1,,,1,1,0.0026831933515309436,custom,"{""bfgs"": 0.01328373317284685, ""custom"": 0.0018926766896810812}",0.0016046836972236633,0.0016046836972236633,stage3_l_opt,l_opt_current_alpha,0.17970106118687856,0.18703464571399642,0.08985053059343923,0.5,True,True,True,False,5.960464477539062e-07,True,not_needed,,,,,0,False,484,114
7,2,0.0,0.0,uniform,0,uniform,0.5,guarded,stage1,,,1,2,0.0026820039518326566,custom,"{""bfgs"": 0.0029264194669383035, ""custom"": 0.0020379316477248566}",0.0016063004732131958,0.0016063004732131958,stage3_l_opt,l_opt_current_alpha,0.09000382352061564,0.09734053647481872,0.04500191176030777,0.5,True,True,True,False,1.6167759895324707e-06,True,recovered_informative,9,0.006679807871372135,0.0029264194669383035,0.0037533884044338318,1,True,748,190
7,2,0.0,0.0,uniform,0,uniform,0.5,guarded,stage1,,,1,3,0.0026833700345559874,custom,"{""bfgs"": 0.0027461448992565337, ""custom"": 0.0021086794034323258}",0.0016044341027736664,0.0016044341027736664,stage3_l_opt,l_opt_current_alpha,0.044824965443980014,0.05215806724887034,0.02241248272198998,0.5,True,True,True,False,-1.866370439529419e-06,True,recovered_informative,9,0.006268650025248555,0.0027461448992565337,0.003522505125992021,1,True,1008,266
7,2,0.0,0.0,uniform,0,uniform,0.5,guarded,stage1,,,1,4,0.0026833700345559874,custom,"{""bfgs"": 0.002656362032810723, ""custom"": 0.0021446142080960044}",0.0016044341027736664,0.0016044341027736664,stage3_l_opt,l_opt_current_alpha,0.022412482721990035,0.029745584526880364,0.011206241360995017,0.5,True,True,True,False,0.0,True,recovered_informative,9,0.006063857382020794,0.002656362032810723,0.003407495349210071,1,True,1268,342
7,2,0.0,0.0,uniform,0,uniform,0.5,guarded,stage1,,,1,5,0.0026833700345559874,custom,"{""bfgs"": 0.0026114705995878176, ""custom"": 0.0021625816104278435}",0.0016044341027736664,0.0016044341027736664,stage3_l_opt,l_opt_current_alpha,0.011206241360995017,0.018539343165885347,0.005603120680497564,0.5,True,True,True,False,0.0,True,recovered_informative,9,0.0059614610604069125,0.0026114705995878176,0.003349990460819095,1,True,1528,418
7,2,0.0,0.0,uniform,0,uniform,0.5,guarded,stage1,,,1,6,0.0026833700345559874,custom,"{""bfgs"": 0.0025890248829763644, ""custom"": 0.0021715653115937632}",0.0016044341027736664,0.0016044341027736664,stage3_l_opt,l_opt_current_alpha,0.005603120680497453,0.012936222485387783,0.0028015603402487543,0.5,True,True,True,False,0.0,True,recovered_informative,9,0.005910262899599971,0.0025890248829763644,0.003321238016623607,1,True,1788,494
7,2,0.0,0.0,uniform,0,uniform,0.5,guarded,stage1,,,1,7,0.0026833700345559874,custom,"{""bfgs"": 0.002577802024670638, ""custom"": 0.002176057162176723}",0.0016044341027736664,0.0016044341027736664,stage3_l_opt,l_opt_current_alpha,0.002801560340248699,0.010134662145139028,0.0014007801701243494,0.5,True,True,True,False,0.0,True,recovered_informative,9,0.005885089341814582,0.002577802024670638,0.0033072873171439443,1,True,2002,570
7,2,0.0,0.0,uniform,0,uniform,0.5,guarded,stage1,,,1,8,0.0026833700345559874,custom,"{""bfgs"": 0.0025721905955177747, ""custom"": 0.002178303087468203}",0.0016044341027736664,0.0016044341027736664,stage3_l_opt,l_opt_current_alpha,0.0014007801701243494,0.008733881975014679,0.0007003900850621747,0.5,True,True,True,False,0.0,True,recovered_informative,9,0.005872292702994753,0.0025721905955177747,0.0033001021074769783,1,True,2216,646
7,2,0.0,0.0,uniform,0,uniform,0.5,guarded,stage1,,,1,9,0.0026833700345559874,custom,"{""bfgs"": 0.0025693848809413434, ""custom"": 0.002179426050113943}",0.0016044341027736664,0.0016044341027736664,stage3_l_opt,l_opt_current_alpha,0.0007003900850621747,0.008033491889952504,0.0,0.5,True,True,False,False,0.0,True,recovered_informative,9,0.0058658943835848375,0.0025693848809413434,0.003296509502643494,1,True,2430,722
7,2,0.0,0.0,stage0,0,uniform,0.5,guarded,stage1,,,0,0,0.017155726656854386,custom,"{""bfgs"": 0.011951370744068966, ""custom"": 0.006036554919412754}",0.007867082332571348,0.007867082332571348,stage3_l_opt,l_opt_current_alpha,0.8195332824362106,0.8308440696721364,0.40976664121810535,0.5,False,True,True,False,,True,not_needed,,,,,0,False,534,828
7,2,0.0,0.0,stage0,0,uniform,0.5,guarded,stage1,,,0,1,0.0021743477774334163,custom,"{""bfgs"": 0.012297414964831657, ""custom"": 0.01024839681919777}",0.012586049735546112,0.012586049735546112,stage3_l_opt,l_opt_current_alpha,1.2052990597369888,1.2319657264036554,0.20488332060905268,0.25,False,False,True,True,0.004718967402974764,True,not_needed,,,,,0,False,702,1860
7,2,0.0,0.0,stage0,0,uniform,0.5,guarded,stage1,,,0,2,0.004314698034012632,bfgs,"{""bfgs"": 0.011911952485692504, ""custom"": 0.01295246537492183}",0.011677099391818047,0.011677099391818047,stage3_l_opt,l_opt_current_alpha,0.7683686426989831,0.7829044096506271,0.10244166030452628,0.125,False,False,True,True,0.0038100170592466984,True,not_needed,,,,,0,False,963,2748
7,2,0.0,0.0,stage0,0,uniform,0.5,guarded,stage1,,,0,3,0.0003305564192910282,custom,"{""bfgs"": 0.0174994599153108, ""custom"": 0.014696359720956198}",0.01251969300210476,0.01251969300210476,stage3_l_opt,l_opt_current_alpha,0.8161963809046618,0.829529714237995,0.051220830152263086,0.0625,False,False,True,True,0.004652610669533411,True,not_needed,,,,,0,False,1263,3906
7,2,0.0,0.0,stage0,0,uniform,0.5,guarded,stage1,,,0,4,0.017181415464696925,custom,"{""bfgs"": 0.017848883784122666, ""custom"": 0.006316960276251141}",0.00785446104904016,0.00785446104904016,stage3_l_opt,l_opt_current_alpha,0.7667885052682388,0.7780681915446603,0.04792428157926498,0.0625,True,True,True,False,-1.2621283531188965e-05,True,not_needed,,,,,0,False,1716,4638
7,2,0.0,0.0,stage0,0,uniform,0.5,guarded,stage1,,,0,5,0.01718656166532584,custom,"{""bfgs"": 0.011563105187289426, ""custom"": 0.006594102100539128}",0.00785804974536101,0.00785804974536101,stage3_l_opt,l_opt_current_alpha,0.7142527708528099,0.7254383458468605,0.044640798178300634,0.0625,True,True,True,False,3.5886963208504874e-06,True,not_needed,,,,,0,False,2103,5742
7,2,0.0,0.0,stage0,0,uniform,0.5,guarded,stage1,,,0,6,0.015523251014654849,custom,"{""bfgs"": 0.017644235692367984, ""custom"": 0.007401130807151646}",0.008444005623459816,0.008444005623459816,stage3_l_opt,l_opt_current_alpha,0.8741410720271552,0.8913151232026217,0.03571263854264062,0.05,False,False,True,True,0.0005859558780988063,True,not_needed,,,,,0,False,2730,7287
7,2,0.0,0.0,stage0,0,uniform,0.5,guarded,stage1,,,0,7,0.01718525274505389,custom,"{""bfgs"": 0.010877949379446045, ""custom"": 0.006765538570248819}",0.007856457804640135,0.007856457804640135,stage3_l_opt,l_opt_current_alpha,0.6736574301916172,0.6847433582036566,0.033682871509580825,0.05,True,True,True,False,-1.5919407208749015e-06,True,not_needed,,,,,0,False,3273,8538
7,2,0.0,0.0,stage0,0,uniform,0.5,guarded,stage1,,,0,8,0.007056995879848038,bfgs,"{""bfgs"": 0.011020627537329679, ""custom"": 0.013393833992324173}",0.010840130969882011,0.010840130969882011,stage3_l_opt,l_opt_current_alpha,1.322349393864729,1.3490160605313957,0.033682871509580825,0.05,False,False,True,True,0.0029836731652418767,True,not_needed,,,,,0,False,3498,10053
7,2,0.0,0.0,stage0,0,uniform,0.5,guarded,stage1,,,0,9,0.007056995879848038,bfgs,"{""bfgs"": 0.011020627537329679, ""custom"": 0.013393833992324173}",0.010840130969882011,0.010840130969882011,stage3_l_opt,l_opt_current_alpha,1.322349393864729,1.3490160605313957,0.033682871509580825,0.05,False,False,True,True,0.0029836731652418767,True,not_needed,,,,,0,False,3723,11568
7,2,0.0,0.0,stage0,0,uniform,0.5,guarded,stage1,,,0,10,0.007056995879848038,bfgs,"{""bfgs"": 0.011020627537329679, ""custom"": 0.013393833992324173}",0.010840130969882011,0.010840130969882011,stage3_l_opt,l_opt_current_alpha,1.322349393864729,1.3490160605313957,0.033682871509580825,0.05,False,False,True,True,0.0029836731652418767,True,not_needed,,,,,0,False,3948,13083
7,2,0.0,0.0,stage0,0,uniform,0.5,guarded,stage1,,,0,11,0.007056995879848038,bfgs,"{""bfgs"": 0.011020627537329679, ""custom"": 0.013393833992324173}",0.010840130969882011,0.010840130969882011,stage3_l_opt,l_opt_current_alpha,1.322349393864729,1.3490160605313957,0.033682871509580825,0.05,False,False,True,True,0.0029836731652418767,True,not_needed,,,,,0,False,4173,14598
7,2,0.0,0.0,stage0,0,uniform,0.5,guarded,stage1,,,0,12,0.007056995879848038,bfgs,"{""bfgs"": 0.011020627537329679, ""custom"": 0.013393833992324173}",0.010840130969882011,0.010840130969882011,stage3_l_opt,l_opt_current_alpha,1.322349393864729,1.3490160605313957,0.033682871509580825,0.05,False,False,True,True,0.0029836731652418767,True,not_needed,,,,,0,False,4398,16113
7,2,0.0,0.0,stage0,0,uniform,0.5,guarded,stage1,,,0,13,0.007056995879848038,bfgs,"{""bfgs"": 0.011020627537329679, ""custom"": 0.013393833992324173}",0.010840130969882011,0.010840130969882011,stage3_l_opt,l_opt_current_alpha,1.322349393864729,1.3490160605313957,0.033682871509580825,0.05,False,False,True,True,0.0029836731652418767,True,not_needed,,,,,0,False,4623,17628
7,2,0.0,0.0,stage0,0,uniform,0.5,guarded,stage1,,,0,14,0.007056995879848038,bfgs,"{""bfgs"": 0.011020627537329679, ""custom"": 0.013393833992324173}",0.010840130969882011,0.010840130969882011,stage3_l_opt,l_opt_current_alpha,1.322349393864729,1.3490160605313957,0.033682871509580825,0.05,False,False,True,True,0.0029836731652418767,True,not_needed,,,,,0,False,4848,19143
7,2,0.0,0.0,stage0,0,uniform,0.5,guarded,stage1,,,0,15,0.007056995879848038,bfgs,"{""bfgs"": 0.011020627537329679, ""custom"": 0.013393833992324173}",0.010840130969882011,0.010840130969882011,stage3_l_opt,l_opt_current_alpha,1.322349393864729,1.3490160605313957,0.033682871509580825,0.05,False,False,True,True,0.0029836731652418767,True,not_needed,,,,,0,False,5073,20658
7,2,0.0,0.0,stage0,0,uniform,0.5,guarded,stage1,,,0,16,0.007056995879848038,bfgs,"{""bfgs"": 0.011020627537329679, ""custom"": 0.013393833992324173}",0.010840130969882011,0.010840130969882011,stage3_l_opt,l_opt_current_alpha,1.322349393864729,1.3490160605313957,0.033682871509580825,0.05,False,False,True,True,0.0029836731652418767,True,not_needed,,,,,0,False,5298,22173
7,2,0.0,0.0,stage0,0,uniform,0.5,guarded,stage1,,,0,17,0.007056995879848038,bfgs,"{""bfgs"": 0.011020627537329679, ""custom"": 0.013393833992324173}",0.010840130969882011,0.010840130969882011,stage3_l_opt,l_opt_current_alpha,1.322349393864729,1.3490160605313957,0.033682871509580825,0.05,False,False,True,True,0.0029836731652418767,True,not_needed,,,,,0,False,5523,23688
7,2,0.0,0.0,stage0,0,uniform,0.5,guarded,stage1,,,0,18,0.007056995879848038,bfgs,"{""bfgs"": 0.011020627537329679, ""custom"": 0.013393833992324173}",0.010840130969882011,0.010840130969882011,stage3_l_opt,l_opt_current_alpha,1.322349393864729,1.3490160605313957,0.033682871509580825,0.05,False,False,True,True,0.0029836731652418767,True,not_needed,,,,,0,False,5748,25203
7,2,0.0,0.0,stage0,0,uniform,0.5,guarded,stage1,,,0,19,0.007056995879848038,bfgs,"{""bfgs"": 0.011020627537329679, ""custom"": 0.013393833992324173}",0.010840130969882011,0.010840130969882011,stage3_l_opt,l_opt_current_alpha,1.322349393864729,1.3490160605313957,0.033682871509580825,0.05,False,False,True,True,0.0029836731652418767,True,not_needed,,,,,0,False,5973,26718
8,2,0.0,0.0,uniform,0,uniform,0.5,guarded,stage1,,,0,0,0.0017346442926347233,bfgs,"{""bfgs"": 0.0012262606372435887, ""custom"": 0.0012293277929226556}",0.0012262606372435887,0.0012262606372435887,stage3_l_opt,l_opt_current_alpha,1.1178732685665604,1.1406870087413878,0.5589366342832801,0.5,False,True,True,False,,True,recovered_informative,1,0.006946955497066179,0.0012293277929226556,0.005717627704143524,1,True,1536,2148
8,2,0.0,0.0,uniform,0,uniform,0.5,guarded,stage1,,,0,1,0.025819761515401607,bfgs,"{""bfgs"": 0.0014815947317844548, ""custom"": 0.0014815947317844548}",0.0027567452440659204,0.0027567452440659204,stage3_l_opt,l_opt_current_alpha,,,0.0,0.5,False,False,False,True,0.0015304846068223317,False,audited_uninformative,9,0.0014815947317844548,0.0014815947317844548,0.0,1,False,2079,4764
8,2,0.0,0.0,uniform,0,uniform,0.5,guarded,stage1,,,1,0,0.0017402658602230225,custom,"{""bfgs"": 0.045284016989171505, ""custom"": 0.0017267568036913872}",0.0017267568036913872,0.0017267568036913872,stage3_l_opt,l_opt_current_alpha,0.6259692521512465,0.6387441348482108,0.3129846260756233,0.5,False,True,True,False,,True,not_needed,,,,,0,False,200,38
8,2,0.0,0.0,uniform,0,uniform,0.5,guarded,stage1,,,1,1,0.0017345441067327938,custom,"{""bfgs"": 0.04076259342530636, ""custom"": 0.0022587465172146373}",0.001720326952636242,0.001720326952636242,stage3_l_opt,l_opt_current_alpha,0.3122067529926624,0.3249657607287498,0.1561033764963311,0.5,True,True,True,False,-6.429851055145264e-06,True,not_needed,,,,,0,False,624,76
8,2,0.0,0.0,uniform,0,uniform,0.5,guarded,stage1,,,1,2,0.0030723729162602685,custom,"{""bfgs"": 0.038507492847808786, ""custom"": 0.0019079210277457577}",0.003593665547668934,0.003593665547668934,stage3_l_opt,l_opt_current_alpha,0.5109119974280456,0.5309119974280456,0.07805168824816561,0.25,False,False,True,True,0.001873338595032692,True,not_needed,,,,,0,False,1062,114
8,2,0.0,0.0,uniform,0,uniform,0.5,guarded,stage1,,,1,3,0.0030723317635644194,custom,"{""bfgs"": 0.03963504313655757, ""custom"": 0.002188393095580993}",0.0035936264321208,0.0035936264321208,stage3_l_opt,l_opt_current_alpha,0.5889559437552893,0.6089557857569031,0.03902584412408272,0.125,False,False,True,True,0.001873299479484558,True,not_needed,,,,,0,False,1486,152
8,2,0.0,0.0,uniform,0,uniform,0.5,guarded,stage1,,,1,4,0.0017232976347467382,custom,"{""bfgs"": 0.04019881828093197, ""custom"": 0.002325889189119298}",0.001724827103316784,0.001724827103316784,stage3_l_opt,l_opt_current_alpha,0.2737251266749179,0.2864952408968491,0.034215640834364736,0.125,True,True,True,False,4.500150680541992e-06,True,not_needed,,,,,0,False,1886,190
8,2,0.0,0.0,uniform,0,uniform,0.5,guarded,stage1,,,1,5,0.003072331763564402,custom,"{""bfgs"": 0.039704532294703866, ""custom"": 0.0022056791065488864}",0.0035936264321208,0.0035936264321208,stage3_l_opt,l_opt_current_alpha,0.5937661470450074,0.6137659890466213,0.01710782041718234,0.0625,False,False,True,True,0.0018687993288040161,True,not_needed,,,,,0,False,2304,228
8,2,0.0,0.0,uniform,0,uniform,0.5,guarded,stage1,,,1,6,0.0030723529172383543,custom,"{""bfgs"": 0.039951675287817914, ""custom"": 0.002267177200803612}",0.0035936525091528893,0.0035936525091528893,stage3_l_opt,l_opt_current_alpha,0.6108817093831116,0.6308817093831116,0.013686256333745817,0.05,False,False,True,True,0.0018688254058361053,True,not_needed,,,,,0,False,2700,266
8,2,0.0,0.0,uniform,0,uniform,0.5,guarded,stage1,,,1,7,0.0030721328310870898,custom,"{""bfgs"": 0.04000110388644073, ""custom"": 0.002279463012709582}",0.0035935593768954277,0.0035935593768954277,stage3_l_opt,l_opt_current_alpha,0.6142756243106373,0.6342750600421494,0.013686256333745817,0.05,False,False,True,True,0.0018687322735786438,True,not_needed,,,,,0,False,3102,304
8,2,0.0,0.0,uniform,0,uniform,0.5,guarded,stage1,,,1,8,0.0030721328310870898,custom,"{""bfgs"": 0.04000110388644073, ""custom"": 0.002279463012709582}",0.0035935593768954277,0.0035935593768954277,stage3_l_opt,l_opt_current_alpha,0.6142756243106373,0.6342750600421494,0.013686256333745817,0.05,False,False,True,True,0.0018687322735786438,True,not_needed,,,,,0,False,3504,342
8,2,0.0,0.0,uniform,0,uniform,0.5,guarded,stage1,,,1,9,0.0030721328310870898,custom,"{""bfgs"": 0.04000110388644073, ""custom"": 0.002279463012709582}",0.0035935593768954277,0.0035935593768954277,stage3_l_opt,l_opt_current_alpha,0.6142756243106373,0.6342750600421494,0.013686256333745817,0.05,False,False,True,True,0.0018687322735786438,True,not_needed,,,,,0,False,3906,380
8,2,0.0,0.0,uniform,0,uniform,0.5,guarded,stage1,,,1,10,0.0030721328310870898,custom,"{""bfgs"": 0.04000110388644073, ""custom"": 0.002279463012709582}",0.0035935593768954277,0.0035935593768954277,stage3_l_opt,l_opt_current_alpha,0.6142756243106373,0.6342750600421494,0.013686256333745817,0.05,False,False,True,True,0.0018687322735786438,True,not_needed,,,,,0,False,4308,418
8,2,0.0,0.0,uniform,0,uniform,0.5,guarded,stage1,,,1,11,0.0030721328310870898,custom,"{""bfgs"": 0.04000110388644073, ""custom"": 0.002279463012709582}",0.0035935593768954277,0.0035935593768954277,stage3_l_opt,l_opt_current_alpha,0.6142756243106373,0.6342750600421494,0.013686256333745817,0.05,False,False,True,True,0.0018687322735786438,True,not_needed,,,,,0,False,4710,456
8,2,0.0,0.0,uniform,0,uniform,0.5,guarded,stage1,,,1,12,0.0030721328310870898,custom,"{""bfgs"": 0.04000110388644073, ""custom"": 0.002279463012709582}",0.0035935593768954277,0.0035935593768954277,stage3_l_opt,l_opt_current_alpha,0.6142756243106373,0.6342750600421494,0.013686256333745817,0.05,False,False,True,True,0.0018687322735786438,True,not_needed,,,,,0,False,5112,494
8,2,0.0,0.0,uniform,0,uniform,0.5,guarded,stage1,,,1,13,0.0030721328310870898,custom,"{""bfgs"": 0.04000110388644073, ""custom"": 0.002279463012709582}",0.0035935593768954277,0.0035935593768954277,stage3_l_opt,l_opt_current_alpha,0.6142756243106373,0.6342750600421494,0.013686256333745817,0.05,False,False,True,True,0.0018687322735786438,True,not_needed,,,,,0,False,5514,532
8,2,0.0,0.0,uniform,0,uniform,0.5,guarded,stage1,,,1,14,0.0030721328310870898,custom,"{""bfgs"": 0.04000110388644073, ""custom"": 0.002279463012709582}",0.0035935593768954277,0.0035935593768954277,stage3_l_opt,l_opt_current_alpha,0.6142756243106373,0.6342750600421494,0.013686256333745817,0.05,False,False,True,True,0.0018687322735786438,True,not_needed,,,,,0,False,5916,570
8,2,0.0,0.0,uniform,0,uniform,0.5,guarded,stage1,,,1,15,0.0030721328310870898,custom,"{""bfgs"": 0.04000110388644073, ""custom"": 0.002279463012709582}",0.0035935593768954277,0.0035935593768954277,stage3_l_opt,l_opt_current_alpha,0.6142756243106373,0.6342750600421494,0.013686256333745817,0.05,False,False,True,True,0.0018687322735786438,True,not_needed,,,,,0,False,6318,608
8,2,0.0,0.0,uniform,0,uniform,0.5,guarded,stage1,,,1,16,0.0030721328310870898,custom,"{""bfgs"": 0.04000110388644073, ""custom"": 0.002279463012709582}",0.0035935593768954277,0.0035935593768954277,stage3_l_opt,l_opt_current_alpha,0.6142756243106373,0.6342750600421494,0.013686256333745817,0.05,False,False,True,True,0.0018687322735786438,True,not_needed,,,,,0,False,6720,646
8,2,0.0,0.0,uniform,0,uniform,0.5,guarded,stage1,,,1,17,0.0030721328310870898,custom,"{""bfgs"": 0.04000110388644073, ""custom"": 0.002279463012709582}",0.0035935593768954277,0.0035935593768954277,stage3_l_opt,l_opt_current_alpha,0.6142756243106373,0.6342750600421494,0.013686256333745817,0.05,False,False,True,True,0.0018687322735786438,True,not_needed,,,,,0,False,7122,684
8,2,0.0,0.0,uniform,0,uniform,0.5,guarded,stage1,,,1,18,0.0030721328310870898,custom,"{""bfgs"": 0.04000110388644073, ""custom"": 0.002279463012709582}",0.0035935593768954277,0.0035935593768954277,stage3_l_opt,l_opt_current_alpha,0.6142756243106373,0.6342750600421494,0.013686256333745817,0.05,False,False,True,True,0.0018687322735786438,True,not_needed,,,,,0,False,7524,722
8,2,0.0,0.0,uniform,0,uniform,0.5,guarded,stage1,,,1,19,0.0030721328310870898,custom,"{""bfgs"": 0.04000110388644073, ""custom"": 0.002279463012709582}",0.0035935593768954277,0.0035935593768954277,stage3_l_opt,l_opt_current_alpha,0.6142756243106373,0.6342750600421494,0.013686256333745817,0.05,False,False,True,True,0.0018687322735786438,True,not_needed,,,,,0,False,7926,760
8,2,0.0,0.0,stage0,0,uniform,0.5,guarded,stage1,,,0,0,0.001744133083088733,bfgs,"{""bfgs"": 0.0009777672027512939, ""custom"": 0.000977878773371402}",0.001229546343286832,0.001229546343286832,stage3_l_opt,l_opt_current_alpha,0.9194680743895514,0.9327937768936946,0.4597340371947757,0.5,False,True,True,False,,True,recovered_informative,1,0.013427909581572391,0.000977878773371402,0.01245003080820099,1,True,468,2406
8,2,0.0,0.0,stage0,0,uniform,0.5,guarded,stage1,,,0,1,0.0017352327502483042,bfgs,"{""bfgs"": 0.0011657798231798802, ""custom"": 0.0011657798231798802}",0.0012264071653286617,0.0012264071653286617,stage3_l_opt,l_opt_current_alpha,1.1390834280120488,1.1618814081277304,0.5695417140060244,0.5,True,True,True,False,-3.1391779581704284e-06,True,recovered_informative,1,0.010780692976195543,0.0011657798231798802,0.009614913153015662,1,True,1143,5262
8,2,0.0,0.0,stage0,0,uniform,0.5,guarded,stage1,,,0,2,0.025818562770648923,bfgs,"{""bfgs"": 0.001230229246100538, ""custom"": 0.0012306183618337493}",0.0027565304189920425,0.0027565304189920425,stage3_l_opt,l_opt_current_alpha,0.7591073550042826,0.7857740216709492,0.2847708570030122,0.25,False,False,True,True,0.0015301232536633809,True,recovered_informative,9,0.009635941951620042,0.0012306183618337493,0.008405323589786292,1,True,2112,7866
8,2,0.0,0.0,stage0,0,uniform,0.5,guarded,stage1,,,0,3,0.0017017267675810306,bfgs,"{""bfgs"": 0.0011736039261492927, ""custom"": 0.001173611057730348}",0.0011551734060049057,0.0011551734060049057,stage3_l_opt,l_opt_current_alpha,0.9584276584500473,0.9833504362686067,0.23960691461251182,0.25,True,True,True,False,-7.123375932375597e-05,True,recovered_informative,18,0.011547382144806946,0.001173611057730348,0.010373771087076598,1,True,2961,11118
8,2,0.0,0.0,stage0,0,uniform,0.5,guarded,stage1,,,0,4,0.025818953042933912,bfgs,"{""bfgs"": 0.0013960575764964745, ""custom"": 0.0013966380411341594}",0.0027564670890569687,0.0027564670890569687,stage3_l_opt,l_opt_current_alpha,0.8042712973947831,0.8309379640614497,0.11980345730625597,0.125,False,False,True,True,0.001601293683052063,True,recovered_informative,9,0.003056612869605994,0.0013966380411341594,0.0016599748284718348,1,True,3654,13554
8,2,0.0,0.0,stage0,0,uniform,0.5,guarded,stage1,,,0,5,0.02581886182306231,bfgs,"{""bfgs"": 0.0015713028427649786, ""custom"": 0.001571788424273536}",0.002756470814347267,0.002756470814347267,stage3_l_opt,l_opt_current_alpha,0.924074754701039,0.9507414213677056,0.0599017286531279,0.0625,False,False,True,True,0.0016012974083423615,True,recovered_informative,9,0.011562929943622267,0.001571788424273536,0.009991141519348731,1,True,4563,15642
8,2,0.0,0.0,stage0,0,uniform,0.5,guarded,stage1,,,0,6,0.025818938537450653,bfgs,"{""bfgs"": 0.001658920084046538, ""custom"": 0.0016593634572479303}",0.0027564621220032373,0.0027564621220032373,stage3_l_opt,l_opt_current_alpha,0.983976483354167,1.0106431500208335,0.04792138292250239,0.05,False,False,True,True,0.0016012887159983316,True,recovered_informative,9,0.010055133268647664,0.0016593634572479303,0.008395769811399733,1,True,5052,18582
8,2,0.0,0.0,stage0,0,uniform,0.5,guarded,stage1,,,0,7,0.025820156308018094,bfgs,"{""bfgs"": 0.0016768780503236696, ""custom"": 0.0016768780503236696}",0.0027568545192480087,0.0027568545192480087,stage3_l_opt,l_opt_current_alpha,,,0.0,0.05,False,False,False,True,0.001601681113243103,False,audited_uninformative,9,0.0016768780503236696,0.0016768780503236696,0.0,1,False,5370,22656
8,2,0.0,0.0,stage0,0,uniform,0.5,guarded,stage1,,,1,0,0.001740265860222993,custom,"{""bfgs"": 0.046092386296169616, ""custom"": 0.0016306192340501463}",0.0017267568036913872,0.0017267568036913872,stage3_l_opt,l_opt_current_alpha,0.6819264806392251,0.6947013633361894,0.34096324031961256,0.5,False,True,True,False,,True,not_needed,,,,,0,False,206,38
8,2,0.0,0.0,stage0,0,uniform,0.5,guarded,stage1,,,1,1,0.0017346142645842397,custom,"{""bfgs"": 0.04116677807880541, ""custom"": 0.0022106256894331364}",0.0017203232273459435,0.0017203232273459435,stage3_l_opt,l_opt_current_alpha,0.34018491711736765,0.3529439156673473,0.17009245855868382,0.5,True,True,True,False,-6.433576345443726e-06,True,not_needed,,,,,0,False,608,76
8,2,0.0,0.0,stage0,0,uniform,0.5,guarded,stage1,,,1,2,0.003072372916260253,custom,"{""bfgs"": 0.038709588425814886, ""custom"": 0.0019581947015173766}",0.003593665547668934,0.003593665547668934,stage3_l_opt,l_opt_current_alpha,0.5249015296096822,0.5449015296096822,0.08504622927934191,0.25,False,False,True,True,0.0018733423203229904,True,not_needed,,,,,0,False,998,114
8,2,0.0,0.0,stage0,0,uniform,0.5,guarded,stage1,,,1,3,0.003072352917238356,custom,"{""bfgs"": 0.03993818325231015, ""custom"": 0.0022638209264029116}",0.0035936525091528893,0.0035936525091528893,stage3_l_opt,l_opt_current_alpha,0.6099477588890241,0.6299477588890241,0.042523114639670956,0.125,False,False,True,True,0.0018733292818069458,True,not_needed,,,,,0,False,1388,152
8,2,0.0,0.0,stage0,0,uniform,0.5,guarded,stage1,,,1,4,0.0017271478386473044,custom,"{""bfgs"": 0.04055248066555778, ""custom"": 0.002283987068356784}",0.0017232922837138176,0.0017232922837138176,stage3_l_opt,l_opt_current_alpha,0.2980207532606258,0.3107870773367878,0.03725259415757831,0.125,True,True,True,False,2.9690563678741455e-06,True,not_needed,,,,,0,False,1782,190
8,2,0.0,0.0,stage0,0,uniform,0.5,guarded,stage1,,,1,5,0.003072132831087056,custom,"{""bfgs"": 0.040014322244621814, ""custom"": 0.0022827509992983603}",0.0035935593768954277,0.0035935593768954277,stage3_l_opt,l_opt_current_alpha,0.6151906302152059,0.635190065946718,0.018626297078789156,0.0625,False,False,True,True,0.00187026709318161,True,not_needed,,,,,0,False,2160,228
8,2,0.0,0.0,stage0,0,uniform,0.5,guarded,stage1,,,1,6,0.0017261796626617532,custom,"{""bfgs"": 0.040283401455089796, ""custom"": 0.0023158613999519533}",0.0017236685380339622,0.0017236685380339622,stage3_l_opt,l_opt_current_alpha,0.2794399737272335,0.29220722673289323,0.017464998357952066,0.0625,True,True,True,False,3.762543201446533e-07,True,not_needed,,,,,0,False,2580,266
8,2,0.0,0.0,stage0,0,uniform,0.5,guarded,stage1,,,1,7,0.0030721328310870447,custom,"{""bfgs"": 0.04003109859805366, ""custom"": 0.002286924015669744}",0.0035935593768954277,0.0035935593768954277,stage3_l_opt,l_opt_current_alpha,0.6163519289360431,0.6363513646675552,0.01397199868636162,0.05,False,False,True,True,0.0018698908388614655,True,not_needed,,,,,0,False,2994,304
8,2,0.0,0.0,stage0,0,uniform,0.5,guarded,stage1,,,1,8,0.0030720721158341785,custom,"{""bfgs"": 0.04008155916946089, ""custom"": 0.00229947965832441}",0.003593544475734234,0.003593544475734234,stage3_l_opt,l_opt_current_alpha,0.6198405048874696,0.6398398503389782,0.01397199868636162,0.05,False,False,True,True,0.0018698759377002716,True,not_needed,,,,,0,False,3408,342
8,2,0.0,0.0,stage0,0,uniform,0.5,guarded,stage1,,,1,9,0.0030720721158341785,custom,"{""bfgs"": 0.04008155916946089, ""custom"": 0.00229947965832441}",0.003593544475734234,0.003593544475734234,stage3_l_opt,l_opt_current_alpha,0.6198405048874696,0.6398398503389782,0.01397199868636162,0.05,False,False,True,True,0.0018698759377002716,True,not_needed,,,,,0,False,3822,380
8,2,0.0,0.0,stage0,0,uniform,0.5,guarded,stage1,,,1,10,0.0030720721158341785,custom,"{""bfgs"": 0.04008155916946089, ""custom"": 0.00229947965832441}",0.003593544475734234,0.003593544475734234,stage3_l_opt,l_opt_current_alpha,0.6198405048874696,0.6398398503389782,0.01397199868636162,0.05,False,False,True,True,0.0018698759377002716,True,not_needed,,,,,0,False,4236,418
8,2,0.0,0.0,stage0,0,uniform,0.5,guarded,stage1,,,1,11,0.0030720721158341785,custom,"{""bfgs"": 0.04008155916946089, ""custom"": 0.00229947965832441}",0.003593544475734234,0.003593544475734234,stage3_l_opt,l_opt_current_alpha,0.6198405048874696,0.6398398503389782,0.01397199868636162,0.05,False,False,True,True,0.0018698759377002716,True,not_needed,,,,,0,False,4650,456
8,2,0.0,0.0,stage0,0,uniform,0.5,guarded,stage1,,,1,12,0.0030720721158341785,custom,"{""bfgs"": 0.04008155916946089, ""custom"": 0.00229947965832441}",0.003593544475734234,0.003593544475734234,stage3_l_opt,l_opt_current_alpha,0.6198405048874696,0.6398398503389782,0.01397199868636162,0.05,False,False,True,True,0.0018698759377002716,True,not_needed,,,,,0,False,5064,494
8,2,0.0,0.0,stage0,0,uniform,0.5,guarded,stage1,,,1,13,0.0030720721158341785,custom,"{""bfgs"": 0.04008155916946089, ""custom"": 0.00229947965832441}",0.003593544475734234,0.003593544475734234,stage3_l_opt,l_opt_current_alpha,0.6198405048874696,0.6398398503389782,0.01397199868636162,0.05,False,False,True,True,0.0018698759377002716,True,not_needed,,,,,0,False,5478,532
8,2,0.0,0.0,stage0,0,uniform,0.5,guarded,stage1,,,1,14,0.0030720721158341785,custom,"{""bfgs"": 0.04008155916946089, ""custom"": 0.00229947965832441}",0.003593544475734234,0.003593544475734234,stage3_l_opt,l_opt_current_alpha,0.6198405048874696,0.6398398503389782,0.01397199868636162,0.05,False,False,True,True,0.0018698759377002716,True,not_needed,,,,,0,False,5892,570
8,2,0.0,0.0,stage0,0,uniform,0.5,guarded,stage1,,,1,15,0.0030720721158341785,custom,"{""bfgs"": 0.04008155916946089, ""custom"": 0.00229947965832441}",0.003593544475734234,0.003593544475734234,stage3_l_opt,l_opt_current_alpha,0.6198405048874696,0.6398398503389782,0.01397199868636162,0.05,False,False,True,True,0.0018698759377002716,True,not_needed,,,,,0,False,6306,608
8,2,0.0,0.0,stage0,0,uniform,0.5,guarded,stage1,,,1,16,0.0030720721158341785,custom,"{""bfgs"": 0.04008155916946089, ""custom"": 0.00229947965832441}",0.003593544475734234,0.003593544475734234,stage3_l_opt,l_opt_current_alpha,0.6198405048874696,0.6398398503389782,0.01397199868636162,0.05,False,False,True,True,0.0018698759377002716,True,not_needed,,,,,0,False,6720,646
8,2,0.0,0.0,stage0,0,uniform,0.5,guarded,stage1,,,1,17,0.0030720721158341785,custom,"{""bfgs"": 0.04008155916946089, ""custom"": 0.00229947965832441}",0.003593544475734234,0.003593544475734234,stage3_l_opt,l_opt_current_alpha,0.6198405048874696,0.6398398503389782,0.01397199868636162,0.05,False,False,True,True,0.0018698759377002716,True,not_needed,,,,,0,False,7134,684
8,2,0.0,0.0,stage0,0,uniform,0.5,guarded,stage1,,,1,18,0.0030720721158341785,custom,"{""bfgs"": 0.04008155916946089, ""custom"": 0.00229947965832441}",0.003593544475734234,0.003593544475734234,stage3_l_opt,l_opt_current_alpha,0.6198405048874696,0.6398398503389782,0.01397199868636162,0.05,False,False,True,True,0.0018698759377002716,True,not_needed,,,,,0,False,7548,722
8,2,0.0,0.0,stage0,0,uniform,0.5,guarded,stage1,,,1,19,0.0030720721158341785,custom,"{""bfgs"": 0.04008155916946089, ""custom"": 0.00229947965832441}",0.003593544475734234,0.003593544475734234,stage3_l_opt,l_opt_current_alpha,0.6198405048874696,0.6398398503389782,0.01397199868636162,0.05,False,False,True,True,0.0018698759377002716,True,not_needed,,,,,0,False,7962,760
9,2,0.0,0.0,uniform,0,uniform,0.5,guarded,stage1,,,0,0,0.00979288672676772,custom,"{""bfgs"": 0.05481658379236857, ""custom"": 0.00694693997502327}",0.00694693997502327,0.00694693997502327,stage3_l_opt,l_opt_current_alpha,1.3066666666666666,1.3333333333333335,0.6533333333333333,0.5,False,True,True,False,,True,not_needed,,,,,0,False,165,1614
9,2,0.0,0.0,uniform,0,uniform,0.5,guarded,stage1,,,0,1,0.00876242191050066,custom,"{""bfgs"": 0.03429622754454613, ""custom"": 0.0071955151483416545}",0.014108803123235703,0.014108803123235703,stage3_l_opt,l_opt_current_alpha,1.3066666666666666,1.3199999999999998,0.3266666666666667,0.25,False,False,True,True,0.007161863148212433,True,not_needed,,,,,0,False,480,3018
9,2,0.0,0.0,uniform,0,uniform,0.5,guarded,stage1,,,0,2,0.004061848492427212,bfgs,"{""bfgs"": 0.006776235109815995, ""custom"": 0.006776235109815995}",0.008975104739268621,0.008975104739268621,stage3_l_opt,l_opt_current_alpha,,,0.0,0.25,False,False,False,True,0.0020281647642453517,False,audited_uninformative,8,0.006776235109815995,0.006776235109815995,0.0,1,False,1323,5886
9,2,0.0,0.0,uniform,0,uniform,0.5,guarded,stage1,,,1,0,0.004863450352803007,custom,"{""bfgs"": 0.12188730761408806, ""custom"": 0.009473726153373718}",0.009473726153373718,0.009473726153373718,stage3_l_opt,l_opt_current_alpha,0.9551322556048034,0.9746247506171464,0.4775661278024017,0.5,False,True,True,False,,True,not_needed,,,,,0,False,148,38
9,2,0.0,0.0,uniform,0,uniform,0.5,guarded,stage1,,,1,1,0.02425270668065519,custom,"{""bfgs"": 0.07307531940936002, ""custom"": 0.005091233179512129}",0.00974520668387413,0.00974520668387413,stage3_l_opt,l_opt_current_alpha,0.5024321217068357,0.5224320859825344,0.2387830639012009,0.25,False,False,True,True,0.000271480530500412,True,not_needed,,,,,0,False,314,76
9,2,0.0,0.0,uniform,0,uniform,0.5,guarded,stage1,,,1,2,0.024252707364607263,custom,"{""bfgs"": 0.07809633773793495, ""custom"": 0.007418217095939063}",0.009745202958583832,0.009745202958583832,stage3_l_opt,l_opt_current_alpha,0.7412148355106344,0.7612147926414882,0.11939153195060048,0.125,False,False,True,True,0.0002714768052101135,True,not_needed,,,,,0,False,462,114
9,2,0.0,0.0,uniform,0,uniform,0.5,guarded,stage1,,,1,3,0.024252599402234086,custom,"{""bfgs"": 0.07309660999922751, ""custom"": 0.008581707579607491}",0.009745188057422638,0.009745188057422638,stage3_l_opt,l_opt_current_alpha,0.8606049670741278,0.8806048956256529,0.059695765975300186,0.0625,False,False,True,True,0.0002714619040489197,True,not_needed,,,,,0,False,614,152
9,2,0.0,0.0,uniform,0,uniform,0.5,guarded,stage1,,,1,4,0.023921749896081333,custom,"{""bfgs"": 0.0706121613874335, ""custom"": 0.009179037367407312}",0.009740360081195831,0.009740360081195831,stage3_l_opt,l_opt_current_alpha,0.919847218246179,0.9398378913935561,0.04775661278024018,0.05,False,False,True,True,0.00026663392782211304,True,not_needed,,,,,0,False,926,190
9,2,0.0,0.0,uniform,0,uniform,0.5,guarded,stage1,,,1,5,0.024217393409093214,custom,"{""bfgs"": 0.1234939639377431, ""custom"": 0.009281038734390264}",0.009744692593812943,0.009744692593812943,stage3_l_opt,l_opt_current_alpha,0.9321933256519618,0.9521923039873128,0.04775661278024018,0.05,False,False,True,True,0.00027096644043922424,True,not_needed,,,,,0,False,1056,228
9,2,0.0,0.0,uniform,0,uniform,0.5,guarded,stage1,,,1,6,0.024217393409093214,custom,"{""bfgs"": 0.1234939639377431, ""custom"": 0.009281038734390264}",0.009744692593812943,0.009744692593812943,stage3_l_opt,l_opt_current_alpha,0.9321933256519618,0.9521923039873128,0.04775661278024018,0.05,False,False,True,True,0.00027096644043922424,True,not_needed,,,,,0,False,1186,266
9,2,0.0,0.0,uniform,0,uniform,0.5,guarded,stage1,,,1,7,0.024217393409093214,custom,"{""bfgs"": 0.1234939639377431, ""custom"": 0.009281038734390264}",0.009744692593812943,0.009744692593812943,stage3_l_opt,l_opt_current_alpha,0.9321933256519618,0.9521923039873128,0.04775661278024018,0.05,False,False,True,True,0.00027096644043922424,True,not_needed,,,,,0,False,1316,304
9,2,0.0,0.0,uniform,0,uniform,0.5,guarded,stage1,,,1,8,0.024217393409093214,custom,"{""bfgs"": 0.1234939639377431, ""custom"": 0.009281038734390264}",0.009744692593812943,0.009744692593812943,stage3_l_opt,l_opt_current_alpha,0.9321933256519618,0.9521923039873128,0.04775661278024018,0.05,False,False,True,True,0.00027096644043922424,True,not_needed,,,,,0,False,1446,342
9,2,0.0,0.0,uniform,0,uniform,0.5,guarded,stage1,,,1,9,0.024217393409093214,custom,"{""bfgs"": 0.1234939639377431, ""custom"": 0.009281038734390264}",0.009744692593812943,0.009744692593812943,stage3_l_opt,l_opt_current_alpha,0.9321933256519618,0.9521923039873128,0.04775661278024018,0.05,False,False,True,True,0.00027096644043922424,True,not_needed,,,,,0,False,1576,380
9,2,0.0,0.0,uniform,0,uniform,0.5,guarded,stage1,,,1,10,0.024217393409093214,custom,"{""bfgs"": 0.1234939639377431, ""custom"": 0.009281038734390264}",0.009744692593812943,0.009744692593812943,stage3_l_opt,l_opt_current_alpha,0.9321933256519618,0.9521923039873128,0.04775661278024018,0.05,False,False,True,True,0.00027096644043922424,True,not_needed,,,,,0,False,1706,418
9,2,0.0,0.0,uniform,0,uniform,0.5,guarded,stage1,,,1,11,0.024217393409093214,custom,"{""bfgs"": 0.1234939639377431, ""custom"": 0.009281038734390264}",0.009744692593812943,0.009744692593812943,stage3_l_opt,l_opt_current_alpha,0.9321933256519618,0.9521923039873128,0.04775661278024018,0.05,False,False,True,True,0.00027096644043922424,True,not_needed,,,,,0,False,1836,456
9,2,0.0,0.0,uniform,0,uniform,0.5,guarded,stage1,,,1,12,0.024217393409093214,custom,"{""bfgs"": 0.1234939639377431, ""custom"": 0.009281038734390264}",0.009744692593812943,0.009744692593812943,stage3_l_opt,l_opt_current_alpha,0.9321933256519618,0.9521923039873128,0.04775661278024018,0.05,False,False,True,True,0.00027096644043922424,True,not_needed,,,,,0,False,1966,494
9,2,0.0,0.0,uniform,0,uniform,0.5,guarded,stage1,,,1,13,0.024217393409093214,custom,"{""bfgs"": 0.1234939639377431, ""custom"": 0.009281038734390264}",0.009744692593812943,0.009744692593812943,stage3_l_opt,l_opt_current_alpha,0.9321933256519618,0.9521923039873128,0.04775661278024018,0.05,False,False,True,True,0.00027096644043922424,True,not_needed,,,,,0,False,2096,532
9,2,0.0,0.0,uniform,0,uniform,0.5,guarded,stage1,,,1,14,0.024217393409093214,custom,"{""bfgs"": 0.1234939639377431, ""custom"": 0.009281038734390264}",0.009744692593812943,0.009744692593812943,stage3_l_opt,l_opt_current_alpha,0.9321933256519618,0.9521923039873128,0.04775661278024018,0.05,False,False,True,True,0.00027096644043922424,True,not_needed,,,,,0,False,2226,570
9,2,0.0,0.0,uniform,0,uniform,0.5,guarded,stage1,,,1,15,0.024217393409093214,custom,"{""bfgs"": 0.1234939639377431, ""custom"": 0.009281038734390264}",0.009744692593812943,0.009744692593812943,stage3_l_opt,l_opt_current_alpha,0.9321933256519618,0.9521923039873128,0.04775661278024018,0.05,False,False,True,True,0.00027096644043922424,True,not_needed,,,,,0,False,2356,608
9,2,0.0,0.0,uniform,0,uniform,0.5,guarded,stage1,,,1,16,0.024217393409093214,custom,"{""bfgs"": 0.1234939639377431, ""custom"": 0.009281038734390264}",0.009744692593812943,0.009744692593812943,stage3_l_opt,l_opt_current_alpha,0.9321933256519618,0.9521923039873128,0.04775661278024018,0.05,False,False,True,True,0.00027096644043922424,True,not_needed,,,,,0,False,2486,646
9,2,0.0,0.0,uniform,0,uniform,0.5,guarded,stage1,,,1,17,0.024217393409093214,custom,"{""bfgs"": 0.1234939639377431, ""custom"": 0.009281038734390264}",0.009744692593812943,0.009744692593812943,stage3_l_opt,l_opt_current_alpha,0.9321933256519618,0.9521923039873128,0.04775661278024018,0.05,False,False,True,True,0.00027096644043922424,True,not_needed,,,,,0,False,2616,684
9,2,0.0,0.0,uniform,0,uniform,0.5,guarded,stage1,,,1,18,0.024217393409093214,custom,"{""bfgs"": 0.1234939639377431, ""custom"": 0.009281038734390264}",0.009744692593812943,0.009744692593812943,stage3_l_opt,l_opt_current_alpha,0.9321933256519618,0.9521923039873128,0.04775661278024018,0.05,False,False,True,True,0.00027096644043922424,True,not_needed,,,,,0,False,2746,722
9,2,0.0,0.0,uniform,0,uniform,0.5,guarded,stage1,,,1,19,0.024217393409093214,custom,"{""bfgs"": 0.1234939639377431, ""custom"": 0.009281038734390264}",0.009744692593812943,0.009744692593812943,stage3_l_opt,l_opt_current_alpha,0.9321933256519618,0.9521923039873128,0.04775661278024018,0.05,False,False,True,True,0.00027096644043922424,True,not_needed,,,,,0,False,2876,760
9,2,0.0,0.0,stage0,0,uniform,0.5,guarded,stage1,,,0,0,0.010476629838571085,bfgs,"{""bfgs"": 0.005794638615829075, ""custom"": 0.005794638615829075}",0.005340341478586197,0.005340341478586197,stage3_l_opt,l_opt_current_alpha,0.6605530597154172,0.6738863930487506,0.33027652985770867,0.5,False,True,True,False,,True,recovered_informative,1,0.006253768872470245,0.005794638615829075,0.0004591302566411704,1,True,816,2982
9,2,0.0,0.0,stage0,0,uniform,0.5,guarded,stage1,,,0,1,0.016989752851289428,bfgs,"{""bfgs"": 0.004751989825929953, ""custom"": 0.004751989825929953}",0.006427237143119176,0.006427237143119176,stage3_l_opt,l_opt_current_alpha,,,0.0,0.5,False,False,False,True,0.001086895664532979,False,audited_uninformative,16,0.004751989825929953,0.004751989825929953,0.0,1,False,1953,6708
9,2,0.0,0.0,stage0,0,uniform,0.5,guarded,stage1,,,1,0,0.023511360401472094,custom,"{""bfgs"": 0.005786153732646893, ""custom"": 0.0033434352498584057}",0.003936240449547768,0.003936240449547768,stage3_l_opt,l_opt_current_alpha,1.130602589572316,1.150602589572316,0.5653012947861581,0.5,False,True,True,False,,True,not_needed,,,,,0,False,386,38
9,2,0.0,0.0,stage0,0,uniform,0.5,guarded,stage1,,,1,1,0.0242527164322721,custom,"{""bfgs"": 0.0060746793927795644, ""custom"": 0.0022835019109785954}",0.003901412710547447,0.003901412710547447,stage3_l_opt,l_opt_current_alpha,0.564463329843875,0.5844462285185223,0.28223166492193746,0.5,True,True,True,False,-3.4827739000320435e-05,True,not_needed,,,,,0,False,754,76
9,2,0.0,0.0,stage0,0,uniform,0.5,guarded,stage1,,,1,2,0.024252725189897652,custom,"{""bfgs"": 0.0062187283772467735, ""custom"": 0.001182404222222588}",0.003901427611708641,0.003901427611708641,stage3_l_opt,l_opt_current_alpha,0.2830696298642206,0.3030696298642206,0.1415348149321103,0.5,True,True,True,False,1.4901161193847656e-08,True,not_needed,,,,,0,False,1136,114
9,2,0.0,0.0,stage0,0,uniform,0.5,guarded,stage1,,,1,3,0.02425271414291761,custom,"{""bfgs"": 0.0062909667150795046, ""custom"": 0.0006302151837002226}",0.003901420161128044,0.003901420161128044,stage3_l_opt,l_opt_current_alpha,0.1411156532554636,0.16110709893553207,0.0705578266277318,0.5,True,True,True,False,-7.450580596923828e-09,True,not_needed,,,,,0,False,1530,152
9,2,0.0,0.0,stage0,0,uniform,0.5,guarded,stage1,,,1,4,0.02425271414291761,custom,"{""bfgs"": 0.006326978915463716, ""custom"": 0.00035493945636941255}",0.003901420161128044,0.003901420161128044,stage3_l_opt,l_opt_current_alpha,0.0705578266277318,0.09054927230780027,0.035278913313865956,0.5,True,True,True,False,0.0,True,not_needed,,,,,0,False,1900,190
9,2,0.0,0.0,stage0,0,uniform,0.5,guarded,stage1,,,1,5,0.024252727522534632,custom,"{""bfgs"": 0.00634498501565582, ""custom"": 0.00021730159270400758}",0.003901420161128044,0.003901420161128044,stage3_l_opt,l_opt_current_alpha,0.035278913313865845,0.05527035899393431,0.017639456656932923,0.5,True,True,True,False,0.0,True,not_needed,,,,,0,False,2248,228
9,2,0.0,0.0,stage0,0,uniform,0.5,guarded,stage1,,,1,6,0.024252727522534632,custom,"{""bfgs"": 0.006353988349310677, ""custom"": 0.00014848266087130507}",0.003901420161128044,0.003901420161128044,stage3_l_opt,l_opt_current_alpha,0.017639456656932923,0.037630902337001386,0.008819728328466517,0.5,True,True,True,False,0.0,True,not_needed,,,,,0,False,2626,266
9,2,0.0,0.0,stage0,0,uniform,0.5,guarded,stage1,,,1,7,0.024252727522534632,custom,"{""bfgs"": 0.0063584895907999, ""custom"": 0.00011407319495495381}",0.003901420161128044,0.003901420161128044,stage3_l_opt,l_opt_current_alpha,0.008819728328466404,0.02881117400853487,0.004409864164233203,0.5,True,True,True,False,0.0,True,not_needed,,,,,0,False,3004,304
9,2,0.0,0.0,stage0,0,uniform,0.5,guarded,stage1,,,1,8,0.024252727522534632,custom,"{""bfgs"": 0.006360740353323913, ""custom"": 9.686846199677819e-05}",0.003901420161128044,0.003901420161128044,stage3_l_opt,l_opt_current_alpha,0.004409864164233201,0.024401309844301666,0.002204932082116546,0.5,True,True,True,False,0.0,True,not_needed,,,,,0,False,3376,342
9,2,0.0,0.0,stage0,0,uniform,0.5,guarded,stage1,,,1,9,0.024252727522534632,custom,"{""bfgs"": 0.006361865734585919, ""custom"": 8.826609551769037e-05}",0.003901420161128044,0.003901420161128044,stage3_l_opt,l_opt_current_alpha,0.002204932082116655,0.02219637776218512,0.0011024660410583267,0.5,True,True,True,False,0.0,True,not_needed,,,,,0,False,3760,380
9,2,0.0,0.0,stage0,0,uniform,0.5,guarded,stage1,,,1,10,0.024252727522534632,custom,"{""bfgs"": 0.006362428425216922, ""custom"": 8.396491227814648e-05}",0.003901420161128044,0.003901420161128044,stage3_l_opt,l_opt_current_alpha,0.0011024660410583285,0.021093911721126794,0.0005512330205292171,0.5,True,True,True,False,0.0,True,not_needed,,,,,0,False,4138,418
9,2,0.0,0.0,stage0,0,uniform,0.5,guarded,stage1,,,1,11,0.024252727522534632,custom,"{""bfgs"": 0.006362709770532425, ""custom"": 8.181432065837454e-05}",0.003901420161128044,0.003901420161128044,stage3_l_opt,l_opt_current_alpha,0.0005512330205291113,0.020542678700597575,0.0,0.5,True,True,False,False,0.0,True,not_needed,,,,,0,False,4522,456
10,2,0.0,0.0,uniform,0,uniform,0.5,guarded,stage1,,,0,0,0.0023854643988938107,custom,"{""bfgs"": 0.02271431932846705, ""custom"": 0.01384574423233668}",0.01384574423233668,0.01384574423233668,stage3_l_opt,l_opt_current_alpha,1.3066666666666666,1.3333333333333333,0.6533333333333333,0.5,False,True,True,False,,True,not_needed,,,,,0,False,216,564
10,2,0.0,0.0,uniform,0,uniform,0.5,guarded,stage1,,,0,1,0.007237570187525844,custom,"{""bfgs"": 0.0026687239482998844, ""custom"": 0.002651295997202396}",0.005196686834096909,0.005196686834096909,stage3_l_opt,l_opt_current_alpha,0.5450760463572301,0.5695333806366293,0.2725380231786149,0.5,True,True,True,False,-0.008649057398239771,True,recovered_informative,18,0.012954353727400301,0.0026935318857431406,0.01026082184165716,1,True,1629,2292
10,2,0.0,0.0,uniform,0,uniform,0.5,guarded,stage1,,,0,2,0.005885527842620131,custom,"{""bfgs"": 0.0018374905231433667, ""custom"": 0.001831702392211199}",0.005482517182826996,0.005482517182826996,stage3_l_opt,l_opt_current_alpha,0.333516703809263,0.35921850095867547,0.13626901158930746,0.25,False,False,True,True,0.0002858303487300873,True,recovered_informative,18,0.007788406950014395,0.0018374905231433667,0.005950916426871028,1,True,2556,3948
10,2,0.0,0.0,uniform,0,uniform,0.5,guarded,stage1,,,0,3,0.007240925381789661,bfgs,"{""bfgs"": 0.002264219702176132, ""custom"": 0.002264219702176132}",0.00520948941508929,0.00520948941508929,stage3_l_opt,l_opt_current_alpha,0.41447982247223586,0.4390529279292742,0.10361995561805891,0.25,True,True,True,False,1.2802580992381067e-05,True,recovered_informative,18,0.0103998906340352,0.002264219702176132,0.008135670931859067,1,True,3789,5538
10,2,0.0,0.0,uniform,0,uniform,0.5,guarded,stage1,,,0,4,0.006511800051203397,custom,"{""bfgs"": 0.0019398702466134543, ""custom"": 0.0019173144006842074}",0.0053426337738831835,0.0053426337738831835,stage3_l_opt,l_opt_current_alpha,0.33698634345591894,0.36209264231299276,0.05180997780902938,0.125,False,False,True,True,0.00013314435879389387,True,recovered_informative,18,0.00841705605659057,0.0019398702466134543,0.006477185809977116,1,True,5145,7170
10,2,0.0,0.0,uniform,0,uniform,0.5,guarded,stage1,,,0,5,0.007240925381789661,bfgs,"{""bfgs"": 0.0021020449743947935, ""custom"": 0.0021020449743947935}",0.00520948941508929,0.00520948941508929,stage3_l_opt,l_opt_current_alpha,0.3626698446632065,0.3872429501202448,0.04533373058290084,0.125,True,True,True,False,0.0,True,recovered_informative,18,0.009388704522793914,0.0021020449743947935,0.00728665954839912,1,True,6471,8760
10,2,0.0,0.0,uniform,0,uniform,0.5,guarded,stage1,,,0,6,0.006511706427725369,custom,"{""bfgs"": 0.0019601420875861217, ""custom"": 0.001939005777111478}",0.0053425754110018415,0.0053425754110018415,stage3_l_opt,l_opt_current_alpha,0.34345079731419936,0.3685568554902966,0.022666865291450483,0.0625,False,False,True,True,0.00013308599591255188,True,recovered_informative,18,0.008530281923294712,0.0019601420875861217,0.00657013983570859,1,True,7428,10392
10,2,0.0,0.0,uniform,0,uniform,0.5,guarded,stage1,,,0,7,0.007240925381789661,bfgs,"{""bfgs"": 0.0020310935309904576, ""custom"": 0.0020310935309904576}",0.00520948941508929,0.00520948941508929,stage3_l_opt,l_opt_current_alpha,0.340002979371756,0.36457608482879433,0.021250186210734795,0.0625,True,True,True,False,0.0,True,recovered_informative,18,0.008968772295852575,0.0020310935309904576,0.006937678764862117,1,True,8499,12720
10,2,0.0,0.0,uniform,0,uniform,0.5,guarded,stage1,,,0,8,0.0065127031729613665,custom,"{""bfgs"": 0.0019645765527988926, ""custom"": 0.001944505339218085}",0.0053428250054518385,0.0053428250054518385,stage3_l_opt,l_opt_current_alpha,0.34491816870133585,0.37002526141429914,0.017000148968587814,0.05,False,False,True,True,0.00013333559036254883,True,recovered_informative,18,0.008558274020250159,0.0019645765527988926,0.006593697467451266,1,True,9837,14334
10,2,0.0,0.0,uniform,0,uniform,0.5,guarded,stage1,,,0,9,0.006512504089596789,custom,"{""bfgs"": 0.0019778799484372056, ""custom"": 0.0019586810569059924}",0.005342775334914525,0.005342775334914525,stage3_l_opt,l_opt_current_alpha,0.3491581681872203,0.37426505604801474,0.017000148968587814,0.05,False,False,True,True,0.00013328591982523542,True,recovered_informative,18,0.008650457678914196,0.0019778799484372056,0.00667257773047699,1,True,11232,15924
10,2,0.0,0.0,uniform,0,uniform,0.5,guarded,stage1,,,0,10,0.006512504089596789,custom,"{""bfgs"": 0.0019778799484372056, ""custom"": 0.0019586810569059924}",0.005342775334914525,0.005342775334914525,stage3_l_opt,l_opt_current_alpha,0.3491581681872203,0.37426505604801474,0.017000148968587814,0.05,False,False,True,True,0.00013328591982523542,True,recovered_informative,18,0.008650457678914196,0.0019778799484372056,0.00667257773047699,1,True,12627,17514
10,2,0.0,0.0,uniform,0,uniform,0.5,guarded,stage1,,,0,11,0.006512504089596789,custom,"{""bfgs"": 0.0019778799484372056, ""custom"": 0.0019586810569059924}",0.005342775334914525,0.005342775334914525,stage3_l_opt,l_opt_current_alpha,0.3491581681872203,0.37426505604801474,0.017000148968587814,0.05,False,False,True,True,0.00013328591982523542,True,recovered_informative,18,0.008650457678914196,0.0019778799484372056,0.00667257773047699,1,True,14022,19104
10,2,0.0,0.0,uniform,0,uniform,0.5,guarded,stage1,,,0,12,0.006512504089596789,custom,"{""bfgs"": 0.0019778799484372056, ""custom"": 0.0019586810569059924}",0.005342775334914525,0.005342775334914525,stage3_l_opt,l_opt_current_alpha,0.3491581681872203,0.37426505604801474,0.017000148968587814,0.05,False,False,True,True,0.00013328591982523542,True,recovered_informative,18,0.008650457678914196,0.0019778799484372056,0.00667257773047699,1,True,15417,20694
10,2,0.0,0.0,uniform,0,uniform,0.5,guarded,stage1,,,0,13,0.006512504089596789,custom,"{""bfgs"": 0.0019778799484372056, ""custom"": 0.0019586810569059924}",0.005342775334914525,0.005342775334914525,stage3_l_opt,l_opt_current_alpha,0.3491581681872203,0.37426505604801474,0.017000148968587814,0.05,False,False,True,True,0.00013328591982523542,True,recovered_informative,18,0.008650457678914196,0.0019778799484372056,0.00667257773047699,1,True,16812,22284
10,2,0.0,0.0,uniform,0,uniform,0.5,guarded,stage1,,,0,14,0.006512504089596789,custom,"{""bfgs"": 0.0019778799484372056, ""custom"": 0.0019586810569059924}",0.005342775334914525,0.005342775334914525,stage3_l_opt,l_opt_current_alpha,0.3491581681872203,0.37426505604801474,0.017000148968587814,0.05,False,False,True,True,0.00013328591982523542,True,recovered_informative,18,0.008650457678914196,0.0019778799484372056,0.00667257773047699,1,True,18207,23874
10,2,0.0,0.0,uniform,0,uniform,0.5,guarded,stage1,,,0,15,0.006512504089596789,custom,"{""bfgs"": 0.0019778799484372056, ""custom"": 0.0019586810569059924}",0.005342775334914525,0.005342775334914525,stage3_l_opt,l_opt_current_alpha,0.3491581681872203,0.37426505604801474,0.017000148968587814,0.05,False,False,True,True,0.00013328591982523542,True,recovered_informative,18,0.008650457678914196,0.0019778799484372056,0.00667257773047699,1,True,19602,25464
10,2,0.0,0.0,uniform,0,uniform,0.5,guarded,stage1,,,0,16,0.006512504089596789,custom,"{""bfgs"": 0.0019778799484372056, ""custom"": 0.0019586810569059924}",0.005342775334914525,0.005342775334914525,stage3_l_opt,l_opt_current_alpha,0.3491581681872203,0.37426505604801474,0.017000148968587814,0.05,False,False,True,True,0.00013328591982523542,True,recovered_informative,18,0.008650457678914196,0.0019778799484372056,0.00667257773047699,1,True,20997,27054
10,2,0.0,0.0,uniform,0,uniform,0.5,guarded,stage1,,,0,17,0.006512504089596789,custom,"{""bfgs"": 0.0019778799484372056, ""custom"": 0.0019586810569059924}",0.005342775334914525,0.005342775334914525,stage3_l_opt,l_opt_current_alpha,0.3491581681872203,0.37426505604801474,0.017000148968587814,0.05,False,False,True,True,0.00013328591982523542,True,recovered_informative,18,0.008650457678914196,0.0019778799484372056,0.00667257773047699,1,True,22392,28644
10,2,0.0,0.0,uniform,0,uniform,0.5,guarded,stage1,,,0,18,0.006512504089596789,custom,"{""bfgs"": 0.0019778799484372056, ""custom"": 0.0019586810569059924}",0.005342775334914525,0.005342775334914525,stage3_l_opt,l_opt_current_alpha,0.3491581681872203,0.37426505604801474,0.017000148968587814,0.05,False,False,True,True,0.00013328591982523542,True,recovered_informative,18,0.008650457678914196,0.0019778799484372056,0.00667257773047699,1,True,23787,30234
10,2,0.0,0.0,uniform,0,uniform,0.5,guarded,stage1,,,0,19,0.006512504089596789,custom,"{""bfgs"": 0.0019778799484372056, ""custom"": 0.0019586810569059924}",0.005342775334914525,0.005342775334914525,stage3_l_opt,l_opt_current_alpha,0.3491581681872203,0.37426505604801474,0.017000148968587814,0.05,False,False,True,True,0.00013328591982523542,True,recovered_informative,18,0.008650457678914196,0.0019778799484372056,0.00667257773047699,1,True,25182,31824
10,2,0.0,0.0,stage0,0,uniform,0.5,guarded,stage1,,,0,0,0.0022770229438400236,custom,"{""bfgs"": 0.022494387588070097, ""custom"": 0.013480187911554427}",0.013820511599381765,0.013820511599381765,stage3_l_opt,l_opt_current_alpha,1.3254043367691357,1.3520710034358023,0.6627021683845679,0.5,False,True,True,False,,True,not_needed,,,,,0,False,243,564
10,2,0.0,0.0,stage0,0,uniform,0.5,guarded,stage1,,,0,1,0.007252287237386819,custom,"{""bfgs"": 0.002745423890815189, ""custom"": 0.00271719491907729}",0.005194457868734996,0.005194457868734996,stage3_l_opt,l_opt_current_alpha,0.5535792508116525,0.5780189191605045,0.2767896254058262,0.5,True,True,True,False,-0.00862605373064677,True,recovered_informative,18,0.012937850379884368,0.002759313318097108,0.01017853706178726,1,True,1692,2088
10,2,0.0,0.0,stage0,0,uniform,0.5,guarded,stage1,,,0,2,0.005882599734297814,custom,"{""bfgs"": 0.0018719364123088245, ""custom"": 0.0018620011854704524}",0.0054818205535411835,0.0054818205535411835,stage3_l_opt,l_opt_current_alpha,0.3384839523045945,0.36418268854933994,0.13839481270291315,0.25,False,False,True,True,0.00028736268480618766,True,recovered_informative,18,0.007890345207010109,0.0018719364123088245,0.006018408794701284,1,True,2619,3720
10,2,0.0,0.0,stage0,0,uniform,0.5,guarded,stage1,,,0,3,0.007240925381789661,bfgs,"{""bfgs"": 0.002314362477657786, ""custom"": 0.002314362477657786}",0.00520948941508929,0.00520948941508929,stage3_l_opt,l_opt_current_alpha,0.4217228564098646,0.4462959618669029,0.10543071410246618,0.25,True,True,True,False,1.5031546354293823e-05,True,recovered_informative,18,0.010542078770767828,0.002314362477657786,0.008227716293110043,1,True,3945,5904
10,2,0.0,0.0,stage0,0,uniform,0.5,guarded,stage1,,,0,4,0.0065114792754751676,custom,"{""bfgs"": 0.001977477328224695, ""custom"": 0.001953612372982787}",0.0053425754110018415,0.0053425754110018415,stage3_l_opt,l_opt_current_alpha,0.34240682554129215,0.3675128837173894,0.05271535705123305,0.125,False,False,True,True,0.00013308599591255188,True,recovered_informative,18,0.008510057030548725,0.001977477328224695,0.00653257970232403,1,True,4929,7812
10,2,0.0,0.0,stage0,0,uniform,0.5,guarded,stage1,,,0,5,0.007240925381789661,bfgs,"{""bfgs"": 0.002145919902941241, ""custom"": 0.002145919902941241}",0.00520948941508929,0.00520948941508929,stage3_l_opt,l_opt_current_alpha,0.36900749935863153,0.3935806048156699,0.04612593741982901,0.125,True,True,True,False,0.0,True,recovered_informative,18,0.009510523506170277,0.002145919902941241,0.007364603603229037,1,True,6261,9426
10,2,0.0,0.0,stage0,0,uniform,0.5,guarded,stage1,,,0,6,0.006511463732611008,custom,"{""bfgs"": 0.001998532650064263, ""custom"": 0.0019761382845157535}",0.005342553059260051,0.005342553059260051,stage3_l_opt,l_opt_current_alpha,0.3489917286452625,0.37409769464733084,0.023062968709914533,0.0625,False,False,True,True,0.0001330636441707611,True,recovered_informative,18,0.008635209120215969,0.001998532650064263,0.006636676470151705,1,True,7236,11058
10,2,0.0,0.0,stage0,0,uniform,0.5,guarded,stage1,,,0,7,0.007240925381789661,bfgs,"{""bfgs"": 0.002072226276502752, ""custom"": 0.002072226276502752}",0.00520948941508929,0.00520948941508929,stage3_l_opt,l_opt_current_alpha,0.34594453064871705,0.3705176361057554,0.021621533165544715,0.0625,True,True,True,False,0.0,True,recovered_informative,18,0.009070505529986363,0.002072226276502752,0.006998279253483611,1,True,8445,12648
10,2,0.0,0.0,stage0,0,uniform,0.5,guarded,stage1,,,0,8,0.00651175654097821,custom,"{""bfgs"": 0.002003138501716669, ""custom"": 0.001981254962745677}",0.005342617630958557,0.005342617630958557,stage3_l_opt,l_opt_current_alpha,0.3504462120587516,0.3755524443438628,0.017297226532435844,0.05,False,False,True,True,0.0001331282158692675,True,recovered_informative,18,0.008662421635431284,0.002003138501716669,0.006659283133714615,1,True,9531,14220
10,2,0.0,0.0,stage0,0,uniform,0.5,guarded,stage1,,,0,9,0.0065122664628563,custom,"{""bfgs"": 0.0020169522874729368, ""custom"": 0.0019964580972829755}",0.005342751741409302,0.005342751741409302,stage3_l_opt,l_opt_current_alpha,0.3547976193165113,0.37990440467559516,0.017297226532435844,0.05,False,False,True,True,0.00013326232632001212,True,recovered_informative,18,0.008764010742489189,0.0020169560566738855,0.006747054685815304,1,True,10887,15876
10,2,0.0,0.0,stage0,0,uniform,0.5,guarded,stage1,,,0,10,0.0065122664628563,custom,"{""bfgs"": 0.0020169522874729368, ""custom"": 0.0019964580972829755}",0.005342751741409302,0.005342751741409302,stage3_l_opt,l_opt_current_alpha,0.3547976193165113,0.37990440467559516,0.017297226532435844,0.05,False,False,True,True,0.00013326232632001212,True,recovered_informative,18,0.008764010742489189,0.0020169560566738855,0.006747054685815304,1,True,12243,17532
10,2,0.0,0.0,stage0,0,uniform,0.5,guarded,stage1,,,0,11,0.0065122664628563,custom,"{""bfgs"": 0.0020169522874729368, ""custom"": 0.0019964580972829755}",0.005342751741409302,0.005342751741409302,stage3_l_opt,l_opt_current_alpha,0.3547976193165113,0.37990440467559516,0.017297226532435844,0.05,False,False,True,True,0.00013326232632001212,True,recovered_informative,18,0.008764010742489189,0.0020169560566738855,0.006747054685815304,1,True,13599,19188
10,2,0.0,0.0,stage0,0,uniform,0.5,guarded,stage1,,,0,12,0.0065122664628563,custom,"{""bfgs"": 0.0020169522874729368, ""custom"": 0.0019964580972829755}",0.005342751741409302,0.005342751741409302,stage3_l_opt,l_opt_current_alpha,0.3547976193165113,0.37990440467559516,0.017297226532435844,0.05,False,False,True,True,0.00013326232632001212,True,recovered_informative,18,0.008764010742489189,0.0020169560566738855,0.006747054685815304,1,True,14955,20844
10,2,0.0,0.0,stage0,0,uniform,0.5,guarded,stage1,,,0,13,0.0065122664628563,custom,"{""bfgs"": 0.0020169522874729368, ""custom"": 0.0019964580972829755}",0.005342751741409302,0.005342751741409302,stage3_l_opt,l_opt_current_alpha,0.3547976193165113,0.37990440467559516,0.017297226532435844,0.05,False,False,True,True,0.00013326232632001212,True,recovered_informative,18,0.008764010742489189,0.0020169560566738855,0.006747054685815304,1,True,16311,22500
10,2,0.0,0.0,stage0,0,uniform,0.5,guarded,stage1,,,0,14,0.0065122664628563,custom,"{""bfgs"": 0.0020169522874729368, ""custom"": 0.0019964580972829755}",0.005342751741409302,0.005342751741409302,stage3_l_opt,l_opt_current_alpha,0.3547976193165113,0.37990440467559516,0.017297226532435844,0.05,False,False,True,True,0.00013326232632001212,True,recovered_informative,18,0.008764010742489189,0.0020169560566738855,0.006747054685815304,1,True,17667,24156
10,2,0.0,0.0,stage0,0,uniform,0.5,guarded,stage1,,,0,15,0.0065122664628563,custom,"{""bfgs"": 0.0020169522874729368, ""custom"": 0.0019964580972829755}",0.005342751741409302,0.005342751741409302,stage3_l_opt,l_opt_current_alpha,0.3547976193165113,0.37990440467559516,0.017297226532435844,0.05,False,False,True,True,0.00013326232632001212,True,recovered_informative,18,0.008764010742489189,0.0020169560566738855,0.006747054685815304,1,True,19023,25812
10,2,0.0,0.0,stage0,0,uniform,0.5,guarded,stage1,,,0,16,0.0065122664628563,custom,"{""bfgs"": 0.0020169522874729368, ""custom"": 0.0019964580972829755}",0.005342751741409302,0.005342751741409302,stage3_l_opt,l_opt_current_alpha,0.3547976193165113,0.37990440467559516,0.017297226532435844,0.05,False,False,True,True,0.00013326232632001212,True,recovered_informative,18,0.008764010742489189,0.0020169560566738855,0.006747054685815304,1,True,20379,27468
10,2,0.0,0.0,stage0,0,uniform,0.5,guarded,stage1,,,0,17,0.0065122664628563,custom,"{""bfgs"": 0.0020169522874729368, ""custom"": 0.0019964580972829755}",0.005342751741409302,0.005342751741409302,stage3_l_opt,l_opt_current_alpha,0.3547976193165113,0.37990440467559516,0.017297226532435844,0.05,False,False,True,True,0.00013326232632001212,True,recovered_informative,18,0.008764010742489189,0.0020169560566738855,0.006747054685815304,1,True,21735,29124
10,2,0.0,0.0,stage0,0,uniform,0.5,guarded,stage1,,,0,18,0.0065122664628563,custom,"{""bfgs"": 0.0020169522874729368, ""custom"": 0.0019964580972829755}",0.005342751741409302,0.005342751741409302,stage3_l_opt,l_opt_current_alpha,0.3547976193165113,0.37990440467559516,0.017297226532435844,0.05,False,False,True,True,0.00013326232632001212,True,recovered_informative,18,0.008764010742489189,0.0020169560566738855,0.006747054685815304,1,True,23091,30780
10,2,0.0,0.0,stage0,0,uniform,0.5,guarded,stage1,,,0,19,0.0065122664628563,custom,"{""bfgs"": 0.0020169522874729368, ""custom"": 0.0019964580972829755}",0.005342751741409302,0.005342751741409302,stage3_l_opt,l_opt_current_alpha,0.3547976193165113,0.37990440467559516,0.017297226532435844,0.05,False,False,True,True,0.00013326232632001212,True,recovered_informative,18,0.008764010742489189,0.0020169560566738855,0.006747054685815304,1,True,24447,32436
11,2,0.0,0.0,uniform,0,uniform,0.5,guarded,stage1,,,0,0,0.009162961009462227,custom,"{""bfgs"": 0.04470833266774813, ""custom"": 0.0036158470126489797}",0.0036158470126489797,0.0036158470126489797,stage3_l_opt,l_opt_current_alpha,1.3066639905540356,1.3333306026061584,0.6533319952770177,0.5,False,True,True,False,,True,not_needed,,,,,0,False,756,1572
11,2,0.0,0.0,uniform,0,uniform,0.5,guarded,stage1,,,0,1,0.00916296184027135,custom,"{""bfgs"": 0.012978684819423908, ""custom"": 0.00184408345633154}",0.0036158408038318157,0.0036158408038318157,stage3_l_opt,l_opt_current_alpha,0.6533321739912624,0.6799987896906151,0.3266660869956311,0.5,True,True,True,False,-6.20881716395863e-09,True,not_needed,,,,,0,False,1665,3234
11,2,0.0,0.0,uniform,0,uniform,0.5,guarded,stage1,,,0,2,0.009162975786887961,custom,"{""bfgs"": 0.002406286708549541, ""custom"": 0.0009582063614488419}",0.0036158470126489797,0.0036158470126489797,stage3_l_opt,l_opt_current_alpha,0.32666722240374124,0.35333386127468797,0.16333361120187068,0.5,True,True,True,False,6.20881716395863e-09,True,not_needed,,,,,0,False,2514,4575
11,2,0.0,0.0,uniform,0,uniform,0.5,guarded,stage1,,,0,3,0.00916296202466712,custom,"{""bfgs"": 0.036752593012861406, ""custom"": 0.0005152794708475199}",0.003615853221466144,0.003615853221466144,stage3_l_opt,l_opt_current_alpha,0.16333474619702754,0.19000140823114092,0.08166737309851382,0.5,True,True,True,False,6.208817164392311e-09,True,not_needed,,,,,0,False,3282,5850
11,2,0.0,0.0,uniform,0,uniform,0.5,guarded,stage1,,,0,4,0.009162950177540805,custom,"{""bfgs"": 0.007977064088252163, ""custom"": 0.00029380930444204624}",0.003615853221466144,0.003615853221466144,stage3_l_opt,l_opt_current_alpha,0.08166737309851373,0.10833403513262713,0.04083368654925691,0.5,True,True,True,False,0.0,True,not_needed,,,,,0,False,4260,7068
11,2,0.0,0.0,uniform,0,uniform,0.5,guarded,stage1,,,0,5,0.009162955690052571,custom,"{""bfgs"": 0.002114744348407779, ""custom"": 0.00018307422123930937}",0.003615853221466144,0.003615853221466144,stage3_l_opt,l_opt_current_alpha,0.04083368657441294,0.06750034860903939,0.02041684328720647,0.5,True,True,True,False,0.0,True,not_needed,,,,,0,False,5163,8976
11,2,0.0,0.0,uniform,0,uniform,0.5,guarded,stage1,,,0,6,0.009162962150293712,custom,"{""bfgs"": 0.0893578290045435, ""custom"": 0.0001276918661624202}",0.0036158408038318157,0.0036158408038318157,stage3_l_opt,l_opt_current_alpha,0.020414573593352955,0.047081189307696794,0.010207286796676478,0.5,True,True,True,False,-1.241763432835094e-08,True,not_needed,,,,,0,False,5913,10014
11,2,0.0,0.0,uniform,0,uniform,0.5,guarded,stage1,,,0,7,0.009163023975043046,custom,"{""bfgs"": 0.020640286749557726, ""custom"": 0.00010003810484500104}",0.0036158482544124126,0.0036158482544124126,stage3_l_opt,l_opt_current_alpha,0.010208648611726975,0.03687529211821472,0.005104324305863488,0.5,True,True,True,False,7.450580596923828e-09,True,not_needed,,,,,0,False,6738,11373
11,2,0.0,0.0,uniform,0,uniform,0.5,guarded,stage1,,,0,8,0.009163023209058256,custom,"{""bfgs"": 0.0008239230704147343, ""custom"": 8.621111221883658e-05}",0.0036158631555736065,0.0036158631555736065,stage3_l_opt,l_opt_current_alpha,0.005105459154630013,0.031772125821296654,0.002552729577315062,0.5,True,True,True,False,1.4901161193847656e-08,True,not_needed,,,,,0,False,7755,12849
11,2,0.0,0.0,uniform,0,uniform,0.5,guarded,stage1,,,0,9,0.009163026484863175,custom,"{""bfgs"": 0.009225842107699962, ""custom"": 7.928974315660179e-05}",0.0036158631555736065,0.0036158631555736065,stage3_l_opt,l_opt_current_alpha,0.002552729577314951,0.029219396243981594,0.0012763647886574192,0.5,True,True,True,False,0.0,True,not_needed,,,,,0,False,8544,14109
11,2,0.0,0.0,uniform,0,uniform,0.5,guarded,stage1,,,0,10,0.009163028019750302,custom,"{""bfgs"": 0.08783919351785698, ""custom"": 7.582905862548441e-05}",0.0036158631555736065,0.0036158631555736065,stage3_l_opt,l_opt_current_alpha,0.001276364788657532,0.027943031455324174,0.0006381823943288224,0.5,True,True,True,False,0.0,True,not_needed,,,,,0,False,9441,16011
11,2,0.0,0.0,uniform,0,uniform,0.5,guarded,stage1,,,0,11,0.00916302876149079,custom,"{""bfgs"": 0.005036085598156987, ""custom"": 7.409871635992573e-05}",0.0036158631555736065,0.0036158631555736065,stage3_l_opt,l_opt_current_alpha,0.0006381823943287096,0.027304849060995354,0.0,0.5,True,True,False,False,0.0,True,not_needed,,,,,0,False,9786,17541
11,2,0.0,0.0,stage0,0,uniform,0.5,guarded,stage1,,,0,0,0.009162957806864998,custom,"{""bfgs"": 0.014924630592732663, ""custom"": 0.0029503383807050823}",0.0036158544632295766,0.0036158544632295766,stage3_l_opt,l_opt_current_alpha,1.0004176453146933,1.0270843119813602,0.5002088226573468,0.5,False,True,True,False,,True,not_needed,,,,,0,False,1146,1569
11,2,0.0,0.0,stage0,0,uniform,0.5,guarded,stage1,,,0,1,0.009162952174065146,custom,"{""bfgs"": 0.0025273104249041666, ""custom"": 0.001511349099149545}",0.0036158544632295766,0.0036158544632295766,stage3_l_opt,l_opt_current_alpha,0.5002088226573467,0.5268754893240134,0.2501044113286733,0.5,True,True,True,False,0.0,True,not_needed,,,,,0,False,2679,3153
11,2,0.0,0.0,stage0,0,uniform,0.5,guarded,stage1,,,0,2,0.009162967746744508,custom,"{""bfgs"": 0.002464698890431186, ""custom"": 0.0007918385831900161}",0.0036158482544124126,0.0036158482544124126,stage3_l_opt,l_opt_current_alpha,0.2501032763087766,0.27676991981177207,0.1250516381543883,0.5,True,True,True,False,-6.20881716395863e-09,True,not_needed,,,,,0,False,3534,4350
11,2,0.0,0.0,stage0,0,uniform,0.5,guarded,stage1,,,0,3,0.009162959276050264,custom,"{""bfgs"": 0.02311743351842319, ""custom"": 0.00043208959682269096}",0.003615853221466144,0.003615853221466144,stage3_l_opt,l_opt_current_alpha,0.12505254617916545,0.15171920821327886,0.06252627308958278,0.5,True,True,True,False,4.967053731427112e-09,True,not_needed,,,,,0,False,4362,5604
11,2,0.0,0.0,stage0,0,uniform,0.5,guarded,stage1,,,0,4,0.009162906887372119,custom,"{""bfgs"": 0.06407289451481027, ""custom"": 0.00025223580065150035}",0.0036158631555736065,0.0036158631555736065,stage3_l_opt,l_opt_current_alpha,0.06252650008470231,0.08919316675136896,0.03126325004235121,0.5,True,True,True,False,9.934107462420544e-09,True,not_needed,,,,,0,False,5346,6972
11,2,0.0,0.0,stage0,0,uniform,0.5,guarded,stage1,,,0,5,0.009162973786026096,custom,"{""bfgs"": 0.015701209038276473, ""custom"": 0.00016226190918612688}",0.0036158408038318157,0.0036158408038318157,stage3_l_opt,l_opt_current_alpha,0.03126075337853408,0.05792736909287792,0.015630376689267096,0.5,True,True,True,False,-2.2351741790771484e-08,True,not_needed,,,,,0,False,6471,8340
11,2,0.0,0.0,stage0,0,uniform,0.5,guarded,stage1,,,0,6,0.009162955253299,custom,"{""bfgs"": 0.003618223065707986, ""custom"": 0.00011730874755613831}",0.003615853221466144,0.003615853221466144,stage3_l_opt,l_opt_current_alpha,0.015632646383120497,0.04229930841774695,0.007816323191560249,0.5,True,True,True,False,1.241763432835094e-08,True,not_needed,,,,,0,False,7242,9819
11,2,0.0,0.0,stage0,0,uniform,0.5,guarded,stage1,,,0,7,0.00916294216426037,custom,"{""bfgs"": 0.07224019142488795, ""custom"": 9.482394278699654e-05}",0.003615853221466144,0.003615853221466144,stage3_l_opt,l_opt_current_alpha,0.00781632319156025,0.0344829852261867,0.003908161595780124,0.5,True,True,True,False,0.0,True,not_needed,,,,,0,False,8001,11571
11,2,0.0,0.0,stage0,0,uniform,0.5,guarded,stage1,,,0,8,0.00916302220182974,custom,"{""bfgs"": 0.0035063883362817507, ""custom"": 8.361089930355062e-05}",0.0036158631555736065,0.0036158631555736065,stage3_l_opt,l_opt_current_alpha,0.003908388565743634,0.030575055232410275,0.0019541942828718165,0.5,True,True,True,False,9.934107462420544e-09,True,not_needed,,,,,0,False,8778,13056
11,2,0.0,0.0,stage0,0,uniform,0.5,guarded,stage1,,,0,9,0.009163026040495327,custom,"{""bfgs"": 0.011968492111064414, ""custom"": 7.798963669895883e-05}",0.0036158631555736065,0.0036158631555736065,stage3_l_opt,l_opt_current_alpha,0.0019541942828718174,0.02862086094953846,0.0009770971414359633,0.5,True,True,True,False,0.0,True,not_needed,,,,,0,False,9591,14385
11,2,0.0,0.0,stage0,0,uniform,0.5,guarded,stage1,,,0,10,0.009163027812337111,custom,"{""bfgs"": 0.08960319658758621, ""custom"": 7.517900539666294e-05}",0.0036158631555736065,0.0036158631555736065,stage3_l_opt,l_opt_current_alpha,0.000977097141435854,0.027643763808102496,0.0,0.5,True,True,False,False,0.0,True,not_needed,,,,,0,False,10896,15795
12,2,0.0,0.0,uniform,0,uniform,0.5,guarded,stage1,,,0,0,0.004929630114647164,custom,"{""bfgs"": 0.17662130296230316, ""custom"": 0.006175747762123743}",0.006175747762123744,0.006175747762123744,stage3_l_opt,l_opt_current_alpha,1.2632588800470679,1.2890396735174163,0.6316294400235339,0.5,False,True,True,False,,True,not_needed,,,,,0,False,357,1299
12,2,0.0,0.0,uniform,0,uniform,0.5,guarded,stage1,,,0,1,0.014275374777977738,custom,"{""bfgs"": 0.18261793595069933, ""custom"": 0.004377168332514472}",0.008257795125246048,0.008257795125246048,stage3_l_opt,l_opt_current_alpha,0.7716951401414642,0.7808136082610535,0.31581472001176697,0.25,False,False,True,True,0.002082047363122304,True,not_needed,,,,,0,False,822,2076
12,2,0.0,0.0,uniform,0,uniform,0.5,guarded,stage1,,,0,2,0.014275455665739116,custom,"{""bfgs"": 0.18612030471546606, ""custom"": 0.006317490199265543}",0.008257817476987839,0.008257817476987839,stage3_l_opt,l_opt_current_alpha,0.6093226605857445,0.6184426107784984,0.1579073600058834,0.125,False,False,True,True,0.0020820697148640948,True,not_needed,,,,,0,False,1536,3423
12,2,0.0,0.0,uniform,0,uniform,0.5,guarded,stage1,,,0,3,0.005106289816795111,custom,"{""bfgs"": 0.18769976388682852, ""custom"": 0.0067783270108920345}",0.006138306111097336,0.006138306111097336,stage3_l_opt,l_opt_current_alpha,1.0328295240142757,1.0571302767493809,0.12910369050178438,0.125,True,True,True,False,-3.744165102640817e-05,True,not_needed,,,,,0,False,2829,4794
12,2,0.0,0.0,uniform,0,uniform,0.5,guarded,stage1,,,0,4,0.014073832690450941,custom,"{""bfgs"": 0.18639463694074895, ""custom"": 0.006377576723502098}",0.008089059342940649,0.008089059342940649,stage3_l_opt,l_opt_current_alpha,0.5951384993184041,0.6041964424560304,0.06455184525089219,0.0625,False,False,True,True,0.0019507532318433132,True,not_needed,,,,,0,False,3720,6036
12,2,0.0,0.0,uniform,0,uniform,0.5,guarded,stage1,,,0,5,0.0083560729556214,custom,"{""bfgs"": 0.18708012199465657, ""custom"": 0.006052474684313865}",0.006088757266600926,0.006088757266600926,stage3_l_opt,l_opt_current_alpha,0.5892610021557612,0.6058267206743844,0.036828812634735086,0.0625,True,True,True,False,-4.954884449640939e-05,True,not_needed,,,,,0,False,5070,7686
12,2,0.0,0.0,uniform,0,uniform,0.5,guarded,stage1,,,0,6,0.01425288561761092,custom,"{""bfgs"": 0.18683761940770516, ""custom"": 0.006619864832213482}",0.008239434411128363,0.008239434411128363,stage3_l_opt,l_opt_current_alpha,1.041114108987749,1.0676529279036524,0.029463050107788047,0.05,False,False,True,True,0.002150677144527436,True,not_needed,,,,,0,False,5316,9063
12,2,0.0,0.0,uniform,0,uniform,0.5,guarded,stage1,,,0,7,0.014278064103031632,custom,"{""bfgs"": 0.18688100733008017, ""custom"": 0.006689267746346355}",0.008260119706392288,0.008260119706392288,stage3_l_opt,l_opt_current_alpha,1.054744411302103,1.0814110779687698,0.029463050107788047,0.05,False,False,True,True,0.0021713624397913618,True,not_needed,,,,,0,False,6567,10791
12,2,0.0,0.0,uniform,0,uniform,0.5,guarded,stage1,,,0,8,0.014278064103031632,custom,"{""bfgs"": 0.18688100733008017, ""custom"": 0.006689267746346355}",0.008260119706392288,0.008260119706392288,stage3_l_opt,l_opt_current_alpha,1.054744411302103,1.0814110779687698,0.029463050107788047,0.05,False,False,True,True,0.0021713624397913618,True,not_needed,,,,,0,False,7818,12519
12,2,0.0,0.0,uniform,0,uniform,0.5,guarded,stage1,,,0,9,0.014278064103031632,custom,"{""bfgs"": 0.18688100733008017, ""custom"": 0.006689267746346355}",0.008260119706392288,0.008260119706392288,stage3_l_opt,l_opt_current_alpha,1.054744411302103,1.0814110779687698,0.029463050107788047,0.05,False,False,True,True,0.0021713624397913618,True,not_needed,,,,,0,False,9069,14247
12,2,0.0,0.0,uniform,0,uniform,0.5,guarded,stage1,,,0,10,0.014278064103031632,custom,"{""bfgs"": 0.18688100733008017, ""custom"": 0.006689267746346355}",0.008260119706392288,0.008260119706392288,stage3_l_opt,l_opt_current_alpha,1.054744411302103,1.0814110779687698,0.029463050107788047,0.05,False,False,True,True,0.0021713624397913618,True,not_needed,,,,,0,False,10320,15975
12,2,0.0,0.0,uniform,0,uniform,0.5,guarded,stage1,,,0,11,0.014278064103031632,custom,"{""bfgs"": 0.18688100733008017, ""custom"": 0.006689267746346355}",0.008260119706392288,0.008260119706392288,stage3_l_opt,l_opt_current_alpha,1.054744411302103,1.0814110779687698,0.029463050107788047,0.05,False,False,True,True,0.0021713624397913618,True,not_needed,,,,,0,False,11571,17703
12,2,0.0,0.0,uniform,0,uniform,0.5,guarded,stage1,,,0,12,0.014278064103031632,custom,"{""bfgs"": 0.18688100733008017, ""custom"": 0.006689267746346355}",0.008260119706392288,0.008260119706392288,stage3_l_opt,l_opt_current_alpha,1.054744411302103,1.0814110779687698,0.029463050107788047,0.05,False,False,True,True,0.0021713624397913618,True,not_needed,,,,,0,False,12822,19431
12,2,0.0,0.0,uniform,0,uniform,0.5,guarded,stage1,,,0,13,0.014278064103031632,custom,"{""bfgs"": 0.18688100733008017, ""custom"": 0.006689267746346355}",0.008260119706392288,0.008260119706392288,stage3_l_opt,l_opt_current_alpha,1.054744411302103,1.0814110779687698,0.029463050107788047,0.05,False,False,True,True,0.0021713624397913618,True,not_needed,,,,,0,False,14073,21159
12,2,0.0,0.0,uniform,0,uniform,0.5,guarded,stage1,,,0,14,0.014278064103031632,custom,"{""bfgs"": 0.18688100733008017, ""custom"": 0.006689267746346355}",0.008260119706392288,0.008260119706392288,stage3_l_opt,l_opt_current_alpha,1.054744411302103,1.0814110779687698,0.029463050107788047,0.05,False,False,True,True,0.0021713624397913618,True,not_needed,,,,,0,False,15324,22887
12,2,0.0,0.0,uniform,0,uniform,0.5,guarded,stage1,,,0,15,0.014278064103031632,custom,"{""bfgs"": 0.18688100733008017, ""custom"": 0.006689267746346355}",0.008260119706392288,0.008260119706392288,stage3_l_opt,l_opt_current_alpha,1.054744411302103,1.0814110779687698,0.029463050107788047,0.05,False,False,True,True,0.0021713624397913618,True,not_needed,,,,,0,False,16575,24615
12,2,0.0,0.0,uniform,0,uniform,0.5,guarded,stage1,,,0,16,0.014278064103031632,custom,"{""bfgs"": 0.18688100733008017, ""custom"": 0.006689267746346355}",0.008260119706392288,0.008260119706392288,stage3_l_opt,l_opt_current_alpha,1.054744411302103,1.0814110779687698,0.029463050107788047,0.05,False,False,True,True,0.0021713624397913618,True,not_needed,,,,,0,False,17826,26343
12,2,0.0,0.0,uniform,0,uniform,0.5,guarded,stage1,,,0,17,0.014278064103031632,custom,"{""bfgs"": 0.18688100733008017, ""custom"": 0.006689267746346355}",0.008260119706392288,0.008260119706392288,stage3_l_opt,l_opt_current_alpha,1.054744411302103,1.0814110779687698,0.029463050107788047,0.05,False,False,True,True,0.0021713624397913618,True,not_needed,,,,,0,False,19077,28071
12,2,0.0,0.0,uniform,0,uniform,0.5,guarded,stage1,,,0,18,0.014278064103031632,custom,"{""bfgs"": 0.18688100733008017, ""custom"": 0.006689267746346355}",0.008260119706392288,0.008260119706392288,stage3_l_opt,l_opt_current_alpha,1.054744411302103,1.0814110779687698,0.029463050107788047,0.05,False,False,True,True,0.0021713624397913618,True,not_needed,,,,,0,False,20328,29799
12,2,0.0,0.0,uniform,0,uniform,0.5,guarded,stage1,,,0,19,0.014278064103031632,custom,"{""bfgs"": 0.18688100733008017, ""custom"": 0.006689267746346355}",0.008260119706392288,0.008260119706392288,stage3_l_opt,l_opt_current_alpha,1.054744411302103,1.0814110779687698,0.029463050107788047,0.05,False,False,True,True,0.0021713624397913618,True,not_needed,,,,,0,False,21579,31527
12,2,0.0,0.0,stage0,0,uniform,0.5,guarded,stage1,,,0,0,0.0049665793431065836,custom,"{""bfgs"": 0.1860083913003126, ""custom"": 0.006885916304186748}",0.00614575669169426,0.00614575669169426,stage3_l_opt,l_opt_current_alpha,1.1251180924178317,1.1498646936331318,0.5625590462089157,0.5,False,True,True,False,,True,not_needed,,,,,0,False,231,1347
12,2,0.0,0.0,stage0,0,uniform,0.5,guarded,stage1,,,0,1,0.014275366582704868,custom,"{""bfgs"": 0.18162502878809358, ""custom"": 0.004484969353886259}",0.008257777740557989,0.008257777740557989,stage3_l_opt,l_opt_current_alpha,0.8452467346044491,0.8543640675124704,0.28127952310445786,0.25,False,False,True,True,0.0021120210488637294,True,not_needed,,,,,0,False,1626,2217
12,2,0.0,0.0,stage0,0,uniform,0.5,guarded,stage1,,,0,2,0.014275463912118647,custom,"{""bfgs"": 0.1844624703179751, ""custom"": 0.006292334153258033}",0.00825780505935351,0.00825780505935351,stage3_l_opt,l_opt_current_alpha,0.723596520940857,0.732714203957394,0.14063976155222893,0.125,False,False,True,True,0.0021120483676592503,True,not_needed,,,,,0,False,3474,3159
12,2,0.0,0.0,stage0,0,uniform,0.5,guarded,stage1,,,0,3,0.014294874846197167,custom,"{""bfgs"": 0.18567278734930057, ""custom"": 0.007205748576964225}",0.00827376420299212,0.00827376420299212,stage3_l_opt,l_opt_current_alpha,1.0785615379825617,1.105228204649228,0.07031988077611448,0.0625,False,False,True,True,0.002128007511297861,True,not_needed,,,,,0,False,4323,4566
12,2,0.0,0.0,stage0,0,uniform,0.5,guarded,stage1,,,0,4,0.0050979446051326455,custom,"{""bfgs"": 0.18412936367157512, ""custom"": 0.007142392329826643}",0.00613995020588239,0.00613995020588239,stage3_l_opt,l_opt_current_alpha,1.0321229952884086,1.0564068369862942,0.06450768720552552,0.0625,True,True,True,False,-5.8064858118695925e-06,True,not_needed,,,,,0,False,5001,6153
12,2,0.0,0.0,stage0,0,uniform,0.5,guarded,stage1,,,0,5,0.014310679190141416,custom,"{""bfgs"": 0.1857101463092596, ""custom"": 0.007252762742504932}",0.008286656190951666,0.008286656190951666,stage3_l_opt,l_opt_current_alpha,1.0843737315531505,1.1110403982198171,0.05160614976442049,0.05,False,False,True,True,0.0021467059850692758,True,not_needed,,,,,0,False,5733,7479
12,2,0.0,0.0,stage0,0,uniform,0.5,guarded,stage1,,,0,6,0.008183495408063256,custom,"{""bfgs"": 0.017863863219407423, ""custom"": 0.006647293947881188}",0.00604543462395668,0.00604543462395668,stage3_l_opt,l_opt_current_alpha,0.5923421497936514,0.6087040589256119,0.02961710748968266,0.05,True,True,True,False,-9.451558192570975e-05,True,not_needed,,,,,0,False,7164,8991
12,2,0.0,0.0,stage0,0,uniform,0.5,guarded,stage1,,,0,7,0.014283708643527085,custom,"{""bfgs"": 0.018765568615533277, ""custom"": 0.007094464595119048}",0.008264669527610144,0.008264669527610144,stage3_l_opt,l_opt_current_alpha,1.067658161504573,1.0943248281712394,0.02961710748968266,0.05,False,False,True,True,0.0022192349036534633,True,not_needed,,,,,0,False,8244,10323
12,2,0.0,0.0,stage0,0,uniform,0.5,guarded,stage1,,,0,8,0.014283708643527085,custom,"{""bfgs"": 0.018765568615533277, ""custom"": 0.007094464595119048}",0.008264669527610144,0.008264669527610144,stage3_l_opt,l_opt_current_alpha,1.067658161504573,1.0943248281712394,0.02961710748968266,0.05,False,False,True,True,0.0022192349036534633,True,not_needed,,,,,0,False,9324,11655
12,2,0.0,0.0,stage0,0,uniform,0.5,guarded,stage1,,,0,9,0.014283708643527085,custom,"{""bfgs"": 0.018765568615533277, ""custom"": 0.007094464595119048}",0.008264669527610144,0.008264669527610144,stage3_l_opt,l_opt_current_alpha,1.067658161504573,1.0943248281712394,0.02961710748968266,0.05,False,False,True,True,0.0022192349036534633,True,not_needed,,,,,0,False,10404,12987
12,2,0.0,0.0,stage0,0,uniform,0.5,guarded,stage1,,,0,10,0.014283708643527085,custom,"{""bfgs"": 0.018765568615533277, ""custom"": 0.007094464595119048}",0.008264669527610144,0.008264669527610144,stage3_l_opt,l_opt_current_alpha,1.067658161504573,1.0943248281712394,0.02961710748968266,0.05,False,False,True,True,0.0022192349036534633,True,not_needed,,,,,0,False,11484,14319
12,2,0.0,0.0,stage0,0,uniform,0.5,guarded,stage1,,,0,11,0.014283708643527085,custom,"{""bfgs"": 0.018765568615533277, ""custom"": 0.007094464595119048}",0.008264669527610144,0.008264669527610144,stage3_l_opt,l_opt_current_alpha,1.067658161504573,1.0943248281712394,0.02961710748968266,0.05,False,False,True,True,0.0022192349036534633,True,not_needed,,,,,0,False,12564,15651
12,2,0.0,0.0,stage0,0,uniform,0.5,guarded,stage1,,,0,12,0.014283708643527085,custom,"{""bfgs"": 0.018765568615533277, ""custom"": 0.007094464595119048}",0.008264669527610144,0.008264669527610144,stage3_l_opt,l_opt_current_alpha,1.067658161504573,1.0943248281712394,0.02961710748968266,0.05,False,False,True,True,0.0022192349036534633,True,not_needed,,,,,0,False,13644,16983
12,2,0.0,0.0,stage0,0,uniform,0.5,guarded,stage1,,,0,13,0.014283708643527085,custom,"{""bfgs"": 0.018765568615533277, ""custom"": 0.007094464595119048}",0.008264669527610144,0.008264669527610144,stage3_l_opt,l_opt_current_alpha,1.067658161504573,1.0943248281712394,0.02961710748968266,0.05,False,False,True,True,0.0022192349036534633,True,not_needed,,,,,0,False,14724,18315
12,2,0.0,0.0,stage0,0,uniform,0.5,guarded,stage1,,,0,14,0.014283708643527085,custom,"{""bfgs"": 0.018765568615533277, ""custom"": 0.007094464595119048}",0.008264669527610144,0.008264669527610144,stage3_l_opt,l_opt_current_alpha,1.067658161504573,1.0943248281712394,0.02961710748968266,0.05,False,False,True,True,0.0022192349036534633,True,not_needed,,,,,0,False,15804,19647
12,2,0.0,0.0,stage0,0,uniform,0.5,guarded,stage1,,,0,15,0.014283708643527085,custom,"{""bfgs"": 0.018765568615533277, ""custom"": 0.007094464595119048}",0.008264669527610144,0.008264669527610144,stage3_l_opt,l_opt_current_alpha,1.067658161504573,1.0943248281712394,0.02961710748968266,0.05,False,False,True,True,0.0022192349036534633,True,not_needed,,,,,0,False,16884,20979
12,2,0.0,0.0,stage0,0,uniform,0.5,guarded,stage1,,,0,16,0.014283708643527085,custom,"{""bfgs"": 0.018765568615533277, ""custom"": 0.007094464595119048}",0.008264669527610144,0.008264669527610144,stage3_l_opt,l_opt_current_alpha,1.067658161504573,1.0943248281712394,0.02961710748968266,0.05,False,False,True,True,0.0022192349036534633,True,not_needed,,,,,0,False,17964,22311
12,2,0.0,0.0,stage0,0,uniform,0.5,guarded,stage1,,,0,17,0.014283708643527085,custom,"{""bfgs"": 0.018765568615533277, ""custom"": 0.007094464595119048}",0.008264669527610144,0.008264669527610144,stage3_l_opt,l_opt_current_alpha,1.067658161504573,1.0943248281712394,0.02961710748968266,0.05,False,False,True,True,0.0022192349036534633,True,not_needed,,,,,0,False,19044,23643
12,2,0.0,0.0,stage0,0,uniform,0.5,guarded,stage1,,,0,18,0.014283708643527085,custom,"{""bfgs"": 0.018765568615533277, ""custom"": 0.007094464595119048}",0.008264669527610144,0.008264669527610144,stage3_l_opt,l_opt_current_alpha,1.067658161504573,1.0943248281712394,0.02961710748968266,0.05,False,False,True,True,0.0022192349036534633,True,not_needed,,,,,0,False,20124,24975
12,2,0.0,0.0,stage0,0,uniform,0.5,guarded,stage1,,,0,19,0.014283708643527085,custom,"{""bfgs"": 0.018765568615533277, ""custom"": 0.007094464595119048}",0.008264669527610144,0.008264669527610144,stage3_l_opt,l_opt_current_alpha,1.067658161504573,1.0943248281712394,0.02961710748968266,0.05,False,False,True,True,0.0022192349036534633,True,not_needed,,,,,0,False,21204,26307
13,2,0.0,0.0,uniform,0,uniform,0.5,guarded,stage1,,,0,0,0.0222433746635311,custom,"{""bfgs"": 0.0306148004407684, ""custom"": 0.012428870735069115}",0.012428870735069117,0.012428870735069117,stage3_l_opt,l_opt_current_alpha,0.9841121314079255,1.0041960524570668,0.49205606570396276,0.5,False,True,True,False,,True,not_needed,,,,,0,False,315,912
13,2,0.0,0.0,uniform,0,uniform,0.5,guarded,stage1,,,0,1,0.02224359979410473,custom,"{""bfgs"": 0.05898727780686652, ""custom"": 0.008203926702997848}",0.01242883720745643,0.01242883720745643,stage3_l_opt,l_opt_current_alpha,0.8146031048156233,0.8412696184996966,0.40730155240781163,0.5,True,True,True,False,-3.3527612686157227e-08,True,not_needed,,,,,0,False,591,1773
13,2,0.0,0.0,uniform,0,uniform,0.5,guarded,stage1,,,0,2,0.02224348475389981,custom,"{""bfgs"": 0.048615706789299766, ""custom"": 0.0042263478788495965}",0.012428859559198221,0.012428859559198221,stage3_l_opt,l_opt_current_alpha,0.16333708140687356,0.1766704147402069,0.08166854070343672,0.5,True,True,True,False,2.2351741790771484e-08,True,not_needed,,,,,0,False,825,3129
13,2,0.0,0.0,uniform,0,uniform,0.5,guarded,stage1,,,0,3,0.02224344349080115,custom,"{""bfgs"": 0.052037890795932115, ""custom"": 0.004434925852220516}",0.012428862042725086,0.012428862042725086,stage3_l_opt,l_opt_current_alpha,0.08166854070343683,0.09500187403677018,0.04083427035171836,0.5,True,True,True,False,2.483526865063035e-09,True,not_needed,,,,,0,False,1056,4257
13,2,0.0,0.0,uniform,0,uniform,0.5,guarded,stage1,,,0,4,0.022243424431120873,custom,"{""bfgs"": 0.05374931105728212, ""custom"": 0.004539340493249643}",0.012428862042725086,0.012428862042725086,stage3_l_opt,l_opt_current_alpha,0.38683947165779886,0.41350613832446553,0.1934197358288995,0.5,True,True,True,False,0.0,True,not_needed,,,,,0,False,1296,5364
13,2,0.0,0.0,uniform,0,uniform,0.5,guarded,stage1,,,0,5,0.022243439690539546,custom,"{""bfgs"": 0.04599673905102046, ""custom"": 0.0023939891099738347}",0.012428862042725086,0.012428862042725086,stage3_l_opt,l_opt_current_alpha,0.19341973582889938,0.22008640249556602,0.09670986791444974,0.5,True,True,True,False,0.0,True,not_needed,,,,,0,False,1518,6789
13,2,0.0,0.0,uniform,0,uniform,0.5,guarded,stage1,,,0,6,0.022243627376924535,custom,"{""bfgs"": 0.04212045304788963, ""custom"": 0.0013212568228683145}",0.01242883720745643,0.01242883720745643,stage3_l_opt,l_opt_current_alpha,0.09670469913739686,0.1233712603188176,0.04835234956869843,0.5,True,True,True,False,-2.483526865583452e-08,True,not_needed,,,,,0,False,1731,8157
13,2,0.0,0.0,uniform,0,uniform,0.5,guarded,stage1,,,0,7,0.02224353573392851,custom,"{""bfgs"": 0.040182299264565506, ""custom"": 0.0007849981119670635}",0.012428857075671354,0.012428857075671354,stage3_l_opt,l_opt_current_alpha,0.04835648458597848,0.07502313015550711,0.024178242292989295,0.5,True,True,True,False,1.9868214923973726e-08,True,not_needed,,,,,0,False,1965,9582
13,2,0.0,0.0,uniform,0,uniform,0.5,guarded,stage1,,,0,8,0.02224353834702497,custom,"{""bfgs"": 0.03921323099830131, ""custom"": 0.0005168277930575729}",0.012428857075671354,0.012428857075671354,stage3_l_opt,l_opt_current_alpha,0.02413818494162203,0.050804013014183816,0.01206909247081096,0.5,True,True,True,False,0.0,True,not_needed,,,,,0,False,2172,11325
13,2,0.0,0.0,uniform,0,uniform,0.5,guarded,stage1,,,0,9,0.022243546512425827,custom,"{""bfgs"": 0.03872962982213271, ""custom"": 0.00038297658818896887}",0.012428857075671354,0.012428857075671354,stage3_l_opt,l_opt_current_alpha,0.01206909247081107,0.03873492054337285,0.006034546235405588,0.5,True,True,True,False,0.0,True,not_needed,,,,,0,False,2388,13452
13,2,0.0,0.0,uniform,0,uniform,0.5,guarded,stage1,,,0,10,0.022243555471631038,custom,"{""bfgs"": 0.03848782923404843, ""custom"": 0.0003160509857546669}",0.012428857075671354,0.012428857075671354,stage3_l_opt,l_opt_current_alpha,0.0060345462354054824,0.03270037430796727,0.0030172731177027417,0.5,True,True,True,False,0.0,True,not_needed,,,,,0,False,2583,14988
13,2,0.0,0.0,uniform,0,uniform,0.5,guarded,stage1,,,0,11,0.02224354327839434,custom,"{""bfgs"": 0.03836692894000627, ""custom"": 0.00028258818453751587}",0.012428857075671354,0.012428857075671354,stage3_l_opt,l_opt_current_alpha,0.003017273117702741,0.029683101190264523,0.0015086365588514242,0.5,True,True,True,False,0.0,True,not_needed,,,,,0,False,2778,16716
13,2,0.0,0.0,uniform,0,uniform,0.5,guarded,stage1,,,0,12,0.022243537146860004,custom,"{""bfgs"": 0.0383064787929852, ""custom"": 0.0002658567839289404}",0.012428857075671354,0.012428857075671354,stage3_l_opt,l_opt_current_alpha,0.0015086365588513166,0.028174464631413102,0.0007543182794256583,0.5,True,True,True,False,0.0,True,not_needed,,,,,0,False,2973,18225
13,2,0.0,0.0,uniform,0,uniform,0.5,guarded,stage1,,,0,13,0.022243534072541704,custom,"{""bfgs"": 0.038276253719474664, ""custom"": 0.0002574910836246526}",0.012428857075671354,0.012428857075671354,stage3_l_opt,l_opt_current_alpha,0.0007512171334140135,0.027416981917281598,0.0,0.5,True,True,False,False,0.0,True,not_needed,,,,,0,False,3168,19938
13,2,0.0,0.0,stage0,0,uniform,0.5,guarded,stage1,,,0,0,0.022243364962843626,custom,"{""bfgs"": 0.04083001666071237, ""custom"": 0.012838181386145134}",0.012428922889133295,0.012428922889133295,stage3_l_opt,l_opt_current_alpha,1.2898052404894367,1.3164719071561033,0.6449026202447183,0.5,False,True,True,False,,True,not_needed,,,,,0,False,255,1209
13,2,0.0,0.0,stage0,0,uniform,0.5,guarded,stage1,,,0,1,0.02224360166582079,custom,"{""bfgs"": 0.054630224075502345, ""custom"": 0.006543366056677643}",0.012428865768015385,0.012428865768015385,stage3_l_opt,l_opt_current_alpha,0.6449026202447183,0.671569286911385,0.32245131012235917,0.5,True,True,True,False,-5.712111791032759e-08,True,not_needed,,,,,0,False,501,2217
13,2,0.0,0.0,stage0,0,uniform,0.5,guarded,stage1,,,0,2,0.02224358073100302,custom,"{""bfgs"": 0.04643719556013057, ""custom"": 0.0033959605521799016}",0.012428829756875833,0.012428829756875833,stage3_l_opt,l_opt_current_alpha,0.32244458911790147,0.3491111186212119,0.16122229455895074,0.5,True,True,True,False,-3.601113955122026e-08,True,not_needed,,,,,0,False,732,3858
13,2,0.0,0.0,stage0,0,uniform,0.5,guarded,stage1,,,0,3,0.022243451572431072,custom,"{""bfgs"": 0.042340667282832777, ""custom"": 0.0018223846370419}",0.012428862042725086,0.012428862042725086,stage3_l_opt,l_opt_current_alpha,0.1612290155634084,0.18789568223007505,0.0806145077817042,0.5,True,True,True,False,3.228584925275835e-08,True,not_needed,,,,,0,False,963,4857
13,2,0.0,0.0,stage0,0,uniform,0.5,guarded,stage1,,,0,4,0.022243534786493158,custom,"{""bfgs"": 0.040292417163795786, ""custom"": 0.0010355327081891462}",0.012428869493305683,0.012428869493305683,stage3_l_opt,l_opt_current_alpha,0.0806145077817042,0.10728117444837085,0.04030725389085194,0.5,True,True,True,False,7.450580596923828e-09,True,not_needed,,,,,0,False,1155,6336
13,2,0.0,0.0,stage0,0,uniform,0.5,guarded,stage1,,,0,5,0.022243617794091897,custom,"{""bfgs"": 0.03926829210427729, ""custom"": 0.0006420202100400002}",0.01242883720745643,0.01242883720745643,stage3_l_opt,l_opt_current_alpha,0.04030725389085227,0.06697392055751891,0.02015362694542619,0.5,True,True,True,False,-3.228584925275835e-08,True,not_needed,,,,,0,False,1374,7905
13,2,0.0,0.0,stage0,0,uniform,0.5,guarded,stage1,,,0,6,0.022243544180647667,custom,"{""bfgs"": 0.03875622957451805, ""custom"": 0.00044536381896874324}",0.012428857075671354,0.012428857075671354,stage3_l_opt,l_opt_current_alpha,0.0201125358342862,0.04677836390684799,0.010056267917143156,0.5,True,True,True,False,1.9868214923973726e-08,True,not_needed,,,,,0,False,1608,9660
13,2,0.0,0.0,stage0,0,uniform,0.5,guarded,stage1,,,0,7,0.022243615281090867,custom,"{""bfgs"": 0.03850112911024109, ""custom"": 0.00034718617752636197}",0.01242883720745643,0.01242883720745643,stage3_l_opt,l_opt_current_alpha,0.01005213315338668,0.03671787684301457,0.005026066576693177,0.5,True,True,True,False,-1.9868214923973726e-08,True,not_needed,,,,,0,False,1803,11463
13,2,0.0,0.0,stage0,0,uniform,0.5,guarded,stage1,,,0,8,0.022243570140097813,custom,"{""bfgs"": 0.0383736725392495, ""custom"": 0.000298208896044504}",0.012428855833907923,0.012428855833907923,stage3_l_opt,l_opt_current_alpha,0.005029942916693171,0.03169576571530065,0.0025149714583466405,0.5,True,True,True,False,1.862645149230957e-08,True,not_needed,,,,,0,False,1998,13203
13,2,0.0,0.0,stage0,0,uniform,0.5,guarded,stage1,,,0,9,0.02224354982213389,custom,"{""bfgs"": 0.03830985644645164, ""custom"": 0.00027366863695739516}",0.012428857075671354,0.012428857075671354,stage3_l_opt,l_opt_current_alpha,0.002515229882103227,0.02918105795466501,0.0012576149410516695,0.5,True,True,True,False,1.2417634316641557e-09,True,not_needed,,,,,0,False,2193,14649
13,2,0.0,0.0,stage0,0,uniform,0.5,guarded,stage1,,,0,10,0.022243540221988878,custom,"{""bfgs"": 0.03827794254620789, ""custom"": 0.00026139701013888}",0.012428857075671354,0.012428857075671354,stage3_l_opt,l_opt_current_alpha,0.0012576149410515576,0.027923443013613342,0.0006288074705258339,0.5,True,True,True,False,0.0,True,not_needed,,,,,0,False,2388,16326
13,2,0.0,0.0,stage0,0,uniform,0.5,guarded,stage1,,,0,11,0.02224353556065156,custom,"{""bfgs"": 0.03826198559608601, ""custom"": 0.0002552611967296224}",0.012428857075671354,0.012428857075671354,stage3_l_opt,l_opt_current_alpha,0.000625706324514079,0.027291471108381662,0.0,0.5,True,True,False,False,0.0,True,not_needed,,,,,0,False,2583,18192
14,2,0.0,0.0,uniform,0,uniform,0.5,guarded,stage1,,,0,0,0.001376563846582331,custom,"{""bfgs"": 0.04410124942660331, ""custom"": 0.008076924830675125}",0.008076924830675125,0.008076924830675125,stage3_l_opt,l_opt_current_alpha,1.3036843612208724,1.3302901645110943,0.6518421806104363,0.5,False,True,True,False,,True,not_needed,,,,,0,False,204,1668
14,2,0.0,0.0,uniform,0,uniform,0.5,guarded,stage1,,,0,1,0.001464440486181589,custom,"{""bfgs"": 0.0495151268727751, ""custom"": 0.004120255264718685}",0.00806168963511785,0.00806168963511785,stage3_l_opt,l_opt_current_alpha,0.6243532477134472,0.6503980523731183,0.3121766238567236,0.5,True,True,True,False,-1.523519555727583e-05,True,not_needed,,,,,0,False,357,3312
14,2,0.0,0.0,uniform,0,uniform,0.5,guarded,stage1,,,0,2,0.001376629151017968,custom,"{""bfgs"": 0.052096788644767786, ""custom"": 0.0022363410676426395}",0.008076902478933334,0.008076902478933334,stage3_l_opt,l_opt_current_alpha,0.34263767455319805,0.36930413330871553,0.17131883727659902,0.5,True,True,True,False,1.5212843815485058e-05,True,not_needed,,,,,0,False,585,5535
14,2,0.0,0.0,uniform,0,uniform,0.5,guarded,stage1,,,0,3,0.0013766050197814902,custom,"{""bfgs"": 0.05351390417690476, ""custom"": 0.0011989755617908312}",0.008076897511879602,0.008076897511879602,stage3_l_opt,l_opt_current_alpha,0.1713188373030738,0.1979852960591315,0.0856594186515369,0.5,True,True,True,False,-4.967053731860793e-09,True,not_needed,,,,,0,False,795,7086
14,2,0.0,0.0,uniform,0,uniform,0.5,guarded,stage1,,,0,4,0.0013766091016727457,custom,"{""bfgs"": 0.05422246194318302, ""custom"": 0.0006802937014863306}",0.00807689999540647,0.00807689999540647,stage3_l_opt,l_opt_current_alpha,0.08566196553663888,0.11232847626994368,0.042830982768319495,0.5,True,True,True,False,2.4835268667977584e-09,True,not_needed,,,,,0,False,1026,8595
14,2,0.0,0.0,uniform,0,uniform,0.5,guarded,stage1,,,0,5,0.0013766070507909775,custom,"{""bfgs"": 0.05457676100594398, ""custom"": 0.00042094340320078224}",0.00807689999540647,0.00807689999540647,stage3_l_opt,l_opt_current_alpha,0.042830982768319384,0.0694974935016242,0.02141549138415953,0.5,True,True,True,False,0.0,True,not_needed,,,,,0,False,1275,10965
14,2,0.0,0.0,uniform,0,uniform,0.5,guarded,stage1,,,0,6,0.0013766068193171617,custom,"{""bfgs"": 0.05475391053732446, ""custom"": 0.0002912681645549665}",0.008076897511879602,0.008076897511879602,stage3_l_opt,l_opt_current_alpha,0.021412944499057875,0.04807940325511561,0.010706472249528991,0.5,True,True,True,False,-2.4835268667977584e-09,True,not_needed,,,,,0,False,1506,12444
14,2,0.0,0.0,uniform,0,uniform,0.5,guarded,stage1,,,0,7,0.0013766783843677712,custom,"{""bfgs"": 0.054842465123392865, ""custom"": 0.0002264401416687843}",0.008076909929513931,0.008076909929513931,stage3_l_opt,l_opt_current_alpha,0.010716659869362877,0.03738332653602952,0.005358329934681494,0.5,True,True,True,False,1.2417634328784621e-08,True,not_needed,,,,,0,False,1731,14775
14,2,0.0,0.0,uniform,0,uniform,0.5,guarded,stage1,,,0,8,0.0013766835421430024,custom,"{""bfgs"": 0.05488682313554373, ""custom"": 0.0001939888718865619}",0.008076897511879602,0.008076897511879602,stage3_l_opt,l_opt_current_alpha,0.005348142314847387,0.032014601070905126,0.00267407115742353,0.5,True,True,True,False,-1.2417634328784621e-08,True,not_needed,,,,,0,False,1944,16950
14,2,0.0,0.0,uniform,0,uniform,0.5,guarded,stage1,,,0,9,0.0013766819227367076,custom,"{""bfgs"": 0.0549089214225025, ""custom"": 0.0001778001477708413}",0.008076897511879602,0.008076897511879602,stage3_l_opt,l_opt_current_alpha,0.002674071157423857,0.029340529913481593,0.0013370355787119823,0.5,True,True,True,False,0.0,True,not_needed,,,,,0,False,2169,18801
14,2,0.0,0.0,uniform,0,uniform,0.5,guarded,stage1,,,0,10,0.001376609141319653,custom,"{""bfgs"": 0.054919970565981885, ""custom"": 0.00016970583772838777}",0.00807689999540647,0.00807689999540647,stage3_l_opt,l_opt_current_alpha,0.0013395824638138517,0.028006093197118664,0.0006697912319069254,0.5,True,True,True,False,2.4835268667977584e-09,True,not_needed,,,,,0,False,2415,20928
14,2,0.0,0.0,uniform,0,uniform,0.5,guarded,stage1,,,0,11,0.001376671898484099,custom,"{""bfgs"": 0.05492551531734342, ""custom"": 0.00016564977709233105}",0.008076914896567663,0.008076914896567663,stage3_l_opt,l_opt_current_alpha,0.0006774319666389469,0.02734409863330559,0.0,0.5,True,True,False,False,1.4901161193847656e-08,True,not_needed,,,,,0,False,2640,23151
14,2,0.0,0.0,stage0,0,uniform,0.5,guarded,stage1,,,0,0,0.001376591698619277,custom,"{""bfgs"": 0.04669415493093092, ""custom"": 0.006932137284158481}",0.008076919863621393,0.008076919863621393,stage3_l_opt,l_opt_current_alpha,1.1459107920802314,1.1724857690454409,0.5729553960401157,0.5,False,True,True,False,,True,not_needed,,,,,0,False,225,1413
14,2,0.0,0.0,stage0,0,uniform,0.5,guarded,stage1,,,0,1,0.0013766155277526518,custom,"{""bfgs"": 0.050811028360497196, ""custom"": 0.0035578389659366655}",0.00807689999540647,0.00807689999540647,stage3_l_opt,l_opt_current_alpha,0.5774290895250394,0.6040953663572881,0.2887145447625197,0.5,True,True,True,False,-1.9868214923973726e-08,True,not_needed,,,,,0,False,450,2688
14,2,0.0,0.0,stage0,0,uniform,0.5,guarded,stage1,,,0,2,0.0013766091115204535,custom,"{""bfgs"": 0.052871040031619104, ""custom"": 0.0018597441344468657}",0.00807689999540647,0.00807689999540647,stage3_l_opt,l_opt_current_alpha,0.28872600591426134,0.3153925166475662,0.14436300295713073,0.5,True,True,True,False,0.0,True,not_needed,,,,,0,False,657,4227
14,2,0.0,0.0,stage0,0,uniform,0.5,guarded,stage1,,,0,3,0.0013766053511277132,custom,"{""bfgs"": 0.053901050050162026, ""custom"": 0.0010106683421171013}",0.008076897511879602,0.008076897511879602,stage3_l_opt,l_opt_current_alpha,0.14435790918361696,0.17102431596236023,0.07217895459180843,0.5,True,True,True,False,-2.4835268667977584e-09,True,not_needed,,,,,0,False,879,6030
14,2,0.0,0.0,stage0,0,uniform,0.5,guarded,stage1,,,0,4,0.0013766054594023126,custom,"{""bfgs"": 0.054416033950405986, ""custom"": 0.0005861461268569575}",0.008076897511879602,0.008076897511879602,stage3_l_opt,l_opt_current_alpha,0.07218150148022022,0.09884796023627795,0.036090750740110165,0.5,True,True,True,False,0.0,True,not_needed,,,,,0,False,1104,8841
14,2,0.0,0.0,stage0,0,uniform,0.5,guarded,stage1,,,0,5,0.0013766049514236916,custom,"{""bfgs"": 0.054673526829933636, ""custom"": 0.0003738787751042318}",0.008076897511879602,0.008076897511879602,stage3_l_opt,l_opt_current_alpha,0.036090750740110054,0.0627572094961678,0.01804537537005497,0.5,True,True,True,False,0.0,True,not_needed,,,,,0,False,1353,10062
14,2,0.0,0.0,stage0,0,uniform,0.5,guarded,stage1,,,0,6,0.0013766045740609065,custom,"{""bfgs"": 0.05480227326969745, ""custom"": 0.00026774509922786893}",0.008076897511879602,0.008076897511879602,stage3_l_opt,l_opt_current_alpha,0.018045375370055086,0.04471183412611282,0.009022687685027488,0.5,True,True,True,False,0.0,True,not_needed,,,,,0,False,1548,12036
14,2,0.0,0.0,stage0,0,uniform,0.5,guarded,stage1,,,0,7,0.0013766817408982553,custom,"{""bfgs"": 0.05486664648957936, ""custom"": 0.00021467822055171428}",0.008076897511879602,0.008076897511879602,stage3_l_opt,l_opt_current_alpha,0.009022687685027599,0.03568914644108533,0.004511343842513854,0.5,True,True,True,False,0.0,True,not_needed,,,,,0,False,1773,14376
14,2,0.0,0.0,stage0,0,uniform,0.5,guarded,stage1,,,0,8,0.0013766849761487152,custom,"{""bfgs"": 0.05489883309952032, ""custom"": 0.00018814482210341752}",0.008076897511879602,0.008076897511879602,stage3_l_opt,l_opt_current_alpha,0.004511343842513744,0.03117780259857148,0.0022556719212568155,0.5,True,True,True,False,0.0,True,not_needed,,,,,0,False,1986,16140
14,2,0.0,0.0,stage0,0,uniform,0.5,guarded,stage1,,,0,9,0.0013766825691565489,custom,"{""bfgs"": 0.05491492640449079, ""custom"": 0.00017487812287926915}",0.008076897511879602,0.008076897511879602,stage3_l_opt,l_opt_current_alpha,0.0022556719212569283,0.028922130677314663,0.00112783596062852,0.5,True,True,True,False,0.0,True,not_needed,,,,,0,False,2211,17796
14,2,0.0,0.0,stage0,0,uniform,0.5,guarded,stage1,,,0,10,0.0013766094657962288,custom,"{""bfgs"": 0.054922973056976035, ""custom"": 0.00016824482958238863}",0.00807689999540647,0.00807689999540647,stage3_l_opt,l_opt_current_alpha,0.0011303828457303851,0.027796893579035198,0.0005651914228651366,0.5,True,True,True,False,2.4835268667977584e-09,True,not_needed,,,,,0,False,2457,19581
14,2,0.0,0.0,stage0,0,uniform,0.5,guarded,stage1,,,0,11,0.0013766720504023097,custom,"{""bfgs"": 0.054927016562840485, ""custom"": 0.00016491926966192676}",0.008076914896567663,0.008076914896567663,stage3_l_opt,l_opt_current_alpha,0.0005728321575972691,0.02723949882426391,0.0,0.5,True,True,False,False,1.4901161193847656e-08,True,not_needed,,,,,0,False,2682,21492
15,2,0.0,0.0,uniform,0,uniform,0.5,guarded,stage1,,,0,0,0.010581442761669377,bfgs,"{""bfgs"": 0.005644686209658781, ""custom"": 0.005890503215293089}",0.005644686209658782,0.005644686209658782,stage3_l_opt,l_opt_current_alpha,0.7709516133319066,0.7866853197264353,0.38547580666595327,0.5,False,True,True,False,,True,not_needed,,,,,0,False,861,1062
15,2,0.0,0.0,uniform,0,uniform,0.5,guarded,stage1,,,0,1,0.01640873592404271,custom,"{""bfgs"": 0.005171662766238744, ""custom"": 0.0030843447150185276}",0.006037524590889613,0.006037524590889613,stage3_l_opt,l_opt_current_alpha,1.6333333333333333,1.6600000000000001,0.19273790333297663,0.25,False,False,True,True,0.00039283838123083115,True,not_needed,,,,,0,False,1764,3312
15,2,0.0,0.0,uniform,0,uniform,0.5,guarded,stage1,,,0,2,0.014073908384160791,custom,"{""bfgs"": 0.014481525464741025, ""custom"": 0.0048315802577566505}",0.0058649651085337,0.0058649651085337,stage3_l_opt,l_opt_current_alpha,0.7433315233252582,0.7551682210801953,0.09636895166648834,0.125,False,False,True,True,0.00022027889887491804,True,not_needed,,,,,0,False,2115,4485
15,2,0.0,0.0,uniform,0,uniform,0.5,guarded,stage1,,,0,3,0.013237877250079425,custom,"{""bfgs"": 0.005535577910871177, ""custom"": 0.005410352000042869}",0.005842007386187713,0.005842007386187713,stage3_l_opt,l_opt_current_alpha,0.949506689730401,0.9708510905752354,0.048184475833244145,0.0625,False,False,True,True,0.00019732117652893066,True,not_needed,,,,,0,False,3144,6000
15,2,0.0,0.0,uniform,0,uniform,0.5,guarded,stage1,,,0,4,0.013689022836338612,custom,"{""bfgs"": 0.04068863672827507, ""custom"": 0.005603045284010351}",0.005841752824683984,0.005841752824683984,stage3_l_opt,l_opt_current_alpha,1.0653837593826871,1.0881096417340326,0.038547580666595305,0.05,False,False,True,True,0.00019706661502520186,True,not_needed,,,,,0,False,3801,7059
15,2,0.0,0.0,uniform,0,uniform,0.5,guarded,stage1,,,0,5,0.013616919869047131,custom,"{""bfgs"": 0.03818908006610237, ""custom"": 0.005697290654901346}",0.0058862389996647835,0.0058862389996647835,stage3_l_opt,l_opt_current_alpha,1.2350854561913436,1.261077967147628,0.038547580666595305,0.05,False,False,True,True,0.0002415527900060015,True,not_needed,,,,,0,False,4470,8412
15,2,0.0,0.0,uniform,0,uniform,0.5,guarded,stage1,,,0,6,0.013616919869047131,custom,"{""bfgs"": 0.03818908006610237, ""custom"": 0.005697290654901346}",0.0058862389996647835,0.0058862389996647835,stage3_l_opt,l_opt_current_alpha,1.2350854561913436,1.261077967147628,0.038547580666595305,0.05,False,False,True,True,0.0002415527900060015,True,not_needed,,,,,0,False,5139,9765
15,2,0.0,0.0,uniform,0,uniform,0.5,guarded,stage1,,,0,7,0.013616919869047131,custom,"{""bfgs"": 0.03818908006610237, ""custom"": 0.005697290654901346}",0.0058862389996647835,0.0058862389996647835,stage3_l_opt,l_opt_current_alpha,1.2350854561913436,1.261077967147628,0.038547580666595305,0.05,False,False,True,True,0.0002415527900060015,True,not_needed,,,,,0,False,5808,11118
15,2,0.0,0.0,uniform,0,uniform,0.5,guarded,stage1,,,0,8,0.013616919869047131,custom,"{""bfgs"": 0.03818908006610237, ""custom"": 0.005697290654901346}",0.0058862389996647835,0.0058862389996647835,stage3_l_opt,l_opt_current_alpha,1.2350854561913436,1.261077967147628,0.038547580666595305,0.05,False,False,True,True,0.0002415527900060015,True,not_needed,,,,,0,False,6477,12471
15,2,0.0,0.0,uniform,0,uniform,0.5,guarded,stage1,,,0,9,0.013616919869047131,custom,"{""bfgs"": 0.03818908006610237, ""custom"": 0.005697290654901346}",0.0058862389996647835,0.0058862389996647835,stage3_l_opt,l_opt_current_alpha,1.2350854561913436,1.261077967147628,0.038547580666595305,0.05,False,False,True,True,0.0002415527900060015,True,not_needed,,,,,0,False,7146,13824
15,2,0.0,0.0,uniform,0,uniform,0.5,guarded,stage1,,,0,10,0.013616919869047131,custom,"{""bfgs"": 0.03818908006610237, ""custom"": 0.005697290654901346}",0.0058862389996647835,0.0058862389996647835,stage3_l_opt,l_opt_current_alpha,1.2350854561913436,1.261077967147628,0.038547580666595305,0.05,False,False,True,True,0.0002415527900060015,True,not_needed,,,,,0,False,7815,15177
15,2,0.0,0.0,uniform,0,uniform,0.5,guarded,stage1,,,0,11,0.013616919869047131,custom,"{""bfgs"": 0.03818908006610237, ""custom"": 0.005697290654901346}",0.0058862389996647835,0.0058862389996647835,stage3_l_opt,l_opt_current_alpha,1.2350854561913436,1.261077967147628,0.038547580666595305,0.05,False,False,True,True,0.0002415527900060015,True,not_needed,,,,,0,False,8484,16530
15,2,0.0,0.0,uniform,0,uniform,0.5,guarded,stage1,,,0,12,0.013616919869047131,custom,"{""bfgs"": 0.03818908006610237, ""custom"": 0.005697290654901346}",0.0058862389996647835,0.0058862389996647835,stage3_l_opt,l_opt_current_alpha,1.2350854561913436,1.261077967147628,0.038547580666595305,0.05,False,False,True,True,0.0002415527900060015,True,not_needed,,,,,0,False,9153,17883
15,2,0.0,0.0,uniform,0,uniform,0.5,guarded,stage1,,,0,13,0.013616919869047131,custom,"{""bfgs"": 0.03818908006610237, ""custom"": 0.005697290654901346}",0.0058862389996647835,0.0058862389996647835,stage3_l_opt,l_opt_current_alpha,1.2350854561913436,1.261077967147628,0.038547580666595305,0.05,False,False,True,True,0.0002415527900060015,True,not_needed,,,,,0,False,9822,19236
15,2,0.0,0.0,uniform,0,uniform,0.5,guarded,stage1,,,0,14,0.013616919869047131,custom,"{""bfgs"": 0.03818908006610237, ""custom"": 0.005697290654901346}",0.0058862389996647835,0.0058862389996647835,stage3_l_opt,l_opt_current_alpha,1.2350854561913436,1.261077967147628,0.038547580666595305,0.05,False,False,True,True,0.0002415527900060015,True,not_needed,,,,,0,False,10491,20589
15,2,0.0,0.0,uniform,0,uniform,0.5,guarded,stage1,,,0,15,0.013616919869047131,custom,"{""bfgs"": 0.03818908006610237, ""custom"": 0.005697290654901346}",0.0058862389996647835,0.0058862389996647835,stage3_l_opt,l_opt_current_alpha,1.2350854561913436,1.261077967147628,0.038547580666595305,0.05,False,False,True,True,0.0002415527900060015,True,not_needed,,,,,0,False,11160,21942
15,2,0.0,0.0,uniform,0,uniform,0.5,guarded,stage1,,,0,16,0.013616919869047131,custom,"{""bfgs"": 0.03818908006610237, ""custom"": 0.005697290654901346}",0.0058862389996647835,0.0058862389996647835,stage3_l_opt,l_opt_current_alpha,1.2350854561913436,1.261077967147628,0.038547580666595305,0.05,False,False,True,True,0.0002415527900060015,True,not_needed,,,,,0,False,11829,23295
15,2,0.0,0.0,uniform,0,uniform,0.5,guarded,stage1,,,0,17,0.013616919869047131,custom,"{""bfgs"": 0.03818908006610237, ""custom"": 0.005697290654901346}",0.0058862389996647835,0.0058862389996647835,stage3_l_opt,l_opt_current_alpha,1.2350854561913436,1.261077967147628,0.038547580666595305,0.05,False,False,True,True,0.0002415527900060015,True,not_needed,,,,,0,False,12498,24648
15,2,0.0,0.0,uniform,0,uniform,0.5,guarded,stage1,,,0,18,0.013616919869047131,custom,"{""bfgs"": 0.03818908006610237, ""custom"": 0.005697290654901346}",0.0058862389996647835,0.0058862389996647835,stage3_l_opt,l_opt_current_alpha,1.2350854561913436,1.261077967147628,0.038547580666595305,0.05,False,False,True,True,0.0002415527900060015,True,not_needed,,,,,0,False,13167,26001
15,2,0.0,0.0,uniform,0,uniform,0.5,guarded,stage1,,,0,19,0.013616919869047131,custom,"{""bfgs"": 0.03818908006610237, ""custom"": 0.005697290654901346}",0.0058862389996647835,0.0058862389996647835,stage3_l_opt,l_opt_current_alpha,1.2350854561913436,1.261077967147628,0.038547580666595305,0.05,False,False,True,True,0.0002415527900060015,True,not_needed,,,,,0,False,13836,27354
15,2,0.0,0.0,uniform,0,uniform,0.5,guarded,stage1,,,1,0,0.01623147482807915,custom,"{""bfgs"": 0.004301493056118488, ""custom"": 0.0015350980684161186}",0.0015350980684161186,0.0015350980684161186,stage3_l_opt,l_opt_current_alpha,0.98,1.0,0.49,0.5,False,True,True,False,,True,not_needed,,,,,0,False,170,38
15,2,0.0,0.0,uniform,0,uniform,0.5,guarded,stage1,,,1,1,0.016231410404764012,custom,"{""bfgs"": 0.006328923916444182, ""custom"": 0.0007828903663903475}",0.0015350719913840294,0.0015350719913840294,stage3_l_opt,l_opt_current_alpha,0.48999262562241475,0.509992475124913,0.24499631281120735,0.5,True,True,True,False,-2.60770320892334e-08,True,not_needed,,,,,0,False,358,76
15,2,0.0,0.0,uniform,0,uniform,0.5,guarded,stage1,,,1,2,0.016231410404764016,custom,"{""bfgs"": 0.007360506453476316, ""custom"": 0.0004068052139662774}",0.0015350719913840294,0.0015350719913840294,stage3_l_opt,l_opt_current_alpha,0.24499631281120737,0.2649961623137056,0.12249815640560374,0.5,True,True,True,False,0.0,True,not_needed,,,,,0,False,546,114
15,2,0.0,0.0,uniform,0,uniform,0.5,guarded,stage1,,,1,3,0.016231408239997677,custom,"{""bfgs"": 0.007878996929212281, ""custom"": 0.0002187634340659493}",0.001535077579319477,0.001535077579319477,stage3_l_opt,l_opt_current_alpha,0.12249973662002896,0.14249961837180114,0.06124986831001448,0.5,True,True,True,False,5.587935447692871e-09,True,not_needed,,,,,0,False,704,152
15,2,0.0,0.0,uniform,0,uniform,0.5,guarded,stage1,,,1,4,0.016231408239997677,custom,"{""bfgs"": 0.008132787065371988, ""custom"": 0.0001247405908340559}",0.001535077579319477,0.001535077579319477,stage3_l_opt,l_opt_current_alpha,0.06124986831001448,0.08124975006178667,0.030624934155007295,0.5,True,True,True,False,0.0,True,not_needed,,,,,0,False,868,190
15,2,0.0,0.0,uniform,0,uniform,0.5,guarded,stage1,,,1,5,0.016231408239997677,custom,"{""bfgs"": 0.008260848046875574, ""custom"": 7.772916921810917e-05}",0.001535077579319477,0.001535077579319477,stage3_l_opt,l_opt_current_alpha,0.03062493415500718,0.05062481590677938,0.01531246707750359,0.5,True,True,True,False,0.0,True,not_needed,,,,,0,False,1074,228
15,2,0.0,0.0,uniform,0,uniform,0.5,guarded,stage1,,,1,6,0.016231408239997677,custom,"{""bfgs"": 0.008322873551450593, ""custom"": 5.422345841013582e-05}",0.001535077579319477,0.001535077579319477,stage3_l_opt,l_opt_current_alpha,0.015312467077503592,0.03531234882927579,0.007656233538751795,0.5,True,True,True,False,0.0,True,not_needed,,,,,0,False,1286,266
15,2,0.0,0.0,uniform,0,uniform,0.5,guarded,stage1,,,1,7,0.016231408239997674,custom,"{""bfgs"": 0.008353864935333605, ""custom"": 4.2470603006149135e-05}",0.001535077579319477,0.001535077579319477,stage3_l_opt,l_opt_current_alpha,0.007656233538751797,0.027656115290523992,0.0038281167693758993,0.5,True,True,True,False,0.0,True,not_needed,,,,,0,False,1720,304
15,2,0.0,0.0,uniform,0,uniform,0.5,guarded,stage1,,,1,8,0.016231408239997677,custom,"{""bfgs"": 0.008369380589792398, ""custom"": 3.659417530415579e-05}",0.001535077579319477,0.001535077579319477,stage3_l_opt,l_opt_current_alpha,0.0038281167693758975,0.023827998521148093,0.001914058384687948,0.5,True,True,True,False,0.0,True,not_needed,,,,,0,False,1926,342
15,2,0.0,0.0,uniform,0,uniform,0.5,guarded,stage1,,,1,9,0.016231408239997677,custom,"{""bfgs"": 0.008377132991892435, ""custom"": 3.365596145315913e-05}",0.001535077579319477,0.001535077579319477,stage3_l_opt,l_opt_current_alpha,0.0019140583846879496,0.021913940136460145,0.0009570291923439757,0.5,True,True,True,False,0.0,True,not_needed,,,,,0,False,2132,380
15,2,0.0,0.0,uniform,0,uniform,0.5,guarded,stage1,,,1,10,0.016231408239997677,custom,"{""bfgs"": 0.008381023539177166, ""custom"": 3.218685452766079e-05}",0.001535077579319477,0.001535077579319477,stage3_l_opt,l_opt_current_alpha,0.000957029192343974,0.02095691094411617,0.0,0.5,True,True,False,False,0.0,True,not_needed,,,,,0,False,2344,418
15,2,0.0,0.0,stage0,0,uniform,0.5,guarded,stage1,,,0,0,0.007329440843268445,custom,"{""bfgs"": 0.0067071169568125345, ""custom"": 0.005128507506969323}",0.005418605792025725,0.005418605792025725,stage3_l_opt,l_opt_current_alpha,0.8358337148171309,0.8491670481504641,0.41791685740856543,0.5,False,True,True,False,,True,not_needed,,,,,0,False,663,1311
15,2,0.0,0.0,stage0,0,uniform,0.5,guarded,stage1,,,0,1,0.01585645641068401,custom,"{""bfgs"": 0.01123042570956672, ""custom"": 0.00400314696256467}",0.005995292216539383,0.005995292216539383,stage3_l_opt,l_opt_current_alpha,0.9396049212604736,0.9539761140224268,0.20895842870428277,0.25,False,False,True,True,0.0005766864245136576,True,not_needed,,,,,0,False,1401,2532
15,2,0.0,0.0,stage0,0,uniform,0.5,guarded,stage1,,,0,2,0.01354854312636623,custom,"{""bfgs"": 0.04144796374760951, ""custom"": 0.005774533884526253}",0.0058923931792378426,0.0058923931792378426,stage3_l_opt,l_opt_current_alpha,1.336212317532834,1.3628789841995004,0.10447921435214141,0.125,False,False,True,True,0.0004737873872121172,True,not_needed,,,,,0,False,2103,3708
15,2,0.0,0.0,stage0,0,uniform,0.5,guarded,stage1,,,0,3,0.013942672140661482,custom,"{""bfgs"": 0.01520319122037864, ""custom"": 0.006409609874763543}",0.005865047064920266,0.005865047064920266,stage3_l_opt,l_opt_current_alpha,1.2275648907360837,1.251824086804659,0.05223960717607068,0.0625,False,False,True,True,0.00044644127289454084,True,not_needed,,,,,0,False,2907,5106
15,2,0.0,0.0,stage0,0,uniform,0.5,guarded,stage1,,,0,4,0.01040807903781421,bfgs,"{""bfgs"": 0.006064901122438182, ""custom"": 0.006182341542950136}",0.005695403553545475,0.005695403553545475,stage3_l_opt,l_opt_current_alpha,0.9158699857045476,0.9328000206351061,0.041791685740856566,0.05,False,False,True,True,0.00027679776151974967,True,not_needed,,,,,0,False,3600,6567
15,2,0.0,0.0,stage0,0,uniform,0.5,guarded,stage1,,,0,5,0.005550466474220147,bfgs,"{""bfgs"": 0.004841078847971504, ""custom"": 0.004841080351825307}",0.005400297309582432,0.005400297309582432,stage3_l_opt,l_opt_current_alpha,0.7940402870463519,0.8073735848280541,0.03970201435231757,0.05,True,True,True,False,-1.8308482443293514e-05,True,recovered_informative,12,0.005634860480481736,0.004841080351825307,0.0007937801286564293,1,True,5082,9471
15,2,0.0,0.0,stage0,0,uniform,0.5,guarded,stage1,,,0,6,0.010199348197276796,custom,"{""bfgs"": 0.01893852585889893, ""custom"": 0.005861814180909503}",0.005609160599609216,0.005609160599609216,stage3_l_opt,l_opt_current_alpha,0.8003853782970944,0.815492589125705,0.03970201435231757,0.05,False,False,True,True,0.00020886329002678394,True,not_needed,,,,,0,False,5289,10860
15,2,0.0,0.0,stage0,0,uniform,0.5,guarded,stage1,,,0,7,0.010199348197276796,custom,"{""bfgs"": 0.01893852585889893, ""custom"": 0.005861814180909503}",0.005609160599609216,0.005609160599609216,stage3_l_opt,l_opt_current_alpha,0.8003853782970944,0.815492589125705,0.03970201435231757,0.05,False,False,True,True,0.00020886329002678394,True,not_needed,,,,,0,False,5496,12249
15,2,0.0,0.0,stage0,0,uniform,0.5,guarded,stage1,,,0,8,0.010199348197276796,custom,"{""bfgs"": 0.01893852585889893, ""custom"": 0.005861814180909503}",0.005609160599609216,0.005609160599609216,stage3_l_opt,l_opt_current_alpha,0.8003853782970944,0.815492589125705,0.03970201435231757,0.05,False,False,True,True,0.00020886329002678394,True,not_needed,,,,,0,False,5703,13638
15,2,0.0,0.0,stage0,0,uniform,0.5,guarded,stage1,,,0,9,0.010199348197276796,custom,"{""bfgs"": 0.01893852585889893, ""custom"": 0.005861814180909503}",0.005609160599609216,0.005609160599609216,stage3_l_opt,l_opt_current_alpha,0.8003853782970944,0.815492589125705,0.03970201435231757,0.05,False,False,True,True,0.00020886329002678394,True,not_needed,,,,,0,False,5910,15027
15,2,0.0,0.0,stage0,0,uniform,0.5,guarded,stage1,,,0,10,0.010199348197276796,custom,"{""bfgs"": 0.01893852585889893, ""custom"": 0.005861814180909503}",0.005609160599609216,0.005609160599609216,stage3_l_opt,l_opt_current_alpha,0.8003853782970944,0.815492589125705,0.03970201435231757,0.05,False,False,True,True,0.00020886329002678394,True,not_needed,,,,,0,False,6117,16416
15,2,0.0,0.0,stage0,0,uniform,0.5,guarded,stage1,,,0,11,0.010199348197276796,custom,"{""bfgs"": 0.01893852585889893, ""custom"": 0.005861814180909503}",0.005609160599609216,0.005609160599609216,stage3_l_opt,l_opt_current_alpha,0.8003853782970944,0.815492589125705,0.03970201435231757,0.05,False,False,True,True,0.00020886329002678394,True,not_needed,,,,,0,False,6324,17805
15,2,0.0,0.0,stage0,0,uniform,0.5,guarded,stage1,,,0,12,0.010199348197276796,custom,"{""bfgs"": 0.01893852585889893, ""custom"": 0.005861814180909503}",0.005609160599609216,0.005609160599609216,stage3_l_opt,l_opt_current_alpha,0.8003853782970944,0.815492589125705,0.03970201435231757,0.05,False,False,True,True,0.00020886329002678394,True,not_needed,,,,,0,False,6531,19194
15,2,0.0,0.0,stage0,0,uniform,0.5,guarded,stage1,,,0,13,0.010199348197276796,custom,"{""bfgs"": 0.01893852585889893, ""custom"": 0.005861814180909503}",0.005609160599609216,0.005609160599609216,stage3_l_opt,l_opt_current_alpha,0.8003853782970944,0.815492589125705,0.03970201435231757,0.05,False,False,True,True,0.00020886329002678394,True,not_needed,,,,,0,False,6738,20583
15,2,0.0,0.0,stage0,0,uniform,0.5,guarded,stage1,,,0,14,0.010199348197276796,custom,"{""bfgs"": 0.01893852585889893, ""custom"": 0.005861814180909503}",0.005609160599609216,0.005609160599609216,stage3_l_opt,l_opt_current_alpha,0.8003853782970944,0.815492589125705,0.03970201435231757,0.05,False,False,True,True,0.00020886329002678394,True,not_needed,,,,,0,False,6945,21972
15,2,0.0,0.0,stage0,0,uniform,0.5,guarded,stage1,,,0,15,0.010199348197276796,custom,"{""bfgs"": 0.01893852585889893, ""custom"": 0.005861814180909503}",0.005609160599609216,0.005609160599609216,stage3_l_opt,l_opt_current_alpha,0.8003853782970944,0.815492589125705,0.03970201435231757,0.05,False,False,True,True,0.00020886329002678394,True,not_needed,,,,,0,False,7152,23361
15,2,0.0,0.0,stage0,0,uniform,0.5,guarded,stage1,,,0,16,0.010199348197276796,custom,"{""bfgs"": 0.01893852585889893, ""custom"": 0.005861814180909503}",0.005609160599609216,0.005609160599609216,stage3_l_opt,l_opt_current_alpha,0.8003853782970944,0.815492589125705,0.03970201435231757,0.05,False,False,True,True,0.00020886329002678394,True,not_needed,,,,,0,False,7359,24750
15,2,0.0,0.0,stage0,0,uniform,0.5,guarded,stage1,,,0,17,0.010199348197276796,custom,"{""bfgs"": 0.01893852585889893, ""custom"": 0.005861814180909503}",0.005609160599609216,0.005609160599609216,stage3_l_opt,l_opt_current_alpha,0.8003853782970944,0.815492589125705,0.03970201435231757,0.05,False,False,True,True,0.00020886329002678394,True,not_needed,,,,,0,False,7566,26139
15,2,0.0,0.0,stage0,0,uniform,0.5,guarded,stage1,,,0,18,0.010199348197276796,custom,"{""bfgs"": 0.01893852585889893, ""custom"": 0.005861814180909503}",0.005609160599609216,0.005609160599609216,stage3_l_opt,l_opt_current_alpha,0.8003853782970944,0.815492589125705,0.03970201435231757,0.05,False,False,True,True,0.00020886329002678394,True,not_needed,,,,,0,False,7773,27528
15,2,0.0,0.0,stage0,0,uniform,0.5,guarded,stage1,,,0,19,0.010199348197276796,custom,"{""bfgs"": 0.01893852585889893, ""custom"": 0.005861814180909503}",0.005609160599609216,0.005609160599609216,stage3_l_opt,l_opt_current_alpha,0.8003853782970944,0.815492589125705,0.03970201435231757,0.05,False,False,True,True,0.00020886329002678394,True,not_needed,,,,,0,False,7980,28917
16,2,0.0,0.0,uniform,0,uniform,0.5,guarded,stage1,,,0,0,0.01686086315518137,custom,"{""bfgs"": 0.08547457804282506, ""custom"": 0.010718292246262234}",0.010718292246262232,0.010718292246262232,stage3_l_opt,l_opt_current_alpha,0.320283175652886,0.3268195669927408,0.16014158782644305,0.5,False,True,True,False,,True,not_needed,,,,,0,False,249,753
16,2,0.0,0.0,uniform,0,uniform,0.5,guarded,stage1,,,0,1,0.016337569941493574,custom,"{""bfgs"": 0.08541113638148354, ""custom"": 0.009485493753157246}",0.010793687154849371,0.010793687154849371,stage3_l_opt,l_opt_current_alpha,0.18901188926717485,0.19613747043235064,0.09450594463358747,0.5,True,True,True,False,7.539490858713901e-05,True,not_needed,,,,,0,False,522,1866
16,2,0.0,0.0,uniform,0,uniform,0.5,guarded,stage1,,,0,2,0.01670071940532461,custom,"{""bfgs"": 0.08537369692421587, ""custom"": 0.008628283407865322}",0.01072577511270841,0.01072577511270841,stage3_l_opt,l_opt_current_alpha,0.37584300181111935,0.3783163787366518,0.1879215009055597,0.5,True,True,True,False,-6.79120421409607e-05,True,not_needed,,,,,0,False,774,3330
16,2,0.0,0.0,uniform,0,uniform,0.5,guarded,stage1,,,0,3,0.01698589194560704,custom,"{""bfgs"": 0.08649211647255936, ""custom"": 0.010046704724114668}",0.010681158552567164,0.010681158552567164,stage3_l_opt,l_opt_current_alpha,0.34439050729341497,0.3527806407392901,0.17219525364670754,0.5,True,True,True,False,-4.461656014124668e-05,True,not_needed,,,,,0,False,1017,4746
16,2,0.0,0.0,uniform,0,uniform,0.5,guarded,stage1,,,0,4,0.016891572770678126,custom,"{""bfgs"": 0.08565716561231562, ""custom"": 0.008698366850164976}",0.010693654417991638,0.010693654417991638,stage3_l_opt,l_opt_current_alpha,0.07276513800551915,0.0791260854179007,0.036382569002759546,0.5,True,True,True,False,1.2495865424474659e-05,True,not_needed,,,,,0,False,1245,5940
16,2,0.0,0.0,uniform,0,uniform,0.5,guarded,stage1,,,0,5,0.015531064508819248,custom,"{""bfgs"": 0.08550229278756916, ""custom"": 0.008736673327440402}",0.010938263187805811,0.010938263187805811,stage3_l_opt,l_opt_current_alpha,1.2449107321631963,1.2690275407232336,0.018191284501379773,0.25,False,False,True,True,0.0002446087698141728,True,not_needed,,,,,0,False,1533,7245
16,2,0.0,0.0,uniform,0,uniform,0.5,guarded,stage1,,,0,6,0.016688264481620113,custom,"{""bfgs"": 0.08557972919994239, ""custom"": 0.008621681090746016}",0.010746020823717117,0.010746020823717117,stage3_l_opt,l_opt_current_alpha,0.07303227072581184,0.07976992053047244,0.018258067681452994,0.25,True,True,True,False,5.2366405725479126e-05,True,not_needed,,,,,0,False,1800,8190
16,2,0.0,0.0,uniform,0,uniform,0.5,guarded,stage1,,,0,7,0.015531795762192685,custom,"{""bfgs"": 0.0855197692798724, ""custom"": 0.008741589621627324}",0.010941984752813974,0.010941984752813974,stage3_l_opt,l_opt_current_alpha,1.236907563487842,1.2608845541302465,0.009129033840726442,0.125,False,False,True,True,0.00019596392909685713,True,not_needed,,,,,0,False,2085,9060
16,2,0.0,0.0,uniform,0,uniform,0.5,guarded,stage1,,,0,8,0.01558096654359703,custom,"{""bfgs"": 0.08554974923990738, ""custom"": 0.008804367941783905}",0.010933385541041693,0.010933385541041693,stage3_l_opt,l_opt_current_alpha,1.301564736629665,1.3269461614474696,0.004564516920363276,0.0625,False,False,True,True,0.00018736471732457537,True,not_needed,,,,,0,False,2286,10008
16,2,0.0,0.0,uniform,0,uniform,0.5,guarded,stage1,,,0,9,0.015802197500561166,custom,"{""bfgs"": 0.08556473921992488, ""custom"": 0.008790931047144906}",0.01089660202463468,0.01089660202463468,stage3_l_opt,l_opt_current_alpha,0.13622782680395254,0.1443483352412356,0.0036516135362905655,0.05,False,False,True,True,0.00015058120091756243,True,not_needed,,,,,0,False,2526,11502
16,2,0.0,0.0,uniform,0,uniform,0.5,guarded,stage1,,,0,10,0.015705436299705555,custom,"{""bfgs"": 0.08556773721592838, ""custom"": 0.008815299778256033}",0.010908408711353937,0.010908408711353937,stage3_l_opt,l_opt_current_alpha,0.14364879270219513,0.15190211874180826,0.0036516135362905655,0.05,False,False,True,True,0.0001623878876368199,True,not_needed,,,,,0,False,2808,12360
16,2,0.0,0.0,uniform,0,uniform,0.5,guarded,stage1,,,0,11,0.015705436299705555,custom,"{""bfgs"": 0.08556773721592838, ""custom"": 0.008815299778256033}",0.010908408711353937,0.010908408711353937,stage3_l_opt,l_opt_current_alpha,0.14364879270219513,0.15190211874180826,0.0036516135362905655,0.05,False,False,True,True,0.0001623878876368199,True,not_needed,,,,,0,False,3090,13218
16,2,0.0,0.0,uniform,0,uniform,0.5,guarded,stage1,,,0,12,0.015705436299705555,custom,"{""bfgs"": 0.08556773721592838, ""custom"": 0.008815299778256033}",0.010908408711353937,0.010908408711353937,stage3_l_opt,l_opt_current_alpha,0.14364879270219513,0.15190211874180826,0.0036516135362905655,0.05,False,False,True,True,0.0001623878876368199,True,not_needed,,,,,0,False,3372,14076
16,2,0.0,0.0,uniform,0,uniform,0.5,guarded,stage1,,,0,13,0.015705436299705555,custom,"{""bfgs"": 0.08556773721592838, ""custom"": 0.008815299778256033}",0.010908408711353937,0.010908408711353937,stage3_l_opt,l_opt_current_alpha,0.14364879270219513,0.15190211874180826,0.0036516135362905655,0.05,False,False,True,True,0.0001623878876368199,True,not_needed,,,,,0,False,3654,14934
16,2,0.0,0.0,uniform,0,uniform,0.5,guarded,stage1,,,0,14,0.015705436299705555,custom,"{""bfgs"": 0.08556773721592838, ""custom"": 0.008815299778256033}",0.010908408711353937,0.010908408711353937,stage3_l_opt,l_opt_current_alpha,0.14364879270219513,0.15190211874180826,0.0036516135362905655,0.05,False,False,True,True,0.0001623878876368199,True,not_needed,,,,,0,False,3936,15792
16,2,0.0,0.0,uniform,0,uniform,0.5,guarded,stage1,,,0,15,0.015705436299705555,custom,"{""bfgs"": 0.08556773721592838, ""custom"": 0.008815299778256033}",0.010908408711353937,0.010908408711353937,stage3_l_opt,l_opt_current_alpha,0.14364879270219513,0.15190211874180826,0.0036516135362905655,0.05,False,False,True,True,0.0001623878876368199,True,not_needed,,,,,0,False,4218,16650
16,2,0.0,0.0,uniform,0,uniform,0.5,guarded,stage1,,,0,16,0.015705436299705555,custom,"{""bfgs"": 0.08556773721592838, ""custom"": 0.008815299778256033}",0.010908408711353937,0.010908408711353937,stage3_l_opt,l_opt_current_alpha,0.14364879270219513,0.15190211874180826,0.0036516135362905655,0.05,False,False,True,True,0.0001623878876368199,True,not_needed,,,,,0,False,4500,17508
16,2,0.0,0.0,uniform,0,uniform,0.5,guarded,stage1,,,0,17,0.015705436299705555,custom,"{""bfgs"": 0.08556773721592838, ""custom"": 0.008815299778256033}",0.010908408711353937,0.010908408711353937,stage3_l_opt,l_opt_current_alpha,0.14364879270219513,0.15190211874180826,0.0036516135362905655,0.05,False,False,True,True,0.0001623878876368199,True,not_needed,,,,,0,False,4782,18366
16,2,0.0,0.0,uniform,0,uniform,0.5,guarded,stage1,,,0,18,0.015705436299705555,custom,"{""bfgs"": 0.08556773721592838, ""custom"": 0.008815299778256033}",0.010908408711353937,0.010908408711353937,stage3_l_opt,l_opt_current_alpha,0.14364879270219513,0.15190211874180826,0.0036516135362905655,0.05,False,False,True,True,0.0001623878876368199,True,not_needed,,,,,0,False,5064,19224
16,2,0.0,0.0,uniform,0,uniform,0.5,guarded,stage1,,,0,19,0.015705436299705555,custom,"{""bfgs"": 0.08556773721592838, ""custom"": 0.008815299778256033}",0.010908408711353937,0.010908408711353937,stage3_l_opt,l_opt_current_alpha,0.14364879270219513,0.15190211874180826,0.0036516135362905655,0.05,False,False,True,True,0.0001623878876368199,True,not_needed,,,,,0,False,5346,20082
16,2,0.0,0.0,stage0,0,uniform,0.5,guarded,stage1,,,0,0,0.016861935488711705,custom,"{""bfgs"": 0.08488071210111153, ""custom"": 0.010225355240559512}",0.0107184536755085,0.0107184536755085,stage3_l_opt,l_opt_current_alpha,0.2645240739114969,0.27123711013353147,0.13226203695574845,0.5,False,True,True,False,,True,not_needed,,,,,0,False,252,708
16,2,0.0,0.0,stage0,0,uniform,0.5,guarded,stage1,,,0,1,0.016203517597155298,custom,"{""bfgs"": 0.08509088591099188, ""custom"": 0.009215733673261929}",0.010814807067314783,0.010814807067314783,stage3_l_opt,l_opt_current_alpha,0.16941437935284281,0.17688562664420576,0.08470718967642138,0.5,True,True,True,False,9.635339180628401e-05,True,not_needed,,,,,0,False,480,1863
16,2,0.0,0.0,stage0,0,uniform,0.5,guarded,stage1,,,0,2,0.015529758374225433,custom,"{""bfgs"": 0.08519984344918888, ""custom"": 0.008687139531058463}",0.010950134446223577,0.010950134446223577,stage3_l_opt,l_opt_current_alpha,1.2589829217416189,1.2829451303664838,0.042353594838210606,0.25,False,False,True,True,0.0001353273789087943,True,not_needed,,,,,0,False,732,3303
16,2,0.0,0.0,stage0,0,uniform,0.5,guarded,stage1,,,0,3,0.017062194087540367,custom,"{""bfgs"": 0.08514536468009037, ""custom"": 0.008715647641968003}",0.010677102953195572,0.010677102953195572,stage3_l_opt,l_opt_current_alpha,0.07467882803588105,0.08108105580726954,0.018669707008970332,0.25,True,True,True,False,-0.00013770411411921125,True,not_needed,,,,,0,False,1041,4218
16,2,0.0,0.0,stage0,0,uniform,0.5,guarded,stage1,,,0,4,0.016704394160068137,custom,"{""bfgs"": 0.08519215378778185, ""custom"": 0.008616514321569804}",0.010728750377893448,0.010728750377893448,stage3_l_opt,l_opt_current_alpha,0.07356869894800491,0.080329285452477,0.01839217473700125,0.25,True,True,True,False,5.1647424697875977e-05,True,not_needed,,,,,0,False,1269,5718
16,2,0.0,0.0,stage0,0,uniform,0.5,guarded,stage1,,,0,5,0.015559328549299367,custom,"{""bfgs"": 0.08522453336237786, ""custom"": 0.008720087194554218}",0.010941370079914728,0.010941370079914728,stage3_l_opt,l_opt_current_alpha,0.15603559618858756,0.16485453110076526,0.00919608736850061,0.125,False,False,True,True,0.00021261970202128035,True,not_needed,,,,,0,False,1524,7461
16,2,0.0,0.0,stage0,0,uniform,0.5,guarded,stage1,,,0,6,0.01568300290552274,custom,"{""bfgs"": 0.08520834357507985, ""custom"": 0.008767988709776242}",0.010920426497856775,0.010920426497856775,stage3_l_opt,l_opt_current_alpha,0.15264935504536545,0.16121150774301835,0.004598043684250291,0.0625,False,False,True,True,0.00019167611996332747,True,not_needed,,,,,0,False,1722,9285
16,2,0.0,0.0,stage0,0,uniform,0.5,guarded,stage1,,,0,7,0.016674065372801056,custom,"{""bfgs"": 0.08520024868143083, ""custom"": 0.008592267128454723}",0.010740604251623154,0.010740604251623154,stage3_l_opt,l_opt_current_alpha,0.07333810914727623,0.08018782736365687,0.0045836318217047645,0.0625,True,True,True,False,1.185387372970581e-05,True,not_needed,,,,,0,False,2004,10476
16,2,0.0,0.0,stage0,0,uniform,0.5,guarded,stage1,,,0,8,0.015691136774991288,custom,"{""bfgs"": 0.08520771164952139, ""custom"": 0.00876267491471169}",0.010915935039520264,0.010915935039520264,stage3_l_opt,l_opt_current_alpha,0.15006024748529692,0.15856926713350866,0.0036669054573638393,0.05,False,False,True,True,0.00017533078789710999,True,not_needed,,,,,0,False,2214,11883
16,2,0.0,0.0,stage0,0,uniform,0.5,guarded,stage1,,,0,9,0.01569575265891268,custom,"{""bfgs"": 0.0852062190559033, ""custom"": 0.008765965388347913}",0.01091259221235911,0.01091259221235911,stage3_l_opt,l_opt_current_alpha,0.14906014771918996,0.1575300484667803,0.0036669054573638393,0.05,False,False,True,True,0.00017198796073595625,True,not_needed,,,,,0,False,2427,12729
16,2,0.0,0.0,stage0,0,uniform,0.5,guarded,stage1,,,0,10,0.01569575265891268,custom,"{""bfgs"": 0.0852062190559033, ""custom"": 0.008765965388347913}",0.01091259221235911,0.01091259221235911,stage3_l_opt,l_opt_current_alpha,0.14906014771918996,0.1575300484667803,0.0036669054573638393,0.05,False,False,True,True,0.00017198796073595625,True,not_needed,,,,,0,False,2640,13575
16,2,0.0,0.0,stage0,0,uniform,0.5,guarded,stage1,,,0,11,0.01569575265891268,custom,"{""bfgs"": 0.0852062190559033, ""custom"": 0.008765965388347913}",0.01091259221235911,0.01091259221235911,stage3_l_opt,l_opt_current_alpha,0.14906014771918996,0.1575300484667803,0.0036669054573638393,0.05,False,False,True,True,0.00017198796073595625,True,not_needed,,,,,0,False,2853,14421
16,2,0.0,0.0,stage0,0,uniform,0.5,guarded,stage1,,,0,12,0.01569575265891268,custom,"{""bfgs"": 0.0852062190559033, ""custom"": 0.008765965388347913}",0.01091259221235911,0.01091259221235911,stage3_l_opt,l_opt_current_alpha,0.14906014771918996,0.1575300484667803,0.0036669054573638393,0.05,False,False,True,True,0.00017198796073595625,True,not_needed,,,,,0,False,3066,15267
16,2,0.0,0.0,stage0,0,uniform,0.5,guarded,stage1,,,0,13,0.01569575265891268,custom,"{""bfgs"": 0.0852062190559033, ""custom"": 0.008765965388347913}",0.01091259221235911,0.01091259221235911,stage3_l_opt,l_opt_current_alpha,0.14906014771918996,0.1575300484667803,0.0036669054573638393,0.05,False,False,True,True,0.00017198796073595625,True,not_needed,,,,,0,False,3279,16113
16,2,0.0,0.0,stage0,0,uniform,0.5,guarded,stage1,,,0,14,0.01569575265891268,custom,"{""bfgs"": 0.0852062190559033, ""custom"": 0.008765965388347913}",0.01091259221235911,0.01091259221235911,stage3_l_opt,l_opt_current_alpha,0.14906014771918996,0.1575300484667803,0.0036669054573638393,0.05,False,False,True,True,0.00017198796073595625,True,not_needed,,,,,0,False,3492,16959
16,2,0.0,0.0,stage0,0,uniform,0.5,guarded,stage1,,,0,15,0.01569575265891268,custom,"{""bfgs"": 0.0852062190559033, ""custom"": 0.008765965388347913}",0.01091259221235911,0.01091259221235911,stage3_l_opt,l_opt_current_alpha,0.14906014771918996,0.1575300484667803,0.0036669054573638393,0.05,False,False,True,True,0.00017198796073595625,True,not_needed,,,,,0,False,3705,17805
16,2,0.0,0.0,stage0,0,uniform,0.5,guarded,stage1,,,0,16,0.01569575265891268,custom,"{""bfgs"": 0.0852062190559033, ""custom"": 0.008765965388347913}",0.01091259221235911,0.01091259221235911,stage3_l_opt,l_opt_current_alpha,0.14906014771918996,0.1575300484667803,0.0036669054573638393,0.05,False,False,True,True,0.00017198796073595625,True,not_needed,,,,,0,False,3918,18651
16,2,0.0,0.0,stage0,0,uniform,0.5,guarded,stage1,,,0,17,0.01569575265891268,custom,"{""bfgs"": 0.0852062190559033, ""custom"": 0.008765965388347913}",0.01091259221235911,0.01091259221235911,stage3_l_opt,l_opt_current_alpha,0.14906014771918996,0.1575300484667803,0.0036669054573638393,0.05,False,False,True,True,0.00017198796073595625,True,not_needed,,,,,0,False,4131,19497
16,2,0.0,0.0,stage0,0,uniform,0.5,guarded,stage1,,,0,18,0.01569575265891268,custom,"{""bfgs"": 0.0852062190559033, ""custom"": 0.008765965388347913}",0.01091259221235911,0.01091259221235911,stage3_l_opt,l_opt_current_alpha,0.14906014771918996,0.1575300484667803,0.0036669054573638393,0.05,False,False,True,True,0.00017198796073595625,True,not_needed,,,,,0,False,4344,20343
16,2,0.0,0.0,stage0,0,uniform,0.5,guarded,stage1,,,0,19,0.01569575265891268,custom,"{""bfgs"": 0.0852062190559033, ""custom"": 0.008765965388347913}",0.01091259221235911,0.01091259221235911,stage3_l_opt,l_opt_current_alpha,0.14906014771918996,0.1575300484667803,0.0036669054573638393,0.05,False,False,True,True,0.00017198796073595625,True,not_needed,,,,,0,False,4557,21189
17,2,0.0,0.0,uniform,0,uniform,0.5,guarded,stage1,,,0,0,0.0006508197613193899,bfgs,"{""bfgs"": 0.013297389571865399, ""custom"": 0.014302661642432213}",0.0132973895718654,0.0132973895718654,stage3_l_opt,l_opt_current_alpha,1.0755186027893653,1.0974679620299645,0.5377593013946826,0.5,False,True,True,False,,True,not_needed,,,,,0,False,441,1191
17,2,0.0,0.0,uniform,0,uniform,0.5,guarded,stage1,,,0,1,0.007295076548421209,bfgs,"{""bfgs"": 0.007723570530913049, ""custom"": 0.007723570530913049}",0.01230244276424249,0.01230244276424249,stage3_l_opt,l_opt_current_alpha,1.191092634728016,1.2044259680613494,0.5955463173640081,0.5,True,True,True,False,-0.0009949468076229095,True,recovered_informative,15,0.0111655540994692,0.007723570530913049,0.003441983568556151,1,True,1548,2613
17,2,0.0,0.0,uniform,0,uniform,0.5,guarded,stage1,,,0,2,0.0009205412698821427,bfgs,"{""bfgs"": 0.011857023155680897, ""custom"": 0.013776269842968224}",0.012858986233671507,0.012858986233671507,stage3_l_opt,l_opt_current_alpha,0.5999541275263357,0.6121980639434024,0.29777315868200405,0.25,False,False,True,True,0.0005565434694290161,True,not_needed,,,,,0,False,2646,3603
17,2,0.0,0.0,uniform,0,uniform,0.5,guarded,stage1,,,0,3,0.019043096085413075,custom,"{""bfgs"": 0.04871470369024211, ""custom"": 0.013917965125197686}",0.013810799146691958,0.013810799146691958,stage3_l_opt,l_opt_current_alpha,1.3833200975910462,1.4099867642577126,0.14888657934100194,0.125,False,False,True,True,0.0015083563824494668,True,not_needed,,,,,0,False,3453,4185
17,2,0.0,0.0,uniform,0,uniform,0.5,guarded,stage1,,,0,4,0.007295076548421209,bfgs,"{""bfgs"": 0.009049432041360592, ""custom"": 0.009049432041360592}",0.01230244276424249,0.01230244276424249,stage3_l_opt,l_opt_current_alpha,1.1477279227266899,1.1661509479001428,0.14346599034083624,0.125,True,True,True,False,0.0,True,recovered_informative,15,0.013503767651348334,0.009049432041360592,0.004454335609987743,1,True,3858,5595
17,2,0.0,0.0,uniform,0,uniform,0.5,guarded,stage1,,,0,5,0.019239280921895793,custom,"{""bfgs"": 0.017406858046507923, ""custom"": 0.014721488726245556}",0.013739813740054766,0.013739813740054766,stage3_l_opt,l_opt_current_alpha,0.9040193551702396,0.9277462188498424,0.07173299517041809,0.0625,False,False,True,True,0.001437370975812275,True,not_needed,,,,,0,False,4788,6264
17,2,0.0,0.0,uniform,0,uniform,0.5,guarded,stage1,,,0,6,0.02228707102423646,custom,"{""bfgs"": 0.061839687439619886, ""custom"": 0.01314977317594657}",0.014232439920306206,0.014232439920306206,stage3_l_opt,l_opt_current_alpha,1.4571348162015942,1.4838014828682609,0.057386396136334505,0.05,False,False,True,True,0.001929997156063715,True,not_needed,,,,,0,False,5295,7242
17,2,0.0,0.0,uniform,0,uniform,0.5,guarded,stage1,,,0,7,0.02129738409146116,custom,"{""bfgs"": 0.019110278283195413, ""custom"": 0.013322315487171475}",0.014110362157225609,0.014110362157225609,stage3_l_opt,l_opt_current_alpha,1.4409724487768703,1.4665512070561708,0.057386396136334505,0.05,False,False,True,True,0.0018079193929831181,True,not_needed,,,,,0,False,6381,8034
17,2,0.0,0.0,uniform,0,uniform,0.5,guarded,stage1,,,0,8,0.02129738409146116,custom,"{""bfgs"": 0.019110278283195413, ""custom"": 0.013322315487171475}",0.014110362157225609,0.014110362157225609,stage3_l_opt,l_opt_current_alpha,1.4409724487768703,1.4665512070561708,0.057386396136334505,0.05,False,False,True,True,0.0018079193929831181,True,not_needed,,,,,0,False,7467,8826
17,2,0.0,0.0,uniform,0,uniform,0.5,guarded,stage1,,,0,9,0.02129738409146116,custom,"{""bfgs"": 0.019110278283195413, ""custom"": 0.013322315487171475}",0.014110362157225609,0.014110362157225609,stage3_l_opt,l_opt_current_alpha,1.4409724487768703,1.4665512070561708,0.057386396136334505,0.05,False,False,True,True,0.0018079193929831181,True,not_needed,,,,,0,False,8553,9618
17,2,0.0,0.0,uniform,0,uniform,0.5,guarded,stage1,,,0,10,0.02129738409146116,custom,"{""bfgs"": 0.019110278283195413, ""custom"": 0.013322315487171475}",0.014110362157225609,0.014110362157225609,stage3_l_opt,l_opt_current_alpha,1.4409724487768703,1.4665512070561708,0.057386396136334505,0.05,False,False,True,True,0.0018079193929831181,True,not_needed,,,,,0,False,9639,10410
17,2,0.0,0.0,uniform,0,uniform,0.5,guarded,stage1,,,0,11,0.02129738409146116,custom,"{""bfgs"": 0.019110278283195413, ""custom"": 0.013322315487171475}",0.014110362157225609,0.014110362157225609,stage3_l_opt,l_opt_current_alpha,1.4409724487768703,1.4665512070561708,0.057386396136334505,0.05,False,False,True,True,0.0018079193929831181,True,not_needed,,,,,0,False,10725,11202
17,2,0.0,0.0,uniform,0,uniform,0.5,guarded,stage1,,,0,12,0.02129738409146116,custom,"{""bfgs"": 0.019110278283195413, ""custom"": 0.013322315487171475}",0.014110362157225609,0.014110362157225609,stage3_l_opt,l_opt_current_alpha,1.4409724487768703,1.4665512070561708,0.057386396136334505,0.05,False,False,True,True,0.0018079193929831181,True,not_needed,,,,,0,False,11811,11994
17,2,0.0,0.0,uniform,0,uniform,0.5,guarded,stage1,,,0,13,0.02129738409146116,custom,"{""bfgs"": 0.019110278283195413, ""custom"": 0.013322315487171475}",0.014110362157225609,0.014110362157225609,stage3_l_opt,l_opt_current_alpha,1.4409724487768703,1.4665512070561708,0.057386396136334505,0.05,False,False,True,True,0.0018079193929831181,True,not_needed,,,,,0,False,12897,12786
17,2,0.0,0.0,uniform,0,uniform,0.5,guarded,stage1,,,0,14,0.02129738409146116,custom,"{""bfgs"": 0.019110278283195413, ""custom"": 0.013322315487171475}",0.014110362157225609,0.014110362157225609,stage3_l_opt,l_opt_current_alpha,1.4409724487768703,1.4665512070561708,0.057386396136334505,0.05,False,False,True,True,0.0018079193929831181,True,not_needed,,,,,0,False,13983,13578
17,2,0.0,0.0,uniform,0,uniform,0.5,guarded,stage1,,,0,15,0.02129738409146116,custom,"{""bfgs"": 0.019110278283195413, ""custom"": 0.013322315487171475}",0.014110362157225609,0.014110362157225609,stage3_l_opt,l_opt_current_alpha,1.4409724487768703,1.4665512070561708,0.057386396136334505,0.05,False,False,True,True,0.0018079193929831181,True,not_needed,,,,,0,False,15069,14370
17,2,0.0,0.0,uniform,0,uniform,0.5,guarded,stage1,,,0,16,0.02129738409146116,custom,"{""bfgs"": 0.019110278283195413, ""custom"": 0.013322315487171475}",0.014110362157225609,0.014110362157225609,stage3_l_opt,l_opt_current_alpha,1.4409724487768703,1.4665512070561708,0.057386396136334505,0.05,False,False,True,True,0.0018079193929831181,True,not_needed,,,,,0,False,16155,15162
17,2,0.0,0.0,uniform,0,uniform,0.5,guarded,stage1,,,0,17,0.02129738409146116,custom,"{""bfgs"": 0.019110278283195413, ""custom"": 0.013322315487171475}",0.014110362157225609,0.014110362157225609,stage3_l_opt,l_opt_current_alpha,1.4409724487768703,1.4665512070561708,0.057386396136334505,0.05,False,False,True,True,0.0018079193929831181,True,not_needed,,,,,0,False,17241,15954
17,2,0.0,0.0,uniform,0,uniform,0.5,guarded,stage1,,,0,18,0.02129738409146116,custom,"{""bfgs"": 0.019110278283195413, ""custom"": 0.013322315487171475}",0.014110362157225609,0.014110362157225609,stage3_l_opt,l_opt_current_alpha,1.4409724487768703,1.4665512070561708,0.057386396136334505,0.05,False,False,True,True,0.0018079193929831181,True,not_needed,,,,,0,False,18327,16746
17,2,0.0,0.0,uniform,0,uniform,0.5,guarded,stage1,,,0,19,0.02129738409146116,custom,"{""bfgs"": 0.019110278283195413, ""custom"": 0.013322315487171475}",0.014110362157225609,0.014110362157225609,stage3_l_opt,l_opt_current_alpha,1.4409724487768703,1.4665512070561708,0.057386396136334505,0.05,False,False,True,True,0.0018079193929831181,True,not_needed,,,,,0,False,19413,17538
17,2,0.0,0.0,stage0,0,uniform,0.5,guarded,stage1,,,0,0,0.02030574571083799,custom,"{""bfgs"": 0.012836617518067585, ""custom"": 0.012383103718501421}",0.01396735447148482,0.01396735447148482,stage3_l_opt,l_opt_current_alpha,1.1070895417104325,1.1337562083770991,0.5535447708552164,0.5,False,True,True,False,,True,not_needed,,,,,0,False,678,816
17,2,0.0,0.0,stage0,0,uniform,0.5,guarded,stage1,,,0,1,0.0014330427807801283,custom,"{""bfgs"": 0.03461197474950381, ""custom"": 0.005136267833158137}",0.013104131445288658,0.013104131445288658,stage3_l_opt,l_opt_current_alpha,0.8923481312136834,0.8951894829565862,0.4461740656068417,0.5,True,True,True,False,-0.0008632230261961613,True,not_needed,,,,,0,False,1422,1632
17,2,0.0,0.0,stage0,0,uniform,0.5,guarded,stage1,,,0,2,0.019117186131925784,custom,"{""bfgs"": 0.020549415467580733, ""custom"": 0.010616375816958977}",0.013713662202159563,0.013713662202159563,stage3_l_opt,l_opt_current_alpha,0.518156846679841,0.5314901800131743,0.22308703280342082,0.25,False,False,True,True,0.000609530756870905,True,not_needed,,,,,0,False,2127,2517
17,2,0.0,0.0,stage0,0,uniform,0.5,guarded,stage1,,,0,3,0.007244366934716512,custom,"{""bfgs"": 0.05047841841171038, ""custom"": 0.0073835397648889314}",0.012789422646164894,0.012789422646164894,stage3_l_opt,l_opt_current_alpha,0.7801299782450934,0.7900827852232795,0.19503249456127322,0.25,True,True,True,False,-0.00031470879912376404,True,not_needed,,,,,0,False,2910,3903
17,2,0.0,0.0,stage0,0,uniform,0.5,guarded,stage1,,,0,4,0.018709322467324024,custom,"{""bfgs"": 0.01249250765541774, ""custom"": 0.008893450359924003}",0.013289652143915495,0.013289652143915495,stage3_l_opt,l_opt_current_alpha,0.8677290715600903,0.894395738226757,0.09751624728063671,0.125,False,False,True,True,0.0005002294977506008,True,not_needed,,,,,0,False,3711,4545
17,2,0.0,0.0,stage0,0,uniform,0.5,guarded,stage1,,,0,5,0.017749682267235098,custom,"{""bfgs"": 0.04146784116885585, ""custom"": 0.008572901393876797}",0.01332055094341437,0.01332055094341437,stage3_l_opt,l_opt_current_alpha,0.45840714429999374,0.47174047763332705,0.04875812364031834,0.0625,False,False,True,True,0.0005311282972494755,True,not_needed,,,,,0,False,4314,5496
17,2,0.0,0.0,stage0,0,uniform,0.5,guarded,stage1,,,0,6,0.004899540967909901,custom,"{""bfgs"": 0.02529114349715306, ""custom"": 0.008199816428570043}",0.013011555497845015,0.013011555497845015,stage3_l_opt,l_opt_current_alpha,0.7337878486560278,0.7437899616352598,0.03900649891225466,0.05,False,False,True,True,0.0002221328516801204,True,not_needed,,,,,0,False,5076,6606
17,2,0.0,0.0,stage0,0,uniform,0.5,guarded,stage1,,,0,7,7.899593109575247e-05,custom,"{""bfgs"": 0.046873658082905244, ""custom"": 0.007955599274183668}",0.01284036971628666,0.01284036971628666,stage3_l_opt,l_opt_current_alpha,0.7412165538442299,0.7511712603022402,0.037060827692211556,0.05,True,True,True,False,5.094707012176514e-05,True,not_needed,,,,,0,False,5805,7371
17,2,0.0,0.0,stage0,0,uniform,0.5,guarded,stage1,,,0,8,0.017362121381503726,custom,"{""bfgs"": 0.04009387167116247, ""custom"": 0.00839744727445824}",0.013277489071091017,0.013277489071091017,stage3_l_opt,l_opt_current_alpha,0.710566745541004,0.7206522891294017,0.037060827692211556,0.05,False,False,True,True,0.00043711935480435747,True,not_needed,,,,,0,False,6885,8316
17,2,0.0,0.0,stage0,0,uniform,0.5,guarded,stage1,,,0,9,0.017362121381503726,custom,"{""bfgs"": 0.04009387167116247, ""custom"": 0.00839744727445824}",0.013277489071091017,0.013277489071091017,stage3_l_opt,l_opt_current_alpha,0.710566745541004,0.7206522891294017,0.037060827692211556,0.05,False,False,True,True,0.00043711935480435747,True,not_needed,,,,,0,False,7965,9261
17,2,0.0,0.0,stage0,0,uniform,0.5,guarded,stage1,,,0,10,0.017362121381503726,custom,"{""bfgs"": 0.04009387167116247, ""custom"": 0.00839744727445824}",0.013277489071091017,0.013277489071091017,stage3_l_opt,l_opt_current_alpha,0.710566745541004,0.7206522891294017,0.037060827692211556,0.05,False,False,True,True,0.00043711935480435747,True,not_needed,,,,,0,False,9045,10206
17,2,0.0,0.0,stage0,0,uniform,0.5,guarded,stage1,,,0,11,0.017362121381503726,custom,"{""bfgs"": 0.04009387167116247, ""custom"": 0.00839744727445824}",0.013277489071091017,0.013277489071091017,stage3_l_opt,l_opt_current_alpha,0.710566745541004,0.7206522891294017,0.037060827692211556,0.05,False,False,True,True,0.00043711935480435747,True,not_needed,,,,,0,False,10125,11151
17,2,0.0,0.0,stage0,0,uniform,0.5,guarded,stage1,,,0,12,0.017362121381503726,custom,"{""bfgs"": 0.04009387167116247, ""custom"": 0.00839744727445824}",0.013277489071091017,0.013277489071091017,stage3_l_opt,l_opt_current_alpha,0.710566745541004,0.7206522891294017,0.037060827692211556,0.05,False,False,True,True,0.00043711935480435747,True,not_needed,,,,,0,False,11205,12096
17,2,0.0,0.0,stage0,0,uniform,0.5,guarded,stage1,,,0,13,0.017362121381503726,custom,"{""bfgs"": 0.04009387167116247, ""custom"": 0.00839744727445824}",0.013277489071091017,0.013277489071091017,stage3_l_opt,l_opt_current_alpha,0.710566745541004,0.7206522891294017,0.037060827692211556,0.05,False,False,True,True,0.00043711935480435747,True,not_needed,,,,,0,False,12285,13041
17,2,0.0,0.0,stage0,0,uniform,0.5,guarded,stage1,,,0,14,0.017362121381503726,custom,"{""bfgs"": 0.04009387167116247, ""custom"": 0.00839744727445824}",0.013277489071091017,0.013277489071091017,stage3_l_opt,l_opt_current_alpha,0.710566745541004,0.7206522891294017,0.037060827692211556,0.05,False,False,True,True,0.00043711935480435747,True,not_needed,,,,,0,False,13365,13986
17,2,0.0,0.0,stage0,0,uniform,0.5,guarded,stage1,,,0,15,0.017362121381503726,custom,"{""bfgs"": 0.04009387167116247, ""custom"": 0.00839744727445824}",0.013277489071091017,0.013277489071091017,stage3_l_opt,l_opt_current_alpha,0.710566745541004,0.7206522891294017,0.037060827692211556,0.05,False,False,True,True,0.00043711935480435747,True,not_needed,,,,,0,False,14445,14931
17,2,0.0,0.0,stage0,0,uniform,0.5,guarded,stage1,,,0,16,0.017362121381503726,custom,"{""bfgs"": 0.04009387167116247, ""custom"": 0.00839744727445824}",0.013277489071091017,0.013277489071091017,stage3_l_opt,l_opt_current_alpha,0.710566745541004,0.7206522891294017,0.037060827692211556,0.05,False,False,True,True,0.00043711935480435747,True,not_needed,,,,,0,False,15525,15876
17,2,0.0,0.0,stage0,0,uniform,0.5,guarded,stage1,,,0,17,0.017362121381503726,custom,"{""bfgs"": 0.04009387167116247, ""custom"": 0.00839744727445824}",0.013277489071091017,0.013277489071091017,stage3_l_opt,l_opt_current_alpha,0.710566745541004,0.7206522891294017,0.037060827692211556,0.05,False,False,True,True,0.00043711935480435747,True,not_needed,,,,,0,False,16605,16821
17,2,0.0,0.0,stage0,0,uniform,0.5,guarded,stage1,,,0,18,0.017362121381503726,custom,"{""bfgs"": 0.04009387167116247, ""custom"": 0.00839744727445824}",0.013277489071091017,0.013277489071091017,stage3_l_opt,l_opt_current_alpha,0.710566745541004,0.7206522891294017,0.037060827692211556,0.05,False,False,True,True,0.00043711935480435747,True,not_needed,,,,,0,False,17685,17766
17,2,0.0,0.0,stage0,0,uniform,0.5,guarded,stage1,,,0,19,0.017362121381503726,custom,"{""bfgs"": 0.04009387167116247, ""custom"": 0.00839744727445824}",0.013277489071091017,0.013277489071091017,stage3_l_opt,l_opt_current_alpha,0.710566745541004,0.7206522891294017,0.037060827692211556,0.05,False,False,True,True,0.00043711935480435747,True,not_needed,,,,,0,False,18765,18711
17,2,0.0,0.0,stage0,0,uniform,0.5,guarded,stage1,,,1,0,0.0026086799333116806,custom,"{""bfgs"": 0.02083576272393813, ""custom"": 0.009501961232100809}",0.007459173910319805,0.007459173910319805,stage3_l_opt,l_opt_current_alpha,1.0703263992237755,1.086580565430269,0.5351631996118876,0.5,False,True,True,False,,True,not_needed,,,,,0,False,174,38
17,2,0.0,0.0,stage0,0,uniform,0.5,guarded,stage1,,,1,1,0.03551460755087907,custom,"{""bfgs"": 0.015692959971121367, ""custom"": 0.006510016654557442}",0.00881269108504057,0.00881269108504057,stage3_l_opt,l_opt_current_alpha,0.7187075015239486,0.7387074698102799,0.26758159980594387,0.25,False,False,True,True,0.0013535171747207642,True,not_needed,,,,,0,False,336,76
17,2,0.0,0.0,stage0,0,uniform,0.5,guarded,stage1,,,1,2,0.035514600208024605,custom,"{""bfgs"": 0.018264361347529748, ""custom"": 0.008868117393875453}",0.008812679909169674,0.008812679909169674,stage3_l_opt,l_opt_current_alpha,0.9862872365726778,1.0062871668027396,0.13379079990297182,0.125,False,False,True,True,0.0013535059988498688,True,not_needed,,,,,0,False,462,114
17,2,0.0,0.0,stage0,0,uniform,0.5,guarded,stage1,,,1,3,0.0026136528552554716,custom,"{""bfgs"": 0.019550062035733944, ""custom"": 0.008507976331801781}",0.007463513873517513,0.007463513873517513,stage3_l_opt,l_opt_current_alpha,0.9370141847352207,0.9532781179909879,0.11712677309190256,0.125,True,True,True,False,4.33996319770813e-06,True,not_needed,,,,,0,False,606,152
17,2,0.0,0.0,stage0,0,uniform,0.5,guarded,stage1,,,1,4,0.03551460020802459,custom,"{""bfgs"": 0.018424499045748038, ""custom"": 0.009014972004002557}",0.008812679909169674,0.008812679909169674,stage3_l_opt,l_opt_current_alpha,1.0029512633837472,1.022951193613809,0.058563386545951224,0.0625,False,False,True,True,0.0013491660356521606,True,not_needed,,,,,0,False,732,190
17,2,0.0,0.0,stage0,0,uniform,0.5,guarded,stage1,,,1,5,0.0026085418333372246,custom,"{""bfgs"": 0.01898728054074099, ""custom"": 0.00806703653351877}",0.0074589988216757774,0.0074589988216757774,stage3_l_opt,l_opt_current_alpha,0.8779529170995487,0.8942066895167501,0.0548720573187218,0.0625,True,True,True,False,-4.51505184173584e-06,True,not_needed,,,,,0,False,928,228
17,2,0.0,0.0,stage0,0,uniform,0.5,guarded,stage1,,,1,6,0.03551460020802457,custom,"{""bfgs"": 0.018459971922293206, ""custom"": 0.009047502479418946}",0.008812679909169674,0.008812679909169674,stage3_l_opt,l_opt_current_alpha,1.006642592610977,1.0266425228410383,0.04389764585497735,0.05,False,False,True,True,0.0013536810874938965,True,not_needed,,,,,0,False,1054,266
17,2,0.0,0.0,stage0,0,uniform,0.5,guarded,stage1,,,1,7,0.0355146075400265,custom,"{""bfgs"": 0.018565433645982763, ""custom"": 0.009144227969386595}",0.00881269108504057,0.00881269108504057,stage3_l_opt,l_opt_current_alpha,1.0176188688319359,1.0376188371182673,0.04389764585497735,0.05,False,False,True,True,0.0013536922633647919,True,not_needed,,,,,0,False,1196,304
17,2,0.0,0.0,stage0,0,uniform,0.5,guarded,stage1,,,1,8,0.0355146075400265,custom,"{""bfgs"": 0.018565433645982763, ""custom"": 0.009144227969386595}",0.00881269108504057,0.00881269108504057,stage3_l_opt,l_opt_current_alpha,1.0176188688319359,1.0376188371182673,0.04389764585497735,0.05,False,False,True,True,0.0013536922633647919,True,not_needed,,,,,0,False,1338,342
17,2,0.0,0.0,stage0,0,uniform,0.5,guarded,stage1,,,1,9,0.0355146075400265,custom,"{""bfgs"": 0.018565433645982763, ""custom"": 0.009144227969386595}",0.00881269108504057,0.00881269108504057,stage3_l_opt,l_opt_current_alpha,1.0176188688319359,1.0376188371182673,0.04389764585497735,0.05,False,False,True,True,0.0013536922633647919,True,not_needed,,,,,0,False,1480,380
17,2,0.0,0.0,stage0,0,uniform,0.5,guarded,stage1,,,1,10,0.0355146075400265,custom,"{""bfgs"": 0.018565433645982763, ""custom"": 0.009144227969386595}",0.00881269108504057,0.00881269108504057,stage3_l_opt,l_opt_current_alpha,1.0176188688319359,1.0376188371182673,0.04389764585497735,0.05,False,False,True,True,0.0013536922633647919,True,not_needed,,,,,0,False,1622,418
17,2,0.0,0.0,stage0,0,uniform,0.5,guarded,stage1,,,1,11,0.0355146075400265,custom,"{""bfgs"": 0.018565433645982763, ""custom"": 0.009144227969386595}",0.00881269108504057,0.00881269108504057,stage3_l_opt,l_opt_current_alpha,1.0176188688319359,1.0376188371182673,0.04389764585497735,0.05,False,False,True,True,0.0013536922633647919,True,not_needed,,,,,0,False,1764,456
17,2,0.0,0.0,stage0,0,uniform,0.5,guarded,stage1,,,1,12,0.0355146075400265,custom,"{""bfgs"": 0.018565433645982763, ""custom"": 0.009144227969386595}",0.00881269108504057,0.00881269108504057,stage3_l_opt,l_opt_current_alpha,1.0176188688319359,1.0376188371182673,0.04389764585497735,0.05,False,False,True,True,0.0013536922633647919,True,not_needed,,,,,0,False,1906,494
17,2,0.0,0.0,stage0,0,uniform,0.5,guarded,stage1,,,1,13,0.0355146075400265,custom,"{""bfgs"": 0.018565433645982763, ""custom"": 0.009144227969386595}",0.00881269108504057,0.00881269108504057,stage3_l_opt,l_opt_current_alpha,1.0176188688319359,1.0376188371182673,0.04389764585497735,0.05,False,False,True,True,0.0013536922633647919,True,not_needed,,,,,0,False,2048,532
17,2,0.0,0.0,stage0,0,uniform,0.5,guarded,stage1,,,1,14,0.0355146075400265,custom,"{""bfgs"": 0.018565433645982763, ""custom"": 0.009144227969386595}",0.00881269108504057,0.00881269108504057,stage3_l_opt,l_opt_current_alpha,1.0176188688319359,1.0376188371182673,0.04389764585497735,0.05,False,False,True,True,0.0013536922633647919,True,not_needed,,,,,0,False,2190,570
17,2,0.0,0.0,stage0,0,uniform,0.5,guarded,stage1,,,1,15,0.0355146075400265,custom,"{""bfgs"": 0.018565433645982763, ""custom"": 0.009144227969386595}",0.00881269108504057,0.00881269108504057,stage3_l_opt,l_opt_current_alpha,1.0176188688319359,1.0376188371182673,0.04389764585497735,0.05,False,False,True,True,0.0013536922633647919,True,not_needed,,,,,0,False,2332,608
17,2,0.0,0.0,stage0,0,uniform,0.5,guarded,stage1,,,1,16,0.0355146075400265,custom,"{""bfgs"": 0.018565433645982763, ""custom"": 0.009144227969386595}",0.00881269108504057,0.00881269108504057,stage3_l_opt,l_opt_current_alpha,1.0176188688319359,1.0376188371182673,0.04389764585497735,0.05,False,False,True,True,0.0013536922633647919,True,not_needed,,,,,0,False,2474,646
17,2,0.0,0.0,stage0,0,uniform,0.5,guarded,stage1,,,1,17,0.0355146075400265,custom,"{""bfgs"": 0.018565433645982763, ""custom"": 0.009144227969386595}",0.00881269108504057,0.00881269108504057,stage3_l_opt,l_opt_current_alpha,1.0176188688319359,1.0376188371182673,0.04389764585497735,0.05,False,False,True,True,0.0013536922633647919,True,not_needed,,,,,0,False,2616,684
17,2,0.0,0.0,stage0,0,uniform,0.5,guarded,stage1,,,1,18,0.0355146075400265,custom,"{""bfgs"": 0.018565433645982763, ""custom"": 0.009144227969386595}",0.00881269108504057,0.00881269108504057,stage3_l_opt,l_opt_current_alpha,1.0176188688319359,1.0376188371182673,0.04389764585497735,0.05,False,False,True,True,0.0013536922633647919,True,not_needed,,,,,0,False,2758,722
17,2,0.0,0.0,stage0,0,uniform,0.5,guarded,stage1,,,1,19,0.0355146075400265,custom,"{""bfgs"": 0.018565433645982763, ""custom"": 0.009144227969386595}",0.00881269108504057,0.00881269108504057,stage3_l_opt,l_opt_current_alpha,1.0176188688319359,1.0376188371182673,0.04389764585497735,0.05,False,False,True,True,0.0013536922633647919,True,not_needed,,,,,0,False,2900,760
18,2,0.0,0.0,uniform,0,uniform,0.5,guarded,stage1,,,0,0,0.012021430458405287,bfgs,"{""bfgs"": 0.002055108547210693, ""custom"": 0.002055108547210693}",0.0020551085472106934,0.0020551085472106934,stage3_l_opt,l_opt_current_alpha,0.9853854188969118,1.005495325405012,0.4926927094484559,0.5,False,True,True,False,,True,recovered_informative,10,0.0025246466199556985,0.002055108547210693,0.0004695380727450056,1,True,216,1050
18,2,0.0,0.0,uniform,0,uniform,0.5,guarded,stage1,,,0,1,0.011434369803148738,custom,"{""bfgs"": 0.004194211218993818, ""custom"": 0.001517693808492148}",0.002528215448061625,0.002528215448061625,stage3_l_opt,l_opt_current_alpha,1.6333333333333333,1.6600000000000001,0.24634635472422794,0.25,False,False,True,True,0.00047310690085093166,True,not_needed,,,,,0,False,333,1749
18,2,0.0,0.0,uniform,0,uniform,0.5,guarded,stage1,,,0,2,0.012021430458405287,bfgs,"{""bfgs"": 0.0018070057207973695, ""custom"": 0.0018070057207973695}",0.0020551085472106934,0.0020551085472106934,stage3_l_opt,l_opt_current_alpha,0.746563692323273,0.7668271626711812,0.18664092308081823,0.25,True,True,True,False,0.0,True,recovered_informative,10,0.0020058576234662727,0.0018070057207973695,0.00019885190266890327,1,True,549,2943
18,2,0.0,0.0,uniform,0,uniform,0.5,guarded,stage1,,,0,3,0.011426793638311046,custom,"{""bfgs"": 0.004144581842227223, ""custom"": 0.0016376825724627288}",0.0025255034367243447,0.0025255034367243447,stage3_l_opt,l_opt_current_alpha,1.5924999999999998,1.6191666666666666,0.09332046154040913,0.125,False,False,True,True,0.0004703948895136514,True,not_needed,,,,,0,False,666,3624
18,2,0.0,0.0,uniform,0,uniform,0.5,guarded,stage1,,,0,4,0.011412459379310682,custom,"{""bfgs"": 0.004071536257825256, ""custom"": 0.0018192305547307954}",0.0025203165908654532,0.0025203165908654532,stage3_l_opt,l_opt_current_alpha,1.53125,1.5579166666666668,0.046660230770204564,0.0625,False,False,True,True,0.00046520804365475987,True,not_needed,,,,,0,False,783,4359
18,2,0.0,0.0,uniform,0,uniform,0.5,guarded,stage1,,,0,5,0.011489843835478256,bfgs,"{""bfgs"": 0.0017200261647976893, ""custom"": 0.0017200261647976893}",0.002375150720278422,0.002375150720278422,stage3_l_opt,l_opt_current_alpha,,,0.0,0.0625,False,False,False,True,0.00032004217306772853,False,audited_uninformative,6,0.0017200261647976893,0.0017200261647976893,0.0,1,False,999,5553
18,2,0.0,0.0,uniform,0,uniform,0.5,guarded,stage1,,,1,0,0.010048886995687633,custom,"{""bfgs"": 0.002827603369951248, ""custom"": 0.0006168950349092484}",0.0006168950349092484,0.0006168950349092484,stage3_l_opt,l_opt_current_alpha,0.9799837235110711,0.9999833913378278,0.4899918617555356,0.5,False,True,True,False,,True,not_needed,,,,,0,False,144,38
18,2,0.0,0.0,uniform,0,uniform,0.5,guarded,stage1,,,1,1,0.010048885945989294,custom,"{""bfgs"": 0.0036962200974486365, ""custom"": 0.00031462703889854703}",0.0006168987601995468,0.0006168987601995468,stage3_l_opt,l_opt_current_alpha,0.48999482107694436,0.5099945492980154,0.24499741053847224,0.5,True,True,True,False,3.725290298461914e-09,True,not_needed,,,,,0,False,284,76
18,2,0.0,0.0,uniform,0,uniform,0.5,guarded,stage1,,,1,2,0.01004888673451277,custom,"{""bfgs"": 0.004130531084216485, ""custom"": 0.00016348380211951338}",0.0006168950349092484,0.0006168950349092484,stage3_l_opt,l_opt_current_alpha,0.2449944512170633,0.2649941190438199,0.12249722560853159,0.5,True,True,True,False,-3.725290298461914e-09,True,not_needed,,,,,0,False,434,114
18,2,0.0,0.0,uniform,0,uniform,0.5,guarded,stage1,,,1,3,0.010048888088283203,custom,"{""bfgs"": 0.004347683954581254, ""custom"": 8.791587185145215e-05}",0.0006168950349092484,0.0006168950349092484,stage3_l_opt,l_opt_current_alpha,0.12249722560853171,0.14249689343528832,0.06124861280426591,0.5,True,True,True,False,0.0,True,not_needed,,,,,0,False,570,152
18,2,0.0,0.0,uniform,0,uniform,0.5,guarded,stage1,,,1,4,0.010048888088283203,custom,"{""bfgs"": 0.00445626038976364, ""custom"": 5.013190671742153e-05}",0.0006168950349092484,0.0006168950349092484,stage3_l_opt,l_opt_current_alpha,0.0612486128042658,0.08124828063102241,0.030624306402132956,0.5,True,True,True,False,0.0,True,not_needed,,,,,0,False,706,190
18,2,0.0,0.0,uniform,0,uniform,0.5,guarded,stage1,,,1,5,0.010048888088283203,custom,"{""bfgs"": 0.004510548607354833, ""custom"": 3.1239924150406215e-05}",0.0006168950349092484,0.0006168950349092484,stage3_l_opt,l_opt_current_alpha,0.030624306402132845,0.05062397422888945,0.015312153201066367,0.5,True,True,True,False,0.0,True,not_needed,,,,,0,False,842,228
18,2,0.0,0.0,uniform,0,uniform,0.5,guarded,stage1,,,1,6,0.010048888088283203,custom,"{""bfgs"": 0.004537692716150428, ""custom"": 2.1793932866898562e-05}",0.0006168950349092484,0.0006168950349092484,stage3_l_opt,l_opt_current_alpha,0.015312153201066476,0.035311821027823084,0.0076560766005332945,0.5,True,True,True,False,0.0,True,not_needed,,,,,0,False,978,266
18,2,0.0,0.0,uniform,0,uniform,0.5,guarded,stage1,,,1,7,0.010048888088283203,custom,"{""bfgs"": 0.004551264770548227, ""custom"": 1.7070937225144736e-05}",0.0006168950349092484,0.0006168950349092484,stage3_l_opt,l_opt_current_alpha,0.007656076600533182,0.02765574442728979,0.0038280383002666455,0.5,True,True,True,False,0.0,True,not_needed,,,,,0,False,1114,304
18,2,0.0,0.0,uniform,0,uniform,0.5,guarded,stage1,,,1,8,0.010048888088283203,custom,"{""bfgs"": 0.004558050797747125, ""custom"": 1.4709439404267823e-05}",0.0006168950349092484,0.0006168950349092484,stage3_l_opt,l_opt_current_alpha,0.003828038300266536,0.023827706127023146,0.001914019150133268,0.5,True,True,True,False,0.0,True,not_needed,,,,,0,False,1250,342
18,2,0.0,0.0,uniform,0,uniform,0.5,guarded,stage1,,,1,9,0.010048888088283203,custom,"{""bfgs"": 0.004561443811346575, ""custom"": 1.3528690493829367e-05}",0.0006168950349092484,0.0006168950349092484,stage3_l_opt,l_opt_current_alpha,0.001914019150133268,0.021913686976889876,0.0009570095750666349,0.5,True,True,True,False,0.0,True,not_needed,,,,,0,False,1386,380
18,2,0.0,0.0,uniform,0,uniform,0.5,guarded,stage1,,,1,10,0.010048888088283203,custom,"{""bfgs"": 0.0045631403181462995, ""custom"": 1.2938316038610137e-05}",0.0006168950349092484,0.0006168950349092484,stage3_l_opt,l_opt_current_alpha,0.0009570095750666332,0.02095667740182324,0.0,0.5,True,True,False,False,0.0,True,not_needed,,,,,0,False,1522,418
18,2,0.0,0.0,stage0,0,uniform,0.5,guarded,stage1,,,0,0,0.01119963182280523,custom,"{""bfgs"": 0.00402892458199265, ""custom"": 0.0022807903706351298}",0.0024368539452552795,0.0024368539452552795,stage3_l_opt,l_opt_current_alpha,1.4020317630776038,1.4286984297442702,0.7010158815388018,0.5,False,True,True,False,,True,not_needed,,,,,0,False,195,708
18,2,0.0,0.0,stage0,0,uniform,0.5,guarded,stage1,,,0,1,0.017049881016744466,custom,"{""bfgs"": 0.0028881144039770083, ""custom"": 0.002394382853314013}",0.0043275368710358935,0.0043275368710358935,stage3_l_opt,l_opt_current_alpha,1.7119104304703554,1.7385770971370222,0.35050794076940084,0.25,False,False,True,True,0.001890682925780614,True,not_needed,,,,,0,False,375,1374
18,2,0.0,0.0,stage0,0,uniform,0.5,guarded,stage1,,,0,2,0.014522233546409883,bfgs,"{""bfgs"": 0.0004802372132568147, ""custom"": 0.0004802372132568147}",0.0007305406033992767,0.0007305406033992767,stage3_l_opt,l_opt_current_alpha,0.712295488230956,0.7210933761736515,0.17807387205773903,0.25,True,True,True,False,-0.0017063133418560028,True,recovered_informative,8,0.003234092581705155,0.0004802372132568147,0.0027538553684483403,1,True,714,2700
18,2,0.0,0.0,stage0,0,uniform,0.5,guarded,stage1,,,0,3,0.011957242664070665,custom,"{""bfgs"": 0.0016159919209686908, ""custom"": 0.0016147216095415663}",0.0020433353881041207,0.0020433353881041207,stage3_l_opt,l_opt_current_alpha,1.0014677489553978,1.0198012722609953,0.08903693602886945,0.125,False,False,True,True,0.001312794784704844,True,recovered_informative,10,0.0031243372424842367,0.0016159919209686908,0.0015083453215155459,1,True,1014,4062
18,2,0.0,0.0,stage0,0,uniform,0.5,guarded,stage1,,,0,4,0.014525829197120354,bfgs,"{""bfgs"": 0.0005621158504863467, ""custom"": 0.0005622796116995788}",0.0007311441004276276,0.0007311441004276276,stage3_l_opt,l_opt_current_alpha,0.6233010794439127,0.6320998352895026,0.07791263493048906,0.125,True,True,True,False,6.034970283508301e-07,True,recovered_informative,8,0.0031794471618386733,0.0005622796116995788,0.0026171675501390945,1,True,1392,5472
18,2,0.0,0.0,stage0,0,uniform,0.5,guarded,stage1,,,0,5,0.011958382435206876,custom,"{""bfgs"": 0.0016480787482512273, ""custom"": 0.001646022901490627}",0.0020428821444511414,0.0020428821444511414,stage3_l_opt,l_opt_current_alpha,1.0096510849262463,1.0279245885353634,0.03895631746524453,0.0625,False,False,True,True,0.0013117380440235138,True,recovered_informative,10,0.003131206984430773,0.0016480787482512273,0.0014831282361795458,1,True,1692,6834
18,2,0.0,0.0,stage0,0,uniform,0.5,guarded,stage1,,,0,6,0.011962266334564254,custom,"{""bfgs"": 0.0017603822679132623, ""custom"": 0.001755856634920179}",0.0020413771271705627,0.0020413771271705627,stage3_l_opt,l_opt_current_alpha,1.0388009213935616,1.0568742927374148,0.031165053972195655,0.05,False,False,True,True,0.0013102330267429352,True,recovered_informative,10,0.0031552877841918713,0.0017603822679132623,0.001394905516278609,1,True,1992,8304
18,2,0.0,0.0,stage0,0,uniform,0.5,guarded,stage1,,,0,7,0.014524996167182036,bfgs,"{""bfgs"": 0.0005907966805807493, ""custom"": 0.0005910155931887751}",0.0007309106489022573,0.0007309106489022573,stage3_l_opt,l_opt_current_alpha,0.5921195704973357,0.600917990527122,0.029605978524866794,0.05,True,True,True,False,-2.334515253702438e-07,True,recovered_informative,8,0.0031600721413073,0.0005910155931887751,0.0025690565481185246,1,True,2958,9714
18,2,0.0,0.0,stage0,0,uniform,0.5,guarded,stage1,,,0,8,0.011960111464515998,custom,"{""bfgs"": 0.0016974922823607356, ""custom"": 0.0016943184321597047}",0.002042227735122045,0.002042227735122045,stage3_l_opt,l_opt_current_alpha,1.0224010066350862,1.0405848841069667,0.029605978524866794,0.05,False,False,True,True,0.0013113170862197876,True,recovered_informative,10,0.003141766775775104,0.0016974922823607356,0.0014442744934143686,1,True,3258,11040
18,2,0.0,0.0,stage0,0,uniform,0.5,guarded,stage1,,,0,9,0.011960111464515998,custom,"{""bfgs"": 0.0016974922823607356, ""custom"": 0.0016943184321597047}",0.002042227735122045,0.002042227735122045,stage3_l_opt,l_opt_current_alpha,1.0224010066350862,1.0405848841069667,0.029605978524866794,0.05,False,False,True,True,0.0013113170862197876,True,recovered_informative,10,0.003141766775775104,0.0016974922823607356,0.0014442744934143686,1,True,3558,12366
18,2,0.0,0.0,stage0,0,uniform,0.5,guarded,stage1,,,0,10,0.011960111464515998,custom,"{""bfgs"": 0.0016974922823607356, ""custom"": 0.0016943184321597047}",0.002042227735122045,0.002042227735122045,stage3_l_opt,l_opt_current_alpha,1.0224010066350862,1.0405848841069667,0.029605978524866794,0.05,False,False,True,True,0.0013113170862197876,True,recovered_informative,10,0.003141766775775104,0.0016974922823607356,0.0014442744934143686,1,True,3858,13692
18,2,0.0,0.0,stage0,0,uniform,0.5,guarded,stage1,,,0,11,0.011960111464515998,custom,"{""bfgs"": 0.0016974922823607356, ""custom"": 0.0016943184321597047}",0.002042227735122045,0.002042227735122045,stage3_l_opt,l_opt_current_alpha,1.0224010066350862,1.0405848841069667,0.029605978524866794,0.05,False,False,True,True,0.0013113170862197876,True,recovered_informative,10,0.003141766775775104,0.0016974922823607356,0.0014442744934143686,1,True,4158,15018
18,2,0.0,0.0,stage0,0,uniform,0.5,guarded,stage1,,,0,12,0.011960111464515998,custom,"{""bfgs"": 0.0016974922823607356, ""custom"": 0.0016943184321597047}",0.002042227735122045,0.002042227735122045,stage3_l_opt,l_opt_current_alpha,1.0224010066350862,1.0405848841069667,0.029605978524866794,0.05,False,False,True,True,0.0013113170862197876,True,recovered_informative,10,0.003141766775775104,0.0016974922823607356,0.0014442744934143686,1,True,4458,16344
18,2,0.0,0.0,stage0,0,uniform,0.5,guarded,stage1,,,0,13,0.011960111464515998,custom,"{""bfgs"": 0.0016974922823607356, ""custom"": 0.0016943184321597047}",0.002042227735122045,0.002042227735122045,stage3_l_opt,l_opt_current_alpha,1.0224010066350862,1.0405848841069667,0.029605978524866794,0.05,False,False,True,True,0.0013113170862197876,True,recovered_informative,10,0.003141766775775104,0.0016974922823607356,0.0014442744934143686,1,True,4758,17670
18,2,0.0,0.0,stage0,0,uniform,0.5,guarded,stage1,,,0,14,0.011960111464515998,custom,"{""bfgs"": 0.0016974922823607356, ""custom"": 0.0016943184321597047}",0.002042227735122045,0.002042227735122045,stage3_l_opt,l_opt_current_alpha,1.0224010066350862,1.0405848841069667,0.029605978524866794,0.05,False,False,True,True,0.0013113170862197876,True,recovered_informative,10,0.003141766775775104,0.0016974922823607356,0.0014442744934143686,1,True,5058,18996
18,2,0.0,0.0,stage0,0,uniform,0.5,guarded,stage1,,,0,15,0.011960111464515998,custom,"{""bfgs"": 0.0016974922823607356, ""custom"": 0.0016943184321597047}",0.002042227735122045,0.002042227735122045,stage3_l_opt,l_opt_current_alpha,1.0224010066350862,1.0405848841069667,0.029605978524866794,0.05,False,False,True,True,0.0013113170862197876,True,recovered_informative,10,0.003141766775775104,0.0016974922823607356,0.0014442744934143686,1,True,5358,20322
18,2,0.0,0.0,stage0,0,uniform,0.5,guarded,stage1,,,0,16,0.011960111464515998,custom,"{""bfgs"": 0.0016974922823607356, ""custom"": 0.0016943184321597047}",0.002042227735122045,0.002042227735122045,stage3_l_opt,l_opt_current_alpha,1.0224010066350862,1.0405848841069667,0.029605978524866794,0.05,False,False,True,True,0.0013113170862197876,True,recovered_informative,10,0.003141766775775104,0.0016974922823607356,0.0014442744934143686,1,True,5658,21648
18,2,0.0,0.0,stage0,0,uniform,0.5,guarded,stage1,,,0,17,0.011960111464515998,custom,"{""bfgs"": 0.0016974922823607356, ""custom"": 0.0016943184321597047}",0.002042227735122045,0.002042227735122045,stage3_l_opt,l_opt_current_alpha,1.0224010066350862,1.0405848841069667,0.029605978524866794,0.05,False,False,True,True,0.0013113170862197876,True,recovered_informative,10,0.003141766775775104,0.0016974922823607356,0.0014442744934143686,1,True,5958,22974
18,2,0.0,0.0,stage0,0,uniform,0.5,guarded,stage1,,,0,18,0.011960111464515998,custom,"{""bfgs"": 0.0016974922823607356, ""custom"": 0.0016943184321597047}",0.002042227735122045,0.002042227735122045,stage3_l_opt,l_opt_current_alpha,1.0224010066350862,1.0405848841069667,0.029605978524866794,0.05,False,False,True,True,0.0013113170862197876,True,recovered_informative,10,0.003141766775775104,0.0016974922823607356,0.0014442744934143686,1,True,6258,24300
18,2,0.0,0.0,stage0,0,uniform,0.5,guarded,stage1,,,0,19,0.011960111464515998,custom,"{""bfgs"": 0.0016974922823607356, ""custom"": 0.0016943184321597047}",0.002042227735122045,0.002042227735122045,stage3_l_opt,l_opt_current_alpha,1.0224010066350862,1.0405848841069667,0.029605978524866794,0.05,False,False,True,True,0.0013113170862197876,True,recovered_informative,10,0.003141766775775104,0.0016974922823607356,0.0014442744934143686,1,True,6558,25626
19,2,0.0,0.0,uniform,0,uniform,0.5,guarded,stage1,,,0,0,0.02030142701241855,bfgs,"{""bfgs"": 0.011026526490847267, ""custom"": 0.011140468219916025}",0.011026526490847269,0.011026526490847269,stage3_l_opt,l_opt_current_alpha,0.3161089870016342,0.32256019081799414,0.15805449350081713,0.5,False,True,True,False,,True,not_needed,,,,,0,False,300,609
19,2,0.0,0.0,uniform,0,uniform,0.5,guarded,stage1,,,0,1,0.022742773287349305,custom,"{""bfgs"": 0.01400567261528922, ""custom"": 0.011464626974006142}",0.011149375389019648,0.011149375389019648,stage3_l_opt,l_opt_current_alpha,0.2471746999601972,0.2554446835002179,0.07902724675040856,0.25,False,False,True,True,0.00012284889817237854,True,not_needed,,,,,0,False,627,1248
19,2,0.0,0.0,uniform,0,uniform,0.5,guarded,stage1,,,0,2,0.022517399639644498,custom,"{""bfgs"": 0.012881476057506693, ""custom"": 0.011219430988182282}",0.01111942653854688,0.01111942653854688,stage3_l_opt,l_opt_current_alpha,0.3001157323658097,0.30785334418450805,0.07502893309145237,0.25,True,True,True,False,9.290004769961155e-05,True,not_needed,,,,,0,False,942,1857
19,2,0.0,0.0,uniform,0,uniform,0.5,guarded,stage1,,,0,3,0.018881715281486355,bfgs,"{""bfgs"": 0.01104724833996477, ""custom"": 0.011462510907350676}",0.01162784919142723,0.01162784919142723,stage3_l_opt,l_opt_current_alpha,0.5160389251783554,0.5284518647529413,0.03751446654572621,0.125,False,False,True,True,0.0005084226528803502,True,not_needed,,,,,0,False,1248,2466
19,2,0.0,0.0,uniform,0,uniform,0.5,guarded,stage1,,,0,4,0.020626603976590052,bfgs,"{""bfgs"": 0.010510386955988604, ""custom"": 0.011629683850294168}",0.01096365600824356,0.01096365600824356,stage3_l_opt,l_opt_current_alpha,0.16759787957740385,0.17339664677890454,0.02094973494717539,0.125,True,True,True,False,-0.00015577053030331987,True,not_needed,,,,,0,False,1545,3075
19,2,0.0,0.0,uniform,0,uniform,0.5,guarded,stage1,,,0,5,0.02322805299616948,custom,"{""bfgs"": 0.012858207387290153, ""custom"": 0.011687037765256215}",0.011211624989906946,0.011211624989906946,stage3_l_opt,l_opt_current_alpha,0.3351964336611525,0.34484312512859056,0.010474867473587723,0.0625,False,False,True,True,0.00024796898166338545,True,not_needed,,,,,0,False,1899,3684
19,2,0.0,0.0,uniform,0,uniform,0.5,guarded,stage1,,,0,6,0.023258884650042277,custom,"{""bfgs"": 0.012792170858768048, ""custom"": 0.011666186290458671}",0.011216911176840464,0.011216911176840464,stage3_l_opt,l_opt_current_alpha,0.3524539275932571,0.36223904000882823,0.008379893978870179,0.05,False,False,True,True,0.0002532551685969029,True,not_needed,,,,,0,False,2169,4293
19,2,0.0,0.0,uniform,0,uniform,0.5,guarded,stage1,,,0,7,0.023252667281329187,custom,"{""bfgs"": 0.013122207288989378, ""custom"": 0.01165547860931542}",0.011214487254619598,0.011214487254619598,stage3_l_opt,l_opt_current_alpha,0.35141479734190956,0.3611359484565405,0.008379893978870179,0.05,False,False,True,True,0.0002508312463760376,True,not_needed,,,,,0,False,2427,4902
19,2,0.0,0.0,uniform,0,uniform,0.5,guarded,stage1,,,0,8,0.023252667281329187,custom,"{""bfgs"": 0.013122207288989378, ""custom"": 0.01165547860931542}",0.011214487254619598,0.011214487254619598,stage3_l_opt,l_opt_current_alpha,0.35141479734190956,0.3611359484565405,0.008379893978870179,0.05,False,False,True,True,0.0002508312463760376,True,not_needed,,,,,0,False,2685,5511
19,2,0.0,0.0,uniform,0,uniform,0.5,guarded,stage1,,,0,9,0.023252667281329187,custom,"{""bfgs"": 0.013122207288989378, ""custom"": 0.01165547860931542}",0.011214487254619598,0.011214487254619598,stage3_l_opt,l_opt_current_alpha,0.35141479734190956,0.3611359484565405,0.008379893978870179,0.05,False,False,True,True,0.0002508312463760376,True,not_needed,,,,,0,False,2943,6120
19,2,0.0,0.0,uniform,0,uniform,0.5,guarded,stage1,,,0,10,0.023252667281329187,custom,"{""bfgs"": 0.013122207288989378, ""custom"": 0.01165547860931542}",0.011214487254619598,0.011214487254619598,stage3_l_opt,l_opt_current_alpha,0.35141479734190956,0.3611359484565405,0.008379893978870179,0.05,False,False,True,True,0.0002508312463760376,True,not_needed,,,,,0,False,3201,6729
19,2,0.0,0.0,uniform,0,uniform,0.5,guarded,stage1,,,0,11,0.023252667281329187,custom,"{""bfgs"": 0.013122207288989378, ""custom"": 0.01165547860931542}",0.011214487254619598,0.011214487254619598,stage3_l_opt,l_opt_current_alpha,0.35141479734190956,0.3611359484565405,0.008379893978870179,0.05,False,False,True,True,0.0002508312463760376,True,not_needed,,,,,0,False,3459,7338
19,2,0.0,0.0,uniform,0,uniform,0.5,guarded,stage1,,,0,12,0.023252667281329187,custom,"{""bfgs"": 0.013122207288989378, ""custom"": 0.01165547860931542}",0.011214487254619598,0.011214487254619598,stage3_l_opt,l_opt_current_alpha,0.35141479734190956,0.3611359484565405,0.008379893978870179,0.05,False,False,True,True,0.0002508312463760376,True,not_needed,,,,,0,False,3717,7947
19,2,0.0,0.0,uniform,0,uniform,0.5,guarded,stage1,,,0,13,0.023252667281329187,custom,"{""bfgs"": 0.013122207288989378, ""custom"": 0.01165547860931542}",0.011214487254619598,0.011214487254619598,stage3_l_opt,l_opt_current_alpha,0.35141479734190956,0.3611359484565405,0.008379893978870179,0.05,False,False,True,True,0.0002508312463760376,True,not_needed,,,,,0,False,3975,8556
19,2,0.0,0.0,uniform,0,uniform,0.5,guarded,stage1,,,0,14,0.023252667281329187,custom,"{""bfgs"": 0.013122207288989378, ""custom"": 0.01165547860931542}",0.011214487254619598,0.011214487254619598,stage3_l_opt,l_opt_current_alpha,0.35141479734190956,0.3611359484565405,0.008379893978870179,0.05,False,False,True,True,0.0002508312463760376,True,not_needed,,,,,0,False,4233,9165
19,2,0.0,0.0,uniform,0,uniform,0.5,guarded,stage1,,,0,15,0.023252667281329187,custom,"{""bfgs"": 0.013122207288989378, ""custom"": 0.01165547860931542}",0.011214487254619598,0.011214487254619598,stage3_l_opt,l_opt_current_alpha,0.35141479734190956,0.3611359484565405,0.008379893978870179,0.05,False,False,True,True,0.0002508312463760376,True,not_needed,,,,,0,False,4491,9774
19,2,0.0,0.0,uniform,0,uniform,0.5,guarded,stage1,,,0,16,0.023252667281329187,custom,"{""bfgs"": 0.013122207288989378, ""custom"": 0.01165547860931542}",0.011214487254619598,0.011214487254619598,stage3_l_opt,l_opt_current_alpha,0.35141479734190956,0.3611359484565405,0.008379893978870179,0.05,False,False,True,True,0.0002508312463760376,True,not_needed,,,,,0,False,4749,10383
19,2,0.0,0.0,uniform,0,uniform,0.5,guarded,stage1,,,0,17,0.023252667281329187,custom,"{""bfgs"": 0.013122207288989378, ""custom"": 0.01165547860931542}",0.011214487254619598,0.011214487254619598,stage3_l_opt,l_opt_current_alpha,0.35141479734190956,0.3611359484565405,0.008379893978870179,0.05,False,False,True,True,0.0002508312463760376,True,not_needed,,,,,0,False,5007,10992
19,2,0.0,0.0,uniform,0,uniform,0.5,guarded,stage1,,,0,18,0.023252667281329187,custom,"{""bfgs"": 0.013122207288989378, ""custom"": 0.01165547860931542}",0.011214487254619598,0.011214487254619598,stage3_l_opt,l_opt_current_alpha,0.35141479734190956,0.3611359484565405,0.008379893978870179,0.05,False,False,True,True,0.0002508312463760376,True,not_needed,,,,,0,False,5265,11601
19,2,0.0,0.0,uniform,0,uniform,0.5,guarded,stage1,,,0,19,0.023252667281329187,custom,"{""bfgs"": 0.013122207288989378, ""custom"": 0.01165547860931542}",0.011214487254619598,0.011214487254619598,stage3_l_opt,l_opt_current_alpha,0.35141479734190956,0.3611359484565405,0.008379893978870179,0.05,False,False,True,True,0.0002508312463760376,True,not_needed,,,,,0,False,5523,12210
19,2,0.0,0.0,stage0,0,uniform,0.5,guarded,stage1,,,0,0,0.024148403645043837,bfgs,"{""bfgs"": 0.008584342100845679, ""custom"": 0.008584369471432466}",0.011314918597539267,0.011314918597539267,stage3_l_opt,l_opt_current_alpha,0.6912464991144439,0.7045780533748889,0.3456232495572219,0.5,False,True,True,False,,True,recovered_informative,8,0.009016863175019655,0.008584369471432466,0.0004324937035871893,1,True,684,1872
19,2,0.0,0.0,stage0,0,uniform,0.5,guarded,stage1,,,0,1,0.02261904648828178,custom,"{""bfgs"": 0.01372833267026251, ""custom"": 0.010629987433487366}",0.011132770528395971,0.011132770528395971,stage3_l_opt,l_opt_current_alpha,0.10900213569516001,0.1121920493126975,0.05450106784758002,0.5,True,True,True,False,-0.0001821480691432953,True,not_needed,,,,,0,False,1167,2628
19,2,0.0,0.0,stage0,0,uniform,0.5,guarded,stage1,,,0,2,0.02225379179005782,custom,"{""bfgs"": 0.01402710528332529, ""custom"": 0.01074641721034285}",0.011082852880160013,0.011082852880160013,stage3_l_opt,l_opt_current_alpha,0.03937360294017725,0.04225479278409425,0.019686801470088666,0.5,True,True,True,False,-4.9917648235957984e-05,True,not_needed,,,,,0,False,1884,3282
19,2,0.0,0.0,stage0,0,uniform,0.5,guarded,stage1,,,0,3,0.022150351789177902,custom,"{""bfgs"": 0.014173319457680638, ""custom"": 0.010843503383259782}",0.01106670747200648,0.01106670747200648,stage3_l_opt,l_opt_current_alpha,0.024918372349941043,0.0207581797695692,0.012459186174970521,0.5,True,True,True,False,-1.6145408153533936e-05,True,not_needed,,,,,0,False,2607,3936
19,2,0.0,0.0,stage0,0,uniform,0.5,guarded,stage1,,,0,4,0.02221658798393894,custom,"{""bfgs"": 0.01424510180127179, ""custom"": 0.011044393824824594}",0.011077212790648142,0.011077212790648142,stage3_l_opt,l_opt_current_alpha,0.010473892500987236,0.013323099364207974,0.005236946250493618,0.5,True,True,True,False,1.0505318641662598e-05,True,not_needed,,,,,0,False,3474,4590
19,2,0.0,0.0,stage0,0,uniform,0.5,guarded,stage1,,,0,5,0.02221710444096009,custom,"{""bfgs"": 0.014281849103033668, ""custom"": 0.011104847178283304}",0.011076504985491434,0.011076504985491434,stage3_l_opt,l_opt_current_alpha,0.0050427278987242585,0.007887971122112925,0.002521363949362143,0.5,True,True,True,False,-7.078051567077637e-07,True,not_needed,,,,,0,False,4044,5244
19,2,0.0,0.0,stage0,0,uniform,0.5,guarded,stage1,,,0,6,0.022206858906429094,custom,"{""bfgs"": 0.014300163960648586, ""custom"": 0.011118588881420881}",0.011075486739476522,0.011075486739476522,stage3_l_opt,l_opt_current_alpha,0.002625690661350988,0.006683915544340835,0.0013128453306755217,0.5,True,True,True,False,-1.0182460149117667e-06,True,not_needed,,,,,0,False,4746,5889
19,2,0.0,0.0,stage0,0,uniform,0.5,guarded,stage1,,,0,7,0.022191252640824777,custom,"{""bfgs"": 0.014309233169971349, ""custom"": 0.01111297491927854}",0.011072600881258646,0.011072600881258646,stage3_l_opt,l_opt_current_alpha,0.0024799872932014244,0.004887469560822699,0.0012399936466006567,0.5,True,True,True,False,-2.8858582178763192e-06,True,not_needed,,,,,0,False,5163,6534
19,2,0.0,0.0,stage0,0,uniform,0.5,guarded,stage1,,,0,8,0.022207326781607195,custom,"{""bfgs"": 0.014313539539219038, ""custom"": 0.011140054949440719}",0.01107573633392652,0.01107573633392652,stage3_l_opt,l_opt_current_alpha,0.0010480380471940554,0.008122703640542794,0.0005240190235970832,0.5,True,True,True,False,3.1354526678732675e-06,True,not_needed,,,,,0,False,5769,7179
19,2,0.0,0.0,stage0,0,uniform,0.5,guarded,stage1,,,0,9,0.01946512321203464,custom,"{""bfgs"": 0.014315946005031393, ""custom"": 0.009224526732424205}",0.011385643233855566,0.011385643233855566,stage3_l_opt,l_opt_current_alpha,0.3071987382828443,0.3205320716161775,0.0002620095117984722,0.25,False,False,True,True,0.00030990689992904663,True,not_needed,,,,,0,False,6414,7824
19,2,0.0,0.0,stage0,0,uniform,0.5,guarded,stage1,,,0,10,0.022200656758646298,custom,"{""bfgs"": 0.01431473394730336, ""custom"": 0.01112916032720617}",0.011076251665751139,0.011076251665751139,stage3_l_opt,l_opt_current_alpha,0.0011369636247362813,0.00821879115868382,0.0002842409061840079,0.25,True,True,True,False,5.153318246194083e-07,True,not_needed,,,,,0,False,7251,8469
19,2,0.0,0.0,stage0,0,uniform,0.5,guarded,stage1,,,0,11,0.0221983856629846,custom,"{""bfgs"": 0.014315666529308187, ""custom"": 0.011132553941582421}",0.01107379918297132,0.01107379918297132,stage3_l_opt,l_opt_current_alpha,0.0008220238312180439,0.0062368076145618845,0.0,0.25,True,True,False,False,-2.4524827798196036e-06,True,not_needed,,,,,0,False,8226,9114
20,2,0.0,0.0,uniform,0,uniform,0.5,guarded,stage1,,,0,0,0.012060551566270283,bfgs,"{""bfgs"": 0.005774158984422683, ""custom"": 0.005774158984422683}",0.005774158984422684,0.005774158984422684,stage3_l_opt,l_opt_current_alpha,1.3066666666666666,1.3333333333333333,0.6533333333333333,0.5,False,True,True,False,,True,recovered_informative,11,0.011514744410912195,0.005774158984422683,0.005740585426489512,1,True,234,3018
20,2,0.0,0.0,uniform,0,uniform,0.5,guarded,stage1,,,0,1,0.012060777595585714,bfgs,"{""bfgs"": 0.0029448184743523596, ""custom"": 0.0029448184743523596}",0.0057740894456704455,0.0057740894456704455,stage3_l_opt,l_opt_current_alpha,0.6533303059462927,0.6799969108295503,0.32666515297314636,0.5,True,True,True,False,-6.953875223824485e-08,True,recovered_informative,10,0.009072597809135913,0.0029448184743523596,0.006127779334783553,1,True,1119,5502
20,2,0.0,0.0,uniform,0,uniform,0.5,guarded,stage1,,,0,2,0.012060732483084813,bfgs,"{""bfgs"": 0.0015301570243965485, ""custom"": 0.0015301570243965485}",0.0057740795115629835,0.0057740795115629835,stage3_l_opt,l_opt_current_alpha,0.3266626301634715,0.3533291835608176,0.16333131508173587,0.5,True,True,True,False,-9.934107461986863e-09,True,recovered_informative,11,0.004746138129669892,0.0015301570243965485,0.003215981105273343,1,True,2052,8328
20,2,0.0,0.0,uniform,0,uniform,0.5,guarded,stage1,,,0,3,0.012060738056514808,bfgs,"{""bfgs"": 0.0008228368320187267, ""custom"": 0.0008228368320187267}",0.0057740795115629835,0.0057740795115629835,stage3_l_opt,l_opt_current_alpha,0.16333131508173565,0.1899978684790818,0.08166565754086788,0.5,True,True,True,False,0.0,True,recovered_informative,11,0.002572113059867406,0.0008228368320187267,0.0017492762278486795,1,True,2862,11172
20,2,0.0,0.0,uniform,0,uniform,0.5,guarded,stage1,,,0,4,0.012060738056514586,bfgs,"{""bfgs"": 0.00046917673582981567, ""custom"": 0.00046917673582981567}",0.0057740795115629835,0.0057740795115629835,stage3_l_opt,l_opt_current_alpha,0.0816656575408678,0.1083322109382139,0.04083282877043389,0.5,True,True,True,False,0.0,True,recovered_informative,11,0.00146751819879126,0.00046917673582981567,0.0009983414629614444,1,True,3348,15138
20,2,0.0,0.0,uniform,0,uniform,0.5,guarded,stage1,,,0,5,0.012060738056514586,bfgs,"{""bfgs"": 0.0002923466877353601, ""custom"": 0.0002923466877353601}",0.0057740795115629835,0.0057740795115629835,stage3_l_opt,l_opt_current_alpha,0.0408328287704339,0.06749938216777998,0.020416414385217,0.5,True,True,True,False,0.0,True,recovered_informative,11,0.0009358485346951375,0.0002923466877353601,0.0006435018469597774,1,True,4161,18618
20,2,0.0,0.0,uniform,0,uniform,0.5,guarded,stage1,,,0,6,0.012060738056514808,bfgs,"{""bfgs"": 0.00020393166368813233, ""custom"": 0.00020393166368813233}",0.0057740795115629835,0.0057740795115629835,stage3_l_opt,l_opt_current_alpha,0.020416414385216894,0.04708296778256299,0.010208207192608447,0.5,True,True,True,False,0.0,True,recovered_informative,11,0.0006399775551133877,0.00020393166368813233,0.00043604589142525537,1,True,5007,21582
20,2,0.0,0.0,uniform,0,uniform,0.5,guarded,stage1,,,0,7,0.012060738056514808,bfgs,"{""bfgs"": 0.00015972415166451846, ""custom"": 0.00015972415166451846}",0.0057740795115629835,0.0057740795115629835,stage3_l_opt,l_opt_current_alpha,0.010208207192608447,0.03687476058995454,0.005104103596304331,0.5,True,True,True,False,0.0,True,recovered_informative,11,0.0005074625469227705,0.00015972415166451846,0.000347738395258252,1,True,5406,24576
20,2,0.0,0.0,uniform,0,uniform,0.5,guarded,stage1,,,0,8,0.012060738056514586,bfgs,"{""bfgs"": 0.00013762039565271152, ""custom"": 0.00013762039565271152}",0.0057740795115629835,0.0057740795115629835,stage3_l_opt,l_opt_current_alpha,0.005104103596304117,0.03177065699365021,0.0025520517981521135,0.5,True,True,True,False,0.0,True,recovered_informative,11,0.00044552974854993906,0.00013762039565271152,0.00030790935289722754,1,True,5760,27630
20,2,0.0,0.0,uniform,0,uniform,0.5,guarded,stage1,,,0,9,0.012060738056514808,bfgs,"{""bfgs"": 0.00012656851764680804, ""custom"": 0.00012656851764680804}",0.0057740795115629835,0.0057740795115629835,stage3_l_opt,l_opt_current_alpha,0.0025520517981520033,0.029218605195498095,0.0012760258990760567,0.5,True,True,True,False,0.0,True,recovered_informative,11,0.0004063359481056702,0.00012656851764680804,0.0002797674304588622,1,True,6774,31122
20,2,0.0,0.0,uniform,0,uniform,0.5,guarded,stage1,,,0,10,0.012060738056514586,bfgs,"{""bfgs"": 0.0001210425786438563, ""custom"": 0.0001210425786438563}",0.0057740795115629835,0.0057740795115629835,stage3_l_opt,l_opt_current_alpha,0.0012760258990759466,0.027942579296422042,0.0006380129495380275,0.5,True,True,True,False,0.0,True,recovered_informative,11,0.0003782355702765568,0.0001210425786438563,0.0002571929916327005,1,True,7341,34554
20,2,0.0,0.0,uniform,0,uniform,0.5,guarded,stage1,,,0,11,0.012060738056514808,bfgs,"{""bfgs"": 0.00011827960914238044, ""custom"": 0.00011827960914238044}",0.0057740795115629835,0.0057740795115629835,stage3_l_opt,l_opt_current_alpha,0.0006380129495379191,0.027304566346884013,0.0,0.5,True,True,False,False,0.0,True,recovered_informative,11,0.00037590188560058407,0.00011827960914238044,0.00025762227645820365,1,True,7821,37986
20,2,0.0,0.0,stage0,0,uniform,0.5,guarded,stage1,,,0,0,0.012060738053394748,bfgs,"{""bfgs"": 0.004846827311579515, ""custom"": 0.004846827311579515}",0.0057740795115629835,0.0057740795115629835,stage3_l_opt,l_opt_current_alpha,1.0766813400380064,1.1033476191966403,0.5383406700190032,0.5,False,True,True,False,,True,recovered_informative,10,0.011621967395855444,0.004846827311579515,0.006775140084275929,1,True,1422,2406
20,2,0.0,0.0,stage0,0,uniform,0.5,guarded,stage1,,,0,1,0.01206070932205583,bfgs,"{""bfgs"": 0.0024812367558069834, ""custom"": 0.0024812367558069834}",0.005774106830358505,0.005774106830358505,stage3_l_opt,l_opt_current_alpha,0.5383490620797857,0.5650155125049663,0.26917453103989286,0.5,True,True,True,False,2.7318795521764916e-08,True,recovered_informative,10,0.007641945051741501,0.0024812367558069834,0.005160708295934517,1,True,1731,5166
20,2,0.0,0.0,stage0,0,uniform,0.5,guarded,stage1,,,0,2,0.012060738056514808,bfgs,"{""bfgs"": 0.001298397659126956, ""custom"": 0.001298397659126956}",0.0057740795115629835,0.0057740795115629835,stage3_l_opt,l_opt_current_alpha,0.26917957667599807,0.29584613007334415,0.13458978833799903,0.5,True,True,True,False,-2.7318795521764916e-08,True,recovered_informative,11,0.004023198200047555,0.001298397659126956,0.0027248005409205994,1,True,2658,8700
20,2,0.0,0.0,stage0,0,uniform,0.5,guarded,stage1,,,0,3,0.012060738056514808,bfgs,"{""bfgs"": 0.0007069571493839304, ""custom"": 0.0007069571493839304}",0.0057740795115629835,0.0057740795115629835,stage3_l_opt,l_opt_current_alpha,0.13458978833799903,0.16125634173534514,0.06729489416899952,0.5,True,True,True,False,0.0,True,recovered_informative,11,0.002202435120815695,0.0007069571493839304,0.0014954779714317647,1,True,3660,12288
20,2,0.0,0.0,stage0,0,uniform,0.5,guarded,stage1,,,0,4,0.012060738056514586,bfgs,"{""bfgs"": 0.0004112368945124174, ""custom"": 0.0004112368945124174}",0.0057740795115629835,0.0057740795115629835,stage3_l_opt,l_opt_current_alpha,0.06729489416899952,0.09396144756634561,0.033647447084499814,0.5,True,True,True,False,0.0,True,recovered_informative,11,0.001281123545445831,0.0004112368945124174,0.0008698866509334136,1,True,4230,14724
20,2,0.0,0.0,stage0,0,uniform,0.5,guarded,stage1,,,0,5,0.012060738056514808,bfgs,"{""bfgs"": 0.00026337676707666104, ""custom"": 0.00026337676707666104}",0.0057740795115629835,0.0057740795115629835,stage3_l_opt,l_opt_current_alpha,0.0336474470844997,0.060314000481845806,0.016823723542249903,0.5,True,True,True,False,0.0,True,recovered_informative,11,0.0008464896907829446,0.00026337676707666104,0.0005831129237062836,1,True,4629,18030
20,2,0.0,0.0,stage0,0,uniform,0.5,guarded,stage1,,,0,6,0.012060738056514808,bfgs,"{""bfgs"": 0.0001894467033587828, ""custom"": 0.0001894467033587828}",0.0057740795115629835,0.0057740795115629835,stage3_l_opt,l_opt_current_alpha,0.016823723542249803,0.043490276939595895,0.008411861771124901,0.5,True,True,True,False,0.0,True,recovered_informative,11,0.0005922782112713149,0.0001894467033587828,0.0004028315079125321,1,True,5052,20460
20,2,0.0,0.0,stage0,0,uniform,0.5,guarded,stage1,,,0,7,0.012060738056514808,bfgs,"{""bfgs"": 0.00015248167149984368, ""custom"": 0.00015248167149984368}",0.0057740795115629835,0.0057740795115629835,stage3_l_opt,l_opt_current_alpha,0.0084118617711249,0.035078415168470996,0.00420593088556256,0.5,True,True,True,False,0.0,True,recovered_informative,11,0.0004906580487076213,0.00015248167149984368,0.00033817637720777764,1,True,5442,23298
20,2,0.0,0.0,stage0,0,uniform,0.5,guarded,stage1,,,0,8,0.012060738056514808,bfgs,"{""bfgs"": 0.00013399915557037412, ""custom"": 0.00013399915557037412}",0.0057740795115629835,0.0057740795115629835,stage3_l_opt,l_opt_current_alpha,0.0042059308855623406,0.030872484282908435,0.0021029654427811703,0.5,True,True,True,False,0.0,True,recovered_informative,11,0.0004374392915285991,0.00013399915557037412,0.00030344013595822497,1,True,5838,26148
20,2,0.0,0.0,stage0,0,uniform,0.5,guarded,stage1,,,0,9,0.012060738056514586,bfgs,"{""bfgs"": 0.00012475789760563934, ""custom"": 0.00012475789760563934}",0.0057740795115629835,0.0057740795115629835,stage3_l_opt,l_opt_current_alpha,0.0021029654427811703,0.028769518840127267,0.001051482721390694,0.5,True,True,True,False,0.0,True,recovered_informative,11,0.00039271917108067684,0.00012475789760563934,0.0002679612734750375,1,True,6297,29094
20,2,0.0,0.0,stage0,0,uniform,0.5,guarded,stage1,,,0,10,0.012060738056514586,bfgs,"{""bfgs"": 0.00012013726862327196, ""custom"": 0.00012013726862327196}",0.0057740795115629835,0.0057740795115629835,stage3_l_opt,l_opt_current_alpha,0.0010514827213904763,0.02771803611873657,0.0005257413606952381,0.5,True,True,True,False,0.0,True,recovered_informative,11,0.00037535216529686026,0.00012013726862327196,0.00025521489667358827,1,True,6696,32226
20,2,0.0,0.0,stage0,0,uniform,0.5,guarded,stage1,,,0,11,0.012060738056514586,bfgs,"{""bfgs"": 0.00011782695413208826, ""custom"": 0.00011782695413208826}",0.0057740795115629835,0.0057740795115629835,stage3_l_opt,l_opt_current_alpha,0.0005257413606952381,0.027192294758041333,0.0,0.5,True,True,False,False,0.0,True,recovered_informative,11,0.0003709611803198054,0.00011782695413208826,0.0002531342261877172,1,True,7104,34470
21,2,0.0,0.0,uniform,0,uniform,0.5,guarded,stage1,,,0,0,0.023977897795143116,custom,"{""bfgs"": 0.027638830244541168, ""custom"": 0.017993309224645294}",0.017993309224645298,0.017993309224645298,stage3_l_opt,l_opt_current_alpha,1.3066666666666666,1.3333333333333333,0.6533333333333333,0.5,False,True,True,False,,True,not_needed,,,,,0,False,243,1233
21,2,0.0,0.0,uniform,0,uniform,0.5,guarded,stage1,,,0,1,0.02386629213191671,custom,"{""bfgs"": 0.025113122612237932, ""custom"": 0.009155829716473817}",0.017944224799672764,0.017944224799672764,stage3_l_opt,l_opt_current_alpha,0.6533333333333333,0.6799999999999999,0.32666666666666666,0.5,True,True,True,False,-4.908442497253418e-05,True,not_needed,,,,,0,False,486,2394
21,2,0.0,0.0,uniform,0,uniform,0.5,guarded,stage1,,,0,2,0.02331531914905577,custom,"{""bfgs"": 0.023850268796086312, ""custom"": 0.004722390389069914}",0.01774284802377224,0.01774284802377224,stage3_l_opt,l_opt_current_alpha,0.32666666666666666,0.3533333333333333,0.16333333333333333,0.5,True,True,True,False,-0.00020137677590052402,True,not_needed,,,,,0,False,702,3561
21,2,0.0,0.0,uniform,0,uniform,0.5,guarded,stage1,,,0,3,0.02412856491041196,custom,"{""bfgs"": 0.023218841888010502, ""custom"": 0.0025880374526605007}",0.018052181228995323,0.018052181228995323,stage3_l_opt,l_opt_current_alpha,0.16333333333333333,0.18999999999999995,0.08166666666666672,0.25,False,False,True,True,0.0003093332052230835,True,not_needed,,,,,0,False,882,4722
21,2,0.0,0.0,uniform,0,uniform,0.5,guarded,stage1,,,0,4,0.022702449720597345,custom,"{""bfgs"": 0.02353455534204841, ""custom"": 0.003575835134057948}",0.017487976079185803,0.017487976079185803,stage3_l_opt,l_opt_current_alpha,0.24499999999999988,0.27166666666666656,0.06125000000000001,0.25,True,True,True,False,-0.0002548719445864371,True,not_needed,,,,,0,False,1128,5883
21,2,0.0,0.0,uniform,0,uniform,0.5,guarded,stage1,,,0,5,0.019058835377253835,custom,"{""bfgs"": 0.023297770251519977, ""custom"": 0.0025098992831772186}",0.015849163755774498,0.015849163755774498,stage3_l_opt,l_opt_current_alpha,0.1837499999999999,0.21041666666666653,0.04593749999999998,0.25,True,True,True,False,-0.0016388123234113046,True,not_needed,,,,,0,False,1503,7053
21,2,0.0,0.0,uniform,0,uniform,0.5,guarded,stage1,,,0,6,0.024109557824426114,custom,"{""bfgs"": 0.023120181433623658, ""custom"": 0.002243912789029612}",0.018046402061978977,0.018046402061978977,stage3_l_opt,l_opt_current_alpha,0.13781249999999992,0.16447916666666657,0.022968749999999996,0.125,False,False,True,True,0.002197238306204479,True,not_needed,,,,,0,False,1686,8307
21,2,0.0,0.0,uniform,0,uniform,0.5,guarded,stage1,,,0,7,0.024118404370540164,custom,"{""bfgs"": 0.02320897584257182, ""custom"": 0.0025507622225510803}",0.01804659826060136,0.01804659826060136,stage3_l_opt,l_opt_current_alpha,0.1607812499999999,0.18744791666666655,0.011484374999999991,0.0625,False,False,True,True,0.0021974345048268625,True,not_needed,,,,,0,False,1899,9459
21,2,0.0,0.0,uniform,0,uniform,0.5,guarded,stage1,,,0,8,0.020432131850373597,custom,"{""bfgs"": 0.023253373047045896, ""custom"": 0.002472802978821467}",0.016506747032205265,0.016506747032205265,stage3_l_opt,l_opt_current_alpha,0.17226562499999992,0.19893229166666654,0.00918749999999996,0.05,False,False,True,True,0.0006575832764307669,True,not_needed,,,,,0,False,2109,10647
21,2,0.0,0.0,uniform,0,uniform,0.5,guarded,stage1,,,0,9,0.02040383396940293,custom,"{""bfgs"": 0.023262252487940713, ""custom"": 0.0024936966597548836}",0.016489143793781597,0.016489143793781597,stage3_l_opt,l_opt_current_alpha,0.17456249999999995,0.20122916666666657,0.00918749999999996,0.05,False,False,True,True,0.0006399800380070993,True,not_needed,,,,,0,False,2352,11826
21,2,0.0,0.0,uniform,0,uniform,0.5,guarded,stage1,,,0,10,0.02040383396940293,custom,"{""bfgs"": 0.023262252487940713, ""custom"": 0.0024936966597548836}",0.016489143793781597,0.016489143793781597,stage3_l_opt,l_opt_current_alpha,0.17456249999999995,0.20122916666666657,0.00918749999999996,0.05,False,False,True,True,0.0006399800380070993,True,not_needed,,,,,0,False,2595,13005
21,2,0.0,0.0,uniform,0,uniform,0.5,guarded,stage1,,,0,11,0.02040383396940293,custom,"{""bfgs"": 0.023262252487940713, ""custom"": 0.0024936966597548836}",0.016489143793781597,0.016489143793781597,stage3_l_opt,l_opt_current_alpha,0.17456249999999995,0.20122916666666657,0.00918749999999996,0.05,False,False,True,True,0.0006399800380070993,True,not_needed,,,,,0,False,2838,14184
21,2,0.0,0.0,uniform,0,uniform,0.5,guarded,stage1,,,0,12,0.02040383396940293,custom,"{""bfgs"": 0.023262252487940713, ""custom"": 0.0024936966597548836}",0.016489143793781597,0.016489143793781597,stage3_l_opt,l_opt_current_alpha,0.17456249999999995,0.20122916666666657,0.00918749999999996,0.05,False,False,True,True,0.0006399800380070993,True,not_needed,,,,,0,False,3081,15363
21,2,0.0,0.0,uniform,0,uniform,0.5,guarded,stage1,,,0,13,0.02040383396940293,custom,"{""bfgs"": 0.023262252487940713, ""custom"": 0.0024936966597548836}",0.016489143793781597,0.016489143793781597,stage3_l_opt,l_opt_current_alpha,0.17456249999999995,0.20122916666666657,0.00918749999999996,0.05,False,False,True,True,0.0006399800380070993,True,not_needed,,,,,0,False,3324,16542
21,2,0.0,0.0,uniform,0,uniform,0.5,guarded,stage1,,,0,14,0.02040383396940293,custom,"{""bfgs"": 0.023262252487940713, ""custom"": 0.0024936966597548836}",0.016489143793781597,0.016489143793781597,stage3_l_opt,l_opt_current_alpha,0.17456249999999995,0.20122916666666657,0.00918749999999996,0.05,False,False,True,True,0.0006399800380070993,True,not_needed,,,,,0,False,3567,17721
21,2,0.0,0.0,uniform,0,uniform,0.5,guarded,stage1,,,0,15,0.02040383396940293,custom,"{""bfgs"": 0.023262252487940713, ""custom"": 0.0024936966597548836}",0.016489143793781597,0.016489143793781597,stage3_l_opt,l_opt_current_alpha,0.17456249999999995,0.20122916666666657,0.00918749999999996,0.05,False,False,True,True,0.0006399800380070993,True,not_needed,,,,,0,False,3810,18900
21,2,0.0,0.0,uniform,0,uniform,0.5,guarded,stage1,,,0,16,0.02040383396940293,custom,"{""bfgs"": 0.023262252487940713, ""custom"": 0.0024936966597548836}",0.016489143793781597,0.016489143793781597,stage3_l_opt,l_opt_current_alpha,0.17456249999999995,0.20122916666666657,0.00918749999999996,0.05,False,False,True,True,0.0006399800380070993,True,not_needed,,,,,0,False,4053,20079
21,2,0.0,0.0,uniform,0,uniform,0.5,guarded,stage1,,,0,17,0.02040383396940293,custom,"{""bfgs"": 0.023262252487940713, ""custom"": 0.0024936966597548836}",0.016489143793781597,0.016489143793781597,stage3_l_opt,l_opt_current_alpha,0.17456249999999995,0.20122916666666657,0.00918749999999996,0.05,False,False,True,True,0.0006399800380070993,True,not_needed,,,,,0,False,4296,21258
21,2,0.0,0.0,uniform,0,uniform,0.5,guarded,stage1,,,0,18,0.02040383396940293,custom,"{""bfgs"": 0.023262252487940713, ""custom"": 0.0024936966597548836}",0.016489143793781597,0.016489143793781597,stage3_l_opt,l_opt_current_alpha,0.17456249999999995,0.20122916666666657,0.00918749999999996,0.05,False,False,True,True,0.0006399800380070993,True,not_needed,,,,,0,False,4539,22437
21,2,0.0,0.0,uniform,0,uniform,0.5,guarded,stage1,,,0,19,0.02040383396940293,custom,"{""bfgs"": 0.023262252487940713, ""custom"": 0.0024936966597548836}",0.016489143793781597,0.016489143793781597,stage3_l_opt,l_opt_current_alpha,0.17456249999999995,0.20122916666666657,0.00918749999999996,0.05,False,False,True,True,0.0006399800380070993,True,not_needed,,,,,0,False,4782,23616
21,2,0.0,0.0,uniform,0,uniform,0.5,guarded,stage1,,,1,0,0.00972868012749549,custom,"{""bfgs"": 0.012811128981411457, ""custom"": 0.0011627832427620888}",0.0011627832427620888,0.0011627832427620888,stage3_l_opt,l_opt_current_alpha,0.98,1.0,0.49,0.5,False,True,True,False,,True,not_needed,,,,,0,False,130,38
21,2,0.0,0.0,uniform,0,uniform,0.5,guarded,stage1,,,1,1,0.009730218294782197,custom,"{""bfgs"": 0.01378765313886106, ""custom"": 0.0005928614642471075}",0.0011624591425061226,0.0011624591425061226,stage3_l_opt,l_opt_current_alpha,0.48999583086777115,0.5099957457834399,0.24499791543388552,0.5,True,True,True,False,-3.241002559661865e-07,True,not_needed,,,,,0,False,266,76
21,2,0.0,0.0,uniform,0,uniform,0.5,guarded,stage1,,,1,2,0.009730240134387835,custom,"{""bfgs"": 0.01427591106324062, ""custom"": 0.00030806396808400746}",0.0011624963954091072,0.0011624963954091072,stage3_l_opt,l_opt_current_alpha,0.2450020845661145,0.2650020845661145,0.12250104228305723,0.5,True,True,True,False,3.725290298461914e-08,True,not_needed,,,,,0,False,410,114
21,2,0.0,0.0,uniform,0,uniform,0.5,guarded,stage1,,,1,3,0.009730240134387988,custom,"{""bfgs"": 0.014520044179775642, ""custom"": 0.00016565694799609482}",0.0011624963954091072,0.0011624963954091072,stage3_l_opt,l_opt_current_alpha,0.12250104228305725,0.14250104228305727,0.061250521141528624,0.5,True,True,True,False,0.0,True,not_needed,,,,,0,False,554,152
21,2,0.0,0.0,uniform,0,uniform,0.5,guarded,stage1,,,1,4,0.009730165856386863,custom,"{""bfgs"": 0.014642110738043152, ""custom"": 9.45075943249071e-05}",0.0011624889448285103,0.0011624889448285103,stage3_l_opt,l_opt_current_alpha,0.06125052114152862,0.08125052114152863,0.030625260570764364,0.5,True,True,True,False,-7.450580596923828e-09,True,not_needed,,,,,0,False,686,190
21,2,0.0,0.0,uniform,0,uniform,0.5,guarded,stage1,,,1,5,0.009730165856386863,custom,"{""bfgs"": 0.014703144017176907, ""custom"": 5.89078928866786e-05}",0.0011624889448285103,0.0011624889448285103,stage3_l_opt,l_opt_current_alpha,0.030625260570764257,0.05062526057076426,0.015312630285382128,0.5,True,True,True,False,0.0,True,not_needed,,,,,0,False,818,228
21,2,0.0,0.0,uniform,0,uniform,0.5,guarded,stage1,,,1,6,0.009730165856386863,custom,"{""bfgs"": 0.014733660656743785, ""custom"": 4.1108042167564335e-05}",0.0011624889448285103,0.0011624889448285103,stage3_l_opt,l_opt_current_alpha,0.015312630285382127,0.03531263028538213,0.00765631514269112,0.5,True,True,True,False,0.0,True,not_needed,,,,,0,False,950,266
21,2,0.0,0.0,uniform,0,uniform,0.5,guarded,stage1,,,1,7,0.009730165856386863,custom,"{""bfgs"": 0.014748918976527225, ""custom"": 3.220811680800722e-05}",0.0011624889448285103,0.0011624889448285103,stage3_l_opt,l_opt_current_alpha,0.007656315142691007,0.027656315142691016,0.0038281575713455043,0.5,True,True,True,False,0.0,True,not_needed,,,,,0,False,1082,304
21,2,0.0,0.0,uniform,0,uniform,0.5,guarded,stage1,,,1,8,0.009730165856386863,custom,"{""bfgs"": 0.014756548136418945, ""custom"": 2.775815412822865e-05}",0.0011624889448285103,0.0011624889448285103,stage3_l_opt,l_opt_current_alpha,0.0038281575713455026,0.02382815757134551,0.0019140787856726967,0.5,True,True,True,False,0.0,True,not_needed,,,,,0,False,1214,342
21,2,0.0,0.0,uniform,0,uniform,0.5,guarded,stage1,,,1,9,0.009730165856386835,custom,"{""bfgs"": 0.014760362716364802, ""custom"": 2.5533172788339366e-05}",0.0011624889448285103,0.0011624889448285103,stage3_l_opt,l_opt_current_alpha,0.001914078785672806,0.021914078785672815,0.0009570393928364021,0.5,True,True,True,False,0.0,True,not_needed,,,,,0,False,1346,380
21,2,0.0,0.0,uniform,0,uniform,0.5,guarded,stage1,,,1,10,0.009730165856386863,custom,"{""bfgs"": 0.014762270006337732, ""custom"": 2.442068211839473e-05}",0.0011624889448285103,0.0011624889448285103,stage3_l_opt,l_opt_current_alpha,0.0009570393928364038,0.020957039392836413,0.0,0.5,True,True,False,False,0.0,True,not_needed,,,,,0,False,1478,418
21,2,0.0,0.0,stage0,0,uniform,0.5,guarded,stage1,,,0,0,0.022770489875126865,custom,"{""bfgs"": 0.024385853094145267, ""custom"": 0.015193573042425587}",0.017511261627078056,0.017511261627078056,stage3_l_opt,l_opt_current_alpha,1.160855059975495,1.1875217266421618,0.5804275299877476,0.5,False,True,True,False,,True,not_needed,,,,,0,False,276,1296
21,2,0.0,0.0,stage0,0,uniform,0.5,guarded,stage1,,,0,1,0.020782468109516478,custom,"{""bfgs"": 0.02348663403703998, ""custom"": 0.0073006460431813795}",0.016657213990887005,0.016657213990887005,stage3_l_opt,l_opt_current_alpha,0.5804275299877475,0.6070941966544141,0.2902137649938737,0.5,True,True,True,False,-0.0008540476361910514,True,not_needed,,,,,0,False,615,2598
21,2,0.0,0.0,stage0,0,uniform,0.5,guarded,stage1,,,0,2,0.021742308288736828,custom,"{""bfgs"": 0.02303702450848734, ""custom"": 0.003953624880205846}",0.017094518368442852,0.017094518368442852,stage3_l_opt,l_opt_current_alpha,0.2902137649938738,0.3168804316605405,0.14510688249693682,0.25,False,False,True,True,0.00043730437755584717,True,not_needed,,,,,0,False,888,3798
21,2,0.0,0.0,stage0,0,uniform,0.5,guarded,stage1,,,0,3,0.020337846461040032,custom,"{""bfgs"": 0.023261829272763657, ""custom"": 0.005480809922521381}",0.016459515318274498,0.016459515318274498,stage3_l_opt,l_opt_current_alpha,0.43532064749081073,0.4619873141574773,0.10883016187270272,0.25,True,True,True,False,-0.00019769867261250698,True,not_needed,,,,,0,False,1161,5109
21,2,0.0,0.0,stage0,0,uniform,0.5,guarded,stage1,,,0,4,0.021014101524250622,custom,"{""bfgs"": 0.023093225699556418, ""custom"": 0.004290612791897469}",0.016765912994742393,0.016765912994742393,stage3_l_opt,l_opt_current_alpha,0.3264904856181079,0.3531571522847746,0.05441508093635129,0.125,False,False,True,True,0.0003063976764678955,True,not_needed,,,,,0,False,1446,6426
21,2,0.0,0.0,stage0,0,uniform,0.5,guarded,stage1,,,0,5,0.020407789176567936,custom,"{""bfgs"": 0.02317752748616004, ""custom"": 0.004847271196305429}",0.01648981434603532,0.01648981434603532,stage3_l_opt,l_opt_current_alpha,0.3809055665544594,0.407572233221126,0.04761319581930737,0.125,True,True,True,False,3.029902776082241e-05,True,not_needed,,,,,0,False,1665,7743
21,2,0.0,0.0,stage0,0,uniform,0.5,guarded,stage1,,,0,6,0.0214427529417201,custom,"{""bfgs"": 0.02310376342288187, ""custom"": 0.004443264026245031}",0.016963927075266838,0.016963927075266838,stage3_l_opt,l_opt_current_alpha,0.33329237073515205,0.35995903740181867,0.023806597909653643,0.0625,False,False,True,True,0.0004741127292315177,True,not_needed,,,,,0,False,1953,9048
21,2,0.0,0.0,stage0,0,uniform,0.5,guarded,stage1,,,0,7,0.02164436125362626,custom,"{""bfgs"": 0.02314064545452095, ""custom"": 0.004754344967089551}",0.017042627558112144,0.017042627558112144,stage3_l_opt,l_opt_current_alpha,0.3570989686448057,0.3837656353114724,0.019045278327722986,0.05,False,False,True,True,0.0005528132120768241,True,not_needed,,,,,0,False,2202,10383
21,2,0.0,0.0,stage0,0,uniform,0.5,guarded,stage1,,,0,8,0.021635003486769194,custom,"{""bfgs"": 0.023148021860848772, ""custom"": 0.004811074724807124}",0.01703798087934653,0.01703798087934653,stage3_l_opt,l_opt_current_alpha,0.36186028822673644,0.38852695489340305,0.019045278327722986,0.05,False,False,True,True,0.0005481665333112104,True,not_needed,,,,,0,False,2430,11718
21,2,0.0,0.0,stage0,0,uniform,0.5,guarded,stage1,,,0,9,0.021635003486769194,custom,"{""bfgs"": 0.023148021860848772, ""custom"": 0.004811074724807124}",0.01703798087934653,0.01703798087934653,stage3_l_opt,l_opt_current_alpha,0.36186028822673644,0.38852695489340305,0.019045278327722986,0.05,False,False,True,True,0.0005481665333112104,True,not_needed,,,,,0,False,2658,13053
21,2,0.0,0.0,stage0,0,uniform,0.5,guarded,stage1,,,0,10,0.021635003486769194,custom,"{""bfgs"": 0.023148021860848772, ""custom"": 0.004811074724807124}",0.01703798087934653,0.01703798087934653,stage3_l_opt,l_opt_current_alpha,0.36186028822673644,0.38852695489340305,0.019045278327722986,0.05,False,False,True,True,0.0005481665333112104,True,not_needed,,,,,0,False,2886,14388
21,2,0.0,0.0,stage0,0,uniform,0.5,guarded,stage1,,,0,11,0.021635003486769194,custom,"{""bfgs"": 0.023148021860848772, ""custom"": 0.004811074724807124}",0.01703798087934653,0.01703798087934653,stage3_l_opt,l_opt_current_alpha,0.36186028822673644,0.38852695489340305,0.019045278327722986,0.05,False,False,True,True,0.0005481665333112104,True,not_needed,,,,,0,False,3114,15723
21,2,0.0,0.0,stage0,0,uniform,0.5,guarded,stage1,,,0,12,0.021635003486769194,custom,"{""bfgs"": 0.023148021860848772, ""custom"": 0.004811074724807124}",0.01703798087934653,0.01703798087934653,stage3_l_opt,l_opt_current_alpha,0.36186028822673644,0.38852695489340305,0.019045278327722986,0.05,False,False,True,True,0.0005481665333112104,True,not_needed,,,,,0,False,3342,17058
21,2,0.0,0.0,stage0,0,uniform,0.5,guarded,stage1,,,0,13,0.021635003486769194,custom,"{""bfgs"": 0.023148021860848772, ""custom"": 0.004811074724807124}",0.01703798087934653,0.01703798087934653,stage3_l_opt,l_opt_current_alpha,0.36186028822673644,0.38852695489340305,0.019045278327722986,0.05,False,False,True,True,0.0005481665333112104,True,not_needed,,,,,0,False,3570,18393
21,2,0.0,0.0,stage0,0,uniform,0.5,guarded,stage1,,,0,14,0.021635003486769194,custom,"{""bfgs"": 0.023148021860848772, ""custom"": 0.004811074724807124}",0.01703798087934653,0.01703798087934653,stage3_l_opt,l_opt_current_alpha,0.36186028822673644,0.38852695489340305,0.019045278327722986,0.05,False,False,True,True,0.0005481665333112104,True,not_needed,,,,,0,False,3798,19728
21,2,0.0,0.0,stage0,0,uniform,0.5,guarded,stage1,,,0,15,0.021635003486769194,custom,"{""bfgs"": 0.023148021860848772, ""custom"": 0.004811074724807124}",0.01703798087934653,0.01703798087934653,stage3_l_opt,l_opt_current_alpha,0.36186028822673644,0.38852695489340305,0.019045278327722986,0.05,False,False,True,True,0.0005481665333112104,True,not_needed,,,,,0,False,4026,21063
21,2,0.0,0.0,stage0,0,uniform,0.5,guarded,stage1,,,0,16,0.021635003486769194,custom,"{""bfgs"": 0.023148021860848772, ""custom"": 0.004811074724807124}",0.01703798087934653,0.01703798087934653,stage3_l_opt,l_opt_current_alpha,0.36186028822673644,0.38852695489340305,0.019045278327722986,0.05,False,False,True,True,0.0005481665333112104,True,not_needed,,,,,0,False,4254,22398
21,2,0.0,0.0,stage0,0,uniform,0.5,guarded,stage1,,,0,17,0.021635003486769194,custom,"{""bfgs"": 0.023148021860848772, ""custom"": 0.004811074724807124}",0.01703798087934653,0.01703798087934653,stage3_l_opt,l_opt_current_alpha,0.36186028822673644,0.38852695489340305,0.019045278327722986,0.05,False,False,True,True,0.0005481665333112104,True,not_needed,,,,,0,False,4482,23733
21,2,0.0,0.0,stage0,0,uniform,0.5,guarded,stage1,,,0,18,0.021635003486769194,custom,"{""bfgs"": 0.023148021860848772, ""custom"": 0.004811074724807124}",0.01703798087934653,0.01703798087934653,stage3_l_opt,l_opt_current_alpha,0.36186028822673644,0.38852695489340305,0.019045278327722986,0.05,False,False,True,True,0.0005481665333112104,True,not_needed,,,,,0,False,4710,25068
21,2,0.0,0.0,stage0,0,uniform,0.5,guarded,stage1,,,0,19,0.021635003486769194,custom,"{""bfgs"": 0.023148021860848772, ""custom"": 0.004811074724807124}",0.01703798087934653,0.01703798087934653,stage3_l_opt,l_opt_current_alpha,0.36186028822673644,0.38852695489340305,0.019045278327722986,0.05,False,False,True,True,0.0005481665333112104,True,not_needed,,,,,0,False,4938,26403
21,2,0.0,0.0,stage0,0,uniform,0.5,guarded,stage1,,,1,0,0.009730163210127277,custom,"{""bfgs"": 0.013355911078842493, ""custom"": 0.0008447204810119132}",0.001162477768957615,0.001162477768957615,stage3_l_opt,l_opt_current_alpha,0.7066378384695299,0.7266378065628208,0.35331891923476494,0.5,False,True,True,False,,True,not_needed,,,,,0,False,148,38
21,2,0.0,0.0,stage0,0,uniform,0.5,guarded,stage1,,,1,1,0.009730228751813633,custom,"{""bfgs"": 0.014060042629692971, ""custom"": 0.0004339874907725314}",0.0011624814942479134,0.0011624814942479134,stage3_l_opt,l_opt_current_alpha,0.3533194403771249,0.37331941910597427,0.17665972018856246,0.5,True,True,True,False,3.725290298461914e-09,True,not_needed,,,,,0,False,298,76
21,2,0.0,0.0,stage0,0,uniform,0.5,guarded,stage1,,,1,2,0.009730240134387988,custom,"{""bfgs"": 0.014412108924412192, ""custom"": 0.00022861742749553048}",0.0011624963954091072,0.0011624963954091072,stage3_l_opt,l_opt_current_alpha,0.17666076247494525,0.19666076247494524,0.08833038123747257,0.5,True,True,True,False,1.4901161193847656e-08,True,not_needed,,,,,0,False,442,114
21,2,0.0,0.0,stage0,0,uniform,0.5,guarded,stage1,,,1,3,0.009730240134387988,custom,"{""bfgs"": 0.014588143110361428, ""custom"": 0.0001259336777018563}",0.0011624963954091072,0.0011624963954091072,stage3_l_opt,l_opt_current_alpha,0.08833038123747267,0.10833038123747268,0.04416519061873634,0.5,True,True,True,False,0.0,True,not_needed,,,,,0,False,586,152
21,2,0.0,0.0,stage0,0,uniform,0.5,guarded,stage1,,,1,4,0.009730165856386835,custom,"{""bfgs"": 0.014676160203336047, ""custom"": 7.464710483847661e-05}",0.0011624889448285103,0.0011624889448285103,stage3_l_opt,l_opt_current_alpha,0.04416519061873633,0.06416519061873635,0.022082595309368167,0.5,True,True,True,False,-7.450580596923828e-09,True,not_needed,,,,,0,False,718,190
21,2,0.0,0.0,stage0,0,uniform,0.5,guarded,stage1,,,1,5,0.009730165856386835,custom,"{""bfgs"": 0.014720168749823355, ""custom"": 4.8977648143463354e-05}",0.0011624889448285103,0.0011624889448285103,stage3_l_opt,l_opt_current_alpha,0.022082595309368167,0.04208259530936818,0.011041297654684083,0.5,True,True,True,False,0.0,True,not_needed,,,,,0,False,850,228
21,2,0.0,0.0,stage0,0,uniform,0.5,guarded,stage1,,,1,6,0.009730165856386835,custom,"{""bfgs"": 0.01474217302306701, ""custom"": 3.6142919795956726e-05}",0.0011624889448285103,0.0011624889448285103,stage3_l_opt,l_opt_current_alpha,0.011041297654684085,0.031041297654684094,0.005520648827342042,0.5,True,True,True,False,0.0,True,not_needed,,,,,0,False,982,266
21,2,0.0,0.0,stage0,0,uniform,0.5,guarded,stage1,,,1,7,0.009730165856386863,custom,"{""bfgs"": 0.014753175159688837, ""custom"": 2.972555562220341e-05}",0.0011624889448285103,0.0011624889448285103,stage3_l_opt,l_opt_current_alpha,0.005520648827342043,0.025520648827342052,0.002760324413671078,0.5,True,True,True,False,0.0,True,not_needed,,,,,0,False,1114,304
21,2,0.0,0.0,stage0,0,uniform,0.5,guarded,stage1,,,1,8,0.009730165856386863,custom,"{""bfgs"": 0.014758676227999751, ""custom"": 2.6516873535326747e-05}",0.0011624889448285103,0.0011624889448285103,stage3_l_opt,l_opt_current_alpha,0.0027603244136709653,0.022760324413670974,0.0013801622068354835,0.5,True,True,True,False,0.0,True,not_needed,,,,,0,False,1246,342
21,2,0.0,0.0,stage0,0,uniform,0.5,guarded,stage1,,,1,9,0.009730165856386863,custom,"{""bfgs"": 0.014761426762155206, ""custom"": 2.4912532491888417e-05}",0.0011624889448285103,0.0011624889448285103,stage3_l_opt,l_opt_current_alpha,0.0013801622068354818,0.02138016220683549,0.0006900811034176862,0.5,True,True,True,False,0.0,True,not_needed,,,,,0,False,1378,380
21,2,0.0,0.0,stage0,0,uniform,0.5,guarded,stage1,,,1,10,0.009730165856386835,custom,"{""bfgs"": 0.014762802029232934, ""custom"": 2.411036197016925e-05}",0.0011624889448285103,0.0011624889448285103,stage3_l_opt,l_opt_current_alpha,0.0006900811034177955,0.020690081103417805,0.0,0.5,True,True,False,False,0.0,True,not_needed,,,,,0,False,1510,418
22,2,0.0,0.0,uniform,0,uniform,0.5,guarded,stage1,,,0,0,0.00841400321158365,custom,"{""bfgs"": 0.2047429730494817, ""custom"": 0.01162319133679072}",0.01162319133679072,0.01162319133679072,stage3_l_opt,l_opt_current_alpha,1.3066666666666666,1.3333333333333333,0.6533333333333333,0.5,False,True,True,False,,True,not_needed,,,,,0,False,288,816
22,2,0.0,0.0,uniform,0,uniform,0.5,guarded,stage1,,,0,1,0.0020374265449875917,custom,"{""bfgs"": 0.18952656373381616, ""custom"": 0.0014327761158347129}",0.002809318403402964,0.002809318403402964,stage3_l_opt,l_opt_current_alpha,0.6532905574163927,0.6799563511051627,0.3266452787081964,0.5,True,True,True,False,-0.008813872933387756,True,not_needed,,,,,0,False,510,2190
22,2,0.0,0.0,uniform,0,uniform,0.5,guarded,stage1,,,0,2,0.003561755745838835,custom,"{""bfgs"": 0.1838788772159358, ""custom"": 0.0012634123431253747}",0.004692643880844116,0.004692643880844116,stage3_l_opt,l_opt_current_alpha,0.32668805462513695,0.35335472129180356,0.16332263935409808,0.25,False,False,True,True,0.001883325477441152,True,not_needed,,,,,0,False,723,3555
22,2,0.0,0.0,uniform,0,uniform,0.5,guarded,stage1,,,0,3,0.0020382669663573383,custom,"{""bfgs"": 0.18670272047487596, ""custom"": 0.0010892194192460684}",0.0028092662493387857,0.0028092662493387857,stage3_l_opt,l_opt_current_alpha,0.4899566900028664,0.5166222545475663,0.12248917250071664,0.25,True,True,True,False,-5.21540641784668e-08,True,not_needed,,,,,0,False,924,4365
22,2,0.0,0.0,uniform,0,uniform,0.5,guarded,stage1,,,0,4,0.0005815613871704983,custom,"{""bfgs"": 0.18458489079181534, ""custom"": 0.0020408337955621597}",0.006863328317801158,0.006863328317801158,stage3_l_opt,l_opt_current_alpha,0.3675215214785186,0.39418818814518525,0.06124458625035831,0.125,False,False,True,True,0.004054062068462372,True,not_needed,,,,,0,False,1134,5706
22,2,0.0,0.0,uniform,0,uniform,0.5,guarded,stage1,,,0,5,0.002110183917277353,custom,"{""bfgs"": 0.18564380563334565, ""custom"": 0.0009762680188820411}",0.0027470663189888,0.0027470663189888,stage3_l_opt,l_opt_current_alpha,0.4024967960212344,0.4286273542857042,0.050312099502654264,0.125,True,True,True,False,-6.219993034998561e-05,True,not_needed,,,,,0,False,1368,6642
22,2,0.0,0.0,uniform,0,uniform,0.5,guarded,stage1,,,0,6,0.002037565213164727,custom,"{""bfgs"": 0.18477391842145008, ""custom"": 0.0008537083836978169}",0.0028092612822850547,0.0028092612822850547,stage3_l_opt,l_opt_current_alpha,0.3783989349242798,0.40506447764600884,0.047299866865535015,0.125,True,True,True,False,6.219496329625462e-05,True,not_needed,,,,,0,False,1608,7836
22,2,0.0,0.0,uniform,0,uniform,0.5,guarded,stage1,,,0,7,0.003805614273683533,custom,"{""bfgs"": 0.18395610634900197, ""custom"": 0.0014363605547018602}",0.004814354081948598,0.004814354081948598,stage3_l_opt,l_opt_current_alpha,0.33115414136068766,0.3578208080273543,0.023649933432767417,0.0625,False,False,True,True,0.0020050927996635433,True,not_needed,,,,,0,False,1737,9264
22,2,0.0,0.0,uniform,0,uniform,0.5,guarded,stage1,,,0,8,0.0020315572287158135,custom,"{""bfgs"": 0.184365012385226, ""custom"": 0.0008120606738418063}",0.002831819156805674,0.002831819156805674,stage3_l_opt,l_opt_current_alpha,0.3548040747934552,0.3814707414601219,0.022175254674590972,0.0625,True,True,True,False,2.255787452061942e-05,True,not_needed,,,,,0,False,1980,10890
22,2,0.0,0.0,uniform,0,uniform,0.5,guarded,stage1,,,0,9,0.0037168223195235828,custom,"{""bfgs"": 0.18398159827829963, ""custom"": 0.0013717698079884302}",0.00479211409886678,0.00479211409886678,stage3_l_opt,l_opt_current_alpha,0.3326288201188643,0.3592954867855309,0.017740203739672764,0.05,False,False,True,True,0.0019602949420611062,True,not_needed,,,,,0,False,2109,12135
22,2,0.0,0.0,uniform,0,uniform,0.5,guarded,stage1,,,0,10,0.0035603218743805454,custom,"{""bfgs"": 0.18405828109968492, ""custom"": 0.001333092859844953}",0.0046292270223299665,0.0046292270223299665,stage3_l_opt,l_opt_current_alpha,0.33706387105378244,0.3637305377204491,0.017740203739672764,0.05,False,False,True,True,0.0017974078655242924,True,not_needed,,,,,0,False,2259,13467
22,2,0.0,0.0,uniform,0,uniform,0.5,guarded,stage1,,,0,11,0.0035603218743805454,custom,"{""bfgs"": 0.18405828109968492, ""custom"": 0.001333092859844953}",0.0046292270223299665,0.0046292270223299665,stage3_l_opt,l_opt_current_alpha,0.33706387105378244,0.3637305377204491,0.017740203739672764,0.05,False,False,True,True,0.0017974078655242924,True,not_needed,,,,,0,False,2409,14799
22,2,0.0,0.0,uniform,0,uniform,0.5,guarded,stage1,,,0,12,0.0035603218743805454,custom,"{""bfgs"": 0.18405828109968492, ""custom"": 0.001333092859844953}",0.0046292270223299665,0.0046292270223299665,stage3_l_opt,l_opt_current_alpha,0.33706387105378244,0.3637305377204491,0.017740203739672764,0.05,False,False,True,True,0.0017974078655242924,True,not_needed,,,,,0,False,2559,16131
22,2,0.0,0.0,uniform,0,uniform,0.5,guarded,stage1,,,0,13,0.0035603218743805454,custom,"{""bfgs"": 0.18405828109968492, ""custom"": 0.001333092859844953}",0.0046292270223299665,0.0046292270223299665,stage3_l_opt,l_opt_current_alpha,0.33706387105378244,0.3637305377204491,0.017740203739672764,0.05,False,False,True,True,0.0017974078655242924,True,not_needed,,,,,0,False,2709,17463
22,2,0.0,0.0,uniform,0,uniform,0.5,guarded,stage1,,,0,14,0.0035603218743805454,custom,"{""bfgs"": 0.18405828109968492, ""custom"": 0.001333092859844953}",0.0046292270223299665,0.0046292270223299665,stage3_l_opt,l_opt_current_alpha,0.33706387105378244,0.3637305377204491,0.017740203739672764,0.05,False,False,True,True,0.0017974078655242924,True,not_needed,,,,,0,False,2859,18795
22,2,0.0,0.0,uniform,0,uniform,0.5,guarded,stage1,,,0,15,0.0035603218743805454,custom,"{""bfgs"": 0.18405828109968492, ""custom"": 0.001333092859844953}",0.0046292270223299665,0.0046292270223299665,stage3_l_opt,l_opt_current_alpha,0.33706387105378244,0.3637305377204491,0.017740203739672764,0.05,False,False,True,True,0.0017974078655242924,True,not_needed,,,,,0,False,3009,20127
22,2,0.0,0.0,uniform,0,uniform,0.5,guarded,stage1,,,0,16,0.0035603218743805454,custom,"{""bfgs"": 0.18405828109968492, ""custom"": 0.001333092859844953}",0.0046292270223299665,0.0046292270223299665,stage3_l_opt,l_opt_current_alpha,0.33706387105378244,0.3637305377204491,0.017740203739672764,0.05,False,False,True,True,0.0017974078655242924,True,not_needed,,,,,0,False,3159,21459
22,2,0.0,0.0,uniform,0,uniform,0.5,guarded,stage1,,,0,17,0.0035603218743805454,custom,"{""bfgs"": 0.18405828109968492, ""custom"": 0.001333092859844953}",0.0046292270223299665,0.0046292270223299665,stage3_l_opt,l_opt_current_alpha,0.33706387105378244,0.3637305377204491,0.017740203739672764,0.05,False,False,True,True,0.0017974078655242924,True,not_needed,,,,,0,False,3309,22791
22,2,0.0,0.0,uniform,0,uniform,0.5,guarded,stage1,,,0,18,0.0035603218743805454,custom,"{""bfgs"": 0.18405828109968492, ""custom"": 0.001333092859844953}",0.0046292270223299665,0.0046292270223299665,stage3_l_opt,l_opt_current_alpha,0.33706387105378244,0.3637305377204491,0.017740203739672764,0.05,False,False,True,True,0.0017974078655242924,True,not_needed,,,,,0,False,3459,24123
22,2,0.0,0.0,uniform,0,uniform,0.5,guarded,stage1,,,0,19,0.0035603218743805454,custom,"{""bfgs"": 0.18405828109968492, ""custom"": 0.001333092859844953}",0.0046292270223299665,0.0046292270223299665,stage3_l_opt,l_opt_current_alpha,0.33706387105378244,0.3637305377204491,0.017740203739672764,0.05,False,False,True,True,0.0017974078655242924,True,not_needed,,,,,0,False,3609,25455
22,2,0.0,0.0,uniform,0,uniform,0.5,guarded,stage1,,,1,0,0.0075210474368848645,custom,"{""bfgs"": 0.06589244864881039, ""custom"": 0.0028046444058418274}",0.0028046444058418274,0.0028046444058418274,stage3_l_opt,l_opt_current_alpha,0.9473853960489242,0.9667197918866575,0.47369269802446207,0.5,False,True,True,False,,True,not_needed,,,,,0,False,160,38
22,2,0.0,0.0,uniform,0,uniform,0.5,guarded,stage1,,,1,1,0.002038715752542164,custom,"{""bfgs"": 0.016514324213664177, ""custom"": 0.0016357868456976115}",0.0031068213284015656,0.0031068213284015656,stage3_l_opt,l_opt_current_alpha,0.5062251571332341,0.5262234807078809,0.23684634901223106,0.25,False,False,True,True,0.00030217692255973816,True,not_needed,,,,,0,False,312,76
22,2,0.0,0.0,uniform,0,uniform,0.5,guarded,stage1,,,1,2,0.0020387637343619314,custom,"{""bfgs"": 0.014546907899169202, ""custom"": 0.0023713381049743332}",0.003106847405433655,0.003106847405433655,stage3_l_opt,l_opt_current_alpha,0.7430744100212308,0.7630727928586483,0.1184231745061155,0.125,False,False,True,True,0.0003022029995918274,True,not_needed,,,,,0,False,818,114
22,2,0.0,0.0,uniform,0,uniform,0.5,guarded,stage1,,,1,3,0.0020721601443552395,custom,"{""bfgs"": 0.09614920645720143, ""custom"": 0.0027400282264273324}",0.0031033046543598175,0.0031033046543598175,stage3_l_opt,l_opt_current_alpha,0.8611032298596513,0.8810935646426261,0.05921158725305781,0.0625,False,False,True,True,0.0002986602485179901,True,not_needed,,,,,0,False,944,152
22,2,0.0,0.0,uniform,0,uniform,0.5,guarded,stage1,,,1,4,0.0022002660521587836,custom,"{""bfgs"": 0.03746685826554121, ""custom"": 0.0029194181582065997}",0.003092624247074127,0.003092624247074127,stage3_l_opt,l_opt_current_alpha,0.9191278661658214,0.9390939774600843,0.04736926980244621,0.05,False,False,True,True,0.0002879798412322998,True,not_needed,,,,,0,False,1462,190
22,2,0.0,0.0,uniform,0,uniform,0.5,guarded,stage1,,,1,5,0.007521047436884809,custom,"{""bfgs"": 0.027990327636691233, ""custom"": 0.0029374971281521016}",0.0028046444058418274,0.0028046444058418274,stage3_l_opt,l_opt_current_alpha,0.9000161262464781,0.9193505220842113,0.04500080631232395,0.05,True,True,True,False,0.0,True,not_needed,,,,,0,False,1634,228
22,2,0.0,0.0,uniform,0,uniform,0.5,guarded,stage1,,,1,6,0.002129529193446139,custom,"{""bfgs"": 0.0726243842274682, ""custom"": 0.002819904615405445}",0.0030972473323345184,0.0030972473323345184,stage3_l_opt,l_opt_current_alpha,0.8864828036322125,0.9064593930148039,0.04500080631232395,0.05,False,False,True,True,0.00029260292649269104,True,not_needed,,,,,0,False,1788,266
22,2,0.0,0.0,uniform,0,uniform,0.5,guarded,stage1,,,1,7,0.002129529193446139,custom,"{""bfgs"": 0.0726243842274682, ""custom"": 0.002819904615405445}",0.0030972473323345184,0.0030972473323345184,stage3_l_opt,l_opt_current_alpha,0.8864828036322125,0.9064593930148039,0.04500080631232395,0.05,False,False,True,True,0.00029260292649269104,True,not_needed,,,,,0,False,1942,304
22,2,0.0,0.0,uniform,0,uniform,0.5,guarded,stage1,,,1,8,0.002129529193446139,custom,"{""bfgs"": 0.0726243842274682, ""custom"": 0.002819904615405445}",0.0030972473323345184,0.0030972473323345184,stage3_l_opt,l_opt_current_alpha,0.8864828036322125,0.9064593930148039,0.04500080631232395,0.05,False,False,True,True,0.00029260292649269104,True,not_needed,,,,,0,False,2096,342
22,2,0.0,0.0,uniform,0,uniform,0.5,guarded,stage1,,,1,9,0.002129529193446139,custom,"{""bfgs"": 0.0726243842274682, ""custom"": 0.002819904615405445}",0.0030972473323345184,0.0030972473323345184,stage3_l_opt,l_opt_current_alpha,0.8864828036322125,0.9064593930148039,0.04500080631232395,0.05,False,False,True,True,0.00029260292649269104,True,not_needed,,,,,0,False,2250,380
22,2,0.0,0.0,uniform,0,uniform,0.5,guarded,stage1,,,1,10,0.002129529193446139,custom,"{""bfgs"": 0.0726243842274682, ""custom"": 0.002819904615405445}",0.0030972473323345184,0.0030972473323345184,stage3_l_opt,l_opt_current_alpha,0.8864828036322125,0.9064593930148039,0.04500080631232395,0.05,False,False,True,True,0.00029260292649269104,True,not_needed,,,,,0,False,2404,418
22,2,0.0,0.0,uniform,0,uniform,0.5,guarded,stage1,,,1,11,0.002129529193446139,custom,"{""bfgs"": 0.0726243842274682, ""custom"": 0.002819904615405445}",0.0030972473323345184,0.0030972473323345184,stage3_l_opt,l_opt_current_alpha,0.8864828036322125,0.9064593930148039,0.04500080631232395,0.05,False,False,True,True,0.00029260292649269104,True,not_needed,,,,,0,False,2558,456
22,2,0.0,0.0,uniform,0,uniform,0.5,guarded,stage1,,,1,12,0.002129529193446139,custom,"{""bfgs"": 0.0726243842274682, ""custom"": 0.002819904615405445}",0.0030972473323345184,0.0030972473323345184,stage3_l_opt,l_opt_current_alpha,0.8864828036322125,0.9064593930148039,0.04500080631232395,0.05,False,False,True,True,0.00029260292649269104,True,not_needed,,,,,0,False,2712,494
22,2,0.0,0.0,uniform,0,uniform,0.5,guarded,stage1,,,1,13,0.002129529193446139,custom,"{""bfgs"": 0.0726243842274682, ""custom"": 0.002819904615405445}",0.0030972473323345184,0.0030972473323345184,stage3_l_opt,l_opt_current_alpha,0.8864828036322125,0.9064593930148039,0.04500080631232395,0.05,False,False,True,True,0.00029260292649269104,True,not_needed,,,,,0,False,2866,532
22,2,0.0,0.0,uniform,0,uniform,0.5,guarded,stage1,,,1,14,0.002129529193446139,custom,"{""bfgs"": 0.0726243842274682, ""custom"": 0.002819904615405445}",0.0030972473323345184,0.0030972473323345184,stage3_l_opt,l_opt_current_alpha,0.8864828036322125,0.9064593930148039,0.04500080631232395,0.05,False,False,True,True,0.00029260292649269104,True,not_needed,,,,,0,False,3020,570
22,2,0.0,0.0,uniform,0,uniform,0.5,guarded,stage1,,,1,15,0.002129529193446139,custom,"{""bfgs"": 0.0726243842274682, ""custom"": 0.002819904615405445}",0.0030972473323345184,0.0030972473323345184,stage3_l_opt,l_opt_current_alpha,0.8864828036322125,0.9064593930148039,0.04500080631232395,0.05,False,False,True,True,0.00029260292649269104,True,not_needed,,,,,0,False,3174,608
22,2,0.0,0.0,uniform,0,uniform,0.5,guarded,stage1,,,1,16,0.002129529193446139,custom,"{""bfgs"": 0.0726243842274682, ""custom"": 0.002819904615405445}",0.0030972473323345184,0.0030972473323345184,stage3_l_opt,l_opt_current_alpha,0.8864828036322125,0.9064593930148039,0.04500080631232395,0.05,False,False,True,True,0.00029260292649269104,True,not_needed,,,,,0,False,3328,646
22,2,0.0,0.0,uniform,0,uniform,0.5,guarded,stage1,,,1,17,0.002129529193446139,custom,"{""bfgs"": 0.0726243842274682, ""custom"": 0.002819904615405445}",0.0030972473323345184,0.0030972473323345184,stage3_l_opt,l_opt_current_alpha,0.8864828036322125,0.9064593930148039,0.04500080631232395,0.05,False,False,True,True,0.00029260292649269104,True,not_needed,,,,,0,False,3482,684
22,2,0.0,0.0,uniform,0,uniform,0.5,guarded,stage1,,,1,18,0.002129529193446139,custom,"{""bfgs"": 0.0726243842274682, ""custom"": 0.002819904615405445}",0.0030972473323345184,0.0030972473323345184,stage3_l_opt,l_opt_current_alpha,0.8864828036322125,0.9064593930148039,0.04500080631232395,0.05,False,False,True,True,0.00029260292649269104,True,not_needed,,,,,0,False,3636,722
22,2,0.0,0.0,uniform,0,uniform,0.5,guarded,stage1,,,1,19,0.002129529193446139,custom,"{""bfgs"": 0.0726243842274682, ""custom"": 0.002819904615405445}",0.0030972473323345184,0.0030972473323345184,stage3_l_opt,l_opt_current_alpha,0.8864828036322125,0.9064593930148039,0.04500080631232395,0.05,False,False,True,True,0.00029260292649269104,True,not_needed,,,,,0,False,3790,760
22,2,0.0,0.0,stage0,0,uniform,0.5,guarded,stage1,,,0,0,0.007023703996879294,custom,"{""bfgs"": 0.19880839486500304, ""custom"": 0.0020489199230253404}",0.0017650773127873738,0.0017650773127873738,stage3_l_opt,l_opt_current_alpha,0.9764994037062161,0.9986744820652089,0.48824970185310806,0.5,False,True,True,False,,True,not_needed,,,,,0,False,201,1065
22,2,0.0,0.0,stage0,0,uniform,0.5,guarded,stage1,,,0,1,0.002038147905407711,custom,"{""bfgs"": 0.19053469910373672, ""custom"": 0.001586723628022065}",0.0028090104460716248,0.0028090104460716248,stage3_l_opt,l_opt_current_alpha,0.7081568195120959,0.7348197982314764,0.24412485092655406,0.25,False,False,True,True,0.001043933133284251,True,not_needed,,,,,0,False,414,2238
22,2,0.0,0.0,stage0,0,uniform,0.5,guarded,stage1,,,0,2,0.002049270338599085,custom,"{""bfgs"": 0.1946715469843699, ""custom"": 0.002046251542420806}",0.002806288500626882,0.002806288500626882,stage3_l_opt,l_opt_current_alpha,0.9517559678197596,0.9784082179142645,0.12206242546327706,0.125,False,False,True,True,0.0010412111878395083,True,not_needed,,,,,0,False,624,3012
22,2,0.0,0.0,stage0,0,uniform,0.5,guarded,stage1,,,0,3,0.0031282084243287045,custom,"{""bfgs"": 0.19673997092468645, ""custom"": 0.0019092369473454282}",0.002184860408306122,0.002184860408306122,stage3_l_opt,l_opt_current_alpha,0.9528999080447308,0.977084433950699,0.061031212731638584,0.0625,False,False,True,True,0.00041978309551874804,True,not_needed,,,,,0,False,807,3690
22,2,0.0,0.0,stage0,0,uniform,0.5,guarded,stage1,,,0,4,0.006024827189221149,custom,"{""bfgs"": 0.19777418289484475, ""custom"": 0.0021219582608351098}",0.0018470808863639832,0.0018470808863639832,stage3_l_opt,l_opt_current_alpha,0.9410777502209784,0.9637754726462242,0.05881735938881116,0.0625,True,True,True,False,8.200357357660937e-05,True,not_needed,,,,,0,False,1002,4716
22,2,0.0,0.0,stage0,0,uniform,0.5,guarded,stage1,,,0,5,0.004846335292106457,custom,"{""bfgs"": 0.19677725577832864, ""custom"": 0.002100991204133074}",0.001983282466729482,0.001983282466729482,stage3_l_opt,l_opt_current_alpha,0.9220694580137141,0.9455796103814404,0.04705388751104894,0.05,False,False,True,True,0.000136201580365499,True,not_needed,,,,,0,False,1164,5445
22,2,0.0,0.0,stage0,0,uniform,0.5,guarded,stage1,,,0,6,0.004130732044196145,custom,"{""bfgs"": 0.19697664120163186, ""custom"": 0.0020366604490027825}",0.002087816596031189,0.002087816596031189,stage3_l_opt,l_opt_current_alpha,0.9506449672872493,0.9744982224589713,0.04705388751104894,0.05,False,False,True,True,0.0002407357096672058,True,not_needed,,,,,0,False,1332,6456
22,2,0.0,0.0,stage0,0,uniform,0.5,guarded,stage1,,,0,7,0.004130732044196145,custom,"{""bfgs"": 0.19697664120163186, ""custom"": 0.0020366604490027825}",0.002087816596031189,0.002087816596031189,stage3_l_opt,l_opt_current_alpha,0.9506449672872493,0.9744982224589713,0.04705388751104894,0.05,False,False,True,True,0.0002407357096672058,True,not_needed,,,,,0,False,1500,7467
22,2,0.0,0.0,stage0,0,uniform,0.5,guarded,stage1,,,0,8,0.004130732044196145,custom,"{""bfgs"": 0.19697664120163186, ""custom"": 0.0020366604490027825}",0.002087816596031189,0.002087816596031189,stage3_l_opt,l_opt_current_alpha,0.9506449672872493,0.9744982224589713,0.04705388751104894,0.05,False,False,True,True,0.0002407357096672058,True,not_needed,,,,,0,False,1668,8478
22,2,0.0,0.0,stage0,0,uniform,0.5,guarded,stage1,,,0,9,0.004130732044196145,custom,"{""bfgs"": 0.19697664120163186, ""custom"": 0.0020366604490027825}",0.002087816596031189,0.002087816596031189,stage3_l_opt,l_opt_current_alpha,0.9506449672872493,0.9744982224589713,0.04705388751104894,0.05,False,False,True,True,0.0002407357096672058,True,not_needed,,,,,0,False,1836,9489
22,2,0.0,0.0,stage0,0,uniform,0.5,guarded,stage1,,,0,10,0.004130732044196145,custom,"{""bfgs"": 0.19697664120163186, ""custom"": 0.0020366604490027825}",0.002087816596031189,0.002087816596031189,stage3_l_opt,l_opt_current_alpha,0.9506449672872493,0.9744982224589713,0.04705388751104894,0.05,False,False,True,True,0.0002407357096672058,True,not_needed,,,,,0,False,2004,10500
22,2,0.0,0.0,stage0,0,uniform,0.5,guarded,stage1,,,0,11,0.004130732044196145,custom,"{""bfgs"": 0.19697664120163186, ""custom"": 0.0020366604490027825}",0.002087816596031189,0.002087816596031189,stage3_l_opt,l_opt_current_alpha,0.9506449672872493,0.9744982224589713,0.04705388751104894,0.05,False,False,True,True,0.0002407357096672058,True,not_needed,,,,,0,False,2172,11511
22,2,0.0,0.0,stage0,0,uniform,0.5,guarded,stage1,,,0,12,0.004130732044196145,custom,"{""bfgs"": 0.19697664120163186, ""custom"": 0.0020366604490027825}",0.002087816596031189,0.002087816596031189,stage3_l_opt,l_opt_current_alpha,0.9506449672872493,0.9744982224589713,0.04705388751104894,0.05,False,False,True,True,0.0002407357096672058,True,not_needed,,,,,0,False,2340,12522
22,2,0.0,0.0,stage0,0,uniform,0.5,guarded,stage1,,,0,13,0.004130732044196145,custom,"{""bfgs"": 0.19697664120163186, ""custom"": 0.0020366604490027825}",0.002087816596031189,0.002087816596031189,stage3_l_opt,l_opt_current_alpha,0.9506449672872493,0.9744982224589713,0.04705388751104894,0.05,False,False,True,True,0.0002407357096672058,True,not_needed,,,,,0,False,2508,13533
22,2,0.0,0.0,stage0,0,uniform,0.5,guarded,stage1,,,0,14,0.004130732044196145,custom,"{""bfgs"": 0.19697664120163186, ""custom"": 0.0020366604490027825}",0.002087816596031189,0.002087816596031189,stage3_l_opt,l_opt_current_alpha,0.9506449672872493,0.9744982224589713,0.04705388751104894,0.05,False,False,True,True,0.0002407357096672058,True,not_needed,,,,,0,False,2676,14544
22,2,0.0,0.0,stage0,0,uniform,0.5,guarded,stage1,,,0,15,0.004130732044196145,custom,"{""bfgs"": 0.19697664120163186, ""custom"": 0.0020366604490027825}",0.002087816596031189,0.002087816596031189,stage3_l_opt,l_opt_current_alpha,0.9506449672872493,0.9744982224589713,0.04705388751104894,0.05,False,False,True,True,0.0002407357096672058,True,not_needed,,,,,0,False,2844,15555
22,2,0.0,0.0,stage0,0,uniform,0.5,guarded,stage1,,,0,16,0.004130732044196145,custom,"{""bfgs"": 0.19697664120163186, ""custom"": 0.0020366604490027825}",0.002087816596031189,0.002087816596031189,stage3_l_opt,l_opt_current_alpha,0.9506449672872493,0.9744982224589713,0.04705388751104894,0.05,False,False,True,True,0.0002407357096672058,True,not_needed,,,,,0,False,3012,16566
22,2,0.0,0.0,stage0,0,uniform,0.5,guarded,stage1,,,0,17,0.004130732044196145,custom,"{""bfgs"": 0.19697664120163186, ""custom"": 0.0020366604490027825}",0.002087816596031189,0.002087816596031189,stage3_l_opt,l_opt_current_alpha,0.9506449672872493,0.9744982224589713,0.04705388751104894,0.05,False,False,True,True,0.0002407357096672058,True,not_needed,,,,,0,False,3180,17577
22,2,0.0,0.0,stage0,0,uniform,0.5,guarded,stage1,,,0,18,0.004130732044196145,custom,"{""bfgs"": 0.19697664120163186, ""custom"": 0.0020366604490027825}",0.002087816596031189,0.002087816596031189,stage3_l_opt,l_opt_current_alpha,0.9506449672872493,0.9744982224589713,0.04705388751104894,0.05,False,False,True,True,0.0002407357096672058,True,not_needed,,,,,0,False,3348,18588
22,2,0.0,0.0,stage0,0,uniform,0.5,guarded,stage1,,,0,19,0.004130732044196145,custom,"{""bfgs"": 0.19697664120163186, ""custom"": 0.0020366604490027825}",0.002087816596031189,0.002087816596031189,stage3_l_opt,l_opt_current_alpha,0.9506449672872493,0.9744982224589713,0.04705388751104894,0.05,False,False,True,True,0.0002407357096672058,True,not_needed,,,,,0,False,3516,19599
23,2,0.0,0.0,uniform,0,uniform,0.5,guarded,stage1,,,0,0,0.008365745529336378,custom,"{""bfgs"": 0.08226757993300755, ""custom"": 0.0029726848006248474}",0.0029726848006248474,0.0029726848006248474,stage3_l_opt,l_opt_current_alpha,1.2238396829943665,1.248816003055476,0.6119198414971833,0.5,False,True,True,False,,True,not_needed,,,,,0,False,138,780
23,2,0.0,0.0,uniform,0,uniform,0.5,guarded,stage1,,,0,1,0.007653309445088866,custom,"{""bfgs"": 0.07741906800975346, ""custom"": 0.001412649779647228}",0.002579296628634135,0.002579296628634135,stage3_l_opt,l_opt_current_alpha,0.08167908374953048,0.09583416385660623,0.04083954187476524,0.5,True,True,True,False,-0.00039338817199071263,True,not_needed,,,,,0,False,381,1926
23,2,0.0,0.0,uniform,0,uniform,0.5,guarded,stage1,,,0,2,0.00780129963420356,custom,"{""bfgs"": 0.07701655900950334, ""custom"": 0.0012907152259158219}",0.00252616157134374,0.00252616157134374,stage3_l_opt,l_opt_current_alpha,0.013176796213674041,0.01989498574417123,0.00658839810683709,0.5,True,True,True,False,-5.313505729039481e-05,True,not_needed,,,,,0,False,675,3036
23,2,0.0,0.0,uniform,0,uniform,0.5,guarded,stage1,,,0,3,0.008388633470695545,custom,"{""bfgs"": 0.07695868289328443, ""custom"": 0.0016658578324502}",0.002698001762231191,0.002698001762231191,stage3_l_opt,l_opt_current_alpha,0.13200315867454457,0.14807640050914425,0.0032941990534184895,0.25,False,False,True,True,0.00017184019088745117,True,not_needed,,,,,0,False,804,3816
23,2,0.0,0.0,uniform,0,uniform,0.5,guarded,stage1,,,0,4,0.007804054623689165,custom,"{""bfgs"": 0.07698762095139389, ""custom"": 0.0012878687814637441}",0.0025250365336736045,0.0025250365336736045,stage3_l_opt,l_opt_current_alpha,0.009529487431012645,0.01695577703849685,0.002382371857753196,0.25,True,True,True,False,-1.125037670135498e-06,True,not_needed,,,,,0,False,1068,5319
23,2,0.0,0.0,uniform,0,uniform,0.5,guarded,stage1,,,0,5,0.008400514510064693,custom,"{""bfgs"": 0.07696735658610332, ""custom"": 0.0016742400693171137}",0.0027016401290893555,0.0027016401290893555,stage3_l_opt,l_opt_current_alpha,0.13581831783659482,0.151958606771716,0.0011911859288765703,0.125,False,False,True,True,0.000176603595415751,True,not_needed,,,,,0,False,1197,6099
23,2,0.0,0.0,uniform,0,uniform,0.5,guarded,stage1,,,0,6,0.008430350938914463,custom,"{""bfgs"": 0.0769774887687486, ""custom"": 0.0016942059648814662}",0.002710754672686259,0.002710754672686259,stage3_l_opt,l_opt_current_alpha,0.14461166145704651,0.16092239309168763,0.0005955929644383684,0.0625,False,False,True,True,0.00018571813901265433,True,not_needed,,,,,0,False,1326,7260
23,2,0.0,0.0,uniform,0,uniform,0.5,guarded,stage1,,,0,7,0.008445343906380218,custom,"{""bfgs"": 0.07698255486007125, ""custom"": 0.0017042052006518214}",0.00271532932917277,0.00271532932917277,stage3_l_opt,l_opt_current_alpha,0.1490910998181595,0.1654887419158439,0.00047647437155060035,0.05,False,False,True,True,0.00019029279549916556,True,not_needed,,,,,0,False,1455,8433
23,2,0.0,0.0,uniform,0,uniform,0.5,guarded,stage1,,,0,8,0.00844834627590529,custom,"{""bfgs"": 0.07698356807833577, ""custom"": 0.0017062422241894077}",0.0027162755529085794,0.0027162755529085794,stage3_l_opt,l_opt_current_alpha,0.15002178868997065,0.16643752310882687,0.00047647437155060035,0.05,False,False,True,True,0.0001912390192349749,True,not_needed,,,,,0,False,1584,9555
23,2,0.0,0.0,uniform,0,uniform,0.5,guarded,stage1,,,0,9,0.00844834627590529,custom,"{""bfgs"": 0.07698356807833577, ""custom"": 0.0017062422241894077}",0.0027162755529085794,0.0027162755529085794,stage3_l_opt,l_opt_current_alpha,0.15002178868997065,0.16643752310882687,0.00047647437155060035,0.05,False,False,True,True,0.0001912390192349749,True,not_needed,,,,,0,False,1713,10677
23,2,0.0,0.0,uniform,0,uniform,0.5,guarded,stage1,,,0,10,0.00844834627590529,custom,"{""bfgs"": 0.07698356807833577, ""custom"": 0.0017062422241894077}",0.0027162755529085794,0.0027162755529085794,stage3_l_opt,l_opt_current_alpha,0.15002178868997065,0.16643752310882687,0.00047647437155060035,0.05,False,False,True,True,0.0001912390192349749,True,not_needed,,,,,0,False,1842,11799
23,2,0.0,0.0,uniform,0,uniform,0.5,guarded,stage1,,,0,11,0.00844834627590529,custom,"{""bfgs"": 0.07698356807833577, ""custom"": 0.0017062422241894077}",0.0027162755529085794,0.0027162755529085794,stage3_l_opt,l_opt_current_alpha,0.15002178868997065,0.16643752310882687,0.00047647437155060035,0.05,False,False,True,True,0.0001912390192349749,True,not_needed,,,,,0,False,1971,12921
23,2,0.0,0.0,uniform,0,uniform,0.5,guarded,stage1,,,0,12,0.00844834627590529,custom,"{""bfgs"": 0.07698356807833577, ""custom"": 0.0017062422241894077}",0.0027162755529085794,0.0027162755529085794,stage3_l_opt,l_opt_current_alpha,0.15002178868997065,0.16643752310882687,0.00047647437155060035,0.05,False,False,True,True,0.0001912390192349749,True,not_needed,,,,,0,False,2100,14043
23,2,0.0,0.0,uniform,0,uniform,0.5,guarded,stage1,,,0,13,0.00844834627590529,custom,"{""bfgs"": 0.07698356807833577, ""custom"": 0.0017062422241894077}",0.0027162755529085794,0.0027162755529085794,stage3_l_opt,l_opt_current_alpha,0.15002178868997065,0.16643752310882687,0.00047647437155060035,0.05,False,False,True,True,0.0001912390192349749,True,not_needed,,,,,0,False,2229,15165
23,2,0.0,0.0,uniform,0,uniform,0.5,guarded,stage1,,,0,14,0.00844834627590529,custom,"{""bfgs"": 0.07698356807833577, ""custom"": 0.0017062422241894077}",0.0027162755529085794,0.0027162755529085794,stage3_l_opt,l_opt_current_alpha,0.15002178868997065,0.16643752310882687,0.00047647437155060035,0.05,False,False,True,True,0.0001912390192349749,True,not_needed,,,,,0,False,2358,16287
23,2,0.0,0.0,uniform,0,uniform,0.5,guarded,stage1,,,0,15,0.00844834627590529,custom,"{""bfgs"": 0.07698356807833577, ""custom"": 0.0017062422241894077}",0.0027162755529085794,0.0027162755529085794,stage3_l_opt,l_opt_current_alpha,0.15002178868997065,0.16643752310882687,0.00047647437155060035,0.05,False,False,True,True,0.0001912390192349749,True,not_needed,,,,,0,False,2487,17409
23,2,0.0,0.0,uniform,0,uniform,0.5,guarded,stage1,,,0,16,0.00844834627590529,custom,"{""bfgs"": 0.07698356807833577, ""custom"": 0.0017062422241894077}",0.0027162755529085794,0.0027162755529085794,stage3_l_opt,l_opt_current_alpha,0.15002178868997065,0.16643752310882687,0.00047647437155060035,0.05,False,False,True,True,0.0001912390192349749,True,not_needed,,,,,0,False,2616,18531
23,2,0.0,0.0,uniform,0,uniform,0.5,guarded,stage1,,,0,17,0.00844834627590529,custom,"{""bfgs"": 0.07698356807833577, ""custom"": 0.0017062422241894077}",0.0027162755529085794,0.0027162755529085794,stage3_l_opt,l_opt_current_alpha,0.15002178868997065,0.16643752310882687,0.00047647437155060035,0.05,False,False,True,True,0.0001912390192349749,True,not_needed,,,,,0,False,2745,19653
23,2,0.0,0.0,uniform,0,uniform,0.5,guarded,stage1,,,0,18,0.00844834627590529,custom,"{""bfgs"": 0.07698356807833577, ""custom"": 0.0017062422241894077}",0.0027162755529085794,0.0027162755529085794,stage3_l_opt,l_opt_current_alpha,0.15002178868997065,0.16643752310882687,0.00047647437155060035,0.05,False,False,True,True,0.0001912390192349749,True,not_needed,,,,,0,False,2874,20775
23,2,0.0,0.0,uniform,0,uniform,0.5,guarded,stage1,,,0,19,0.00844834627590529,custom,"{""bfgs"": 0.07698356807833577, ""custom"": 0.0017062422241894077}",0.0027162755529085794,0.0027162755529085794,stage3_l_opt,l_opt_current_alpha,0.15002178868997065,0.16643752310882687,0.00047647437155060035,0.05,False,False,True,True,0.0001912390192349749,True,not_needed,,,,,0,False,3003,21897
23,2,0.0,0.0,stage0,0,uniform,0.5,guarded,stage1,,,0,0,0.008531565089833944,custom,"{""bfgs"": 0.0817696254423437, ""custom"": 0.002870776219425392}",0.0030007014671961465,0.0030007014671961465,stage3_l_opt,l_opt_current_alpha,1.1888645847860606,1.2144643303111615,0.5944322923930303,0.5,False,True,True,False,,True,not_needed,,,,,0,False,147,729
23,2,0.0,0.0,stage0,0,uniform,0.5,guarded,stage1,,,0,1,0.008186627238008032,custom,"{""bfgs"": 0.07699417962599117, ""custom"": 0.0014733927257155237}",0.0025994454820950827,0.0025994454820950827,stage3_l_opt,l_opt_current_alpha,0.04797430041051898,0.062421842017609336,0.023987150205259516,0.5,True,True,True,False,-0.00040125598510106376,True,not_needed,,,,,0,False,279,1698
23,2,0.0,0.0,stage0,0,uniform,0.5,guarded,stage1,,,0,2,0.008088217850797816,custom,"{""bfgs"": 0.07674568232698017, ""custom"": 0.0013491385776567548}",0.0025522088011105857,0.0025522088011105857,stage3_l_opt,l_opt_current_alpha,0.01227653606853868,0.01039399605357133,0.006138268034269367,0.5,True,True,True,False,-4.723668098449707e-05,True,not_needed,,,,,0,False,414,2955
23,2,0.0,0.0,stage0,0,uniform,0.5,guarded,stage1,,,0,3,0.008284893260475419,custom,"{""bfgs"": 0.07675487611517008, ""custom"": 0.0015132248735212467}",0.002629647652308146,0.002629647652308146,stage3_l_opt,l_opt_current_alpha,0.05098576458396675,0.0658947866301422,0.025492882291983376,0.5,True,True,True,False,7.743885119756034e-05,True,not_needed,,,,,0,False,546,4206
23,2,0.0,0.0,stage0,0,uniform,0.5,guarded,stage1,,,0,4,0.007911974089510564,custom,"{""bfgs"": 0.07653379699199733, ""custom"": 0.0011746084872061662}",0.0024830500284830728,0.0024830500284830728,stage3_l_opt,l_opt_current_alpha,0.27484075674717207,0.2660609926405713,0.13742037837358595,0.5,True,True,True,False,-0.00014659762382507324,True,not_needed,,,,,0,False,693,5535
23,2,0.0,0.0,stage0,0,uniform,0.5,guarded,stage1,,,0,5,0.006481398114202978,custom,"{""bfgs"": 0.07764730022119677, ""custom"": 0.0017520970439971707}",0.0030459115902582803,0.0030459115902582803,stage3_l_opt,l_opt_current_alpha,0.7388770212037367,0.7655404057098747,0.06871018918679303,0.25,False,False,True,True,0.0005628615617752075,True,not_needed,,,,,0,False,924,6819
23,2,0.0,0.0,stage0,0,uniform,0.5,guarded,stage1,,,0,6,0.0076572963715645665,custom,"{""bfgs"": 0.07709054860659705, ""custom"": 0.0013493427926751598}",0.002577518423398336,0.002577518423398336,stage3_l_opt,l_opt_current_alpha,0.056055570405384336,0.07018607202149049,0.014013892601346084,0.25,True,True,True,False,9.446839491526315e-05,True,not_needed,,,,,0,False,1170,7620
23,2,0.0,0.0,stage0,0,uniform,0.5,guarded,stage1,,,0,7,0.00803605302501947,custom,"{""bfgs"": 0.07697391922614727, ""custom"": 0.0014410229758279904}",0.0025901670257250466,0.0025901670257250466,stage3_l_opt,l_opt_current_alpha,0.05089931016141361,0.06521057978481315,0.01272482754035345,0.25,True,True,True,False,1.264860232671073e-05,True,not_needed,,,,,0,False,1299,8388
23,2,0.0,0.0,stage0,0,uniform,0.5,guarded,stage1,,,0,8,0.008440648825201257,custom,"{""bfgs"": 0.07686834254450066, ""custom"": 0.001691523500747746}",0.002713975807030996,0.002713975807030996,stage3_l_opt,l_opt_current_alpha,0.13914200090091616,0.15551383212186373,0.006362413770176767,0.125,False,False,True,True,0.00012380878130594918,True,not_needed,,,,,0,False,1428,9375
23,2,0.0,0.0,stage0,0,uniform,0.5,guarded,stage1,,,0,9,0.008235961322463915,custom,"{""bfgs"": 0.07692113088532396, ""custom"": 0.0015639570718197792}",0.002651366094748179,0.002651366094748179,stage3_l_opt,l_opt_current_alpha,0.09105819005773377,0.10631887383759239,0.011382273757216677,0.125,True,True,True,False,6.119906902313232e-05,True,not_needed,,,,,0,False,1557,10623
23,2,0.0,0.0,stage0,0,uniform,0.5,guarded,stage1,,,0,10,0.007799510196918401,custom,"{""bfgs"": 0.07682754120101745, ""custom"": 0.0012628688499578362}",0.002526859442392985,0.002526859442392985,stage3_l_opt,l_opt_current_alpha,0.00924673319261482,0.00419920263840437,0.0011558416490768941,0.125,True,True,True,False,-0.0001245066523551941,True,not_needed,,,,,0,False,1800,11799
23,2,0.0,0.0,stage0,0,uniform,0.5,guarded,stage1,,,0,11,0.007802545220129434,custom,"{""bfgs"": 0.07683625225320893, ""custom"": 0.0012647680865236666}",0.0025256151954332986,0.0025256151954332986,stage3_l_opt,l_opt_current_alpha,0.008872929199814389,0.00455704667903592,0.0011091161499767743,0.125,True,True,True,False,-1.2442469596862793e-06,True,not_needed,,,,,0,False,2031,13083
23,2,0.0,0.0,stage0,0,uniform,0.5,guarded,stage1,,,0,12,0.007806082131121301,custom,"{""bfgs"": 0.07684467123094914, ""custom"": 0.0012644866733638118}",0.0025242045521736145,0.0025242045521736145,stage3_l_opt,l_opt_current_alpha,0.008648192072355343,0.004763735255015,0.0010810240090444734,0.125,True,True,True,False,-1.4106432596841002e-06,True,not_needed,,,,,0,False,2295,13872
23,2,0.0,0.0,stage0,0,uniform,0.5,guarded,stage1,,,0,13,0.007802444549875389,custom,"{""bfgs"": 0.07685293891771054, ""custom"": 0.0012675931272896081}",0.0025256921847661338,0.0025256921847661338,stage3_l_opt,l_opt_current_alpha,0.006634453372240834,0.006796508948824886,0.0008293066715301112,0.125,True,True,True,False,1.487632592519269e-06,True,not_needed,,,,,0,False,2532,14955
23,2,0.0,0.0,stage0,0,uniform,0.5,guarded,stage1,,,0,14,0.008453734630153312,custom,"{""bfgs"": 0.07685922281386112, ""custom"": 0.0016992520238715623}",0.002717984219392141,0.002717984219392141,stage3_l_opt,l_opt_current_alpha,0.14205451361160432,0.15850302002067637,0.00041465333576506946,0.0625,False,False,True,True,0.00019229203462600708,True,not_needed,,,,,0,False,2661,16413
23,2,0.0,0.0,stage0,0,uniform,0.5,guarded,stage1,,,0,15,0.00780042462307417,custom,"{""bfgs"": 0.07685608086578584, ""custom"": 0.0012708170930423874}",0.002526457111040751,0.002526457111040751,stage3_l_opt,l_opt_current_alpha,0.0057391757625900874,0.0077015952171263224,0.0003586984851618735,0.0625,True,True,True,False,7.649262746172239e-07,True,not_needed,,,,,0,False,2898,17580
23,2,0.0,0.0,stage0,0,uniform,0.5,guarded,stage1,,,0,16,0.008455720920239856,custom,"{""bfgs"": 0.07685878159147957, ""custom"": 0.0017004611098961184}",0.002718557914098104,0.002718557914098104,stage3_l_opt,l_opt_current_alpha,0.14253916343020973,0.158998702587633,0.00028695878812948217,0.05,False,False,True,True,0.000192100803057353,True,not_needed,,,,,0,False,3027,18492
23,2,0.0,0.0,stage0,0,uniform,0.5,guarded,stage1,,,0,17,0.007806092106634436,custom,"{""bfgs"": 0.07685824144634083, ""custom"": 0.0012672235927196694}",0.0025242293874422708,0.0025242293874422708,stage3_l_opt,l_opt_current_alpha,0.006850006442901069,0.00656223822113286,0.0003425003221450562,0.05,True,True,True,False,-2.2277235984802246e-06,True,not_needed,,,,,0,False,3264,19374
23,2,0.0,0.0,stage0,0,uniform,0.5,guarded,stage1,,,0,18,0.00844577392682093,custom,"{""bfgs"": 0.07686086367301125, ""custom"": 0.0016942077054177356}",0.002715557813644409,0.002715557813644409,stage3_l_opt,l_opt_current_alpha,0.1399908578427897,0.1563928650366919,0.0003425003221450562,0.05,False,False,True,True,0.0001913284262021384,True,not_needed,,,,,0,False,3393,20541
23,2,0.0,0.0,stage0,0,uniform,0.5,guarded,stage1,,,0,19,0.00844577392682093,custom,"{""bfgs"": 0.07686086367301125, ""custom"": 0.0016942077054177356}",0.002715557813644409,0.002715557813644409,stage3_l_opt,l_opt_current_alpha,0.1399908578427897,0.1563928650366919,0.0003425003221450562,0.05,False,False,True,True,0.0001913284262021384,True,not_needed,,,,,0,False,3522,21708
24,2,0.0,0.0,uniform,0,uniform,0.5,guarded,stage1,,,0,0,0.024665167353697344,custom,"{""bfgs"": 0.07595532884200414, ""custom"": 0.0026645331333080926}",0.0026645331333080926,0.0026645331333080926,stage3_l_opt,l_opt_current_alpha,0.9043892114364347,0.9228461341188108,0.45219460571821735,0.5,False,True,True,False,,True,not_needed,,,,,0,False,162,1317
24,2,0.0,0.0,uniform,0,uniform,0.5,guarded,stage1,,,0,1,0.024475975296246424,custom,"{""bfgs"": 0.0838177340207561, ""custom"": 0.005810070186391258}",0.008677711710333824,0.008677711710333824,stage3_l_opt,l_opt_current_alpha,0.8544720609484493,0.881138727615116,0.22609730285910873,0.25,False,False,True,True,0.006013178577025732,True,not_needed,,,,,0,False,642,2511
24,2,0.0,0.0,uniform,0,uniform,0.5,guarded,stage1,,,0,2,0.01512360751353338,custom,"{""bfgs"": 0.07988653143138011, ""custom"": 0.0057986909926689345}",0.004939497138063113,0.004939497138063113,stage3_l_opt,l_opt_current_alpha,1.080569363807558,1.1072360304742246,0.11304865142955434,0.125,False,False,True,True,0.0022749640047550206,True,not_needed,,,,,0,False,939,3741
24,2,0.0,0.0,uniform,0,uniform,0.5,guarded,stage1,,,0,3,0.022491937208398743,custom,"{""bfgs"": 0.07792093013669213, ""custom"": 0.003774948127271094}",0.004116281246145566,0.004116281246145566,stage3_l_opt,l_opt_current_alpha,1.1936180152371123,1.2202846819037791,0.05652432571477711,0.0625,False,False,True,True,0.0014517481128374734,True,not_needed,,,,,0,False,1134,5187
24,2,0.0,0.0,uniform,0,uniform,0.5,guarded,stage1,,,0,4,0.022727414022238414,custom,"{""bfgs"": 0.07693812948934814, ""custom"": 0.0036682120441959625}",0.0038216430693864822,0.0038216430693864822,stage3_l_opt,l_opt_current_alpha,1.2305583612357975,1.2568253548470336,0.045219460571821746,0.05,False,False,True,True,0.0011571099360783896,True,not_needed,,,,,0,False,1407,6297
24,2,0.0,0.0,uniform,0,uniform,0.5,guarded,stage1,,,0,5,0.022525805294397436,custom,"{""bfgs"": 0.07674156935987933, ""custom"": 0.0038369375010921555}",0.003967614844441414,0.003967614844441414,stage3_l_opt,l_opt_current_alpha,1.2614472060948447,1.2881138727615116,0.045219460571821746,0.05,False,False,True,True,0.0013030817111333213,True,not_needed,,,,,0,False,1704,7560
24,2,0.0,0.0,uniform,0,uniform,0.5,guarded,stage1,,,0,6,0.022525805294397436,custom,"{""bfgs"": 0.07674156935987933, ""custom"": 0.0038369375010921555}",0.003967614844441414,0.003967614844441414,stage3_l_opt,l_opt_current_alpha,1.2614472060948447,1.2881138727615116,0.045219460571821746,0.05,False,False,True,True,0.0013030817111333213,True,not_needed,,,,,0,False,2001,8823
24,2,0.0,0.0,uniform,0,uniform,0.5,guarded,stage1,,,0,7,0.022525805294397436,custom,"{""bfgs"": 0.07674156935987933, ""custom"": 0.0038369375010921555}",0.003967614844441414,0.003967614844441414,stage3_l_opt,l_opt_current_alpha,1.2614472060948447,1.2881138727615116,0.045219460571821746,0.05,False,False,True,True,0.0013030817111333213,True,not_needed,,,,,0,False,2298,10086
24,2,0.0,0.0,uniform,0,uniform,0.5,guarded,stage1,,,0,8,0.022525805294397436,custom,"{""bfgs"": 0.07674156935987933, ""custom"": 0.0038369375010921555}",0.003967614844441414,0.003967614844441414,stage3_l_opt,l_opt_current_alpha,1.2614472060948447,1.2881138727615116,0.045219460571821746,0.05,False,False,True,True,0.0013030817111333213,True,not_needed,,,,,0,False,2595,11349
24,2,0.0,0.0,uniform,0,uniform,0.5,guarded,stage1,,,0,9,0.022525805294397436,custom,"{""bfgs"": 0.07674156935987933, ""custom"": 0.0038369375010921555}",0.003967614844441414,0.003967614844441414,stage3_l_opt,l_opt_current_alpha,1.2614472060948447,1.2881138727615116,0.045219460571821746,0.05,False,False,True,True,0.0013030817111333213,True,not_needed,,,,,0,False,2892,12612
24,2,0.0,0.0,uniform,0,uniform,0.5,guarded,stage1,,,0,10,0.022525805294397436,custom,"{""bfgs"": 0.07674156935987933, ""custom"": 0.0038369375010921555}",0.003967614844441414,0.003967614844441414,stage3_l_opt,l_opt_current_alpha,1.2614472060948447,1.2881138727615116,0.045219460571821746,0.05,False,False,True,True,0.0013030817111333213,True,not_needed,,,,,0,False,3189,13875
24,2,0.0,0.0,uniform,0,uniform,0.5,guarded,stage1,,,0,11,0.022525805294397436,custom,"{""bfgs"": 0.07674156935987933, ""custom"": 0.0038369375010921555}",0.003967614844441414,0.003967614844441414,stage3_l_opt,l_opt_current_alpha,1.2614472060948447,1.2881138727615116,0.045219460571821746,0.05,False,False,True,True,0.0013030817111333213,True,not_needed,,,,,0,False,3486,15138
24,2,0.0,0.0,uniform,0,uniform,0.5,guarded,stage1,,,0,12,0.022525805294397436,custom,"{""bfgs"": 0.07674156935987933, ""custom"": 0.0038369375010921555}",0.003967614844441414,0.003967614844441414,stage3_l_opt,l_opt_current_alpha,1.2614472060948447,1.2881138727615116,0.045219460571821746,0.05,False,False,True,True,0.0013030817111333213,True,not_needed,,,,,0,False,3783,16401
24,2,0.0,0.0,uniform,0,uniform,0.5,guarded,stage1,,,0,13,0.022525805294397436,custom,"{""bfgs"": 0.07674156935987933, ""custom"": 0.0038369375010921555}",0.003967614844441414,0.003967614844441414,stage3_l_opt,l_opt_current_alpha,1.2614472060948447,1.2881138727615116,0.045219460571821746,0.05,False,False,True,True,0.0013030817111333213,True,not_needed,,,,,0,False,4080,17664
24,2,0.0,0.0,uniform,0,uniform,0.5,guarded,stage1,,,0,14,0.022525805294397436,custom,"{""bfgs"": 0.07674156935987933, ""custom"": 0.0038369375010921555}",0.003967614844441414,0.003967614844441414,stage3_l_opt,l_opt_current_alpha,1.2614472060948447,1.2881138727615116,0.045219460571821746,0.05,False,False,True,True,0.0013030817111333213,True,not_needed,,,,,0,False,4377,18927
24,2,0.0,0.0,uniform,0,uniform,0.5,guarded,stage1,,,0,15,0.022525805294397436,custom,"{""bfgs"": 0.07674156935987933, ""custom"": 0.0038369375010921555}",0.003967614844441414,0.003967614844441414,stage3_l_opt,l_opt_current_alpha,1.2614472060948447,1.2881138727615116,0.045219460571821746,0.05,False,False,True,True,0.0013030817111333213,True,not_needed,,,,,0,False,4674,20190
24,2,0.0,0.0,uniform,0,uniform,0.5,guarded,stage1,,,0,16,0.022525805294397436,custom,"{""bfgs"": 0.07674156935987933, ""custom"": 0.0038369375010921555}",0.003967614844441414,0.003967614844441414,stage3_l_opt,l_opt_current_alpha,1.2614472060948447,1.2881138727615116,0.045219460571821746,0.05,False,False,True,True,0.0013030817111333213,True,not_needed,,,,,0,False,4971,21453
24,2,0.0,0.0,uniform,0,uniform,0.5,guarded,stage1,,,0,17,0.022525805294397436,custom,"{""bfgs"": 0.07674156935987933, ""custom"": 0.0038369375010921555}",0.003967614844441414,0.003967614844441414,stage3_l_opt,l_opt_current_alpha,1.2614472060948447,1.2881138727615116,0.045219460571821746,0.05,False,False,True,True,0.0013030817111333213,True,not_needed,,,,,0,False,5268,22716
24,2,0.0,0.0,uniform,0,uniform,0.5,guarded,stage1,,,0,18,0.022525805294397436,custom,"{""bfgs"": 0.07674156935987933, ""custom"": 0.0038369375010921555}",0.003967614844441414,0.003967614844441414,stage3_l_opt,l_opt_current_alpha,1.2614472060948447,1.2881138727615116,0.045219460571821746,0.05,False,False,True,True,0.0013030817111333213,True,not_needed,,,,,0,False,5565,23979
24,2,0.0,0.0,uniform,0,uniform,0.5,guarded,stage1,,,0,19,0.022525805294397436,custom,"{""bfgs"": 0.07674156935987933, ""custom"": 0.0038369375010921555}",0.003967614844441414,0.003967614844441414,stage3_l_opt,l_opt_current_alpha,1.2614472060948447,1.2881138727615116,0.045219460571821746,0.05,False,False,True,True,0.0013030817111333213,True,not_needed,,,,,0,False,5862,25242
24,2,0.0,0.0,stage0,0,uniform,0.5,guarded,stage1,,,0,0,0.01728635907728486,custom,"{""bfgs"": 0.0725362895455616, ""custom"": 0.005528387397838702}",0.006561226521929105,0.006561226521929105,stage3_l_opt,l_opt_current_alpha,1.5133975316731734,1.5400641983398398,0.7566987658365866,0.5,False,True,True,False,,True,not_needed,,,,,0,False,327,1071
24,2,0.0,0.0,stage0,0,uniform,0.5,guarded,stage1,,,0,1,0.022916123766514262,custom,"{""bfgs"": 0.08562891995045827, ""custom"": 0.0021004433207409026}",0.004280909275015195,0.004280909275015195,stage3_l_opt,l_opt_current_alpha,0.6003007489224695,0.6237756193255829,0.30015037446123494,0.5,True,True,True,False,-0.00228031724691391,True,not_needed,,,,,0,False,696,2307
24,2,0.0,0.0,stage0,0,uniform,0.5,guarded,stage1,,,0,2,0.02497193194532824,custom,"{""bfgs"": 0.09076326674626112, ""custom"": 0.0010983110412144113}",0.0029980546484390893,0.0029980546484390893,stage3_l_opt,l_opt_current_alpha,0.07193998136561074,0.09075749680758881,0.03596999068280536,0.5,True,True,True,False,-0.0012828546265761056,True,not_needed,,,,,0,False,1005,3690
24,2,0.0,0.0,stage0,0,uniform,0.5,guarded,stage1,,,0,3,0.024602620288280728,custom,"{""bfgs"": 0.09139186819630735, ""custom"": 0.002365298082914819}",0.007042222345868747,0.007042222345868747,stage3_l_opt,l_opt_current_alpha,0.42057731289429157,0.4472439573609938,0.017984995341402646,0.25,False,False,True,True,0.004044167697429657,True,not_needed,,,,,0,False,1242,4875
24,2,0.0,0.0,stage0,0,uniform,0.5,guarded,stage1,,,0,4,0.024602630558324623,custom,"{""bfgs"": 0.09107756747128423, ""custom"": 0.0024618443419511917}",0.007042237247029941,0.007042237247029941,stage3_l_opt,l_opt_current_alpha,0.4385633123570746,0.4652299773160499,0.008992497670701233,0.125,False,False,True,True,0.004044182598590851,True,not_needed,,,,,0,False,1479,6249
24,2,0.0,0.0,stage0,0,uniform,0.5,guarded,stage1,,,0,5,0.02460263535208778,custom,"{""bfgs"": 0.09092041710877269, ""custom"": 0.0025101149166488427}",0.007042237247029941,0.007042237247029941,stage3_l_opt,l_opt_current_alpha,0.44755581002777595,0.4742224749867513,0.004496248835350464,0.0625,False,False,True,True,0.004044182598590851,True,not_needed,,,,,0,False,1725,7542
24,2,0.0,0.0,stage0,0,uniform,0.5,guarded,stage1,,,0,6,0.02558800497816456,custom,"{""bfgs"": 0.0908418419275169, ""custom"": 0.0014747020294980347}",0.004079043244322141,0.004079043244322141,stage3_l_opt,l_opt_current_alpha,0.14618320453365152,0.16660764797569882,0.003596999068280357,0.05,False,False,True,True,0.0010809885958830514,True,not_needed,,,,,0,False,2022,8844
24,2,0.0,0.0,stage0,0,uniform,0.5,guarded,stage1,,,0,7,0.025607794667149998,custom,"{""bfgs"": 0.09082612689126575, ""custom"": 0.0014698955283181307}",0.0040570540974537534,0.0040570540974537534,stage3_l_opt,l_opt_current_alpha,0.1453469968777231,0.16573602282134176,0.003596999068280357,0.05,False,False,True,True,0.0010589994490146641,True,not_needed,,,,,0,False,2250,10146
24,2,0.0,0.0,stage0,0,uniform,0.5,guarded,stage1,,,0,8,0.025607794667149998,custom,"{""bfgs"": 0.09082612689126575, ""custom"": 0.0014698955283181307}",0.0040570540974537534,0.0040570540974537534,stage3_l_opt,l_opt_current_alpha,0.1453469968777231,0.16573602282134176,0.003596999068280357,0.05,False,False,True,True,0.0010589994490146641,True,not_needed,,,,,0,False,2478,11448
24,2,0.0,0.0,stage0,0,uniform,0.5,guarded,stage1,,,0,9,0.025607794667149998,custom,"{""bfgs"": 0.09082612689126575, ""custom"": 0.0014698955283181307}",0.0040570540974537534,0.0040570540974537534,stage3_l_opt,l_opt_current_alpha,0.1453469968777231,0.16573602282134176,0.003596999068280357,0.05,False,False,True,True,0.0010589994490146641,True,not_needed,,,,,0,False,2706,12750
24,2,0.0,0.0,stage0,0,uniform,0.5,guarded,stage1,,,0,10,0.025607794667149998,custom,"{""bfgs"": 0.09082612689126575, ""custom"": 0.0014698955283181307}",0.0040570540974537534,0.0040570540974537534,stage3_l_opt,l_opt_current_alpha,0.1453469968777231,0.16573602282134176,0.003596999068280357,0.05,False,False,True,True,0.0010589994490146641,True,not_needed,,,,,0,False,2934,14052
24,2,0.0,0.0,stage0,0,uniform,0.5,guarded,stage1,,,0,11,0.025607794667149998,custom,"{""bfgs"": 0.09082612689126575, ""custom"": 0.0014698955283181307}",0.0040570540974537534,0.0040570540974537534,stage3_l_opt,l_opt_current_alpha,0.1453469968777231,0.16573602282134176,0.003596999068280357,0.05,False,False,True,True,0.0010589994490146641,True,not_needed,,,,,0,False,3162,15354
24,2,0.0,0.0,stage0,0,uniform,0.5,guarded,stage1,,,0,12,0.025607794667149998,custom,"{""bfgs"": 0.09082612689126575, ""custom"": 0.0014698955283181307}",0.0040570540974537534,0.0040570540974537534,stage3_l_opt,l_opt_current_alpha,0.1453469968777231,0.16573602282134176,0.003596999068280357,0.05,False,False,True,True,0.0010589994490146641,True,not_needed,,,,,0,False,3390,16656
24,2,0.0,0.0,stage0,0,uniform,0.5,guarded,stage1,,,0,13,0.025607794667149998,custom,"{""bfgs"": 0.09082612689126575, ""custom"": 0.0014698955283181307}",0.0040570540974537534,0.0040570540974537534,stage3_l_opt,l_opt_current_alpha,0.1453469968777231,0.16573602282134176,0.003596999068280357,0.05,False,False,True,True,0.0010589994490146641,True,not_needed,,,,,0,False,3618,17958
24,2,0.0,0.0,stage0,0,uniform,0.5,guarded,stage1,,,0,14,0.025607794667149998,custom,"{""bfgs"": 0.09082612689126575, ""custom"": 0.0014698955283181307}",0.0040570540974537534,0.0040570540974537534,stage3_l_opt,l_opt_current_alpha,0.1453469968777231,0.16573602282134176,0.003596999068280357,0.05,False,False,True,True,0.0010589994490146641,True,not_needed,,,,,0,False,3846,19260
24,2,0.0,0.0,stage0,0,uniform,0.5,guarded,stage1,,,0,15,0.025607794667149998,custom,"{""bfgs"": 0.09082612689126575, ""custom"": 0.0014698955283181307}",0.0040570540974537534,0.0040570540974537534,stage3_l_opt,l_opt_current_alpha,0.1453469968777231,0.16573602282134176,0.003596999068280357,0.05,False,False,True,True,0.0010589994490146641,True,not_needed,,,,,0,False,4074,20562
24,2,0.0,0.0,stage0,0,uniform,0.5,guarded,stage1,,,0,16,0.025607794667149998,custom,"{""bfgs"": 0.09082612689126575, ""custom"": 0.0014698955283181307}",0.0040570540974537534,0.0040570540974537534,stage3_l_opt,l_opt_current_alpha,0.1453469968777231,0.16573602282134176,0.003596999068280357,0.05,False,False,True,True,0.0010589994490146641,True,not_needed,,,,,0,False,4302,21864
24,2,0.0,0.0,stage0,0,uniform,0.5,guarded,stage1,,,0,17,0.025607794667149998,custom,"{""bfgs"": 0.09082612689126575, ""custom"": 0.0014698955283181307}",0.0040570540974537534,0.0040570540974537534,stage3_l_opt,l_opt_current_alpha,0.1453469968777231,0.16573602282134176,0.003596999068280357,0.05,False,False,True,True,0.0010589994490146641,True,not_needed,,,,,0,False,4530,23166
24,2,0.0,0.0,stage0,0,uniform,0.5,guarded,stage1,,,0,18,0.025607794667149998,custom,"{""bfgs"": 0.09082612689126575, ""custom"": 0.0014698955283181307}",0.0040570540974537534,0.0040570540974537534,stage3_l_opt,l_opt_current_alpha,0.1453469968777231,0.16573602282134176,0.003596999068280357,0.05,False,False,True,True,0.0010589994490146641,True,not_needed,,,,,0,False,4758,24468
24,2,0.0,0.0,stage0,0,uniform,0.5,guarded,stage1,,,0,19,0.025607794667149998,custom,"{""bfgs"": 0.09082612689126575, ""custom"": 0.0014698955283181307}",0.0040570540974537534,0.0040570540974537534,stage3_l_opt,l_opt_current_alpha,0.1453469968777231,0.16573602282134176,0.003596999068280357,0.05,False,False,True,True,0.0010589994490146641,True,not_needed,,,,,0,False,4986,25770
25,2,0.0,0.0,uniform,0,uniform,0.5,guarded,stage1,,,0,0,0.003103267579252991,custom,"{""bfgs"": 0.009208498833080132, ""custom"": 0.009039748149613539}",0.009039748149613539,0.009039748149613539,stage3_l_opt,l_opt_current_alpha,0.6533333333333334,0.6666666666666667,0.32666666666666666,0.5,False,True,True,False,,True,not_needed,,,,,0,False,1164,843
25,2,0.0,0.0,uniform,0,uniform,0.5,guarded,stage1,,,0,1,0.008882302573417183,custom,"{""bfgs"": 0.00823714220687826, ""custom"": 0.007576377756517048}",0.008072560963531336,0.008072560963531336,stage3_l_opt,l_opt_current_alpha,0.7175553861299002,0.7324214113855134,0.35877769306495005,0.5,True,True,True,False,-0.000967187186082203,True,not_needed,,,,,0,False,2310,2013
25,2,0.0,0.0,uniform,0,uniform,0.5,guarded,stage1,,,0,2,0.002764055459538191,custom,"{""bfgs"": 0.02935437787050875, ""custom"": 0.005260157364798424}",0.0041942090416948,0.0041942090416948,stage3_l_opt,l_opt_current_alpha,0.333543573862704,0.3353599691780357,0.166771786931352,0.5,True,True,True,False,-0.0038783519218365354,True,not_needed,,,,,0,False,3015,3282
25,2,0.0,0.0,uniform,0,uniform,0.5,guarded,stage1,,,0,3,0.007455989461346969,custom,"{""bfgs"": 0.012644432805347994, ""custom"": 0.00828966709473918}",0.006942343898117542,0.006942343898117542,stage3_l_opt,l_opt_current_alpha,0.16698215992284676,0.18031549325618015,0.08338589346567597,0.25,False,False,True,True,0.002748134856422742,True,not_needed,,,,,0,False,3906,4521
25,2,0.0,0.0,uniform,0,uniform,0.5,guarded,stage1,,,0,4,0.005398914489446471,custom,"{""bfgs"": 0.01081775356579446, ""custom"": 0.008819538761843498}",0.006271640149255593,0.006271640149255593,stage3_l_opt,l_opt_current_alpha,0.19489656211709752,0.20299453146052443,0.041692946732838035,0.125,False,False,True,True,0.002077431107560793,True,not_needed,,,,,0,False,4983,5526
25,2,0.0,0.0,uniform,0,uniform,0.5,guarded,stage1,,,0,5,0.005561845284645646,custom,"{""bfgs"": 0.011264574872824026, ""custom"": 0.009416003842865157}",0.006500823733707269,0.006500823733707269,stage3_l_opt,l_opt_current_alpha,0.4730419875109317,0.4859841341055499,0.020846473366418927,0.0625,False,False,True,True,0.0023066146920124684,True,not_needed,,,,,0,False,5907,6981
25,2,0.0,0.0,uniform,0,uniform,0.5,guarded,stage1,,,0,6,0.005325970564525842,custom,"{""bfgs"": 0.04036769816640785, ""custom"": 0.009435761911944958}",0.006363977678120136,0.006363977678120136,stage3_l_opt,l_opt_current_alpha,0.5951761045989459,0.6101946541944883,0.01667717869313516,0.05,False,False,True,True,0.002169768636425336,True,not_needed,,,,,0,False,6579,8736
25,2,0.0,0.0,uniform,0,uniform,0.5,guarded,stage1,,,0,7,0.005349981829024588,custom,"{""bfgs"": 0.011081269269863388, ""custom"": 0.009236642073211246}",0.006215101418395837,0.006215101418395837,stage3_l_opt,l_opt_current_alpha,0.552632348700136,0.5666994323792017,0.01667717869313516,0.05,False,False,True,True,0.0020208923767010365,True,not_needed,,,,,0,False,7272,10095
25,2,0.0,0.0,uniform,0,uniform,0.5,guarded,stage1,,,0,8,0.005349981829024588,custom,"{""bfgs"": 0.011081269269863388, ""custom"": 0.009236642073211246}",0.006215101418395837,0.006215101418395837,stage3_l_opt,l_opt_current_alpha,0.552632348700136,0.5666994323792017,0.01667717869313516,0.05,False,False,True,True,0.0020208923767010365,True,not_needed,,,,,0,False,7965,11454
25,2,0.0,0.0,uniform,0,uniform,0.5,guarded,stage1,,,0,9,0.005349981829024588,custom,"{""bfgs"": 0.011081269269863388, ""custom"": 0.009236642073211246}",0.006215101418395837,0.006215101418395837,stage3_l_opt,l_opt_current_alpha,0.552632348700136,0.5666994323792017,0.01667717869313516,0.05,False,False,True,True,0.0020208923767010365,True,not_needed,,,,,0,False,8658,12813
25,2,0.0,0.0,uniform,0,uniform,0.5,guarded,stage1,,,0,10,0.005349981829024588,custom,"{""bfgs"": 0.011081269269863388, ""custom"": 0.009236642073211246}",0.006215101418395837,0.006215101418395837,stage3_l_opt,l_opt_current_alpha,0.552632348700136,0.5666994323792017,0.01667717869313516,0.05,False,False,True,True,0.0020208923767010365,True,not_needed,,,,,0,False,9351,14172
25,2,0.0,0.0,uniform,0,uniform,0.5,guarded,stage1,,,0,11,0.005349981829024588,custom,"{""bfgs"": 0.011081269269863388, ""custom"": 0.009236642073211246}",0.006215101418395837,0.006215101418395837,stage3_l_opt,l_opt_current_alpha,0.552632348700136,0.5666994323792017,0.01667717869313516,0.05,False,False,True,True,0.0020208923767010365,True,not_needed,,,,,0,False,10044,15531
25,2,0.0,0.0,uniform,0,uniform,0.5,guarded,stage1,,,0,12,0.005349981829024588,custom,"{""bfgs"": 0.011081269269863388, ""custom"": 0.009236642073211246}",0.006215101418395837,0.006215101418395837,stage3_l_opt,l_opt_current_alpha,0.552632348700136,0.5666994323792017,0.01667717869313516,0.05,False,False,True,True,0.0020208923767010365,True,not_needed,,,,,0,False,10737,16890
25,2,0.0,0.0,uniform,0,uniform,0.5,guarded,stage1,,,0,13,0.005349981829024588,custom,"{""bfgs"": 0.011081269269863388, ""custom"": 0.009236642073211246}",0.006215101418395837,0.006215101418395837,stage3_l_opt,l_opt_current_alpha,0.552632348700136,0.5666994323792017,0.01667717869313516,0.05,False,False,True,True,0.0020208923767010365,True,not_needed,,,,,0,False,11430,18249
25,2,0.0,0.0,uniform,0,uniform,0.5,guarded,stage1,,,0,14,0.005349981829024588,custom,"{""bfgs"": 0.011081269269863388, ""custom"": 0.009236642073211246}",0.006215101418395837,0.006215101418395837,stage3_l_opt,l_opt_current_alpha,0.552632348700136,0.5666994323792017,0.01667717869313516,0.05,False,False,True,True,0.0020208923767010365,True,not_needed,,,,,0,False,12123,19608
25,2,0.0,0.0,uniform,0,uniform,0.5,guarded,stage1,,,0,15,0.005349981829024588,custom,"{""bfgs"": 0.011081269269863388, ""custom"": 0.009236642073211246}",0.006215101418395837,0.006215101418395837,stage3_l_opt,l_opt_current_alpha,0.552632348700136,0.5666994323792017,0.01667717869313516,0.05,False,False,True,True,0.0020208923767010365,True,not_needed,,,,,0,False,12816,20967
25,2,0.0,0.0,uniform,0,uniform,0.5,guarded,stage1,,,0,16,0.005349981829024588,custom,"{""bfgs"": 0.011081269269863388, ""custom"": 0.009236642073211246}",0.006215101418395837,0.006215101418395837,stage3_l_opt,l_opt_current_alpha,0.552632348700136,0.5666994323792017,0.01667717869313516,0.05,False,False,True,True,0.0020208923767010365,True,not_needed,,,,,0,False,13509,22326
25,2,0.0,0.0,uniform,0,uniform,0.5,guarded,stage1,,,0,17,0.005349981829024588,custom,"{""bfgs"": 0.011081269269863388, ""custom"": 0.009236642073211246}",0.006215101418395837,0.006215101418395837,stage3_l_opt,l_opt_current_alpha,0.552632348700136,0.5666994323792017,0.01667717869313516,0.05,False,False,True,True,0.0020208923767010365,True,not_needed,,,,,0,False,14202,23685
25,2,0.0,0.0,uniform,0,uniform,0.5,guarded,stage1,,,0,18,0.005349981829024588,custom,"{""bfgs"": 0.011081269269863388, ""custom"": 0.009236642073211246}",0.006215101418395837,0.006215101418395837,stage3_l_opt,l_opt_current_alpha,0.552632348700136,0.5666994323792017,0.01667717869313516,0.05,False,False,True,True,0.0020208923767010365,True,not_needed,,,,,0,False,14895,25044
25,2,0.0,0.0,uniform,0,uniform,0.5,guarded,stage1,,,0,19,0.005349981829024588,custom,"{""bfgs"": 0.011081269269863388, ""custom"": 0.009236642073211246}",0.006215101418395837,0.006215101418395837,stage3_l_opt,l_opt_current_alpha,0.552632348700136,0.5666994323792017,0.01667717869313516,0.05,False,False,True,True,0.0020208923767010365,True,not_needed,,,,,0,False,15588,26403
25,2,0.0,0.0,stage0,0,uniform,0.5,guarded,stage1,,,0,0,0.0071353982862762235,bfgs,"{""bfgs"": 0.008777395274352631, ""custom"": 0.008971427904557258}",0.008429493444661299,0.008429493444661299,stage3_l_opt,l_opt_current_alpha,0.5449387963578997,0.558272129691233,0.2724693981789499,0.5,False,True,True,False,,True,not_needed,,,,,0,False,1221,1434
25,2,0.0,0.0,stage0,0,uniform,0.5,guarded,stage1,,,0,1,0.009789770312770094,custom,"{""bfgs"": 0.00866268527224068, ""custom"": 0.008413354527234095}",0.008859961914519468,0.008859961914519468,stage3_l_opt,l_opt_current_alpha,0.8494932700981902,0.8677772443071256,0.13623469908947483,0.25,False,False,True,True,0.00043046846985816956,True,not_needed,,,,,0,False,1932,2850
25,2,0.0,0.0,stage0,0,uniform,0.5,guarded,stage1,,,0,2,0.004802907842957428,custom,"{""bfgs"": 0.008894000951623477, ""custom"": 0.0079374786008521}",0.007114797520140807,0.007114797520140807,stage3_l_opt,l_opt_current_alpha,0.578612947263225,0.5913020924719835,0.14465323681580622,0.25,True,True,True,False,-0.0013146959245204917,True,not_needed,,,,,0,False,3042,4164
25,2,0.0,0.0,stage0,0,uniform,0.5,guarded,stage1,,,0,3,0.0047904728384191375,custom,"{""bfgs"": 0.01626761376674896, ""custom"": 0.009067711077219662}",0.007139675008753936,0.007139675008753936,stage3_l_opt,l_opt_current_alpha,0.5579238792713888,0.5725549146769326,0.13948096981784716,0.25,True,True,True,False,2.4877488613128662e-05,True,not_needed,,,,,0,False,3999,5286
25,2,0.0,0.0,stage0,0,uniform,0.5,guarded,stage1,,,0,4,0.004720391161823074,custom,"{""bfgs"": 0.009220191945591552, ""custom"": 0.008906525670837682}",0.007150891857842605,0.007150891857842605,stage3_l_opt,l_opt_current_alpha,0.229896054713489,0.24322938804682234,0.05747401367837225,0.25,True,True,True,False,1.1216849088668823e-05,True,not_needed,,,,,0,False,4962,6411
25,2,0.0,0.0,stage0,0,uniform,0.5,guarded,stage1,,,0,5,0.009342026999881249,custom,"{""bfgs"": 0.009572425012262532, ""custom"": 0.00905823988180465}",0.008463218497733275,0.008463218497733275,stage3_l_opt,l_opt_current_alpha,0.1724220410351167,0.18575537436845002,0.02873700683918612,0.125,False,False,True,True,0.00131232663989067,True,not_needed,,,,,0,False,6051,7608
25,2,0.0,0.0,stage0,0,uniform,0.5,guarded,stage1,,,0,6,0.008262911623448365,custom,"{""bfgs"": 0.009934456045068398, ""custom"": 0.008265402040389922}",0.007548834818104903,0.007548834818104903,stage3_l_opt,l_opt_current_alpha,0.20115904787430294,0.21449238120763622,0.01436850341959306,0.0625,False,False,True,True,0.0003979429602622986,True,not_needed,,,,,0,False,7380,8973
25,2,0.0,0.0,stage0,0,uniform,0.5,guarded,stage1,,,0,7,0.0018430211850162144,custom,"{""bfgs"": 0.026228640931777535, ""custom"": 0.0018304425531104275}",0.0026760377610723176,0.0026760377610723176,stage3_l_opt,l_opt_current_alpha,0.07516673315015507,0.07047066035565944,0.004697920821884735,0.0625,True,True,True,False,-0.0044748540967702866,True,not_needed,,,,,0,False,8199,10068
25,2,0.0,0.0,stage0,0,uniform,0.5,guarded,stage1,,,0,8,0.004075730238044889,custom,"{""bfgs"": 0.05684161779570779, ""custom"": 0.002614680914931309}",0.0027274486298362413,0.0027274486298362413,stage3_l_opt,l_opt_current_alpha,0.0688624695260082,0.06413361422534396,0.004303904345375489,0.0625,True,True,True,False,5.1410868763923645e-05,True,not_needed,,,,,0,False,9162,11145
25,2,0.0,0.0,stage0,0,uniform,0.5,guarded,stage1,,,0,9,0.00418362658102738,custom,"{""bfgs"": 0.009753589535682452, ""custom"": 0.005453285420180682}",0.004743021291991075,0.004743021291991075,stage3_l_opt,l_opt_current_alpha,0.10333008381028419,0.11424882961810662,0.0034431234763003665,0.05,False,False,True,True,0.0020155726621548333,True,not_needed,,,,,0,False,10188,12174
25,2,0.0,0.0,stage0,0,uniform,0.5,guarded,stage1,,,0,10,0.004288445871782147,custom,"{""bfgs"": 0.014796577644164133, ""custom"": 0.005515994080489232}",0.004769390138487021,0.004769390138487021,stage3_l_opt,l_opt_current_alpha,0.10540599973413664,0.11637883808917698,0.0034431234763003665,0.05,False,False,True,True,0.00204194150865078,True,not_needed,,,,,0,False,11565,13398
25,2,0.0,0.0,stage0,0,uniform,0.5,guarded,stage1,,,0,11,0.004288445871782147,custom,"{""bfgs"": 0.014796577644164133, ""custom"": 0.005515994080489232}",0.004769390138487021,0.004769390138487021,stage3_l_opt,l_opt_current_alpha,0.10540599973413664,0.11637883808917698,0.0034431234763003665,0.05,False,False,True,True,0.00204194150865078,True,not_needed,,,,,0,False,12942,14622
25,2,0.0,0.0,stage0,0,uniform,0.5,guarded,stage1,,,0,12,0.004288445871782147,custom,"{""bfgs"": 0.014796577644164133, ""custom"": 0.005515994080489232}",0.004769390138487021,0.004769390138487021,stage3_l_opt,l_opt_current_alpha,0.10540599973413664,0.11637883808917698,0.0034431234763003665,0.05,False,False,True,True,0.00204194150865078,True,not_needed,,,,,0,False,14319,15846
25,2,0.0,0.0,stage0,0,uniform,0.5,guarded,stage1,,,0,13,0.004288445871782147,custom,"{""bfgs"": 0.014796577644164133, ""custom"": 0.005515994080489232}",0.004769390138487021,0.004769390138487021,stage3_l_opt,l_opt_current_alpha,0.10540599973413664,0.11637883808917698,0.0034431234763003665,0.05,False,False,True,True,0.00204194150865078,True,not_needed,,,,,0,False,15696,17070
25,2,0.0,0.0,stage0,0,uniform,0.5,guarded,stage1,,,0,14,0.004288445871782147,custom,"{""bfgs"": 0.014796577644164133, ""custom"": 0.005515994080489232}",0.004769390138487021,0.004769390138487021,stage3_l_opt,l_opt_current_alpha,0.10540599973413664,0.11637883808917698,0.0034431234763003665,0.05,False,False,True,True,0.00204194150865078,True,not_needed,,,,,0,False,17073,18294
25,2,0.0,0.0,stage0,0,uniform,0.5,guarded,stage1,,,0,15,0.004288445871782147,custom,"{""bfgs"": 0.014796577644164133, ""custom"": 0.005515994080489232}",0.004769390138487021,0.004769390138487021,stage3_l_opt,l_opt_current_alpha,0.10540599973413664,0.11637883808917698,0.0034431234763003665,0.05,False,False,True,True,0.00204194150865078,True,not_needed,,,,,0,False,18450,19518
25,2,0.0,0.0,stage0,0,uniform,0.5,guarded,stage1,,,0,16,0.004288445871782147,custom,"{""bfgs"": 0.014796577644164133, ""custom"": 0.005515994080489232}",0.004769390138487021,0.004769390138487021,stage3_l_opt,l_opt_current_alpha,0.10540599973413664,0.11637883808917698,0.0034431234763003665,0.05,False,False,True,True,0.00204194150865078,True,not_needed,,,,,0,False,19827,20742
25,2,0.0,0.0,stage0,0,uniform,0.5,guarded,stage1,,,0,17,0.004288445871782147,custom,"{""bfgs"": 0.014796577644164133, ""custom"": 0.005515994080489232}",0.004769390138487021,0.004769390138487021,stage3_l_opt,l_opt_current_alpha,0.10540599973413664,0.11637883808917698,0.0034431234763003665,0.05,False,False,True,True,0.00204194150865078,True,not_needed,,,,,0,False,21204,21966
25,2,0.0,0.0,stage0,0,uniform,0.5,guarded,stage1,,,0,18,0.004288445871782147,custom,"{""bfgs"": 0.014796577644164133, ""custom"": 0.005515994080489232}",0.004769390138487021,0.004769390138487021,stage3_l_opt,l_opt_current_alpha,0.10540599973413664,0.11637883808917698,0.0034431234763003665,0.05,False,False,True,True,0.00204194150865078,True,not_needed,,,,,0,False,22581,23190
25,2,0.0,0.0,stage0,0,uniform,0.5,guarded,stage1,,,0,19,0.004288445871782147,custom,"{""bfgs"": 0.014796577644164133, ""custom"": 0.005515994080489232}",0.004769390138487021,0.004769390138487021,stage3_l_opt,l_opt_current_alpha,0.10540599973413664,0.11637883808917698,0.0034431234763003665,0.05,False,False,True,True,0.00204194150865078,True,not_needed,,,,,0,False,23958,24414
26,2,0.0,0.0,uniform,0,uniform,0.5,guarded,stage1,,,0,0,0.03602305573937403,custom,"{""bfgs"": 0.014661685718844334, ""custom"": 0.006435994029743597}",0.006435994029743597,0.006435994029743597,stage3_l_opt,l_opt_current_alpha,0.2803265407504447,0.28604749056167833,0.14016327037522236,0.5,False,True,True,False,,True,not_needed,,,,,0,False,369,1203
26,2,0.0,0.0,uniform,0,uniform,0.5,guarded,stage1,,,0,1,0.020998141115932123,custom,"{""bfgs"": 0.014172029802292938, ""custom"": 0.011356542663025684}",0.010277572990162298,0.010277572990162298,stage3_l_opt,l_opt_current_alpha,1.4468299370418891,1.4734966037085557,0.07008163518761118,0.25,False,False,True,True,0.003841578960418701,True,not_needed,,,,,0,False,642,2358
26,2,0.0,0.0,uniform,0,uniform,0.5,guarded,stage1,,,0,2,0.034641330240733126,custom,"{""bfgs"": 0.14330159037865148, ""custom"": 0.006516499391657528}",0.00625650704993556,0.00625650704993556,stage3_l_opt,l_opt_current_alpha,0.19020938983483232,0.19552145156998424,0.047552347458708066,0.25,True,True,True,False,-0.0001794869798080372,True,not_needed,,,,,0,False,909,3468
26,2,0.0,0.0,uniform,0,uniform,0.5,guarded,stage1,,,0,3,0.03558918193889976,custom,"{""bfgs"": 0.04868840989333803, ""custom"": 0.006896522279565632}",0.006371688068611547,0.006371688068611547,stage3_l_opt,l_opt_current_alpha,0.6838727888659082,0.6954286828703895,0.023776173729354033,0.125,False,False,True,True,0.00011518101867598763,True,not_needed,,,,,0,False,1179,4734
26,2,0.0,0.0,uniform,0,uniform,0.5,guarded,stage1,,,0,4,0.03504987909027696,custom,"{""bfgs"": 0.21522143768405227, ""custom"": 0.006680195233323358}",0.006302094669081271,0.006302094669081271,stage3_l_opt,l_opt_current_alpha,0.6524702340764231,0.6638704876511058,0.08155877925955296,0.125,True,True,True,False,4.5587619145710974e-05,True,not_needed,,,,,0,False,1407,5973
26,2,0.0,0.0,uniform,0,uniform,0.5,guarded,stage1,,,0,5,0.03391880121450341,custom,"{""bfgs"": 0.21763127149602698, ""custom"": 0.00628932689242769}",0.006252764413754146,0.006252764413754146,stage3_l_opt,l_opt_current_alpha,0.24754871890063856,0.2528517341773335,0.030943589862579834,0.125,True,True,True,False,-4.93302553271251e-05,True,not_needed,,,,,0,False,1698,7329
26,2,0.0,0.0,uniform,0,uniform,0.5,guarded,stage1,,,0,6,0.03378028611546435,custom,"{""bfgs"": 0.025911136008192965, ""custom"": 0.0064205721350662276}",0.0062988437712192535,0.0062988437712192535,stage3_l_opt,l_opt_current_alpha,0.22146898966389622,0.2268712674023429,0.02768362370798705,0.125,True,True,True,False,4.6079357465107947e-05,True,not_needed,,,,,0,False,1932,8667
26,2,0.0,0.0,uniform,0,uniform,0.5,guarded,stage1,,,0,7,0.03466763143785273,custom,"{""bfgs"": 0.24468937645242114, ""custom"": 0.00651608512733193}",0.006252282570737104,0.006252282570737104,stage3_l_opt,l_opt_current_alpha,0.1889265208433409,0.1942296384774494,0.02361581510541766,0.125,True,True,True,False,-4.656120048214963e-05,True,not_needed,,,,,0,False,2229,9768
26,2,0.0,0.0,uniform,0,uniform,0.5,guarded,stage1,,,0,8,0.035062825714426704,custom,"{""bfgs"": 0.1123790674622259, ""custom"": 0.006685847464091143}",0.006304228018658857,0.006304228018658857,stage3_l_opt,l_opt_current_alpha,0.6533852128105292,0.6647901751467972,0.08167315160131616,0.125,True,True,True,False,5.194544792175293e-05,True,not_needed,,,,,0,False,2616,11043
26,2,0.0,0.0,uniform,0,uniform,0.5,guarded,stage1,,,0,9,0.03405179734702013,custom,"{""bfgs"": 0.21761040162005274, ""custom"": 0.006371016867347579}",0.006331656128168106,0.006331656128168106,stage3_l_opt,l_opt_current_alpha,0.25541752241565086,0.26089275566356374,0.03192719030195634,0.125,True,True,True,False,2.742810950924924e-05,True,not_needed,,,,,0,False,2790,12345
26,2,0.0,0.0,uniform,0,uniform,0.5,guarded,stage1,,,0,10,0.03379095661125098,custom,"{""bfgs"": 0.06820645771048557, ""custom"": 0.006392823244557557}",0.00626573587457339,0.00626573587457339,stage3_l_opt,l_opt_current_alpha,0.21640314281268713,0.22173373954425288,0.027050392851585836,0.125,True,True,True,False,-6.59202535947161e-05,True,not_needed,,,,,0,False,2994,13647
26,2,0.0,0.0,uniform,0,uniform,0.5,guarded,stage1,,,0,11,0.03464298099139579,custom,"{""bfgs"": 0.049357057514958703, ""custom"": 0.006524664280774713}",0.006258377145665388,0.006258377145665388,stage3_l_opt,l_opt_current_alpha,0.18863901724955745,0.19395504800741822,0.02357987715619464,0.125,True,True,True,False,-7.3587289080023766e-06,True,not_needed,,,,,0,False,3288,14748
26,2,0.0,0.0,uniform,0,uniform,0.5,guarded,stage1,,,0,12,0.03508796095955308,custom,"{""bfgs"": 0.0120426314654258, ""custom"": 0.006698615898318265}",0.0063112986196453376,0.0063112986196453376,stage3_l_opt,l_opt_current_alpha,0.6550355966467479,0.6664561931692975,0.08187944958084348,0.125,True,True,True,False,5.292147397994995e-05,True,not_needed,,,,,0,False,3534,16023
26,2,0.0,0.0,uniform,0,uniform,0.5,guarded,stage1,,,0,13,0.03388875339406211,custom,"{""bfgs"": 0.12481786331215383, ""custom"": 0.006319476428132031}",0.006280229737361272,0.006280229737361272,stage3_l_opt,l_opt_current_alpha,0.24917776608404907,0.25453949431966183,0.03114722076050619,0.125,True,True,True,False,-3.1068882284065666e-05,True,not_needed,,,,,0,False,3756,17271
26,2,0.0,0.0,uniform,0,uniform,0.5,guarded,stage1,,,0,14,0.033785480714131566,custom,"{""bfgs"": 0.2825309179441561, ""custom"": 0.006391798359410443}",0.006265365829070409,0.006265365829070409,stage3_l_opt,l_opt_current_alpha,0.21646637066760963,0.2217961769714686,0.027058296333451193,0.125,True,True,True,False,-1.4863908290863037e-05,True,not_needed,,,,,0,False,4407,18510
26,2,0.0,0.0,uniform,0,uniform,0.5,guarded,stage1,,,0,15,0.034658368281979546,custom,"{""bfgs"": 0.039468929071751084, ""custom"": 0.006517528382083306}",0.006251430721022189,0.006251430721022189,stage3_l_opt,l_opt_current_alpha,0.1880121346504275,0.1933134523893124,0.023501516831303415,0.125,True,True,True,False,-1.3935108048220186e-05,True,not_needed,,,,,0,False,4728,19611
26,2,0.0,0.0,uniform,0,uniform,0.5,guarded,stage1,,,0,16,0.03506893753290424,custom,"{""bfgs"": 0.21517665891264115, ""custom"": 0.006701722776874553}",0.006315980067787071,0.006315980067787071,stage3_l_opt,l_opt_current_alpha,0.6553715564032334,0.6668025279341925,0.08192144455040418,0.125,True,True,True,False,6.454934676488212e-05,True,not_needed,,,,,0,False,4926,20697
26,2,0.0,0.0,uniform,0,uniform,0.5,guarded,stage1,,,0,17,0.033942722398991376,custom,"{""bfgs"": 0.32283287429180785, ""custom"": 0.006336448785682648}",0.006297224511702855,0.006297224511702855,stage3_l_opt,l_opt_current_alpha,0.2512044686339498,0.25660318241904734,0.03140055857924379,0.125,True,True,True,False,-1.875555608421564e-05,True,not_needed,,,,,0,False,5112,21972
26,2,0.0,0.0,uniform,0,uniform,0.5,guarded,stage1,,,0,18,0.033787556814341146,custom,"{""bfgs"": 0.15851174068927737, ""custom"": 0.006392372388989806}",0.006265800446271896,0.006265800446271896,stage3_l_opt,l_opt_current_alpha,0.2164729340310111,0.2218036687135842,0.0270591167538764,0.125,True,True,True,False,-3.142406543095878e-05,True,not_needed,,,,,0,False,5343,23310
26,2,0.0,0.0,uniform,0,uniform,0.5,guarded,stage1,,,0,19,0.034658360333260696,custom,"{""bfgs"": 0.22167235231893795, ""custom"": 0.006517596199697294}",0.006251410852807264,0.006251410852807264,stage3_l_opt,l_opt_current_alpha,0.1879703307277336,0.1932716065011353,0.023496291340966646,0.125,True,True,True,False,-1.438959346463254e-05,True,not_needed,,,,,0,False,5652,24510
26,2,0.0,0.0,stage0,0,uniform,0.5,guarded,stage1,,,0,0,0.03312919662439373,custom,"{""bfgs"": 0.15146956881242904, ""custom"": 0.007033753838309417}",0.0064165232082207995,0.0064165232082207995,stage3_l_opt,l_opt_current_alpha,0.32946194272722507,0.3351229770935533,0.1647309713636126,0.5,False,True,True,False,,True,not_needed,,,,,0,False,195,1335
26,2,0.0,0.0,stage0,0,uniform,0.5,guarded,stage1,,,0,1,0.034456289537056706,custom,"{""bfgs"": 0.09716522958760275, ""custom"": 0.009789345705835088}",0.008650704005655522,0.008650704005655522,stage3_l_opt,l_opt_current_alpha,0.5406736207468608,0.5540069540801942,0.0823654856818063,0.25,False,False,True,True,0.002234180797434722,True,not_needed,,,,,0,False,1071,2802
26,2,0.0,0.0,stage0,0,uniform,0.5,guarded,stage1,,,0,2,0.034838561041013794,custom,"{""bfgs"": 0.0299823568114459, ""custom"": 0.007025518139800922}",0.006278163404203951,0.006278163404203951,stage3_l_opt,l_opt_current_alpha,0.23229760424049228,0.2376566212026384,0.058074401060123126,0.25,True,True,True,False,-0.00013835980401684812,True,not_needed,,,,,0,False,1404,3999
26,2,0.0,0.0,stage0,0,uniform,0.5,guarded,stage1,,,0,3,0.011084502069587332,custom,"{""bfgs"": 0.22139113932413376, ""custom"": 0.006944500045381228}",0.006744217127561569,0.006744217127561569,stage3_l_opt,l_opt_current_alpha,0.2348055373861656,0.2414009285157768,0.029037200530061646,0.125,False,False,True,True,0.00046605372335761786,True,not_needed,,,,,0,False,1704,5292
26,2,0.0,0.0,stage0,0,uniform,0.5,guarded,stage1,,,0,4,0.03532992179700539,custom,"{""bfgs"": 0.05976958653850874, ""custom"": 0.007165289984762299}",0.006341103425559898,0.006341103425559898,stage3_l_opt,l_opt_current_alpha,0.21012357543696494,0.215622657128224,0.026265446929620517,0.125,True,True,True,False,6.294002135594657e-05,True,not_needed,,,,,0,False,1959,6534
26,2,0.0,0.0,stage0,0,uniform,0.5,guarded,stage1,,,0,5,0.035168575201332875,bfgs,"{""bfgs"": 0.008738638679367, ""custom"": 0.008738638679367}",0.007763382018310949,0.007763382018310949,stage3_l_opt,l_opt_current_alpha,0.5677364589689848,0.5810697923023183,0.01313272346481037,0.0625,False,False,True,True,0.0014222785927510513,True,recovered_informative,10,0.011560328222947473,0.008738638679367,0.002821689543580473,1,True,2274,9504
26,2,0.0,0.0,stage0,0,uniform,0.5,guarded,stage1,,,0,6,0.03562988737238465,custom,"{""bfgs"": 0.16702776353172077, ""custom"": 0.007249009061469791}",0.006375716349187617,0.006375716349187617,stage3_l_opt,l_opt_current_alpha,0.20090086492124798,0.20647974279514159,0.012556304057578016,0.0625,True,True,True,False,3.461292362771928e-05,True,not_needed,,,,,0,False,2625,11025
26,2,0.0,0.0,stage0,0,uniform,0.5,guarded,stage1,,,0,7,0.035168575201332875,bfgs,"{""bfgs"": 0.00873741788000457, ""custom"": 0.00873741788000457}",0.007763382018310949,0.007763382018310949,stage3_l_opt,l_opt_current_alpha,0.568312878376217,0.5816462117095503,0.010045043246062424,0.05,False,False,True,True,0.001387665669123332,True,recovered_informative,10,0.011361020194727851,0.00873741788000457,0.0026236023147232813,1,True,2985,13743
26,2,0.0,0.0,stage0,0,uniform,0.5,guarded,stage1,,,0,8,0.035168575201332986,bfgs,"{""bfgs"": 0.008729207594079804, ""custom"": 0.008729207594079804}",0.007763382018310949,0.007763382018310949,stage3_l_opt,l_opt_current_alpha,0.5708241391877326,0.5841574725210659,0.010045043246062424,0.05,False,False,True,True,0.001387665669123332,True,recovered_informative,10,0.011111654478966566,0.008729207594079804,0.0023824468848867627,1,True,3420,16311
26,2,0.0,0.0,stage0,0,uniform,0.5,guarded,stage1,,,0,9,0.035168575201332986,bfgs,"{""bfgs"": 0.008729207594079804, ""custom"": 0.008729207594079804}",0.007763382018310949,0.007763382018310949,stage3_l_opt,l_opt_current_alpha,0.5708241391877326,0.5841574725210659,0.010045043246062424,0.05,False,False,True,True,0.001387665669123332,True,recovered_informative,10,0.011111654478966566,0.008729207594079804,0.0023824468848867627,1,True,3855,18879
26,2,0.0,0.0,stage0,0,uniform,0.5,guarded,stage1,,,0,10,0.035168575201332986,bfgs,"{""bfgs"": 0.008729207594079804, ""custom"": 0.008729207594079804}",0.007763382018310949,0.007763382018310949,stage3_l_opt,l_opt_current_alpha,0.5708241391877326,0.5841574725210659,0.010045043246062424,0.05,False,False,True,True,0.001387665669123332,True,recovered_informative,10,0.011111654478966566,0.008729207594079804,0.0023824468848867627,1,True,4290,21447
26,2,0.0,0.0,stage0,0,uniform,0.5,guarded,stage1,,,0,11,0.035168575201332986,bfgs,"{""bfgs"": 0.008729207594079804, ""custom"": 0.008729207594079804}",0.007763382018310949,0.007763382018310949,stage3_l_opt,l_opt_current_alpha,0.5708241391877326,0.5841574725210659,0.010045043246062424,0.05,False,False,True,True,0.001387665669123332,True,recovered_informative,10,0.011111654478966566,0.008729207594079804,0.0023824468848867627,1,True,4725,24015
26,2,0.0,0.0,stage0,0,uniform,0.5,guarded,stage1,,,0,12,0.035168575201332986,bfgs,"{""bfgs"": 0.008729207594079804, ""custom"": 0.008729207594079804}",0.007763382018310949,0.007763382018310949,stage3_l_opt,l_opt_current_alpha,0.5708241391877326,0.5841574725210659,0.010045043246062424,0.05,False,False,True,True,0.001387665669123332,True,recovered_informative,10,0.011111654478966566,0.008729207594079804,0.0023824468848867627,1,True,5160,26583
26,2,0.0,0.0,stage0,0,uniform,0.5,guarded,stage1,,,0,13,0.035168575201332986,bfgs,"{""bfgs"": 0.008729207594079804, ""custom"": 0.008729207594079804}",0.007763382018310949,0.007763382018310949,stage3_l_opt,l_opt_current_alpha,0.5708241391877326,0.5841574725210659,0.010045043246062424,0.05,False,False,True,True,0.001387665669123332,True,recovered_informative,10,0.011111654478966566,0.008729207594079804,0.0023824468848867627,1,True,5595,29151
26,2,0.0,0.0,stage0,0,uniform,0.5,guarded,stage1,,,0,14,0.035168575201332986,bfgs,"{""bfgs"": 0.008729207594079804, ""custom"": 0.008729207594079804}",0.007763382018310949,0.007763382018310949,stage3_l_opt,l_opt_current_alpha,0.5708241391877326,0.5841574725210659,0.010045043246062424,0.05,False,False,True,True,0.001387665669123332,True,recovered_informative,10,0.011111654478966566,0.008729207594079804,0.0023824468848867627,1,True,6030,31719
26,2,0.0,0.0,stage0,0,uniform,0.5,guarded,stage1,,,0,15,0.035168575201332986,bfgs,"{""bfgs"": 0.008729207594079804, ""custom"": 0.008729207594079804}",0.007763382018310949,0.007763382018310949,stage3_l_opt,l_opt_current_alpha,0.5708241391877326,0.5841574725210659,0.010045043246062424,0.05,False,False,True,True,0.001387665669123332,True,recovered_informative,10,0.011111654478966566,0.008729207594079804,0.0023824468848867627,1,True,6465,34287
26,2,0.0,0.0,stage0,0,uniform,0.5,guarded,stage1,,,0,16,0.035168575201332986,bfgs,"{""bfgs"": 0.008729207594079804, ""custom"": 0.008729207594079804}",0.007763382018310949,0.007763382018310949,stage3_l_opt,l_opt_current_alpha,0.5708241391877326,0.5841574725210659,0.010045043246062424,0.05,False,False,True,True,0.001387665669123332,True,recovered_informative,10,0.011111654478966566,0.008729207594079804,0.0023824468848867627,1,True,6900,36855
26,2,0.0,0.0,stage0,0,uniform,0.5,guarded,stage1,,,0,17,0.035168575201332986,bfgs,"{""bfgs"": 0.008729207594079804, ""custom"": 0.008729207594079804}",0.007763382018310949,0.007763382018310949,stage3_l_opt,l_opt_current_alpha,0.5708241391877326,0.5841574725210659,0.010045043246062424,0.05,False,False,True,True,0.001387665669123332,True,recovered_informative,10,0.011111654478966566,0.008729207594079804,0.0023824468848867627,1,True,7335,39423
26,2,0.0,0.0,stage0,0,uniform,0.5,guarded,stage1,,,0,18,0.035168575201332986,bfgs,"{""bfgs"": 0.008729207594079804, ""custom"": 0.008729207594079804}",0.007763382018310949,0.007763382018310949,stage3_l_opt,l_opt_current_alpha,0.5708241391877326,0.5841574725210659,0.010045043246062424,0.05,False,False,True,True,0.001387665669123332,True,recovered_informative,10,0.011111654478966566,0.008729207594079804,0.0023824468848867627,1,True,7770,41991
26,2,0.0,0.0,stage0,0,uniform,0.5,guarded,stage1,,,0,19,0.035168575201332986,bfgs,"{""bfgs"": 0.008729207594079804, ""custom"": 0.008729207594079804}",0.007763382018310949,0.007763382018310949,stage3_l_opt,l_opt_current_alpha,0.5708241391877326,0.5841574725210659,0.010045043246062424,0.05,False,False,True,True,0.001387665669123332,True,recovered_informative,10,0.011111654478966566,0.008729207594079804,0.0023824468848867627,1,True,8205,44559
27,2,0.0,0.0,uniform,0,uniform,0.5,guarded,stage1,,,0,0,0.0010614058146671823,custom,"{""bfgs"": 0.004985239977637926, ""custom"": 0.004832751428087551}",0.004832751428087552,0.004832751428087552,stage3_l_opt,l_opt_current_alpha,0.4706454484134629,0.4802504575647581,0.23532272420673145,0.5,False,True,True,False,,True,recovered_informative,13,0.008671447013815243,0.004985239977637926,0.0036862070361773167,1,True,459,1440
27,2,0.0,0.0,uniform,0,uniform,0.5,guarded,stage1,,,0,1,0.0013999121795303937,custom,"{""bfgs"": 0.005862408290092875, ""custom"": 0.005267945150860042}",0.004478812838594119,0.004478812838594119,stage3_l_opt,l_opt_current_alpha,0.0556392711215076,0.0615772710261655,0.027819635560753786,0.5,True,True,True,False,-0.00035393858949343306,True,recovered_informative,13,0.009502520926816077,0.005862408290092875,0.003640112636723203,1,True,927,2784
27,2,0.0,0.0,uniform,0,uniform,0.5,guarded,stage1,,,0,2,0.003351245502710487,custom,"{""bfgs"": 0.0059689906387768, ""custom"": 0.0044195853115310815}",0.0036916577567656836,0.0036916577567656836,stage3_l_opt,l_opt_current_alpha,0.10676662928931352,0.10357528785098347,0.05338331464465673,0.5,True,True,True,False,-0.0007871550818284354,True,recovered_informative,13,0.00921332261511003,0.0059689906387768,0.00324433197633323,1,True,1461,4128
27,2,0.0,0.0,uniform,0,uniform,0.5,guarded,stage1,,,0,3,0.0032805080975173984,custom,"{""bfgs"": 0.005770308986437874, ""custom"": 0.005165116474812598}",0.004464214667677879,0.004464214667677879,stage3_l_opt,l_opt_current_alpha,0.07655247229860773,0.08239556449088198,0.026691657322328366,0.25,False,False,True,True,0.0007725569109121957,True,recovered_informative,13,0.00937934795233721,0.005770308986437874,0.0036090389658993364,1,True,2034,5556
27,2,0.0,0.0,uniform,0,uniform,0.5,guarded,stage1,,,0,4,0.0012525175584657822,custom,"{""bfgs"": 0.005869649812607337, ""custom"": 0.005276196152963758}",0.0044829317679007845,0.0044829317679007845,stage3_l_opt,l_opt_current_alpha,0.055827584078179754,0.06179244706845194,0.013345828661164183,0.125,False,False,True,True,0.0007912740111351009,True,recovered_informative,13,0.009525445565314754,0.005869649812607337,0.003655795752707417,1,True,2511,6900
27,2,0.0,0.0,uniform,0,uniform,0.5,guarded,stage1,,,0,5,0.00344841958603187,custom,"{""bfgs"": 0.005919320225692069, ""custom"": 0.004419663666272581}",0.003723376120130221,0.003723376120130221,stage3_l_opt,l_opt_current_alpha,0.09045080813539247,0.08719885460537347,0.011306351016924093,0.125,True,True,True,False,3.171836336453727e-05,True,recovered_informative,13,0.00959935534711607,0.005919320225692069,0.003680035121424002,1,True,3003,8244
27,2,0.0,0.0,uniform,0,uniform,0.5,guarded,stage1,,,0,6,0.0013956762020280733,custom,"{""bfgs"": 0.005877248721555243, ""custom"": 0.005281200612866946}",0.004481224343180656,0.004481224343180656,stage3_l_opt,l_opt_current_alpha,0.05324102016422971,0.059194718128589396,0.005653175508462088,0.0625,False,False,True,True,0.0007578482230504355,True,recovered_informative,13,0.009538126349724656,0.005877248721555243,0.003660877628169413,1,True,3420,9612
27,2,0.0,0.0,uniform,0,uniform,0.5,guarded,stage1,,,0,7,0.0013290820211427357,custom,"{""bfgs"": 0.005898284473623656, ""custom"": 0.0052984455994595815}",0.00447821927567323,0.00447821927567323,stage3_l_opt,l_opt_current_alpha,0.04662993084313191,0.05256407954600931,0.004522540406769637,0.05,False,False,True,True,0.0007548431555430093,True,recovered_informative,13,0.00958214246177649,0.005898284473623656,0.0036838579881528343,1,True,3900,10956
27,2,0.0,0.0,uniform,0,uniform,0.5,guarded,stage1,,,0,8,0.003412541932174662,custom,"{""bfgs"": 0.0059024916240373385, ""custom"": 0.004289313330269396}",0.003622325137257576,0.003622325137257576,stage3_l_opt,l_opt_current_alpha,0.09501990424728951,0.09195349431969235,0.004750995212364495,0.05,True,True,True,False,-0.00010105098287264492,True,recovered_informative,13,0.009589455179216444,0.0059024916240373385,0.0036869635551791055,1,True,4374,12300
27,2,0.0,0.0,uniform,0,uniform,0.5,guarded,stage1,,,0,9,0.0014074557351591022,custom,"{""bfgs"": 0.005884802313428113, ""custom"": 0.005285414201850682}",0.004477474217613538,0.004477474217613538,stage3_l_opt,l_opt_current_alpha,0.05001376405937072,0.05594308568276979,0.004750995212364495,0.05,False,False,True,True,0.0008551490803559618,True,recovered_informative,13,0.00956167956240776,0.005884802313428113,0.003676877248979646,1,True,4965,13644
27,2,0.0,0.0,uniform,0,uniform,0.5,guarded,stage1,,,0,10,0.0014074557351591022,custom,"{""bfgs"": 0.005884802313428113, ""custom"": 0.005285414201850682}",0.004477474217613538,0.004477474217613538,stage3_l_opt,l_opt_current_alpha,0.05001376405937072,0.05594308568276979,0.004750995212364495,0.05,False,False,True,True,0.0008551490803559618,True,recovered_informative,13,0.00956167956240776,0.005884802313428113,0.003676877248979646,1,True,5556,14988
27,2,0.0,0.0,uniform,0,uniform,0.5,guarded,stage1,,,0,11,0.0014074557351591022,custom,"{""bfgs"": 0.005884802313428113, ""custom"": 0.005285414201850682}",0.004477474217613538,0.004477474217613538,stage3_l_opt,l_opt_current_alpha,0.05001376405937072,0.05594308568276979,0.004750995212364495,0.05,False,False,True,True,0.0008551490803559618,True,recovered_informative,13,0.00956167956240776,0.005884802313428113,0.003676877248979646,1,True,6147,16332
27,2,0.0,0.0,uniform,0,uniform,0.5,guarded,stage1,,,0,12,0.0014074557351591022,custom,"{""bfgs"": 0.005884802313428113, ""custom"": 0.005285414201850682}",0.004477474217613538,0.004477474217613538,stage3_l_opt,l_opt_current_alpha,0.05001376405937072,0.05594308568276979,0.004750995212364495,0.05,False,False,True,True,0.0008551490803559618,True,recovered_informative,13,0.00956167956240776,0.005884802313428113,0.003676877248979646,1,True,6738,17676
27,2,0.0,0.0,uniform,0,uniform,0.5,guarded,stage1,,,0,13,0.0014074557351591022,custom,"{""bfgs"": 0.005884802313428113, ""custom"": 0.005285414201850682}",0.004477474217613538,0.004477474217613538,stage3_l_opt,l_opt_current_alpha,0.05001376405937072,0.05594308568276979,0.004750995212364495,0.05,False,False,True,True,0.0008551490803559618,True,recovered_informative,13,0.00956167956240776,0.005884802313428113,0.003676877248979646,1,True,7329,19020
27,2,0.0,0.0,uniform,0,uniform,0.5,guarded,stage1,,,0,14,0.0014074557351591022,custom,"{""bfgs"": 0.005884802313428113, ""custom"": 0.005285414201850682}",0.004477474217613538,0.004477474217613538,stage3_l_opt,l_opt_current_alpha,0.05001376405937072,0.05594308568276979,0.004750995212364495,0.05,False,False,True,True,0.0008551490803559618,True,recovered_informative,13,0.00956167956240776,0.005884802313428113,0.003676877248979646,1,True,7920,20364
27,2,0.0,0.0,uniform,0,uniform,0.5,guarded,stage1,,,0,15,0.0014074557351591022,custom,"{""bfgs"": 0.005884802313428113, ""custom"": 0.005285414201850682}",0.004477474217613538,0.004477474217613538,stage3_l_opt,l_opt_current_alpha,0.05001376405937072,0.05594308568276979,0.004750995212364495,0.05,False,False,True,True,0.0008551490803559618,True,recovered_informative,13,0.00956167956240776,0.005884802313428113,0.003676877248979646,1,True,8511,21708
27,2,0.0,0.0,uniform,0,uniform,0.5,guarded,stage1,,,0,16,0.0014074557351591022,custom,"{""bfgs"": 0.005884802313428113, ""custom"": 0.005285414201850682}",0.004477474217613538,0.004477474217613538,stage3_l_opt,l_opt_current_alpha,0.05001376405937072,0.05594308568276979,0.004750995212364495,0.05,False,False,True,True,0.0008551490803559618,True,recovered_informative,13,0.00956167956240776,0.005884802313428113,0.003676877248979646,1,True,9102,23052
27,2,0.0,0.0,uniform,0,uniform,0.5,guarded,stage1,,,0,17,0.0014074557351591022,custom,"{""bfgs"": 0.005884802313428113, ""custom"": 0.005285414201850682}",0.004477474217613538,0.004477474217613538,stage3_l_opt,l_opt_current_alpha,0.05001376405937072,0.05594308568276979,0.004750995212364495,0.05,False,False,True,True,0.0008551490803559618,True,recovered_informative,13,0.00956167956240776,0.005884802313428113,0.003676877248979646,1,True,9693,24396
27,2,0.0,0.0,uniform,0,uniform,0.5,guarded,stage1,,,0,18,0.0014074557351591022,custom,"{""bfgs"": 0.005884802313428113, ""custom"": 0.005285414201850682}",0.004477474217613538,0.004477474217613538,stage3_l_opt,l_opt_current_alpha,0.05001376405937072,0.05594308568276979,0.004750995212364495,0.05,False,False,True,True,0.0008551490803559618,True,recovered_informative,13,0.00956167956240776,0.005884802313428113,0.003676877248979646,1,True,10284,25740
27,2,0.0,0.0,uniform,0,uniform,0.5,guarded,stage1,,,0,19,0.0014074557351591022,custom,"{""bfgs"": 0.005884802313428113, ""custom"": 0.005285414201850682}",0.004477474217613538,0.004477474217613538,stage3_l_opt,l_opt_current_alpha,0.05001376405937072,0.05594308568276979,0.004750995212364495,0.05,False,False,True,True,0.0008551490803559618,True,recovered_informative,13,0.00956167956240776,0.005884802313428113,0.003676877248979646,1,True,10875,27084
27,2,0.0,0.0,stage0,0,uniform,0.5,guarded,stage1,,,0,0,0.0008700394239352649,custom,"{""bfgs"": 0.005370781732850001, ""custom"": 0.00489275119618647}",0.00453630027671655,0.00453630027671655,stage3_l_opt,l_opt_current_alpha,0.19863605010963414,0.20486459735632132,0.09931802505481707,0.5,False,True,True,False,,True,recovered_informative,13,0.009078680145425795,0.005370781732850001,0.003707898412575794,1,True,396,1236
27,2,0.0,0.0,stage0,0,uniform,0.5,guarded,stage1,,,0,1,0.0012476790586479214,custom,"{""bfgs"": 0.0057457035476458545, ""custom"": 0.005169428765511988}",0.004482215270400047,0.004482215270400047,stage3_l_opt,l_opt_current_alpha,0.08616766953107449,0.09212784217523629,0.04308383476553729,0.5,True,True,True,False,-5.40850063165026e-05,True,recovered_informative,13,0.009318557481492531,0.0057457035476458545,0.003572853933846677,1,True,924,2580
27,2,0.0,0.0,stage0,0,uniform,0.5,guarded,stage1,,,0,2,0.0033664479835954775,custom,"{""bfgs"": 0.005912672349299003, ""custom"": 0.004387339635251406}",0.003696821009119352,0.003696821009119352,stage3_l_opt,l_opt_current_alpha,0.09211299338051626,0.08891193967811056,0.04605649669025813,0.5,True,True,True,False,-0.0007853942612806955,True,recovered_informative,13,0.00957364628582812,0.005912672349299003,0.003660973936529117,1,True,1377,4614
27,2,0.0,0.0,stage0,0,uniform,0.5,guarded,stage1,,,0,3,0.00401266858626087,custom,"{""bfgs"": 0.0057430408249291845, ""custom"": 0.005181998832732418}",0.004498012984792392,0.004498012984792392,stage3_l_opt,l_opt_current_alpha,0.09421316268796262,0.10027686250012785,0.02302824834512912,0.25,False,False,True,True,0.0008011919756730399,True,recovered_informative,13,0.00935025257879522,0.0057430408249291845,0.0036072117538660355,1,True,1866,6066
27,2,0.0,0.0,stage0,0,uniform,0.5,guarded,stage1,,,0,4,0.0012323175346825033,custom,"{""bfgs"": 0.005827856587114093, ""custom"": 0.005239487202796406}",0.00448133610188961,0.00448133610188961,stage3_l_opt,l_opt_current_alpha,0.06583057043527932,0.07178499792280058,0.01151412417256456,0.125,False,False,True,True,0.0007845150927702584,True,recovered_informative,13,0.009429140170178768,0.005827856587114093,0.003601283583064675,1,True,2355,7410
27,2,0.0,0.0,stage0,0,uniform,0.5,guarded,stage1,,,0,5,0.0014047016574266769,custom,"{""bfgs"": 0.005870264468206548, ""custom"": 0.0052738564809702085}",0.004477081820368767,0.004477081820368767,stage3_l_opt,l_opt_current_alpha,0.05296184272209373,0.05888862523939831,0.005757062086282239,0.0625,False,False,True,True,0.0007802608112494149,True,recovered_informative,13,0.009512442599238089,0.005870264468206548,0.003642178131031541,1,True,2823,8754
27,2,0.0,0.0,stage0,0,uniform,0.5,guarded,stage1,,,0,6,0.0034095200966034467,custom,"{""bfgs"": 0.005891468408752775, ""custom"": 0.004284776886553418}",0.0036242101341485977,0.0036242101341485977,stage3_l_opt,l_opt_current_alpha,0.09279338761957928,0.0897237105768745,0.0057995867262237155,0.0625,True,True,True,False,-7.261087497075413e-05,True,recovered_informative,13,0.009540095383278461,0.005891468408752775,0.003648626974525686,1,True,3321,10098
27,2,0.0,0.0,stage0,0,uniform,0.5,guarded,stage1,,,0,7,0.00140918734221257,custom,"{""bfgs"": 0.005870083186253259, ""custom"": 0.005274849717883846}",0.0044787731021642685,0.0044787731021642685,stage3_l_opt,l_opt_current_alpha,0.05354137846177581,0.059479120389279244,0.004639669380979039,0.05,False,False,True,True,0.0008545629680156708,True,recovered_informative,13,0.009511346958575105,0.005870083186253259,0.003641263772321846,1,True,3828,11442
27,2,0.0,0.0,stage0,0,uniform,0.5,guarded,stage1,,,0,8,0.0014294988702079348,custom,"{""bfgs"": 0.005874360230753163, ""custom"": 0.005281140631441486}",0.0044824300954739256,0.0044824300954739256,stage3_l_opt,l_opt_current_alpha,0.05354943654171729,0.059511014702387705,0.004639669380979039,0.05,False,False,True,True,0.0008582199613253278,True,recovered_informative,13,0.009517018367323557,0.005874360230753163,0.0036426581365703948,1,True,4263,12786
27,2,0.0,0.0,stage0,0,uniform,0.5,guarded,stage1,,,0,9,0.0014294988702079348,custom,"{""bfgs"": 0.005874360230753163, ""custom"": 0.005281140631441486}",0.0044824300954739256,0.0044824300954739256,stage3_l_opt,l_opt_current_alpha,0.05354943654171729,0.059511014702387705,0.004639669380979039,0.05,False,False,True,True,0.0008582199613253278,True,recovered_informative,13,0.009517018367323557,0.005874360230753163,0.0036426581365703948,1,True,4698,14130
27,2,0.0,0.0,stage0,0,uniform,0.5,guarded,stage1,,,0,10,0.0014294988702079348,custom,"{""bfgs"": 0.005874360230753163, ""custom"": 0.005281140631441486}",0.0044824300954739256,0.0044824300954739256,stage3_l_opt,l_opt_current_alpha,0.05354943654171729,0.059511014702387705,0.004639669380979039,0.05,False,False,True,True,0.0008582199613253278,True,recovered_informative,13,0.009517018367323557,0.005874360230753163,0.0036426581365703948,1,True,5133,15474
27,2,0.0,0.0,stage0,0,uniform,0.5,guarded,stage1,,,0,11,0.0014294988702079348,custom,"{""bfgs"": 0.005874360230753163, ""custom"": 0.005281140631441486}",0.0044824300954739256,0.0044824300954739256,stage3_l_opt,l_opt_current_alpha,0.05354943654171729,0.059511014702387705,0.004639669380979039,0.05,False,False,True,True,0.0008582199613253278,True,recovered_informative,13,0.009517018367323557,0.005874360230753163,0.0036426581365703948,1,True,5568,16818
27,2,0.0,0.0,stage0,0,uniform,0.5,guarded,stage1,,,0,12,0.0014294988702079348,custom,"{""bfgs"": 0.005874360230753163, ""custom"": 0.005281140631441486}",0.0044824300954739256,0.0044824300954739256,stage3_l_opt,l_opt_current_alpha,0.05354943654171729,0.059511014702387705,0.004639669380979039,0.05,False,False,True,True,0.0008582199613253278,True,recovered_informative,13,0.009517018367323557,0.005874360230753163,0.0036426581365703948,1,True,6003,18162
27,2,0.0,0.0,stage0,0,uniform,0.5,guarded,stage1,,,0,13,0.0014294988702079348,custom,"{""bfgs"": 0.005874360230753163, ""custom"": 0.005281140631441486}",0.0044824300954739256,0.0044824300954739256,stage3_l_opt,l_opt_current_alpha,0.05354943654171729,0.059511014702387705,0.004639669380979039,0.05,False,False,True,True,0.0008582199613253278,True,recovered_informative,13,0.009517018367323557,0.005874360230753163,0.0036426581365703948,1,True,6438,19506
27,2,0.0,0.0,stage0,0,uniform,0.5,guarded,stage1,,,0,14,0.0014294988702079348,custom,"{""bfgs"": 0.005874360230753163, ""custom"": 0.005281140631441486}",0.0044824300954739256,0.0044824300954739256,stage3_l_opt,l_opt_current_alpha,0.05354943654171729,0.059511014702387705,0.004639669380979039,0.05,False,False,True,True,0.0008582199613253278,True,recovered_informative,13,0.009517018367323557,0.005874360230753163,0.0036426581365703948,1,True,6873,20850
27,2,0.0,0.0,stage0,0,uniform,0.5,guarded,stage1,,,0,15,0.0014294988702079348,custom,"{""bfgs"": 0.005874360230753163, ""custom"": 0.005281140631441486}",0.0044824300954739256,0.0044824300954739256,stage3_l_opt,l_opt_current_alpha,0.05354943654171729,0.059511014702387705,0.004639669380979039,0.05,False,False,True,True,0.0008582199613253278,True,recovered_informative,13,0.009517018367323557,0.005874360230753163,0.0036426581365703948,1,True,7308,22194
27,2,0.0,0.0,stage0,0,uniform,0.5,guarded,stage1,,,0,16,0.0014294988702079348,custom,"{""bfgs"": 0.005874360230753163, ""custom"": 0.005281140631441486}",0.0044824300954739256,0.0044824300954739256,stage3_l_opt,l_opt_current_alpha,0.05354943654171729,0.059511014702387705,0.004639669380979039,0.05,False,False,True,True,0.0008582199613253278,True,recovered_informative,13,0.009517018367323557,0.005874360230753163,0.0036426581365703948,1,True,7743,23538
27,2,0.0,0.0,stage0,0,uniform,0.5,guarded,stage1,,,0,17,0.0014294988702079348,custom,"{""bfgs"": 0.005874360230753163, ""custom"": 0.005281140631441486}",0.0044824300954739256,0.0044824300954739256,stage3_l_opt,l_opt_current_alpha,0.05354943654171729,0.059511014702387705,0.004639669380979039,0.05,False,False,True,True,0.0008582199613253278,True,recovered_informative,13,0.009517018367323557,0.005874360230753163,0.0036426581365703948,1,True,8178,24882
27,2,0.0,0.0,stage0,0,uniform,0.5,guarded,stage1,,,0,18,0.0014294988702079348,custom,"{""bfgs"": 0.005874360230753163, ""custom"": 0.005281140631441486}",0.0044824300954739256,0.0044824300954739256,stage3_l_opt,l_opt_current_alpha,0.05354943654171729,0.059511014702387705,0.004639669380979039,0.05,False,False,True,True,0.0008582199613253278,True,recovered_informative,13,0.009517018367323557,0.005874360230753163,0.0036426581365703948,1,True,8613,26226
27,2,0.0,0.0,stage0,0,uniform,0.5,guarded,stage1,,,0,19,0.0014294988702079348,custom,"{""bfgs"": 0.005874360230753163, ""custom"": 0.005281140631441486}",0.0044824300954739256,0.0044824300954739256,stage3_l_opt,l_opt_current_alpha,0.05354943654171729,0.059511014702387705,0.004639669380979039,0.05,False,False,True,True,0.0008582199613253278,True,recovered_informative,13,0.009517018367323557,0.005874360230753163,0.0036426581365703948,1,True,9048,27570
28,2,0.0,0.0,uniform,0,uniform,0.5,guarded,stage1,,,0,0,0.0004162951191339567,custom,"{""bfgs"": 0.1379910558462143, ""custom"": 0.011424590212603409}",0.01142459021260341,0.01142459021260341,stage3_l_opt,l_opt_current_alpha,1.3066666666666666,1.3333333333333335,0.6533333333333333,0.5,False,True,True,False,,True,not_needed,,,,,0,False,927,1212
28,2,0.0,0.0,uniform,0,uniform,0.5,guarded,stage1,,,0,1,0.021939605214982113,custom,"{""bfgs"": 0.13056482940912245, ""custom"": 0.011785580553114414}",0.02310897968709469,0.02310897968709469,stage3_l_opt,l_opt_current_alpha,0.6533333333333333,0.6799999999999999,0.3266666666666667,0.25,False,False,True,True,0.011684389474491278,True,not_needed,,,,,0,False,1755,2007
28,2,0.0,0.0,uniform,0,uniform,0.5,guarded,stage1,,,0,2,0.012862464364777615,bfgs,"{""bfgs"": 0.004022616383930047, ""custom"": 0.004022616383930047}",0.004843379060427348,0.004843379060427348,stage3_l_opt,l_opt_current_alpha,0.98,1.0066666666666666,0.24500000000000005,0.25,True,True,True,False,-0.0065812111521760626,True,recovered_informative,20,0.017274454552680254,0.004022616383930047,0.013251838168750207,1,True,2583,3807
28,2,0.0,0.0,uniform,0,uniform,0.5,guarded,stage1,,,0,3,0.02009265412059773,custom,"{""bfgs"": 0.1314931029205521, ""custom"": 0.012272655097767711}",0.021483656018972397,0.021483656018972397,stage3_l_opt,l_opt_current_alpha,0.7349999999999999,0.7616666666666665,0.12250000000000005,0.125,False,False,True,True,0.016640276958545048,True,not_needed,,,,,0,False,3441,5103
28,2,0.0,0.0,uniform,0,uniform,0.5,guarded,stage1,,,0,4,0.01775398547683355,custom,"{""bfgs"": 0.13288549053793153, ""custom"": 0.011759214328291514}",0.017688338955243427,0.017688338955243427,stage3_l_opt,l_opt_current_alpha,0.8574999999999999,0.8841666666666665,0.06124999999999997,0.0625,False,False,True,True,0.012844959894816078,True,not_needed,,,,,0,False,3879,5904
28,2,0.0,0.0,uniform,0,uniform,0.5,guarded,stage1,,,0,5,0.01764526117796829,custom,"{""bfgs"": 0.13358173717589428, ""custom"": 0.012438812215114014}",0.017542613670229912,0.017542613670229912,stage3_l_opt,l_opt_current_alpha,0.91875,0.9454166666666666,0.04899999999999999,0.05,False,False,True,True,0.012699234609802563,True,not_needed,,,,,0,False,4761,6636
28,2,0.0,0.0,uniform,0,uniform,0.5,guarded,stage1,,,0,6,0.01769587455349672,custom,"{""bfgs"": 0.13372098295266427, ""custom"": 0.012693575011255839}",0.017672918116052944,0.017672918116052944,stage3_l_opt,l_opt_current_alpha,0.931,0.9576666666666667,0.04899999999999999,0.05,False,False,True,True,0.012829539055625595,True,not_needed,,,,,0,False,5652,7803
28,2,0.0,0.0,uniform,0,uniform,0.5,guarded,stage1,,,0,7,0.01769587455349672,custom,"{""bfgs"": 0.13372098295266427, ""custom"": 0.012693575011255839}",0.017672918116052944,0.017672918116052944,stage3_l_opt,l_opt_current_alpha,0.931,0.9576666666666667,0.04899999999999999,0.05,False,False,True,True,0.012829539055625595,True,not_needed,,,,,0,False,6543,8970
28,2,0.0,0.0,uniform,0,uniform,0.5,guarded,stage1,,,0,8,0.01769587455349672,custom,"{""bfgs"": 0.13372098295266427, ""custom"": 0.012693575011255839}",0.017672918116052944,0.017672918116052944,stage3_l_opt,l_opt_current_alpha,0.931,0.9576666666666667,0.04899999999999999,0.05,False,False,True,True,0.012829539055625595,True,not_needed,,,,,0,False,7434,10137
28,2,0.0,0.0,uniform,0,uniform,0.5,guarded,stage1,,,0,9,0.01769587455349672,custom,"{""bfgs"": 0.13372098295266427, ""custom"": 0.012693575011255839}",0.017672918116052944,0.017672918116052944,stage3_l_opt,l_opt_current_alpha,0.931,0.9576666666666667,0.04899999999999999,0.05,False,False,True,True,0.012829539055625595,True,not_needed,,,,,0,False,8325,11304
28,2,0.0,0.0,uniform,0,uniform,0.5,guarded,stage1,,,0,10,0.01769587455349672,custom,"{""bfgs"": 0.13372098295266427, ""custom"": 0.012693575011255839}",0.017672918116052944,0.017672918116052944,stage3_l_opt,l_opt_current_alpha,0.931,0.9576666666666667,0.04899999999999999,0.05,False,False,True,True,0.012829539055625595,True,not_needed,,,,,0,False,9216,12471
28,2,0.0,0.0,uniform,0,uniform,0.5,guarded,stage1,,,0,11,0.01769587455349672,custom,"{""bfgs"": 0.13372098295266427, ""custom"": 0.012693575011255839}",0.017672918116052944,0.017672918116052944,stage3_l_opt,l_opt_current_alpha,0.931,0.9576666666666667,0.04899999999999999,0.05,False,False,True,True,0.012829539055625595,True,not_needed,,,,,0,False,10107,13638
28,2,0.0,0.0,uniform,0,uniform,0.5,guarded,stage1,,,0,12,0.01769587455349672,custom,"{""bfgs"": 0.13372098295266427, ""custom"": 0.012693575011255839}",0.017672918116052944,0.017672918116052944,stage3_l_opt,l_opt_current_alpha,0.931,0.9576666666666667,0.04899999999999999,0.05,False,False,True,True,0.012829539055625595,True,not_needed,,,,,0,False,10998,14805
28,2,0.0,0.0,uniform,0,uniform,0.5,guarded,stage1,,,0,13,0.01769587455349672,custom,"{""bfgs"": 0.13372098295266427, ""custom"": 0.012693575011255839}",0.017672918116052944,0.017672918116052944,stage3_l_opt,l_opt_current_alpha,0.931,0.9576666666666667,0.04899999999999999,0.05,False,False,True,True,0.012829539055625595,True,not_needed,,,,,0,False,11889,15972
28,2,0.0,0.0,uniform,0,uniform,0.5,guarded,stage1,,,0,14,0.01769587455349672,custom,"{""bfgs"": 0.13372098295266427, ""custom"": 0.012693575011255839}",0.017672918116052944,0.017672918116052944,stage3_l_opt,l_opt_current_alpha,0.931,0.9576666666666667,0.04899999999999999,0.05,False,False,True,True,0.012829539055625595,True,not_needed,,,,,0,False,12780,17139
28,2,0.0,0.0,uniform,0,uniform,0.5,guarded,stage1,,,0,15,0.01769587455349672,custom,"{""bfgs"": 0.13372098295266427, ""custom"": 0.012693575011255839}",0.017672918116052944,0.017672918116052944,stage3_l_opt,l_opt_current_alpha,0.931,0.9576666666666667,0.04899999999999999,0.05,False,False,True,True,0.012829539055625595,True,not_needed,,,,,0,False,13671,18306
28,2,0.0,0.0,uniform,0,uniform,0.5,guarded,stage1,,,0,16,0.01769587455349672,custom,"{""bfgs"": 0.13372098295266427, ""custom"": 0.012693575011255839}",0.017672918116052944,0.017672918116052944,stage3_l_opt,l_opt_current_alpha,0.931,0.9576666666666667,0.04899999999999999,0.05,False,False,True,True,0.012829539055625595,True,not_needed,,,,,0,False,14562,19473
28,2,0.0,0.0,uniform,0,uniform,0.5,guarded,stage1,,,0,17,0.01769587455349672,custom,"{""bfgs"": 0.13372098295266427, ""custom"": 0.012693575011255839}",0.017672918116052944,0.017672918116052944,stage3_l_opt,l_opt_current_alpha,0.931,0.9576666666666667,0.04899999999999999,0.05,False,False,True,True,0.012829539055625595,True,not_needed,,,,,0,False,15453,20640
28,2,0.0,0.0,uniform,0,uniform,0.5,guarded,stage1,,,0,18,0.01769587455349672,custom,"{""bfgs"": 0.13372098295266427, ""custom"": 0.012693575011255839}",0.017672918116052944,0.017672918116052944,stage3_l_opt,l_opt_current_alpha,0.931,0.9576666666666667,0.04899999999999999,0.05,False,False,True,True,0.012829539055625595,True,not_needed,,,,,0,False,16344,21807
28,2,0.0,0.0,uniform,0,uniform,0.5,guarded,stage1,,,0,19,0.01769587455349672,custom,"{""bfgs"": 0.13372098295266427, ""custom"": 0.012693575011255839}",0.017672918116052944,0.017672918116052944,stage3_l_opt,l_opt_current_alpha,0.931,0.9576666666666667,0.04899999999999999,0.05,False,False,True,True,0.012829539055625595,True,not_needed,,,,,0,False,17235,22974
28,2,0.0,0.0,uniform,0,uniform,0.5,guarded,stage1,,,1,0,0.013850430742510883,custom,"{""bfgs"": 0.021293931640684605, ""custom"": 0.0007623587734997272}",0.0007623587734997272,0.0007623587734997272,stage3_l_opt,l_opt_current_alpha,0.98,1.0,0.49,0.5,False,True,True,False,,True,not_needed,,,,,0,False,582,38
28,2,0.0,0.0,uniform,0,uniform,0.5,guarded,stage1,,,1,1,0.014260271044817863,custom,"{""bfgs"": 0.010378767400979996, ""custom"": 0.00038667047861963506}",0.0007581613026559353,0.0007581613026559353,stage3_l_opt,l_opt_current_alpha,0.4899986334874952,0.509998605599485,0.2449993167437476,0.5,True,True,True,False,-4.197470843791962e-06,True,not_needed,,,,,0,False,1044,76
28,2,0.0,0.0,uniform,0,uniform,0.5,guarded,stage1,,,1,2,0.014260263391150524,custom,"{""bfgs"": 0.1215654385561193, ""custom"": 0.00020092558460848143}",0.0007581613026559353,0.0007581613026559353,stage3_l_opt,l_opt_current_alpha,0.2449993167437476,0.2649992888557373,0.1224996583718738,0.5,True,True,True,False,0.0,True,not_needed,,,,,0,False,1234,114
28,2,0.0,0.0,uniform,0,uniform,0.5,guarded,stage1,,,1,3,0.01426030012039406,custom,"{""bfgs"": 0.0872014750961502, ""custom"": 0.00010804647402233614}",0.0007581817917525768,0.0007581817917525768,stage3_l_opt,l_opt_current_alpha,0.12250102488437858,0.1425010248843786,0.06125051244218924,0.5,True,True,True,False,2.0489096641540527e-08,True,not_needed,,,,,0,False,1814,152
28,2,0.0,0.0,uniform,0,uniform,0.5,guarded,stage1,,,1,4,0.01426030012039406,custom,"{""bfgs"": 0.12649704163936648, ""custom"": 6.16077930170632e-05}",0.0007581817917525768,0.0007581817917525768,stage3_l_opt,l_opt_current_alpha,0.06125051244218934,0.08125051244218935,0.03062525622109467,0.5,True,True,True,False,0.0,True,not_needed,,,,,0,False,2244,190
28,2,0.0,0.0,uniform,0,uniform,0.5,guarded,stage1,,,1,5,0.01426026365591393,custom,"{""bfgs"": 0.1263066625876619, ""custom"": 3.839802533822733e-05}",0.0007581613026559353,0.0007581613026559353,stage3_l_opt,l_opt_current_alpha,0.030623889708589896,0.05062386182057958,0.015311944854294893,0.5,True,True,True,False,-2.0489096641540527e-08,True,not_needed,,,,,0,False,2706,228
28,2,0.0,0.0,uniform,0,uniform,0.5,guarded,stage1,,,1,6,0.01426026365591393,custom,"{""bfgs"": 0.12621147730920845, ""custom"": 2.678935796777754e-05}",0.0007581613026559353,0.0007581613026559353,stage3_l_opt,l_opt_current_alpha,0.015311944854295004,0.03531191696628469,0.007655972427147446,0.5,True,True,True,False,0.0,True,not_needed,,,,,0,False,3114,266
28,2,0.0,0.0,uniform,0,uniform,0.5,guarded,stage1,,,1,7,0.01426026365591393,custom,"{""bfgs"": 0.1261638846699817, ""custom"": 2.098502428255264e-05}",0.0007581613026559353,0.0007581613026559353,stage3_l_opt,l_opt_current_alpha,0.007655972427147557,0.027655944539137244,0.003827986213573723,0.5,True,True,True,False,0.0,True,not_needed,,,,,0,False,3510,304
28,2,0.0,0.0,uniform,0,uniform,0.5,guarded,stage1,,,1,8,0.01426026365591393,custom,"{""bfgs"": 0.12614008835036836, ""custom"": 1.8082857439940187e-05}",0.0007581613026559353,0.0007581613026559353,stage3_l_opt,l_opt_current_alpha,0.003827986213573834,0.023827958325563517,0.0019139931067869726,0.5,True,True,True,False,0.0,True,not_needed,,,,,0,False,3912,342
28,2,0.0,0.0,uniform,0,uniform,0.5,guarded,stage1,,,1,9,0.01426026365591393,custom,"{""bfgs"": 0.12612819019056168, ""custom"": 1.6631774018633964e-05}",0.0007581613026559353,0.0007581613026559353,stage3_l_opt,l_opt_current_alpha,0.0019139931067868616,0.021913965218776546,0.0009569965533932669,0.5,True,True,True,False,0.0,True,not_needed,,,,,0,False,4326,380
28,2,0.0,0.0,uniform,0,uniform,0.5,guarded,stage1,,,1,10,0.01426026365591393,custom,"{""bfgs"": 0.12612224111065834, ""custom"": 1.590623230798085e-05}",0.0007581613026559353,0.0007581613026559353,stage3_l_opt,l_opt_current_alpha,0.0009569965533935947,0.02095696866538328,0.0,0.5,True,True,False,False,0.0,True,not_needed,,,,,0,False,4728,418
28,2,0.0,0.0,stage0,0,uniform,0.5,guarded,stage1,,,0,0,0.0049427099131302,custom,"{""bfgs"": 0.10268929120277312, ""custom"": 0.013776636853835726}",0.013685726871093115,0.013685726871093115,stage3_l_opt,l_opt_current_alpha,1.4402841577721817,1.4669508244388485,0.7201420788860908,0.5,False,True,True,False,,True,not_needed,,,,,0,False,687,1548
28,2,0.0,0.0,stage0,0,uniform,0.5,guarded,stage1,,,0,1,0.008090371689672082,custom,"{""bfgs"": 0.1310219633260944, ""custom"": 0.0032330823224312423}",0.005158028254906337,0.005158028254906337,stage3_l_opt,l_opt_current_alpha,0.6850499033980904,0.7110004032180631,0.3425249516990452,0.5,True,True,True,False,-0.008527698616186779,True,not_needed,,,,,0,False,1452,3051
28,2,0.0,0.0,stage0,0,uniform,0.5,guarded,stage1,,,0,2,0.018492676841574594,custom,"{""bfgs"": 0.12727974177667797, ""custom"": 0.006223309673884212}",0.019338812679052353,0.019338812679052353,stage3_l_opt,l_opt_current_alpha,0.37761712718704565,0.40428379385371227,0.17126247584952253,0.25,False,False,True,True,0.014180784424146015,True,not_needed,,,,,0,False,2271,4371
28,2,0.0,0.0,stage0,0,uniform,0.5,guarded,stage1,,,0,3,0.014260270336454772,bfgs,"{""bfgs"": 0.0018681204630438173, ""custom"": 0.0018681204630438173}",0.005375385905305545,0.005375385905305545,stage3_l_opt,l_opt_current_alpha,0.5488768215636064,0.5755434314655188,0.08563123792476127,0.125,False,False,True,True,0.00021735765039920807,True,recovered_informative,13,0.012717594773722456,0.0018681204630438173,0.010849474310678639,1,True,3549,6087
28,2,0.0,0.0,stage0,0,uniform,0.5,guarded,stage1,,,0,4,0.02427418719359564,custom,"{""bfgs"": 0.1300864139121702, ""custom"": 0.012693023816844435}",0.024867718418439228,0.024867718418439228,stage3_l_opt,l_opt_current_alpha,0.6345108409613296,0.6611775076279962,0.0428156189623807,0.0625,False,False,True,True,0.01970969016353289,True,not_needed,,,,,0,False,4371,7575
28,2,0.0,0.0,stage0,0,uniform,0.5,guarded,stage1,,,0,5,0.02136358083422183,custom,"{""bfgs"": 0.13055418423206655, ""custom"": 0.012455841396736231}",0.022638435165087383,0.022638435165087383,stage3_l_opt,l_opt_current_alpha,0.6773264599237101,0.7039931265903767,0.03425249516990453,0.05,False,False,True,True,0.017480406910181046,True,not_needed,,,,,0,False,5232,8520
28,2,0.0,0.0,stage0,0,uniform,0.5,guarded,stage1,,,0,6,0.020871435797577834,custom,"{""bfgs"": 0.13064774833926868, ""custom"": 0.01240961090169498}",0.02222284860908985,0.02222284860908985,stage3_l_opt,l_opt_current_alpha,0.6858895837161864,0.712556250382853,0.03425249516990453,0.05,False,False,True,True,0.017064820354183514,True,not_needed,,,,,0,False,5943,10524
28,2,0.0,0.0,stage0,0,uniform,0.5,guarded,stage1,,,0,7,0.020871435797577834,custom,"{""bfgs"": 0.13064774833926868, ""custom"": 0.01240961090169498}",0.02222284860908985,0.02222284860908985,stage3_l_opt,l_opt_current_alpha,0.6858895837161864,0.712556250382853,0.03425249516990453,0.05,False,False,True,True,0.017064820354183514,True,not_needed,,,,,0,False,6654,12528
28,2,0.0,0.0,stage0,0,uniform,0.5,guarded,stage1,,,0,8,0.020871435797577834,custom,"{""bfgs"": 0.13064774833926868, ""custom"": 0.01240961090169498}",0.02222284860908985,0.02222284860908985,stage3_l_opt,l_opt_current_alpha,0.6858895837161864,0.712556250382853,0.03425249516990453,0.05,False,False,True,True,0.017064820354183514,True,not_needed,,,,,0,False,7365,14532
28,2,0.0,0.0,stage0,0,uniform,0.5,guarded,stage1,,,0,9,0.020871435797577834,custom,"{""bfgs"": 0.13064774833926868, ""custom"": 0.01240961090169498}",0.02222284860908985,0.02222284860908985,stage3_l_opt,l_opt_current_alpha,0.6858895837161864,0.712556250382853,0.03425249516990453,0.05,False,False,True,True,0.017064820354183514,True,not_needed,,,,,0,False,8076,16536
28,2,0.0,0.0,stage0,0,uniform,0.5,guarded,stage1,,,0,10,0.020871435797577834,custom,"{""bfgs"": 0.13064774833926868, ""custom"": 0.01240961090169498}",0.02222284860908985,0.02222284860908985,stage3_l_opt,l_opt_current_alpha,0.6858895837161864,0.712556250382853,0.03425249516990453,0.05,False,False,True,True,0.017064820354183514,True,not_needed,,,,,0,False,8787,18540
28,2,0.0,0.0,stage0,0,uniform,0.5,guarded,stage1,,,0,11,0.020871435797577834,custom,"{""bfgs"": 0.13064774833926868, ""custom"": 0.01240961090169498}",0.02222284860908985,0.02222284860908985,stage3_l_opt,l_opt_current_alpha,0.6858895837161864,0.712556250382853,0.03425249516990453,0.05,False,False,True,True,0.017064820354183514,True,not_needed,,,,,0,False,9498,20544
28,2,0.0,0.0,stage0,0,uniform,0.5,guarded,stage1,,,0,12,0.020871435797577834,custom,"{""bfgs"": 0.13064774833926868, ""custom"": 0.01240961090169498}",0.02222284860908985,0.02222284860908985,stage3_l_opt,l_opt_current_alpha,0.6858895837161864,0.712556250382853,0.03425249516990453,0.05,False,False,True,True,0.017064820354183514,True,not_needed,,,,,0,False,10209,22548
28,2,0.0,0.0,stage0,0,uniform,0.5,guarded,stage1,,,0,13,0.020871435797577834,custom,"{""bfgs"": 0.13064774833926868, ""custom"": 0.01240961090169498}",0.02222284860908985,0.02222284860908985,stage3_l_opt,l_opt_current_alpha,0.6858895837161864,0.712556250382853,0.03425249516990453,0.05,False,False,True,True,0.017064820354183514,True,not_needed,,,,,0,False,10920,24552
28,2,0.0,0.0,stage0,0,uniform,0.5,guarded,stage1,,,0,14,0.020871435797577834,custom,"{""bfgs"": 0.13064774833926868, ""custom"": 0.01240961090169498}",0.02222284860908985,0.02222284860908985,stage3_l_opt,l_opt_current_alpha,0.6858895837161864,0.712556250382853,0.03425249516990453,0.05,False,False,True,True,0.017064820354183514,True,not_needed,,,,,0,False,11631,26556
28,2,0.0,0.0,stage0,0,uniform,0.5,guarded,stage1,,,0,15,0.020871435797577834,custom,"{""bfgs"": 0.13064774833926868, ""custom"": 0.01240961090169498}",0.02222284860908985,0.02222284860908985,stage3_l_opt,l_opt_current_alpha,0.6858895837161864,0.712556250382853,0.03425249516990453,0.05,False,False,True,True,0.017064820354183514,True,not_needed,,,,,0,False,12342,28560
28,2,0.0,0.0,stage0,0,uniform,0.5,guarded,stage1,,,0,16,0.020871435797577834,custom,"{""bfgs"": 0.13064774833926868, ""custom"": 0.01240961090169498}",0.02222284860908985,0.02222284860908985,stage3_l_opt,l_opt_current_alpha,0.6858895837161864,0.712556250382853,0.03425249516990453,0.05,False,False,True,True,0.017064820354183514,True,not_needed,,,,,0,False,13053,30564
28,2,0.0,0.0,stage0,0,uniform,0.5,guarded,stage1,,,0,17,0.020871435797577834,custom,"{""bfgs"": 0.13064774833926868, ""custom"": 0.01240961090169498}",0.02222284860908985,0.02222284860908985,stage3_l_opt,l_opt_current_alpha,0.6858895837161864,0.712556250382853,0.03425249516990453,0.05,False,False,True,True,0.017064820354183514,True,not_needed,,,,,0,False,13764,32568
28,2,0.0,0.0,stage0,0,uniform,0.5,guarded,stage1,,,0,18,0.020871435797577834,custom,"{""bfgs"": 0.13064774833926868, ""custom"": 0.01240961090169498}",0.02222284860908985,0.02222284860908985,stage3_l_opt,l_opt_current_alpha,0.6858895837161864,0.712556250382853,0.03425249516990453,0.05,False,False,True,True,0.017064820354183514,True,not_needed,,,,,0,False,14475,34572
28,2,0.0,0.0,stage0,0,uniform,0.5,guarded,stage1,,,0,19,0.020871435797577834,custom,"{""bfgs"": 0.13064774833926868, ""custom"": 0.01240961090169498}",0.02222284860908985,0.02222284860908985,stage3_l_opt,l_opt_current_alpha,0.6858895837161864,0.712556250382853,0.03425249516990453,0.05,False,False,True,True,0.017064820354183514,True,not_needed,,,,,0,False,15186,36576
29,2,0.0,0.0,uniform,0,uniform,0.5,guarded,stage1,,,0,0,0.008316854230900408,custom,"{""bfgs"": 0.01216188631951809, ""custom"": 0.0067322446654240285}",0.006732244665424029,0.006732244665424029,stage3_l_opt,l_opt_current_alpha,0.6533333333333333,0.6666666666666667,0.3266666666666667,0.5,False,True,True,False,,True,not_needed,,,,,0,False,159,1569
29,2,0.0,0.0,uniform,0,uniform,0.5,guarded,stage1,,,0,1,0.002183960733538534,custom,"{""bfgs"": 0.011120746098844073, ""custom"": 0.007678563851068325}",0.006391638889908791,0.006391638889908791,stage3_l_opt,l_opt_current_alpha,0.45795289960555996,0.4712780227926605,0.22897644980277998,0.5,True,True,True,False,-0.00034060577551523873,True,not_needed,,,,,0,False,432,2832
29,2,0.0,0.0,uniform,0,uniform,0.5,guarded,stage1,,,0,2,0.0014140844452708162,custom,"{""bfgs"": 0.01140269755674819, ""custom"": 0.005832155982026727}",0.00666962501903375,0.00666962501903375,stage3_l_opt,l_opt_current_alpha,0.3164278842992936,0.3214183590486789,0.11448822490139002,0.25,False,False,True,True,0.000277986129124959,True,not_needed,,,,,0,False,1335,4008
29,2,0.0,0.0,uniform,0,uniform,0.5,guarded,stage1,,,0,3,0.0014304426645421059,custom,"{""bfgs"": 0.013195074866207315, ""custom"": 0.006771395747522257}",0.006616624072194099,0.006616624072194099,stage3_l_opt,l_opt_current_alpha,0.3369735936644778,0.34446074770380264,0.05724411245069505,0.125,False,False,True,True,0.00022498518228530884,True,not_needed,,,,,0,False,1677,5400
29,2,0.0,0.0,uniform,0,uniform,0.5,guarded,stage1,,,0,4,0.00215699369606015,custom,"{""bfgs"": 0.06166182945649812, ""custom"": 0.007239584089306286}",0.006401838734745979,0.006401838734745979,stage3_l_opt,l_opt_current_alpha,0.6487171640319251,0.6671036826654964,0.08108964550399059,0.125,True,True,True,False,1.019984483718872e-05,True,not_needed,,,,,0,False,2490,6573
29,2,0.0,0.0,uniform,0,uniform,0.5,guarded,stage1,,,0,5,0.0014302725740937966,custom,"{""bfgs"": 0.0870980720035458, ""custom"": 0.00665883150837702}",0.00661624160905679,0.00661624160905679,stage3_l_opt,l_opt_current_alpha,0.21811460471736607,0.2229461623893517,0.04054482275199531,0.0625,False,False,True,True,0.00021440287431081107,True,not_needed,,,,,0,False,3303,7830
29,2,0.0,0.0,uniform,0,uniform,0.5,guarded,stage1,,,0,6,0.0014263569475496257,custom,"{""bfgs"": 0.012354812643175419, ""custom"": 0.00695468829803353}",0.006610425189137459,0.006610425189137459,stage3_l_opt,l_opt_current_alpha,0.3156670332832221,0.3231237529766888,0.032435858201596224,0.05,False,False,True,True,0.0002085864543914795,True,not_needed,,,,,0,False,3753,9153
29,2,0.0,0.0,uniform,0,uniform,0.5,guarded,stage1,,,0,7,0.001427752437503177,custom,"{""bfgs"": 0.012555172510587395, ""custom"": 0.007013943926811931}",0.006608800962567329,0.006608800962567329,stage3_l_opt,l_opt_current_alpha,0.3090515203685296,0.3165000888208259,0.032435858201596224,0.05,False,False,True,True,0.0002069622278213501,True,not_needed,,,,,0,False,4605,10440
29,2,0.0,0.0,uniform,0,uniform,0.5,guarded,stage1,,,0,8,0.001427752437503177,custom,"{""bfgs"": 0.012555172510587395, ""custom"": 0.007013943926811931}",0.006608800962567329,0.006608800962567329,stage3_l_opt,l_opt_current_alpha,0.3090515203685296,0.3165000888208259,0.032435858201596224,0.05,False,False,True,True,0.0002069622278213501,True,not_needed,,,,,0,False,5457,11727
29,2,0.0,0.0,uniform,0,uniform,0.5,guarded,stage1,,,0,9,0.001427752437503177,custom,"{""bfgs"": 0.012555172510587395, ""custom"": 0.007013943926811931}",0.006608800962567329,0.006608800962567329,stage3_l_opt,l_opt_current_alpha,0.3090515203685296,0.3165000888208259,0.032435858201596224,0.05,False,False,True,True,0.0002069622278213501,True,not_needed,,,,,0,False,6309,13014
29,2,0.0,0.0,uniform,0,uniform,0.5,guarded,stage1,,,0,10,0.001427752437503177,custom,"{""bfgs"": 0.012555172510587395, ""custom"": 0.007013943926811931}",0.006608800962567329,0.006608800962567329,stage3_l_opt,l_opt_current_alpha,0.3090515203685296,0.3165000888208259,0.032435858201596224,0.05,False,False,True,True,0.0002069622278213501,True,not_needed,,,,,0,False,7161,14301
29,2,0.0,0.0,uniform,0,uniform,0.5,guarded,stage1,,,0,11,0.001427752437503177,custom,"{""bfgs"": 0.012555172510587395, ""custom"": 0.007013943926811931}",0.006608800962567329,0.006608800962567329,stage3_l_opt,l_opt_current_alpha,0.3090515203685296,0.3165000888208259,0.032435858201596224,0.05,False,False,True,True,0.0002069622278213501,True,not_needed,,,,,0,False,8013,15588
29,2,0.0,0.0,uniform,0,uniform,0.5,guarded,stage1,,,0,12,0.001427752437503177,custom,"{""bfgs"": 0.012555172510587395, ""custom"": 0.007013943926811931}",0.006608800962567329,0.006608800962567329,stage3_l_opt,l_opt_current_alpha,0.3090515203685296,0.3165000888208259,0.032435858201596224,0.05,False,False,True,True,0.0002069622278213501,True,not_needed,,,,,0,False,8865,16875
29,2,0.0,0.0,uniform,0,uniform,0.5,guarded,stage1,,,0,13,0.001427752437503177,custom,"{""bfgs"": 0.012555172510587395, ""custom"": 0.007013943926811931}",0.006608800962567329,0.006608800962567329,stage3_l_opt,l_opt_current_alpha,0.3090515203685296,0.3165000888208259,0.032435858201596224,0.05,False,False,True,True,0.0002069622278213501,True,not_needed,,,,,0,False,9717,18162
29,2,0.0,0.0,uniform,0,uniform,0.5,guarded,stage1,,,0,14,0.001427752437503177,custom,"{""bfgs"": 0.012555172510587395, ""custom"": 0.007013943926811931}",0.006608800962567329,0.006608800962567329,stage3_l_opt,l_opt_current_alpha,0.3090515203685296,0.3165000888208259,0.032435858201596224,0.05,False,False,True,True,0.0002069622278213501,True,not_needed,,,,,0,False,10569,19449
29,2,0.0,0.0,uniform,0,uniform,0.5,guarded,stage1,,,0,15,0.001427752437503177,custom,"{""bfgs"": 0.012555172510587395, ""custom"": 0.007013943926811931}",0.006608800962567329,0.006608800962567329,stage3_l_opt,l_opt_current_alpha,0.3090515203685296,0.3165000888208259,0.032435858201596224,0.05,False,False,True,True,0.0002069622278213501,True,not_needed,,,,,0,False,11421,20736
29,2,0.0,0.0,uniform,0,uniform,0.5,guarded,stage1,,,0,16,0.001427752437503177,custom,"{""bfgs"": 0.012555172510587395, ""custom"": 0.007013943926811931}",0.006608800962567329,0.006608800962567329,stage3_l_opt,l_opt_current_alpha,0.3090515203685296,0.3165000888208259,0.032435858201596224,0.05,False,False,True,True,0.0002069622278213501,True,not_needed,,,,,0,False,12273,22023
29,2,0.0,0.0,uniform,0,uniform,0.5,guarded,stage1,,,0,17,0.001427752437503177,custom,"{""bfgs"": 0.012555172510587395, ""custom"": 0.007013943926811931}",0.006608800962567329,0.006608800962567329,stage3_l_opt,l_opt_current_alpha,0.3090515203685296,0.3165000888208259,0.032435858201596224,0.05,False,False,True,True,0.0002069622278213501,True,not_needed,,,,,0,False,13125,23310
29,2,0.0,0.0,uniform,0,uniform,0.5,guarded,stage1,,,0,18,0.001427752437503177,custom,"{""bfgs"": 0.012555172510587395, ""custom"": 0.007013943926811931}",0.006608800962567329,0.006608800962567329,stage3_l_opt,l_opt_current_alpha,0.3090515203685296,0.3165000888208259,0.032435858201596224,0.05,False,False,True,True,0.0002069622278213501,True,not_needed,,,,,0,False,13977,24597
29,2,0.0,0.0,uniform,0,uniform,0.5,guarded,stage1,,,0,19,0.001427752437503177,custom,"{""bfgs"": 0.012555172510587395, ""custom"": 0.007013943926811931}",0.006608800962567329,0.006608800962567329,stage3_l_opt,l_opt_current_alpha,0.3090515203685296,0.3165000888208259,0.032435858201596224,0.05,False,False,True,True,0.0002069622278213501,True,not_needed,,,,,0,False,14829,25884
29,2,0.0,0.0,stage0,0,uniform,0.5,guarded,stage1,,,0,0,0.0022539205246588367,custom,"{""bfgs"": 0.04774415202439869, ""custom"": 0.007856767215350413}",0.006406651809811592,0.006406651809811592,stage3_l_opt,l_opt_current_alpha,0.08950391321793935,0.08811854593229415,0.04475195660896966,0.5,False,True,True,False,,True,not_needed,,,,,0,False,255,1323
29,2,0.0,0.0,stage0,0,uniform,0.5,guarded,stage1,,,0,1,0.002095354635131788,custom,"{""bfgs"": 0.019383041723479454, ""custom"": 0.007525577750764995}",0.006482384478052457,0.006482384478052457,stage3_l_opt,l_opt_current_alpha,0.050269630612370414,0.05220676486960685,0.02513481530618522,0.5,True,True,True,False,7.573266824086478e-05,True,not_needed,,,,,0,False,417,2547
29,2,0.0,0.0,stage0,0,uniform,0.5,guarded,stage1,,,0,2,0.0020624762694723825,custom,"{""bfgs"": 0.0175279642321456, ""custom"": 0.007433139926648225}",0.006489730750521024,0.006489730750521024,stage3_l_opt,l_opt_current_alpha,0.02838822040592165,0.030391750685601737,0.014194110202960825,0.5,True,True,True,False,7.3462724685668945e-06,True,not_needed,,,,,0,False,591,3771
29,2,0.0,0.0,stage0,0,uniform,0.5,guarded,stage1,,,0,3,0.002009122658713461,custom,"{""bfgs"": 0.019424792062284153, ""custom"": 0.00740626082688332}",0.0065020788460969925,0.0065020788460969925,stage3_l_opt,l_opt_current_alpha,0.02171002438338343,0.025847785821492802,0.010855012191691688,0.5,True,True,True,False,1.2348095575968714e-05,True,not_needed,,,,,0,False,1341,5325
29,2,0.0,0.0,stage0,0,uniform,0.5,guarded,stage1,,,0,4,0.0019065993772454382,custom,"{""bfgs"": 0.018730520767045122, ""custom"": 0.007429317379319761}",0.006526124353210132,0.006526124353210132,stage3_l_opt,l_opt_current_alpha,0.038253626312939215,0.04295054314127822,0.019126813156469608,0.5,True,True,True,False,2.4045507113139124e-05,True,not_needed,,,,,0,False,2091,6576
29,2,0.0,0.0,stage0,0,uniform,0.5,guarded,stage1,,,0,5,0.00223765760252434,custom,"{""bfgs"": 0.011574875548389908, ""custom"": 0.007422222595002293}",0.006415947650869687,0.006415947650869687,stage3_l_opt,l_opt_current_alpha,0.06883227141183682,0.06593043794203465,0.03441613570591842,0.5,True,True,True,False,-0.00011017670234044451,True,not_needed,,,,,0,False,2469,7863
29,2,0.0,0.0,stage0,0,uniform,0.5,guarded,stage1,,,0,6,0.002114832474196124,custom,"{""bfgs"": 0.007448544038922925, ""custom"": 0.00729927384908235}",0.006476920718948047,0.006476920718948047,stage3_l_opt,l_opt_current_alpha,0.003687707782237065,0.00736717071098103,0.0018438538911185742,0.5,True,True,True,False,6.0973068078359546e-05,True,not_needed,,,,,0,False,3339,9084
29,2,0.0,0.0,stage0,0,uniform,0.5,guarded,stage1,,,0,7,0.0020990391218490556,custom,"{""bfgs"": 0.010208858741307406, ""custom"": 0.0073052285286039475}",0.006480641042192777,0.006480641042192777,stage3_l_opt,l_opt_current_alpha,0.004846043038589376,0.008586775133608338,0.0024230215192947158,0.5,True,True,True,False,3.7203232447300533e-06,True,not_needed,,,,,0,False,3849,10287
29,2,0.0,0.0,stage0,0,uniform,0.5,guarded,stage1,,,0,8,0.00361616776454873,bfgs,"{""bfgs"": 0.003414501371121401, ""custom"": 0.0073174333058984966}",0.0031597198297580085,0.0031597198297580085,stage3_l_opt,l_opt_current_alpha,0.16931864186291565,0.1690828416736561,0.08465932093145787,0.5,True,True,True,False,-0.0033209212124347682,True,not_needed,,,,,0,False,4611,11490
29,2,0.0,0.0,stage0,0,uniform,0.5,guarded,stage1,,,0,9,0.00220556467387191,custom,"{""bfgs"": 0.007976554699058518, ""custom"": 0.0068508765742402635}",0.006400621806581815,0.006400621806581815,stage3_l_opt,l_opt_current_alpha,0.03874591520777654,0.04150018960395924,0.04232966046572886,0.25,False,False,True,True,0.0032409019768238063,True,not_needed,,,,,0,False,5823,12756
29,2,0.0,0.0,stage0,0,uniform,0.5,guarded,stage1,,,0,10,0.002199828959589728,custom,"{""bfgs"": 0.009020960008124086, ""custom"": 0.0071054535733302135}",0.006460040186842282,0.006460040186842282,stage3_l_opt,l_opt_current_alpha,0.02927841818758678,0.03270334898061725,0.021164830232864446,0.125,False,False,True,True,0.003300320357084274,True,not_needed,,,,,0,False,6237,13986
29,2,0.0,0.0,stage0,0,uniform,0.5,guarded,stage1,,,0,11,0.0022463879360679617,custom,"{""bfgs"": 0.012035142214073853, ""custom"": 0.007194369472086725}",0.006446308766802152,0.006446308766802152,stage3_l_opt,l_opt_current_alpha,0.0008268723755623375,0.0024156000433807057,0.010582415116432209,0.0625,False,False,True,True,0.0032865889370441432,True,not_needed,,,,,0,False,7167,15459
29,2,0.0,0.0,stage0,0,uniform,0.5,guarded,stage1,,,0,12,0.002178605999156688,custom,"{""bfgs"": 0.008858869399346212, ""custom"": 0.007253616786949523}",0.006461989755431811,0.006461989755431811,stage3_l_opt,l_opt_current_alpha,0.0011172460457475608,0.002335268035363741,0.008465932093145806,0.05,False,False,True,True,0.003302269925673803,True,not_needed,,,,,0,False,7905,16725
29,2,0.0,0.0,stage0,0,uniform,0.5,guarded,stage1,,,0,13,0.002160252712734359,custom,"{""bfgs"": 0.008687722018712093, ""custom"": 0.0072660783620867204}",0.006466256454586983,0.006466256454586983,stage3_l_opt,l_opt_current_alpha,0.00035328467485840065,0.003316034806521817,0.008465932093145806,0.05,False,False,True,True,0.0033065366248289743,True,not_needed,,,,,0,False,8163,17946
29,2,0.0,0.0,stage0,0,uniform,0.5,guarded,stage1,,,0,14,0.002160252712734359,custom,"{""bfgs"": 0.008687722018712093, ""custom"": 0.0072660783620867204}",0.006466256454586983,0.006466256454586983,stage3_l_opt,l_opt_current_alpha,0.00035328467485840065,0.003316034806521817,0.008465932093145806,0.05,False,False,True,True,0.0033065366248289743,True,not_needed,,,,,0,False,8421,19167
29,2,0.0,0.0,stage0,0,uniform,0.5,guarded,stage1,,,0,15,0.002160252712734359,custom,"{""bfgs"": 0.008687722018712093, ""custom"": 0.0072660783620867204}",0.006466256454586983,0.006466256454586983,stage3_l_opt,l_opt_current_alpha,0.00035328467485840065,0.003316034806521817,0.008465932093145806,0.05,False,False,True,True,0.0033065366248289743,True,not_needed,,,,,0,False,8679,20388
29,2,0.0,0.0,stage0,0,uniform,0.5,guarded,stage1,,,0,16,0.002160252712734359,custom,"{""bfgs"": 0.008687722018712093, ""custom"": 0.0072660783620867204}",0.006466256454586983,0.006466256454586983,stage3_l_opt,l_opt_current_alpha,0.00035328467485840065,0.003316034806521817,0.008465932093145806,0.05,False,False,True,True,0.0033065366248289743,True,not_needed,,,,,0,False,8937,21609
29,2,0.0,0.0,stage0,0,uniform,0.5,guarded,stage1,,,0,17,0.002160252712734359,custom,"{""bfgs"": 0.008687722018712093, ""custom"": 0.0072660783620867204}",0.006466256454586983,0.006466256454586983,stage3_l_opt,l_opt_current_alpha,0.00035328467485840065,0.003316034806521817,0.008465932093145806,0.05,False,False,True,True,0.0033065366248289743,True,not_needed,,,,,0,False,9195,22830
29,2,0.0,0.0,stage0,0,uniform,0.5,guarded,stage1,,,0,18,0.002160252712734359,custom,"{""bfgs"": 0.008687722018712093, ""custom"": 0.0072660783620867204}",0.006466256454586983,0.006466256454586983,stage3_l_opt,l_opt_current_alpha,0.00035328467485840065,0.003316034806521817,0.008465932093145806,0.05,False,False,True,True,0.0033065366248289743,True,not_needed,,,,,0,False,9453,24051
29,2,0.0,0.0,stage0,0,uniform,0.5,guarded,stage1,,,0,19,0.002160252712734359,custom,"{""bfgs"": 0.008687722018712093, ""custom"": 0.0072660783620867204}",0.006466256454586983,0.006466256454586983,stage3_l_opt,l_opt_current_alpha,0.00035328467485840065,0.003316034806521817,0.008465932093145806,0.05,False,False,True,True,0.0033065366248289743,True,not_needed,,,,,0,False,9711,25272
