agent_id,reputation_share,optimization_weight,contribution_share,surplus_share,bid,payment,seed,dimension,poison_ratio,target,initialization,initialization_replicate,evaluator,update_rate,update_policy,coalition_mode,controlled_coalition_size,controlled_poison_count
15,3.697449648706734e-05,0.2,0.23520731095522956,0.14113917637173254,1.06,1.610442787849757,0,2,0.3,0.0,uniform,0,uniform,0.0,fixed,controlled,5,1
1,0.14984511474643689,0.2,0.0964591635747378,0.11781354404341743,1.22,1.6794728217693278,0,2,0.3,0.0,uniform,0,uniform,0.0,fixed,controlled,5,1
2,0.4737265966771876,0.2,0.28845635310294315,0.3625644505326409,1.3800000000000001,2.7940013570772995,0,2,0.3,0.0,uniform,0,uniform,0.0,fixed,controlled,5,1
3,0.231964695539853,0.2,0.18676799215673873,0.20484667350998442,1.1400000000000001,1.9389020266889392,0,2,0.3,0.0,uniform,0,uniform,0.0,fixed,controlled,5,1
4,0.14442661854003544,0.2,0.1931091802103508,0.17363615554222467,1.3,1.9771810066146762,0,2,0.3,0.0,uniform,0,uniform,0.0,fixed,controlled,5,1
15,3.697449648706734e-05,0.2,0.23520731095522956,0.14113917637173254,1.06,1.610442787849757,0,2,0.3,0.0,uniform,0,uniform,0.0,adaptive,controlled,5,1
1,0.14984511474643689,0.2,0.0964591635747378,0.11781354404341743,1.22,1.6794728217693278,0,2,0.3,0.0,uniform,0,uniform,0.0,adaptive,controlled,5,1
2,0.4737265966771876,0.2,0.28845635310294315,0.3625644505326409,1.3800000000000001,2.7940013570772995,0,2,0.3,0.0,uniform,0,uniform,0.0,adaptive,controlled,5,1
3,0.231964695539853,0.2,0.18676799215673873,0.20484667350998442,1.1400000000000001,1.9389020266889392,0,2,0.3,0.0,uniform,0,uniform,0.0,adaptive,controlled,5,1
4,0.14442661854003544,0.2,0.1931091802103508,0.17363615554222467,1.3,1.9771810066146762,0,2,0.3,0.0,uniform,0,uniform,0.0,adaptive,controlled,5,1
15,3.697449648706734e-05,0.2,0.23520731095522956,0.14113917637173254,1.06,1.610442787849757,0,2,0.3,0.0,uniform,0,uniform,0.0,guarded,controlled,5,1
1,0.14984511474643689,0.2,0.0964591635747378,0.11781354404341743,1.22,1.6794728217693278,0,2,0.3,0.0,uniform,0,uniform,0.0,guarded,controlled,5,1
2,0.4737265966771876,0.2,0.28845635310294315,0.3625644505326409,1.3800000000000001,2.7940013570772995,0,2,0.3,0.0,uniform,0,uniform,0.0,guarded,controlled,5,1
3,0.231964695539853,0.2,0.18676799215673873,0.20484667350998442,1.1400000000000001,1.9389020266889392,0,2,0.3,0.0,uniform,0,uniform,0.0,guarded,controlled,5,1
4,0.14442661854003544,0.2,0.1931091802103508,0.17363615554222467,1.3,1.9771810066146762,0,2,0.3,0.0,uniform,0,uniform,0.0,guarded,controlled,5,1
15,3.697449648706734e-05,0.23627487483148668,0.23631359692580126,0.14180294795407555,1.06,1.6130314970208945,0,2,0.3,0.0,uniform,0,uniform,0.5,fixed,controlled,5,1
1,0.14984511474643689,0.09331957541290337,0.09320569798447477,0.11586146468925962,1.22,1.6718597122881125,0,2,0.3,0.0,uniform,0,uniform,0.5,fixed,controlled,5,1
2,0.4737265966771876,0.29113854622238455,0.2912358332674511,0.36423213863134574,1.3800000000000001,2.800505340662248,0,2,0.3,0.0,uniform,0,uniform,0.5,fixed,controlled,5,1
3,0.231964695539853,0.18636676828588472,0.1863522153126023,0.20459720740350257,1.1400000000000001,1.9379291088736599,0,2,0.3,0.0,uniform,0,uniform,0.5,fixed,controlled,5,1
4,0.14442661854003544,0.19290023524734068,0.19289265650967058,0.17350624132181652,1.3,1.9766743411550844,0,2,0.3,0.0,uniform,0,uniform,0.5,fixed,controlled,5,1
15,3.697449648706734e-05,0.23528708652280733,0.23517163524389867,0.14111777094493402,1.06,1.6103593066852426,0,2,0.3,0.0,uniform,0,uniform,0.5,adaptive,controlled,5,1
1,0.14984511474643689,0.09622455238833368,0.0965640819252464,0.11787649505372261,1.22,1.679718330709518,0,2,0.3,0.0,uniform,0,uniform,0.5,adaptive,controlled,5,1
2,0.4737265966771876,0.2886567846492099,0.28836671992071294,0.3625106706233028,1.3800000000000001,2.793791615430881,0,2,0.3,0.0,uniform,0,uniform,0.5,adaptive,controlled,5,1
3,0.231964695539853,0.18673801000509888,0.1867814002040827,0.2048547183383908,1.1400000000000001,1.9389334015197242,0,2,0.3,0.0,uniform,0,uniform,0.5,adaptive,controlled,5,1
4,0.14442661854003544,0.19309356643455028,0.19311616270605925,0.1736403450396497,1.3,1.9771973456546337,0,2,0.3,0.0,uniform,0,uniform,0.5,adaptive,controlled,5,1
15,3.697449648706734e-05,0.23056959571119004,0.2351946567504425,0.1411315838488603,1.06,1.610413177010555,0,2,0.3,0.0,uniform,0,uniform,0.5,guarded,controlled,5,1
1,0.14984511474643689,0.11009817497440613,0.09649637820182513,0.11783587281966984,1.22,1.6795599039967124,0,2,0.3,0.0,uniform,0,uniform,0.5,guarded,controlled,5,1
2,0.4737265966771876,0.27680435906854134,0.28842456013788814,0.36254537475360793,1.3800000000000001,2.793926961539071,0,2,0.3,0.0,uniform,0,uniform,0.5,guarded,controlled,5,1
3,0.231964695539853,0.18851099049483896,0.1867727480023983,0.20484952701738018,1.1400000000000001,1.9389131553677827,0,2,0.3,0.0,uniform,0,uniform,0.5,guarded,controlled,5,1
4,0.14442661854003544,0.1940168797510236,0.19311165690744592,0.17363764156048173,1.3,1.9771868020858787,0,2,0.3,0.0,uniform,0,uniform,0.5,guarded,controlled,5,1
15,3.697449648706734e-05,0.23548655180446795,0.23548655180446795,0.14130672088127558,1.06,1.6110962114369747,0,2,0.3,0.0,uniform,0,uniform,1.0,fixed,controlled,5,1
1,0.14984511474643689,0.09563794689246936,0.09563794689246936,0.11732081403405636,1.22,1.6775511747328198,0,2,0.3,0.0,uniform,0,uniform,1.0,fixed,controlled,5,1
2,0.4737265966771876,0.28915792974969157,0.28915792974969157,0.36298539652068995,1.3800000000000001,2.7956430464306905,0,2,0.3,0.0,uniform,0,uniform,1.0,fixed,controlled,5,1
3,0.231964695539853,0.1866630447180667,0.1866630447180667,0.20478370504678123,1.1400000000000001,1.9386564496824468,0,2,0.3,0.0,uniform,0,uniform,1.0,fixed,controlled,5,1
4,0.14442661854003544,0.19305452683530444,0.19305452683530444,0.17360336351719685,1.3,1.9770531177170678,0,2,0.3,0.0,uniform,0,uniform,1.0,fixed,controlled,5,1
15,3.697449648706734e-05,0.23548655180446795,0.23548655180446795,0.14130672088127558,1.06,1.6110962114369747,0,2,0.3,0.0,uniform,0,uniform,1.0,adaptive,controlled,5,1
1,0.14984511474643689,0.09563794689246936,0.09563794689246936,0.11732081403405636,1.22,1.6775511747328198,0,2,0.3,0.0,uniform,0,uniform,1.0,adaptive,controlled,5,1
2,0.4737265966771876,0.28915792974969157,0.28915792974969157,0.36298539652068995,1.3800000000000001,2.7956430464306905,0,2,0.3,0.0,uniform,0,uniform,1.0,adaptive,controlled,5,1
3,0.231964695539853,0.1866630447180667,0.1866630447180667,0.20478370504678123,1.1400000000000001,1.9386564496824468,0,2,0.3,0.0,uniform,0,uniform,1.0,adaptive,controlled,5,1
4,0.14442661854003544,0.19305452683530444,0.19305452683530444,0.17360336351719685,1.3,1.9770531177170678,0,2,0.3,0.0,uniform,0,uniform,1.0,adaptive,controlled,5,1
15,3.697449648706734e-05,0.23056959571119004,0.2351946567504425,0.1411315838488603,1.06,1.610413177010555,0,2,0.3,0.0,uniform,0,uniform,1.0,guarded,controlled,5,1
1,0.14984511474643689,0.11009817497440613,0.09649637820182513,0.11783587281966984,1.22,1.6795599039967124,0,2,0.3,0.0,uniform,0,uniform,1.0,guarded,controlled,5,1
2,0.4737265966771876,0.27680435906854134,0.28842456013788814,0.36254537475360793,1.3800000000000001,2.793926961539071,0,2,0.3,0.0,uniform,0,uniform,1.0,guarded,controlled,5,1
3,0.231964695539853,0.18851099049483896,0.1867727480023983,0.20484952701738018,1.1400000000000001,1.9389131553677827,0,2,0.3,0.0,uniform,0,uniform,1.0,guarded,controlled,5,1
4,0.14442661854003544,0.1940168797510236,0.19311165690744592,0.17363764156048173,1.3,1.9771868020858787,0,2,0.3,0.0,uniform,0,uniform,1.0,guarded,controlled,5,1
15,1.8712935268155107e-05,0.2,0.027888791331173078,0.016740759972811107,1.06,1.1252889638939634,1,2,0.3,0.0,uniform,0,uniform,0.0,fixed,controlled,5,1
1,0.03626475100456905,0.2,0.23712486077306189,0.15678081686566475,1.22,1.8314451857760923,1,2,0.3,0.0,uniform,0,uniform,0.0,fixed,controlled,5,1
2,0.18851922852153685,0.2,0.24565575995267988,0.22280114738022266,1.3800000000000001,2.2489244747828683,1,2,0.3,0.0,uniform,0,uniform,0.0,fixed,controlled,5,1
3,0.5790433706179482,0.2,0.19603480889813918,0.34923823358606276,1.1400000000000001,2.502029110985645,1,2,0.3,0.0,uniform,0,uniform,0.0,fixed,controlled,5,1
4,0.19615393692067778,0.2,0.2932957790449459,0.25443904219523866,1.3,2.2923122645614304,1,2,0.3,0.0,uniform,0,uniform,0.0,fixed,controlled,5,1
15,1.8712935268155107e-05,0.2,0.027888791331173078,0.016740759972811107,1.06,1.1252889638939634,1,2,0.3,0.0,uniform,0,uniform,0.0,adaptive,controlled,5,1
1,0.03626475100456905,0.2,0.23712486077306189,0.15678081686566475,1.22,1.8314451857760923,1,2,0.3,0.0,uniform,0,uniform,0.0,adaptive,controlled,5,1
2,0.18851922852153685,0.2,0.24565575995267988,0.22280114738022266,1.3800000000000001,2.2489244747828683,1,2,0.3,0.0,uniform,0,uniform,0.0,adaptive,controlled,5,1
3,0.5790433706179482,0.2,0.19603480889813918,0.34923823358606276,1.1400000000000001,2.502029110985645,1,2,0.3,0.0,uniform,0,uniform,0.0,adaptive,controlled,5,1
4,0.19615393692067778,0.2,0.2932957790449459,0.25443904219523866,1.3,2.2923122645614304,1,2,0.3,0.0,uniform,0,uniform,0.0,adaptive,controlled,5,1
15,1.8712935268155107e-05,0.2,0.027888791331173078,0.016740759972811107,1.06,1.1252889638939634,1,2,0.3,0.0,uniform,0,uniform,0.0,guarded,controlled,5,1
1,0.03626475100456905,0.2,0.23712486077306189,0.15678081686566475,1.22,1.8314451857760923,1,2,0.3,0.0,uniform,0,uniform,0.0,guarded,controlled,5,1
2,0.18851922852153685,0.2,0.24565575995267988,0.22280114738022266,1.3800000000000001,2.2489244747828683,1,2,0.3,0.0,uniform,0,uniform,0.0,guarded,controlled,5,1
3,0.5790433706179482,0.2,0.19603480889813918,0.34923823358606276,1.1400000000000001,2.502029110985645,1,2,0.3,0.0,uniform,0,uniform,0.0,guarded,controlled,5,1
4,0.19615393692067778,0.2,0.2932957790449459,0.25443904219523866,1.3,2.2923122645614304,1,2,0.3,0.0,uniform,0,uniform,0.0,guarded,controlled,5,1
15,1.8712935268155107e-05,0.012241286359566578,0.012232710667759465,0.007347111574762941,1.06,1.0886537351415755,1,2,0.3,0.0,uniform,0,uniform,0.5,fixed,controlled,5,1
1,0.03626475100456905,0.2404989121862435,0.24050192040431137,0.15880705264441444,1.22,1.8393475053132162,1,2,0.3,0.0,uniform,0,uniform,0.5,fixed,controlled,5,1
2,0.18851922852153685,0.24980707291942997,0.2498088320628409,0.2252929906463193,1.3800000000000001,2.258642663520645,1,2,0.3,0.0,uniform,0,uniform,0.5,fixed,controlled,5,1
3,0.5790433706179482,0.19566509111606228,0.19567411564511558,0.3490218176342486,1.1400000000000001,2.5011850887735694,1,2,0.3,0.0,uniform,0,uniform,0.5,fixed,controlled,5,1
4,0.19615393692067778,0.3017876374186977,0.3017824212199727,0.2595310275002547,1.3,2.312171007250993,1,2,0.3,0.0,uniform,0,uniform,0.5,fixed,controlled,5,1
15,1.8712935268155107e-05,0.014383175547569654,0.01499465549674916,0.009004278472156757,1.06,1.0951166860414114,1,2,0.3,0.0,uniform,0,uniform,0.5,adaptive,controlled,5,1
1,0.03626475100456905,0.24003342805615105,0.23990616131324358,0.15844959718977375,1.22,1.8379534290401174,1,2,0.3,0.0,uniform,0,uniform,0.5,adaptive,controlled,5,1
2,0.18851922852153685,0.24924044226664746,0.24907617385254655,0.22485339572014268,1.3800000000000001,2.2569282433085567,1,2,0.3,0.0,uniform,0,uniform,0.5,adaptive,controlled,5,1
3,0.5790433706179482,0.19568679078415996,0.19573774682372644,0.34905999634141516,1.1400000000000001,2.5013339857315193,1,2,0.3,0.0,uniform,0,uniform,0.5,adaptive,controlled,5,1
4,0.19615393692067778,0.3006561633454719,0.3002852625137342,0.2586327322765116,1.3,2.308667655878395,1,2,0.3,0.0,uniform,0,uniform,0.5,adaptive,controlled,5,1
15,1.8712935268155107e-05,0.0473521090315954,0.03012997373720373,0.0180854694164295,1.06,1.130533330724075,1,2,0.3,0.0,uniform,0,uniform,0.5,guarded,controlled,5,1
1,0.03626475100456905,0.23292656964839487,0.2366414315679889,0.15649075934262094,1.22,1.8303139614362216,1,2,0.3,0.0,uniform,0,uniform,0.5,guarded,controlled,5,1
2,0.18851922852153685,0.2404927460636596,0.2450612438445699,0.22244443771535669,1.3800000000000001,2.247533307089891,1,2,0.3,0.0,uniform,0,uniform,0.5,guarded,controlled,5,1
3,0.5790433706179482,0.19648321533694882,0.19608644247042523,0.3492692137294344,1.1400000000000001,2.502149933544794,1,2,0.3,0.0,uniform,0,uniform,0.5,guarded,controlled,5,1
4,0.19615393692067778,0.28274535991940136,0.2920809083798123,0.25371011979615854,1.3,2.289469467205018,1,2,0.3,0.0,uniform,0,uniform,0.5,guarded,controlled,5,1
15,1.8712935268155107e-05,0.01336727475841656,0.01336727475841656,0.008027850029157197,1.06,1.091308615113713,1,2,0.3,0.0,uniform,0,uniform,1.0,fixed,controlled,5,1
1,0.03626475100456905,0.24025719181150482,0.24025719181150482,0.1586602154887305,1.22,1.8387748404060487,1,2,0.3,0.0,uniform,0,uniform,1.0,fixed,controlled,5,1
2,0.18851922852153685,0.2495078674355246,0.2495078674355246,0.2251124118699295,1.3800000000000001,2.257938406292725,1,2,0.3,0.0,uniform,0,uniform,1.0,fixed,controlled,5,1
3,0.5790433706179482,0.19570025434620056,0.19570025434620056,0.3490375008548996,1.1400000000000001,2.5012462533341084,1,2,0.3,0.0,uniform,0,uniform,1.0,fixed,controlled,5,1
4,0.19615393692067778,0.3011674116483535,0.3011674116483535,0.2591620217572832,1.3,2.3107318848534044,1,2,0.3,0.0,uniform,0,uniform,1.0,fixed,controlled,5,1
15,1.8712935268155107e-05,0.014763996687157114,0.014887140454617222,0.008939769446877594,1.06,1.0948651008428227,1,2,0.3,0.0,uniform,0,uniform,1.0,adaptive,controlled,5,1
1,0.03626475100456905,0.23995591505245917,0.23992935260334625,0.15846351196383535,1.22,1.8380076966589578,1,2,0.3,0.0,uniform,0,uniform,1.0,adaptive,controlled,5,1
2,0.18851922852153685,0.2491373604732388,0.24910469425509815,0.22487050796167363,1.3800000000000001,2.256994981050527,1,2,0.3,0.0,uniform,0,uniform,1.0,adaptive,controlled,5,1
3,0.5790433706179482,0.1957324327813324,0.19573526983404244,0.34905851014760475,1.1400000000000001,2.5013281895756583,1,2,0.3,0.0,uniform,0,uniform,1.0,adaptive,controlled,5,1
4,0.19615393692067778,0.3004102950058125,0.30034354285289594,0.25866770048000864,1.3,2.3088040318720333,1,2,0.3,0.0,uniform,0,uniform,1.0,adaptive,controlled,5,1
15,1.8712935268155107e-05,0.0473521090315954,0.03012997373720373,0.0180854694164295,1.06,1.130533330724075,1,2,0.3,0.0,uniform,0,uniform,1.0,guarded,controlled,5,1
1,0.03626475100456905,0.23292656964839487,0.2366414315679889,0.15649075934262094,1.22,1.8303139614362216,1,2,0.3,0.0,uniform,0,uniform,1.0,guarded,controlled,5,1
2,0.18851922852153685,0.2404927460636596,0.2450612438445699,0.22244443771535669,1.3800000000000001,2.247533307089891,1,2,0.3,0.0,uniform,0,uniform,1.0,guarded,controlled,5,1
3,0.5790433706179482,0.19648321533694882,0.19608644247042523,0.3492692137294344,1.1400000000000001,2.502149933544794,1,2,0.3,0.0,uniform,0,uniform,1.0,guarded,controlled,5,1
4,0.19615393692067778,0.28274535991940136,0.2920809083798123,0.25371011979615854,1.3,2.289469467205018,1,2,0.3,0.0,uniform,0,uniform,1.0,guarded,controlled,5,1
15,1.562482130428273e-05,0.2,0.016350012115306598,0.009816257197705671,1.06,1.1110445374280695,2,2,0.3,0.0,uniform,0,uniform,0.0,fixed,controlled,5,1
1,0.4276668967217085,0.2,0.2052146198739095,0.29419553061302905,1.22,2.749816759187751,2,2,0.3,0.0,uniform,0,uniform,0.0,fixed,controlled,5,1
2,0.21361544412444308,0.2,0.7594916432483677,0.5411411635987978,1.3800000000000001,4.193934050713748,2,2,0.3,0.0,uniform,0,uniform,0.0,fixed,controlled,5,1
3,0.35870203433254416,0.2,0.018943724762416243,0.1548470485904674,1.1400000000000001,1.9452046526704305,2,2,0.3,0.0,uniform,0,uniform,0.0,fixed,controlled,5,1
15,1.562482130428273e-05,0.2,0.016350012115306598,0.009816257197705671,1.06,1.1110445374280695,2,2,0.3,0.0,uniform,0,uniform,0.0,adaptive,controlled,5,1
1,0.4276668967217085,0.2,0.2052146198739095,0.29419553061302905,1.22,2.749816759187751,2,2,0.3,0.0,uniform,0,uniform,0.0,adaptive,controlled,5,1
2,0.21361544412444308,0.2,0.7594916432483677,0.5411411635987978,1.3800000000000001,4.193934050713748,2,2,0.3,0.0,uniform,0,uniform,0.0,adaptive,controlled,5,1
3,0.35870203433254416,0.2,0.018943724762416243,0.1548470485904674,1.1400000000000001,1.9452046526704305,2,2,0.3,0.0,uniform,0,uniform,0.0,adaptive,controlled,5,1
15,1.562482130428273e-05,0.2,0.016350012115306598,0.009816257197705671,1.06,1.1110445374280695,2,2,0.3,0.0,uniform,0,uniform,0.0,guarded,controlled,5,1
1,0.4276668967217085,0.2,0.2052146198739095,0.29419553061302905,1.22,2.749816759187751,2,2,0.3,0.0,uniform,0,uniform,0.0,guarded,controlled,5,1
2,0.21361544412444308,0.2,0.7594916432483677,0.5411411635987978,1.3800000000000001,4.193934050713748,2,2,0.3,0.0,uniform,0,uniform,0.0,guarded,controlled,5,1
3,0.35870203433254416,0.2,0.018943724762416243,0.1548470485904674,1.1400000000000001,1.9452046526704305,2,2,0.3,0.0,uniform,0,uniform,0.0,guarded,controlled,5,1
15,1.562482130428273e-05,0.012378377933688942,0.012443610282667748,0.007472416098122362,1.06,1.0988565637102363,2,2,0.3,0.0,uniform,0,uniform,0.5,fixed,controlled,5,1
1,0.4276668967217085,0.20362568554116545,0.20446585163050465,0.2937462696669862,1.22,2.747480602268328,2,2,0.3,0.0,uniform,0,uniform,0.5,fixed,controlled,5,1
2,0.21361544412444308,0.7648954207609072,0.768009850789991,0.5462520881237718,1.3800000000000001,4.220510858243613,2,2,0.3,0.0,uniform,0,uniform,0.5,fixed,controlled,5,1
3,0.35870203433254416,0.015004812639238401,0.015080687296836582,0.1525292261111196,1.1400000000000001,1.933151975777822,2,2,0.3,0.0,uniform,0,uniform,0.5,fixed,controlled,5,1
15,1.562482130428273e-05,0.012508584506424402,0.012443988347340602,0.007472642936926074,1.06,1.0988577432720157,2,2,0.3,0.0,uniform,0,uniform,0.5,adaptive,controlled,5,1
1,0.4276668967217085,0.20364933056479265,0.20446592409689007,0.29374631314681743,1.22,2.74748082836345,2,2,0.3,0.0,uniform,0,uniform,0.5,adaptive,controlled,5,1
2,0.21361544412444308,0.7646063305455353,0.7680090263910978,0.5462515934844359,1.3800000000000001,4.220508286119066,2,2,0.3,0.0,uniform,0,uniform,0.5,adaptive,controlled,5,1
3,0.35870203433254416,0.015133555782478532,0.015081061164671542,0.1525294504318206,1.1400000000000001,1.933153142245467,2,2,0.3,0.0,uniform,0,uniform,0.5,adaptive,controlled,5,1
15,1.45109256616717e-05,0.15980206989833104,0.021963820011295765,0.013184096377042128,1.06,1.1114179758704643,2,2,0.3,0.0,uniform,0,uniform,0.5,guarded,controlled,5,1
1,0.397178465304146,0.20100581310791488,0.204768242410987,0.2817323315682506,1.22,2.3187560931161775,2,2,0.3,0.0,uniform,0,uniform,0.5,guarded,controlled,5,1
2,0.1983867699674198,0.3219299418217733,0.7412599245206148,0.5241106626993368,1.3800000000000001,3.4240315845274134,2,2,0.3,0.0,uniform,0,uniform,0.5,guarded,controlled,5,1
3,0.33313011736417436,0.16036792853716905,0.02447430701017105,0.14793663115177239,1.1400000000000001,1.7169528614919125,2,2,0.3,0.0,uniform,0,uniform,0.5,guarded,controlled,5,1
4,0.07129013643859819,0.15689424663481172,0.007533706046931245,0.03303627820359802,1.3,1.4288414849940323,2,2,0.3,0.0,uniform,0,uniform,0.5,guarded,controlled,5,1
15,1.562482130428273e-05,0.01239410951089697,0.012443885051101375,0.007472580959182538,1.06,1.0988574209877493,2,2,0.3,0.0,uniform,0,uniform,1.0,fixed,controlled,5,1
1,0.4276668967217085,0.2036480406801647,0.20446590429735412,0.2937463012670959,1.22,2.7474807665888985,2,2,0.3,0.0,uniform,0,uniform,1.0,fixed,controlled,5,1
2,0.21361544412444308,0.7649372146298907,0.7680092516364365,0.5462517286316391,1.3800000000000001,4.220508988884523,2,2,0.3,0.0,uniform,0,uniform,1.0,fixed,controlled,5,1
3,0.35870203433254416,0.015020635179047578,0.01508095901510801,0.15252938914208247,1.1400000000000001,1.933152823538829,2,2,0.3,0.0,uniform,0,uniform,1.0,fixed,controlled,5,1
15,1.562482130428273e-05,0.01239410951089697,0.012443885051101375,0.007472580959182538,1.06,1.0988574209877493,2,2,0.3,0.0,uniform,0,uniform,1.0,adaptive,controlled,5,1
1,0.4276668967217085,0.2036480406801647,0.20446590429735412,0.2937463012670959,1.22,2.7474807665888985,2,2,0.3,0.0,uniform,0,uniform,1.0,adaptive,controlled,5,1
2,0.21361544412444308,0.7649372146298907,0.7680092516364365,0.5462517286316391,1.3800000000000001,4.220508988884523,2,2,0.3,0.0,uniform,0,uniform,1.0,adaptive,controlled,5,1
3,0.35870203433254416,0.015020635179047578,0.01508095901510801,0.15252938914208247,1.1400000000000001,1.933152823538829,2,2,0.3,0.0,uniform,0,uniform,1.0,adaptive,controlled,5,1
15,1.45109256616717e-05,0.15980206989833104,0.021963820011295765,0.013184096377042128,1.06,1.1114179758704643,2,2,0.3,0.0,uniform,0,uniform,1.0,guarded,controlled,5,1
1,0.397178465304146,0.20100581310791488,0.204768242410987,0.2817323315682506,1.22,2.3187560931161775,2,2,0.3,0.0,uniform,0,uniform,1.0,guarded,controlled,5,1
2,0.1983867699674198,0.3219299418217733,0.7412599245206148,0.5241106626993368,1.3800000000000001,3.4240315845274134,2,2,0.3,0.0,uniform,0,uniform,1.0,guarded,controlled,5,1
3,0.33313011736417436,0.16036792853716905,0.02447430701017105,0.14793663115177239,1.1400000000000001,1.7169528614919125,2,2,0.3,0.0,uniform,0,uniform,1.0,guarded,controlled,5,1
4,0.07129013643859819,0.15689424663481172,0.007533706046931245,0.03303627820359802,1.3,1.4288414849940323,2,2,0.3,0.0,uniform,0,uniform,1.0,guarded,controlled,5,1
15,1.5604042502995442e-05,0.2,0.2219139598843783,0.13315461754762817,1.06,1.5793030084357498,3,2,0.3,0.0,uniform,0,uniform,0.0,fixed,controlled,5,1
1,0.36581384804451855,0.2,0.22749695179641177,0.28282371029565445,1.22,2.323012470153052,3,2,0.3,0.0,uniform,0,uniform,0.0,fixed,controlled,5,1
2,0.08498693960807281,0.2,0.3405957369550307,0.23835221801624754,1.3800000000000001,2.3095736502633653,3,2,0.3,0.0,uniform,0,uniform,0.0,fixed,controlled,5,1
3,0.08716586740163554,0.2,0.19763501480615675,0.15344735584434827,1.1400000000000001,1.7384446877929582,3,2,0.3,0.0,uniform,0,uniform,0.0,fixed,controlled,5,1
4,0.4620177409032702,0.2,0.01235833655802259,0.19222209829612166,1.3,2.0496661833548746,3,2,0.3,0.0,uniform,0,uniform,0.0,fixed,controlled,5,1
15,1.5604042502995442e-05,0.2,0.2219139598843783,0.13315461754762817,1.06,1.5793030084357498,3,2,0.3,0.0,uniform,0,uniform,0.0,adaptive,controlled,5,1
1,0.36581384804451855,0.2,0.22749695179641177,0.28282371029565445,1.22,2.323012470153052,3,2,0.3,0.0,uniform,0,uniform,0.0,adaptive,controlled,5,1
2,0.08498693960807281,0.2,0.3405957369550307,0.23835221801624754,1.3800000000000001,2.3095736502633653,3,2,0.3,0.0,uniform,0,uniform,0.0,adaptive,controlled,5,1
3,0.08716586740163554,0.2,0.19763501480615675,0.15344735584434827,1.1400000000000001,1.7384446877929582,3,2,0.3,0.0,uniform,0,uniform,0.0,adaptive,controlled,5,1
4,0.4620177409032702,0.2,0.01235833655802259,0.19222209829612166,1.3,2.0496661833548746,3,2,0.3,0.0,uniform,0,uniform,0.0,adaptive,controlled,5,1
15,1.5604042502995442e-05,0.2,0.2219139598843783,0.13315461754762817,1.06,1.5793030084357498,3,2,0.3,0.0,uniform,0,uniform,0.0,guarded,controlled,5,1
1,0.36581384804451855,0.2,0.22749695179641177,0.28282371029565445,1.22,2.323012470153052,3,2,0.3,0.0,uniform,0,uniform,0.0,guarded,controlled,5,1
2,0.08498693960807281,0.2,0.3405957369550307,0.23835221801624754,1.3800000000000001,2.3095736502633653,3,2,0.3,0.0,uniform,0,uniform,0.0,guarded,controlled,5,1
3,0.08716586740163554,0.2,0.19763501480615675,0.15344735584434827,1.1400000000000001,1.7384446877929582,3,2,0.3,0.0,uniform,0,uniform,0.0,guarded,controlled,5,1
4,0.4620177409032702,0.2,0.01235833655802259,0.19222209829612166,1.3,2.0496661833548746,3,2,0.3,0.0,uniform,0,uniform,0.0,guarded,controlled,5,1
15,1.5604042502995442e-05,0.22187040845684255,0.2218938629930333,0.13314255941282116,1.06,1.5792559817100025,3,2,0.3,0.0,uniform,0,uniform,0.5,fixed,controlled,5,1
1,0.36581384804451855,0.22744230482662933,0.22747173484541403,0.28280858012505583,1.22,2.3229534624877175,3,2,0.3,0.0,uniform,0,uniform,0.5,fixed,controlled,5,1
2,0.08498693960807281,0.34031631940192125,0.34046679917910777,0.2382748553506938,1.3800000000000001,2.309271935867706,3,2,0.3,0.0,uniform,0,uniform,0.5,fixed,controlled,5,1
3,0.08716586740163554,0.197639714937116,0.19763718369077293,0.15344865717511796,1.1400000000000001,1.73844976298296,3,2,0.3,0.0,uniform,0,uniform,0.5,fixed,controlled,5,1
4,0.4620177409032702,0.012731252377490962,0.012530419291672045,0.1923253479363113,1.3,2.050068856951614,3,2,0.3,0.0,uniform,0,uniform,0.5,fixed,controlled,5,1
15,1.5604042502995442e-05,0.22187040845684255,0.2218938629930333,0.13314255941282116,1.06,1.5792559817100025,3,2,0.3,0.0,uniform,0,uniform,0.5,adaptive,controlled,5,1
1,0.36581384804451855,0.22744230482662933,0.22747173484541403,0.28280858012505583,1.22,2.3229534624877175,3,2,0.3,0.0,uniform,0,uniform,0.5,adaptive,controlled,5,1
2,0.08498693960807281,0.34031631940192125,0.34046679917910777,0.2382748553506938,1.3800000000000001,2.309271935867706,3,2,0.3,0.0,uniform,0,uniform,0.5,adaptive,controlled,5,1
3,0.08716586740163554,0.197639714937116,0.19763718369077293,0.15344865717511796,1.1400000000000001,1.73844976298296,3,2,0.3,0.0,uniform,0,uniform,0.5,adaptive,controlled,5,1
4,0.4620177409032702,0.012731252377490962,0.012530419291672045,0.1923253479363113,1.3,2.050068856951614,3,2,0.3,0.0,uniform,0,uniform,0.5,adaptive,controlled,5,1
15,1.5604042502995442e-05,0.21278540043170577,0.22187221172340835,0.1331295686510462,1.06,1.5792053177390801,3,2,0.3,0.0,uniform,0,uniform,0.5,guarded,controlled,5,1
1,0.36581384804451855,0.21604272076901307,0.22744456750914302,0.28279227972329324,1.22,2.3228898909208437,3,2,0.3,0.0,uniform,0,uniform,0.5,guarded,controlled,5,1
2,0.08498693960807281,0.28202866143066485,0.34032788881215487,0.23819150913052203,1.3800000000000001,2.308946885609036,3,2,0.3,0.0,uniform,0,uniform,0.5,guarded,controlled,5,1
3,0.08716586740163554,0.1986201817071,0.19763952032606663,0.15345005915629417,1.1400000000000001,1.7384552307095473,3,2,0.3,0.0,uniform,0,uniform,0.5,guarded,controlled,5,1
4,0.4620177409032702,0.09052303566151632,0.012715811629227166,0.1924365833388444,1.3,2.050502675021493,3,2,0.3,0.0,uniform,0,uniform,0.5,guarded,controlled,5,1
15,1.5604042502995442e-05,0.22189442296001968,0.22189442296001968,0.133142895393013,1.06,1.5792572920327506,3,2,0.3,0.0,uniform,0,uniform,1.0,fixed,controlled,5,1
1,0.36581384804451855,0.22747243747448306,0.22747243747448306,0.28280900170249723,1.22,2.322955106639739,3,2,0.3,0.0,uniform,0,uniform,1.0,fixed,controlled,5,1
2,0.08498693960807281,0.34047039181921196,0.34047039181921196,0.2382770109347563,1.3800000000000001,2.3092803426455495,3,2,0.3,0.0,uniform,0,uniform,1.0,fixed,controlled,5,1
3,0.08716586740163554,0.19763712325835275,0.19763712325835275,0.15344862091566586,1.1400000000000001,1.738449621571097,3,2,0.3,0.0,uniform,0,uniform,1.0,fixed,controlled,5,1
4,0.4620177409032702,0.012525624487932584,0.012525624487932584,0.19232247105406766,1.3,2.050057637110864,3,2,0.3,0.0,uniform,0,uniform,1.0,fixed,controlled,5,1
15,1.5604042502995442e-05,0.22189442296001968,0.22189442296001968,0.133142895393013,1.06,1.5792572920327506,3,2,0.3,0.0,uniform,0,uniform,1.0,adaptive,controlled,5,1
1,0.36581384804451855,0.22747243747448306,0.22747243747448306,0.28280900170249723,1.22,2.322955106639739,3,2,0.3,0.0,uniform,0,uniform,1.0,adaptive,controlled,5,1
2,0.08498693960807281,0.34047039181921196,0.34047039181921196,0.2382770109347563,1.3800000000000001,2.3092803426455495,3,2,0.3,0.0,uniform,0,uniform,1.0,adaptive,controlled,5,1
3,0.08716586740163554,0.19763712325835275,0.19763712325835275,0.15344862091566586,1.1400000000000001,1.738449621571097,3,2,0.3,0.0,uniform,0,uniform,1.0,adaptive,controlled,5,1
4,0.4620177409032702,0.012525624487932584,0.012525624487932584,0.19232247105406766,1.3,2.050057637110864,3,2,0.3,0.0,uniform,0,uniform,1.0,adaptive,controlled,5,1
15,1.5604042502995442e-05,0.22189442296001968,0.22189442296001968,0.133142895393013,1.06,1.5792572920327506,3,2,0.3,0.0,uniform,0,uniform,1.0,guarded,controlled,5,1
1,0.36581384804451855,0.22747243747448306,0.22747243747448306,0.28280900170249723,1.22,2.322955106639739,3,2,0.3,0.0,uniform,0,uniform,1.0,guarded,controlled,5,1
2,0.08498693960807281,0.34047039181921196,0.34047039181921196,0.2382770109347563,1.3800000000000001,2.3092803426455495,3,2,0.3,0.0,uniform,0,uniform,1.0,guarded,controlled,5,1
3,0.08716586740163554,0.19763712325835275,0.19763712325835275,0.15344862091566586,1.1400000000000001,1.738449621571097,3,2,0.3,0.0,uniform,0,uniform,1.0,guarded,controlled,5,1
4,0.4620177409032702,0.012525624487932584,0.012525624487932584,0.19232247105406766,1.3,2.050057637110864,3,2,0.3,0.0,uniform,0,uniform,1.0,guarded,controlled,5,1
15,4.3845710194547666e-05,0.2,0.03297533344228056,0.019802738349446153,1.06,1.13723067956284,4,2,0.3,0.0,uniform,0,uniform,0.0,fixed,controlled,5,1
1,0.20936326927390417,0.2,0.048549447879834166,0.11287497643746218,1.22,1.6602124081061025,4,2,0.3,0.0,uniform,0,uniform,0.0,fixed,controlled,5,1
2,0.30968159678506796,0.2,0.00746460366846648,0.12835140091510708,1.3800000000000001,1.8805704635689175,4,2,0.3,0.0,uniform,0,uniform,0.0,fixed,controlled,5,1
3,0.14790500406918805,0.2,0.18091385847922203,0.16771031671520845,1.1400000000000001,1.794070235189313,4,2,0.3,0.0,uniform,0,uniform,0.0,fixed,controlled,5,1
4,0.3330062841616452,0.2,0.7300967565301968,0.5712605675827762,1.3,3.5279162135728273,4,2,0.3,0.0,uniform,0,uniform,0.0,fixed,controlled,5,1
15,4.3845710194547666e-05,0.2,0.03297533344228056,0.019802738349446153,1.06,1.13723067956284,4,2,0.3,0.0,uniform,0,uniform,0.0,adaptive,controlled,5,1
1,0.20936326927390417,0.2,0.048549447879834166,0.11287497643746218,1.22,1.6602124081061025,4,2,0.3,0.0,uniform,0,uniform,0.0,adaptive,controlled,5,1
2,0.30968159678506796,0.2,0.00746460366846648,0.12835140091510708,1.3800000000000001,1.8805704635689175,4,2,0.3,0.0,uniform,0,uniform,0.0,adaptive,controlled,5,1
3,0.14790500406918805,0.2,0.18091385847922203,0.16771031671520845,1.1400000000000001,1.794070235189313,4,2,0.3,0.0,uniform,0,uniform,0.0,adaptive,controlled,5,1
4,0.3330062841616452,0.2,0.7300967565301968,0.5712605675827762,1.3,3.5279162135728273,4,2,0.3,0.0,uniform,0,uniform,0.0,adaptive,controlled,5,1
15,4.3845710194547666e-05,0.2,0.03297533344228056,0.019802738349446153,1.06,1.13723067956284,4,2,0.3,0.0,uniform,0,uniform,0.0,guarded,controlled,5,1
1,0.20936326927390417,0.2,0.048549447879834166,0.11287497643746218,1.22,1.6602124081061025,4,2,0.3,0.0,uniform,0,uniform,0.0,guarded,controlled,5,1
2,0.30968159678506796,0.2,0.00746460366846648,0.12835140091510708,1.3800000000000001,1.8805704635689175,4,2,0.3,0.0,uniform,0,uniform,0.0,guarded,controlled,5,1
3,0.14790500406918805,0.2,0.18091385847922203,0.16771031671520845,1.1400000000000001,1.794070235189313,4,2,0.3,0.0,uniform,0,uniform,0.0,guarded,controlled,5,1
4,0.3330062841616452,0.2,0.7300967565301968,0.5712605675827762,1.3,3.5279162135728273,4,2,0.3,0.0,uniform,0,uniform,0.0,guarded,controlled,5,1
3,0.30755153328444007,0.15153015037723108,0.15334484817059368,0.21502752221613225,1.1400000000000001,2.76560806795396,4,2,0.3,0.0,uniform,0,uniform,0.5,fixed,controlled,5,1
4,0.6924484667155599,0.8363063857133648,0.8466551518294063,0.7849724777838678,1.3,7.23439193204604,4,2,0.3,0.0,uniform,0,uniform,0.5,fixed,controlled,5,1
3,0.30755153328444007,0.15153015037723108,0.15334484817059368,0.21502752221613225,1.1400000000000001,2.76560806795396,4,2,0.3,0.0,uniform,0,uniform,0.5,adaptive,controlled,5,1
4,0.6924484667155599,0.8363063857133648,0.8466551518294063,0.7849724777838678,1.3,7.23439193204604,4,2,0.3,0.0,uniform,0,uniform,0.5,adaptive,controlled,5,1
15,4.3845710194547666e-05,0.16317396594161637,0.03105307186400918,0.018649381402483328,1.06,1.132732587469685,4,2,0.3,0.0,uniform,0,uniform,0.5,guarded,controlled,5,1
1,0.20936326927390417,0.1666077873078055,0.04680642642468895,0.11182916356437504,1.22,1.6561337379010626,4,2,0.3,0.0,uniform,0,uniform,0.5,guarded,controlled,5,1
2,0.30968159678506796,0.1575492937128588,0.005248742966852929,0.12702188449413895,1.3800000000000001,1.875385349527142,4,2,0.3,0.0,uniform,0,uniform,0.5,guarded,controlled,5,1
3,0.14790500406918805,0.19579183774365205,0.18069419896857025,0.16757852100881737,1.1400000000000001,1.7935562319343878,4,2,0.3,0.0,uniform,0,uniform,0.5,guarded,controlled,5,1
4,0.3330062841616452,0.31687711529406737,0.7361975597758786,0.5749210495301853,1.3,3.5421920931677224,4,2,0.3,0.0,uniform,0,uniform,0.5,guarded,controlled,5,1
3,0.30755153328444007,0.1515047099925466,0.15334484817059368,0.21502752221613225,1.1400000000000001,2.76560806795396,4,2,0.3,0.0,uniform,0,uniform,1.0,fixed,controlled,5,1
4,0.6924484667155599,0.8364952900074535,0.8466551518294063,0.7849724777838678,1.3,7.23439193204604,4,2,0.3,0.0,uniform,0,uniform,1.0,fixed,controlled,5,1
3,0.30755153328444007,0.1515047099925466,0.15334484817059368,0.21502752221613225,1.1400000000000001,2.76560806795396,4,2,0.3,0.0,uniform,0,uniform,1.0,adaptive,controlled,5,1
4,0.6924484667155599,0.8364952900074535,0.8466551518294063,0.7849724777838678,1.3,7.23439193204604,4,2,0.3,0.0,uniform,0,uniform,1.0,adaptive,controlled,5,1
15,4.3845710194547666e-05,0.16317396594161637,0.03105307186400918,0.018649381402483328,1.06,1.132732587469685,4,2,0.3,0.0,uniform,0,uniform,1.0,guarded,controlled,5,1
1,0.20936326927390417,0.1666077873078055,0.04680642642468895,0.11182916356437504,1.22,1.6561337379010626,4,2,0.3,0.0,uniform,0,uniform,1.0,guarded,controlled,5,1
2,0.30968159678506796,0.1575492937128588,0.005248742966852929,0.12702188449413895,1.3800000000000001,1.875385349527142,4,2,0.3,0.0,uniform,0,uniform,1.0,guarded,controlled,5,1
3,0.14790500406918805,0.19579183774365205,0.18069419896857025,0.16757852100881737,1.1400000000000001,1.7935562319343878,4,2,0.3,0.0,uniform,0,uniform,1.0,guarded,controlled,5,1
4,0.3330062841616452,0.31687711529406737,0.7361975597758786,0.5749210495301853,1.3,3.5421920931677224,4,2,0.3,0.0,uniform,0,uniform,1.0,guarded,controlled,5,1
1,0.15369580840580727,0.2,0.01869944141485051,0.07269798821123322,1.22,1.5805820215277167,5,2,0.3,0.0,uniform,0,uniform,0.0,fixed,controlled,5,1
2,0.24509130010551408,0.2,0.4059574351615477,0.34161098113913424,1.3800000000000001,3.074390466450106,5,2,0.3,0.0,uniform,0,uniform,0.0,fixed,controlled,5,1
3,0.36987393842621463,0.2,0.5610482068101339,0.48457849945656617,1.1400000000000001,3.5435093573045684,5,2,0.3,0.0,uniform,0,uniform,0.0,fixed,controlled,5,1
4,0.231338953062464,0.2,0.014294916613467904,0.10111253119306635,1.3,1.8015181547176091,5,2,0.3,0.0,uniform,0,uniform,0.0,fixed,controlled,5,1
1,0.15369580840580727,0.2,0.01869944141485051,0.07269798821123322,1.22,1.5805820215277167,5,2,0.3,0.0,uniform,0,uniform,0.0,adaptive,controlled,5,1
2,0.24509130010551408,0.2,0.4059574351615477,0.34161098113913424,1.3800000000000001,3.074390466450106,5,2,0.3,0.0,uniform,0,uniform,0.0,adaptive,controlled,5,1
3,0.36987393842621463,0.2,0.5610482068101339,0.48457849945656617,1.1400000000000001,3.5435093573045684,5,2,0.3,0.0,uniform,0,uniform,0.0,adaptive,controlled,5,1
4,0.231338953062464,0.2,0.014294916613467904,0.10111253119306635,1.3,1.8015181547176091,5,2,0.3,0.0,uniform,0,uniform,0.0,adaptive,controlled,5,1
1,0.15369580840580727,0.2,0.01869944141485051,0.07269798821123322,1.22,1.5805820215277167,5,2,0.3,0.0,uniform,0,uniform,0.0,guarded,controlled,5,1
2,0.24509130010551408,0.2,0.4059574351615477,0.34161098113913424,1.3800000000000001,3.074390466450106,5,2,0.3,0.0,uniform,0,uniform,0.0,guarded,controlled,5,1
3,0.36987393842621463,0.2,0.5610482068101339,0.48457849945656617,1.1400000000000001,3.5435093573045684,5,2,0.3,0.0,uniform,0,uniform,0.0,guarded,controlled,5,1
4,0.231338953062464,0.2,0.014294916613467904,0.10111253119306635,1.3,1.8015181547176091,5,2,0.3,0.0,uniform,0,uniform,0.0,guarded,controlled,5,1
2,0.3985449660385459,0.40896192967080497,0.41398366160437705,0.4078081833780446,1.3800000000000001,4.4304052116677735,5,2,0.3,0.0,uniform,0,uniform,0.5,fixed,controlled,5,1
3,0.6014550339614542,0.5788518575417246,0.5860163383956228,0.5921918166219554,1.1400000000000001,5.5695947883322265,5,2,0.3,0.0,uniform,0,uniform,0.5,fixed,controlled,5,1
2,0.3985449660385459,0.40896192967080497,0.41398366160437705,0.4078081833780446,1.3800000000000001,4.4304052116677735,5,2,0.3,0.0,uniform,0,uniform,0.5,adaptive,controlled,5,1
3,0.6014550339614542,0.5788518575417246,0.5860163383956228,0.5921918166219554,1.1400000000000001,5.5695947883322265,5,2,0.3,0.0,uniform,0,uniform,0.5,adaptive,controlled,5,1
1,0.19995264364983117,0.06170533599047847,0.007373464131097024,0.08440513593859068,1.22,1.7483761509755777,5,2,0.3,0.0,uniform,0,uniform,0.5,guarded,controlled,5,1
2,0.3188548464658064,0.3558016465989101,0.41474108623951517,0.37638659033003163,1.3800000000000001,3.736180055465998,5,2,0.3,0.0,uniform,0,uniform,0.5,guarded,controlled,5,1
3,0.4811925098843624,0.4735826207499516,0.5778854496293878,0.5392082737313777,1.1400000000000001,4.515443793558424,5,2,0.3,0.0,uniform,0,uniform,0.5,guarded,controlled,5,1
2,0.3985449660385459,0.4090146656948726,0.41398245515675364,0.40780745950947056,1.3800000000000001,4.43039979713084,5,2,0.3,0.0,uniform,0,uniform,1.0,fixed,controlled,5,1
3,0.6014550339614542,0.5789853343051274,0.5860175448432464,0.5921925404905295,1.1400000000000001,5.569600202869161,5,2,0.3,0.0,uniform,0,uniform,1.0,fixed,controlled,5,1
2,0.3985449660385459,0.4090146656948726,0.41398245515675364,0.40780745950947056,1.3800000000000001,4.43039979713084,5,2,0.3,0.0,uniform,0,uniform,1.0,adaptive,controlled,5,1
3,0.6014550339614542,0.5789853343051274,0.5860175448432464,0.5921925404905295,1.1400000000000001,5.569600202869161,5,2,0.3,0.0,uniform,0,uniform,1.0,adaptive,controlled,5,1
1,0.19995264364983117,0.06170533599047847,0.007373464131097024,0.08440513593859068,1.22,1.7483761509755777,5,2,0.3,0.0,uniform,0,uniform,1.0,guarded,controlled,5,1
2,0.3188548464658064,0.3558016465989101,0.41474108623951517,0.37638659033003163,1.3800000000000001,3.736180055465998,5,2,0.3,0.0,uniform,0,uniform,1.0,guarded,controlled,5,1
3,0.4811925098843624,0.4735826207499516,0.5778854496293878,0.5392082737313777,1.1400000000000001,4.515443793558424,5,2,0.3,0.0,uniform,0,uniform,1.0,guarded,controlled,5,1
15,3.491997662607679e-05,0.2,0.03431903100257271,0.020605386592194058,1.06,1.1955834437766368,6,2,0.3,0.0,uniform,0,uniform,0.0,fixed,controlled,5,1
1,0.13138920966105747,0.2,0.33623947458713455,0.2542993686167037,1.22,2.89328984549791,6,2,0.3,0.0,uniform,0,uniform,0.0,fixed,controlled,5,1
3,0.8685758703623164,0.2,0.6294414944102927,0.7250952447911022,1.1400000000000001,5.911126710725453,6,2,0.3,0.0,uniform,0,uniform,0.0,fixed,controlled,5,1
15,3.491997662607679e-05,0.2,0.03431903100257271,0.020605386592194058,1.06,1.1955834437766368,6,2,0.3,0.0,uniform,0,uniform,0.0,adaptive,controlled,5,1
1,0.13138920966105747,0.2,0.33623947458713455,0.2542993686167037,1.22,2.89328984549791,6,2,0.3,0.0,uniform,0,uniform,0.0,adaptive,controlled,5,1
3,0.8685758703623164,0.2,0.6294414944102927,0.7250952447911022,1.1400000000000001,5.911126710725453,6,2,0.3,0.0,uniform,0,uniform,0.0,adaptive,controlled,5,1
15,3.491997662607679e-05,0.2,0.03431903100257271,0.020605386592194058,1.06,1.1955834437766368,6,2,0.3,0.0,uniform,0,uniform,0.0,guarded,controlled,5,1
1,0.13138920966105747,0.2,0.33623947458713455,0.2542993686167037,1.22,2.89328984549791,6,2,0.3,0.0,uniform,0,uniform,0.0,guarded,controlled,5,1
3,0.8685758703623164,0.2,0.6294414944102927,0.7250952447911022,1.1400000000000001,5.911126710725453,6,2,0.3,0.0,uniform,0,uniform,0.0,guarded,controlled,5,1
15,3.491997662607679e-05,0.06331607322352983,0.06377381549359103,0.03827825728680505,1.06,1.3118709329471772,6,2,0.3,0.0,uniform,0,uniform,0.5,fixed,controlled,5,1
1,0.13138920966105747,0.3332006439032925,0.33595320144346236,0.2541276047305004,1.22,2.8921596391266924,6,2,0.3,0.0,uniform,0,uniform,0.5,fixed,controlled,5,1
3,0.8685758703623164,0.5952918766231776,0.6002729830629466,0.7075941379826945,1.1400000000000001,5.79596942792613,6,2,0.3,0.0,uniform,0,uniform,0.5,fixed,controlled,5,1
15,3.491997662607679e-05,0.06331607322352983,0.06377381549359103,0.03827825728680505,1.06,1.3118709329471772,6,2,0.3,0.0,uniform,0,uniform,0.5,adaptive,controlled,5,1
1,0.13138920966105747,0.3332006439032925,0.33595320144346236,0.2541276047305004,1.22,2.8921596391266924,6,2,0.3,0.0,uniform,0,uniform,0.5,adaptive,controlled,5,1
3,0.8685758703623164,0.5952918766231776,0.6002729830629466,0.7075941379826945,1.1400000000000001,5.79596942792613,6,2,0.3,0.0,uniform,0,uniform,0.5,adaptive,controlled,5,1
15,3.491997662607679e-05,0.06331607322352983,0.06377381549359103,0.03827825728680505,1.06,1.3118709329471772,6,2,0.3,0.0,uniform,0,uniform,0.5,guarded,controlled,5,1
1,0.13138920966105747,0.3332006439032925,0.33595320144346236,0.2541276047305004,1.22,2.8921596391266924,6,2,0.3,0.0,uniform,0,uniform,0.5,guarded,controlled,5,1
3,0.8685758703623164,0.5952918766231776,0.6002729830629466,0.7075941379826945,1.1400000000000001,5.79596942792613,6,2,0.3,0.0,uniform,0,uniform,0.5,guarded,controlled,5,1
15,3.491997662607679e-05,0.06326369933269674,0.06377389045634752,0.03827830226445894,1.06,1.31187122890014,6,2,0.3,0.0,uniform,0,uniform,1.0,fixed,controlled,5,1
1,0.13138920966105747,0.3332655751091749,0.33595320071489404,0.2541276042933594,1.22,2.892159636250305,6,2,0.3,0.0,uniform,0,uniform,1.0,fixed,controlled,5,1
3,0.8685758703623164,0.5954707255581284,0.6002729088287584,0.7075940934421816,1.1400000000000001,5.795969134849555,6,2,0.3,0.0,uniform,0,uniform,1.0,fixed,controlled,5,1
15,3.491997662607679e-05,0.06326369933269674,0.06377389045634752,0.03827830226445894,1.06,1.31187122890014,6,2,0.3,0.0,uniform,0,uniform,1.0,adaptive,controlled,5,1
1,0.13138920966105747,0.3332655751091749,0.33595320071489404,0.2541276042933594,1.22,2.892159636250305,6,2,0.3,0.0,uniform,0,uniform,1.0,adaptive,controlled,5,1
3,0.8685758703623164,0.5954707255581284,0.6002729088287584,0.7075940934421816,1.1400000000000001,5.795969134849555,6,2,0.3,0.0,uniform,0,uniform,1.0,adaptive,controlled,5,1
15,3.491997662607679e-05,0.06326369933269674,0.06377389045634752,0.03827830226445894,1.06,1.31187122890014,6,2,0.3,0.0,uniform,0,uniform,1.0,guarded,controlled,5,1
1,0.13138920966105747,0.3332655751091749,0.33595320071489404,0.2541276042933594,1.22,2.892159636250305,6,2,0.3,0.0,uniform,0,uniform,1.0,guarded,controlled,5,1
3,0.8685758703623164,0.5954707255581284,0.6002729088287584,0.7075940934421816,1.1400000000000001,5.795969134849555,6,2,0.3,0.0,uniform,0,uniform,1.0,guarded,controlled,5,1
15,5.1997864188056995e-05,0.2,0.07114488241435275,0.04270772859428688,1.06,1.226560141517719,7,2,0.3,0.0,uniform,0,uniform,0.0,fixed,controlled,5,1
1,0.1921260360658335,0.2,0.10166092362352609,0.13784696860044907,1.22,1.757603177541751,7,2,0.3,0.0,uniform,0,uniform,0.0,fixed,controlled,5,1
2,0.177482230602197,0.2,0.2490159454670192,0.22040245952109033,1.3800000000000001,2.239569592132252,7,2,0.3,0.0,uniform,0,uniform,0.0,fixed,controlled,5,1
3,0.34317242462192676,0.2,0.303347981384171,0.3192777586792733,1.1400000000000001,2.3851832588491657,7,2,0.3,0.0,uniform,0,uniform,0.0,fixed,controlled,5,1
4,0.2871673108458547,0.2,0.2748302671109309,0.2797650846049004,1.3,2.3910838299591113,7,2,0.3,0.0,uniform,0,uniform,0.0,fixed,controlled,5,1
15,5.1997864188056995e-05,0.2,0.07114488241435275,0.04270772859428688,1.06,1.226560141517719,7,2,0.3,0.0,uniform,0,uniform,0.0,adaptive,controlled,5,1
1,0.1921260360658335,0.2,0.10166092362352609,0.13784696860044907,1.22,1.757603177541751,7,2,0.3,0.0,uniform,0,uniform,0.0,adaptive,controlled,5,1
2,0.177482230602197,0.2,0.2490159454670192,0.22040245952109033,1.3800000000000001,2.239569592132252,7,2,0.3,0.0,uniform,0,uniform,0.0,adaptive,controlled,5,1
3,0.34317242462192676,0.2,0.303347981384171,0.3192777586792733,1.1400000000000001,2.3851832588491657,7,2,0.3,0.0,uniform,0,uniform,0.0,adaptive,controlled,5,1
4,0.2871673108458547,0.2,0.2748302671109309,0.2797650846049004,1.3,2.3910838299591113,7,2,0.3,0.0,uniform,0,uniform,0.0,adaptive,controlled,5,1
15,5.1997864188056995e-05,0.2,0.07114488241435275,0.04270772859428688,1.06,1.226560141517719,7,2,0.3,0.0,uniform,0,uniform,0.0,guarded,controlled,5,1
1,0.1921260360658335,0.2,0.10166092362352609,0.13784696860044907,1.22,1.757603177541751,7,2,0.3,0.0,uniform,0,uniform,0.0,guarded,controlled,5,1
2,0.177482230602197,0.2,0.2490159454670192,0.22040245952109033,1.3800000000000001,2.239569592132252,7,2,0.3,0.0,uniform,0,uniform,0.0,guarded,controlled,5,1
3,0.34317242462192676,0.2,0.303347981384171,0.3192777586792733,1.1400000000000001,2.3851832588491657,7,2,0.3,0.0,uniform,0,uniform,0.0,guarded,controlled,5,1
4,0.2871673108458547,0.2,0.2748302671109309,0.2797650846049004,1.3,2.3910838299591113,7,2,0.3,0.0,uniform,0,uniform,0.0,guarded,controlled,5,1
15,5.1997864188056995e-05,0.0581695458691802,0.05808264006351925,0.034870383183786775,1.06,1.1959944944167684,7,2,0.3,0.0,uniform,0,uniform,0.5,fixed,controlled,5,1
1,0.1921260360658335,0.09175846390415904,0.09169213951735482,0.13186569813674628,1.22,1.7342762227333104,7,2,0.3,0.0,uniform,0,uniform,0.5,fixed,controlled,5,1
2,0.177482230602197,0.2539517089852331,0.25398476758865424,0.22338375279407136,1.3800000000000001,2.2511966358968785,7,2,0.3,0.0,uniform,0,uniform,0.5,fixed,controlled,5,1
3,0.34317242462192676,0.31375482330748494,0.3138245259297316,0.3255636854066096,1.1400000000000001,2.4096983730857775,7,2,0.3,0.0,uniform,0,uniform,0.5,fixed,controlled,5,1
4,0.2871673108458547,0.2823654579339428,0.28241592690074013,0.28431648047878594,1.3,2.408834273867265,7,2,0.3,0.0,uniform,0,uniform,0.5,fixed,controlled,5,1
15,5.1997864188056995e-05,0.0581695458691802,0.05808264006351925,0.034870383183786775,1.06,1.1959944944167684,7,2,0.3,0.0,uniform,0,uniform,0.5,adaptive,controlled,5,1
1,0.1921260360658335,0.09175846390415904,0.09169213951735482,0.13186569813674628,1.22,1.7342762227333104,7,2,0.3,0.0,uniform,0,uniform,0.5,adaptive,controlled,5,1
2,0.177482230602197,0.2539517089852331,0.25398476758865424,0.22338375279407136,1.3800000000000001,2.2511966358968785,7,2,0.3,0.0,uniform,0,uniform,0.5,adaptive,controlled,5,1
3,0.34317242462192676,0.31375482330748494,0.3138245259297316,0.3255636854066096,1.1400000000000001,2.4096983730857775,7,2,0.3,0.0,uniform,0,uniform,0.5,adaptive,controlled,5,1
4,0.2871673108458547,0.2823654579339428,0.28241592690074013,0.28431648047878594,1.3,2.408834273867265,7,2,0.3,0.0,uniform,0,uniform,0.5,adaptive,controlled,5,1
15,5.1997864188056995e-05,0.19355724412071765,0.07017645922194617,0.04212667467884292,1.06,1.2242940312474875,7,2,0.3,0.0,uniform,0,uniform,0.5,guarded,controlled,5,1
1,0.1921260360658335,0.1950830461811763,0.10092184671244013,0.13740352245379747,1.22,1.75587373756981,7,2,0.3,0.0,uniform,0,uniform,0.5,guarded,controlled,5,1
2,0.177482230602197,0.20245079727335097,0.2493843295814992,0.22062348998977832,1.3800000000000001,2.2404316109601354,7,2,0.3,0.0,uniform,0,uniform,0.5,guarded,controlled,5,1
3,0.34317242462192676,0.20516739906920856,0.3041247032089314,0.3197437917741296,1.1400000000000001,2.3870007879191055,7,2,0.3,0.0,uniform,0,uniform,0.5,guarded,controlled,5,1
4,0.2871673108458547,0.20374151335554655,0.27539266127518314,0.28010252110345174,1.3,2.392399832303462,7,2,0.3,0.0,uniform,0,uniform,0.5,guarded,controlled,5,1
15,5.1997864188056995e-05,0.058084048329023245,0.058084048329023245,0.03487122814308917,1.06,1.1959977897580478,7,2,0.3,0.0,uniform,0,uniform,1.0,fixed,controlled,5,1
1,0.1921260360658335,0.09169321427116787,0.09169321427116787,0.13186634298903413,1.22,1.734278737657233,7,2,0.3,0.0,uniform,0,uniform,1.0,fixed,controlled,5,1
2,0.177482230602197,0.25398423189037195,0.25398423189037195,0.22338343137510197,1.3800000000000001,2.251195382362898,7,2,0.3,0.0,uniform,0,uniform,1.0,fixed,controlled,5,1
3,0.34317242462192676,0.31382339643328766,0.31382339643328766,0.3255630077087433,1.1400000000000001,2.409695730064099,7,2,0.3,0.0,uniform,0,uniform,1.0,fixed,controlled,5,1
4,0.2871673108458547,0.2824151090761492,0.2824151090761492,0.2843159897840314,1.3,2.4088323601577226,7,2,0.3,0.0,uniform,0,uniform,1.0,fixed,controlled,5,1
15,5.1997864188056995e-05,0.058084048329023245,0.058084048329023245,0.03487122814308917,1.06,1.1959977897580478,7,2,0.3,0.0,uniform,0,uniform,1.0,adaptive,controlled,5,1
1,0.1921260360658335,0.09169321427116787,0.09169321427116787,0.13186634298903413,1.22,1.734278737657233,7,2,0.3,0.0,uniform,0,uniform,1.0,adaptive,controlled,5,1
2,0.177482230602197,0.25398423189037195,0.25398423189037195,0.22338343137510197,1.3800000000000001,2.251195382362898,7,2,0.3,0.0,uniform,0,uniform,1.0,adaptive,controlled,5,1
3,0.34317242462192676,0.31382339643328766,0.31382339643328766,0.3255630077087433,1.1400000000000001,2.409695730064099,7,2,0.3,0.0,uniform,0,uniform,1.0,adaptive,controlled,5,1
4,0.2871673108458547,0.2824151090761492,0.2824151090761492,0.2843159897840314,1.3,2.4088323601577226,7,2,0.3,0.0,uniform,0,uniform,1.0,adaptive,controlled,5,1
15,5.1997864188056995e-05,0.19355724412071765,0.07017645922194617,0.04212667467884292,1.06,1.2242940312474875,7,2,0.3,0.0,uniform,0,uniform,1.0,guarded,controlled,5,1
1,0.1921260360658335,0.1950830461811763,0.10092184671244013,0.13740352245379747,1.22,1.75587373756981,7,2,0.3,0.0,uniform,0,uniform,1.0,guarded,controlled,5,1
2,0.177482230602197,0.20245079727335097,0.2493843295814992,0.22062348998977832,1.3800000000000001,2.2404316109601354,7,2,0.3,0.0,uniform,0,uniform,1.0,guarded,controlled,5,1
3,0.34317242462192676,0.20516739906920856,0.3041247032089314,0.3197437917741296,1.1400000000000001,2.3870007879191055,7,2,0.3,0.0,uniform,0,uniform,1.0,guarded,controlled,5,1
4,0.2871673108458547,0.20374151335554655,0.27539266127518314,0.28010252110345174,1.3,2.392399832303462,7,2,0.3,0.0,uniform,0,uniform,1.0,guarded,controlled,5,1
15,1.1650676905008064e-05,0.2,0.004735310727186158,0.0028458467070736977,1.06,1.0710988021575876,8,2,0.3,0.0,uniform,0,uniform,0.0,fixed,controlled,5,1
1,0.5648165438065023,0.2,0.4761981161926071,0.5116454872381652,1.22,3.215417400228844,8,2,0.3,0.0,uniform,0,uniform,0.0,fixed,controlled,5,1
2,0.1102554407322739,0.2,0.00951188028751591,0.04980930446541911,1.3800000000000001,1.5742562874151347,8,2,0.3,0.0,uniform,0,uniform,0.0,fixed,controlled,5,1
3,0.2866941924525916,0.2,0.4462660695052934,0.38243731868421266,1.1400000000000001,2.631505542868429,8,2,0.3,0.0,uniform,0,uniform,0.0,fixed,controlled,5,1
4,0.03822217233172724,0.2,0.06328862328739748,0.053262042905129384,1.3,1.5077219673300046,8,2,0.3,0.0,uniform,0,uniform,0.0,fixed,controlled,5,1
15,1.1650676905008064e-05,0.2,0.004735310727186158,0.0028458467070736977,1.06,1.0710988021575876,8,2,0.3,0.0,uniform,0,uniform,0.0,adaptive,controlled,5,1
1,0.5648165438065023,0.2,0.4761981161926071,0.5116454872381652,1.22,3.215417400228844,8,2,0.3,0.0,uniform,0,uniform,0.0,adaptive,controlled,5,1
2,0.1102554407322739,0.2,0.00951188028751591,0.04980930446541911,1.3800000000000001,1.5742562874151347,8,2,0.3,0.0,uniform,0,uniform,0.0,adaptive,controlled,5,1
3,0.2866941924525916,0.2,0.4462660695052934,0.38243731868421266,1.1400000000000001,2.631505542868429,8,2,0.3,0.0,uniform,0,uniform,0.0,adaptive,controlled,5,1
4,0.03822217233172724,0.2,0.06328862328739748,0.053262042905129384,1.3,1.5077219673300046,8,2,0.3,0.0,uniform,0,uniform,0.0,adaptive,controlled,5,1
15,1.1650676905008064e-05,0.2,0.004735310727186158,0.0028458467070736977,1.06,1.0710988021575876,8,2,0.3,0.0,uniform,0,uniform,0.0,guarded,controlled,5,1
1,0.5648165438065023,0.2,0.4761981161926071,0.5116454872381652,1.22,3.215417400228844,8,2,0.3,0.0,uniform,0,uniform,0.0,guarded,controlled,5,1
2,0.1102554407322739,0.2,0.00951188028751591,0.04980930446541911,1.3800000000000001,1.5742562874151347,8,2,0.3,0.0,uniform,0,uniform,0.0,guarded,controlled,5,1
3,0.2866941924525916,0.2,0.4462660695052934,0.38243731868421266,1.1400000000000001,2.631505542868429,8,2,0.3,0.0,uniform,0,uniform,0.0,guarded,controlled,5,1
4,0.03822217233172724,0.2,0.06328862328739748,0.053262042905129384,1.3,1.5077219673300046,8,2,0.3,0.0,uniform,0,uniform,0.0,guarded,controlled,5,1
1,0.634815840071681,0.487477992237346,0.49152548793613426,0.548841628790353,1.22,4.699655926530838,8,2,0.3,0.0,uniform,0,uniform,0.5,fixed,controlled,5,1
3,0.32222500672326965,0.45567691460915105,0.4594484499859817,0.40455907268089686,1.1400000000000001,3.704904520796886,8,2,0.3,0.0,uniform,0,uniform,0.5,fixed,controlled,5,1
4,0.04295915320504934,0.04878541052149028,0.04902606207788401,0.04659929852875014,1.3,1.595439552672276,8,2,0.3,0.0,uniform,0,uniform,0.5,fixed,controlled,5,1
1,0.634815840071681,0.4831623242993007,0.48997993124486494,0.5479142947755914,1.22,4.69377662887725,8,2,0.3,0.0,uniform,0,uniform,0.5,adaptive,controlled,5,1
3,0.32222500672326965,0.4520404181756235,0.45821628987727003,0.4038197766156699,1.1400000000000001,3.700217383743347,8,2,0.3,0.0,uniform,0,uniform,0.5,adaptive,controlled,5,1
4,0.04295915320504934,0.05383884334877463,0.051803778877864956,0.04826592860873871,1.3,1.6060059873794035,8,2,0.3,0.0,uniform,0,uniform,0.5,adaptive,controlled,5,1
15,1.1650676905008064e-05,0.031068266425284416,0.005056726323491919,0.0030386960648571544,1.06,1.071850914652943,8,2,0.3,0.0,uniform,0,uniform,0.5,guarded,controlled,5,1
1,0.5648165438065023,0.43895066103477,0.47574348006487105,0.5113727055615236,1.22,3.2143535516899417,8,2,0.3,0.0,uniform,0,uniform,0.5,guarded,controlled,5,1
2,0.1102554407322739,0.035200678585269686,0.009825433407716815,0.049997436337539655,1.3800000000000001,1.5749900017164047,8,2,0.3,0.0,uniform,0,uniform,0.5,guarded,controlled,5,1
3,0.2866941924525916,0.4130551826707194,0.4458607030466946,0.3821940988090534,1.1400000000000001,2.6305569853553084,8,2,0.3,0.0,uniform,0,uniform,0.5,guarded,controlled,5,1
4,0.03822217233172724,0.08172521128395649,0.06351365715722568,0.05339706322702631,1.3,1.5082485465854025,8,2,0.3,0.0,uniform,0,uniform,0.5,guarded,controlled,5,1
1,0.634815840071681,0.48852534603727776,0.49246506656983646,0.5494053759705744,1.22,4.703230083653441,8,2,0.3,0.0,uniform,0,uniform,1.0,fixed,controlled,5,1
3,0.32222500672326965,0.45651592773428945,0.46019750779666274,0.40500850736730554,1.1400000000000001,3.707753936708717,8,2,0.3,0.0,uniform,0,uniform,1.0,fixed,controlled,5,1
4,0.04295915320504934,0.046958726228432786,0.04733742563350079,0.04558611666212021,1.3,1.5890159796378422,8,2,0.3,0.0,uniform,0,uniform,1.0,fixed,controlled,5,1
1,0.634815840071681,0.48852534603727776,0.49246506656983646,0.5494053759705744,1.22,4.703230083653441,8,2,0.3,0.0,uniform,0,uniform,1.0,adaptive,controlled,5,1
3,0.32222500672326965,0.45651592773428945,0.46019750779666274,0.40500850736730554,1.1400000000000001,3.707753936708717,8,2,0.3,0.0,uniform,0,uniform,1.0,adaptive,controlled,5,1
4,0.04295915320504934,0.046958726228432786,0.04733742563350079,0.04558611666212021,1.3,1.5890159796378422,8,2,0.3,0.0,uniform,0,uniform,1.0,adaptive,controlled,5,1
15,1.1650676905008064e-05,0.031068266425284416,0.005056726323491919,0.0030386960648571544,1.06,1.071850914652943,8,2,0.3,0.0,uniform,0,uniform,1.0,guarded,controlled,5,1
1,0.5648165438065023,0.43895066103477,0.47574348006487105,0.5113727055615236,1.22,3.2143535516899417,8,2,0.3,0.0,uniform,0,uniform,1.0,guarded,controlled,5,1
2,0.1102554407322739,0.035200678585269686,0.009825433407716815,0.049997436337539655,1.3800000000000001,1.5749900017164047,8,2,0.3,0.0,uniform,0,uniform,1.0,guarded,controlled,5,1
3,0.2866941924525916,0.4130551826707194,0.4458607030466946,0.3821940988090534,1.1400000000000001,2.6305569853553084,8,2,0.3,0.0,uniform,0,uniform,1.0,guarded,controlled,5,1
4,0.03822217233172724,0.08172521128395649,0.06351365715722568,0.05339706322702631,1.3,1.5082485465854025,8,2,0.3,0.0,uniform,0,uniform,1.0,guarded,controlled,5,1
15,1.759561659491808e-05,0.2,0.09860709617390137,0.05917129595097879,1.06,1.372424442621168,9,2,0.3,0.0,uniform,0,uniform,0.0,fixed,controlled,5,1
1,0.3847357592929505,0.2,0.008140831147640167,0.1587788024057643,1.22,2.0583520767024353,9,2,0.3,0.0,uniform,0,uniform,0.0,fixed,controlled,5,1
3,0.3041750842877238,0.2,0.018328199663869737,0.13266695351341135,1.1400000000000001,1.840481514550812,9,2,0.3,0.0,uniform,0,uniform,0.0,fixed,controlled,5,1
4,0.31107156080273074,0.2,0.8749238730145887,0.6493829481298454,1.3,4.728741966125583,9,2,0.3,0.0,uniform,0,uniform,0.0,fixed,controlled,5,1
15,1.759561659491808e-05,0.2,0.09860709617390137,0.05917129595097879,1.06,1.372424442621168,9,2,0.3,0.0,uniform,0,uniform,0.0,adaptive,controlled,5,1
1,0.3847357592929505,0.2,0.008140831147640167,0.1587788024057643,1.22,2.0583520767024353,9,2,0.3,0.0,uniform,0,uniform,0.0,adaptive,controlled,5,1
3,0.3041750842877238,0.2,0.018328199663869737,0.13266695351341135,1.1400000000000001,1.840481514550812,9,2,0.3,0.0,uniform,0,uniform,0.0,adaptive,controlled,5,1
4,0.31107156080273074,0.2,0.8749238730145887,0.6493829481298454,1.3,4.728741966125583,9,2,0.3,0.0,uniform,0,uniform,0.0,adaptive,controlled,5,1
15,1.759561659491808e-05,0.2,0.09860709617390137,0.05917129595097879,1.06,1.372424442621168,9,2,0.3,0.0,uniform,0,uniform,0.0,guarded,controlled,5,1
1,0.3847357592929505,0.2,0.008140831147640167,0.1587788024057643,1.22,2.0583520767024353,9,2,0.3,0.0,uniform,0,uniform,0.0,guarded,controlled,5,1
3,0.3041750842877238,0.2,0.018328199663869737,0.13266695351341135,1.1400000000000001,1.840481514550812,9,2,0.3,0.0,uniform,0,uniform,0.0,guarded,controlled,5,1
4,0.31107156080273074,0.2,0.8749238730145887,0.6493829481298454,1.3,4.728741966125583,9,2,0.3,0.0,uniform,0,uniform,0.0,guarded,controlled,5,1
4,1.0,0.9838376776639455,1.0,1.0,1.3,10.0,9,2,0.3,0.0,uniform,0,uniform,0.5,fixed,controlled,5,1
4,1.0,0.9815010951832978,1.0,1.0,1.3,10.0,9,2,0.3,0.0,uniform,0,uniform,0.5,adaptive,controlled,5,1
15,1.451158569860071e-05,0.14910633389460287,0.11486989621329069,0.06892774236225385,1.06,1.32881819521279,9,2,0.3,0.0,uniform,0,uniform,0.5,guarded,controlled,5,1
1,0.3173020912440414,0.10405413391152481,0.038827001868404265,0.15021703761865912,1.22,1.8058464467127706,9,2,0.3,0.0,uniform,0,uniform,0.5,guarded,controlled,5,1
2,0.1752726811067304,0.10200000000000001,0.0314973185540164,0.08900746357510199,1.3800000000000001,1.7271291079428979,9,2,0.3,0.0,uniform,0,uniform,0.5,guarded,controlled,5,1
3,0.2508615017387487,0.10912744343260714,0.047390160605058074,0.12877869705853434,1.1400000000000001,1.6422369185282841,9,2,0.3,0.0,uniform,0,uniform,0.5,guarded,controlled,5,1
4,0.25654921432478084,0.5357120887612652,0.7674156227592306,0.5630690593854507,1.3,3.4959693316032574,9,2,0.3,0.0,uniform,0,uniform,0.5,guarded,controlled,5,1
4,1.0,0.984,1.0,1.0,1.3,10.0,9,2,0.3,0.0,uniform,0,uniform,1.0,fixed,controlled,5,1
4,1.0,0.984,1.0,1.0,1.3,10.0,9,2,0.3,0.0,uniform,0,uniform,1.0,adaptive,controlled,5,1
15,1.451158569860071e-05,0.14910633389460287,0.11486989621329069,0.06892774236225385,1.06,1.32881819521279,9,2,0.3,0.0,uniform,0,uniform,1.0,guarded,controlled,5,1
1,0.3173020912440414,0.10405413391152481,0.038827001868404265,0.15021703761865912,1.22,1.8058464467127706,9,2,0.3,0.0,uniform,0,uniform,1.0,guarded,controlled,5,1
2,0.1752726811067304,0.10200000000000001,0.0314973185540164,0.08900746357510199,1.3800000000000001,1.7271291079428979,9,2,0.3,0.0,uniform,0,uniform,1.0,guarded,controlled,5,1
3,0.2508615017387487,0.10912744343260714,0.047390160605058074,0.12877869705853434,1.1400000000000001,1.6422369185282841,9,2,0.3,0.0,uniform,0,uniform,1.0,guarded,controlled,5,1
4,0.25654921432478084,0.5357120887612652,0.7674156227592306,0.5630690593854507,1.3,3.4959693316032574,9,2,0.3,0.0,uniform,0,uniform,1.0,guarded,controlled,5,1
15,3.880931385354106e-05,0.2,0.14304021101150108,0.08583965033244206,1.06,1.394774636296524,10,2,0.3,0.0,uniform,0,uniform,0.0,fixed,controlled,5,1
1,0.2126285711684439,0.2,0.36391631287904663,0.30340121619480553,1.22,2.4032647431597414,10,2,0.3,0.0,uniform,0,uniform,0.0,fixed,controlled,5,1
2,0.19996790713217852,0.2,0.042700463805390054,0.10560744113610544,1.3800000000000001,1.7918690204308114,10,2,0.3,0.0,uniform,0,uniform,0.0,fixed,controlled,5,1
3,0.11221833421439838,0.2,0.26000838837080786,0.20089236670824406,1.1400000000000001,1.9234802301621519,10,2,0.3,0.0,uniform,0,uniform,0.0,fixed,controlled,5,1
4,0.47514637817112565,0.2,0.19033462393325448,0.30425932562840297,1.3,2.4866113699507713,10,2,0.3,0.0,uniform,0,uniform,0.0,fixed,controlled,5,1
15,3.880931385354106e-05,0.2,0.14304021101150108,0.08583965033244206,1.06,1.394774636296524,10,2,0.3,0.0,uniform,0,uniform,0.0,adaptive,controlled,5,1
1,0.2126285711684439,0.2,0.36391631287904663,0.30340121619480553,1.22,2.4032647431597414,10,2,0.3,0.0,uniform,0,uniform,0.0,adaptive,controlled,5,1
2,0.19996790713217852,0.2,0.042700463805390054,0.10560744113610544,1.3800000000000001,1.7918690204308114,10,2,0.3,0.0,uniform,0,uniform,0.0,adaptive,controlled,5,1
3,0.11221833421439838,0.2,0.26000838837080786,0.20089236670824406,1.1400000000000001,1.9234802301621519,10,2,0.3,0.0,uniform,0,uniform,0.0,adaptive,controlled,5,1
4,0.47514637817112565,0.2,0.19033462393325448,0.30425932562840297,1.3,2.4866113699507713,10,2,0.3,0.0,uniform,0,uniform,0.0,adaptive,controlled,5,1
15,3.880931385354106e-05,0.2,0.14304021101150108,0.08583965033244206,1.06,1.394774636296524,10,2,0.3,0.0,uniform,0,uniform,0.0,guarded,controlled,5,1
1,0.2126285711684439,0.2,0.36391631287904663,0.30340121619480553,1.22,2.4032647431597414,10,2,0.3,0.0,uniform,0,uniform,0.0,guarded,controlled,5,1
2,0.19996790713217852,0.2,0.042700463805390054,0.10560744113610544,1.3800000000000001,1.7918690204308114,10,2,0.3,0.0,uniform,0,uniform,0.0,guarded,controlled,5,1
3,0.11221833421439838,0.2,0.26000838837080786,0.20089236670824406,1.1400000000000001,1.9234802301621519,10,2,0.3,0.0,uniform,0,uniform,0.0,guarded,controlled,5,1
4,0.47514637817112565,0.2,0.19033462393325448,0.30425932562840297,1.3,2.4866113699507713,10,2,0.3,0.0,uniform,0,uniform,0.0,guarded,controlled,5,1
15,3.880931385354106e-05,0.14215305118330718,0.14210288349633668,0.08527725382334343,1.06,1.3925812899110395,10,2,0.3,0.0,uniform,0,uniform,0.5,fixed,controlled,5,1
1,0.2126285711684439,0.36646934143751453,0.366613711745409,0.30501965551462296,1.22,2.4095766565070296,10,2,0.3,0.0,uniform,0,uniform,0.5,fixed,controlled,5,1
2,0.19996790713217852,0.04025049283492943,0.040111950294085194,0.10405433302932253,1.3800000000000001,1.7858118988143579,10,2,0.3,0.0,uniform,0,uniform,0.5,fixed,controlled,5,1
3,0.11221833421439838,0.26094303072926156,0.2609958834890216,0.2014848637791723,1.1400000000000001,1.925790968738772,10,2,0.3,0.0,uniform,0,uniform,0.5,fixed,controlled,5,1
4,0.47514637817112565,0.19018408381498728,0.19017557097514745,0.30416389385353876,1.3,2.486239186028801,10,2,0.3,0.0,uniform,0,uniform,0.5,fixed,controlled,5,1
15,3.880931385354106e-05,0.14215305118330718,0.14210288349633668,0.08527725382334343,1.06,1.3925812899110395,10,2,0.3,0.0,uniform,0,uniform,0.5,adaptive,controlled,5,1
1,0.2126285711684439,0.36646934143751453,0.366613711745409,0.30501965551462296,1.22,2.4095766565070296,10,2,0.3,0.0,uniform,0,uniform,0.5,adaptive,controlled,5,1
2,0.19996790713217852,0.04025049283492943,0.040111950294085194,0.10405433302932253,1.3800000000000001,1.7858118988143579,10,2,0.3,0.0,uniform,0,uniform,0.5,adaptive,controlled,5,1
3,0.11221833421439838,0.26094303072926156,0.2609958834890216,0.2014848637791723,1.1400000000000001,1.925790968738772,10,2,0.3,0.0,uniform,0,uniform,0.5,adaptive,controlled,5,1
4,0.47514637817112565,0.19018408381498728,0.19017557097514745,0.30416389385353876,1.3,2.486239186028801,10,2,0.3,0.0,uniform,0,uniform,0.5,adaptive,controlled,5,1
15,3.880931385354106e-05,0.1812703462921896,0.14401912515057375,0.08642699881588567,1.06,1.397065295381954,10,2,0.3,0.0,uniform,0,uniform,0.5,guarded,controlled,5,1
1,0.2126285711684439,0.2538993530665211,0.3610992379012168,0.30171097120810764,1.22,2.3966727877116196,10,2,0.3,0.0,uniform,0,uniform,0.5,guarded,controlled,5,1
2,0.19996790713217852,0.14827639122892275,0.04540382248674987,0.10722945634492134,1.3800000000000001,1.7981948797451932,10,2,0.3,0.0,uniform,0,uniform,0.5,guarded,controlled,5,1
3,0.11221833421439838,0.2197321014299398,0.2589770808311852,0.20027358218447044,1.1400000000000001,1.9210669705194348,10,2,0.3,0.0,uniform,0,uniform,0.5,guarded,controlled,5,1
4,0.47514637817112565,0.19682180798242677,0.19050073363027428,0.3043589914466148,1.3,2.487000066641798,10,2,0.3,0.0,uniform,0,uniform,0.5,guarded,controlled,5,1
15,3.880931385354106e-05,0.14228526448378068,0.1421144777697595,0.08528421038739711,1.06,1.3926084205108489,10,2,0.3,0.0,uniform,0,uniform,1.0,fixed,controlled,5,1
1,0.2126285711684439,0.36608886396187723,0.3665803462680481,0.3049996362282064,1.22,2.4094985812900047,10,2,0.3,0.0,uniform,0,uniform,1.0,fixed,controlled,5,1
2,0.19996790713217852,0.04061561165317917,0.040143968913962644,0.104073544201249,1.3800000000000001,1.7858868223848712,10,2,0.3,0.0,uniform,0,uniform,1.0,fixed,controlled,5,1
3,0.11221833421439838,0.26080374111419297,0.2609836686673941,0.2014775348861958,1.1400000000000001,1.9257623860561637,10,2,0.3,0.0,uniform,0,uniform,1.0,fixed,controlled,5,1
4,0.47514637817112565,0.19020651878697004,0.1901775383808356,0.3041650742969516,1.3,2.4862437897581113,10,2,0.3,0.0,uniform,0,uniform,1.0,fixed,controlled,5,1
15,3.880931385354106e-05,0.14214984918775414,0.14210431796533174,0.08527811450474046,1.06,1.392584646568488,10,2,0.3,0.0,uniform,0,uniform,1.0,adaptive,controlled,5,1
1,0.2126285711684439,0.36647855599596413,0.36660958369520413,0.30501717868450007,1.22,2.4095669968695503,10,2,0.3,0.0,uniform,0,uniform,1.0,adaptive,controlled,5,1
2,0.19996790713217852,0.04024165023869906,0.04011591170812153,0.10405670987774433,1.3800000000000001,1.7858211685232028,10,2,0.3,0.0,uniform,0,uniform,1.0,adaptive,controlled,5,1
3,0.11221833421439838,0.26094640410188324,0.26099437224443855,0.2014839570324225,1.1400000000000001,1.9257874324264477,10,2,0.3,0.0,uniform,0,uniform,1.0,adaptive,controlled,5,1
4,0.47514637817112565,0.19018354047569946,0.19017581438690406,0.3041640399005927,1.3,2.4862397556123117,10,2,0.3,0.0,uniform,0,uniform,1.0,adaptive,controlled,5,1
15,3.880931385354106e-05,0.1812703462921896,0.14401912515057375,0.08642699881588567,1.06,1.397065295381954,10,2,0.3,0.0,uniform,0,uniform,1.0,guarded,controlled,5,1
1,0.2126285711684439,0.2538993530665211,0.3610992379012168,0.30171097120810764,1.22,2.3966727877116196,10,2,0.3,0.0,uniform,0,uniform,1.0,guarded,controlled,5,1
2,0.19996790713217852,0.14827639122892275,0.04540382248674987,0.10722945634492134,1.3800000000000001,1.7981948797451932,10,2,0.3,0.0,uniform,0,uniform,1.0,guarded,controlled,5,1
3,0.11221833421439838,0.2197321014299398,0.2589770808311852,0.20027358218447044,1.1400000000000001,1.9210669705194348,10,2,0.3,0.0,uniform,0,uniform,1.0,guarded,controlled,5,1
4,0.47514637817112565,0.19682180798242677,0.19050073363027428,0.3043589914466148,1.3,2.487000066641798,10,2,0.3,0.0,uniform,0,uniform,1.0,guarded,controlled,5,1
1,0.27832443667948337,0.2,0.347961884448835,0.32010690534109437,1.22,2.807730250491828,11,2,0.3,0.0,uniform,0,uniform,0.0,fixed,controlled,5,1
2,0.31120767581201997,0.2,0.005152576171005906,0.12757461602741152,1.3800000000000001,2.012770095495961,11,2,0.3,0.0,uniform,0,uniform,0.0,fixed,controlled,5,1
3,0.31351729366775277,0.2,0.5400115003546737,0.4494138176799053,1.1400000000000001,3.3690925356923302,11,2,0.3,0.0,uniform,0,uniform,0.0,fixed,controlled,5,1
4,0.0969505938407439,0.2,0.10687403902548538,0.10290466095158879,1.3,1.8104071183198804,11,2,0.3,0.0,uniform,0,uniform,0.0,fixed,controlled,5,1
1,0.27832443667948337,0.2,0.347961884448835,0.32010690534109437,1.22,2.807730250491828,11,2,0.3,0.0,uniform,0,uniform,0.0,adaptive,controlled,5,1
2,0.31120767581201997,0.2,0.005152576171005906,0.12757461602741152,1.3800000000000001,2.012770095495961,11,2,0.3,0.0,uniform,0,uniform,0.0,adaptive,controlled,5,1
3,0.31351729366775277,0.2,0.5400115003546737,0.4494138176799053,1.1400000000000001,3.3690925356923302,11,2,0.3,0.0,uniform,0,uniform,0.0,adaptive,controlled,5,1
4,0.0969505938407439,0.2,0.10687403902548538,0.10290466095158879,1.3,1.8104071183198804,11,2,0.3,0.0,uniform,0,uniform,0.0,adaptive,controlled,5,1
1,0.27832443667948337,0.2,0.347961884448835,0.32010690534109437,1.22,2.807730250491828,11,2,0.3,0.0,uniform,0,uniform,0.0,guarded,controlled,5,1
2,0.31120767581201997,0.2,0.005152576171005906,0.12757461602741152,1.3800000000000001,2.012770095495961,11,2,0.3,0.0,uniform,0,uniform,0.0,guarded,controlled,5,1
3,0.31351729366775277,0.2,0.5400115003546737,0.4494138176799053,1.1400000000000001,3.3690925356923302,11,2,0.3,0.0,uniform,0,uniform,0.0,guarded,controlled,5,1
4,0.0969505938407439,0.2,0.10687403902548538,0.10290466095158879,1.3,1.8104071183198804,11,2,0.3,0.0,uniform,0,uniform,0.0,guarded,controlled,5,1
1,0.4040759847427177,0.3468596312236651,0.3509797257009208,0.3722182293176396,1.22,3.579863573873835,11,2,0.3,0.0,uniform,0,uniform,0.5,fixed,controlled,5,1
3,0.45516955206688675,0.5486541074103755,0.5583067179065874,0.5170518515707071,1.1400000000000001,4.418108738958283,11,2,0.3,0.0,uniform,0,uniform,0.5,fixed,controlled,5,1
4,0.14075446319039533,0.09353865865769821,0.09071355639249187,0.11072991911165325,1.3,2.0020276871678817,11,2,0.3,0.0,uniform,0,uniform,0.5,fixed,controlled,5,1
1,0.4040759847427177,0.34672411624419774,0.35097848742736093,0.37221748635350366,1.22,3.5798588634812134,11,2,0.3,0.0,uniform,0,uniform,0.5,adaptive,controlled,5,1
3,0.45516955206688675,0.5470049281492104,0.5582909311900742,0.5170423795407992,1.1400000000000001,4.418048686288667,11,2,0.3,0.0,uniform,0,uniform,0.5,adaptive,controlled,5,1
4,0.14075446319039533,0.09530330920914097,0.0907305813825648,0.11074013410569702,1.3,2.002092450230119,11,2,0.3,0.0,uniform,0,uniform,0.5,adaptive,controlled,5,1
15,2.0915473112553886e-05,0.17550000000000002,0.022101723846077028,0.013269400496891239,1.06,1.1117506619378759,11,2,0.3,0.0,uniform,0,uniform,0.5,guarded,controlled,5,1
1,0.2783186153922114,0.21832125461387997,0.3320441082399457,0.31055391110085195,1.22,2.4311602532933225,11,2,0.3,0.0,uniform,0,uniform,0.5,guarded,controlled,5,1
2,0.3112011667562441,0.17564149573329024,0.0256019309710759,0.13984162528514318,1.3800000000000001,1.9253823386120583,11,2,0.3,0.0,uniform,0,uniform,0.5,guarded,controlled,5,1
3,0.31351073630522674,0.2422314317941569,0.5037200254940326,0.4276363098185103,1.1400000000000001,2.8077816082921903,11,2,0.3,0.0,uniform,0,uniform,0.5,guarded,controlled,5,1
4,0.09694856607320518,0.18830581785867295,0.11653221144886873,0.1086987532986033,1.3,1.7239251378645528,11,2,0.3,0.0,uniform,0,uniform,0.5,guarded,controlled,5,1
15,2.0915473112553886e-05,0.004,0.013561415443371475,0.008145215455267906,1.06,1.0917663402755449,11,2,0.3,0.0,uniform,0,uniform,1.0,fixed,controlled,5,1
1,0.2783186153922114,0.34819269878610365,0.3383831095586187,0.3143573118920558,1.22,2.4459935163790174,11,2,0.3,0.0,uniform,0,uniform,1.0,fixed,controlled,5,1
2,0.3112011667562441,0.004,0.01722965594658574,0.13481826027044908,1.3800000000000001,1.9057912150547516,11,2,0.3,0.0,uniform,0,uniform,1.0,fixed,controlled,5,1
3,0.31351073630522674,0.5541055816537048,0.5183006203253864,0.43638466671732257,1.1400000000000001,2.841900200197558,11,2,0.3,0.0,uniform,0,uniform,1.0,fixed,controlled,5,1
4,0.09694856607320518,0.08970171956019146,0.11252519872603774,0.10629454566490472,1.3,1.7145487280931284,11,2,0.3,0.0,uniform,0,uniform,1.0,fixed,controlled,5,1
1,0.4040759847427177,0.3468734304975666,0.3509784161651067,0.37221744359615117,1.22,3.5798585923995985,11,2,0.3,0.0,uniform,0,uniform,1.0,adaptive,controlled,5,1
3,0.45516955206688675,0.5480719287862061,0.5582900226694997,0.5170418344284545,1.1400000000000001,4.418045230276402,11,2,0.3,0.0,uniform,0,uniform,1.0,adaptive,controlled,5,1
4,0.14075446319039533,0.09430061369691149,0.09073156116539365,0.11074072197539432,1.3,2.002096177324,11,2,0.3,0.0,uniform,0,uniform,1.0,adaptive,controlled,5,1
15,2.0915473112553886e-05,0.004939465757832398,0.014280634066951691,0.008576746629416036,1.06,1.0934493118547226,11,2,0.3,0.0,uniform,0,uniform,1.0,guarded,controlled,5,1
1,0.2783186153922114,0.3457407292033775,0.33784927312223834,0.31403701003022755,1.22,2.444744339117887,11,2,0.3,0.0,uniform,0,uniform,1.0,guarded,controlled,5,1
2,0.3112011667562441,0.006382854973077531,0.017934723707070978,0.13524130092674022,1.3800000000000001,1.907441073614287,11,2,0.3,0.0,uniform,0,uniform,1.0,guarded,controlled,5,1
3,0.31351073630522674,0.5358567728078039,0.517072721419269,0.4356479273736521,1.1400000000000001,2.839026916757243,11,2,0.3,0.0,uniform,0,uniform,1.0,guarded,controlled,5,1
4,0.09694856607320518,0.10708017725790862,0.11286264768446995,0.10649701503996405,1.3,1.7153383586558597,11,2,0.3,0.0,uniform,0,uniform,1.0,guarded,controlled,5,1
15,2.493242761661156e-05,0.2,0.05575718926750182,0.03346428653154773,1.06,1.2366914328865721,12,2,0.3,0.0,uniform,0,uniform,0.0,fixed,controlled,5,1
1,0.6854571223724,0.2,0.7060249088291055,0.6977977942464233,1.22,4.904372353621114,12,2,0.3,0.0,uniform,0,uniform,0.0,fixed,controlled,5,1
3,0.16896565771190783,0.2,0.20539871766345968,0.19082549368283894,1.1400000000000001,2.1475586066453896,12,2,0.3,0.0,uniform,0,uniform,0.0,fixed,controlled,5,1
4,0.14555228748807567,0.2,0.032819184239932936,0.07791242553919003,1.3,1.7113776068469233,12,2,0.3,0.0,uniform,0,uniform,0.0,fixed,controlled,5,1
15,2.493242761661156e-05,0.2,0.05575718926750182,0.03346428653154773,1.06,1.2366914328865721,12,2,0.3,0.0,uniform,0,uniform,0.0,adaptive,controlled,5,1
1,0.6854571223724,0.2,0.7060249088291055,0.6977977942464233,1.22,4.904372353621114,12,2,0.3,0.0,uniform,0,uniform,0.0,adaptive,controlled,5,1
3,0.16896565771190783,0.2,0.20539871766345968,0.19082549368283894,1.1400000000000001,2.1475586066453896,12,2,0.3,0.0,uniform,0,uniform,0.0,adaptive,controlled,5,1
4,0.14555228748807567,0.2,0.032819184239932936,0.07791242553919003,1.3,1.7113776068469233,12,2,0.3,0.0,uniform,0,uniform,0.0,adaptive,controlled,5,1
15,2.493242761661156e-05,0.2,0.05575718926750182,0.03346428653154773,1.06,1.2366914328865721,12,2,0.3,0.0,uniform,0,uniform,0.0,guarded,controlled,5,1
1,0.6854571223724,0.2,0.7060249088291055,0.6977977942464233,1.22,4.904372353621114,12,2,0.3,0.0,uniform,0,uniform,0.0,guarded,controlled,5,1
3,0.16896565771190783,0.2,0.20539871766345968,0.19082549368283894,1.1400000000000001,2.1475586066453896,12,2,0.3,0.0,uniform,0,uniform,0.0,guarded,controlled,5,1
4,0.14555228748807567,0.2,0.032819184239932936,0.07791242553919003,1.3,1.7113776068469233,12,2,0.3,0.0,uniform,0,uniform,0.0,guarded,controlled,5,1
15,2.3715650421973248e-05,0.10033924695632357,0.07287676943468596,0.04373554792098037,1.06,1.2305686368918234,12,2,0.3,0.0,uniform,0,uniform,0.5,guarded,controlled,5,1
1,0.6520047603629564,0.5517853860703361,0.6521752257948759,0.652107039622108,1.22,3.763217454526221,12,2,0.3,0.0,uniform,0,uniform,0.5,guarded,controlled,5,1
2,0.048802997178967696,0.05923338553687113,0.016319178854387866,0.0293127061842198,1.3800000000000001,1.4943195541184573,12,2,0.3,0.0,uniform,0,uniform,0.5,guarded,controlled,5,1
3,0.16071962719525115,0.20422736597754643,0.20618664135267142,0.1879998356897033,1.1400000000000001,1.8731993591898428,12,2,0.3,0.0,uniform,0,uniform,0.5,guarded,controlled,5,1
4,0.1384488996124028,0.08441461545892265,0.052442184563378826,0.08684487058298843,1.3,1.638694995273655,12,2,0.3,0.0,uniform,0,uniform,0.5,guarded,controlled,5,1
15,2.3715650421973248e-05,0.004,0.07053541894886042,0.04233073762948505,1.06,1.2250898767549918,12,2,0.3,0.0,uniform,0,uniform,1.0,fixed,controlled,5,1
1,0.6520047603629564,0.984,0.6605033706971498,0.6571039265634724,1.22,3.7827053135975417,12,2,0.3,0.0,uniform,0,uniform,1.0,fixed,controlled,5,1
2,0.048802997178967696,0.004,0.012936152967509098,0.027282890652092537,1.3800000000000001,1.486403273543161,12,2,0.3,0.0,uniform,0,uniform,1.0,fixed,controlled,5,1
3,0.16071962719525115,0.004,0.2063005866612693,0.18806820287486203,1.1400000000000001,1.873465991211962,12,2,0.3,0.0,uniform,0,uniform,1.0,fixed,controlled,5,1
4,0.1384488996124028,0.004,0.049724470725211516,0.08521424228008803,1.3,1.6323355448923433,12,2,0.3,0.0,uniform,0,uniform,1.0,fixed,controlled,5,1
15,2.3715650421973248e-05,0.055534160510431814,0.07220896479800967,0.043334865138974596,1.06,1.229005974042001,12,2,0.3,0.0,uniform,0,uniform,1.0,guarded,controlled,5,1
1,0.6520047603629564,0.7032008091937891,0.6545505958278205,0.6535322616418748,1.22,3.7687758204033113,12,2,0.3,0.0,uniform,0,uniform,1.0,guarded,controlled,5,1
2,0.048802997178967696,0.004000000000000001,0.015354265490527727,0.028733758165903716,1.3800000000000001,1.4920616568470246,12,2,0.3,0.0,uniform,0,uniform,1.0,guarded,controlled,5,1
3,0.16071962719525115,0.20457712279280588,0.20621914105994282,0.18801933551406613,1.1400000000000001,1.873275408504858,12,2,0.3,0.0,uniform,0,uniform,1.0,guarded,controlled,5,1
4,0.1384488996124028,0.03268790750297321,0.051667032823699194,0.08637977953918063,1.3,1.6368811402028045,12,2,0.3,0.0,uniform,0,uniform,1.0,guarded,controlled,5,1
15,2.8540977117522667e-05,0.2,0.6980721348681346,0.41885469731172775,1.06,3.171027674451108,13,2,0.3,0.0,uniform,0,uniform,0.0,fixed,controlled,5,1
1,0.22926209374467704,0.2,0.10645797148661601,0.1555796203898404,1.22,2.0041212867647955,13,2,0.3,0.0,uniform,0,uniform,0.0,fixed,controlled,5,1
2,0.46213116886555633,0.2,0.059660285864073466,0.2206486390646666,1.3800000000000001,2.4920691408859197,13,2,0.3,0.0,uniform,0,uniform,0.0,fixed,controlled,5,1
4,0.30857819641264905,0.2,0.13580960778117596,0.2049170432337652,1.3,2.332781897898177,13,2,0.3,0.0,uniform,0,uniform,0.0,fixed,controlled,5,1
15,2.8540977117522667e-05,0.2,0.6980721348681346,0.41885469731172775,1.06,3.171027674451108,13,2,0.3,0.0,uniform,0,uniform,0.0,adaptive,controlled,5,1
1,0.22926209374467704,0.2,0.10645797148661601,0.1555796203898404,1.22,2.0041212867647955,13,2,0.3,0.0,uniform,0,uniform,0.0,adaptive,controlled,5,1
2,0.46213116886555633,0.2,0.059660285864073466,0.2206486390646666,1.3800000000000001,2.4920691408859197,13,2,0.3,0.0,uniform,0,uniform,0.0,adaptive,controlled,5,1
4,0.30857819641264905,0.2,0.13580960778117596,0.2049170432337652,1.3,2.332781897898177,13,2,0.3,0.0,uniform,0,uniform,0.0,adaptive,controlled,5,1
15,2.8540977117522667e-05,0.2,0.6980721348681346,0.41885469731172775,1.06,3.171027674451108,13,2,0.3,0.0,uniform,0,uniform,0.0,guarded,controlled,5,1
1,0.22926209374467704,0.2,0.10645797148661601,0.1555796203898404,1.22,2.0041212867647955,13,2,0.3,0.0,uniform,0,uniform,0.0,guarded,controlled,5,1
2,0.46213116886555633,0.2,0.059660285864073466,0.2206486390646666,1.3800000000000001,2.4920691408859197,13,2,0.3,0.0,uniform,0,uniform,0.0,guarded,controlled,5,1
4,0.30857819641264905,0.2,0.13580960778117596,0.2049170432337652,1.3,2.332781897898177,13,2,0.3,0.0,uniform,0,uniform,0.0,guarded,controlled,5,1
15,2.8540977117522667e-05,0.6950798745438154,0.6980967176495713,0.41886944698058975,1.06,3.1711020127821725,13,2,0.3,0.0,uniform,0,uniform,0.5,fixed,controlled,5,1
1,0.22926209374467704,0.10606461098965503,0.10645009627626625,0.15557489526363058,1.22,2.004097472128698,13,2,0.3,0.0,uniform,0,uniform,0.5,fixed,controlled,5,1
2,0.46213116886555633,0.059472502759631375,0.059649843171419276,0.2206423734490741,1.3800000000000001,2.4920375621833335,13,2,0.3,0.0,uniform,0,uniform,0.5,fixed,controlled,5,1
4,0.30857819641264905,0.13528730858189825,0.1358033429027431,0.20491328430670547,1.3,2.332762952905796,13,2,0.3,0.0,uniform,0,uniform,0.5,fixed,controlled,5,1
15,2.8540977117522667e-05,0.6950798745438154,0.6980967176495713,0.41886944698058975,1.06,3.1711020127821725,13,2,0.3,0.0,uniform,0,uniform,0.5,adaptive,controlled,5,1
1,0.22926209374467704,0.10606461098965503,0.10645009627626625,0.15557489526363058,1.22,2.004097472128698,13,2,0.3,0.0,uniform,0,uniform,0.5,adaptive,controlled,5,1
2,0.46213116886555633,0.059472502759631375,0.059649843171419276,0.2206423734490741,1.3800000000000001,2.4920375621833335,13,2,0.3,0.0,uniform,0,uniform,0.5,adaptive,controlled,5,1
4,0.30857819641264905,0.13528730858189825,0.1358033429027431,0.20491328430670547,1.3,2.332762952905796,13,2,0.3,0.0,uniform,0,uniform,0.5,adaptive,controlled,5,1
15,2.8540977117522667e-05,0.6950798745438154,0.6980967176495713,0.41886944698058975,1.06,3.1711020127821725,13,2,0.3,0.0,uniform,0,uniform,0.5,guarded,controlled,5,1
1,0.22926209374467704,0.10606461098965503,0.10645009627626625,0.15557489526363058,1.22,2.004097472128698,13,2,0.3,0.0,uniform,0,uniform,0.5,guarded,controlled,5,1
2,0.46213116886555633,0.059472502759631375,0.059649843171419276,0.2206423734490741,1.3800000000000001,2.4920375621833335,13,2,0.3,0.0,uniform,0,uniform,0.5,guarded,controlled,5,1
4,0.30857819641264905,0.13528730858189825,0.1358033429027431,0.20491328430670547,1.3,2.332762952905796,13,2,0.3,0.0,uniform,0,uniform,0.5,guarded,controlled,5,1
15,2.8540977117522667e-05,0.6953036773129103,0.6980960615591469,0.4188690533263352,1.06,3.1711000287647293,13,2,0.3,0.0,uniform,0,uniform,1.0,fixed,controlled,5,1
1,0.22926209374467704,0.10602450523210637,0.10645030645793813,0.15557502137263368,1.22,2.0040981077180735,13,2,0.3,0.0,uniform,0,uniform,1.0,fixed,controlled,5,1
2,0.46213116886555633,0.059411521389179184,0.059650121876685926,0.2206425406722341,1.3800000000000001,2.49203840498806,13,2,0.3,0.0,uniform,0,uniform,1.0,fixed,controlled,5,1
4,0.30857819641264905,0.13526029606580417,0.1358035101062291,0.2049133846287971,1.3,2.3327634585291372,13,2,0.3,0.0,uniform,0,uniform,1.0,fixed,controlled,5,1
15,2.8540977117522667e-05,0.6953036773129103,0.6980960615591469,0.4188690533263352,1.06,3.1711000287647293,13,2,0.3,0.0,uniform,0,uniform,1.0,adaptive,controlled,5,1
1,0.22926209374467704,0.10602450523210637,0.10645030645793813,0.15557502137263368,1.22,2.0040981077180735,13,2,0.3,0.0,uniform,0,uniform,1.0,adaptive,controlled,5,1
2,0.46213116886555633,0.059411521389179184,0.059650121876685926,0.2206425406722341,1.3800000000000001,2.49203840498806,13,2,0.3,0.0,uniform,0,uniform,1.0,adaptive,controlled,5,1
4,0.30857819641264905,0.13526029606580417,0.1358035101062291,0.2049133846287971,1.3,2.3327634585291372,13,2,0.3,0.0,uniform,0,uniform,1.0,adaptive,controlled,5,1
15,2.8540977117522667e-05,0.6953036773129103,0.6980960615591469,0.4188690533263352,1.06,3.1711000287647293,13,2,0.3,0.0,uniform,0,uniform,1.0,guarded,controlled,5,1
1,0.22926209374467704,0.10602450523210637,0.10645030645793813,0.15557502137263368,1.22,2.0040981077180735,13,2,0.3,0.0,uniform,0,uniform,1.0,guarded,controlled,5,1
2,0.46213116886555633,0.059411521389179184,0.059650121876685926,0.2206425406722341,1.3800000000000001,2.49203840498806,13,2,0.3,0.0,uniform,0,uniform,1.0,guarded,controlled,5,1
4,0.30857819641264905,0.13526029606580417,0.1358035101062291,0.2049133846287971,1.3,2.3327634585291372,13,2,0.3,0.0,uniform,0,uniform,1.0,guarded,controlled,5,1
15,4.232946021113949e-05,0.2,0.3449893381554637,0.20701053467736266,1.06,1.8673410852417143,14,2,0.3,0.0,uniform,0,uniform,0.0,fixed,controlled,5,1
1,0.11083162412558545,0.2,0.16254007955355423,0.14185669738236673,1.22,1.7732411197912301,14,2,0.3,0.0,uniform,0,uniform,0.0,fixed,controlled,5,1
2,0.10532268789353486,0.2,0.009501411448376094,0.047829922026439604,1.3800000000000001,1.5665366959031146,14,2,0.3,0.0,uniform,0,uniform,0.0,fixed,controlled,5,1
3,0.5631019856649274,0.2,0.1319974654917078,0.30443927356099565,1.1400000000000001,2.3273131668878833,14,2,0.3,0.0,uniform,0,uniform,0.0,fixed,controlled,5,1
4,0.22070137285574118,0.2,0.3509717053508983,0.29886357235283545,1.3,2.465567932176058,14,2,0.3,0.0,uniform,0,uniform,0.0,fixed,controlled,5,1
15,4.232946021113949e-05,0.2,0.3449893381554637,0.20701053467736266,1.06,1.8673410852417143,14,2,0.3,0.0,uniform,0,uniform,0.0,adaptive,controlled,5,1
1,0.11083162412558545,0.2,0.16254007955355423,0.14185669738236673,1.22,1.7732411197912301,14,2,0.3,0.0,uniform,0,uniform,0.0,adaptive,controlled,5,1
2,0.10532268789353486,0.2,0.009501411448376094,0.047829922026439604,1.3800000000000001,1.5665366959031146,14,2,0.3,0.0,uniform,0,uniform,0.0,adaptive,controlled,5,1
3,0.5631019856649274,0.2,0.1319974654917078,0.30443927356099565,1.1400000000000001,2.3273131668878833,14,2,0.3,0.0,uniform,0,uniform,0.0,adaptive,controlled,5,1
4,0.22070137285574118,0.2,0.3509717053508983,0.29886357235283545,1.3,2.465567932176058,14,2,0.3,0.0,uniform,0,uniform,0.0,adaptive,controlled,5,1
15,4.232946021113949e-05,0.2,0.3449893381554637,0.20701053467736266,1.06,1.8673410852417143,14,2,0.3,0.0,uniform,0,uniform,0.0,guarded,controlled,5,1
1,0.11083162412558545,0.2,0.16254007955355423,0.14185669738236673,1.22,1.7732411197912301,14,2,0.3,0.0,uniform,0,uniform,0.0,guarded,controlled,5,1
2,0.10532268789353486,0.2,0.009501411448376094,0.047829922026439604,1.3800000000000001,1.5665366959031146,14,2,0.3,0.0,uniform,0,uniform,0.0,guarded,controlled,5,1
3,0.5631019856649274,0.2,0.1319974654917078,0.30443927356099565,1.1400000000000001,2.3273131668878833,14,2,0.3,0.0,uniform,0,uniform,0.0,guarded,controlled,5,1
4,0.22070137285574118,0.2,0.3509717053508983,0.29886357235283545,1.3,2.465567932176058,14,2,0.3,0.0,uniform,0,uniform,0.0,guarded,controlled,5,1
15,4.232946021113949e-05,0.34291550787405234,0.343037869561413,0.20583965352093228,1.06,1.862774648731636,14,2,0.3,0.0,uniform,0,uniform,0.5,fixed,controlled,5,1
1,0.11083162412558545,0.16307588113972193,0.16304426737327166,0.14215921007419718,1.22,1.774420919289369,14,2,0.3,0.0,uniform,0,uniform,0.5,fixed,controlled,5,1
2,0.10532268789353486,0.012226175534690324,0.01206540696348672,0.04936831933550598,1.3800000000000001,1.5725364454084734,14,2,0.3,0.0,uniform,0,uniform,0.5,fixed,controlled,5,1
3,0.5631019856649274,0.13297012815139111,0.13291273838071488,0.3049884372943999,1.1400000000000001,2.3294549054481593,14,2,0.3,0.0,uniform,0,uniform,0.5,fixed,controlled,5,1
4,0.22070137285574118,0.34881230730014434,0.3489397177211137,0.2976443797749647,1.3,2.460813081122362,14,2,0.3,0.0,uniform,0,uniform,0.5,fixed,controlled,5,1
15,4.232946021113949e-05,0.34291550787405234,0.343037869561413,0.20583965352093228,1.06,1.862774648731636,14,2,0.3,0.0,uniform,0,uniform,0.5,adaptive,controlled,5,1
1,0.11083162412558545,0.16307588113972193,0.16304426737327166,0.14215921007419718,1.22,1.774420919289369,14,2,0.3,0.0,uniform,0,uniform,0.5,adaptive,controlled,5,1
2,0.10532268789353486,0.012226175534690324,0.01206540696348672,0.04936831933550598,1.3800000000000001,1.5725364454084734,14,2,0.3,0.0,uniform,0,uniform,0.5,adaptive,controlled,5,1
3,0.5631019856649274,0.13297012815139111,0.13291273838071488,0.3049884372943999,1.1400000000000001,2.3294549054481593,14,2,0.3,0.0,uniform,0,uniform,0.5,adaptive,controlled,5,1
4,0.22070137285574118,0.34881230730014434,0.3489397177211137,0.2976443797749647,1.3,2.460813081122362,14,2,0.3,0.0,uniform,0,uniform,0.5,adaptive,controlled,5,1
15,4.232946021113949e-05,0.20724946690777318,0.3456754993235874,0.20742223137823687,1.06,1.8689467023751236,14,2,0.3,0.0,uniform,0,uniform,0.5,guarded,controlled,5,1
1,0.11083162412558545,0.1981270039776777,0.162362800706031,0.1417503300738528,1.22,1.7728262872880258,14,2,0.3,0.0,uniform,0,uniform,0.5,guarded,controlled,5,1
2,0.10532268789353486,0.1904750705724188,0.008599878027302468,0.04728900197379542,1.3800000000000001,1.5644271076978022,14,2,0.3,0.0,uniform,0,uniform,0.5,guarded,controlled,5,1
3,0.5631019856649274,0.1965998732745854,0.1316756439073955,0.3042461806104083,1.1400000000000001,2.3265601043805924,14,2,0.3,0.0,uniform,0,uniform,0.5,guarded,controlled,5,1
4,0.22070137285574118,0.2075485852675449,0.3516861780356837,0.2992922559637067,1.3,2.467239798258456,14,2,0.3,0.0,uniform,0,uniform,0.5,guarded,controlled,5,1
15,4.232946021113949e-05,0.3430374610081844,0.3430374610081844,0.2058394083889951,1.06,1.8627736927170808,14,2,0.3,0.0,uniform,0,uniform,1.0,fixed,controlled,5,1
1,0.11083162412558545,0.16304437292842233,0.16304437292842233,0.14215927340728757,1.22,1.7744211662884215,14,2,0.3,0.0,uniform,0,uniform,1.0,fixed,controlled,5,1
2,0.10532268789353486,0.012065943753394086,0.012065943753394086,0.049368641409450395,1.3800000000000001,1.5725377014968567,14,2,0.3,0.0,uniform,0,uniform,1.0,fixed,controlled,5,1
3,0.5631019856649274,0.132912929999322,0.132912929999322,0.3049885522655642,1.1400000000000001,2.3294553538357006,14,2,0.3,0.0,uniform,0,uniform,1.0,fixed,controlled,5,1
4,0.22070137285574118,0.34893929231067716,0.34893929231067716,0.29764412452870276,1.3,2.4608120856619404,14,2,0.3,0.0,uniform,0,uniform,1.0,fixed,controlled,5,1
15,4.232946021113949e-05,0.3430374610081844,0.3430374610081844,0.2058394083889951,1.06,1.8627736927170808,14,2,0.3,0.0,uniform,0,uniform,1.0,adaptive,controlled,5,1
1,0.11083162412558545,0.16304437292842233,0.16304437292842233,0.14215927340728757,1.22,1.7744211662884215,14,2,0.3,0.0,uniform,0,uniform,1.0,adaptive,controlled,5,1
2,0.10532268789353486,0.012065943753394086,0.012065943753394086,0.049368641409450395,1.3800000000000001,1.5725377014968567,14,2,0.3,0.0,uniform,0,uniform,1.0,adaptive,controlled,5,1
3,0.5631019856649274,0.132912929999322,0.132912929999322,0.3049885522655642,1.1400000000000001,2.3294553538357006,14,2,0.3,0.0,uniform,0,uniform,1.0,adaptive,controlled,5,1
4,0.22070137285574118,0.34893929231067716,0.34893929231067716,0.29764412452870276,1.3,2.4608120856619404,14,2,0.3,0.0,uniform,0,uniform,1.0,adaptive,controlled,5,1
15,4.232946021113949e-05,0.3430374610081844,0.3430374610081844,0.2058394083889951,1.06,1.8627736927170808,14,2,0.3,0.0,uniform,0,uniform,1.0,guarded,controlled,5,1
1,0.11083162412558545,0.16304437292842233,0.16304437292842233,0.14215927340728757,1.22,1.7744211662884215,14,2,0.3,0.0,uniform,0,uniform,1.0,guarded,controlled,5,1
2,0.10532268789353486,0.012065943753394086,0.012065943753394086,0.049368641409450395,1.3800000000000001,1.5725377014968567,14,2,0.3,0.0,uniform,0,uniform,1.0,guarded,controlled,5,1
3,0.5631019856649274,0.132912929999322,0.132912929999322,0.3049885522655642,1.1400000000000001,2.3294553538357006,14,2,0.3,0.0,uniform,0,uniform,1.0,guarded,controlled,5,1
4,0.22070137285574118,0.34893929231067716,0.34893929231067716,0.29764412452870276,1.3,2.4608120856619404,14,2,0.3,0.0,uniform,0,uniform,1.0,guarded,controlled,5,1
15,1.8191836963973705e-05,0.2,0.36400304382769005,0.21840910303139963,1.06,2.1957273357632783,15,2,0.3,0.0,uniform,0,uniform,0.0,fixed,controlled,5,1
1,0.4109117917353182,0.2,0.24661503438695298,0.3123337373262991,1.22,2.844135434096755,15,2,0.3,0.0,uniform,0,uniform,0.0,fixed,controlled,5,1
2,0.1072096618887699,0.2,0.3707990686462797,0.2653633059432758,1.3800000000000001,2.7598891909050343,15,2,0.3,0.0,uniform,0,uniform,0.0,fixed,controlled,5,1
3,0.4818603545389479,0.2,0.0185828531390773,0.20389385369902555,1.1400000000000001,2.200248039234933,15,2,0.3,0.0,uniform,0,uniform,0.0,fixed,controlled,5,1
15,1.8191836963973705e-05,0.2,0.36400304382769005,0.21840910303139963,1.06,2.1957273357632783,15,2,0.3,0.0,uniform,0,uniform,0.0,adaptive,controlled,5,1
1,0.4109117917353182,0.2,0.24661503438695298,0.3123337373262991,1.22,2.844135434096755,15,2,0.3,0.0,uniform,0,uniform,0.0,adaptive,controlled,5,1
2,0.1072096618887699,0.2,0.3707990686462797,0.2653633059432758,1.3800000000000001,2.7598891909050343,15,2,0.3,0.0,uniform,0,uniform,0.0,adaptive,controlled,5,1
3,0.4818603545389479,0.2,0.0185828531390773,0.20389385369902555,1.1400000000000001,2.200248039234933,15,2,0.3,0.0,uniform,0,uniform,0.0,adaptive,controlled,5,1
15,1.8191836963973705e-05,0.2,0.36400304382769005,0.21840910303139963,1.06,2.1957273357632783,15,2,0.3,0.0,uniform,0,uniform,0.0,guarded,controlled,5,1
1,0.4109117917353182,0.2,0.24661503438695298,0.3123337373262991,1.22,2.844135434096755,15,2,0.3,0.0,uniform,0,uniform,0.0,guarded,controlled,5,1
2,0.1072096618887699,0.2,0.3707990686462797,0.2653633059432758,1.3800000000000001,2.7598891909050343,15,2,0.3,0.0,uniform,0,uniform,0.0,guarded,controlled,5,1
3,0.4818603545389479,0.2,0.0185828531390773,0.20389385369902555,1.1400000000000001,2.200248039234933,15,2,0.3,0.0,uniform,0,uniform,0.0,guarded,controlled,5,1
15,1.8191836963973705e-05,0.36538017227744435,0.3668950939237545,0.2201443330890383,1.06,2.2047505320629988,15,2,0.3,0.0,uniform,0,uniform,0.5,fixed,controlled,5,1
1,0.4109117917353182,0.24542644806568187,0.24652916395930735,0.3122822150697117,1.22,2.843867518362501,15,2,0.3,0.0,uniform,0,uniform,0.5,fixed,controlled,5,1
2,0.1072096618887699,0.372324735787033,0.373863521544669,0.26720197768230936,1.3800000000000001,2.7694502839480086,15,2,0.3,0.0,uniform,0,uniform,0.5,fixed,controlled,5,1
3,0.4818603545389479,0.012806714259993836,0.012712220572269105,0.20037147415894063,1.1400000000000001,2.1819316656264913,15,2,0.3,0.0,uniform,0,uniform,0.5,fixed,controlled,5,1
15,1.8191836963973705e-05,0.3645068990678033,0.36689548576633074,0.22014456819458403,1.06,2.204751754611837,15,2,0.3,0.0,uniform,0,uniform,0.5,adaptive,controlled,5,1
1,0.4109117917353182,0.24507331786663003,0.24652915232476147,0.3122822080889842,1.22,2.8438674820627177,15,2,0.3,0.0,uniform,0,uniform,0.5,adaptive,controlled,5,1
2,0.1072096618887699,0.3714213495801103,0.37386393674602403,0.2672022268031224,1.3800000000000001,2.7694515793762364,15,2,0.3,0.0,uniform,0,uniform,0.5,adaptive,controlled,5,1
3,0.4818603545389479,0.01365127486114638,0.012711425162883882,0.2003709969133095,1.1400000000000001,2.1819291839492094,15,2,0.3,0.0,uniform,0,uniform,0.5,adaptive,controlled,5,1
15,1.6393653359256187e-05,0.3402078512470406,0.3550176464975086,0.21301714535984886,1.06,1.8907668669034106,15,2,0.3,0.0,uniform,0,uniform,0.5,guarded,controlled,5,1
1,0.37029495637411625,0.2397567261957256,0.24422491904572863,0.2946529339770837,1.22,2.369146442510626,15,2,0.3,0.0,uniform,0,uniform,0.5,guarded,controlled,5,1
2,0.09661245520439424,0.3460233373614775,0.3614318461169481,0.25550408975192657,1.3800000000000001,2.3764659500325136,15,2,0.3,0.0,uniform,0,uniform,0.5,guarded,controlled,5,1
3,0.43423056371511676,0.044625304652892855,0.029004408640997917,0.19109487067064546,1.1400000000000001,1.8852699956155172,15,2,0.3,0.0,uniform,0,uniform,0.5,guarded,controlled,5,1
4,0.09884563105301342,0.029386780542863516,0.01032117969881676,0.04573096024049543,1.3,1.4783507449379323,15,2,0.3,0.0,uniform,0,uniform,0.5,guarded,controlled,5,1
15,1.8191836963973705e-05,0.3654279323266133,0.36689551438414986,0.2201445853652755,1.06,2.2047518438994325,15,2,0.3,0.0,uniform,0,uniform,1.0,fixed,controlled,5,1
1,0.4109117917353182,0.2455430348691442,0.24652915147504434,0.3122822075791539,1.22,2.8438674794116,15,2,0.3,0.0,uniform,0,uniform,1.0,fixed,controlled,5,1
2,0.1072096618887699,0.37236851120154824,0.3738639670698275,0.26720224499740447,1.3800000000000001,2.769451673986503,15,2,0.3,0.0,uniform,0,uniform,1.0,fixed,controlled,5,1
3,0.4818603545389479,0.012660521602694342,0.012711367070978254,0.20037096205816612,1.1400000000000001,2.181929002702464,15,2,0.3,0.0,uniform,0,uniform,1.0,fixed,controlled,5,1
15,1.8191836963973705e-05,0.3654279323266133,0.36689551438414986,0.2201445853652755,1.06,2.2047518438994325,15,2,0.3,0.0,uniform,0,uniform,1.0,adaptive,controlled,5,1
1,0.4109117917353182,0.2455430348691442,0.24652915147504434,0.3122822075791539,1.22,2.8438674794116,15,2,0.3,0.0,uniform,0,uniform,1.0,adaptive,controlled,5,1
2,0.1072096618887699,0.37236851120154824,0.3738639670698275,0.26720224499740447,1.3800000000000001,2.769451673986503,15,2,0.3,0.0,uniform,0,uniform,1.0,adaptive,controlled,5,1
3,0.4818603545389479,0.012660521602694342,0.012711367070978254,0.20037096205816612,1.1400000000000001,2.181929002702464,15,2,0.3,0.0,uniform,0,uniform,1.0,adaptive,controlled,5,1
15,1.6393653359256187e-05,0.3402078512470406,0.3550176464975086,0.21301714535984886,1.06,1.8907668669034106,15,2,0.3,0.0,uniform,0,uniform,1.0,guarded,controlled,5,1
1,0.37029495637411625,0.2397567261957256,0.24422491904572863,0.2946529339770837,1.22,2.369146442510626,15,2,0.3,0.0,uniform,0,uniform,1.0,guarded,controlled,5,1
2,0.09661245520439424,0.3460233373614775,0.3614318461169481,0.25550408975192657,1.3800000000000001,2.3764659500325136,15,2,0.3,0.0,uniform,0,uniform,1.0,guarded,controlled,5,1
3,0.43423056371511676,0.044625304652892855,0.029004408640997917,0.19109487067064546,1.1400000000000001,1.8852699956155172,15,2,0.3,0.0,uniform,0,uniform,1.0,guarded,controlled,5,1
4,0.09884563105301342,0.029386780542863516,0.01032117969881676,0.04573096024049543,1.3,1.4783507449379323,15,2,0.3,0.0,uniform,0,uniform,1.0,guarded,controlled,5,1
15,9.44830123365321e-06,0.2,0.005083069908617123,0.0030536212656637352,1.06,1.0719091229360886,16,2,0.3,0.0,uniform,0,uniform,0.0,fixed,controlled,5,1
1,0.33433986372828944,0.2,0.5786095819210174,0.48090169464392624,1.22,3.095516609111312,16,2,0.3,0.0,uniform,0,uniform,0.0,fixed,controlled,5,1
2,0.4484925528268071,0.2,0.010724998686137192,0.18583202034240517,1.3800000000000001,2.1047448793353802,16,2,0.3,0.0,uniform,0,uniform,0.0,fixed,controlled,5,1
3,0.16361062039438065,0.2,0.36366743959849085,0.28364471191684676,1.1400000000000001,2.2462143764757023,16,2,0.3,0.0,uniform,0,uniform,0.0,fixed,controlled,5,1
4,0.05354751474928907,0.2,0.0419149098857375,0.046567951831158125,1.3,1.4816150121415168,16,2,0.3,0.0,uniform,0,uniform,0.0,fixed,controlled,5,1
15,9.44830123365321e-06,0.2,0.005083069908617123,0.0030536212656637352,1.06,1.0719091229360886,16,2,0.3,0.0,uniform,0,uniform,0.0,adaptive,controlled,5,1
1,0.33433986372828944,0.2,0.5786095819210174,0.48090169464392624,1.22,3.095516609111312,16,2,0.3,0.0,uniform,0,uniform,0.0,adaptive,controlled,5,1
2,0.4484925528268071,0.2,0.010724998686137192,0.18583202034240517,1.3800000000000001,2.1047448793353802,16,2,0.3,0.0,uniform,0,uniform,0.0,adaptive,controlled,5,1
3,0.16361062039438065,0.2,0.36366743959849085,0.28364471191684676,1.1400000000000001,2.2462143764757023,16,2,0.3,0.0,uniform,0,uniform,0.0,adaptive,controlled,5,1
4,0.05354751474928907,0.2,0.0419149098857375,0.046567951831158125,1.3,1.4816150121415168,16,2,0.3,0.0,uniform,0,uniform,0.0,adaptive,controlled,5,1
15,9.44830123365321e-06,0.2,0.005083069908617123,0.0030536212656637352,1.06,1.0719091229360886,16,2,0.3,0.0,uniform,0,uniform,0.0,guarded,controlled,5,1
1,0.33433986372828944,0.2,0.5786095819210174,0.48090169464392624,1.22,3.095516609111312,16,2,0.3,0.0,uniform,0,uniform,0.0,guarded,controlled,5,1
2,0.4484925528268071,0.2,0.010724998686137192,0.18583202034240517,1.3800000000000001,2.1047448793353802,16,2,0.3,0.0,uniform,0,uniform,0.0,guarded,controlled,5,1
3,0.16361062039438065,0.2,0.36366743959849085,0.28364471191684676,1.1400000000000001,2.2462143764757023,16,2,0.3,0.0,uniform,0,uniform,0.0,guarded,controlled,5,1
4,0.05354751474928907,0.2,0.0419149098857375,0.046567951831158125,1.3,1.4816150121415168,16,2,0.3,0.0,uniform,0,uniform,0.0,guarded,controlled,5,1
1,0.6714319483338926,0.8794893296612961,0.8916065813139651,0.8035367281219361,1.22,7.359020602851591,16,2,0.3,0.0,uniform,0,uniform,0.5,fixed,controlled,5,1
3,0.3285680516661074,0.10850899742479186,0.10839341868603494,0.19646327187806395,1.1400000000000001,2.6409793971484086,16,2,0.3,0.0,uniform,0,uniform,0.5,fixed,controlled,5,1
1,0.6714319483338926,0.7768613020360695,0.8727420796793097,0.7922180271411429,1.22,7.272545727358331,16,2,0.3,0.0,uniform,0,uniform,0.5,adaptive,controlled,5,1
3,0.3285680516661074,0.20728666099575593,0.12725792032069025,0.20778197285885713,1.1400000000000001,2.7274542726416686,16,2,0.3,0.0,uniform,0,uniform,0.5,adaptive,controlled,5,1
15,9.44830123365321e-06,0.07276194882308204,0.022999078067090405,0.013803226160747703,1.06,1.1138325820269162,16,2,0.3,0.0,uniform,0,uniform,0.5,guarded,controlled,5,1
1,0.33433986372828944,0.4471491077658196,0.5438092577244842,0.4600215001260063,1.22,3.0140838504914242,16,2,0.3,0.0,uniform,0,uniform,0.5,guarded,controlled,5,1
2,0.4484925528268071,0.07644489222976338,0.028122422635633935,0.19627047471210324,1.3800000000000001,2.1454548513772025,16,2,0.3,0.0,uniform,0,uniform,0.5,guarded,controlled,5,1
3,0.16361062039438065,0.3068389803074811,0.34862376339371853,0.27461850619398337,1.1400000000000001,2.211012174156535,16,2,0.3,0.0,uniform,0,uniform,0.5,guarded,controlled,5,1
4,0.05354751474928907,0.09680507087385394,0.05644547817907283,0.055286292807159326,1.3,1.5156165419479213,16,2,0.3,0.0,uniform,0,uniform,0.5,guarded,controlled,5,1
1,0.6714319483338926,0.8803991175208243,0.8910922242113607,0.8032281138603734,1.22,7.356662789893252,16,2,0.3,0.0,uniform,0,uniform,1.0,fixed,controlled,5,1
3,0.3285680516661074,0.10760088247917568,0.10890777578863936,0.1967718861396266,1.1400000000000001,2.643337210106747,16,2,0.3,0.0,uniform,0,uniform,1.0,fixed,controlled,5,1
1,0.6714319483338926,0.8797863885394275,0.8907713044246629,0.8030355619883548,1.22,7.35519169359103,16,2,0.3,0.0,uniform,0,uniform,1.0,adaptive,controlled,5,1
3,0.3285680516661074,0.10821361146057258,0.10922869557533711,0.19696443801164523,1.1400000000000001,2.6448083064089696,16,2,0.3,0.0,uniform,0,uniform,1.0,adaptive,controlled,5,1
15,9.44830123365321e-06,0.07276194882308204,0.022999078067090405,0.013803226160747703,1.06,1.1138325820269162,16,2,0.3,0.0,uniform,0,uniform,1.0,guarded,controlled,5,1
1,0.33433986372828944,0.4471491077658196,0.5438092577244842,0.4600215001260063,1.22,3.0140838504914242,16,2,0.3,0.0,uniform,0,uniform,1.0,guarded,controlled,5,1
2,0.4484925528268071,0.07644489222976338,0.028122422635633935,0.19627047471210324,1.3800000000000001,2.1454548513772025,16,2,0.3,0.0,uniform,0,uniform,1.0,guarded,controlled,5,1
3,0.16361062039438065,0.3068389803074811,0.34862376339371853,0.27461850619398337,1.1400000000000001,2.211012174156535,16,2,0.3,0.0,uniform,0,uniform,1.0,guarded,controlled,5,1
4,0.05354751474928907,0.09680507087385394,0.05644547817907283,0.055286292807159326,1.3,1.5156165419479213,16,2,0.3,0.0,uniform,0,uniform,1.0,guarded,controlled,5,1
15,6.102190719917372e-05,0.2,0.24223015392715078,0.14536250111917015,1.06,1.9699692570060052,17,2,0.3,0.0,uniform,0,uniform,0.0,fixed,controlled,5,1
2,0.5745181813146424,0.2,0.39389316736441743,0.4661431729445074,1.3800000000000001,4.298056262632616,17,2,0.3,0.0,uniform,0,uniform,0.0,fixed,controlled,5,1
4,0.42542079677815847,0.2,0.3638766787084319,0.3884943259363225,1.3,3.7319744803613784,17,2,0.3,0.0,uniform,0,uniform,0.0,fixed,controlled,5,1
15,6.102190719917372e-05,0.2,0.24223015392715078,0.14536250111917015,1.06,1.9699692570060052,17,2,0.3,0.0,uniform,0,uniform,0.0,adaptive,controlled,5,1
2,0.5745181813146424,0.2,0.39389316736441743,0.4661431729445074,1.3800000000000001,4.298056262632616,17,2,0.3,0.0,uniform,0,uniform,0.0,adaptive,controlled,5,1
4,0.42542079677815847,0.2,0.3638766787084319,0.3884943259363225,1.3,3.7319744803613784,17,2,0.3,0.0,uniform,0,uniform,0.0,adaptive,controlled,5,1
15,6.102190719917372e-05,0.2,0.24223015392715078,0.14536250111917015,1.06,1.9699692570060052,17,2,0.3,0.0,uniform,0,uniform,0.0,guarded,controlled,5,1
2,0.5745181813146424,0.2,0.39389316736441743,0.4661431729445074,1.3800000000000001,4.298056262632616,17,2,0.3,0.0,uniform,0,uniform,0.0,guarded,controlled,5,1
4,0.42542079677815847,0.2,0.3638766787084319,0.3884943259363225,1.3,3.7319744803613784,17,2,0.3,0.0,uniform,0,uniform,0.0,guarded,controlled,5,1
15,6.102190719917372e-05,0.2358989756361951,0.23777348880192908,0.14268850204403713,1.06,1.9532300227956725,17,2,0.3,0.0,uniform,0,uniform,0.5,fixed,controlled,5,1
2,0.5745181813146424,0.39355623058131184,0.39685568636841634,0.46792068434690676,1.3800000000000001,4.309183484011636,17,2,0.3,0.0,uniform,0,uniform,0.5,fixed,controlled,5,1
4,0.42542079677815847,0.36235338753249313,0.36537082482965455,0.38939081360905614,1.3,3.7375864931926914,17,2,0.3,0.0,uniform,0,uniform,0.5,fixed,controlled,5,1
15,6.102190719917372e-05,0.2358989756361951,0.23777348880192908,0.14268850204403713,1.06,1.9532300227956725,17,2,0.3,0.0,uniform,0,uniform,0.5,adaptive,controlled,5,1
2,0.5745181813146424,0.39355623058131184,0.39685568636841634,0.46792068434690676,1.3800000000000001,4.309183484011636,17,2,0.3,0.0,uniform,0,uniform,0.5,adaptive,controlled,5,1
4,0.42542079677815847,0.36235338753249313,0.36537082482965455,0.38939081360905614,1.3,3.7375864931926914,17,2,0.3,0.0,uniform,0,uniform,0.5,adaptive,controlled,5,1
15,6.102190719917372e-05,0.2109785055079976,0.24206936147733196,0.14526602564927885,1.06,1.9693653205644854,17,2,0.3,0.0,uniform,0,uniform,0.5,guarded,controlled,5,1
2,0.5745181813146424,0.2520119536741295,0.39400005237258007,0.466207303949405,1.3800000000000001,4.298457722723275,17,2,0.3,0.0,uniform,0,uniform,0.5,guarded,controlled,5,1
4,0.42542079677815847,0.24389079081787293,0.36393058615008794,0.38852667040131617,1.3,3.732176956712239,17,2,0.3,0.0,uniform,0,uniform,0.5,guarded,controlled,5,1
15,6.102190719917372e-05,0.23584912469102823,0.23775113376111717,0.14267508901954998,1.06,1.9531460572623829,17,2,0.3,0.0,uniform,0,uniform,1.0,fixed,controlled,5,1
2,0.5745181813146424,0.3936955822622329,0.3968705466353154,0.46792960050704624,1.3800000000000001,4.309239299174109,17,2,0.3,0.0,uniform,0,uniform,1.0,fixed,controlled,5,1
4,0.42542079677815847,0.36245529304673885,0.36537831960356737,0.3893953104734038,1.3,3.737614643563508,17,2,0.3,0.0,uniform,0,uniform,1.0,fixed,controlled,5,1
15,6.102190719917372e-05,0.23584912469102823,0.23775113376111717,0.14267508901954998,1.06,1.9531460572623829,17,2,0.3,0.0,uniform,0,uniform,1.0,adaptive,controlled,5,1
2,0.5745181813146424,0.3936955822622329,0.3968705466353154,0.46792960050704624,1.3800000000000001,4.309239299174109,17,2,0.3,0.0,uniform,0,uniform,1.0,adaptive,controlled,5,1
4,0.42542079677815847,0.36245529304673885,0.36537831960356737,0.3893953104734038,1.3,3.737614643563508,17,2,0.3,0.0,uniform,0,uniform,1.0,adaptive,controlled,5,1
15,6.102190719917372e-05,0.2109785055079976,0.24206936147733196,0.14526602564927885,1.06,1.9693653205644854,17,2,0.3,0.0,uniform,0,uniform,1.0,guarded,controlled,5,1
2,0.5745181813146424,0.2520119536741295,0.39400005237258007,0.466207303949405,1.3800000000000001,4.298457722723275,17,2,0.3,0.0,uniform,0,uniform,1.0,guarded,controlled,5,1
4,0.42542079677815847,0.24389079081787293,0.36393058615008794,0.38852667040131617,1.3,3.732176956712239,17,2,0.3,0.0,uniform,0,uniform,1.0,guarded,controlled,5,1
15,5.888061518003546e-05,0.2,0.6058152471332157,0.36351270052600143,1.06,2.4776995320514055,18,2,0.3,0.0,uniform,0,uniform,0.0,fixed,controlled,5,1
1,0.12593646768647127,0.2,0.012924587792594745,0.05812933975014535,1.22,1.4467044250255667,18,2,0.3,0.0,uniform,0,uniform,0.0,fixed,controlled,5,1
2,0.24757861753918503,0.2,0.2194299513325863,0.23068941781522578,1.3800000000000001,2.2796887294793806,18,2,0.3,0.0,uniform,0,uniform,0.0,fixed,controlled,5,1
3,0.46339271449052866,0.2,0.09878604501911097,0.24462871280767803,1.1400000000000001,2.094051979949944,18,2,0.3,0.0,uniform,0,uniform,0.0,fixed,controlled,5,1
4,0.16303331966863496,0.2,0.0630441687224923,0.10303982910094936,1.3,1.7018553334937025,18,2,0.3,0.0,uniform,0,uniform,0.0,fixed,controlled,5,1
15,5.888061518003546e-05,0.2,0.6058152471332157,0.36351270052600143,1.06,2.4776995320514055,18,2,0.3,0.0,uniform,0,uniform,0.0,adaptive,controlled,5,1
1,0.12593646768647127,0.2,0.012924587792594745,0.05812933975014535,1.22,1.4467044250255667,18,2,0.3,0.0,uniform,0,uniform,0.0,adaptive,controlled,5,1
2,0.24757861753918503,0.2,0.2194299513325863,0.23068941781522578,1.3800000000000001,2.2796887294793806,18,2,0.3,0.0,uniform,0,uniform,0.0,adaptive,controlled,5,1
3,0.46339271449052866,0.2,0.09878604501911097,0.24462871280767803,1.1400000000000001,2.094051979949944,18,2,0.3,0.0,uniform,0,uniform,0.0,adaptive,controlled,5,1
4,0.16303331966863496,0.2,0.0630441687224923,0.10303982910094936,1.3,1.7018553334937025,18,2,0.3,0.0,uniform,0,uniform,0.0,adaptive,controlled,5,1
15,5.888061518003546e-05,0.2,0.6058152471332157,0.36351270052600143,1.06,2.4776995320514055,18,2,0.3,0.0,uniform,0,uniform,0.0,guarded,controlled,5,1
1,0.12593646768647127,0.2,0.012924587792594745,0.05812933975014535,1.22,1.4467044250255667,18,2,0.3,0.0,uniform,0,uniform,0.0,guarded,controlled,5,1
2,0.24757861753918503,0.2,0.2194299513325863,0.23068941781522578,1.3800000000000001,2.2796887294793806,18,2,0.3,0.0,uniform,0,uniform,0.0,guarded,controlled,5,1
3,0.46339271449052866,0.2,0.09878604501911097,0.24462871280767803,1.1400000000000001,2.094051979949944,18,2,0.3,0.0,uniform,0,uniform,0.0,guarded,controlled,5,1
4,0.16303331966863496,0.2,0.0630441687224923,0.10303982910094936,1.3,1.7018553334937025,18,2,0.3,0.0,uniform,0,uniform,0.0,guarded,controlled,5,1
15,5.888061518003546e-05,0.6059815638848387,0.6061849031744092,0.36373449415071757,1.06,2.4785645271877983,18,2,0.3,0.0,uniform,0,uniform,0.5,fixed,controlled,5,1
1,0.12593646768647127,0.012847917990051185,0.012754181291681446,0.05802709584959737,1.22,1.4463056738134297,18,2,0.3,0.0,uniform,0,uniform,0.5,fixed,controlled,5,1
2,0.24757861753918503,0.21943791438082727,0.21944765002414837,0.23070003703016304,1.3800000000000001,2.279730144417636,18,2,0.3,0.0,uniform,0,uniform,0.5,fixed,controlled,5,1
3,0.46339271449052866,0.09874456413259856,0.098693849493743,0.24457339549245727,1.1400000000000001,2.093836242420583,18,2,0.3,0.0,uniform,0,uniform,0.5,fixed,controlled,5,1
4,0.16303331966863496,0.06298803961168434,0.06291941601601798,0.10296497747706478,1.3,1.7015634121605525,18,2,0.3,0.0,uniform,0,uniform,0.5,fixed,controlled,5,1
15,5.888061518003546e-05,0.6059815638848387,0.6061849031744092,0.36373449415071757,1.06,2.4785645271877983,18,2,0.3,0.0,uniform,0,uniform,0.5,adaptive,controlled,5,1
1,0.12593646768647127,0.012847917990051185,0.012754181291681446,0.05802709584959737,1.22,1.4463056738134297,18,2,0.3,0.0,uniform,0,uniform,0.5,adaptive,controlled,5,1
2,0.24757861753918503,0.21943791438082727,0.21944765002414837,0.23070003703016304,1.3800000000000001,2.279730144417636,18,2,0.3,0.0,uniform,0,uniform,0.5,adaptive,controlled,5,1
3,0.46339271449052866,0.09874456413259856,0.098693849493743,0.24457339549245727,1.1400000000000001,2.093836242420583,18,2,0.3,0.0,uniform,0,uniform,0.5,adaptive,controlled,5,1
4,0.16303331966863496,0.06298803961168434,0.06291941601601798,0.10296497747706478,1.3,1.7015634121605525,18,2,0.3,0.0,uniform,0,uniform,0.5,adaptive,controlled,5,1
15,5.888061518003546e-05,0.4696676140335884,0.5968221060188267,0.35811681585736804,1.06,2.4566555818437354,18,2,0.3,0.0,uniform,0,uniform,0.5,guarded,controlled,5,1
1,0.12593646768647127,0.0756868293867713,0.017070305808116734,0.06061677055945855,1.22,1.4564054051818882,18,2,0.3,0.0,uniform,0,uniform,0.5,guarded,controlled,5,1
2,0.24757861753918503,0.21291136460165408,0.21899937043299214,0.2304310692754693,1.3800000000000001,2.2786811701743304,18,2,0.3,0.0,uniform,0,uniform,0.5,guarded,controlled,5,1
3,0.46339271449052866,0.13274248333592154,0.10102901490828754,0.245974494741184,1.1400000000000001,2.0993005294906175,18,2,0.3,0.0,uniform,0,uniform,0.5,guarded,controlled,5,1
4,0.16303331966863496,0.10899170864206473,0.06607920283177691,0.10486084956652014,1.3,1.7089573133094285,18,2,0.3,0.0,uniform,0,uniform,0.5,guarded,controlled,5,1
15,5.888061518003546e-05,0.6061849700657667,0.6061849700657667,0.36373453428553204,1.06,2.478564683713575,18,2,0.3,0.0,uniform,0,uniform,1.0,fixed,controlled,5,1
1,0.12593646768647127,0.012754150455658525,0.012754150455658525,0.058027077347983624,1.22,1.446305601657136,18,2,0.3,0.0,uniform,0,uniform,1.0,fixed,controlled,5,1
2,0.24757861753918503,0.21944765322682702,0.21944765322682702,0.23070003895177021,1.3800000000000001,2.2797301519119038,18,2,0.3,0.0,uniform,0,uniform,1.0,fixed,controlled,5,1
3,0.46339271449052866,0.09869383281043974,0.09869383281043974,0.24457338548247531,1.1400000000000001,2.0938362033816538,18,2,0.3,0.0,uniform,0,uniform,1.0,fixed,controlled,5,1
4,0.16303331966863496,0.06291939344130813,0.06291939344130813,0.10296496393223886,1.3,1.7015633593357316,18,2,0.3,0.0,uniform,0,uniform,1.0,fixed,controlled,5,1
15,5.888061518003546e-05,0.6061849700657667,0.6061849700657667,0.36373453428553204,1.06,2.478564683713575,18,2,0.3,0.0,uniform,0,uniform,1.0,adaptive,controlled,5,1
1,0.12593646768647127,0.012754150455658525,0.012754150455658525,0.058027077347983624,1.22,1.446305601657136,18,2,0.3,0.0,uniform,0,uniform,1.0,adaptive,controlled,5,1
2,0.24757861753918503,0.21944765322682702,0.21944765322682702,0.23070003895177021,1.3800000000000001,2.2797301519119038,18,2,0.3,0.0,uniform,0,uniform,1.0,adaptive,controlled,5,1
3,0.46339271449052866,0.09869383281043974,0.09869383281043974,0.24457338548247531,1.1400000000000001,2.0938362033816538,18,2,0.3,0.0,uniform,0,uniform,1.0,adaptive,controlled,5,1
4,0.16303331966863496,0.06291939344130813,0.06291939344130813,0.10296496393223886,1.3,1.7015633593357316,18,2,0.3,0.0,uniform,0,uniform,1.0,adaptive,controlled,5,1
15,5.888061518003546e-05,0.6061849700657667,0.6061849700657667,0.36373453428553204,1.06,2.478564683713575,18,2,0.3,0.0,uniform,0,uniform,1.0,guarded,controlled,5,1
1,0.12593646768647127,0.012754150455658525,0.012754150455658525,0.058027077347983624,1.22,1.446305601657136,18,2,0.3,0.0,uniform,0,uniform,1.0,guarded,controlled,5,1
2,0.24757861753918503,0.21944765322682702,0.21944765322682702,0.23070003895177021,1.3800000000000001,2.2797301519119038,18,2,0.3,0.0,uniform,0,uniform,1.0,guarded,controlled,5,1
3,0.46339271449052866,0.09869383281043974,0.09869383281043974,0.24457338548247531,1.1400000000000001,2.0938362033816538,18,2,0.3,0.0,uniform,0,uniform,1.0,guarded,controlled,5,1
4,0.16303331966863496,0.06291939344130813,0.06291939344130813,0.10296496393223886,1.3,1.7015633593357316,18,2,0.3,0.0,uniform,0,uniform,1.0,guarded,controlled,5,1
15,4.929043318902676e-05,0.2,0.08799349520278876,0.05281581329494887,1.06,1.2659816718503005,19,2,0.3,0.0,uniform,0,uniform,0.0,fixed,controlled,5,1
1,0.10487306067938192,0.2,0.04151423600330632,0.06685776587373655,1.22,1.4807452869075726,19,2,0.3,0.0,uniform,0,uniform,0.0,fixed,controlled,5,1
2,0.09261045343399532,0.2,0.4037095239121492,0.2792698957208876,1.3800000000000001,2.4691525933114615,19,2,0.3,0.0,uniform,0,uniform,0.0,fixed,controlled,5,1
3,0.3529325538234938,0.2,0.022611363852233793,0.1547398398407378,1.1400000000000001,1.7434853753788775,19,2,0.3,0.0,uniform,0,uniform,0.0,fixed,controlled,5,1
4,0.44953464162994006,0.2,0.4441713810295218,0.4463166852696891,1.3,3.040635072551787,19,2,0.3,0.0,uniform,0,uniform,0.0,fixed,controlled,5,1
15,4.929043318902676e-05,0.2,0.08799349520278876,0.05281581329494887,1.06,1.2659816718503005,19,2,0.3,0.0,uniform,0,uniform,0.0,adaptive,controlled,5,1
1,0.10487306067938192,0.2,0.04151423600330632,0.06685776587373655,1.22,1.4807452869075726,19,2,0.3,0.0,uniform,0,uniform,0.0,adaptive,controlled,5,1
2,0.09261045343399532,0.2,0.4037095239121492,0.2792698957208876,1.3800000000000001,2.4691525933114615,19,2,0.3,0.0,uniform,0,uniform,0.0,adaptive,controlled,5,1
3,0.3529325538234938,0.2,0.022611363852233793,0.1547398398407378,1.1400000000000001,1.7434853753788775,19,2,0.3,0.0,uniform,0,uniform,0.0,adaptive,controlled,5,1
4,0.44953464162994006,0.2,0.4441713810295218,0.4463166852696891,1.3,3.040635072551787,19,2,0.3,0.0,uniform,0,uniform,0.0,adaptive,controlled,5,1
15,4.929043318902676e-05,0.2,0.08799349520278876,0.05281581329494887,1.06,1.2659816718503005,19,2,0.3,0.0,uniform,0,uniform,0.0,guarded,controlled,5,1
1,0.10487306067938192,0.2,0.04151423600330632,0.06685776587373655,1.22,1.4807452869075726,19,2,0.3,0.0,uniform,0,uniform,0.0,guarded,controlled,5,1
2,0.09261045343399532,0.2,0.4037095239121492,0.2792698957208876,1.3800000000000001,2.4691525933114615,19,2,0.3,0.0,uniform,0,uniform,0.0,guarded,controlled,5,1
3,0.3529325538234938,0.2,0.022611363852233793,0.1547398398407378,1.1400000000000001,1.7434853753788775,19,2,0.3,0.0,uniform,0,uniform,0.0,guarded,controlled,5,1
4,0.44953464162994006,0.2,0.4441713810295218,0.4463166852696891,1.3,3.040635072551787,19,2,0.3,0.0,uniform,0,uniform,0.0,guarded,controlled,5,1
15,4.929043318902676e-05,0.0793830166635062,0.07968853114830304,0.04783283486225744,1.06,1.246548055962804,19,2,0.3,0.0,uniform,0,uniform,0.5,fixed,controlled,5,1
1,0.10487306067938192,0.029387908736268464,0.029762966954037493,0.05980700444417526,1.22,1.4532473173322835,19,2,0.3,0.0,uniform,0,uniform,0.5,fixed,controlled,5,1
2,0.09261045343399532,0.41898087604288126,0.418814006251901,0.2883325851247387,1.3800000000000001,2.504497081986481,19,2,0.3,0.0,uniform,0,uniform,0.5,fixed,controlled,5,1
3,0.3529325538234938,0.009744793361458714,0.009458500547118623,0.1468481218576687,1.1400000000000001,1.712707675244908,19,2,0.3,0.0,uniform,0,uniform,0.5,fixed,controlled,5,1
4,0.44953464162994006,0.46250340519588545,0.46227599509863976,0.45717945371115987,1.3,3.0829998694735234,19,2,0.3,0.0,uniform,0,uniform,0.5,fixed,controlled,5,1
15,7.617510891682437e-05,0.07575446971027347,0.07348554683037824,0.04412179814179367,1.06,1.2823738626346401,19,2,0.3,0.0,uniform,0,uniform,0.5,adaptive,controlled,5,1
1,0.1620743885341046,0.024362388443764545,0.021013089069310563,0.07743760885522818,1.22,1.61028554863035,19,2,0.3,0.0,uniform,0,uniform,0.5,adaptive,controlled,5,1
2,0.1431233389675628,0.4248414406306616,0.4299111066665044,0.31519599958692773,1.3800000000000001,2.9685878379181156,19,2,0.3,0.0,uniform,0,uniform,0.5,adaptive,controlled,5,1
4,0.6947260973894157,0.46958008502783916,0.4755902574338069,0.5632445934160504,1.3,4.138752750816894,19,2,0.3,0.0,uniform,0,uniform,0.5,adaptive,controlled,5,1
15,4.929043318902676e-05,0.1741476969537828,0.08805211802771885,0.05285098698990692,1.06,1.266118849260637,19,2,0.3,0.0,uniform,0,uniform,0.5,guarded,controlled,5,1
1,0.10487306067938192,0.1634197852457601,0.041597185499976264,0.06690753557173852,1.22,1.4809393887297801,19,2,0.3,0.0,uniform,0,uniform,0.5,guarded,controlled,5,1
2,0.09261045343399532,0.24701834375701937,0.40360290485659966,0.2792059242875579,1.3800000000000001,2.468903104721476,19,2,0.3,0.0,uniform,0,uniform,0.5,guarded,controlled,5,1
3,0.3529325538234938,0.1590567995407942,0.02270420687934461,0.1547955456570043,1.1400000000000001,1.7437026280623167,19,2,0.3,0.0,uniform,0,uniform,0.5,guarded,controlled,5,1
4,0.44953464162994006,0.25635737450264356,0.44404358473636063,0.4462400074937924,1.3,3.04033602922579,19,2,0.3,0.0,uniform,0,uniform,0.5,guarded,controlled,5,1
15,7.617510891682437e-05,0.07605971742639397,0.07636517813894977,0.04584957692693659,1.06,1.2910818677117604,19,2,0.3,0.0,uniform,0,uniform,1.0,fixed,controlled,5,1
1,0.1620743885341046,0.02464975348530863,0.024748748479225532,0.07967900450117717,1.22,1.621582182685933,19,2,0.3,0.0,uniform,0,uniform,1.0,fixed,controlled,5,1
2,0.1431233389675628,0.42526815859173034,0.42697606284310274,0.3134349732928867,1.3800000000000001,2.959712265396149,19,2,0.3,0.0,uniform,0,uniform,1.0,fixed,controlled,5,1
4,0.6947260973894157,0.4700223704965671,0.471910010538722,0.5610364452789995,1.3,4.127623684206157,19,2,0.3,0.0,uniform,0,uniform,1.0,fixed,controlled,5,1
15,7.617510891682437e-05,0.07608864166280027,0.07632407594228463,0.045824915608937505,1.06,1.2909575746690451,19,2,0.3,0.0,uniform,0,uniform,1.0,adaptive,controlled,5,1
1,0.1620743885341046,0.024691899055529428,0.024695427831098373,0.07964701211230087,1.22,1.6214209410459963,19,2,0.3,0.0,uniform,0,uniform,1.0,adaptive,controlled,5,1
2,0.1431233389675628,0.4252072753080073,0.42701795596604913,0.31346010916665457,1.3800000000000001,2.959838950199939,19,2,0.3,0.0,uniform,0,uniform,1.0,adaptive,controlled,5,1
4,0.6947260973894157,0.4699499775689961,0.47196254026056783,0.5610679631121069,1.3,4.127782534085019,19,2,0.3,0.0,uniform,0,uniform,1.0,adaptive,controlled,5,1
15,4.929043318902676e-05,0.1741476969537828,0.08805211802771885,0.05285098698990692,1.06,1.266118849260637,19,2,0.3,0.0,uniform,0,uniform,1.0,guarded,controlled,5,1
1,0.10487306067938192,0.1634197852457601,0.041597185499976264,0.06690753557173852,1.22,1.4809393887297801,19,2,0.3,0.0,uniform,0,uniform,1.0,guarded,controlled,5,1
2,0.09261045343399532,0.24701834375701937,0.40360290485659966,0.2792059242875579,1.3800000000000001,2.468903104721476,19,2,0.3,0.0,uniform,0,uniform,1.0,guarded,controlled,5,1
3,0.3529325538234938,0.1590567995407942,0.02270420687934461,0.1547955456570043,1.1400000000000001,1.7437026280623167,19,2,0.3,0.0,uniform,0,uniform,1.0,guarded,controlled,5,1
4,0.44953464162994006,0.25635737450264356,0.44404358473636063,0.4462400074937924,1.3,3.04033602922579,19,2,0.3,0.0,uniform,0,uniform,1.0,guarded,controlled,5,1
