seed,dimension,poison_ratio,target,initialization,initialization_replicate,evaluator,update_rate,update_policy,coalition_mode,controlled_coalition_size,controlled_poison_count,round,target_error,evaluation_loss,consistency_l1,update_l1,eta_used,update_accepted,gate_triggered,eval_loss_delta,informative,stage3_requests_cumulative,contribution_requests_cumulative
0,2,0.3,0.0,uniform,0,uniform,0.0,fixed,controlled,5,1,0,0.01492426654765655,0.019580726325511933,0.2473273281163454,0.0,0.0,False,False,,True,740,230
0,2,0.3,0.0,uniform,0,uniform,0.0,adaptive,controlled,5,1,0,0.01492426654765655,0.019580726325511933,0.2473273281163454,0.0,0.0,False,False,,True,740,230
0,2,0.3,0.0,uniform,0,uniform,0.0,guarded,controlled,5,1,0,0.01492426654765655,0.019580726325511933,0.2473273281163454,0.0,0.0,False,False,,True,740,230
0,2,0.3,0.0,uniform,0,uniform,0.5,fixed,controlled,5,1,0,0.01492426654765655,0.019580726325511933,0.2473273281163454,0.12366366405817272,0.5,True,False,,True,740,230
0,2,0.3,0.0,uniform,0,uniform,0.5,fixed,controlled,5,1,1,0.014973622681176302,0.01958514004945755,0.12369437250478058,0.06184718625239029,0.5,True,False,4.413723945616982e-06,True,1350,460
0,2,0.3,0.0,uniform,0,uniform,0.5,fixed,controlled,5,1,2,0.014970166407316299,0.019585701078176497,0.06185109015116136,0.03092554507558068,0.5,True,False,5.610287189469765e-07,True,1975,690
0,2,0.3,0.0,uniform,0,uniform,0.5,fixed,controlled,5,1,3,0.014325227189907253,0.019780707359313966,0.03228999593310833,0.01614499796655415,0.5,True,False,0.0001950062811374685,True,2460,920
0,2,0.3,0.0,uniform,0,uniform,0.5,fixed,controlled,5,1,4,0.01443627573343953,0.01971310153603554,0.015670261408027505,0.00783513070401376,0.5,True,False,-6.760582327842643e-05,True,3165,1150
0,2,0.3,0.0,uniform,0,uniform,0.5,fixed,controlled,5,1,5,0.013314287457401264,0.021456652879714967,0.020687867678603866,0.010343933839301947,0.5,True,False,0.001743551343679428,True,3705,1380
0,2,0.3,0.0,uniform,0,uniform,0.5,fixed,controlled,5,1,6,0.012652401372633904,0.020316067337989806,0.0017904026785490051,0.0008952013392745511,0.5,True,False,-0.0011405855417251608,True,4265,1610
0,2,0.3,0.0,uniform,0,uniform,0.5,fixed,controlled,5,1,7,0.013183342984667057,0.021351170539855958,0.008633456814015755,0.00431672840700785,0.5,True,False,0.0010351032018661513,True,4915,1840
0,2,0.3,0.0,uniform,0,uniform,0.5,fixed,controlled,5,1,8,0.01272739622109853,0.020396722853183745,0.0028351276266313924,0.0014175638133157448,0.5,True,False,-0.0009544476866722128,True,5505,2070
0,2,0.3,0.0,uniform,0,uniform,0.5,fixed,controlled,5,1,9,0.012976799181872778,0.02066383361816406,0.0005440365575245382,0.000272018278762276,0.5,True,False,0.00026711076498031616,True,6545,2300
0,2,0.3,0.0,uniform,0,uniform,0.5,adaptive,controlled,5,1,0,0.01492426654765655,0.019580726325511933,0.2473273281163454,0.12366366405817272,0.5,True,False,,True,740,230
0,2,0.3,0.0,uniform,0,uniform,0.5,adaptive,controlled,5,1,1,0.014973622681176302,0.01958514004945755,0.12369437250478058,0.06184718625239029,0.5,True,False,4.413723945616982e-06,True,1350,460
0,2,0.3,0.0,uniform,0,uniform,0.5,adaptive,controlled,5,1,2,0.014970166407316299,0.019585701078176497,0.06185109015116136,0.03092554507558068,0.5,True,False,5.610287189469765e-07,True,1975,690
0,2,0.3,0.0,uniform,0,uniform,0.5,adaptive,controlled,5,1,3,0.014325227189907253,0.019780707359313966,0.03228999593310833,0.01614499796655415,0.5,True,False,0.0001950062811374685,True,2460,920
0,2,0.3,0.0,uniform,0,uniform,0.5,adaptive,controlled,5,1,4,0.01443627573343953,0.01971310153603554,0.015670261408027505,0.00783513070401376,0.5,True,False,-6.760582327842643e-05,True,3165,1150
0,2,0.3,0.0,uniform,0,uniform,0.5,adaptive,controlled,5,1,5,0.013314287457401264,0.021456652879714967,0.020687867678603866,0.005171966919650994,0.25,True,False,0.001743551343679428,True,3705,1380
0,2,0.3,0.0,uniform,0,uniform,0.5,adaptive,controlled,5,1,6,0.014201408060875664,0.019859527051448823,0.003693679647604378,0.0009234199119010772,0.25,True,False,-0.0015971258282661445,True,4575,1610
0,2,0.3,0.0,uniform,0,uniform,0.5,adaptive,controlled,5,1,7,0.014460663049600697,0.019698166102170945,0.0016351096839111873,0.0004087774209777656,0.25,True,False,-0.0001613609492778778,True,5485,1840
0,2,0.3,0.0,uniform,0,uniform,0.5,adaptive,controlled,5,1,8,0.014233771395048223,0.019833578169345854,0.002178235568366646,0.00027227944604581167,0.125,True,False,0.00013541206717490942,True,5975,2070
0,2,0.3,0.0,uniform,0,uniform,0.5,adaptive,controlled,5,1,9,0.016294130218099667,0.019800370931625365,0.0016718446760144307,0.00020898058450180557,0.125,True,False,-3.32072377204895e-05,True,6985,2300
0,2,0.3,0.0,uniform,0,uniform,0.5,adaptive,controlled,5,1,10,0.013668337200798852,0.020790502429008484,0.008637804883723552,0.0005398628052327437,0.0625,True,False,0.000990131497383119,True,8025,2530
0,2,0.3,0.0,uniform,0,uniform,0.5,adaptive,controlled,5,1,11,0.014755894539472791,0.0195446640253067,0.0008651008157985335,5.4068800987377985e-05,0.0625,True,False,-0.001245838403701783,True,8735,2760
0,2,0.3,0.0,uniform,0,uniform,0.5,guarded,controlled,5,1,0,0.01492426654765655,0.019580726325511933,0.2473273281163454,0.12366366405817272,0.5,True,False,,True,740,230
0,2,0.3,0.0,uniform,0,uniform,0.5,guarded,controlled,5,1,1,0.014973622681176302,0.01958514004945755,0.12369437250478058,0.06184718625239029,0.5,True,False,4.413723945616982e-06,True,1350,460
0,2,0.3,0.0,uniform,0,uniform,0.5,guarded,controlled,5,1,2,0.014970166407316299,0.019585701078176497,0.06185109015116136,0.03092554507558068,0.5,True,False,5.610287189469765e-07,True,1975,690
0,2,0.3,0.0,uniform,0,uniform,0.5,guarded,controlled,5,1,3,0.014325227189907253,0.019780707359313966,0.03228999593310833,0.03092554507558068,0.25,False,True,0.0001950062811374685,True,2460,920
0,2,0.3,0.0,uniform,0,uniform,0.5,guarded,controlled,5,1,4,0.014970166407316299,0.019585701078176497,0.06185109015116136,0.015462772537790326,0.25,True,False,0.0,True,3085,1150
0,2,0.3,0.0,uniform,0,uniform,0.5,guarded,controlled,5,1,5,0.014923695525070002,0.019577093422412872,0.04632843509583412,0.011582108773958558,0.25,True,False,-8.607655763624711e-06,True,3395,1380
0,2,0.3,0.0,uniform,0,uniform,0.5,guarded,controlled,5,1,6,0.014599000534407658,0.019624264538288118,0.0350748469944126,0.008768711748603164,0.25,True,False,4.717111587524553e-05,True,4010,1610
0,2,0.3,0.0,uniform,0,uniform,0.5,guarded,controlled,5,1,7,0.015969655819185746,0.019810123741626738,0.027609080839980107,0.008768711748603164,0.125,False,True,0.00018585920333862027,True,4475,1840
0,2,0.3,0.0,uniform,0,uniform,0.5,guarded,controlled,5,1,8,0.014599000534407658,0.019624264538288118,0.0350748469944126,0.004384355874301554,0.125,True,False,0.0,True,5090,2070
0,2,0.3,0.0,uniform,0,uniform,0.5,guarded,controlled,5,1,9,0.01435587333721422,0.01975812166929245,0.03162750243826046,0.004384355874301554,0.0625,False,True,0.0001338571310043335,True,5630,2300
0,2,0.3,0.0,uniform,0,uniform,0.5,guarded,controlled,5,1,10,0.014599000534407658,0.019624264538288118,0.0350748469944126,0.002192177937150791,0.0625,True,False,0.0,True,6245,2530
0,2,0.3,0.0,uniform,0,uniform,0.5,guarded,controlled,5,1,11,0.014872286547078062,0.01956794336438179,0.03249052421719861,0.002030657763574903,0.0625,True,False,-5.6321173906328376e-05,True,6715,2760
0,2,0.3,0.0,uniform,0,uniform,0.5,guarded,controlled,5,1,12,0.014351834389938922,0.019759407639503478,0.03179805890369783,0.002030657763574903,0.05,False,True,0.00019146427512168815,True,7300,2990
0,2,0.3,0.0,uniform,0,uniform,0.5,guarded,controlled,5,1,13,0.014872286547078062,0.01956794336438179,0.03249052421719861,0.0016245262108598724,0.05,True,False,0.0,True,7770,3220
0,2,0.3,0.0,uniform,0,uniform,0.5,guarded,controlled,5,1,14,0.014338797228381495,0.019773779809474944,0.032305225948159655,0.0016245262108598724,0.05,False,True,0.0002058364450931542,True,8350,3450
0,2,0.3,0.0,uniform,0,uniform,0.5,guarded,controlled,5,1,15,0.014872286547078062,0.01956794336438179,0.03249052421719861,0.0016245262108598724,0.05,True,False,0.0,True,8820,3680
0,2,0.3,0.0,uniform,0,uniform,0.5,guarded,controlled,5,1,16,0.014338797228381495,0.019773779809474944,0.032305225948159655,0.0016245262108598724,0.05,False,True,0.0002058364450931542,True,9400,3910
0,2,0.3,0.0,uniform,0,uniform,0.5,guarded,controlled,5,1,17,0.014872286547078062,0.01956794336438179,0.03249052421719861,0.0016245262108598724,0.05,True,False,0.0,True,9870,4140
0,2,0.3,0.0,uniform,0,uniform,0.5,guarded,controlled,5,1,18,0.014338797228381495,0.019773779809474944,0.032305225948159655,0.0016245262108598724,0.05,False,True,0.0002058364450931542,True,10450,4370
0,2,0.3,0.0,uniform,0,uniform,0.5,guarded,controlled,5,1,19,0.014872286547078062,0.01956794336438179,0.03249052421719861,0.0016245262108598724,0.05,True,False,0.0,True,10920,4600
0,2,0.3,0.0,uniform,0,uniform,1.0,fixed,controlled,5,1,0,0.01492426654765655,0.019580726325511933,0.2473273281163454,0.2473273281163454,1.0,True,False,,True,740,230
0,2,0.3,0.0,uniform,0,uniform,1.0,fixed,controlled,5,1,1,0.014301666170347005,0.019791217148303987,0.0014730273770481445,0.0014730273770481445,1.0,True,False,0.00021049082279205392,True,1515,460
0,2,0.3,0.0,uniform,0,uniform,1.0,fixed,controlled,5,1,2,0.01625787585390448,0.019860488176345826,0.0004886076149255014,0.0004886076149255014,1.0,True,False,6.92710280418389e-05,True,2315,690
0,2,0.3,0.0,uniform,0,uniform,1.0,adaptive,controlled,5,1,0,0.01492426654765655,0.019580726325511933,0.2473273281163454,0.2473273281163454,1.0,True,False,,True,740,230
0,2,0.3,0.0,uniform,0,uniform,1.0,adaptive,controlled,5,1,1,0.014301666170347005,0.019791217148303987,0.0014730273770481445,0.0014730273770481445,1.0,True,False,0.00021049082279205392,True,1515,460
0,2,0.3,0.0,uniform,0,uniform,1.0,adaptive,controlled,5,1,2,0.01625787585390448,0.019860488176345826,0.0004886076149255014,0.0004886076149255014,1.0,True,False,6.92710280418389e-05,True,2315,690
0,2,0.3,0.0,uniform,0,uniform,1.0,guarded,controlled,5,1,0,0.01492426654765655,0.019580726325511933,0.2473273281163454,0.2473273281163454,1.0,True,False,,True,740,230
0,2,0.3,0.0,uniform,0,uniform,1.0,guarded,controlled,5,1,1,0.014301666170347005,0.019791217148303987,0.0014730273770481445,0.2473273281163454,0.5,False,True,0.00021049082279205392,True,1515,460
0,2,0.3,0.0,uniform,0,uniform,1.0,guarded,controlled,5,1,2,0.01492426654765655,0.019580726325511933,0.2473273281163454,0.12366366405817272,0.5,True,False,0.0,True,2255,690
0,2,0.3,0.0,uniform,0,uniform,1.0,guarded,controlled,5,1,3,0.014973622681176302,0.01958514004945755,0.12369437250478058,0.06184718625239029,0.5,True,False,4.413723945616982e-06,True,2865,920
0,2,0.3,0.0,uniform,0,uniform,1.0,guarded,controlled,5,1,4,0.014970166407316299,0.019585701078176497,0.06185109015116136,0.03092554507558068,0.5,True,False,5.610287189469765e-07,True,3490,1150
0,2,0.3,0.0,uniform,0,uniform,1.0,guarded,controlled,5,1,5,0.014325227189907253,0.019780707359313966,0.03228999593310833,0.03092554507558068,0.25,False,True,0.0001950062811374685,True,3975,1380
0,2,0.3,0.0,uniform,0,uniform,1.0,guarded,controlled,5,1,6,0.014970166407316299,0.019585701078176497,0.06185109015116136,0.015462772537790326,0.25,True,False,0.0,True,4600,1610
0,2,0.3,0.0,uniform,0,uniform,1.0,guarded,controlled,5,1,7,0.014923695525070002,0.019577093422412872,0.04632843509583412,0.011582108773958558,0.25,True,False,-8.607655763624711e-06,True,4910,1840
0,2,0.3,0.0,uniform,0,uniform,1.0,guarded,controlled,5,1,8,0.014599000534407658,0.019624264538288118,0.0350748469944126,0.008768711748603164,0.25,True,False,4.717111587524553e-05,True,5525,2070
0,2,0.3,0.0,uniform,0,uniform,1.0,guarded,controlled,5,1,9,0.015969655819185746,0.019810123741626738,0.027609080839980107,0.008768711748603164,0.125,False,True,0.00018585920333862027,True,5990,2300
0,2,0.3,0.0,uniform,0,uniform,1.0,guarded,controlled,5,1,10,0.014599000534407658,0.019624264538288118,0.0350748469944126,0.004384355874301554,0.125,True,False,0.0,True,6605,2530
0,2,0.3,0.0,uniform,0,uniform,1.0,guarded,controlled,5,1,11,0.01435587333721422,0.01975812166929245,0.03162750243826046,0.004384355874301554,0.0625,False,True,0.0001338571310043335,True,7145,2760
0,2,0.3,0.0,uniform,0,uniform,1.0,guarded,controlled,5,1,12,0.014599000534407658,0.019624264538288118,0.0350748469944126,0.002192177937150791,0.0625,True,False,0.0,True,7760,2990
0,2,0.3,0.0,uniform,0,uniform,1.0,guarded,controlled,5,1,13,0.014872286547078062,0.01956794336438179,0.03249052421719861,0.002030657763574903,0.0625,True,False,-5.6321173906328376e-05,True,8230,3220
0,2,0.3,0.0,uniform,0,uniform,1.0,guarded,controlled,5,1,14,0.014351834389938922,0.019759407639503478,0.03179805890369783,0.002030657763574903,0.05,False,True,0.00019146427512168815,True,8815,3450
0,2,0.3,0.0,uniform,0,uniform,1.0,guarded,controlled,5,1,15,0.014872286547078062,0.01956794336438179,0.03249052421719861,0.0016245262108598724,0.05,True,False,0.0,True,9285,3680
0,2,0.3,0.0,uniform,0,uniform,1.0,guarded,controlled,5,1,16,0.014338797228381495,0.019773779809474944,0.032305225948159655,0.0016245262108598724,0.05,False,True,0.0002058364450931542,True,9865,3910
0,2,0.3,0.0,uniform,0,uniform,1.0,guarded,controlled,5,1,17,0.014872286547078062,0.01956794336438179,0.03249052421719861,0.0016245262108598724,0.05,True,False,0.0,True,10335,4140
0,2,0.3,0.0,uniform,0,uniform,1.0,guarded,controlled,5,1,18,0.014338797228381495,0.019773779809474944,0.032305225948159655,0.0016245262108598724,0.05,False,True,0.0002058364450931542,True,10915,4370
0,2,0.3,0.0,uniform,0,uniform,1.0,guarded,controlled,5,1,19,0.014872286547078062,0.01956794336438179,0.03249052421719861,0.0016245262108598724,0.05,True,False,0.0,True,11385,4600
1,2,0.3,0.0,uniform,0,uniform,0.0,fixed,controlled,5,1,0,0.002834797962805169,0.024697991833090783,0.3521527995413754,0.0,0.0,False,False,,True,670,230
1,2,0.3,0.0,uniform,0,uniform,0.0,adaptive,controlled,5,1,0,0.002834797962805169,0.024697991833090783,0.3521527995413754,0.0,0.0,False,False,,True,670,230
1,2,0.3,0.0,uniform,0,uniform,0.0,guarded,controlled,5,1,0,0.002834797962805169,0.024697991833090783,0.3521527995413754,0.0,0.0,False,False,,True,670,230
1,2,0.3,0.0,uniform,0,uniform,0.5,fixed,controlled,5,1,0,0.002834797962805169,0.024697991833090783,0.3521527995413754,0.1760763997706877,0.5,True,False,,True,670,230
1,2,0.3,0.0,uniform,0,uniform,0.5,fixed,controlled,5,1,1,0.010519240531152718,0.023319471254944803,0.17139572001972805,0.08569786000986404,0.5,True,False,-0.0013785205781459801,True,1420,460
1,2,0.3,0.0,uniform,0,uniform,0.5,fixed,controlled,5,1,2,0.01050337480893404,0.023308214917778968,0.08566015192694204,0.04283007596347098,0.5,True,False,-1.1256337165834601e-05,True,2050,690
1,2,0.3,0.0,uniform,0,uniform,0.5,fixed,controlled,5,1,3,0.010555534799769006,0.023336860910058023,0.04292605448485416,0.021463027242427053,0.5,True,False,2.8645992279054816e-05,True,2900,920
1,2,0.3,0.0,uniform,0,uniform,0.5,fixed,controlled,5,1,4,0.013498151528511748,0.024561335518956184,0.025615805295136233,0.0128079026475681,0.5,True,False,0.0012244746088981608,True,3500,1150
1,2,0.3,0.0,uniform,0,uniform,0.5,fixed,controlled,5,1,5,0.0317544018470155,0.03202572911977768,0.04043843209515239,0.020219216047576222,0.5,True,False,0.007464393600821493,True,4155,1380
1,2,0.3,0.0,uniform,0,uniform,0.5,fixed,controlled,5,1,6,0.03145553242929999,0.031827782094478604,0.019430561722774235,0.009715280861387132,0.5,True,False,-0.00019794702529907227,True,4720,1610
1,2,0.3,0.0,uniform,0,uniform,0.5,fixed,controlled,5,1,7,0.030967262447111565,0.03148939460515976,0.00837465613422702,0.004187328067113482,0.5,True,False,-0.0003383874893188449,True,5195,1840
1,2,0.3,0.0,uniform,0,uniform,0.5,fixed,controlled,5,1,8,0.03294162610464113,0.03279959559440613,0.009431618312343114,0.004715809156171542,0.5,True,False,0.0013102009892463698,True,5980,2070
1,2,0.3,0.0,uniform,0,uniform,0.5,fixed,controlled,5,1,9,0.03666206131228478,0.038717570900917056,0.024812672699334598,0.012406336349667299,0.5,True,False,0.005917975306510927,True,6195,2300
1,2,0.3,0.0,uniform,0,uniform,0.5,fixed,controlled,5,1,10,0.03666033230070287,0.03883907496929169,0.012525497360170626,0.006262748680085313,0.5,True,False,0.00012150406837463379,True,6500,2530
1,2,0.3,0.0,uniform,0,uniform,0.5,fixed,controlled,5,1,11,0.03223250509305586,0.03233123421669006,0.015844632475709074,0.007922316237854537,0.5,True,False,-0.006507840752601628,True,7065,2760
1,2,0.3,0.0,uniform,0,uniform,0.5,fixed,controlled,5,1,12,0.0313402498397819,0.03174918815493584,0.01024684786336939,0.005123423931684723,0.5,True,False,-0.0005820460617542225,True,7750,2990
1,2,0.3,0.0,uniform,0,uniform,0.5,fixed,controlled,5,1,13,0.033460176292747335,0.033224014937877654,0.0010926184797009578,0.000546309239850452,0.5,True,False,0.001474826782941814,True,8850,3220
1,2,0.3,0.0,uniform,0,uniform,0.5,fixed,controlled,5,1,14,0.03437538114076233,0.03414340168237686,0.004262945179001696,0.002131472589500862,0.5,True,False,0.0009193867444992065,True,9920,3450
1,2,0.3,0.0,uniform,0,uniform,0.5,fixed,controlled,5,1,15,0.032969317026275924,0.03282255232334137,0.0033324910140294997,0.001666245507014722,0.5,True,False,-0.0013208493590354878,True,10385,3680
1,2,0.3,0.0,uniform,0,uniform,0.5,fixed,controlled,5,1,16,0.03346854741379879,0.033230710029602054,5.516756212848792e-05,2.7583781064257837e-05,0.5,True,False,0.00040815770626068115,True,11490,3910
1,2,0.3,0.0,uniform,0,uniform,0.5,adaptive,controlled,5,1,0,0.002834797962805169,0.024697991833090783,0.3521527995413754,0.1760763997706877,0.5,True,False,,True,670,230
1,2,0.3,0.0,uniform,0,uniform,0.5,adaptive,controlled,5,1,1,0.010519240531152718,0.023319471254944803,0.17139572001972805,0.08569786000986404,0.5,True,False,-0.0013785205781459801,True,1420,460
1,2,0.3,0.0,uniform,0,uniform,0.5,adaptive,controlled,5,1,2,0.01050337480893404,0.023308214917778968,0.08566015192694204,0.04283007596347098,0.5,True,False,-1.1256337165834601e-05,True,2050,690
1,2,0.3,0.0,uniform,0,uniform,0.5,adaptive,controlled,5,1,3,0.010555534799769006,0.023336860910058023,0.04292605448485416,0.021463027242427053,0.5,True,False,2.8645992279054816e-05,True,2900,920
1,2,0.3,0.0,uniform,0,uniform,0.5,adaptive,controlled,5,1,4,0.013498151528511748,0.024561335518956184,0.025615805295136233,0.0128079026475681,0.5,True,False,0.0012244746088981608,True,3500,1150
1,2,0.3,0.0,uniform,0,uniform,0.5,adaptive,controlled,5,1,5,0.0317544018470155,0.03202572911977768,0.04043843209515239,0.010109608023788096,0.25,True,False,0.007464393600821493,True,4155,1380
1,2,0.3,0.0,uniform,0,uniform,0.5,adaptive,controlled,5,1,6,0.0323729107257682,0.03241796493530273,0.03190130560122222,0.007975326400305516,0.25,True,False,0.00039223581552505493,True,4720,1610
1,2,0.3,0.0,uniform,0,uniform,0.5,adaptive,controlled,5,1,7,0.03161463637526918,0.03193366304039955,0.02198628249511158,0.005496570623777976,0.25,True,False,-0.0004843018949031788,True,5365,1840
1,2,0.3,0.0,uniform,0,uniform,0.5,adaptive,controlled,5,1,8,0.03197079939002467,0.032165469229221345,0.01741565698591288,0.004353914246478262,0.25,True,False,0.0002318061888217926,True,5965,2070
1,2,0.3,0.0,uniform,0,uniform,0.5,adaptive,controlled,5,1,9,0.03179502194974404,0.03205209970474243,0.012608325790650665,0.003152081447662665,0.25,True,False,-0.00011336952447891374,True,6625,2300
1,2,0.3,0.0,uniform,0,uniform,0.5,adaptive,controlled,5,1,10,0.03274285266327581,0.03264224976301193,0.01182844836515803,0.0029571120912895363,0.25,True,False,0.000590150058269498,True,7335,2530
1,2,0.3,0.0,uniform,0,uniform,0.5,adaptive,controlled,5,1,11,0.03256947845866698,0.03253811001777649,0.008450576655777526,0.0021126441639443445,0.25,True,False,-0.00010413974523543895,True,7950,2760
1,2,0.3,0.0,uniform,0,uniform,0.5,adaptive,controlled,5,1,12,0.032650407088336664,0.03258689492940903,0.006534924428367145,0.0016337311070918278,0.25,True,False,4.8784911632536454e-05,True,8635,2990
1,2,0.3,0.0,uniform,0,uniform,0.5,adaptive,controlled,5,1,13,0.0339265451725943,0.03380398452281952,0.009882493353282026,0.0012353116691602266,0.125,True,False,0.001217089593410492,True,9670,3220
1,2,0.3,0.0,uniform,0,uniform,0.5,adaptive,controlled,5,1,14,0.03251169223288741,0.03250292986631394,0.003326959551704624,0.000415869943963117,0.125,True,False,-0.001301054656505582,True,10305,3450
1,2,0.3,0.0,uniform,0,uniform,0.5,adaptive,controlled,5,1,15,0.03272555525531651,0.03263257741928101,0.003434660758645942,0.00021466629741538797,0.0625,True,False,0.00012964755296707153,True,11025,3680
1,2,0.3,0.0,uniform,0,uniform,0.5,adaptive,controlled,5,1,16,0.03275197465870683,0.03264803886413574,0.0032825302510116287,0.00020515814068828436,0.0625,True,False,1.5461444854730777e-05,True,11750,3910
1,2,0.3,0.0,uniform,0,uniform,0.5,adaptive,controlled,5,1,17,0.03666143579084569,0.038776633143424985,0.023846203309222592,0.0011923101654609473,0.05,True,False,0.006128594279289246,True,11975,4140
1,2,0.3,0.0,uniform,0,uniform,0.5,adaptive,controlled,5,1,18,0.031461392376319175,0.031831422448158266,0.0013900523700676737,6.950261850328411e-05,0.05,True,False,-0.0069452106952667195,True,12420,4370
1,2,0.3,0.0,uniform,0,uniform,0.5,adaptive,controlled,5,1,19,0.031459969829048084,0.03183033540844917,0.0013248719774920596,6.62435988746015e-05,0.05,True,False,-1.087039709093962e-06,True,13005,4600
1,2,0.3,0.0,uniform,0,uniform,0.5,guarded,controlled,5,1,0,0.002834797962805169,0.024697991833090783,0.3521527995413754,0.1760763997706877,0.5,True,False,,True,670,230
1,2,0.3,0.0,uniform,0,uniform,0.5,guarded,controlled,5,1,1,0.010519240531152718,0.023319471254944803,0.17139572001972805,0.08569786000986404,0.5,True,False,-0.0013785205781459801,True,1420,460
1,2,0.3,0.0,uniform,0,uniform,0.5,guarded,controlled,5,1,2,0.01050337480893404,0.023308214917778968,0.08566015192694204,0.04283007596347098,0.5,True,False,-1.1256337165834601e-05,True,2050,690
1,2,0.3,0.0,uniform,0,uniform,0.5,guarded,controlled,5,1,3,0.010555534799769006,0.023336860910058023,0.04292605448485416,0.021463027242427053,0.5,True,False,2.8645992279054816e-05,True,2900,920
1,2,0.3,0.0,uniform,0,uniform,0.5,guarded,controlled,5,1,4,0.013498151528511748,0.024561335518956184,0.025615805295136233,0.021463027242427053,0.25,False,True,0.0012244746088981608,True,3500,1150
1,2,0.3,0.0,uniform,0,uniform,0.5,guarded,controlled,5,1,5,0.010555534799769006,0.023336860910058023,0.04292605448485416,0.01073151362121351,0.25,True,False,0.0,True,4350,1380
1,2,0.3,0.0,uniform,0,uniform,0.5,guarded,controlled,5,1,6,0.01700103781362472,0.026011962816119193,0.041397367360521166,0.01073151362121351,0.125,False,True,0.0026751019060611697,True,4905,1610
1,2,0.3,0.0,uniform,0,uniform,0.5,guarded,controlled,5,1,7,0.010555534799769006,0.023336860910058023,0.04292605448485416,0.005365756810606755,0.125,True,False,0.0,True,5755,1840
1,2,0.3,0.0,uniform,0,uniform,0.5,guarded,controlled,5,1,8,0.010608438520488761,0.02339287884533405,0.03774813933251382,0.004718517416564233,0.125,True,False,5.601793527602872e-05,True,6765,2070
1,2,0.3,0.0,uniform,0,uniform,0.5,guarded,controlled,5,1,9,0.015779950821304567,0.0255101528018713,0.04028133592146586,0.004718517416564233,0.0625,False,True,0.002117273956537248,True,7790,2300
1,2,0.3,0.0,uniform,0,uniform,0.5,guarded,controlled,5,1,10,0.010608438520488761,0.02339287884533405,0.03774813933251382,0.0023592587082821165,0.0625,True,False,0.0,True,8800,2530
1,2,0.3,0.0,uniform,0,uniform,0.5,guarded,controlled,5,1,11,0.010580101805476971,0.02334783338010311,0.03523781632183054,0.0022023635201143393,0.0625,True,False,-4.504546523094108e-05,True,9945,2760
1,2,0.3,0.0,uniform,0,uniform,0.5,guarded,controlled,5,1,12,0.014759977884128084,0.02508559338748455,0.03895996092871234,0.0022023635201143393,0.05,False,True,0.0017377600073814406,True,10970,2990
1,2,0.3,0.0,uniform,0,uniform,0.5,guarded,controlled,5,1,13,0.010580101805476971,0.02334783338010311,0.03523781632183054,0.001761890816091509,0.05,True,False,0.0,True,12115,3220
1,2,0.3,0.0,uniform,0,uniform,0.5,guarded,controlled,5,1,14,0.032879839562363955,0.032747839391231534,0.06812753927021375,0.001761890816091509,0.05,False,True,0.009400006011128424,True,12655,3450
1,2,0.3,0.0,uniform,0,uniform,0.5,guarded,controlled,5,1,15,0.010580101805476971,0.02334783338010311,0.03523781632183054,0.001761890816091509,0.05,True,False,0.0,True,13800,3680
1,2,0.3,0.0,uniform,0,uniform,0.5,guarded,controlled,5,1,16,0.032879839562363955,0.032747839391231534,0.06812753927021375,0.001761890816091509,0.05,False,True,0.009400006011128424,True,14340,3910
1,2,0.3,0.0,uniform,0,uniform,0.5,guarded,controlled,5,1,17,0.010580101805476971,0.02334783338010311,0.03523781632183054,0.001761890816091509,0.05,True,False,0.0,True,15485,4140
1,2,0.3,0.0,uniform,0,uniform,0.5,guarded,controlled,5,1,18,0.032879839562363955,0.032747839391231534,0.06812753927021375,0.001761890816091509,0.05,False,True,0.009400006011128424,True,16025,4370
1,2,0.3,0.0,uniform,0,uniform,0.5,guarded,controlled,5,1,19,0.010580101805476971,0.02334783338010311,0.03523781632183054,0.001761890816091509,0.05,True,False,0.0,True,17170,4600
1,2,0.3,0.0,uniform,0,uniform,1.0,fixed,controlled,5,1,0,0.002834797962805169,0.024697991833090783,0.3521527995413754,0.3521527995413754,1.0,True,False,,True,670,230
1,2,0.3,0.0,uniform,0,uniform,1.0,fixed,controlled,5,1,1,0.015273307065001518,0.02530035190284252,0.0020851001035650275,0.0020851001035650275,1.0,True,False,0.0006023600697517388,True,1295,460
1,2,0.3,0.0,uniform,0,uniform,1.0,fixed,controlled,5,1,2,0.03256268086331637,0.03253389745950699,0.02711555484028616,0.02711555484028616,1.0,True,False,0.0072335455566644655,True,2185,690
1,2,0.3,0.0,uniform,0,uniform,1.0,fixed,controlled,5,1,3,0.03277341430971603,0.032660473883152005,0.0005114873055391753,0.0005114873055391753,1.0,True,False,0.00012657642364501814,True,2970,920
1,2,0.3,0.0,uniform,0,uniform,1.0,adaptive,controlled,5,1,0,0.002834797962805169,0.024697991833090783,0.3521527995413754,0.3521527995413754,1.0,True,False,,True,670,230
1,2,0.3,0.0,uniform,0,uniform,1.0,adaptive,controlled,5,1,1,0.015273307065001518,0.02530035190284252,0.0020851001035650275,0.0020851001035650275,1.0,True,False,0.0006023600697517388,True,1295,460
1,2,0.3,0.0,uniform,0,uniform,1.0,adaptive,controlled,5,1,2,0.03256268086331637,0.03253389745950699,0.02711555484028616,0.013557777420143118,0.5,True,False,0.0072335455566644655,True,2185,690
1,2,0.3,0.0,uniform,0,uniform,1.0,adaptive,controlled,5,1,3,0.03196353550630704,0.032160861790180205,0.01205830220656006,0.006029151103280044,0.5,True,False,-0.0003730356693267822,True,2805,920
1,2,0.3,0.0,uniform,0,uniform,1.0,adaptive,controlled,5,1,4,0.03387532018253836,0.03364052027463913,0.012047345275793145,0.006023672637896682,0.5,True,False,0.0014796584844589261,True,3415,1150
1,2,0.3,0.0,uniform,0,uniform,1.0,adaptive,controlled,5,1,5,0.0315103106333936,0.03186415284872055,0.0011787962057979093,0.0005893981028989408,0.5,True,False,-0.001776367425918579,True,4170,1380
1,2,0.3,0.0,uniform,0,uniform,1.0,adaptive,controlled,5,1,6,0.03154229380004381,0.03188562989234924,0.0005039232806806748,0.00025196164034037814,0.5,True,False,2.147704362868985e-05,True,4765,1610
1,2,0.3,0.0,uniform,0,uniform,1.0,guarded,controlled,5,1,0,0.002834797962805169,0.024697991833090783,0.3521527995413754,0.3521527995413754,1.0,True,False,,True,670,230
1,2,0.3,0.0,uniform,0,uniform,1.0,guarded,controlled,5,1,1,0.015273307065001518,0.02530035190284252,0.0020851001035650275,0.3521527995413754,0.5,False,True,0.0006023600697517388,True,1295,460
1,2,0.3,0.0,uniform,0,uniform,1.0,guarded,controlled,5,1,2,0.002834797962805169,0.024697991833090783,0.3521527995413754,0.1760763997706877,0.5,True,False,0.0,True,1965,690
1,2,0.3,0.0,uniform,0,uniform,1.0,guarded,controlled,5,1,3,0.010519240531152718,0.023319471254944803,0.17139572001972805,0.08569786000986404,0.5,True,False,-0.0013785205781459801,True,2715,920
1,2,0.3,0.0,uniform,0,uniform,1.0,guarded,controlled,5,1,4,0.01050337480893404,0.023308214917778968,0.08566015192694204,0.04283007596347098,0.5,True,False,-1.1256337165834601e-05,True,3345,1150
1,2,0.3,0.0,uniform,0,uniform,1.0,guarded,controlled,5,1,5,0.010555534799769006,0.023336860910058023,0.04292605448485416,0.021463027242427053,0.5,True,False,2.8645992279054816e-05,True,4195,1380
1,2,0.3,0.0,uniform,0,uniform,1.0,guarded,controlled,5,1,6,0.013498151528511748,0.024561335518956184,0.025615805295136233,0.021463027242427053,0.25,False,True,0.0012244746088981608,True,4795,1610
1,2,0.3,0.0,uniform,0,uniform,1.0,guarded,controlled,5,1,7,0.010555534799769006,0.023336860910058023,0.04292605448485416,0.01073151362121351,0.25,True,False,0.0,True,5645,1840
1,2,0.3,0.0,uniform,0,uniform,1.0,guarded,controlled,5,1,8,0.01700103781362472,0.026011962816119193,0.041397367360521166,0.01073151362121351,0.125,False,True,0.0026751019060611697,True,6200,2070
1,2,0.3,0.0,uniform,0,uniform,1.0,guarded,controlled,5,1,9,0.010555534799769006,0.023336860910058023,0.04292605448485416,0.005365756810606755,0.125,True,False,0.0,True,7050,2300
1,2,0.3,0.0,uniform,0,uniform,1.0,guarded,controlled,5,1,10,0.010608438520488761,0.02339287884533405,0.03774813933251382,0.004718517416564233,0.125,True,False,5.601793527602872e-05,True,8060,2530
1,2,0.3,0.0,uniform,0,uniform,1.0,guarded,controlled,5,1,11,0.015779950821304567,0.0255101528018713,0.04028133592146586,0.004718517416564233,0.0625,False,True,0.002117273956537248,True,9085,2760
1,2,0.3,0.0,uniform,0,uniform,1.0,guarded,controlled,5,1,12,0.010608438520488761,0.02339287884533405,0.03774813933251382,0.0023592587082821165,0.0625,True,False,0.0,True,10095,2990
1,2,0.3,0.0,uniform,0,uniform,1.0,guarded,controlled,5,1,13,0.010580101805476971,0.02334783338010311,0.03523781632183054,0.0022023635201143393,0.0625,True,False,-4.504546523094108e-05,True,11240,3220
1,2,0.3,0.0,uniform,0,uniform,1.0,guarded,controlled,5,1,14,0.014759977884128084,0.02508559338748455,0.03895996092871234,0.0022023635201143393,0.05,False,True,0.0017377600073814406,True,12265,3450
1,2,0.3,0.0,uniform,0,uniform,1.0,guarded,controlled,5,1,15,0.010580101805476971,0.02334783338010311,0.03523781632183054,0.001761890816091509,0.05,True,False,0.0,True,13410,3680
1,2,0.3,0.0,uniform,0,uniform,1.0,guarded,controlled,5,1,16,0.032879839562363955,0.032747839391231534,0.06812753927021375,0.001761890816091509,0.05,False,True,0.009400006011128424,True,13950,3910
1,2,0.3,0.0,uniform,0,uniform,1.0,guarded,controlled,5,1,17,0.010580101805476971,0.02334783338010311,0.03523781632183054,0.001761890816091509,0.05,True,False,0.0,True,15095,4140
1,2,0.3,0.0,uniform,0,uniform,1.0,guarded,controlled,5,1,18,0.032879839562363955,0.032747839391231534,0.06812753927021375,0.001761890816091509,0.05,False,True,0.009400006011128424,True,15635,4370
1,2,0.3,0.0,uniform,0,uniform,1.0,guarded,controlled,5,1,19,0.010580101805476971,0.02334783338010311,0.03523781632183054,0.001761890816091509,0.05,True,False,0.0,True,16780,4600
2,2,0.3,0.0,uniform,0,uniform,0.0,fixed,controlled,5,1,0,0.010777347815802418,0.013570530712604523,1.1216948761395762,0.0,0.0,False,False,,True,555,4945
2,2,0.3,0.0,uniform,0,uniform,0.0,adaptive,controlled,5,1,0,0.010777347815802418,0.013570530712604523,1.1216948761395762,0.0,0.0,False,False,,True,555,4945
2,2,0.3,0.0,uniform,0,uniform,0.0,guarded,controlled,5,1,0,0.010777347815802418,0.013570530712604523,1.1216948761395762,0.0,0.0,False,False,,True,555,4945
2,2,0.3,0.0,uniform,0,uniform,0.5,fixed,controlled,5,1,0,0.010777347815802418,0.013570530712604523,1.1216948761395762,0.5608474380697881,0.5,True,False,,True,555,4945
2,2,0.3,0.0,uniform,0,uniform,0.5,fixed,controlled,5,1,1,0.02052896034365803,0.014489977434277535,0.5707229805726302,0.2853614902863151,0.5,True,False,0.0009194467216730121,True,945,9890
2,2,0.3,0.0,uniform,0,uniform,0.5,fixed,controlled,5,1,2,0.019385972598686685,0.013930286094546319,0.2793250571562892,0.1396625285781447,0.5,True,False,-0.0005596913397312164,True,1115,14835
2,2,0.3,0.0,uniform,0,uniform,0.5,fixed,controlled,5,1,3,0.018900442499003578,0.013872285559773444,0.13904142746156062,0.06952071373078023,0.5,True,False,-5.800053477287431e-05,True,1285,19780
2,2,0.3,0.0,uniform,0,uniform,0.5,fixed,controlled,5,1,4,0.01939529671232254,0.013935846462845802,0.070201401912618,0.035100700956309044,0.5,True,False,6.356090307235718e-05,True,1710,24725
2,2,0.3,0.0,uniform,0,uniform,0.5,fixed,controlled,5,1,5,0.019549691243176515,0.014004135504364967,0.03583313638589356,0.017916568192946857,0.5,True,False,6.828904151916573e-05,True,2190,29670
2,2,0.3,0.0,uniform,0,uniform,0.5,fixed,controlled,5,1,6,0.02151063593503011,0.01500258557498455,0.029703996901379478,0.014851998450689567,0.5,True,False,0.0009984500706195828,True,2490,34615
2,2,0.3,0.0,uniform,0,uniform,0.5,fixed,controlled,5,1,7,0.02687331569125817,0.01432100534439087,0.0069509184337431815,0.0034754592168717378,0.5,True,False,-0.0006815802305936806,True,2895,39560
2,2,0.3,0.0,uniform,0,uniform,0.5,fixed,controlled,5,1,8,0.021927568768408623,0.01532471664249897,0.015392695980644477,0.007696347990322239,0.5,True,False,0.0010037112981080999,True,3090,44505
2,2,0.3,0.0,uniform,0,uniform,0.5,fixed,controlled,5,1,9,0.021910109516079856,0.015289728716015815,0.007271928423521522,0.003635964211760761,0.5,True,False,-3.49879264831543e-05,True,3320,49450
2,2,0.3,0.0,uniform,0,uniform,0.5,fixed,controlled,5,1,10,0.02151083194359593,0.015002891048789024,0.00038281249999996044,0.0001914062499999798,0.5,True,False,-0.00028683766722679103,True,3650,54395
2,2,0.3,0.0,uniform,0,uniform,0.5,adaptive,controlled,5,1,0,0.010777347815802418,0.013570530712604523,1.1216948761395762,0.5608474380697881,0.5,True,False,,True,555,4945
2,2,0.3,0.0,uniform,0,uniform,0.5,adaptive,controlled,5,1,1,0.02052896034365803,0.014489977434277535,0.5707229805726302,0.2853614902863151,0.5,True,False,0.0009194467216730121,True,945,9890
2,2,0.3,0.0,uniform,0,uniform,0.5,adaptive,controlled,5,1,2,0.019385972598686685,0.013930286094546319,0.2793250571562892,0.1396625285781447,0.5,True,False,-0.0005596913397312164,True,1115,14835
2,2,0.3,0.0,uniform,0,uniform,0.5,adaptive,controlled,5,1,3,0.018900442499003578,0.013872285559773444,0.13904142746156062,0.06952071373078023,0.5,True,False,-5.800053477287431e-05,True,1285,19780
2,2,0.3,0.0,uniform,0,uniform,0.5,adaptive,controlled,5,1,4,0.01939529671232254,0.013935846462845802,0.070201401912618,0.035100700956309044,0.5,True,False,6.356090307235718e-05,True,1710,24725
2,2,0.3,0.0,uniform,0,uniform,0.5,adaptive,controlled,5,1,5,0.019549691243176515,0.014004135504364967,0.03583313638589356,0.017916568192946857,0.5,True,False,6.828904151916573e-05,True,2190,29670
2,2,0.3,0.0,uniform,0,uniform,0.5,adaptive,controlled,5,1,6,0.02151063593503011,0.01500258557498455,0.029703996901379478,0.014851998450689567,0.5,True,False,0.0009984500706195828,True,2490,34615
2,2,0.3,0.0,uniform,0,uniform,0.5,adaptive,controlled,5,1,7,0.02687331569125817,0.01432100534439087,0.0069509184337431815,0.0034754592168717378,0.5,True,False,-0.0006815802305936806,True,2895,39560
2,2,0.3,0.0,uniform,0,uniform,0.5,adaptive,controlled,5,1,8,0.021927568768408623,0.01532471664249897,0.015392695980644477,0.0038481739951611886,0.25,True,False,0.0010037112981080999,True,3090,44505
2,2,0.3,0.0,uniform,0,uniform,0.5,adaptive,controlled,5,1,9,0.021992453123449218,0.015330858156085014,0.01161905725999716,0.0029047643149993155,0.25,True,False,6.1415135860446585e-06,True,3285,49450
2,2,0.3,0.0,uniform,0,uniform,0.5,adaptive,controlled,5,1,10,0.021960064737108098,0.015325045213103294,0.00864374503156403,0.0021609362578909937,0.25,True,False,-5.812942981719624e-06,True,3530,54395
2,2,0.3,0.0,uniform,0,uniform,0.5,adaptive,controlled,5,1,11,0.021576862878458503,0.015045903995633126,0.0031063267577780447,0.0007765816894445381,0.25,True,False,-0.0002791412174701687,True,3800,59340
2,2,0.3,0.0,uniform,0,uniform,0.5,adaptive,controlled,5,1,12,0.02160173785497288,0.015063067898154259,0.002536723701233464,0.0006341809253083653,0.25,True,False,1.7163902521133076e-05,True,4030,64285
2,2,0.3,0.0,uniform,0,uniform,0.5,adaptive,controlled,5,1,13,0.021510915953679044,0.01500273384153843,0.001175344054868706,0.00029383601371725174,0.25,True,False,-6.0334056615828774e-05,True,4420,69230
2,2,0.3,0.0,uniform,0,uniform,0.5,adaptive,controlled,5,1,14,0.021511134465653114,0.0150027547031641,0.000881759306661377,0.00022043982666523215,0.25,True,False,2.086162566999894e-08,True,4715,74175
2,2,0.3,0.0,uniform,0,uniform,0.5,guarded,controlled,5,1,0,0.010777347815802418,0.013570530712604523,1.1216948761395762,0.5608474380697881,0.5,True,False,,True,555,4945
2,2,0.3,0.0,uniform,0,uniform,0.5,guarded,controlled,5,1,1,0.02052896034365803,0.014489977434277535,0.5707229805726302,0.5608474380697881,0.25,False,True,0.0009194467216730121,True,945,9890
2,2,0.3,0.0,uniform,0,uniform,0.5,guarded,controlled,5,1,2,0.010777347815802418,0.013570530712604523,1.1216948761395762,0.280423719034894,0.25,True,False,0.0,True,1500,14835
2,2,0.3,0.0,uniform,0,uniform,0.5,guarded,controlled,5,1,3,0.02029751224460785,0.014375417307019234,0.8499047624835425,0.280423719034894,0.125,False,True,0.0008048865944147113,True,2040,19780
2,2,0.3,0.0,uniform,0,uniform,0.5,guarded,controlled,5,1,4,0.010777347815802418,0.013570530712604523,1.1216948761395762,0.140211859517447,0.125,True,False,0.0,True,2595,24725
2,2,0.3,0.0,uniform,0,uniform,0.5,guarded,controlled,5,1,5,0.012439655895166712,0.013015741109848022,0.9756243775946764,0.12195304719933456,0.125,True,False,-0.0005547896027565009,True,3585,29670
2,2,0.3,0.0,uniform,0,uniform,0.5,guarded,controlled,5,1,6,0.020773800191642433,0.01460428275167942,0.8706479816785242,0.12195304719933456,0.0625,False,True,0.0015885416418313977,True,4060,34615
2,2,0.3,0.0,uniform,0,uniform,0.5,guarded,controlled,5,1,7,0.012439655895166712,0.013015741109848022,0.9756243775946764,0.06097652359966724,0.0625,True,False,0.0,True,5050,39560
2,2,0.3,0.0,uniform,0,uniform,0.5,guarded,controlled,5,1,8,0.015343726453907802,0.011549098789691925,0.893662534845243,0.0558539084278277,0.0625,True,False,-0.0014666423201560967,True,5780,44505
2,2,0.3,0.0,uniform,0,uniform,0.5,guarded,controlled,5,1,9,0.019372933177127516,0.013921566680073738,0.8683982687175016,0.0558539084278277,0.05,False,True,0.002372467890381813,True,6210,49450
2,2,0.3,0.0,uniform,0,uniform,0.5,guarded,controlled,5,1,10,0.015343726453907802,0.011549098789691925,0.893662534845243,0.04468312674226216,0.05,True,False,0.0,True,6940,54395
2,2,0.3,0.0,uniform,0,uniform,0.5,guarded,controlled,5,1,11,0.014833121374292713,0.011366070806980133,0.8461848240038274,0.04230924120019136,0.05,True,False,-0.00018302798271179269,True,7935,59340
2,2,0.3,0.0,uniform,0,uniform,0.5,guarded,controlled,5,1,12,0.021038468233245844,0.014746465906500816,0.8461822452336479,0.04230924120019136,0.05,False,True,0.003380395099520683,True,8235,64285
2,2,0.3,0.0,uniform,0,uniform,0.5,guarded,controlled,5,1,13,0.014833121374292713,0.011366070806980133,0.8461848240038274,0.04230924120019136,0.05,True,False,0.0,True,9230,69230
2,2,0.3,0.0,uniform,0,uniform,0.5,guarded,controlled,5,1,14,0.021038468233245844,0.014746465906500816,0.8461822452336479,0.04230924120019136,0.05,False,True,0.003380395099520683,True,9530,74175
2,2,0.3,0.0,uniform,0,uniform,0.5,guarded,controlled,5,1,15,0.014833121374292713,0.011366070806980133,0.8461848240038274,0.04230924120019136,0.05,True,False,0.0,True,10525,79120
2,2,0.3,0.0,uniform,0,uniform,0.5,guarded,controlled,5,1,16,0.021038468233245844,0.014746465906500816,0.8461822452336479,0.04230924120019136,0.05,False,True,0.003380395099520683,True,10825,84065
2,2,0.3,0.0,uniform,0,uniform,0.5,guarded,controlled,5,1,17,0.014833121374292713,0.011366070806980133,0.8461848240038274,0.04230924120019136,0.05,True,False,0.0,True,11820,89010
2,2,0.3,0.0,uniform,0,uniform,0.5,guarded,controlled,5,1,18,0.021038468233245844,0.014746465906500816,0.8461822452336479,0.04230924120019136,0.05,False,True,0.003380395099520683,True,12120,93955
2,2,0.3,0.0,uniform,0,uniform,0.5,guarded,controlled,5,1,19,0.014833121374292713,0.011366070806980133,0.8461848240038274,0.04230924120019136,0.05,True,False,0.0,True,13115,98900
2,2,0.3,0.0,uniform,0,uniform,1.0,fixed,controlled,5,1,0,0.010777347815802418,0.013570530712604523,1.1216948761395762,1.1216948761395762,1.0,True,False,,True,555,4945
2,2,0.3,0.0,uniform,0,uniform,1.0,fixed,controlled,5,1,1,0.026631666555744005,0.014587001502513885,0.011983316309640136,0.011983316309640136,1.0,True,False,0.001016470789909362,True,730,9890
2,2,0.3,0.0,uniform,0,uniform,1.0,fixed,controlled,5,1,2,0.0220113393055148,0.015340600535273552,0.009068568144072222,0.009068568144072222,1.0,True,False,0.0007535990327596671,True,970,14835
2,2,0.3,0.0,uniform,0,uniform,1.0,fixed,controlled,5,1,3,0.02151048054769955,0.015002487227320671,0.004088478806907162,0.004088478806907162,1.0,True,False,-0.0003381133079528812,True,1295,19780
2,2,0.3,0.0,uniform,0,uniform,1.0,fixed,controlled,5,1,4,0.021510899810207373,0.015002791956067085,3.6702622278530356e-06,3.6702622278530356e-06,1.0,True,False,3.047287464134907e-07,True,1630,24725
2,2,0.3,0.0,uniform,0,uniform,1.0,adaptive,controlled,5,1,0,0.010777347815802418,0.013570530712604523,1.1216948761395762,1.1216948761395762,1.0,True,False,,True,555,4945
2,2,0.3,0.0,uniform,0,uniform,1.0,adaptive,controlled,5,1,1,0.026631666555744005,0.014587001502513885,0.011983316309640136,0.011983316309640136,1.0,True,False,0.001016470789909362,True,730,9890
2,2,0.3,0.0,uniform,0,uniform,1.0,adaptive,controlled,5,1,2,0.0220113393055148,0.015340600535273552,0.009068568144072222,0.009068568144072222,1.0,True,False,0.0007535990327596671,True,970,14835
2,2,0.3,0.0,uniform,0,uniform,1.0,adaptive,controlled,5,1,3,0.02151048054769955,0.015002487227320671,0.004088478806907162,0.004088478806907162,1.0,True,False,-0.0003381133079528812,True,1295,19780
2,2,0.3,0.0,uniform,0,uniform,1.0,adaptive,controlled,5,1,4,0.021510899810207373,0.015002791956067085,3.6702622278530356e-06,3.6702622278530356e-06,1.0,True,False,3.047287464134907e-07,True,1630,24725
2,2,0.3,0.0,uniform,0,uniform,1.0,guarded,controlled,5,1,0,0.010777347815802418,0.013570530712604523,1.1216948761395762,1.1216948761395762,1.0,True,False,,True,555,4945
2,2,0.3,0.0,uniform,0,uniform,1.0,guarded,controlled,5,1,1,0.026631666555744005,0.014587001502513885,0.011983316309640136,1.1216948761395762,0.5,False,True,0.001016470789909362,True,730,9890
2,2,0.3,0.0,uniform,0,uniform,1.0,guarded,controlled,5,1,2,0.010777347815802418,0.013570530712604523,1.1216948761395762,0.5608474380697881,0.5,True,False,0.0,True,1285,14835
2,2,0.3,0.0,uniform,0,uniform,1.0,guarded,controlled,5,1,3,0.02052896034365803,0.014489977434277535,0.5707229805726302,0.5608474380697881,0.25,False,True,0.0009194467216730121,True,1675,19780
2,2,0.3,0.0,uniform,0,uniform,1.0,guarded,controlled,5,1,4,0.010777347815802418,0.013570530712604523,1.1216948761395762,0.280423719034894,0.25,True,False,0.0,True,2230,24725
2,2,0.3,0.0,uniform,0,uniform,1.0,guarded,controlled,5,1,5,0.02029751224460785,0.014375417307019234,0.8499047624835425,0.280423719034894,0.125,False,True,0.0008048865944147113,True,2770,29670
2,2,0.3,0.0,uniform,0,uniform,1.0,guarded,controlled,5,1,6,0.010777347815802418,0.013570530712604523,1.1216948761395762,0.140211859517447,0.125,True,False,0.0,True,3325,34615
2,2,0.3,0.0,uniform,0,uniform,1.0,guarded,controlled,5,1,7,0.012439655895166712,0.013015741109848022,0.9756243775946764,0.12195304719933456,0.125,True,False,-0.0005547896027565009,True,4315,39560
2,2,0.3,0.0,uniform,0,uniform,1.0,guarded,controlled,5,1,8,0.020773800191642433,0.01460428275167942,0.8706479816785242,0.12195304719933456,0.0625,False,True,0.0015885416418313977,True,4790,44505
2,2,0.3,0.0,uniform,0,uniform,1.0,guarded,controlled,5,1,9,0.012439655895166712,0.013015741109848022,0.9756243775946764,0.06097652359966724,0.0625,True,False,0.0,True,5780,49450
2,2,0.3,0.0,uniform,0,uniform,1.0,guarded,controlled,5,1,10,0.015343726453907802,0.011549098789691925,0.893662534845243,0.0558539084278277,0.0625,True,False,-0.0014666423201560967,True,6510,54395
2,2,0.3,0.0,uniform,0,uniform,1.0,guarded,controlled,5,1,11,0.019372933177127516,0.013921566680073738,0.8683982687175016,0.0558539084278277,0.05,False,True,0.002372467890381813,True,6940,59340
2,2,0.3,0.0,uniform,0,uniform,1.0,guarded,controlled,5,1,12,0.015343726453907802,0.011549098789691925,0.893662534845243,0.04468312674226216,0.05,True,False,0.0,True,7670,64285
2,2,0.3,0.0,uniform,0,uniform,1.0,guarded,controlled,5,1,13,0.014833121374292713,0.011366070806980133,0.8461848240038274,0.04230924120019136,0.05,True,False,-0.00018302798271179269,True,8665,69230
2,2,0.3,0.0,uniform,0,uniform,1.0,guarded,controlled,5,1,14,0.021038468233245844,0.014746465906500816,0.8461822452336479,0.04230924120019136,0.05,False,True,0.003380395099520683,True,8965,74175
2,2,0.3,0.0,uniform,0,uniform,1.0,guarded,controlled,5,1,15,0.014833121374292713,0.011366070806980133,0.8461848240038274,0.04230924120019136,0.05,True,False,0.0,True,9960,79120
2,2,0.3,0.0,uniform,0,uniform,1.0,guarded,controlled,5,1,16,0.021038468233245844,0.014746465906500816,0.8461822452336479,0.04230924120019136,0.05,False,True,0.003380395099520683,True,10260,84065
2,2,0.3,0.0,uniform,0,uniform,1.0,guarded,controlled,5,1,17,0.014833121374292713,0.011366070806980133,0.8461848240038274,0.04230924120019136,0.05,True,False,0.0,True,11255,89010
2,2,0.3,0.0,uniform,0,uniform,1.0,guarded,controlled,5,1,18,0.021038468233245844,0.014746465906500816,0.8461822452336479,0.04230924120019136,0.05,False,True,0.003380395099520683,True,11555,93955
2,2,0.3,0.0,uniform,0,uniform,1.0,guarded,controlled,5,1,19,0.014833121374292713,0.011366070806980133,0.8461848240038274,0.04230924120019136,0.05,True,False,0.0,True,12550,98900
3,2,0.3,0.0,uniform,0,uniform,0.0,fixed,controlled,5,1,0,0.01416333102998335,0.010383859276771545,0.38001329727164135,0.0,0.0,False,False,,True,365,5705
3,2,0.3,0.0,uniform,0,uniform,0.0,adaptive,controlled,5,1,0,0.01416333102998335,0.010383859276771545,0.38001329727164135,0.0,0.0,False,False,,True,365,5705
3,2,0.3,0.0,uniform,0,uniform,0.0,guarded,controlled,5,1,0,0.01416333102998335,0.010383859276771545,0.38001329727164135,0.0,0.0,False,False,,True,365,5705
3,2,0.3,0.0,uniform,0,uniform,0.5,fixed,controlled,5,1,0,0.01416333102998335,0.010383859276771545,0.38001329727164135,0.19000664863582073,0.5,True,False,,True,365,5705
3,2,0.3,0.0,uniform,0,uniform,0.5,fixed,controlled,5,1,1,0.011029707892731722,0.008893801271915436,0.18788158682687492,0.09394079341343747,0.5,True,False,-0.0014900580048561093,True,780,11410
3,2,0.3,0.0,uniform,0,uniform,0.5,fixed,controlled,5,1,2,0.012894075008266892,0.009699154645204544,0.09508639620522957,0.047543198102614814,0.5,True,False,0.0008053533732891079,True,1310,17115
3,2,0.3,0.0,uniform,0,uniform,0.5,fixed,controlled,5,1,3,0.012934578431808008,0.009723322093486786,0.04757768328299845,0.023788841641499237,0.5,True,False,2.4167448282241474e-05,True,1675,22820
3,2,0.3,0.0,uniform,0,uniform,0.5,fixed,controlled,5,1,4,0.012968567160811295,0.00974430814385414,0.02381879229059007,0.011909396145295077,0.5,True,False,2.0986050367355e-05,True,2125,28525
3,2,0.3,0.0,uniform,0,uniform,0.5,fixed,controlled,5,1,5,0.012975995571727461,0.009764949977397918,0.011938860156091058,0.0059694300780455435,0.5,True,False,2.0641833543777466e-05,True,2435,34230
3,2,0.3,0.0,uniform,0,uniform,0.5,fixed,controlled,5,1,6,0.013686600601011012,0.010136331617832183,0.006500321235532781,0.0032501606177663903,0.5,True,False,0.00037138164043426514,True,2835,39935
3,2,0.3,0.0,uniform,0,uniform,0.5,fixed,controlled,5,1,7,0.013684878952167523,0.010146917402744293,0.0032653148234431315,0.001632657411721538,0.5,True,False,1.0585784912109722e-05,True,3320,45640
3,2,0.3,0.0,uniform,0,uniform,0.5,fixed,controlled,5,1,8,0.01368433409107328,0.010138370096683502,0.0016204213205226001,0.0008102106602613148,0.5,True,False,-8.547306060790669e-06,True,3780,51345
3,2,0.3,0.0,uniform,0,uniform,0.5,fixed,controlled,5,1,9,0.013679338957364173,0.010140638053417205,0.0008134573286478989,0.00040672866432405787,0.5,True,False,2.2679567337029194e-06,True,4170,57050
3,2,0.3,0.0,uniform,0,uniform,0.5,adaptive,controlled,5,1,0,0.01416333102998335,0.010383859276771545,0.38001329727164135,0.19000664863582073,0.5,True,False,,True,365,5705
3,2,0.3,0.0,uniform,0,uniform,0.5,adaptive,controlled,5,1,1,0.011029707892731722,0.008893801271915436,0.18788158682687492,0.09394079341343747,0.5,True,False,-0.0014900580048561093,True,780,11410
3,2,0.3,0.0,uniform,0,uniform,0.5,adaptive,controlled,5,1,2,0.012894075008266892,0.009699154645204544,0.09508639620522957,0.047543198102614814,0.5,True,False,0.0008053533732891079,True,1310,17115
3,2,0.3,0.0,uniform,0,uniform,0.5,adaptive,controlled,5,1,3,0.012934578431808008,0.009723322093486786,0.04757768328299845,0.023788841641499237,0.5,True,False,2.4167448282241474e-05,True,1675,22820
3,2,0.3,0.0,uniform,0,uniform,0.5,adaptive,controlled,5,1,4,0.012968567160811295,0.00974430814385414,0.02381879229059007,0.011909396145295077,0.5,True,False,2.0986050367355e-05,True,2125,28525
3,2,0.3,0.0,uniform,0,uniform,0.5,adaptive,controlled,5,1,5,0.012975995571727461,0.009764949977397918,0.011938860156091058,0.0059694300780455435,0.5,True,False,2.0641833543777466e-05,True,2435,34230
3,2,0.3,0.0,uniform,0,uniform,0.5,adaptive,controlled,5,1,6,0.013686600601011012,0.010136331617832183,0.006500321235532781,0.0032501606177663903,0.5,True,False,0.00037138164043426514,True,2835,39935
3,2,0.3,0.0,uniform,0,uniform,0.5,adaptive,controlled,5,1,7,0.013684878952167523,0.010146917402744293,0.0032653148234431315,0.001632657411721538,0.5,True,False,1.0585784912109722e-05,True,3320,45640
3,2,0.3,0.0,uniform,0,uniform,0.5,adaptive,controlled,5,1,8,0.01368433409107328,0.010138370096683502,0.0016204213205226001,0.0008102106602613148,0.5,True,False,-8.547306060790669e-06,True,3780,51345
3,2,0.3,0.0,uniform,0,uniform,0.5,adaptive,controlled,5,1,9,0.013679338957364173,0.010140638053417205,0.0008134573286478989,0.00040672866432405787,0.5,True,False,2.2679567337029194e-06,True,4170,57050
3,2,0.3,0.0,uniform,0,uniform,0.5,guarded,controlled,5,1,0,0.01416333102998335,0.010383859276771545,0.38001329727164135,0.19000664863582073,0.5,True,False,,True,365,5705
3,2,0.3,0.0,uniform,0,uniform,0.5,guarded,controlled,5,1,1,0.011029707892731722,0.008893801271915436,0.18788158682687492,0.09394079341343747,0.5,True,False,-0.0014900580048561093,True,780,11410
3,2,0.3,0.0,uniform,0,uniform,0.5,guarded,controlled,5,1,2,0.012894075008266892,0.009699154645204544,0.09508639620522957,0.09394079341343747,0.25,False,True,0.0008053533732891079,True,1310,17115
3,2,0.3,0.0,uniform,0,uniform,0.5,guarded,controlled,5,1,3,0.011029707892731722,0.008893801271915436,0.18788158682687492,0.04697039670671867,0.25,True,False,0.0,True,1725,22820
3,2,0.3,0.0,uniform,0,uniform,0.5,guarded,controlled,5,1,4,0.012888849328051899,0.009926474839448928,0.14238141046294547,0.04697039670671867,0.125,False,True,0.001032673567533492,True,1985,28525
3,2,0.3,0.0,uniform,0,uniform,0.5,guarded,controlled,5,1,5,0.011029707892731722,0.008893801271915436,0.18788158682687492,0.02348519835335934,0.125,True,False,0.0,True,2400,34230
3,2,0.3,0.0,uniform,0,uniform,0.5,guarded,controlled,5,1,6,0.011143693612735817,0.008920577168464661,0.164434365471746,0.020554295683968285,0.125,True,False,2.67758965492252e-05,True,3030,39935
3,2,0.3,0.0,uniform,0,uniform,0.5,guarded,controlled,5,1,7,0.013079785290819324,0.009885870665311814,0.14525428881848199,0.020554295683968285,0.0625,False,True,0.0009652934968471527,True,3255,45640
3,2,0.3,0.0,uniform,0,uniform,0.5,guarded,controlled,5,1,8,0.011143693612735817,0.008920577168464661,0.164434365471746,0.010277147841984108,0.0625,True,False,0.0,True,3885,51345
3,2,0.3,0.0,uniform,0,uniform,0.5,guarded,controlled,5,1,9,0.0131644103198032,0.009869596362113953,0.15550818528338975,0.010277147841984108,0.05,False,True,0.0009490191936492916,True,4240,57050
3,2,0.3,0.0,uniform,0,uniform,0.5,guarded,controlled,5,1,10,0.011143693612735817,0.008920577168464661,0.164434365471746,0.008221718273587295,0.05,True,False,0.0,True,4870,62755
3,2,0.3,0.0,uniform,0,uniform,0.5,guarded,controlled,5,1,11,0.013142683837069402,0.00987810492515564,0.15757577082664506,0.008221718273587295,0.05,False,True,0.0009575277566909787,True,5255,68460
3,2,0.3,0.0,uniform,0,uniform,0.5,guarded,controlled,5,1,12,0.011143693612735817,0.008920577168464661,0.164434365471746,0.008221718273587295,0.05,True,False,0.0,True,5885,74165
3,2,0.3,0.0,uniform,0,uniform,0.5,guarded,controlled,5,1,13,0.013142683837069402,0.00987810492515564,0.15757577082664506,0.008221718273587295,0.05,False,True,0.0009575277566909787,True,6270,79870
3,2,0.3,0.0,uniform,0,uniform,0.5,guarded,controlled,5,1,14,0.011143693612735817,0.008920577168464661,0.164434365471746,0.008221718273587295,0.05,True,False,0.0,True,6900,85575
3,2,0.3,0.0,uniform,0,uniform,0.5,guarded,controlled,5,1,15,0.013142683837069402,0.00987810492515564,0.15757577082664506,0.008221718273587295,0.05,False,True,0.0009575277566909787,True,7285,91280
3,2,0.3,0.0,uniform,0,uniform,0.5,guarded,controlled,5,1,16,0.011143693612735817,0.008920577168464661,0.164434365471746,0.008221718273587295,0.05,True,False,0.0,True,7915,96985
3,2,0.3,0.0,uniform,0,uniform,0.5,guarded,controlled,5,1,17,0.013142683837069402,0.00987810492515564,0.15757577082664506,0.008221718273587295,0.05,False,True,0.0009575277566909787,True,8300,102690
3,2,0.3,0.0,uniform,0,uniform,0.5,guarded,controlled,5,1,18,0.011143693612735817,0.008920577168464661,0.164434365471746,0.008221718273587295,0.05,True,False,0.0,True,8930,108395
3,2,0.3,0.0,uniform,0,uniform,0.5,guarded,controlled,5,1,19,0.013142683837069402,0.00987810492515564,0.15757577082664506,0.008221718273587295,0.05,False,True,0.0009575277566909787,True,9315,114100
3,2,0.3,0.0,uniform,0,uniform,1.0,fixed,controlled,5,1,0,0.01416333102998335,0.010383859276771545,0.38001329727164135,0.3800132972716414,1.0,True,False,,True,365,5705
3,2,0.3,0.0,uniform,0,uniform,1.0,fixed,controlled,5,1,1,0.01366016392949776,0.010147421061992646,0.0003387927642120557,0.0003387927642120557,1.0,True,False,-0.0002364382147788998,True,755,11410
3,2,0.3,0.0,uniform,0,uniform,1.0,adaptive,controlled,5,1,0,0.01416333102998335,0.010383859276771545,0.38001329727164135,0.3800132972716414,1.0,True,False,,True,365,5705
3,2,0.3,0.0,uniform,0,uniform,1.0,adaptive,controlled,5,1,1,0.01366016392949776,0.010147421061992646,0.0003387927642120557,0.0003387927642120557,1.0,True,False,-0.0002364382147788998,True,755,11410
3,2,0.3,0.0,uniform,0,uniform,1.0,guarded,controlled,5,1,0,0.01416333102998335,0.010383859276771545,0.38001329727164135,0.3800132972716414,1.0,True,False,,True,365,5705
3,2,0.3,0.0,uniform,0,uniform,1.0,guarded,controlled,5,1,1,0.01366016392949776,0.010147421061992646,0.0003387927642120557,0.0003387927642120557,1.0,True,False,-0.0002364382147788998,True,755,11410
4,2,0.3,0.0,uniform,0,uniform,0.0,fixed,controlled,5,1,0,0.018729298983405585,0.014790111966431142,1.0601935130603937,0.0,0.0,False,False,,True,485,3655
4,2,0.3,0.0,uniform,0,uniform,0.0,adaptive,controlled,5,1,0,0.018729298983405585,0.014790111966431142,1.0601935130603937,0.0,0.0,False,False,,True,485,3655
4,2,0.3,0.0,uniform,0,uniform,0.0,guarded,controlled,5,1,0,0.018729298983405585,0.014790111966431142,1.0601935130603937,0.0,0.0,False,False,,True,485,3655
4,2,0.3,0.0,uniform,0,uniform,0.5,fixed,controlled,5,1,0,0.018729298983405585,0.014790111966431142,1.0601935130603937,0.5300967565301968,0.5,True,False,,True,485,3655
4,2,0.3,0.0,uniform,0,uniform,0.5,fixed,controlled,5,1,1,0.02469273922228593,0.031043254025280475,0.7122599623665629,0.35612998118328143,0.5,True,False,0.016253142058849333,True,885,7310
4,2,0.3,0.0,uniform,0,uniform,0.5,fixed,controlled,5,1,2,0.03097846785473024,0.03711787536740303,0.386636897567985,0.1933184487839925,0.5,True,False,0.006074621342122558,True,1235,10965
4,2,0.3,0.0,uniform,0,uniform,0.5,fixed,controlled,5,1,3,0.03100629575231334,0.037144795060157776,0.19344157607192458,0.09672078803596224,0.5,True,False,2.6919692754742708e-05,True,1585,14620
4,2,0.3,0.0,uniform,0,uniform,0.5,fixed,controlled,5,1,4,0.031007344472112675,0.037145628780126574,0.09672460207302148,0.0483623010365108,0.5,True,False,8.337199687985519e-07,True,1950,18275
4,2,0.3,0.0,uniform,0,uniform,0.5,fixed,controlled,5,1,5,0.031007344472112675,0.037145628780126574,0.04836230103651069,0.02418115051825529,0.5,True,False,0.0,True,2330,21930
4,2,0.3,0.0,uniform,0,uniform,0.5,fixed,controlled,5,1,6,0.031007330047219728,0.03714560866355896,0.02418105849005148,0.01209052924502574,0.5,True,False,-2.0116567613082115e-08,True,2750,25585
4,2,0.3,0.0,uniform,0,uniform,0.5,fixed,controlled,5,1,7,0.031007330047219728,0.03714560866355896,0.01209052924502574,0.006045264622512856,0.5,True,False,0.0,True,3170,29240
4,2,0.3,0.0,uniform,0,uniform,0.5,fixed,controlled,5,1,8,0.031007330047219728,0.03714560866355896,0.006045264622512884,0.003022632311256512,0.5,True,False,0.0,True,3590,32895
4,2,0.3,0.0,uniform,0,uniform,0.5,fixed,controlled,5,1,9,0.031007330047219728,0.03714560866355896,0.003022632311256372,0.0015113161556282,0.5,True,False,0.0,True,4010,36550
4,2,0.3,0.0,uniform,0,uniform,0.5,fixed,controlled,5,1,10,0.031007354206610382,0.03714566826820374,0.0015115888318597663,0.0007557944159299222,0.5,True,False,5.960464477539063e-08,True,4400,40205
4,2,0.3,0.0,uniform,0,uniform,0.5,fixed,controlled,5,1,11,0.031007341227279994,0.03714562952518463,0.0007556171763547165,0.0003778085881773587,0.5,True,False,-3.8743019105391685e-08,True,4825,43860
4,2,0.3,0.0,uniform,0,uniform,0.5,adaptive,controlled,5,1,0,0.018729298983405585,0.014790111966431142,1.0601935130603937,0.5300967565301968,0.5,True,False,,True,485,3655
4,2,0.3,0.0,uniform,0,uniform,0.5,adaptive,controlled,5,1,1,0.02469273922228593,0.031043254025280475,0.7122599623665629,0.35612998118328143,0.5,True,False,0.016253142058849333,True,885,7310
4,2,0.3,0.0,uniform,0,uniform,0.5,adaptive,controlled,5,1,2,0.03097846785473024,0.03711787536740303,0.386636897567985,0.1933184487839925,0.5,True,False,0.006074621342122558,True,1235,10965
4,2,0.3,0.0,uniform,0,uniform,0.5,adaptive,controlled,5,1,3,0.03100629575231334,0.037144795060157776,0.19344157607192458,0.09672078803596224,0.5,True,False,2.6919692754742708e-05,True,1585,14620
4,2,0.3,0.0,uniform,0,uniform,0.5,adaptive,controlled,5,1,4,0.031007344472112675,0.037145628780126574,0.09672460207302148,0.0483623010365108,0.5,True,False,8.337199687985519e-07,True,1950,18275
4,2,0.3,0.0,uniform,0,uniform,0.5,adaptive,controlled,5,1,5,0.031007344472112675,0.037145628780126574,0.04836230103651069,0.02418115051825529,0.5,True,False,0.0,True,2330,21930
4,2,0.3,0.0,uniform,0,uniform,0.5,adaptive,controlled,5,1,6,0.031007330047219728,0.03714560866355896,0.02418105849005148,0.01209052924502574,0.5,True,False,-2.0116567613082115e-08,True,2750,25585
4,2,0.3,0.0,uniform,0,uniform,0.5,adaptive,controlled,5,1,7,0.031007330047219728,0.03714560866355896,0.01209052924502574,0.006045264622512856,0.5,True,False,0.0,True,3170,29240
4,2,0.3,0.0,uniform,0,uniform,0.5,adaptive,controlled,5,1,8,0.031007330047219728,0.03714560866355896,0.006045264622512884,0.003022632311256512,0.5,True,False,0.0,True,3590,32895
4,2,0.3,0.0,uniform,0,uniform,0.5,adaptive,controlled,5,1,9,0.031007330047219728,0.03714560866355896,0.003022632311256372,0.0015113161556282,0.5,True,False,0.0,True,4010,36550
4,2,0.3,0.0,uniform,0,uniform,0.5,adaptive,controlled,5,1,10,0.031007354206610382,0.03714566826820374,0.0015115888318597663,0.0007557944159299222,0.5,True,False,5.960464477539063e-08,True,4400,40205
4,2,0.3,0.0,uniform,0,uniform,0.5,adaptive,controlled,5,1,11,0.031007341227279994,0.03714562952518463,0.0007556171763547165,0.0003778085881773587,0.5,True,False,-3.8743019105391685e-08,True,4825,43860
4,2,0.3,0.0,uniform,0,uniform,0.5,guarded,controlled,5,1,0,0.018729298983405585,0.014790111966431142,1.0601935130603937,0.5300967565301968,0.5,True,False,,True,485,3655
4,2,0.3,0.0,uniform,0,uniform,0.5,guarded,controlled,5,1,1,0.02469273922228593,0.031043254025280475,0.7122599623665629,0.5300967565301968,0.25,False,True,0.016253142058849333,True,885,7310
4,2,0.3,0.0,uniform,0,uniform,0.5,guarded,controlled,5,1,2,0.018729298983405585,0.014790111966431142,1.0601935130603937,0.26504837826509836,0.25,True,False,0.0,True,1370,10965
4,2,0.3,0.0,uniform,0,uniform,0.5,guarded,controlled,5,1,3,0.007624213385749812,0.01805731188505888,0.8354990029101727,0.26504837826509836,0.125,False,True,0.0032671999186277383,True,1820,14620
4,2,0.3,0.0,uniform,0,uniform,0.5,guarded,controlled,5,1,4,0.018729298983405585,0.014790111966431142,1.0601935130603937,0.13252418913254915,0.125,True,False,0.0,True,2305,18275
4,2,0.3,0.0,uniform,0,uniform,0.5,guarded,controlled,5,1,5,0.018393031841078766,0.01476824600249529,0.9273590954850724,0.11591988693563407,0.125,True,False,-2.1865963935852398e-05,True,2680,21930
4,2,0.3,0.0,uniform,0,uniform,0.5,guarded,controlled,5,1,6,0.013051216591621895,0.015393640287220478,0.8203844026312563,0.11591988693563407,0.0625,False,True,0.0006253942847251892,True,3250,25585
4,2,0.3,0.0,uniform,0,uniform,0.5,guarded,controlled,5,1,7,0.018393031841078766,0.01476824600249529,0.9273590954850724,0.05795994346781702,0.0625,True,False,0.0,True,3625,29240
4,2,0.3,0.0,uniform,0,uniform,0.5,guarded,controlled,5,1,8,0.015831230489146364,0.014485360868275166,0.8654019597553702,0.05408762248471066,0.0625,True,False,-0.00028288513422012294,True,4170,32895
4,2,0.3,0.0,uniform,0,uniform,0.5,guarded,controlled,5,1,9,0.012772117528538018,0.015481469221413136,0.8255250718399422,0.05408762248471066,0.05,False,True,0.0009961083531379693,True,4620,36550
4,2,0.3,0.0,uniform,0,uniform,0.5,guarded,controlled,5,1,10,0.015831230489146364,0.014485360868275166,0.8654019597553702,0.043270097987768485,0.05,True,False,0.0,True,5165,40205
4,2,0.3,0.0,uniform,0,uniform,0.5,guarded,controlled,5,1,11,0.012315017099687964,0.015640089102089406,0.8386408889636228,0.043270097987768485,0.05,False,True,0.0011547282338142395,True,5685,43860
4,2,0.3,0.0,uniform,0,uniform,0.5,guarded,controlled,5,1,12,0.015831230489146364,0.014485360868275166,0.8654019597553702,0.043270097987768485,0.05,True,False,0.0,True,6230,47515
4,2,0.3,0.0,uniform,0,uniform,0.5,guarded,controlled,5,1,13,0.012315017099687964,0.015640089102089406,0.8386408889636228,0.043270097987768485,0.05,False,True,0.0011547282338142395,True,6750,51170
4,2,0.3,0.0,uniform,0,uniform,0.5,guarded,controlled,5,1,14,0.015831230489146364,0.014485360868275166,0.8654019597553702,0.043270097987768485,0.05,True,False,0.0,True,7295,54825
4,2,0.3,0.0,uniform,0,uniform,0.5,guarded,controlled,5,1,15,0.012315017099687964,0.015640089102089406,0.8386408889636228,0.043270097987768485,0.05,False,True,0.0011547282338142395,True,7815,58480
4,2,0.3,0.0,uniform,0,uniform,0.5,guarded,controlled,5,1,16,0.015831230489146364,0.014485360868275166,0.8654019597553702,0.043270097987768485,0.05,True,False,0.0,True,8360,62135
4,2,0.3,0.0,uniform,0,uniform,0.5,guarded,controlled,5,1,17,0.012315017099687964,0.015640089102089406,0.8386408889636228,0.043270097987768485,0.05,False,True,0.0011547282338142395,True,8880,65790
4,2,0.3,0.0,uniform,0,uniform,0.5,guarded,controlled,5,1,18,0.015831230489146364,0.014485360868275166,0.8654019597553702,0.043270097987768485,0.05,True,False,0.0,True,9425,69445
4,2,0.3,0.0,uniform,0,uniform,0.5,guarded,controlled,5,1,19,0.012315017099687964,0.015640089102089406,0.8386408889636228,0.043270097987768485,0.05,False,True,0.0011547282338142395,True,9945,73100
4,2,0.3,0.0,uniform,0,uniform,1.0,fixed,controlled,5,1,0,0.018729298983405585,0.014790111966431142,1.0601935130603937,1.0601935130603937,1.0,True,False,,True,485,3655
4,2,0.3,0.0,uniform,0,uniform,1.0,fixed,controlled,5,1,1,0.0310073372596662,0.03714561760425568,0.21279701241927793,0.21279701241927793,1.0,True,False,0.022355505637824537,True,885,7310
4,2,0.3,0.0,uniform,0,uniform,1.0,fixed,controlled,5,1,2,0.031007341227279994,0.03714562952518463,5.4535235438635254e-08,5.4535235438635254e-08,1.0,True,False,1.1920928952302567e-08,True,1300,10965
4,2,0.3,0.0,uniform,0,uniform,1.0,adaptive,controlled,5,1,0,0.018729298983405585,0.014790111966431142,1.0601935130603937,1.0601935130603937,1.0,True,False,,True,485,3655
4,2,0.3,0.0,uniform,0,uniform,1.0,adaptive,controlled,5,1,1,0.0310073372596662,0.03714561760425568,0.21279701241927793,0.21279701241927793,1.0,True,False,0.022355505637824537,True,885,7310
4,2,0.3,0.0,uniform,0,uniform,1.0,adaptive,controlled,5,1,2,0.031007341227279994,0.03714562952518463,5.4535235438635254e-08,5.4535235438635254e-08,1.0,True,False,1.1920928952302567e-08,True,1300,10965
4,2,0.3,0.0,uniform,0,uniform,1.0,guarded,controlled,5,1,0,0.018729298983405585,0.014790111966431142,1.0601935130603937,1.0601935130603937,1.0,True,False,,True,485,3655
4,2,0.3,0.0,uniform,0,uniform,1.0,guarded,controlled,5,1,1,0.0310073372596662,0.03714561760425568,0.21279701241927793,1.0601935130603937,0.5,False,True,0.022355505637824537,True,885,7310
4,2,0.3,0.0,uniform,0,uniform,1.0,guarded,controlled,5,1,2,0.018729298983405585,0.014790111966431142,1.0601935130603937,0.5300967565301968,0.5,True,False,0.0,True,1370,10965
4,2,0.3,0.0,uniform,0,uniform,1.0,guarded,controlled,5,1,3,0.02469273922228593,0.031043254025280475,0.7122599623665629,0.5300967565301968,0.25,False,True,0.016253142058849333,True,1770,14620
4,2,0.3,0.0,uniform,0,uniform,1.0,guarded,controlled,5,1,4,0.018729298983405585,0.014790111966431142,1.0601935130603937,0.26504837826509836,0.25,True,False,0.0,True,2255,18275
4,2,0.3,0.0,uniform,0,uniform,1.0,guarded,controlled,5,1,5,0.007624213385749812,0.01805731188505888,0.8354990029101727,0.26504837826509836,0.125,False,True,0.0032671999186277383,True,2705,21930
4,2,0.3,0.0,uniform,0,uniform,1.0,guarded,controlled,5,1,6,0.018729298983405585,0.014790111966431142,1.0601935130603937,0.13252418913254915,0.125,True,False,0.0,True,3190,25585
4,2,0.3,0.0,uniform,0,uniform,1.0,guarded,controlled,5,1,7,0.018393031841078766,0.01476824600249529,0.9273590954850724,0.11591988693563407,0.125,True,False,-2.1865963935852398e-05,True,3565,29240
4,2,0.3,0.0,uniform,0,uniform,1.0,guarded,controlled,5,1,8,0.013051216591621895,0.015393640287220478,0.8203844026312563,0.11591988693563407,0.0625,False,True,0.0006253942847251892,True,4135,32895
4,2,0.3,0.0,uniform,0,uniform,1.0,guarded,controlled,5,1,9,0.018393031841078766,0.01476824600249529,0.9273590954850724,0.05795994346781702,0.0625,True,False,0.0,True,4510,36550
4,2,0.3,0.0,uniform,0,uniform,1.0,guarded,controlled,5,1,10,0.015831230489146364,0.014485360868275166,0.8654019597553702,0.05408762248471066,0.0625,True,False,-0.00028288513422012294,True,5055,40205
4,2,0.3,0.0,uniform,0,uniform,1.0,guarded,controlled,5,1,11,0.012772117528538018,0.015481469221413136,0.8255250718399422,0.05408762248471066,0.05,False,True,0.0009961083531379693,True,5505,43860
4,2,0.3,0.0,uniform,0,uniform,1.0,guarded,controlled,5,1,12,0.015831230489146364,0.014485360868275166,0.8654019597553702,0.043270097987768485,0.05,True,False,0.0,True,6050,47515
4,2,0.3,0.0,uniform,0,uniform,1.0,guarded,controlled,5,1,13,0.012315017099687964,0.015640089102089406,0.8386408889636228,0.043270097987768485,0.05,False,True,0.0011547282338142395,True,6570,51170
4,2,0.3,0.0,uniform,0,uniform,1.0,guarded,controlled,5,1,14,0.015831230489146364,0.014485360868275166,0.8654019597553702,0.043270097987768485,0.05,True,False,0.0,True,7115,54825
4,2,0.3,0.0,uniform,0,uniform,1.0,guarded,controlled,5,1,15,0.012315017099687964,0.015640089102089406,0.8386408889636228,0.043270097987768485,0.05,False,True,0.0011547282338142395,True,7635,58480
4,2,0.3,0.0,uniform,0,uniform,1.0,guarded,controlled,5,1,16,0.015831230489146364,0.014485360868275166,0.8654019597553702,0.043270097987768485,0.05,True,False,0.0,True,8180,62135
4,2,0.3,0.0,uniform,0,uniform,1.0,guarded,controlled,5,1,17,0.012315017099687964,0.015640089102089406,0.8386408889636228,0.043270097987768485,0.05,False,True,0.0011547282338142395,True,8700,65790
4,2,0.3,0.0,uniform,0,uniform,1.0,guarded,controlled,5,1,18,0.015831230489146364,0.014485360868275166,0.8654019597553702,0.043270097987768485,0.05,True,False,0.0,True,9245,69445
4,2,0.3,0.0,uniform,0,uniform,1.0,guarded,controlled,5,1,19,0.012315017099687964,0.015640089102089406,0.8386408889636228,0.043270097987768485,0.05,False,True,0.0011547282338142395,True,9765,73100
5,2,0.3,0.0,uniform,0,uniform,0.0,fixed,controlled,5,1,0,0.0060093337084303755,0.024090227857232093,1.1262752388075898,0.0,0.0,False,False,,True,830,5320
5,2,0.3,0.0,uniform,0,uniform,0.0,adaptive,controlled,5,1,0,0.0060093337084303755,0.024090227857232093,1.1262752388075898,0.0,0.0,False,False,,True,830,5320
5,2,0.3,0.0,uniform,0,uniform,0.0,guarded,controlled,5,1,0,0.0060093337084303755,0.024090227857232093,1.1262752388075898,0.0,0.0,False,False,,True,830,5320
5,2,0.3,0.0,uniform,0,uniform,0.5,fixed,controlled,5,1,0,0.0060093337084303755,0.024090227857232093,1.1262752388075898,0.5631376194037948,0.5,True,False,,True,830,5320
5,2,0.3,0.0,uniform,0,uniform,0.5,fixed,controlled,5,1,1,0.006008907117774243,0.024090492725372316,0.5631397037139416,0.2815698518569709,0.5,True,False,2.6486814022272376e-07,True,1305,10640
5,2,0.3,0.0,uniform,0,uniform,0.5,fixed,controlled,5,1,2,0.005980407112027741,0.02404617927968502,0.2812212687391525,0.140610634369576,0.5,True,False,-4.431344568729678e-05,True,1925,15960
5,2,0.3,0.0,uniform,0,uniform,0.5,fixed,controlled,5,1,3,0.026229926474327314,0.03411209359765053,0.1906818943696582,0.09534094718482934,0.5,True,False,0.01006591431796551,True,2805,21280
5,2,0.3,0.0,uniform,0,uniform,0.5,fixed,controlled,5,1,4,0.033431563428795386,0.03890363648533821,0.09534094718482891,0.047670473592414456,0.5,True,False,0.004791542887687683,True,3400,26600
5,2,0.3,0.0,uniform,0,uniform,0.5,fixed,controlled,5,1,5,0.034858812948303175,0.03958187773823738,0.047670473592414456,0.02383523679620704,0.5,True,False,0.0006782412528991699,True,4005,31920
5,2,0.3,0.0,uniform,0,uniform,0.5,fixed,controlled,5,1,6,0.03525085297485653,0.03966241106390953,0.023835236796207363,0.011917618398103763,0.5,True,False,8.053332567214966e-05,True,4615,37240
5,2,0.3,0.0,uniform,0,uniform,0.5,fixed,controlled,5,1,7,0.0354219718712212,0.03966757208108902,0.011917618398103711,0.005958809199051801,0.5,True,False,5.1610171794905235e-06,True,4990,42560
5,2,0.3,0.0,uniform,0,uniform,0.5,fixed,controlled,5,1,8,0.035592495802029944,0.03965253680944443,0.0059588091990518,0.002979404599526036,0.5,True,False,-1.5035271644592285e-05,True,5565,47880
5,2,0.3,0.0,uniform,0,uniform,0.5,fixed,controlled,5,1,9,0.03562925603095124,0.03964984118938446,0.002979404599525764,0.0014897022997629088,0.5,True,False,-2.695620059972592e-06,True,6165,53200
5,2,0.3,0.0,uniform,0,uniform,0.5,fixed,controlled,5,1,10,0.03563073261941163,0.039650680124759675,0.0014897022997629105,0.0007448511498814548,0.5,True,False,8.389353752177864e-07,True,6675,58520
5,2,0.3,0.0,uniform,0,uniform,0.5,fixed,controlled,5,1,11,0.0356307183970781,0.03965023159980774,0.0007448511498814002,0.00037242557494070096,0.5,True,False,-4.4852495193620223e-07,True,7125,63840
5,2,0.3,0.0,uniform,0,uniform,0.5,adaptive,controlled,5,1,0,0.0060093337084303755,0.024090227857232093,1.1262752388075898,0.5631376194037948,0.5,True,False,,True,830,5320
5,2,0.3,0.0,uniform,0,uniform,0.5,adaptive,controlled,5,1,1,0.006008907117774243,0.024090492725372316,0.5631397037139416,0.2815698518569709,0.5,True,False,2.6486814022272376e-07,True,1305,10640
5,2,0.3,0.0,uniform,0,uniform,0.5,adaptive,controlled,5,1,2,0.005980407112027741,0.02404617927968502,0.2812212687391525,0.140610634369576,0.5,True,False,-4.431344568729678e-05,True,1925,15960
5,2,0.3,0.0,uniform,0,uniform,0.5,adaptive,controlled,5,1,3,0.026229926474327314,0.03411209359765053,0.1906818943696582,0.09534094718482934,0.5,True,False,0.01006591431796551,True,2805,21280
5,2,0.3,0.0,uniform,0,uniform,0.5,adaptive,controlled,5,1,4,0.033431563428795386,0.03890363648533821,0.09534094718482891,0.047670473592414456,0.5,True,False,0.004791542887687683,True,3400,26600
5,2,0.3,0.0,uniform,0,uniform,0.5,adaptive,controlled,5,1,5,0.034858812948303175,0.03958187773823738,0.047670473592414456,0.02383523679620704,0.5,True,False,0.0006782412528991699,True,4005,31920
5,2,0.3,0.0,uniform,0,uniform,0.5,adaptive,controlled,5,1,6,0.03525085297485653,0.03966241106390953,0.023835236796207363,0.011917618398103763,0.5,True,False,8.053332567214966e-05,True,4615,37240
5,2,0.3,0.0,uniform,0,uniform,0.5,adaptive,controlled,5,1,7,0.0354219718712212,0.03966757208108902,0.011917618398103711,0.005958809199051801,0.5,True,False,5.1610171794905235e-06,True,4990,42560
5,2,0.3,0.0,uniform,0,uniform,0.5,adaptive,controlled,5,1,8,0.035592495802029944,0.03965253680944443,0.0059588091990518,0.002979404599526036,0.5,True,False,-1.5035271644592285e-05,True,5565,47880
5,2,0.3,0.0,uniform,0,uniform,0.5,adaptive,controlled,5,1,9,0.03562925603095124,0.03964984118938446,0.002979404599525764,0.0014897022997629088,0.5,True,False,-2.695620059972592e-06,True,6165,53200
5,2,0.3,0.0,uniform,0,uniform,0.5,adaptive,controlled,5,1,10,0.03563073261941163,0.039650680124759675,0.0014897022997629105,0.0007448511498814548,0.5,True,False,8.389353752177864e-07,True,6675,58520
5,2,0.3,0.0,uniform,0,uniform,0.5,adaptive,controlled,5,1,11,0.0356307183970781,0.03965023159980774,0.0007448511498814002,0.00037242557494070096,0.5,True,False,-4.4852495193620223e-07,True,7125,63840
5,2,0.3,0.0,uniform,0,uniform,0.5,guarded,controlled,5,1,0,0.0060093337084303755,0.024090227857232093,1.1262752388075898,0.5631376194037948,0.5,True,False,,True,830,5320
5,2,0.3,0.0,uniform,0,uniform,0.5,guarded,controlled,5,1,1,0.006008907117774243,0.024090492725372316,0.5631397037139416,0.2815698518569709,0.5,True,False,2.6486814022272376e-07,True,1305,10640
5,2,0.3,0.0,uniform,0,uniform,0.5,guarded,controlled,5,1,2,0.005980407112027741,0.02404617927968502,0.2812212687391525,0.140610634369576,0.5,True,False,-4.431344568729678e-05,True,1925,15960
5,2,0.3,0.0,uniform,0,uniform,0.5,guarded,controlled,5,1,3,0.026229926474327314,0.03411209359765053,0.1906818943696582,0.140610634369576,0.25,False,True,0.01006591431796551,True,2805,21280
5,2,0.3,0.0,uniform,0,uniform,0.5,guarded,controlled,5,1,4,0.005980407112027741,0.02404617927968502,0.2812212687391525,0.07030531718478797,0.25,True,False,0.0,True,3425,26600
5,2,0.3,0.0,uniform,0,uniform,0.5,guarded,controlled,5,1,5,0.02238985239428537,0.031670020148158076,0.2609872115544463,0.07030531718478797,0.125,False,True,0.007623840868473057,True,4385,31920
5,2,0.3,0.0,uniform,0,uniform,0.5,guarded,controlled,5,1,6,0.005980407112027741,0.02404617927968502,0.2812212687391525,0.03515265859239392,0.125,True,False,0.0,True,5005,37240
5,2,0.3,0.0,uniform,0,uniform,0.5,guarded,controlled,5,1,7,0.018749295994323845,0.02844969555735588,0.28203423698675945,0.03515265859239392,0.0625,False,True,0.004403516277670862,True,5915,42560
5,2,0.3,0.0,uniform,0,uniform,0.5,guarded,controlled,5,1,8,0.005980407112027741,0.02404617927968502,0.2812212687391525,0.017576329296196895,0.0625,True,False,0.0,True,6535,47880
5,2,0.3,0.0,uniform,0,uniform,0.5,guarded,controlled,5,1,9,0.022269422977611697,0.029597041383385658,0.30698681762835395,0.017576329296196895,0.05,False,True,0.0055508621037006385,True,7210,53200
5,2,0.3,0.0,uniform,0,uniform,0.5,guarded,controlled,5,1,10,0.005980407112027741,0.02404617927968502,0.2812212687391525,0.014061063436957608,0.05,True,False,0.0,True,7830,58520
5,2,0.3,0.0,uniform,0,uniform,0.5,guarded,controlled,5,1,11,0.022362787519533356,0.02962040826678276,0.31060251246618015,0.014061063436957608,0.05,False,True,0.005574228987097741,True,8705,63840
5,2,0.3,0.0,uniform,0,uniform,0.5,guarded,controlled,5,1,12,0.005980407112027741,0.02404617927968502,0.2812212687391525,0.014061063436957608,0.05,True,False,0.0,True,9325,69160
5,2,0.3,0.0,uniform,0,uniform,0.5,guarded,controlled,5,1,13,0.022362787519533356,0.02962040826678276,0.31060251246618015,0.014061063436957608,0.05,False,True,0.005574228987097741,True,10200,74480
5,2,0.3,0.0,uniform,0,uniform,0.5,guarded,controlled,5,1,14,0.005980407112027741,0.02404617927968502,0.2812212687391525,0.014061063436957608,0.05,True,False,0.0,True,10820,79800
5,2,0.3,0.0,uniform,0,uniform,0.5,guarded,controlled,5,1,15,0.022362787519533356,0.02962040826678276,0.31060251246618015,0.014061063436957608,0.05,False,True,0.005574228987097741,True,11695,85120
5,2,0.3,0.0,uniform,0,uniform,0.5,guarded,controlled,5,1,16,0.005980407112027741,0.02404617927968502,0.2812212687391525,0.014061063436957608,0.05,True,False,0.0,True,12315,90440
5,2,0.3,0.0,uniform,0,uniform,0.5,guarded,controlled,5,1,17,0.022362787519533356,0.02962040826678276,0.31060251246618015,0.014061063436957608,0.05,False,True,0.005574228987097741,True,13190,95760
5,2,0.3,0.0,uniform,0,uniform,0.5,guarded,controlled,5,1,18,0.005980407112027741,0.02404617927968502,0.2812212687391525,0.014061063436957608,0.05,True,False,0.0,True,13810,101080
5,2,0.3,0.0,uniform,0,uniform,0.5,guarded,controlled,5,1,19,0.022362787519533356,0.02962040826678276,0.31060251246618015,0.014061063436957608,0.05,False,True,0.005574228987097741,True,14685,106400
5,2,0.3,0.0,uniform,0,uniform,1.0,fixed,controlled,5,1,0,0.0060093337084303755,0.024090227857232093,1.1262752388075898,1.1262752388075898,1.0,True,False,,True,830,5320
5,2,0.3,0.0,uniform,0,uniform,1.0,fixed,controlled,5,1,1,0.03499957999888714,0.03964560106396675,0.0497247611924103,0.0497247611924103,1.0,True,False,0.015555373206734658,True,1380,10640
5,2,0.3,0.0,uniform,0,uniform,1.0,fixed,controlled,5,1,2,0.03563333505120969,0.039653245359659195,6.046650800950459e-06,6.046650800950459e-06,1.0,True,False,7.644295692443848e-06,True,1830,15960
5,2,0.3,0.0,uniform,0,uniform,1.0,adaptive,controlled,5,1,0,0.0060093337084303755,0.024090227857232093,1.1262752388075898,1.1262752388075898,1.0,True,False,,True,830,5320
5,2,0.3,0.0,uniform,0,uniform,1.0,adaptive,controlled,5,1,1,0.03499957999888714,0.03964560106396675,0.0497247611924103,0.0497247611924103,1.0,True,False,0.015555373206734658,True,1380,10640
5,2,0.3,0.0,uniform,0,uniform,1.0,adaptive,controlled,5,1,2,0.03563333505120969,0.039653245359659195,6.046650800950459e-06,6.046650800950459e-06,1.0,True,False,7.644295692443848e-06,True,1830,15960
5,2,0.3,0.0,uniform,0,uniform,1.0,guarded,controlled,5,1,0,0.0060093337084303755,0.024090227857232093,1.1262752388075898,1.1262752388075898,1.0,True,False,,True,830,5320
5,2,0.3,0.0,uniform,0,uniform,1.0,guarded,controlled,5,1,1,0.03499957999888714,0.03964560106396675,0.0497247611924103,1.1262752388075898,0.5,False,True,0.015555373206734658,True,1380,10640
5,2,0.3,0.0,uniform,0,uniform,1.0,guarded,controlled,5,1,2,0.0060093337084303755,0.024090227857232093,1.1262752388075898,0.5631376194037948,0.5,True,False,0.0,True,2210,15960
5,2,0.3,0.0,uniform,0,uniform,1.0,guarded,controlled,5,1,3,0.006008907117774243,0.024090492725372316,0.5631397037139416,0.2815698518569709,0.5,True,False,2.6486814022272376e-07,True,2685,21280
5,2,0.3,0.0,uniform,0,uniform,1.0,guarded,controlled,5,1,4,0.005980407112027741,0.02404617927968502,0.2812212687391525,0.140610634369576,0.5,True,False,-4.431344568729678e-05,True,3305,26600
5,2,0.3,0.0,uniform,0,uniform,1.0,guarded,controlled,5,1,5,0.026229926474327314,0.03411209359765053,0.1906818943696582,0.140610634369576,0.25,False,True,0.01006591431796551,True,4185,31920
5,2,0.3,0.0,uniform,0,uniform,1.0,guarded,controlled,5,1,6,0.005980407112027741,0.02404617927968502,0.2812212687391525,0.07030531718478797,0.25,True,False,0.0,True,4805,37240
5,2,0.3,0.0,uniform,0,uniform,1.0,guarded,controlled,5,1,7,0.02238985239428537,0.031670020148158076,0.2609872115544463,0.07030531718478797,0.125,False,True,0.007623840868473057,True,5765,42560
5,2,0.3,0.0,uniform,0,uniform,1.0,guarded,controlled,5,1,8,0.005980407112027741,0.02404617927968502,0.2812212687391525,0.03515265859239392,0.125,True,False,0.0,True,6385,47880
5,2,0.3,0.0,uniform,0,uniform,1.0,guarded,controlled,5,1,9,0.018749295994323845,0.02844969555735588,0.28203423698675945,0.03515265859239392,0.0625,False,True,0.004403516277670862,True,7295,53200
5,2,0.3,0.0,uniform,0,uniform,1.0,guarded,controlled,5,1,10,0.005980407112027741,0.02404617927968502,0.2812212687391525,0.017576329296196895,0.0625,True,False,0.0,True,7915,58520
5,2,0.3,0.0,uniform,0,uniform,1.0,guarded,controlled,5,1,11,0.022269422977611697,0.029597041383385658,0.30698681762835395,0.017576329296196895,0.05,False,True,0.0055508621037006385,True,8590,63840
5,2,0.3,0.0,uniform,0,uniform,1.0,guarded,controlled,5,1,12,0.005980407112027741,0.02404617927968502,0.2812212687391525,0.014061063436957608,0.05,True,False,0.0,True,9210,69160
5,2,0.3,0.0,uniform,0,uniform,1.0,guarded,controlled,5,1,13,0.022362787519533356,0.02962040826678276,0.31060251246618015,0.014061063436957608,0.05,False,True,0.005574228987097741,True,10085,74480
5,2,0.3,0.0,uniform,0,uniform,1.0,guarded,controlled,5,1,14,0.005980407112027741,0.02404617927968502,0.2812212687391525,0.014061063436957608,0.05,True,False,0.0,True,10705,79800
5,2,0.3,0.0,uniform,0,uniform,1.0,guarded,controlled,5,1,15,0.022362787519533356,0.02962040826678276,0.31060251246618015,0.014061063436957608,0.05,False,True,0.005574228987097741,True,11580,85120
5,2,0.3,0.0,uniform,0,uniform,1.0,guarded,controlled,5,1,16,0.005980407112027741,0.02404617927968502,0.2812212687391525,0.014061063436957608,0.05,True,False,0.0,True,12200,90440
5,2,0.3,0.0,uniform,0,uniform,1.0,guarded,controlled,5,1,17,0.022362787519533356,0.02962040826678276,0.31060251246618015,0.014061063436957608,0.05,False,True,0.005574228987097741,True,13075,95760
5,2,0.3,0.0,uniform,0,uniform,1.0,guarded,controlled,5,1,18,0.005980407112027741,0.02404617927968502,0.2812212687391525,0.014061063436957608,0.05,True,False,0.0,True,13695,101080
5,2,0.3,0.0,uniform,0,uniform,1.0,guarded,controlled,5,1,19,0.022362787519533356,0.02962040826678276,0.31060251246618015,0.014061063436957608,0.05,False,True,0.005574228987097741,True,14570,106400
6,2,0.3,0.0,uniform,0,uniform,0.0,fixed,controlled,5,1,0,0.009377045651433491,0.028813321143388748,1.1159110424908958,0.0,0.0,False,False,,True,525,5810
6,2,0.3,0.0,uniform,0,uniform,0.0,adaptive,controlled,5,1,0,0.009377045651433491,0.028813321143388748,1.1159110424908958,0.0,0.0,False,False,,True,525,5810
6,2,0.3,0.0,uniform,0,uniform,0.0,guarded,controlled,5,1,0,0.009377045651433491,0.028813321143388748,1.1159110424908958,0.0,0.0,False,False,,True,525,5810
6,2,0.3,0.0,uniform,0,uniform,0.5,fixed,controlled,5,1,0,0.009377045651433491,0.028813321143388748,1.1159110424908958,0.5579555212454479,0.5,True,False,,True,525,5810
6,2,0.3,0.0,uniform,0,uniform,0.5,fixed,controlled,5,1,1,0.006991205849203652,0.025382375717163085,0.49951632501942056,0.24975816250971034,0.5,True,False,-0.0034309454262256636,True,945,11620
6,2,0.3,0.0,uniform,0,uniform,0.5,fixed,controlled,5,1,2,0.0069910934396730795,0.025382400304079056,0.24975854004431275,0.12487927002215635,0.5,True,False,2.45869159719303e-08,True,1310,17430
6,2,0.3,0.0,uniform,0,uniform,0.5,fixed,controlled,5,1,3,0.006991190059356001,0.025382445007562638,0.12487995645007206,0.062439978225036025,0.5,True,False,4.470348358154297e-08,True,1690,23240
6,2,0.3,0.0,uniform,0,uniform,0.5,fixed,controlled,5,1,4,0.0069910934396730795,0.025382400304079056,0.06243929179712038,0.03121964589856019,0.5,True,False,-4.470348358154297e-08,True,2070,29050
6,2,0.3,0.0,uniform,0,uniform,0.5,fixed,controlled,5,1,5,0.006991505585435931,0.02538246437907219,0.031220629779119893,0.015610314889559974,0.5,True,False,6.407499313423881e-08,True,2460,34860
6,2,0.3,0.0,uniform,0,uniform,0.5,fixed,controlled,5,1,6,0.006991257115423366,0.025382433831691743,0.015609845829771839,0.007804922914885956,0.5,True,False,-3.0547380448081585e-08,True,2855,40670
6,2,0.3,0.0,uniform,0,uniform,0.5,fixed,controlled,5,1,7,0.006990912025749196,0.025382395088672637,0.00780432801097217,0.003902164005486085,0.5,True,False,-3.8743019105391685e-08,True,3235,46480
6,2,0.3,0.0,uniform,0,uniform,0.5,fixed,controlled,5,1,8,0.006991444442089545,0.02538250610232353,0.003903868637544829,0.0019519343187724223,0.5,True,False,1.1101365089347115e-07,True,3625,52290
6,2,0.3,0.0,uniform,0,uniform,0.5,fixed,controlled,5,1,9,0.006991071737076027,0.025382434576749803,0.0019508360311001408,0.0009754180155501935,0.5,True,False,-7.152557372769319e-08,True,4010,58100
6,2,0.3,0.0,uniform,0,uniform,0.5,fixed,controlled,5,1,10,0.006991071737076027,0.025382434576749803,0.0009754180155499472,0.00048770900777488253,0.5,True,False,0.0,True,4390,63910
6,2,0.3,0.0,uniform,0,uniform,0.5,adaptive,controlled,5,1,0,0.009377045651433491,0.028813321143388748,1.1159110424908958,0.5579555212454479,0.5,True,False,,True,525,5810
6,2,0.3,0.0,uniform,0,uniform,0.5,adaptive,controlled,5,1,1,0.006991205849203652,0.025382375717163085,0.49951632501942056,0.24975816250971034,0.5,True,False,-0.0034309454262256636,True,945,11620
6,2,0.3,0.0,uniform,0,uniform,0.5,adaptive,controlled,5,1,2,0.0069910934396730795,0.025382400304079056,0.24975854004431275,0.12487927002215635,0.5,True,False,2.45869159719303e-08,True,1310,17430
6,2,0.3,0.0,uniform,0,uniform,0.5,adaptive,controlled,5,1,3,0.006991190059356001,0.025382445007562638,0.12487995645007206,0.062439978225036025,0.5,True,False,4.470348358154297e-08,True,1690,23240
6,2,0.3,0.0,uniform,0,uniform,0.5,adaptive,controlled,5,1,4,0.0069910934396730795,0.025382400304079056,0.06243929179712038,0.03121964589856019,0.5,True,False,-4.470348358154297e-08,True,2070,29050
6,2,0.3,0.0,uniform,0,uniform,0.5,adaptive,controlled,5,1,5,0.006991505585435931,0.02538246437907219,0.031220629779119893,0.015610314889559974,0.5,True,False,6.407499313423881e-08,True,2460,34860
6,2,0.3,0.0,uniform,0,uniform,0.5,adaptive,controlled,5,1,6,0.006991257115423366,0.025382433831691743,0.015609845829771839,0.007804922914885956,0.5,True,False,-3.0547380448081585e-08,True,2855,40670
6,2,0.3,0.0,uniform,0,uniform,0.5,adaptive,controlled,5,1,7,0.006990912025749196,0.025382395088672637,0.00780432801097217,0.003902164005486085,0.5,True,False,-3.8743019105391685e-08,True,3235,46480
6,2,0.3,0.0,uniform,0,uniform,0.5,adaptive,controlled,5,1,8,0.006991444442089545,0.02538250610232353,0.003903868637544829,0.0019519343187724223,0.5,True,False,1.1101365089347115e-07,True,3625,52290
6,2,0.3,0.0,uniform,0,uniform,0.5,adaptive,controlled,5,1,9,0.006991071737076027,0.025382434576749803,0.0019508360311001408,0.0009754180155501935,0.5,True,False,-7.152557372769319e-08,True,4010,58100
6,2,0.3,0.0,uniform,0,uniform,0.5,adaptive,controlled,5,1,10,0.006991071737076027,0.025382434576749803,0.0009754180155499472,0.00048770900777488253,0.5,True,False,0.0,True,4390,63910
6,2,0.3,0.0,uniform,0,uniform,0.5,guarded,controlled,5,1,0,0.009377045651433491,0.028813321143388748,1.1159110424908958,0.5579555212454479,0.5,True,False,,True,525,5810
6,2,0.3,0.0,uniform,0,uniform,0.5,guarded,controlled,5,1,1,0.006991205849203652,0.025382375717163085,0.49951632501942056,0.24975816250971034,0.5,True,False,-0.0034309454262256636,True,945,11620
6,2,0.3,0.0,uniform,0,uniform,0.5,guarded,controlled,5,1,2,0.0069910934396730795,0.025382400304079056,0.24975854004431275,0.12487927002215635,0.5,True,False,2.45869159719303e-08,True,1310,17430
6,2,0.3,0.0,uniform,0,uniform,0.5,guarded,controlled,5,1,3,0.006991190059356001,0.025382445007562638,0.12487995645007206,0.062439978225036025,0.5,True,False,4.470348358154297e-08,True,1690,23240
6,2,0.3,0.0,uniform,0,uniform,0.5,guarded,controlled,5,1,4,0.0069910934396730795,0.025382400304079056,0.06243929179712038,0.03121964589856019,0.5,True,False,-4.470348358154297e-08,True,2070,29050
6,2,0.3,0.0,uniform,0,uniform,0.5,guarded,controlled,5,1,5,0.006991505585435931,0.02538246437907219,0.031220629779119893,0.015610314889559974,0.5,True,False,6.407499313423881e-08,True,2460,34860
6,2,0.3,0.0,uniform,0,uniform,0.5,guarded,controlled,5,1,6,0.006991257115423366,0.025382433831691743,0.015609845829771839,0.007804922914885956,0.5,True,False,-3.0547380448081585e-08,True,2855,40670
6,2,0.3,0.0,uniform,0,uniform,0.5,guarded,controlled,5,1,7,0.006990912025749196,0.025382395088672637,0.00780432801097217,0.003902164005486085,0.5,True,False,-3.8743019105391685e-08,True,3235,46480
6,2,0.3,0.0,uniform,0,uniform,0.5,guarded,controlled,5,1,8,0.006991444442089545,0.02538250610232353,0.003903868637544829,0.0019519343187724223,0.5,True,False,1.1101365089347115e-07,True,3625,52290
6,2,0.3,0.0,uniform,0,uniform,0.5,guarded,controlled,5,1,9,0.006991071737076027,0.025382434576749803,0.0019508360311001408,0.0009754180155501935,0.5,True,False,-7.152557372769319e-08,True,4010,58100
6,2,0.3,0.0,uniform,0,uniform,0.5,guarded,controlled,5,1,10,0.006991071737076027,0.025382434576749803,0.0009754180155499472,0.00048770900777488253,0.5,True,False,0.0,True,4390,63910
6,2,0.3,0.0,uniform,0,uniform,1.0,fixed,controlled,5,1,0,0.009377045651433491,0.028813321143388748,1.1159110424908958,1.1159110424908958,1.0,True,False,,True,525,5810
6,2,0.3,0.0,uniform,0,uniform,1.0,fixed,controlled,5,1,1,0.006991140741369861,0.025382520258426668,0.05843697677253827,0.05843697677253827,1.0,True,False,-0.0034308008849620805,True,895,11620
6,2,0.3,0.0,uniform,0,uniform,1.0,fixed,controlled,5,1,2,0.006991184146635021,0.025382424890995025,1.4643837509681346e-06,1.4643837509681346e-06,1.0,True,False,-9.536743164270667e-08,True,1310,17430
6,2,0.3,0.0,uniform,0,uniform,1.0,adaptive,controlled,5,1,0,0.009377045651433491,0.028813321143388748,1.1159110424908958,1.1159110424908958,1.0,True,False,,True,525,5810
6,2,0.3,0.0,uniform,0,uniform,1.0,adaptive,controlled,5,1,1,0.006991140741369861,0.025382520258426668,0.05843697677253827,0.05843697677253827,1.0,True,False,-0.0034308008849620805,True,895,11620
6,2,0.3,0.0,uniform,0,uniform,1.0,adaptive,controlled,5,1,2,0.006991184146635021,0.025382424890995025,1.4643837509681346e-06,1.4643837509681346e-06,1.0,True,False,-9.536743164270667e-08,True,1310,17430
6,2,0.3,0.0,uniform,0,uniform,1.0,guarded,controlled,5,1,0,0.009377045651433491,0.028813321143388748,1.1159110424908958,1.1159110424908958,1.0,True,False,,True,525,5810
6,2,0.3,0.0,uniform,0,uniform,1.0,guarded,controlled,5,1,1,0.006991140741369861,0.025382520258426668,0.05843697677253827,0.05843697677253827,1.0,True,False,-0.0034308008849620805,True,895,11620
6,2,0.3,0.0,uniform,0,uniform,1.0,guarded,controlled,5,1,2,0.006991184146635021,0.025382424890995025,1.4643837509681346e-06,1.4643837509681346e-06,1.0,True,False,-9.536743164270667e-08,True,1310,17430
7,2,0.3,0.0,uniform,0,uniform,0.0,fixed,controlled,5,1,0,0.010894072760358808,0.01685359813272953,0.4543883879242423,0.0,0.0,False,False,,True,775,5390
7,2,0.3,0.0,uniform,0,uniform,0.0,adaptive,controlled,5,1,0,0.010894072760358808,0.01685359813272953,0.4543883879242423,0.0,0.0,False,False,,True,775,5390
7,2,0.3,0.0,uniform,0,uniform,0.0,guarded,controlled,5,1,0,0.010894072760358808,0.01685359813272953,0.4543883879242423,0.0,0.0,False,False,,True,775,5390
7,2,0.3,0.0,uniform,0,uniform,0.5,fixed,controlled,5,1,0,0.010894072760358808,0.01685359813272953,0.4543883879242423,0.22719419396212112,0.5,True,False,,True,775,5390
7,2,0.3,0.0,uniform,0,uniform,0.5,fixed,controlled,5,1,1,0.021552923249821276,0.032782723754644395,0.26229859659046534,0.1311492982952327,0.5,True,False,0.015929125621914866,True,1655,10780
7,2,0.3,0.0,uniform,0,uniform,0.5,fixed,controlled,5,1,2,0.02325540672315185,0.034070635586977004,0.1342260761121009,0.06711303805605043,0.5,True,False,0.0012879118323326083,True,2325,16170
7,2,0.3,0.0,uniform,0,uniform,0.5,fixed,controlled,5,1,3,0.032958587635059544,0.03739202618598938,0.07522916514053626,0.03761458257026819,0.5,True,False,0.003321390599012375,True,3205,21560
7,2,0.3,0.0,uniform,0,uniform,0.5,fixed,controlled,5,1,4,0.03091327671508637,0.03764917403459549,0.03825411675890862,0.019127058379454345,0.5,True,False,0.00025714784860610823,True,3720,26950
7,2,0.3,0.0,uniform,0,uniform,0.5,fixed,controlled,5,1,5,0.03628911671663104,0.037283381819725035,0.01821781254842099,0.009108906274210488,0.5,True,False,-0.0003657922148704515,True,4285,32340
7,2,0.3,0.0,uniform,0,uniform,0.5,fixed,controlled,5,1,6,0.03912998296230974,0.03727349787950516,0.009084383629894582,0.004542191814947319,0.5,True,False,-9.883940219876375e-06,True,5290,37730
7,2,0.3,0.0,uniform,0,uniform,0.5,fixed,controlled,5,1,7,0.04331430416379689,0.03725930601358414,0.004506985153156257,0.0022534925765781005,0.5,True,False,-1.419186592101912e-05,True,6290,43120
7,2,0.3,0.0,uniform,0,uniform,0.5,fixed,controlled,5,1,8,0.043446885045140604,0.03725974857807159,0.002254590399530701,0.001127295199765406,0.5,True,False,4.4256448745311205e-07,True,7295,48510
7,2,0.3,0.0,uniform,0,uniform,0.5,fixed,controlled,5,1,9,0.04283698980091444,0.037295068800449374,0.0012149258795263115,0.0006074629397632078,0.5,True,False,3.532022237778126e-05,True,8270,53900
7,2,0.3,0.0,uniform,0,uniform,0.5,fixed,controlled,5,1,10,0.042340542271302795,0.03729726821184158,0.0006129207698605948,0.00030646038493031824,0.5,True,False,2.199411392206363e-06,True,9245,59290
7,2,0.3,0.0,uniform,0,uniform,0.5,adaptive,controlled,5,1,0,0.010894072760358808,0.01685359813272953,0.4543883879242423,0.22719419396212112,0.5,True,False,,True,775,5390
7,2,0.3,0.0,uniform,0,uniform,0.5,adaptive,controlled,5,1,1,0.021552923249821276,0.032782723754644395,0.26229859659046534,0.1311492982952327,0.5,True,False,0.015929125621914866,True,1655,10780
7,2,0.3,0.0,uniform,0,uniform,0.5,adaptive,controlled,5,1,2,0.02325540672315185,0.034070635586977004,0.1342260761121009,0.06711303805605043,0.5,True,False,0.0012879118323326083,True,2325,16170
7,2,0.3,0.0,uniform,0,uniform,0.5,adaptive,controlled,5,1,3,0.032958587635059544,0.03739202618598938,0.07522916514053626,0.03761458257026819,0.5,True,False,0.003321390599012375,True,3205,21560
7,2,0.3,0.0,uniform,0,uniform,0.5,adaptive,controlled,5,1,4,0.03091327671508637,0.03764917403459549,0.03825411675890862,0.019127058379454345,0.5,True,False,0.00025714784860610823,True,3720,26950
7,2,0.3,0.0,uniform,0,uniform,0.5,adaptive,controlled,5,1,5,0.03628911671663104,0.037283381819725035,0.01821781254842099,0.009108906274210488,0.5,True,False,-0.0003657922148704515,True,4285,32340
7,2,0.3,0.0,uniform,0,uniform,0.5,adaptive,controlled,5,1,6,0.03912998296230974,0.03727349787950516,0.009084383629894582,0.004542191814947319,0.5,True,False,-9.883940219876375e-06,True,5290,37730
7,2,0.3,0.0,uniform,0,uniform,0.5,adaptive,controlled,5,1,7,0.04331430416379689,0.03725930601358414,0.004506985153156257,0.0022534925765781005,0.5,True,False,-1.419186592101912e-05,True,6290,43120
7,2,0.3,0.0,uniform,0,uniform,0.5,adaptive,controlled,5,1,8,0.043446885045140604,0.03725974857807159,0.002254590399530701,0.001127295199765406,0.5,True,False,4.4256448745311205e-07,True,7295,48510
7,2,0.3,0.0,uniform,0,uniform,0.5,adaptive,controlled,5,1,9,0.04283698980091444,0.037295068800449374,0.0012149258795263115,0.0006074629397632078,0.5,True,False,3.532022237778126e-05,True,8270,53900
7,2,0.3,0.0,uniform,0,uniform,0.5,adaptive,controlled,5,1,10,0.042340542271302795,0.03729726821184158,0.0006129207698605948,0.00030646038493031824,0.5,True,False,2.199411392206363e-06,True,9245,59290
7,2,0.3,0.0,uniform,0,uniform,0.5,guarded,controlled,5,1,0,0.010894072760358808,0.01685359813272953,0.4543883879242423,0.22719419396212112,0.5,True,False,,True,775,5390
7,2,0.3,0.0,uniform,0,uniform,0.5,guarded,controlled,5,1,1,0.021552923249821276,0.032782723754644395,0.26229859659046534,0.22719419396212112,0.25,False,True,0.015929125621914866,True,1655,10780
7,2,0.3,0.0,uniform,0,uniform,0.5,guarded,controlled,5,1,2,0.010894072760358808,0.01685359813272953,0.4543883879242423,0.11359709698106046,0.25,True,False,0.0,True,2430,16170
7,2,0.3,0.0,uniform,0,uniform,0.5,guarded,controlled,5,1,3,0.009385468492661975,0.017601418867707254,0.3423263063495217,0.11359709698106046,0.125,False,True,0.0007478207349777242,True,3490,21560
7,2,0.3,0.0,uniform,0,uniform,0.5,guarded,controlled,5,1,4,0.010894072760358808,0.01685359813272953,0.4543883879242423,0.05679854849053026,0.125,True,False,0.0,True,4265,26950
7,2,0.3,0.0,uniform,0,uniform,0.5,guarded,controlled,5,1,5,0.009474284569955138,0.01754722036421299,0.3990132556931504,0.05679854849053026,0.0625,False,True,0.0006936222314834588,True,4840,32340
7,2,0.3,0.0,uniform,0,uniform,0.5,guarded,controlled,5,1,6,0.010894072760358808,0.01685359813272953,0.4543883879242423,0.02839927424526517,0.0625,True,False,0.0,True,5615,37730
7,2,0.3,0.0,uniform,0,uniform,0.5,guarded,controlled,5,1,7,0.01008095300066536,0.01856677047908306,0.4295210619682188,0.02839927424526517,0.05,False,True,0.0017131723463535316,True,6470,43120
7,2,0.3,0.0,uniform,0,uniform,0.5,guarded,controlled,5,1,8,0.010894072760358808,0.01685359813272953,0.4543883879242423,0.02271941939621211,0.05,True,False,0.0,True,7245,48510
7,2,0.3,0.0,uniform,0,uniform,0.5,guarded,controlled,5,1,9,0.009987743286036022,0.01851046793162823,0.4350839687350153,0.02271941939621211,0.05,False,True,0.001656869798898699,True,8195,53900
7,2,0.3,0.0,uniform,0,uniform,0.5,guarded,controlled,5,1,10,0.010894072760358808,0.01685359813272953,0.4543883879242423,0.02271941939621211,0.05,True,False,0.0,True,8970,59290
7,2,0.3,0.0,uniform,0,uniform,0.5,guarded,controlled,5,1,11,0.009987743286036022,0.01851046793162823,0.4350839687350153,0.02271941939621211,0.05,False,True,0.001656869798898699,True,9920,64680
7,2,0.3,0.0,uniform,0,uniform,0.5,guarded,controlled,5,1,12,0.010894072760358808,0.01685359813272953,0.4543883879242423,0.02271941939621211,0.05,True,False,0.0,True,10695,70070
7,2,0.3,0.0,uniform,0,uniform,0.5,guarded,controlled,5,1,13,0.009987743286036022,0.01851046793162823,0.4350839687350153,0.02271941939621211,0.05,False,True,0.001656869798898699,True,11645,75460
7,2,0.3,0.0,uniform,0,uniform,0.5,guarded,controlled,5,1,14,0.010894072760358808,0.01685359813272953,0.4543883879242423,0.02271941939621211,0.05,True,False,0.0,True,12420,80850
7,2,0.3,0.0,uniform,0,uniform,0.5,guarded,controlled,5,1,15,0.009987743286036022,0.01851046793162823,0.4350839687350153,0.02271941939621211,0.05,False,True,0.001656869798898699,True,13370,86240
7,2,0.3,0.0,uniform,0,uniform,0.5,guarded,controlled,5,1,16,0.010894072760358808,0.01685359813272953,0.4543883879242423,0.02271941939621211,0.05,True,False,0.0,True,14145,91630
7,2,0.3,0.0,uniform,0,uniform,0.5,guarded,controlled,5,1,17,0.009987743286036022,0.01851046793162823,0.4350839687350153,0.02271941939621211,0.05,False,True,0.001656869798898699,True,15095,97020
7,2,0.3,0.0,uniform,0,uniform,0.5,guarded,controlled,5,1,18,0.010894072760358808,0.01685359813272953,0.4543883879242423,0.02271941939621211,0.05,True,False,0.0,True,15870,102410
7,2,0.3,0.0,uniform,0,uniform,0.5,guarded,controlled,5,1,19,0.009987743286036022,0.01851046793162823,0.4350839687350153,0.02271941939621211,0.05,False,True,0.001656869798898699,True,16820,107800
7,2,0.3,0.0,uniform,0,uniform,1.0,fixed,controlled,5,1,0,0.010894072760358808,0.01685359813272953,0.4543883879242423,0.4543883879242423,1.0,True,False,,True,775,5390
7,2,0.3,0.0,uniform,0,uniform,1.0,fixed,controlled,5,1,1,0.033636080807669444,0.037327058613300323,0.04613598939761239,0.04613598939761239,1.0,True,False,0.020473460480570794,True,1250,10780
7,2,0.3,0.0,uniform,0,uniform,1.0,fixed,controlled,5,1,2,0.042950853270792066,0.03729526698589325,7.890252223682198e-05,7.890252223696076e-05,1.0,True,False,-3.1791627407073975e-05,True,2225,16170
7,2,0.3,0.0,uniform,0,uniform,1.0,adaptive,controlled,5,1,0,0.010894072760358808,0.01685359813272953,0.4543883879242423,0.4543883879242423,1.0,True,False,,True,775,5390
7,2,0.3,0.0,uniform,0,uniform,1.0,adaptive,controlled,5,1,1,0.033636080807669444,0.037327058613300323,0.04613598939761239,0.04613598939761239,1.0,True,False,0.020473460480570794,True,1250,10780
7,2,0.3,0.0,uniform,0,uniform,1.0,adaptive,controlled,5,1,2,0.042950853270792066,0.03729526698589325,7.890252223682198e-05,7.890252223696076e-05,1.0,True,False,-3.1791627407073975e-05,True,2225,16170
7,2,0.3,0.0,uniform,0,uniform,1.0,guarded,controlled,5,1,0,0.010894072760358808,0.01685359813272953,0.4543883879242423,0.4543883879242423,1.0,True,False,,True,775,5390
7,2,0.3,0.0,uniform,0,uniform,1.0,guarded,controlled,5,1,1,0.033636080807669444,0.037327058613300323,0.04613598939761239,0.4543883879242423,0.5,False,True,0.020473460480570794,True,1250,10780
7,2,0.3,0.0,uniform,0,uniform,1.0,guarded,controlled,5,1,2,0.010894072760358808,0.01685359813272953,0.4543883879242423,0.22719419396212112,0.5,True,False,0.0,True,2025,16170
7,2,0.3,0.0,uniform,0,uniform,1.0,guarded,controlled,5,1,3,0.021552923249821276,0.032782723754644395,0.26229859659046534,0.22719419396212112,0.25,False,True,0.015929125621914866,True,2905,21560
7,2,0.3,0.0,uniform,0,uniform,1.0,guarded,controlled,5,1,4,0.010894072760358808,0.01685359813272953,0.4543883879242423,0.11359709698106046,0.25,True,False,0.0,True,3680,26950
7,2,0.3,0.0,uniform,0,uniform,1.0,guarded,controlled,5,1,5,0.009385468492661975,0.017601418867707254,0.3423263063495217,0.11359709698106046,0.125,False,True,0.0007478207349777242,True,4740,32340
7,2,0.3,0.0,uniform,0,uniform,1.0,guarded,controlled,5,1,6,0.010894072760358808,0.01685359813272953,0.4543883879242423,0.05679854849053026,0.125,True,False,0.0,True,5515,37730
7,2,0.3,0.0,uniform,0,uniform,1.0,guarded,controlled,5,1,7,0.009474284569955138,0.01754722036421299,0.3990132556931504,0.05679854849053026,0.0625,False,True,0.0006936222314834588,True,6090,43120
7,2,0.3,0.0,uniform,0,uniform,1.0,guarded,controlled,5,1,8,0.010894072760358808,0.01685359813272953,0.4543883879242423,0.02839927424526517,0.0625,True,False,0.0,True,6865,48510
7,2,0.3,0.0,uniform,0,uniform,1.0,guarded,controlled,5,1,9,0.01008095300066536,0.01856677047908306,0.4295210619682188,0.02839927424526517,0.05,False,True,0.0017131723463535316,True,7720,53900
7,2,0.3,0.0,uniform,0,uniform,1.0,guarded,controlled,5,1,10,0.010894072760358808,0.01685359813272953,0.4543883879242423,0.02271941939621211,0.05,True,False,0.0,True,8495,59290
7,2,0.3,0.0,uniform,0,uniform,1.0,guarded,controlled,5,1,11,0.009987743286036022,0.01851046793162823,0.4350839687350153,0.02271941939621211,0.05,False,True,0.001656869798898699,True,9445,64680
7,2,0.3,0.0,uniform,0,uniform,1.0,guarded,controlled,5,1,12,0.010894072760358808,0.01685359813272953,0.4543883879242423,0.02271941939621211,0.05,True,False,0.0,True,10220,70070
7,2,0.3,0.0,uniform,0,uniform,1.0,guarded,controlled,5,1,13,0.009987743286036022,0.01851046793162823,0.4350839687350153,0.02271941939621211,0.05,False,True,0.001656869798898699,True,11170,75460
7,2,0.3,0.0,uniform,0,uniform,1.0,guarded,controlled,5,1,14,0.010894072760358808,0.01685359813272953,0.4543883879242423,0.02271941939621211,0.05,True,False,0.0,True,11945,80850
7,2,0.3,0.0,uniform,0,uniform,1.0,guarded,controlled,5,1,15,0.009987743286036022,0.01851046793162823,0.4350839687350153,0.02271941939621211,0.05,False,True,0.001656869798898699,True,12895,86240
7,2,0.3,0.0,uniform,0,uniform,1.0,guarded,controlled,5,1,16,0.010894072760358808,0.01685359813272953,0.4543883879242423,0.02271941939621211,0.05,True,False,0.0,True,13670,91630
7,2,0.3,0.0,uniform,0,uniform,1.0,guarded,controlled,5,1,17,0.009987743286036022,0.01851046793162823,0.4350839687350153,0.02271941939621211,0.05,False,True,0.001656869798898699,True,14620,97020
7,2,0.3,0.0,uniform,0,uniform,1.0,guarded,controlled,5,1,18,0.010894072760358808,0.01685359813272953,0.4543883879242423,0.02271941939621211,0.05,True,False,0.0,True,15395,102410
7,2,0.3,0.0,uniform,0,uniform,1.0,guarded,controlled,5,1,19,0.009987743286036022,0.01851046793162823,0.4350839687350153,0.02271941939621211,0.05,False,True,0.001656869798898699,True,16345,107800
8,2,0.3,0.0,uniform,0,uniform,0.0,fixed,controlled,5,1,0,0.017646525594446683,0.027014396339654922,1.044928371395801,0.0,0.0,False,False,,True,515,5270
8,2,0.3,0.0,uniform,0,uniform,0.0,adaptive,controlled,5,1,0,0.017646525594446683,0.027014396339654922,1.044928371395801,0.0,0.0,False,False,,True,515,5270
8,2,0.3,0.0,uniform,0,uniform,0.0,guarded,controlled,5,1,0,0.017646525594446683,0.027014396339654922,1.044928371395801,0.0,0.0,False,False,,True,515,5270
8,2,0.3,0.0,uniform,0,uniform,0.5,fixed,controlled,5,1,0,0.017646525594446683,0.027014396339654922,1.044928371395801,0.5224641856979005,0.5,True,False,,True,515,5270
8,2,0.3,0.0,uniform,0,uniform,0.5,fixed,controlled,5,1,1,0.01801387049130998,0.026994139701128007,0.5217092257735932,0.26085461288679657,0.5,True,False,-2.0256638526915116e-05,True,1255,10540
8,2,0.3,0.0,uniform,0,uniform,0.5,fixed,controlled,5,1,2,0.01860324248488965,0.026946747303009035,0.2590925645368826,0.12954628226844128,0.5,True,False,-4.7392398118972084e-05,True,2110,15810
8,2,0.3,0.0,uniform,0,uniform,0.5,fixed,controlled,5,1,3,0.020140073486113685,0.028759630769491194,0.1646684993006745,0.08233424965033728,0.5,True,False,0.0018128834664821597,True,2520,21080
8,2,0.3,0.0,uniform,0,uniform,0.5,fixed,controlled,5,1,4,0.018984942939894722,0.027370035648345947,0.05983243989936789,0.02991621994968397,0.5,True,False,-0.001389595121145247,True,3070,26350
8,2,0.3,0.0,uniform,0,uniform,0.5,fixed,controlled,5,1,5,0.02070477364785628,0.029439035058021545,0.060991168397417715,0.030495584198708674,0.5,True,False,0.0020689994096755975,True,3760,31620
8,2,0.3,0.0,uniform,0,uniform,0.5,fixed,controlled,5,1,6,0.020677214930525434,0.02941468432545662,0.03018373685569595,0.015091868427848106,0.5,True,False,-2.435073256492476e-05,True,4075,36890
8,2,0.3,0.0,uniform,0,uniform,0.5,fixed,controlled,5,1,7,0.020713000521578095,0.029464230686426163,0.01572674704140629,0.00786337352070322,0.5,True,False,4.954636096954346e-05,True,4710,42160
8,2,0.3,0.0,uniform,0,uniform,0.5,fixed,controlled,5,1,8,0.021034742777779947,0.029791732132434846,0.012096196271791473,0.00604809813589574,0.5,True,False,0.00032750144600868225,True,5140,47430
8,2,0.3,0.0,uniform,0,uniform,0.5,fixed,controlled,5,1,9,0.020955276146739976,0.02970687374472618,0.004945248913909745,0.0024726244569548755,0.5,True,False,-8.485838770866394e-05,True,5775,52700
8,2,0.3,0.0,uniform,0,uniform,0.5,fixed,controlled,5,1,10,0.019796055144801983,0.02831840142607689,0.015937775625025085,0.007968887812512515,0.5,True,False,-0.0013884723186492927,True,6755,57970
8,2,0.3,0.0,uniform,0,uniform,0.5,fixed,controlled,5,1,11,0.021128832292275135,0.029907876253128053,0.012583324223301929,0.006291662111650992,0.5,True,False,0.001589474827051164,True,7205,63240
8,2,0.3,0.0,uniform,0,uniform,0.5,fixed,controlled,5,1,12,0.020738997621163158,0.02948780208826065,0.0008449582889680455,0.0004224791444840193,0.5,True,False,-0.0004200741648674039,True,7945,68510
8,2,0.3,0.0,uniform,0,uniform,0.5,adaptive,controlled,5,1,0,0.017646525594446683,0.027014396339654922,1.044928371395801,0.5224641856979005,0.5,True,False,,True,515,5270
8,2,0.3,0.0,uniform,0,uniform,0.5,adaptive,controlled,5,1,1,0.01801387049130998,0.026994139701128007,0.5217092257735932,0.26085461288679657,0.5,True,False,-2.0256638526915116e-05,True,1255,10540
8,2,0.3,0.0,uniform,0,uniform,0.5,adaptive,controlled,5,1,2,0.01860324248488965,0.026946747303009035,0.2590925645368826,0.12954628226844128,0.5,True,False,-4.7392398118972084e-05,True,2110,15810
8,2,0.3,0.0,uniform,0,uniform,0.5,adaptive,controlled,5,1,3,0.020140073486113685,0.028759630769491194,0.1646684993006745,0.08233424965033728,0.5,True,False,0.0018128834664821597,True,2520,21080
8,2,0.3,0.0,uniform,0,uniform,0.5,adaptive,controlled,5,1,4,0.018984942939894722,0.027370035648345947,0.05983243989936789,0.02991621994968397,0.5,True,False,-0.001389595121145247,True,3070,26350
8,2,0.3,0.0,uniform,0,uniform,0.5,adaptive,controlled,5,1,5,0.02070477364785628,0.029439035058021545,0.060991168397417715,0.01524779209935444,0.25,True,False,0.0020689994096755975,True,3760,31620
8,2,0.3,0.0,uniform,0,uniform,0.5,adaptive,controlled,5,1,6,0.019466978075853625,0.02792661339044571,0.02700823726449937,0.006752059316124814,0.25,True,False,-0.0015124216675758348,True,4520,36890
8,2,0.3,0.0,uniform,0,uniform,0.5,adaptive,controlled,5,1,7,0.020537631367166576,0.029250364005565643,0.03658409420276039,0.004573011775345062,0.125,True,False,0.0013237506151199327,True,4920,42160
8,2,0.3,0.0,uniform,0,uniform,0.5,adaptive,controlled,5,1,8,0.020548419866475598,0.02926276847720146,0.03216871713660943,0.004021089642076222,0.125,True,False,1.2404471635817788e-05,True,5490,47430
8,2,0.3,0.0,uniform,0,uniform,0.5,adaptive,controlled,5,1,9,0.020472100596315546,0.029195239394903184,0.0272905449539843,0.0034113181192480836,0.125,True,False,-6.752908229827603e-05,True,6000,52700
8,2,0.3,0.0,uniform,0,uniform,0.5,adaptive,controlled,5,1,10,0.02023199356054839,0.02887413576245308,0.019839325983800404,0.0024799157479748323,0.125,True,False,-0.00032110363245010584,True,6585,57970
8,2,0.3,0.0,uniform,0,uniform,0.5,adaptive,controlled,5,1,11,0.019857845609122737,0.028402966260910035,0.011535834292070812,0.0014419792865090165,0.125,True,False,-0.00047116950154304366,True,7170,63240
8,2,0.3,0.0,uniform,0,uniform,0.5,adaptive,controlled,5,1,12,0.020871724261791513,0.029614977538585663,0.025327512116667644,0.0015829695072917928,0.0625,True,False,0.001212011277675628,True,7760,68510
8,2,0.3,0.0,uniform,0,uniform,0.5,adaptive,controlled,5,1,13,0.020948745545730674,0.02971167042851448,0.024996262867846886,0.0015622664292402697,0.0625,True,False,9.669288992881706e-05,True,8170,73780
8,2,0.3,0.0,uniform,0,uniform,0.5,adaptive,controlled,5,1,14,0.02058853129414917,0.029315688461065293,0.0183426762093119,0.0011464172630820304,0.0625,True,False,-0.00039598196744918684,True,8740,79050
8,2,0.3,0.0,uniform,0,uniform,0.5,adaptive,controlled,5,1,15,0.020733929244595384,0.02946840226650238,0.019148899741773626,0.0009574449870888508,0.05,True,False,0.00015271380543708732,True,9835,84320
8,2,0.3,0.0,uniform,0,uniform,0.5,adaptive,controlled,5,1,16,0.02004855718580778,0.028631550073623658,0.007654709027352669,0.000382735451367462,0.05,True,False,-0.0008368521928787225,True,10630,89590
8,2,0.3,0.0,uniform,0,uniform,0.5,adaptive,controlled,5,1,17,0.020654661961373222,0.029387571662664414,0.016773509359366202,0.0008386754679683729,0.05,True,False,0.0007560215890407562,True,11300,94860
8,2,0.3,0.0,uniform,0,uniform,0.5,adaptive,controlled,5,1,18,0.020786759120984044,0.029536503553390502,0.017845188080354103,0.0008922594040176582,0.05,True,False,0.0001489318907260881,True,11725,100130
8,2,0.3,0.0,uniform,0,uniform,0.5,adaptive,controlled,5,1,19,0.02038070059956576,0.029054431617259978,0.010815817756467401,0.0005407908878234556,0.05,True,False,-0.0004820719361305244,True,12585,105400
8,2,0.3,0.0,uniform,0,uniform,0.5,guarded,controlled,5,1,0,0.017646525594446683,0.027014396339654922,1.044928371395801,0.5224641856979005,0.5,True,False,,True,515,5270
8,2,0.3,0.0,uniform,0,uniform,0.5,guarded,controlled,5,1,1,0.01801387049130998,0.026994139701128007,0.5217092257735932,0.26085461288679657,0.5,True,False,-2.0256638526915116e-05,True,1255,10540
8,2,0.3,0.0,uniform,0,uniform,0.5,guarded,controlled,5,1,2,0.01860324248488965,0.026946747303009035,0.2590925645368826,0.12954628226844128,0.5,True,False,-4.7392398118972084e-05,True,2110,15810
8,2,0.3,0.0,uniform,0,uniform,0.5,guarded,controlled,5,1,3,0.020140073486113685,0.028759630769491194,0.1646684993006745,0.12954628226844128,0.25,False,True,0.0018128834664821597,True,2520,21080
8,2,0.3,0.0,uniform,0,uniform,0.5,guarded,controlled,5,1,4,0.01860324248488965,0.026946747303009035,0.2590925645368826,0.0647731411342207,0.25,True,False,0.0,True,3375,26350
8,2,0.3,0.0,uniform,0,uniform,0.5,guarded,controlled,5,1,5,0.0186152281373273,0.026950819045305253,0.19447057714210025,0.04861764428552506,0.25,True,False,4.071742296218872e-06,True,4280,31620
8,2,0.3,0.0,uniform,0,uniform,0.5,guarded,controlled,5,1,6,0.018613903735448023,0.026955912262201308,0.14604206813072088,0.036510517032680205,0.25,True,False,5.093216896054353e-06,True,5155,36890
8,2,0.3,0.0,uniform,0,uniform,0.5,guarded,controlled,5,1,7,0.01873937629850042,0.027078700065612794,0.11411210442872013,0.036510517032680205,0.125,False,True,0.00012278780341148585,True,5860,42160
8,2,0.3,0.0,uniform,0,uniform,0.5,guarded,controlled,5,1,8,0.018613903735448023,0.026955912262201308,0.14604206813072088,0.018255258516340127,0.125,True,False,0.0,True,6735,47430
8,2,0.3,0.0,uniform,0,uniform,0.5,guarded,controlled,5,1,9,0.019650109589276266,0.0281330369412899,0.15489005512456788,0.018255258516340127,0.0625,False,True,0.0011771246790885925,True,7290,52700
8,2,0.3,0.0,uniform,0,uniform,0.5,guarded,controlled,5,1,10,0.018613903735448023,0.026955912262201308,0.14604206813072088,0.009127629258170025,0.0625,True,False,0.0,True,8165,57970
8,2,0.3,0.0,uniform,0,uniform,0.5,guarded,controlled,5,1,11,0.01947980459173415,0.02795155271887779,0.16183319404770646,0.009127629258170025,0.05,False,True,0.0009956404566764838,True,8680,63240
8,2,0.3,0.0,uniform,0,uniform,0.5,guarded,controlled,5,1,12,0.018613903735448023,0.026955912262201308,0.14604206813072088,0.00730210340653592,0.05,True,False,0.0,True,9555,68510
8,2,0.3,0.0,uniform,0,uniform,0.5,guarded,controlled,5,1,13,0.018623077140397015,0.026968203485012054,0.13919667881215247,0.006959833940607656,0.05,True,False,1.2291222810746627e-05,True,10560,73780
8,2,0.3,0.0,uniform,0,uniform,0.5,guarded,controlled,5,1,14,0.01987917585400778,0.02841775268316269,0.16234595401777646,0.006959833940607656,0.05,False,True,0.0014495491981506362,True,11210,79050
8,2,0.3,0.0,uniform,0,uniform,0.5,guarded,controlled,5,1,15,0.018623077140397015,0.026968203485012054,0.13919667881215247,0.006959833940607656,0.05,True,False,0.0,True,12215,84320
8,2,0.3,0.0,uniform,0,uniform,0.5,guarded,controlled,5,1,16,0.01987917585400778,0.02841775268316269,0.16234595401777646,0.006959833940607656,0.05,False,True,0.0014495491981506362,True,12865,89590
8,2,0.3,0.0,uniform,0,uniform,0.5,guarded,controlled,5,1,17,0.018623077140397015,0.026968203485012054,0.13919667881215247,0.006959833940607656,0.05,True,False,0.0,True,13870,94860
8,2,0.3,0.0,uniform,0,uniform,0.5,guarded,controlled,5,1,18,0.01987917585400778,0.02841775268316269,0.16234595401777646,0.006959833940607656,0.05,False,True,0.0014495491981506362,True,14520,100130
8,2,0.3,0.0,uniform,0,uniform,0.5,guarded,controlled,5,1,19,0.018623077140397015,0.026968203485012054,0.13919667881215247,0.006959833940607656,0.05,True,False,0.0,True,15525,105400
8,2,0.3,0.0,uniform,0,uniform,1.0,fixed,controlled,5,1,0,0.017646525594446683,0.027014396339654922,1.044928371395801,1.044928371395801,1.0,True,False,,True,515,5270
8,2,0.3,0.0,uniform,0,uniform,1.0,fixed,controlled,5,1,1,0.02041655676053633,0.029101648926734926,0.03688814118641527,0.03688814118641527,1.0,True,False,0.002087252587080004,True,1045,10540
8,2,0.3,0.0,uniform,0,uniform,1.0,fixed,controlled,5,1,2,0.021031228471859897,0.02979082763195038,0.008834282461363571,0.008834282461363571,1.0,True,False,0.0006891787052154541,True,1615,15810
8,2,0.3,0.0,uniform,0,uniform,1.0,fixed,controlled,5,1,3,0.02099636851465414,0.029747143387794495,0.0005682475004454724,0.0005682475004453666,1.0,True,False,-4.368424415588518e-05,True,2115,21080
8,2,0.3,0.0,uniform,0,uniform,1.0,adaptive,controlled,5,1,0,0.017646525594446683,0.027014396339654922,1.044928371395801,1.044928371395801,1.0,True,False,,True,515,5270
8,2,0.3,0.0,uniform,0,uniform,1.0,adaptive,controlled,5,1,1,0.02041655676053633,0.029101648926734926,0.03688814118641527,0.03688814118641527,1.0,True,False,0.002087252587080004,True,1045,10540
8,2,0.3,0.0,uniform,0,uniform,1.0,adaptive,controlled,5,1,2,0.021031228471859897,0.02979082763195038,0.008834282461363571,0.008834282461363571,1.0,True,False,0.0006891787052154541,True,1615,15810
8,2,0.3,0.0,uniform,0,uniform,1.0,adaptive,controlled,5,1,3,0.02099636851465414,0.029747143387794495,0.0005682475004454724,0.0005682475004453666,1.0,True,False,-4.368424415588518e-05,True,2115,21080
8,2,0.3,0.0,uniform,0,uniform,1.0,guarded,controlled,5,1,0,0.017646525594446683,0.027014396339654922,1.044928371395801,1.044928371395801,1.0,True,False,,True,515,5270
8,2,0.3,0.0,uniform,0,uniform,1.0,guarded,controlled,5,1,1,0.02041655676053633,0.029101648926734926,0.03688814118641527,1.044928371395801,0.5,False,True,0.002087252587080004,True,1045,10540
8,2,0.3,0.0,uniform,0,uniform,1.0,guarded,controlled,5,1,2,0.017646525594446683,0.027014396339654922,1.044928371395801,0.5224641856979005,0.5,True,False,0.0,True,1560,15810
8,2,0.3,0.0,uniform,0,uniform,1.0,guarded,controlled,5,1,3,0.01801387049130998,0.026994139701128007,0.5217092257735932,0.26085461288679657,0.5,True,False,-2.0256638526915116e-05,True,2300,21080
8,2,0.3,0.0,uniform,0,uniform,1.0,guarded,controlled,5,1,4,0.01860324248488965,0.026946747303009035,0.2590925645368826,0.12954628226844128,0.5,True,False,-4.7392398118972084e-05,True,3155,26350
8,2,0.3,0.0,uniform,0,uniform,1.0,guarded,controlled,5,1,5,0.020140073486113685,0.028759630769491194,0.1646684993006745,0.12954628226844128,0.25,False,True,0.0018128834664821597,True,3565,31620
8,2,0.3,0.0,uniform,0,uniform,1.0,guarded,controlled,5,1,6,0.01860324248488965,0.026946747303009035,0.2590925645368826,0.0647731411342207,0.25,True,False,0.0,True,4420,36890
8,2,0.3,0.0,uniform,0,uniform,1.0,guarded,controlled,5,1,7,0.0186152281373273,0.026950819045305253,0.19447057714210025,0.04861764428552506,0.25,True,False,4.071742296218872e-06,True,5325,42160
8,2,0.3,0.0,uniform,0,uniform,1.0,guarded,controlled,5,1,8,0.018613903735448023,0.026955912262201308,0.14604206813072088,0.036510517032680205,0.25,True,False,5.093216896054353e-06,True,6200,47430
8,2,0.3,0.0,uniform,0,uniform,1.0,guarded,controlled,5,1,9,0.01873937629850042,0.027078700065612794,0.11411210442872013,0.036510517032680205,0.125,False,True,0.00012278780341148585,True,6905,52700
8,2,0.3,0.0,uniform,0,uniform,1.0,guarded,controlled,5,1,10,0.018613903735448023,0.026955912262201308,0.14604206813072088,0.018255258516340127,0.125,True,False,0.0,True,7780,57970
8,2,0.3,0.0,uniform,0,uniform,1.0,guarded,controlled,5,1,11,0.019650109589276266,0.0281330369412899,0.15489005512456788,0.018255258516340127,0.0625,False,True,0.0011771246790885925,True,8335,63240
8,2,0.3,0.0,uniform,0,uniform,1.0,guarded,controlled,5,1,12,0.018613903735448023,0.026955912262201308,0.14604206813072088,0.009127629258170025,0.0625,True,False,0.0,True,9210,68510
8,2,0.3,0.0,uniform,0,uniform,1.0,guarded,controlled,5,1,13,0.01947980459173415,0.02795155271887779,0.16183319404770646,0.009127629258170025,0.05,False,True,0.0009956404566764838,True,9725,73780
8,2,0.3,0.0,uniform,0,uniform,1.0,guarded,controlled,5,1,14,0.018613903735448023,0.026955912262201308,0.14604206813072088,0.00730210340653592,0.05,True,False,0.0,True,10600,79050
8,2,0.3,0.0,uniform,0,uniform,1.0,guarded,controlled,5,1,15,0.018623077140397015,0.026968203485012054,0.13919667881215247,0.006959833940607656,0.05,True,False,1.2291222810746627e-05,True,11605,84320
8,2,0.3,0.0,uniform,0,uniform,1.0,guarded,controlled,5,1,16,0.01987917585400778,0.02841775268316269,0.16234595401777646,0.006959833940607656,0.05,False,True,0.0014495491981506362,True,12255,89590
8,2,0.3,0.0,uniform,0,uniform,1.0,guarded,controlled,5,1,17,0.018623077140397015,0.026968203485012054,0.13919667881215247,0.006959833940607656,0.05,True,False,0.0,True,13260,94860
8,2,0.3,0.0,uniform,0,uniform,1.0,guarded,controlled,5,1,18,0.01987917585400778,0.02841775268316269,0.16234595401777646,0.006959833940607656,0.05,False,True,0.0014495491981506362,True,13910,100130
8,2,0.3,0.0,uniform,0,uniform,1.0,guarded,controlled,5,1,19,0.018623077140397015,0.026968203485012054,0.13919667881215247,0.006959833940607656,0.05,True,False,0.0,True,14915,105400
9,2,0.3,0.0,uniform,0,uniform,0.0,fixed,controlled,5,1,0,0.010710592195331436,0.012724664248526096,1.342848355045061,0.0,0.0,False,False,,True,540,7410
9,2,0.3,0.0,uniform,0,uniform,0.0,adaptive,controlled,5,1,0,0.010710592195331436,0.012724664248526096,1.342848355045061,0.0,0.0,False,False,,True,540,7410
9,2,0.3,0.0,uniform,0,uniform,0.0,guarded,controlled,5,1,0,0.010710592195331436,0.012724664248526096,1.342848355045061,0.0,0.0,False,False,,True,540,7410
9,2,0.3,0.0,uniform,0,uniform,0.5,fixed,controlled,5,1,0,0.010710592195331436,0.012724664248526096,1.342848355045061,0.6714241775225305,0.5,True,False,,True,540,7410
9,2,0.3,0.0,uniform,0,uniform,0.5,fixed,controlled,5,1,1,0.0044643355325226786,0.008122214116156101,0.4634070679959308,0.2317035339979654,0.5,True,False,-0.004602450132369994,True,1580,14820
9,2,0.3,0.0,uniform,0,uniform,0.5,fixed,controlled,5,1,2,0.013511414418126755,0.028816396184265614,0.6648722884795042,0.3324361442397521,0.5,True,False,0.020694182068109513,True,1965,22230
9,2,0.3,0.0,uniform,0,uniform,0.5,fixed,controlled,5,1,3,0.013511426257547615,0.028816391713917255,0.3324361442397521,0.16621807211987605,0.5,True,False,-4.470348358848186e-09,True,2390,29640
9,2,0.3,0.0,uniform,0,uniform,0.5,fixed,controlled,5,1,4,0.013511426549809274,0.028816391713917255,0.16621807211987608,0.08310903605993804,0.5,True,False,0.0,True,2845,37050
9,2,0.3,0.0,uniform,0,uniform,0.5,fixed,controlled,5,1,5,0.013511426549809274,0.028816391713917255,0.08310903605993802,0.04155451802996901,0.5,True,False,0.0,True,3240,44460
9,2,0.3,0.0,uniform,0,uniform,0.5,fixed,controlled,5,1,6,0.013511426549809274,0.028816391713917255,0.04155451802996902,0.02077725901498456,0.5,True,False,0.0,True,3685,51870
9,2,0.3,0.0,uniform,0,uniform,0.5,fixed,controlled,5,1,7,0.013511423577541273,0.028816391341388227,0.020777259014984454,0.010388629507492227,0.5,True,False,-3.725290284584126e-10,True,4080,59280
9,2,0.3,0.0,uniform,0,uniform,0.5,fixed,controlled,5,1,8,0.013511426549809274,0.028816391713917255,0.010388629507492227,0.0051943147537461135,0.5,True,False,3.725290284584126e-10,True,4540,66690
9,2,0.3,0.0,uniform,0,uniform,0.5,fixed,controlled,5,1,9,0.013511426549809274,0.028816391713917255,0.0051943147537461135,0.002597157376873057,0.5,True,False,0.0,True,4920,74100
9,2,0.3,0.0,uniform,0,uniform,0.5,fixed,controlled,5,1,10,0.013511426549809274,0.028816391713917255,0.0025971573768730563,0.0012985786884365273,0.5,True,False,0.0,True,5355,81510
9,2,0.3,0.0,uniform,0,uniform,0.5,fixed,controlled,5,1,11,0.013511433371130505,0.028816395811736582,0.001298578688436529,0.0006492893442182649,0.5,True,False,4.097819326920327e-09,True,5735,88920
9,2,0.3,0.0,uniform,0,uniform,0.5,fixed,controlled,5,1,12,0.013511426549809274,0.028816391713917255,0.0006492893442182641,0.00032464467210918755,0.5,True,False,-4.097819326920327e-09,True,6155,96330
9,2,0.3,0.0,uniform,0,uniform,0.5,adaptive,controlled,5,1,0,0.010710592195331436,0.012724664248526096,1.342848355045061,0.6714241775225305,0.5,True,False,,True,540,7410
9,2,0.3,0.0,uniform,0,uniform,0.5,adaptive,controlled,5,1,1,0.0044643355325226786,0.008122214116156101,0.4634070679959308,0.2317035339979654,0.5,True,False,-0.004602450132369994,True,1580,14820
9,2,0.3,0.0,uniform,0,uniform,0.5,adaptive,controlled,5,1,2,0.013511414418126755,0.028816396184265614,0.6648722884795042,0.16621807211987605,0.25,True,False,0.020694182068109513,True,1965,22230
9,2,0.3,0.0,uniform,0,uniform,0.5,adaptive,controlled,5,1,3,0.01351142981433906,0.028816391341388227,0.49865421635962814,0.12466355408990704,0.25,True,False,-4.842877387306599e-09,True,2375,29640
9,2,0.3,0.0,uniform,0,uniform,0.5,adaptive,controlled,5,1,4,0.013511426257547615,0.028816391713917255,0.3739906622697211,0.09349766556743025,0.25,True,False,3.725290284584126e-10,True,2815,37050
9,2,0.3,0.0,uniform,0,uniform,0.5,adaptive,controlled,5,1,5,0.013511429522077442,0.028816389851272106,0.2804929967022909,0.07012324917557275,0.25,True,False,-1.862645149230957e-09,True,3210,44460
9,2,0.3,0.0,uniform,0,uniform,0.5,adaptive,controlled,5,1,6,0.013511433371130505,0.028816395811736582,0.21036974752671814,0.0525924368816795,0.25,True,False,5.960464476151284e-09,True,3655,51870
9,2,0.3,0.0,uniform,0,uniform,0.5,adaptive,controlled,5,1,7,0.013511422116232907,0.028816396184265614,0.15777731064503864,0.03944432766125969,0.25,True,False,3.725290319278596e-10,True,4020,59280
9,2,0.3,0.0,uniform,0,uniform,0.5,adaptive,controlled,5,1,8,0.013511426257547615,0.028816391713917255,0.11833298298377895,0.02958324574594468,0.25,True,False,-4.470348358848186e-09,True,4450,66690
9,2,0.3,0.0,uniform,0,uniform,0.5,adaptive,controlled,5,1,9,0.013511426549809274,0.028816391713917255,0.08874973723783428,0.022187434309458565,0.25,True,False,0.0,True,4855,74100
9,2,0.3,0.0,uniform,0,uniform,0.5,adaptive,controlled,5,1,10,0.013511425965285984,0.028816388733685017,0.0665623029283757,0.016640575732093953,0.25,True,False,-2.980232238075642e-09,True,5215,81510
9,2,0.3,0.0,uniform,0,uniform,0.5,adaptive,controlled,5,1,11,0.013511414418126755,0.028816396184265614,0.049921727196281754,0.012480431799070383,0.25,True,False,7.450580596923828e-09,True,5605,88920
9,2,0.3,0.0,uniform,0,uniform,0.5,adaptive,controlled,5,1,12,0.013511423577541273,0.028816391341388227,0.037441295397211374,0.009360323849302899,0.25,True,False,-4.842877387306599e-09,True,5990,96330
9,2,0.3,0.0,uniform,0,uniform,0.5,adaptive,controlled,5,1,13,0.013511429522077442,0.028816389851272106,0.028080971547908472,0.007020242886977063,0.25,True,False,-1.4901161207725444e-09,True,6380,103740
9,2,0.3,0.0,uniform,0,uniform,0.5,adaptive,controlled,5,1,14,0.013511410861335255,0.028816396184265614,0.021060728660931408,0.005265182165232905,0.25,True,False,6.332993508079143e-09,True,6785,111150
9,2,0.3,0.0,uniform,0,uniform,0.5,adaptive,controlled,5,1,15,0.013511426257547615,0.028816391713917255,0.015795546495698504,0.003948886623924599,0.25,True,False,-4.470348358848186e-09,True,7220,118560
9,2,0.3,0.0,uniform,0,uniform,0.5,adaptive,controlled,5,1,16,0.013511433371130505,0.028816395811736582,0.011846659871773904,0.0029616649679435284,0.25,True,False,4.097819326920327e-09,True,7665,125970
9,2,0.3,0.0,uniform,0,uniform,0.5,adaptive,controlled,5,1,17,0.013511426549809274,0.028816391713917255,0.008884994903830375,0.0022212487259576216,0.25,True,False,-4.097819326920327e-09,True,8100,133380
9,2,0.3,0.0,uniform,0,uniform,0.5,adaptive,controlled,5,1,18,0.013511429522077442,0.028816389851272106,0.006663746177872754,0.001665936544468216,0.25,True,False,-1.862645149230957e-09,True,8475,140790
9,2,0.3,0.0,uniform,0,uniform,0.5,adaptive,controlled,5,1,19,0.013511433371130505,0.028816395811736582,0.004997809633404538,0.0012494524083511071,0.25,True,False,5.960464476151284e-09,True,8825,148200
9,2,0.3,0.0,uniform,0,uniform,0.5,guarded,controlled,5,1,0,0.010710592195331436,0.012724664248526096,1.342848355045061,0.6714241775225305,0.5,True,False,,True,540,7410
9,2,0.3,0.0,uniform,0,uniform,0.5,guarded,controlled,5,1,1,0.0044643355325226786,0.008122214116156101,0.4634070679959308,0.2317035339979654,0.5,True,False,-0.004602450132369994,True,1580,14820
9,2,0.3,0.0,uniform,0,uniform,0.5,guarded,controlled,5,1,2,0.013511414418126755,0.028816396184265614,0.6648722884795042,0.2317035339979654,0.25,False,True,0.020694182068109513,True,1965,22230
9,2,0.3,0.0,uniform,0,uniform,0.5,guarded,controlled,5,1,3,0.0044643355325226786,0.008122214116156101,0.4634070679959308,0.11585176699898271,0.25,True,False,0.0,True,3005,29640
9,2,0.3,0.0,uniform,0,uniform,0.5,guarded,controlled,5,1,4,0.013452887720213108,0.02873320262879133,0.7807240554784869,0.11585176699898271,0.125,False,True,0.02061098851263523,True,3455,37050
9,2,0.3,0.0,uniform,0,uniform,0.5,guarded,controlled,5,1,5,0.0044643355325226786,0.008122214116156101,0.4634070679959308,0.057925883499491335,0.125,True,False,0.0,True,4495,44460
9,2,0.3,0.0,uniform,0,uniform,0.5,guarded,controlled,5,1,6,0.013692570288777753,0.02909736018627882,0.8386499389779782,0.057925883499491335,0.0625,False,True,0.02097514607012272,True,4750,51870
9,2,0.3,0.0,uniform,0,uniform,0.5,guarded,controlled,5,1,7,0.0044643355325226786,0.008122214116156101,0.4634070679959308,0.02896294174974566,0.0625,True,False,0.0,True,5790,59280
9,2,0.3,0.0,uniform,0,uniform,0.5,guarded,controlled,5,1,8,0.013820413452480917,0.02925084065645933,0.8676128807277239,0.02896294174974566,0.05,False,True,0.02112862654030323,True,6015,66690
9,2,0.3,0.0,uniform,0,uniform,0.5,guarded,controlled,5,1,9,0.0044643355325226786,0.008122214116156101,0.4634070679959308,0.023170353399796548,0.05,True,False,0.0,True,7055,74100
9,2,0.3,0.0,uniform,0,uniform,0.5,guarded,controlled,5,1,10,0.013826784150372202,0.029271820001304148,0.8734054690776731,0.023170353399796548,0.05,False,True,0.021149605885148047,True,7280,81510
9,2,0.3,0.0,uniform,0,uniform,0.5,guarded,controlled,5,1,11,0.0044643355325226786,0.008122214116156101,0.4634070679959308,0.023170353399796548,0.05,True,False,0.0,True,8320,88920
9,2,0.3,0.0,uniform,0,uniform,0.5,guarded,controlled,5,1,12,0.013826784150372202,0.029271820001304148,0.8734054690776731,0.023170353399796548,0.05,False,True,0.021149605885148047,True,8545,96330
9,2,0.3,0.0,uniform,0,uniform,0.5,guarded,controlled,5,1,13,0.0044643355325226786,0.008122214116156101,0.4634070679959308,0.023170353399796548,0.05,True,False,0.0,True,9585,103740
9,2,0.3,0.0,uniform,0,uniform,0.5,guarded,controlled,5,1,14,0.013826784150372202,0.029271820001304148,0.8734054690776731,0.023170353399796548,0.05,False,True,0.021149605885148047,True,9810,111150
9,2,0.3,0.0,uniform,0,uniform,0.5,guarded,controlled,5,1,15,0.0044643355325226786,0.008122214116156101,0.4634070679959308,0.023170353399796548,0.05,True,False,0.0,True,10850,118560
9,2,0.3,0.0,uniform,0,uniform,0.5,guarded,controlled,5,1,16,0.013826784150372202,0.029271820001304148,0.8734054690776731,0.023170353399796548,0.05,False,True,0.021149605885148047,True,11075,125970
9,2,0.3,0.0,uniform,0,uniform,0.5,guarded,controlled,5,1,17,0.0044643355325226786,0.008122214116156101,0.4634070679959308,0.023170353399796548,0.05,True,False,0.0,True,12115,133380
9,2,0.3,0.0,uniform,0,uniform,0.5,guarded,controlled,5,1,18,0.013826784150372202,0.029271820001304148,0.8734054690776731,0.023170353399796548,0.05,False,True,0.021149605885148047,True,12340,140790
9,2,0.3,0.0,uniform,0,uniform,0.5,guarded,controlled,5,1,19,0.0044643355325226786,0.008122214116156101,0.4634070679959308,0.023170353399796548,0.05,True,False,0.0,True,13380,148200
9,2,0.3,0.0,uniform,0,uniform,1.0,fixed,controlled,5,1,0,0.010710592195331436,0.012724664248526096,1.342848355045061,1.342848355045061,1.0,True,False,,True,540,7410
9,2,0.3,0.0,uniform,0,uniform,1.0,fixed,controlled,5,1,1,0.01351142981433906,0.028816391341388227,0.22515164495493917,0.22515164495493917,1.0,True,False,0.01609172709286213,True,970,14820
9,2,0.3,0.0,uniform,0,uniform,1.0,fixed,controlled,5,1,2,0.013511433371130505,0.028816395811736582,0.0,0.0,1.0,True,False,4.470348355378739e-09,True,1320,22230
9,2,0.3,0.0,uniform,0,uniform,1.0,adaptive,controlled,5,1,0,0.010710592195331436,0.012724664248526096,1.342848355045061,1.342848355045061,1.0,True,False,,True,540,7410
9,2,0.3,0.0,uniform,0,uniform,1.0,adaptive,controlled,5,1,1,0.01351142981433906,0.028816391341388227,0.22515164495493917,0.22515164495493917,1.0,True,False,0.01609172709286213,True,970,14820
9,2,0.3,0.0,uniform,0,uniform,1.0,adaptive,controlled,5,1,2,0.013511433371130505,0.028816395811736582,0.0,0.0,1.0,True,False,4.470348355378739e-09,True,1320,22230
9,2,0.3,0.0,uniform,0,uniform,1.0,guarded,controlled,5,1,0,0.010710592195331436,0.012724664248526096,1.342848355045061,1.342848355045061,1.0,True,False,,True,540,7410
9,2,0.3,0.0,uniform,0,uniform,1.0,guarded,controlled,5,1,1,0.01351142981433906,0.028816391341388227,0.22515164495493917,1.342848355045061,0.5,False,True,0.01609172709286213,True,970,14820
9,2,0.3,0.0,uniform,0,uniform,1.0,guarded,controlled,5,1,2,0.010710592195331436,0.012724664248526096,1.342848355045061,0.6714241775225305,0.5,True,False,0.0,True,1510,22230
9,2,0.3,0.0,uniform,0,uniform,1.0,guarded,controlled,5,1,3,0.0044643355325226786,0.008122214116156101,0.4634070679959308,0.2317035339979654,0.5,True,False,-0.004602450132369994,True,2550,29640
9,2,0.3,0.0,uniform,0,uniform,1.0,guarded,controlled,5,1,4,0.013511414418126755,0.028816396184265614,0.6648722884795042,0.2317035339979654,0.25,False,True,0.020694182068109513,True,2935,37050
9,2,0.3,0.0,uniform,0,uniform,1.0,guarded,controlled,5,1,5,0.0044643355325226786,0.008122214116156101,0.4634070679959308,0.11585176699898271,0.25,True,False,0.0,True,3975,44460
9,2,0.3,0.0,uniform,0,uniform,1.0,guarded,controlled,5,1,6,0.013452887720213108,0.02873320262879133,0.7807240554784869,0.11585176699898271,0.125,False,True,0.02061098851263523,True,4425,51870
9,2,0.3,0.0,uniform,0,uniform,1.0,guarded,controlled,5,1,7,0.0044643355325226786,0.008122214116156101,0.4634070679959308,0.057925883499491335,0.125,True,False,0.0,True,5465,59280
9,2,0.3,0.0,uniform,0,uniform,1.0,guarded,controlled,5,1,8,0.013692570288777753,0.02909736018627882,0.8386499389779782,0.057925883499491335,0.0625,False,True,0.02097514607012272,True,5720,66690
9,2,0.3,0.0,uniform,0,uniform,1.0,guarded,controlled,5,1,9,0.0044643355325226786,0.008122214116156101,0.4634070679959308,0.02896294174974566,0.0625,True,False,0.0,True,6760,74100
9,2,0.3,0.0,uniform,0,uniform,1.0,guarded,controlled,5,1,10,0.013820413452480917,0.02925084065645933,0.8676128807277239,0.02896294174974566,0.05,False,True,0.02112862654030323,True,6985,81510
9,2,0.3,0.0,uniform,0,uniform,1.0,guarded,controlled,5,1,11,0.0044643355325226786,0.008122214116156101,0.4634070679959308,0.023170353399796548,0.05,True,False,0.0,True,8025,88920
9,2,0.3,0.0,uniform,0,uniform,1.0,guarded,controlled,5,1,12,0.013826784150372202,0.029271820001304148,0.8734054690776731,0.023170353399796548,0.05,False,True,0.021149605885148047,True,8250,96330
9,2,0.3,0.0,uniform,0,uniform,1.0,guarded,controlled,5,1,13,0.0044643355325226786,0.008122214116156101,0.4634070679959308,0.023170353399796548,0.05,True,False,0.0,True,9290,103740
9,2,0.3,0.0,uniform,0,uniform,1.0,guarded,controlled,5,1,14,0.013826784150372202,0.029271820001304148,0.8734054690776731,0.023170353399796548,0.05,False,True,0.021149605885148047,True,9515,111150
9,2,0.3,0.0,uniform,0,uniform,1.0,guarded,controlled,5,1,15,0.0044643355325226786,0.008122214116156101,0.4634070679959308,0.023170353399796548,0.05,True,False,0.0,True,10555,118560
9,2,0.3,0.0,uniform,0,uniform,1.0,guarded,controlled,5,1,16,0.013826784150372202,0.029271820001304148,0.8734054690776731,0.023170353399796548,0.05,False,True,0.021149605885148047,True,10780,125970
9,2,0.3,0.0,uniform,0,uniform,1.0,guarded,controlled,5,1,17,0.0044643355325226786,0.008122214116156101,0.4634070679959308,0.023170353399796548,0.05,True,False,0.0,True,11820,133380
9,2,0.3,0.0,uniform,0,uniform,1.0,guarded,controlled,5,1,18,0.013826784150372202,0.029271820001304148,0.8734054690776731,0.023170353399796548,0.05,False,True,0.021149605885148047,True,12045,140790
9,2,0.3,0.0,uniform,0,uniform,1.0,guarded,controlled,5,1,19,0.0044643355325226786,0.008122214116156101,0.4634070679959308,0.023170353399796548,0.05,True,False,0.0,True,13085,148200
10,2,0.3,0.0,uniform,0,uniform,0.0,fixed,controlled,5,1,0,0.0074716008081772145,0.013464028760790826,0.44784940249970884,0.0,0.0,False,False,,True,475,405
10,2,0.3,0.0,uniform,0,uniform,0.0,adaptive,controlled,5,1,0,0.0074716008081772145,0.013464028760790826,0.44784940249970884,0.0,0.0,False,False,,True,475,405
10,2,0.3,0.0,uniform,0,uniform,0.0,guarded,controlled,5,1,0,0.0074716008081772145,0.013464028760790826,0.44784940249970884,0.0,0.0,False,False,,True,475,405
10,2,0.3,0.0,uniform,0,uniform,0.5,fixed,controlled,5,1,0,0.0074716008081772145,0.013464028760790826,0.44784940249970884,0.22392470124985447,0.5,True,False,,True,475,405
10,2,0.3,0.0,uniform,0,uniform,0.5,fixed,controlled,5,1,1,0.008868004352213577,0.015734877064824106,0.2623587437478523,0.13117937187392614,0.5,True,False,0.00227084830403328,True,860,810
10,2,0.3,0.0,uniform,0,uniform,0.5,fixed,controlled,5,1,2,0.0021931123807696906,0.013885322585701942,0.09940987844394258,0.04970493922197132,0.5,True,False,-0.0018495544791221636,True,1250,1215
10,2,0.3,0.0,uniform,0,uniform,0.5,fixed,controlled,5,1,3,0.0046762822254744485,0.014026382192969322,0.0519809425483635,0.025990471274181706,0.5,True,False,0.00014105960726737941,True,1645,1620
10,2,0.3,0.0,uniform,0,uniform,0.5,fixed,controlled,5,1,4,0.005243861302894448,0.014041544124484062,0.026236467190378678,0.013118233595189308,0.5,True,False,1.516193151473999e-05,True,2030,2025
10,2,0.3,0.0,uniform,0,uniform,0.5,fixed,controlled,5,1,5,0.005448014304793247,0.014046664163470269,0.013201363912798872,0.006600681956399408,0.5,True,False,5.1200389862074425e-06,True,2280,2430
10,2,0.3,0.0,uniform,0,uniform,0.5,fixed,controlled,5,1,6,0.005907629719192009,0.013874388858675956,0.0038200829816952206,0.0019100414908476554,0.5,True,False,-0.00017227530479431256,True,2890,2835
10,2,0.3,0.0,uniform,0,uniform,0.5,fixed,controlled,5,1,7,0.005831742058994394,0.01391986794769764,0.0026408022557349586,0.0013204011278674238,0.5,True,False,4.547908902168343e-05,True,3380,3240
10,2,0.3,0.0,uniform,0,uniform,0.5,fixed,controlled,5,1,8,0.005837062765940537,0.01392250917851925,0.0013629128160112594,0.0006814564080056748,0.5,True,False,2.641230821609497e-06,True,3745,3645
10,2,0.3,0.0,uniform,0,uniform,0.5,fixed,controlled,5,1,9,0.005819093708784084,0.013929181918501853,0.00078889227061818,0.0003944461353091039,0.5,True,False,6.67273998260394e-06,True,4035,4050
10,2,0.3,0.0,uniform,0,uniform,0.5,adaptive,controlled,5,1,0,0.0074716008081772145,0.013464028760790826,0.44784940249970884,0.22392470124985447,0.5,True,False,,True,475,405
10,2,0.3,0.0,uniform,0,uniform,0.5,adaptive,controlled,5,1,1,0.008868004352213577,0.015734877064824106,0.2623587437478523,0.13117937187392614,0.5,True,False,0.00227084830403328,True,860,810
10,2,0.3,0.0,uniform,0,uniform,0.5,adaptive,controlled,5,1,2,0.0021931123807696906,0.013885322585701942,0.09940987844394258,0.04970493922197132,0.5,True,False,-0.0018495544791221636,True,1250,1215
10,2,0.3,0.0,uniform,0,uniform,0.5,adaptive,controlled,5,1,3,0.0046762822254744485,0.014026382192969322,0.0519809425483635,0.025990471274181706,0.5,True,False,0.00014105960726737941,True,1645,1620
10,2,0.3,0.0,uniform,0,uniform,0.5,adaptive,controlled,5,1,4,0.005243861302894448,0.014041544124484062,0.026236467190378678,0.013118233595189308,0.5,True,False,1.516193151473999e-05,True,2030,2025
10,2,0.3,0.0,uniform,0,uniform,0.5,adaptive,controlled,5,1,5,0.005448014304793247,0.014046664163470269,0.013201363912798872,0.006600681956399408,0.5,True,False,5.1200389862074425e-06,True,2280,2430
10,2,0.3,0.0,uniform,0,uniform,0.5,adaptive,controlled,5,1,6,0.005907629719192009,0.013874388858675956,0.0038200829816952206,0.0019100414908476554,0.5,True,False,-0.00017227530479431256,True,2890,2835
10,2,0.3,0.0,uniform,0,uniform,0.5,adaptive,controlled,5,1,7,0.005831742058994394,0.01391986794769764,0.0026408022557349586,0.0013204011278674238,0.5,True,False,4.547908902168343e-05,True,3380,3240
10,2,0.3,0.0,uniform,0,uniform,0.5,adaptive,controlled,5,1,8,0.005837062765940537,0.01392250917851925,0.0013629128160112594,0.0006814564080056748,0.5,True,False,2.641230821609497e-06,True,3745,3645
10,2,0.3,0.0,uniform,0,uniform,0.5,adaptive,controlled,5,1,9,0.005819093708784084,0.013929181918501853,0.00078889227061818,0.0003944461353091039,0.5,True,False,6.67273998260394e-06,True,4035,4050
10,2,0.3,0.0,uniform,0,uniform,0.5,guarded,controlled,5,1,0,0.0074716008081772145,0.013464028760790826,0.44784940249970884,0.22392470124985447,0.5,True,False,,True,475,405
10,2,0.3,0.0,uniform,0,uniform,0.5,guarded,controlled,5,1,1,0.008868004352213577,0.015734877064824106,0.2623587437478523,0.22392470124985447,0.25,False,True,0.00227084830403328,True,860,810
10,2,0.3,0.0,uniform,0,uniform,0.5,guarded,controlled,5,1,2,0.0074716008081772145,0.013464028760790826,0.44784940249970884,0.11196235062492718,0.25,True,False,0.0,True,1335,1215
10,2,0.3,0.0,uniform,0,uniform,0.5,guarded,controlled,5,1,3,0.006143624292587191,0.012686240300536156,0.32408298666914037,0.08102074666728512,0.25,True,False,-0.0007777884602546692,True,1960,1620
10,2,0.3,0.0,uniform,0,uniform,0.5,guarded,controlled,5,1,4,0.009059617663251585,0.015809329226613045,0.2946724497905877,0.08102074666728512,0.125,False,True,0.0031230889260768883,True,2650,2025
10,2,0.3,0.0,uniform,0,uniform,0.5,guarded,controlled,5,1,5,0.006143624292587191,0.012686240300536156,0.32408298666914037,0.040510373333642546,0.125,True,False,0.0,True,3275,2430
10,2,0.3,0.0,uniform,0,uniform,0.5,guarded,controlled,5,1,6,0.005727811647545877,0.012922337278723717,0.28708942263780174,0.040510373333642546,0.0625,False,True,0.00023609697818756034,True,3975,2835
10,2,0.3,0.0,uniform,0,uniform,0.5,guarded,controlled,5,1,7,0.006143624292587191,0.012686240300536156,0.32408298666914037,0.020255186666821245,0.0625,True,False,0.0,True,4600,3240
10,2,0.3,0.0,uniform,0,uniform,0.5,guarded,controlled,5,1,8,0.006543912499020976,0.012487271055579185,0.3009074340234675,0.018806714626466686,0.0625,True,False,-0.0001989692449569716,True,5035,3645
10,2,0.3,0.0,uniform,0,uniform,0.5,guarded,controlled,5,1,9,0.005728732965749828,0.012922107800841331,0.28853444892265045,0.018806714626466686,0.05,False,True,0.00043483674526214634,True,5935,4050
10,2,0.3,0.0,uniform,0,uniform,0.5,guarded,controlled,5,1,10,0.006543912499020976,0.012487271055579185,0.3009074340234675,0.015045371701173371,0.05,True,False,0.0,True,6370,4455
10,2,0.3,0.0,uniform,0,uniform,0.5,guarded,controlled,5,1,11,0.005688588538055761,0.012961609289050102,0.2928897284718823,0.015045371701173371,0.05,False,True,0.00047433823347091744,True,6925,4860
10,2,0.3,0.0,uniform,0,uniform,0.5,guarded,controlled,5,1,12,0.006543912499020976,0.012487271055579185,0.3009074340234675,0.015045371701173371,0.05,True,False,0.0,True,7360,5265
10,2,0.3,0.0,uniform,0,uniform,0.5,guarded,controlled,5,1,13,0.005688588538055761,0.012961609289050102,0.2928897284718823,0.015045371701173371,0.05,False,True,0.00047433823347091744,True,7915,5670
10,2,0.3,0.0,uniform,0,uniform,0.5,guarded,controlled,5,1,14,0.006543912499020976,0.012487271055579185,0.3009074340234675,0.015045371701173371,0.05,True,False,0.0,True,8350,6075
10,2,0.3,0.0,uniform,0,uniform,0.5,guarded,controlled,5,1,15,0.005688588538055761,0.012961609289050102,0.2928897284718823,0.015045371701173371,0.05,False,True,0.00047433823347091744,True,8905,6480
10,2,0.3,0.0,uniform,0,uniform,0.5,guarded,controlled,5,1,16,0.006543912499020976,0.012487271055579185,0.3009074340234675,0.015045371701173371,0.05,True,False,0.0,True,9340,6885
10,2,0.3,0.0,uniform,0,uniform,0.5,guarded,controlled,5,1,17,0.005688588538055761,0.012961609289050102,0.2928897284718823,0.015045371701173371,0.05,False,True,0.00047433823347091744,True,9895,7290
10,2,0.3,0.0,uniform,0,uniform,0.5,guarded,controlled,5,1,18,0.006543912499020976,0.012487271055579185,0.3009074340234675,0.015045371701173371,0.05,True,False,0.0,True,10330,7695
10,2,0.3,0.0,uniform,0,uniform,0.5,guarded,controlled,5,1,19,0.005688588538055761,0.012961609289050102,0.2928897284718823,0.015045371701173371,0.05,False,True,0.00047433823347091744,True,10885,8100
10,2,0.3,0.0,uniform,0,uniform,1.0,fixed,controlled,5,1,0,0.0074716008081772145,0.013464028760790826,0.44784940249970884,0.44784940249970884,1.0,True,False,,True,475,405
10,2,0.3,0.0,uniform,0,uniform,1.0,fixed,controlled,5,1,1,0.005610217080551649,0.014044444635510444,0.009233638067710395,0.009233638067710395,1.0,True,False,0.0005804158747196187,True,845,810
10,2,0.3,0.0,uniform,0,uniform,1.0,fixed,controlled,5,1,2,0.006736107168438199,0.013347023352980613,0.011050037621456253,0.011050037621456253,1.0,True,False,-0.0006974212825298313,True,1400,1215
10,2,0.3,0.0,uniform,0,uniform,1.0,fixed,controlled,5,1,3,0.005523791606029338,0.014046743139624595,0.01108736069668164,0.01108736069668164,1.0,True,False,0.0006997197866439823,True,1735,1620
10,2,0.3,0.0,uniform,0,uniform,1.0,fixed,controlled,5,1,4,0.006788285904162805,0.013315312191843986,0.01157711185005289,0.01157711185005289,1.0,True,False,-0.0007314309477806091,True,2290,2025
10,2,0.3,0.0,uniform,0,uniform,1.0,fixed,controlled,5,1,5,0.00551387647158208,0.01404573880136013,0.011560802670662097,0.011560802670662097,1.0,True,False,0.0007304266095161435,True,2585,2430
10,2,0.3,0.0,uniform,0,uniform,1.0,fixed,controlled,5,1,6,0.006897600461201137,0.013272499665617943,0.012220301045582624,0.012220301045582624,1.0,True,False,-0.0007732391357421868,True,3585,2835
10,2,0.3,0.0,uniform,0,uniform,1.0,fixed,controlled,5,1,7,0.005501430115693928,0.014044320210814476,0.012197266917298652,0.012197266917298631,1.0,True,False,0.0007718205451965332,True,3885,3240
10,2,0.3,0.0,uniform,0,uniform,1.0,fixed,controlled,5,1,8,0.00672613146737433,0.013357774540781974,0.010881730206095654,0.010881730206095654,1.0,True,False,-0.0006865456700325019,True,4475,3645
10,2,0.3,0.0,uniform,0,uniform,1.0,fixed,controlled,5,1,9,0.005553288429595682,0.014047425612807274,0.010932156676653544,0.010932156676653544,1.0,True,False,0.0006896510720253001,True,4875,4050
10,2,0.3,0.0,uniform,0,uniform,1.0,fixed,controlled,5,1,10,0.006759006951266855,0.013335688784718514,0.01127361995017917,0.01127361995017917,1.0,True,False,-0.00071173682808876,True,5405,4455
10,2,0.3,0.0,uniform,0,uniform,1.0,fixed,controlled,5,1,11,0.00551544055909492,0.014047468081116676,0.011274309640740797,0.011274309640740846,1.0,True,False,0.0007117792963981621,True,5740,4860
10,2,0.3,0.0,uniform,0,uniform,1.0,fixed,controlled,5,1,12,0.0064076540538304805,0.013552608713507653,0.00789774315942103,0.00789774315942103,1.0,True,False,-0.0004948593676090234,True,6090,5265
10,2,0.3,0.0,uniform,0,uniform,1.0,fixed,controlled,5,1,13,0.005869713104823759,0.013909218832850456,0.0056635282640147555,0.0056635282640147555,1.0,True,False,0.00035661011934280326,True,6630,5670
10,2,0.3,0.0,uniform,0,uniform,1.0,fixed,controlled,5,1,14,0.005972937217862739,0.013842817768454552,0.001065347072839437,0.001065347072839437,1.0,True,False,-6.64010643959042e-05,True,7035,6075
10,2,0.3,0.0,uniform,0,uniform,1.0,fixed,controlled,5,1,15,0.00581923713551058,0.01392395757138729,0.0013024959250459434,0.0013024959250459434,1.0,True,False,8.113980293273856e-05,True,7400,6480
10,2,0.3,0.0,uniform,0,uniform,1.0,fixed,controlled,5,1,16,0.005968109478239114,0.013840441033244133,0.0013405360718461226,0.0013405360718461226,1.0,True,False,-8.351653814315727e-05,True,7810,6885
10,2,0.3,0.0,uniform,0,uniform,1.0,fixed,controlled,5,1,17,0.005821170108124107,0.013923774287104607,0.0013375854777445198,0.0013375854777445198,1.0,True,False,8.333325386047398e-05,True,8175,7290
10,2,0.3,0.0,uniform,0,uniform,1.0,fixed,controlled,5,1,18,0.00595949951244279,0.013839858397841454,0.00134690970664781,0.0013469097066477614,1.0,True,False,-8.391588926315308e-05,True,8665,7695
10,2,0.3,0.0,uniform,0,uniform,1.0,fixed,controlled,5,1,19,0.005824484098343241,0.013923520222306252,0.0013428197187441496,0.0013428197187441288,1.0,True,False,8.366182446479728e-05,True,9030,8100
10,2,0.3,0.0,uniform,0,uniform,1.0,adaptive,controlled,5,1,0,0.0074716008081772145,0.013464028760790826,0.44784940249970884,0.44784940249970884,1.0,True,False,,True,475,405
10,2,0.3,0.0,uniform,0,uniform,1.0,adaptive,controlled,5,1,1,0.005610217080551649,0.014044444635510444,0.009233638067710395,0.009233638067710395,1.0,True,False,0.0005804158747196187,True,845,810
10,2,0.3,0.0,uniform,0,uniform,1.0,adaptive,controlled,5,1,2,0.006736107168438199,0.013347023352980613,0.011050037621456253,0.005525018810728061,0.5,True,False,-0.0006974212825298313,True,1400,1215
10,2,0.3,0.0,uniform,0,uniform,1.0,adaptive,controlled,5,1,3,0.005730494755965765,0.01398615948855877,0.00458061805677476,0.0022903090283873523,0.5,True,False,0.0006391361355781566,True,1730,1620
10,2,0.3,0.0,uniform,0,uniform,1.0,adaptive,controlled,5,1,4,0.005818661094789679,0.01392398588359356,0.00128719545405101,0.0006435977270255536,0.5,True,False,-6.217360496521031e-05,True,2095,2025
10,2,0.3,0.0,uniform,0,uniform,1.0,adaptive,controlled,5,1,5,0.005825987611544292,0.013928481563925742,0.0007159833671812332,0.00035799168359058886,0.5,True,False,4.495680332183144e-06,True,2385,2430
10,2,0.3,0.0,uniform,0,uniform,1.0,guarded,controlled,5,1,0,0.0074716008081772145,0.013464028760790826,0.44784940249970884,0.44784940249970884,1.0,True,False,,True,475,405
10,2,0.3,0.0,uniform,0,uniform,1.0,guarded,controlled,5,1,1,0.005610217080551649,0.014044444635510444,0.009233638067710395,0.44784940249970884,0.5,False,True,0.0005804158747196187,True,845,810
10,2,0.3,0.0,uniform,0,uniform,1.0,guarded,controlled,5,1,2,0.0074716008081772145,0.013464028760790826,0.44784940249970884,0.22392470124985447,0.5,True,False,0.0,True,1320,1215
10,2,0.3,0.0,uniform,0,uniform,1.0,guarded,controlled,5,1,3,0.008868004352213577,0.015734877064824106,0.2623587437478523,0.22392470124985447,0.25,False,True,0.00227084830403328,True,1705,1620
10,2,0.3,0.0,uniform,0,uniform,1.0,guarded,controlled,5,1,4,0.0074716008081772145,0.013464028760790826,0.44784940249970884,0.11196235062492718,0.25,True,False,0.0,True,2180,2025
10,2,0.3,0.0,uniform,0,uniform,1.0,guarded,controlled,5,1,5,0.006143624292587191,0.012686240300536156,0.32408298666914037,0.08102074666728512,0.25,True,False,-0.0007777884602546692,True,2805,2430
10,2,0.3,0.0,uniform,0,uniform,1.0,guarded,controlled,5,1,6,0.009059617663251585,0.015809329226613045,0.2946724497905877,0.08102074666728512,0.125,False,True,0.0031230889260768883,True,3495,2835
10,2,0.3,0.0,uniform,0,uniform,1.0,guarded,controlled,5,1,7,0.006143624292587191,0.012686240300536156,0.32408298666914037,0.040510373333642546,0.125,True,False,0.0,True,4120,3240
10,2,0.3,0.0,uniform,0,uniform,1.0,guarded,controlled,5,1,8,0.005727811647545877,0.012922337278723717,0.28708942263780174,0.040510373333642546,0.0625,False,True,0.00023609697818756034,True,4820,3645
10,2,0.3,0.0,uniform,0,uniform,1.0,guarded,controlled,5,1,9,0.006143624292587191,0.012686240300536156,0.32408298666914037,0.020255186666821245,0.0625,True,False,0.0,True,5445,4050
10,2,0.3,0.0,uniform,0,uniform,1.0,guarded,controlled,5,1,10,0.006543912499020976,0.012487271055579185,0.3009074340234675,0.018806714626466686,0.0625,True,False,-0.0001989692449569716,True,5880,4455
10,2,0.3,0.0,uniform,0,uniform,1.0,guarded,controlled,5,1,11,0.005728732965749828,0.012922107800841331,0.28853444892265045,0.018806714626466686,0.05,False,True,0.00043483674526214634,True,6780,4860
10,2,0.3,0.0,uniform,0,uniform,1.0,guarded,controlled,5,1,12,0.006543912499020976,0.012487271055579185,0.3009074340234675,0.015045371701173371,0.05,True,False,0.0,True,7215,5265
10,2,0.3,0.0,uniform,0,uniform,1.0,guarded,controlled,5,1,13,0.005688588538055761,0.012961609289050102,0.2928897284718823,0.015045371701173371,0.05,False,True,0.00047433823347091744,True,7770,5670
10,2,0.3,0.0,uniform,0,uniform,1.0,guarded,controlled,5,1,14,0.006543912499020976,0.012487271055579185,0.3009074340234675,0.015045371701173371,0.05,True,False,0.0,True,8205,6075
10,2,0.3,0.0,uniform,0,uniform,1.0,guarded,controlled,5,1,15,0.005688588538055761,0.012961609289050102,0.2928897284718823,0.015045371701173371,0.05,False,True,0.00047433823347091744,True,8760,6480
10,2,0.3,0.0,uniform,0,uniform,1.0,guarded,controlled,5,1,16,0.006543912499020976,0.012487271055579185,0.3009074340234675,0.015045371701173371,0.05,True,False,0.0,True,9195,6885
10,2,0.3,0.0,uniform,0,uniform,1.0,guarded,controlled,5,1,17,0.005688588538055761,0.012961609289050102,0.2928897284718823,0.015045371701173371,0.05,False,True,0.00047433823347091744,True,9750,7290
10,2,0.3,0.0,uniform,0,uniform,1.0,guarded,controlled,5,1,18,0.006543912499020976,0.012487271055579185,0.3009074340234675,0.015045371701173371,0.05,True,False,0.0,True,10185,7695
10,2,0.3,0.0,uniform,0,uniform,1.0,guarded,controlled,5,1,19,0.005688588538055761,0.012961609289050102,0.2928897284718823,0.015045371701173371,0.05,False,True,0.00047433823347091744,True,10740,8100
11,2,0.3,0.0,uniform,0,uniform,0.0,fixed,controlled,5,1,0,0.001271192187914938,0.019788843765854835,0.9688429825285892,0.0,0.0,False,False,,True,325,3600
11,2,0.3,0.0,uniform,0,uniform,0.0,adaptive,controlled,5,1,0,0.001271192187914938,0.019788843765854835,0.9688429825285892,0.0,0.0,False,False,,True,325,3600
11,2,0.3,0.0,uniform,0,uniform,0.0,guarded,controlled,5,1,0,0.001271192187914938,0.019788843765854835,0.9688429825285892,0.0,0.0,False,False,,True,325,3600
11,2,0.3,0.0,uniform,0,uniform,0.5,fixed,controlled,5,1,0,0.001271192187914938,0.019788843765854835,0.9688429825285892,0.4844214912642947,0.5,True,False,,True,325,3600
11,2,0.3,0.0,uniform,0,uniform,0.5,fixed,controlled,5,1,1,0.002073468908493137,0.01994425319135189,0.4862279363250424,0.2431139681625212,0.5,True,False,0.00015540942549705644,True,875,7200
11,2,0.3,0.0,uniform,0,uniform,0.5,fixed,controlled,5,1,2,0.014066555025978644,0.02589993178844452,0.2764766765780226,0.13823833828901128,0.5,True,False,0.005955678597092628,True,1165,10800
11,2,0.3,0.0,uniform,0,uniform,0.5,fixed,controlled,5,1,3,0.015053592851707265,0.026002968847751617,0.13883920668417382,0.06941960334208684,0.5,True,False,0.0001030370593070977,True,1625,14400
11,2,0.3,0.0,uniform,0,uniform,0.5,fixed,controlled,5,1,4,0.011911332525611051,0.025403789803385736,0.06594629693242826,0.03297314846621413,0.5,True,False,-0.0005991790443658808,True,1875,18000
11,2,0.3,0.0,uniform,0,uniform,0.5,fixed,controlled,5,1,5,0.014228602307145621,0.02590610831975937,0.03588156317172901,0.01794078158586461,0.5,True,False,0.000502318516373633,True,2230,21600
11,2,0.3,0.0,uniform,0,uniform,0.5,fixed,controlled,5,1,6,0.014165596146779924,0.025904597342014314,0.017931980035984826,0.008965990017992378,0.5,True,False,-1.5109777450547646e-06,True,2595,25200
11,2,0.3,0.0,uniform,0,uniform,0.5,fixed,controlled,5,1,7,0.01399017414632886,0.025885891914367676,0.008857056257410434,0.004428528128705188,0.5,True,False,-1.8705427646637657e-05,True,3025,28800
11,2,0.3,0.0,uniform,0,uniform,0.5,fixed,controlled,5,1,8,0.005302517976036203,0.0163483951240778,0.08488235096711774,0.04244117548355887,0.5,True,False,-0.009537496790289878,True,3615,32400
11,2,0.3,0.0,uniform,0,uniform,0.5,fixed,controlled,5,1,9,0.013940434253499223,0.025879546999931335,0.04683276428361763,0.023416382141808842,0.5,True,False,0.009531151875853537,True,4140,36000
11,2,0.3,0.0,uniform,0,uniform,0.5,fixed,controlled,5,1,10,0.014174853400557463,0.025908167660236358,0.02358305309992305,0.011791526549961524,0.5,True,False,2.86206603050225e-05,True,4535,39600
11,2,0.3,0.0,uniform,0,uniform,0.5,fixed,controlled,5,1,11,0.014128888287485486,0.025902457535266876,0.011758264709393944,0.005879132354696965,0.5,True,False,-5.710124969481728e-06,True,4890,43200
11,2,0.3,0.0,uniform,0,uniform,0.5,fixed,controlled,5,1,12,1.782028267660607e-05,0.018832920119166374,0.04154024209943655,0.02077012104971821,0.5,True,False,-0.007069537416100502,True,5645,46800
11,2,0.3,0.0,uniform,0,uniform,0.5,fixed,controlled,5,1,13,0.014157784245049987,0.025909200310707092,0.026688530990380262,0.013344265495190131,0.5,True,False,0.007076280191540718,True,5920,50400
11,2,0.3,0.0,uniform,0,uniform,0.5,fixed,controlled,5,1,14,0.0005229003427373868,0.019073600694537163,0.03076756169481673,0.015383780847408345,0.5,True,False,-0.006835599616169929,True,6965,54000
11,2,0.3,0.0,uniform,0,uniform,0.5,fixed,controlled,5,1,15,0.014123421639472222,0.025895431637763977,0.028306689912548644,0.014153344956274329,0.5,True,False,0.006821830943226814,True,7325,57600
11,2,0.3,0.0,uniform,0,uniform,0.5,fixed,controlled,5,1,16,0.005276350416067999,0.016357516497373582,0.07506567681681453,0.03753283840840721,0.5,True,False,-0.009537915140390395,True,7990,61200
11,2,0.3,0.0,uniform,0,uniform,0.5,fixed,controlled,5,1,17,0.013737090595443702,0.025854615867137908,0.05144860308256396,0.02572430154128195,0.5,True,False,0.009497099369764325,True,8490,64800
11,2,0.3,0.0,uniform,0,uniform,0.5,fixed,controlled,5,1,18,0.014140829018905232,0.02590315490961075,0.026006863819301743,0.013003431909650927,0.5,True,False,4.853904247284144e-05,True,8920,68400
11,2,0.3,0.0,uniform,0,uniform,0.5,fixed,controlled,5,1,19,0.014121919479507028,0.025902020931243896,0.012996826849215026,0.006498413424607636,0.5,True,False,-1.1339783668531944e-06,True,9275,72000
11,2,0.3,0.0,uniform,0,uniform,0.5,adaptive,controlled,5,1,0,0.001271192187914938,0.019788843765854835,0.9688429825285892,0.4844214912642947,0.5,True,False,,True,325,3600
11,2,0.3,0.0,uniform,0,uniform,0.5,adaptive,controlled,5,1,1,0.002073468908493137,0.01994425319135189,0.4862279363250424,0.2431139681625212,0.5,True,False,0.00015540942549705644,True,875,7200
11,2,0.3,0.0,uniform,0,uniform,0.5,adaptive,controlled,5,1,2,0.014066555025978644,0.02589993178844452,0.2764766765780226,0.13823833828901128,0.5,True,False,0.005955678597092628,True,1165,10800
11,2,0.3,0.0,uniform,0,uniform,0.5,adaptive,controlled,5,1,3,0.015053592851707265,0.026002968847751617,0.13883920668417382,0.06941960334208684,0.5,True,False,0.0001030370593070977,True,1625,14400
11,2,0.3,0.0,uniform,0,uniform,0.5,adaptive,controlled,5,1,4,0.011911332525611051,0.025403789803385736,0.06594629693242826,0.03297314846621413,0.5,True,False,-0.0005991790443658808,True,1875,18000
11,2,0.3,0.0,uniform,0,uniform,0.5,adaptive,controlled,5,1,5,0.014228602307145621,0.02590610831975937,0.03588156317172901,0.01794078158586461,0.5,True,False,0.000502318516373633,True,2230,21600
11,2,0.3,0.0,uniform,0,uniform,0.5,adaptive,controlled,5,1,6,0.014165596146779924,0.025904597342014314,0.017931980035984826,0.008965990017992378,0.5,True,False,-1.5109777450547646e-06,True,2595,25200
11,2,0.3,0.0,uniform,0,uniform,0.5,adaptive,controlled,5,1,7,0.01399017414632886,0.025885891914367676,0.008857056257410434,0.004428528128705188,0.5,True,False,-1.8705427646637657e-05,True,3025,28800
11,2,0.3,0.0,uniform,0,uniform,0.5,adaptive,controlled,5,1,8,0.005302517976036203,0.0163483951240778,0.08488235096711774,0.02122058774177952,0.25,True,False,-0.009537496790289878,True,3615,32400
11,2,0.3,0.0,uniform,0,uniform,0.5,adaptive,controlled,5,1,9,0.014106159631284143,0.025899049639701844,0.025725736641431973,0.006431434160358108,0.25,True,False,0.009550654515624046,True,4010,36000
11,2,0.3,0.0,uniform,0,uniform,0.5,adaptive,controlled,5,1,10,0.014152654165322076,0.025901301205158232,0.019307416362352465,0.004826854090588095,0.25,True,False,2.251565456388299e-06,True,4330,39600
11,2,0.3,0.0,uniform,0,uniform,0.5,adaptive,controlled,5,1,11,0.014108959226736384,0.02589792013168335,0.014460870021624833,0.0036152175054062225,0.25,True,False,-3.3810734748826454e-06,True,4685,43200
11,2,0.3,0.0,uniform,0,uniform,0.5,adaptive,controlled,5,1,12,0.01390772515552785,0.02587972581386566,0.010739711741050142,0.002684927935262601,0.25,True,False,-1.8194317817687988e-05,True,5075,46800
11,2,0.3,0.0,uniform,0,uniform,0.5,adaptive,controlled,5,1,13,0.0010462113315576893,0.019350636377930643,0.03388085169184436,0.004235106461480664,0.125,True,False,-0.006529089435935019,True,5665,50400
11,2,0.3,0.0,uniform,0,uniform,0.5,adaptive,controlled,5,1,14,0.0004256322944955482,0.019030271843075753,0.03329058078177517,0.004161322597721894,0.125,True,False,-0.0003203645348548896,True,6650,54000
11,2,0.3,0.0,uniform,0,uniform,0.5,adaptive,controlled,5,1,15,0.014117935808666382,0.025901807844638823,0.016154711096748795,0.0020193388870936016,0.125,True,False,0.00687153600156307,True,7010,57600
11,2,0.3,0.0,uniform,0,uniform,0.5,adaptive,controlled,5,1,16,0.0052992881246818335,0.016341095417737962,0.07538612609639947,0.004711632881024817,0.0625,True,False,-0.009560712426900861,True,8050,61200
11,2,0.3,0.0,uniform,0,uniform,0.5,adaptive,controlled,5,1,17,0.014090924302989194,0.02589847892522812,0.01882761634940338,0.001176726021837605,0.0625,True,False,0.009557383507490157,True,8695,64800
11,2,0.3,0.0,uniform,0,uniform,0.5,adaptive,controlled,5,1,18,0.014129745705015795,0.02590431421995163,0.01768487806865771,0.0011053048792911413,0.0625,True,False,5.83529472351213e-06,True,9010,68400
11,2,0.3,0.0,uniform,0,uniform,0.5,adaptive,controlled,5,1,19,0.014101632239056805,0.02589622139930725,0.01653243775017519,0.0010332773593859567,0.0625,True,False,-8.09282064438005e-06,True,9470,72000
11,2,0.3,0.0,uniform,0,uniform,0.5,guarded,controlled,5,1,0,0.001271192187914938,0.019788843765854835,0.9688429825285892,0.4844214912642947,0.5,True,False,,True,325,3600
11,2,0.3,0.0,uniform,0,uniform,0.5,guarded,controlled,5,1,1,0.002073468908493137,0.01994425319135189,0.4862279363250424,0.4844214912642947,0.25,False,True,0.00015540942549705644,True,875,7200
11,2,0.3,0.0,uniform,0,uniform,0.5,guarded,controlled,5,1,2,0.001271192187914938,0.019788843765854835,0.9688429825285892,0.24221074563214726,0.25,True,False,0.0,True,1200,10800
11,2,0.3,0.0,uniform,0,uniform,0.5,guarded,controlled,5,1,3,0.0020526111643632827,0.02022496648132801,0.7308724692877664,0.24221074563214726,0.125,False,True,0.00043612271547317435,True,1890,14400
11,2,0.3,0.0,uniform,0,uniform,0.5,guarded,controlled,5,1,4,0.001271192187914938,0.019788843765854835,0.9688429825285892,0.12110537281607367,0.125,True,False,0.0,True,2215,18000
11,2,0.3,0.0,uniform,0,uniform,0.5,guarded,controlled,5,1,5,0.005501430473199325,0.013549673929810524,0.7504228946518832,0.09380286183148537,0.125,True,False,-0.006239169836044311,True,2825,21600
11,2,0.3,0.0,uniform,0,uniform,0.5,guarded,controlled,5,1,6,0.002854324258006802,0.020173761621117593,0.7579139935122338,0.09380286183148537,0.0625,False,True,0.00662408769130707,True,3340,25200
11,2,0.3,0.0,uniform,0,uniform,0.5,guarded,controlled,5,1,7,0.005501430473199325,0.013549673929810524,0.7504228946518832,0.0469014309157427,0.0625,True,False,0.0,True,3950,28800
11,2,0.3,0.0,uniform,0,uniform,0.5,guarded,controlled,5,1,8,0.004026965754252709,0.019714658334851264,0.7999768311011124,0.0469014309157427,0.05,False,True,0.006164984405040741,True,4130,32400
11,2,0.3,0.0,uniform,0,uniform,0.5,guarded,controlled,5,1,9,0.005501430473199325,0.013549673929810524,0.7504228946518832,0.03752114473259416,0.05,True,False,0.0,True,4740,36000
11,2,0.3,0.0,uniform,0,uniform,0.5,guarded,controlled,5,1,10,0.0054971191236980466,0.018485617637634278,0.79188130846044,0.03752114473259416,0.05,False,True,0.004935943707823754,True,5425,39600
11,2,0.3,0.0,uniform,0,uniform,0.5,guarded,controlled,5,1,11,0.005501430473199325,0.013549673929810524,0.7504228946518832,0.03752114473259416,0.05,True,False,0.0,True,6035,43200
11,2,0.3,0.0,uniform,0,uniform,0.5,guarded,controlled,5,1,12,0.0054971191236980466,0.018485617637634278,0.79188130846044,0.03752114473259416,0.05,False,True,0.004935943707823754,True,6720,46800
11,2,0.3,0.0,uniform,0,uniform,0.5,guarded,controlled,5,1,13,0.005501430473199325,0.013549673929810524,0.7504228946518832,0.03752114473259416,0.05,True,False,0.0,True,7330,50400
11,2,0.3,0.0,uniform,0,uniform,0.5,guarded,controlled,5,1,14,0.0054971191236980466,0.018485617637634278,0.79188130846044,0.03752114473259416,0.05,False,True,0.004935943707823754,True,8015,54000
11,2,0.3,0.0,uniform,0,uniform,0.5,guarded,controlled,5,1,15,0.005501430473199325,0.013549673929810524,0.7504228946518832,0.03752114473259416,0.05,True,False,0.0,True,8625,57600
11,2,0.3,0.0,uniform,0,uniform,0.5,guarded,controlled,5,1,16,0.0054971191236980466,0.018485617637634278,0.79188130846044,0.03752114473259416,0.05,False,True,0.004935943707823754,True,9310,61200
11,2,0.3,0.0,uniform,0,uniform,0.5,guarded,controlled,5,1,17,0.005501430473199325,0.013549673929810524,0.7504228946518832,0.03752114473259416,0.05,True,False,0.0,True,9920,64800
11,2,0.3,0.0,uniform,0,uniform,0.5,guarded,controlled,5,1,18,0.0054971191236980466,0.018485617637634278,0.79188130846044,0.03752114473259416,0.05,False,True,0.004935943707823754,True,10605,68400
11,2,0.3,0.0,uniform,0,uniform,0.5,guarded,controlled,5,1,19,0.005501430473199325,0.013549673929810524,0.7504228946518832,0.03752114473259416,0.05,True,False,0.0,True,11215,72000
11,2,0.3,0.0,uniform,0,uniform,1.0,fixed,controlled,5,1,0,0.001271192187914938,0.019788843765854835,0.9688429825285892,0.9688429825285892,1.0,True,False,,True,325,3600
11,2,0.3,0.0,uniform,0,uniform,1.0,fixed,controlled,5,1,1,0.003667843741866905,0.017379848286509514,0.037247909802367224,0.037247909802367224,1.0,True,False,-0.002408995479345321,True,1435,7200
11,2,0.3,0.0,uniform,0,uniform,1.0,fixed,controlled,5,1,2,0.01494338336597778,0.02598862200975418,0.07293417712246154,0.07293417712246154,1.0,True,False,0.008608773723244666,True,1865,10800
11,2,0.3,0.0,uniform,0,uniform,1.0,fixed,controlled,5,1,3,0.003997078990503056,0.0171586062759161,0.07662823553061841,0.07662823553061841,1.0,True,False,-0.00883001573383808,True,2850,14400
11,2,0.3,0.0,uniform,0,uniform,1.0,fixed,controlled,5,1,4,0.014185197992223397,0.025911350548267365,0.07617763721705326,0.07617763721705326,1.0,True,False,0.008752744272351266,True,3180,18000
11,2,0.3,0.0,uniform,0,uniform,1.0,fixed,controlled,5,1,5,0.005240802408257084,0.01637660674750805,0.0890030818611954,0.0890030818611954,1.0,True,False,-0.009534743800759315,True,3940,21600
11,2,0.3,0.0,uniform,0,uniform,1.0,fixed,controlled,5,1,6,0.015445632149617694,0.026063880324363707,0.08989335066439026,0.08989335066439026,1.0,True,False,0.009687273576855657,True,4435,25200
11,2,0.3,0.0,uniform,0,uniform,1.0,fixed,controlled,5,1,7,0.005392545092494316,0.016307559236884116,0.09100877360995555,0.09100877360995555,1.0,True,False,-0.009756321087479591,True,5085,28800
11,2,0.3,0.0,uniform,0,uniform,1.0,fixed,controlled,5,1,8,0.0150236494917797,0.025989988446235658,0.09057707890423333,0.09057707890423333,1.0,True,False,0.009682429209351542,True,5550,32400
11,2,0.3,0.0,uniform,0,uniform,1.0,fixed,controlled,5,1,9,0.004739702784735567,0.016688070818781854,0.08439610503560889,0.08439610503560889,1.0,True,False,-0.009301917627453804,True,6535,36000
11,2,0.3,0.0,uniform,0,uniform,1.0,fixed,controlled,5,1,10,0.015312656380693568,0.026032362878322602,0.08464357243063954,0.08464357243063969,1.0,True,False,0.009344292059540748,True,6985,39600
11,2,0.3,0.0,uniform,0,uniform,1.0,fixed,controlled,5,1,11,0.0054044671320379045,0.016301339492201805,0.09092488921593196,0.09092488921593181,1.0,True,False,-0.009731023386120797,True,7875,43200
11,2,0.3,0.0,uniform,0,uniform,1.0,fixed,controlled,5,1,12,0.01503315826635876,0.025993934273719786,0.09070045479242791,0.09070045479242791,1.0,True,False,0.009692594781517981,True,8305,46800
11,2,0.3,0.0,uniform,0,uniform,1.0,fixed,controlled,5,1,13,0.0033797907290957774,0.017575356736779214,0.06967623198959899,0.06967623198959899,1.0,True,False,-0.008418577536940572,True,9295,50400
11,2,0.3,0.0,uniform,0,uniform,1.0,fixed,controlled,5,1,14,0.015067446093388392,0.025999915599823,0.06971115097248859,0.06971115097248859,1.0,True,False,0.008424558863043784,True,9660,54000
11,2,0.3,0.0,uniform,0,uniform,1.0,fixed,controlled,5,1,15,0.005379709990469772,0.016311107203364372,0.09057778177266089,0.09057778177266075,1.0,True,False,-0.009688808396458626,True,10395,57600
11,2,0.3,0.0,uniform,0,uniform,1.0,fixed,controlled,5,1,16,0.015041420365794034,0.025999823212623598,0.09057724237769438,0.09057724237769438,1.0,True,False,0.009688716009259225,True,10990,61200
11,2,0.3,0.0,uniform,0,uniform,1.0,fixed,controlled,5,1,17,0.003376935775868617,0.017577339336276053,0.06967714021833393,0.06967714021833393,1.0,True,False,-0.008422483876347545,True,11980,64800
11,2,0.3,0.0,uniform,0,uniform,1.0,fixed,controlled,5,1,18,0.015068054253350782,0.02600015252828598,0.06967906290590972,0.06967906290590972,1.0,True,False,0.008422813192009927,True,12345,68400
11,2,0.3,0.0,uniform,0,uniform,1.0,fixed,controlled,5,1,19,0.005472293897943015,0.016270801797509192,0.09122910111160702,0.09122910111160687,1.0,True,False,-0.009729350730776787,True,13040,72000
11,2,0.3,0.0,uniform,0,uniform,1.0,adaptive,controlled,5,1,0,0.001271192187914938,0.019788843765854835,0.9688429825285892,0.9688429825285892,1.0,True,False,,True,325,3600
11,2,0.3,0.0,uniform,0,uniform,1.0,adaptive,controlled,5,1,1,0.003667843741866905,0.017379848286509514,0.037247909802367224,0.037247909802367224,1.0,True,False,-0.002408995479345321,True,1435,7200
11,2,0.3,0.0,uniform,0,uniform,1.0,adaptive,controlled,5,1,2,0.01494338336597778,0.02598862200975418,0.07293417712246154,0.03646708856123079,0.5,True,False,0.008608773723244666,True,1865,10800
11,2,0.3,0.0,uniform,0,uniform,1.0,adaptive,controlled,5,1,3,0.014296769888161642,0.02592228800058365,0.036080219348293016,0.018040109674146564,0.5,True,False,-6.633400917053014e-05,True,2155,14400
11,2,0.3,0.0,uniform,0,uniform,1.0,adaptive,controlled,5,1,4,0.01411012857634275,0.025896523892879487,0.017890017238480736,0.00894500861924034,0.5,True,False,-2.5764107704162598e-05,True,2550,18000
11,2,0.3,0.0,uniform,0,uniform,1.0,adaptive,controlled,5,1,5,3.546651598895778e-05,0.018808316066861154,0.03887450133054743,0.009718625332636933,0.25,True,False,-0.007088207826018333,True,3630,21600
11,2,0.3,0.0,uniform,0,uniform,1.0,adaptive,controlled,5,1,6,0.014085091254467774,0.025890952348709105,0.018631188442597108,0.004657797110649271,0.25,True,False,0.007082636281847951,True,4090,25200
11,2,0.3,0.0,uniform,0,uniform,1.0,adaptive,controlled,5,1,7,0.00567951397800881,0.01617630310356617,0.0781391917288112,0.009767398966101438,0.125,True,False,-0.009714649245142936,True,4925,28800
11,2,0.3,0.0,uniform,0,uniform,1.0,adaptive,controlled,5,1,8,0.014155633218999486,0.02589871734380722,0.02378601042004778,0.002973251302505941,0.125,True,False,0.009722414240241051,True,5200,32400
11,2,0.3,0.0,uniform,0,uniform,1.0,adaptive,controlled,5,1,9,0.01411237220514272,0.0258942186832428,0.020786559742454847,0.0025983199678068737,0.125,True,False,-4.49866056442122e-06,True,5860,36000
11,2,0.3,0.0,uniform,0,uniform,1.0,adaptive,controlled,5,1,10,0.014082545343341857,0.025892069935798644,0.018175726869577115,0.002271965858697149,0.125,True,False,-2.1487474441556076e-06,True,6425,39600
11,2,0.3,0.0,uniform,0,uniform,1.0,adaptive,controlled,5,1,11,0.014104303783590844,0.025899137556552886,0.015944920678751265,0.001993115084843947,0.125,True,False,7.067620754242637e-06,True,6855,43200
11,2,0.3,0.0,uniform,0,uniform,1.0,adaptive,controlled,5,1,12,0.014116806652616942,0.02589617818593979,0.013934570265283937,0.0017418212831605455,0.125,True,False,-2.959370613096063e-06,True,7215,46800
11,2,0.3,0.0,uniform,0,uniform,1.0,adaptive,controlled,5,1,13,0.014127889319633047,0.025903354585170745,0.012234546352857388,0.0015293182941071405,0.125,True,False,7.17639923095495e-06,True,7625,50400
11,2,0.3,0.0,uniform,0,uniform,1.0,adaptive,controlled,5,1,14,0.0006606197506298095,0.019148613885045053,0.03338921896879875,0.0020868261855500423,0.0625,True,False,-0.006754740700125692,True,8445,54000
11,2,0.3,0.0,uniform,0,uniform,1.0,adaptive,controlled,5,1,15,0.00520033741108783,0.016396303102374075,0.07594273242990421,0.003797136621495104,0.05,True,False,-0.0027523107826709775,True,9430,57600
11,2,0.3,0.0,uniform,0,uniform,1.0,adaptive,controlled,5,1,16,0.014118536594535769,0.025899311900138854,0.016468677545959612,0.0008234338772980338,0.05,True,False,0.009503008797764778,True,9795,61200
11,2,0.3,0.0,uniform,0,uniform,1.0,adaptive,controlled,5,1,17,0.01410666446981823,0.02589966803789139,0.015647317901378143,0.000782365895068882,0.05,True,False,3.5613775253504065e-07,True,10225,64800
11,2,0.3,0.0,uniform,0,uniform,1.0,adaptive,controlled,5,1,18,0.014145775605165167,0.025905928015708922,0.01490141455561457,0.0007450707277805975,0.05,True,False,6.259977817533319e-06,True,10605,68400
11,2,0.3,0.0,uniform,0,uniform,1.0,adaptive,controlled,5,1,19,0.014115422252464871,0.02589588761329651,0.014097864080313549,0.0007048932040157009,0.05,True,False,-1.0040402412411775e-05,True,10965,72000
11,2,0.3,0.0,uniform,0,uniform,1.0,guarded,controlled,5,1,0,0.001271192187914938,0.019788843765854835,0.9688429825285892,0.9688429825285892,1.0,True,False,,True,325,3600
11,2,0.3,0.0,uniform,0,uniform,1.0,guarded,controlled,5,1,1,0.003667843741866905,0.017379848286509514,0.037247909802367224,0.037247909802367224,1.0,True,False,-0.002408995479345321,True,1435,7200
11,2,0.3,0.0,uniform,0,uniform,1.0,guarded,controlled,5,1,2,0.01494338336597778,0.02598862200975418,0.07293417712246154,0.037247909802367224,0.5,False,True,0.008608773723244666,True,1865,10800
11,2,0.3,0.0,uniform,0,uniform,1.0,guarded,controlled,5,1,3,0.003667843741866905,0.017379848286509514,0.037247909802367224,0.018623954901183494,0.5,True,False,0.0,True,2975,14400
11,2,0.3,0.0,uniform,0,uniform,1.0,guarded,controlled,5,1,4,0.014047543760520864,0.025890956819057464,0.05374084109441078,0.018623954901183494,0.25,False,True,0.00851110853254795,True,3475,18000
11,2,0.3,0.0,uniform,0,uniform,1.0,guarded,controlled,5,1,5,0.003667843741866905,0.017379848286509514,0.037247909802367224,0.009311977450591799,0.25,True,False,0.0,True,4585,21600
11,2,0.3,0.0,uniform,0,uniform,1.0,guarded,controlled,5,1,6,0.014116518153702629,0.025893139839172363,0.04444157579345679,0.009311977450591799,0.125,False,True,0.008513291552662849,True,4950,25200
11,2,0.3,0.0,uniform,0,uniform,1.0,guarded,controlled,5,1,7,0.003667843741866905,0.017379848286509514,0.037247909802367224,0.004655988725295825,0.125,True,False,0.0,True,6060,28800
11,2,0.3,0.0,uniform,0,uniform,1.0,guarded,controlled,5,1,8,0.001086136141715599,0.019371530786156655,0.0017555108839939163,0.004655988725295825,0.0625,False,True,0.001991682499647141,True,6590,32400
11,2,0.3,0.0,uniform,0,uniform,1.0,guarded,controlled,5,1,9,0.003667843741866905,0.017379848286509514,0.037247909802367224,0.0023279943626478587,0.0625,True,False,0.0,True,7700,36000
11,2,0.3,0.0,uniform,0,uniform,1.0,guarded,controlled,5,1,10,0.00546865367708782,0.016272525861859323,0.05311974629725642,0.0033199841435786453,0.0625,True,False,-0.0011073224246501909,True,8695,39600
11,2,0.3,0.0,uniform,0,uniform,1.0,guarded,controlled,5,1,11,0.005971807137025387,0.016051293537020683,0.053351014939348,0.003334438433709129,0.0625,True,False,-0.0002212323248386404,True,9555,43200
11,2,0.3,0.0,uniform,0,uniform,1.0,guarded,controlled,5,1,12,0.014121384567629569,0.02590128481388092,0.0441594509780242,0.003334438433709129,0.05,False,True,0.009849991276860239,True,9960,46800
11,2,0.3,0.0,uniform,0,uniform,1.0,guarded,controlled,5,1,13,0.005971807137025387,0.016051293537020683,0.053351014939348,0.002667550746967373,0.05,True,False,0.0,True,10820,50400
11,2,0.3,0.0,uniform,0,uniform,1.0,guarded,controlled,5,1,14,0.013987353576689676,0.025880964100360872,0.043374234477778245,0.002667550746967373,0.05,False,True,0.00982967056334019,True,11310,54000
11,2,0.3,0.0,uniform,0,uniform,1.0,guarded,controlled,5,1,15,0.005971807137025387,0.016051293537020683,0.053351014939348,0.002667550746967373,0.05,True,False,0.0,True,12170,57600
11,2,0.3,0.0,uniform,0,uniform,1.0,guarded,controlled,5,1,16,0.013987353576689676,0.025880964100360872,0.043374234477778245,0.002667550746967373,0.05,False,True,0.00982967056334019,True,12660,61200
11,2,0.3,0.0,uniform,0,uniform,1.0,guarded,controlled,5,1,17,0.005971807137025387,0.016051293537020683,0.053351014939348,0.002667550746967373,0.05,True,False,0.0,True,13520,64800
11,2,0.3,0.0,uniform,0,uniform,1.0,guarded,controlled,5,1,18,0.013987353576689676,0.025880964100360872,0.043374234477778245,0.002667550746967373,0.05,False,True,0.00982967056334019,True,14010,68400
11,2,0.3,0.0,uniform,0,uniform,1.0,guarded,controlled,5,1,19,0.005971807137025387,0.016051293537020683,0.053351014939348,0.002667550746967373,0.05,True,False,0.0,True,14870,72000
12,2,0.3,0.0,uniform,0,uniform,0.0,fixed,controlled,5,1,0,0.038081662738797206,0.024620913714170457,1.0155558639731899,0.0,0.0,False,False,,True,405,4645
12,2,0.3,0.0,uniform,0,uniform,0.0,adaptive,controlled,5,1,0,0.038081662738797206,0.024620913714170457,1.0155558639731899,0.0,0.0,False,False,,True,405,4645
12,2,0.3,0.0,uniform,0,uniform,0.0,guarded,controlled,5,1,0,0.038081662738797206,0.024620913714170457,1.0155558639731899,0.0,0.0,False,False,,True,405,4645
12,2,0.3,0.0,uniform,0,uniform,0.5,fixed,controlled,5,1,0,0.038081662738797206,0.024620913714170457,1.0155558639731899,0.5077779319865949,0.5,True,False,,True,405,4645
12,2,0.3,0.0,uniform,0,uniform,0.5,fixed,controlled,5,1,1,0.02485984320859913,0.018465855345129966,0.428662933259228,0.21433146662961405,0.5,True,False,-0.006155058369040491,True,1005,9290
12,2,0.3,0.0,uniform,0,uniform,0.5,fixed,controlled,5,1,2,0.006747245787943765,0.028009920939803125,0.33757538673678605,0.16878769336839303,0.5,True,False,0.009544065594673159,True,1355,13935
12,2,0.3,0.0,uniform,0,uniform,0.5,fixed,controlled,5,1,3,0.0013799453296012842,0.09094994552433491,0.6857111746452604,0.34285558732263033,0.5,True,False,0.0629400245845318,True,1970,18580
12,2,0.3,0.0,uniform,0,uniform,0.5,fixed,controlled,5,1,4,0.014982222238120624,0.019766223803162574,0.29969391592898276,0.14984695796449138,0.5,True,False,-0.07118372172117234,True,2450,23225
12,2,0.3,0.0,uniform,0,uniform,0.5,fixed,controlled,5,1,5,0.008155240539483799,0.1865980539470911,0.4838399368851982,0.24191996844259914,0.5,True,False,0.16683183014392855,True,3130,27870
12,2,0.3,0.0,uniform,0,uniform,0.5,fixed,controlled,5,1,6,0.014228022263882867,0.017844996228814126,0.4112507812977815,0.20562539064889077,0.5,True,False,-0.16875305771827698,True,3605,32515
12,2,0.3,0.0,uniform,0,uniform,0.5,fixed,controlled,5,1,7,0.0030415769590455,0.23944819308817386,,0.0,0.5,False,False,0.22160319685935972,False,4040,37160
12,2,0.3,0.0,uniform,0,uniform,0.5,adaptive,controlled,5,1,0,0.038081662738797206,0.024620913714170457,1.0155558639731899,0.5077779319865949,0.5,True,False,,True,405,4645
12,2,0.3,0.0,uniform,0,uniform,0.5,adaptive,controlled,5,1,1,0.02485984320859913,0.018465855345129966,0.428662933259228,0.21433146662961405,0.5,True,False,-0.006155058369040491,True,1005,9290
12,2,0.3,0.0,uniform,0,uniform,0.5,adaptive,controlled,5,1,2,0.006747245787943765,0.028009920939803125,0.33757538673678605,0.16878769336839303,0.5,True,False,0.009544065594673159,True,1355,13935
12,2,0.3,0.0,uniform,0,uniform,0.5,adaptive,controlled,5,1,3,0.0013799453296012842,0.09094994552433491,0.6857111746452604,0.1714277936613151,0.25,True,False,0.0629400245845318,True,1970,18580
12,2,0.3,0.0,uniform,0,uniform,0.5,adaptive,controlled,5,1,4,0.019213577618875988,0.02453143782913685,0.10305743284304175,0.025764358210760428,0.25,True,False,-0.06641850769519807,True,2510,23225
12,2,0.3,0.0,uniform,0,uniform,0.5,adaptive,controlled,5,1,5,0.024653735216643158,0.018223875388503074,0.13307360218885486,0.01663420027360683,0.125,True,False,-0.006307562440633775,True,3075,27870
12,2,0.3,0.0,uniform,0,uniform,0.5,adaptive,controlled,5,1,6,0.0030416361450278373,0.23944826759397983,,0.0,0.125,False,False,0.22122439220547677,False,3420,32515
12,2,0.3,0.0,uniform,0,uniform,0.5,guarded,controlled,5,1,0,0.038081662738797206,0.024620913714170457,1.0155558639731899,0.5077779319865949,0.5,True,False,,True,405,4645
12,2,0.3,0.0,uniform,0,uniform,0.5,guarded,controlled,5,1,1,0.02485984320859913,0.018465855345129966,0.428662933259228,0.21433146662961405,0.5,True,False,-0.006155058369040491,True,1005,9290
12,2,0.3,0.0,uniform,0,uniform,0.5,guarded,controlled,5,1,2,0.006747245787943765,0.028009920939803125,0.33757538673678605,0.21433146662961405,0.25,False,True,0.009544065594673159,True,1355,13935
12,2,0.3,0.0,uniform,0,uniform,0.5,guarded,controlled,5,1,3,0.02485984320859913,0.018465855345129966,0.428662933259228,0.10716573331480696,0.25,True,False,0.0,True,1955,18580
12,2,0.3,0.0,uniform,0,uniform,0.5,guarded,controlled,5,1,4,0.026264946258695687,0.01699722893536091,0.30026487949719943,0.0750662198742998,0.25,True,False,-0.0014686264097690561,True,2830,23225
12,2,0.3,0.0,uniform,0,uniform,0.5,guarded,controlled,5,1,5,0.025606020458154077,0.017089278623461723,0.22650112376642803,0.05662528094160704,0.25,True,False,9.204968810081274e-05,True,3690,27870
12,2,0.3,0.0,uniform,0,uniform,0.5,guarded,controlled,5,1,6,0.0037662724175611118,0.0897559780627489,0.830481983485198,0.05662528094160704,0.125,False,True,0.07266669943928718,True,4275,32515
12,2,0.3,0.0,uniform,0,uniform,0.5,guarded,controlled,5,1,7,0.025606020458154077,0.017089278623461723,0.22650112376642803,0.028312640470803493,0.125,True,False,0.0,True,5135,37160
12,2,0.3,0.0,uniform,0,uniform,0.5,guarded,controlled,5,1,8,0.024670127506286832,0.017225321754813193,0.20012023856369754,0.028312640470803493,0.0625,False,True,0.00013604313135147025,True,5470,41805
12,2,0.3,0.0,uniform,0,uniform,0.5,guarded,controlled,5,1,9,0.025606020458154077,0.017089278623461723,0.22650112376642803,0.01415632023540183,0.0625,True,False,0.0,True,6330,46450
12,2,0.3,0.0,uniform,0,uniform,0.5,guarded,controlled,5,1,10,0.02516235967202962,0.019593626633286475,0.24925999719554062,0.01415632023540183,0.05,False,True,0.002504348009824752,True,7000,51095
12,2,0.3,0.0,uniform,0,uniform,0.5,guarded,controlled,5,1,11,0.025606020458154077,0.017089278623461723,0.22650112376642803,0.0113250561883214,0.05,True,False,0.0,True,7860,55740
12,2,0.3,0.0,uniform,0,uniform,0.5,guarded,controlled,5,1,12,0.02631766232604349,0.01699281595647335,0.2138112546348417,0.01069056273174207,0.05,True,False,-9.64626669883728e-05,True,8675,60385
12,2,0.3,0.0,uniform,0,uniform,0.5,guarded,controlled,5,1,13,0.025477941341161214,0.017104287818074226,0.20469823019932956,0.01069056273174207,0.05,False,True,0.00011147186160087585,True,9455,65030
12,2,0.3,0.0,uniform,0,uniform,0.5,guarded,controlled,5,1,14,0.02631766232604349,0.01699281595647335,0.2138112546348417,0.01069056273174207,0.05,True,False,0.0,True,10270,69675
12,2,0.3,0.0,uniform,0,uniform,0.5,guarded,controlled,5,1,15,0.025477941341161214,0.017104287818074226,0.20469823019932956,0.01069056273174207,0.05,False,True,0.00011147186160087585,True,11050,74320
12,2,0.3,0.0,uniform,0,uniform,0.5,guarded,controlled,5,1,16,0.02631766232604349,0.01699281595647335,0.2138112546348417,0.01069056273174207,0.05,True,False,0.0,True,11865,78965
12,2,0.3,0.0,uniform,0,uniform,0.5,guarded,controlled,5,1,17,0.025477941341161214,0.017104287818074226,0.20469823019932956,0.01069056273174207,0.05,False,True,0.00011147186160087585,True,12645,83610
12,2,0.3,0.0,uniform,0,uniform,0.5,guarded,controlled,5,1,18,0.02631766232604349,0.01699281595647335,0.2138112546348417,0.01069056273174207,0.05,True,False,0.0,True,13460,88255
12,2,0.3,0.0,uniform,0,uniform,0.5,guarded,controlled,5,1,19,0.025477941341161214,0.017104287818074226,0.20469823019932956,0.01069056273174207,0.05,False,True,0.00011147186160087585,True,14240,92900
12,2,0.3,0.0,uniform,0,uniform,1.0,fixed,controlled,5,1,0,0.038081662738797206,0.024620913714170457,1.0155558639731899,1.0155558639731899,1.0,True,False,,True,405,4645
12,2,0.3,0.0,uniform,0,uniform,1.0,fixed,controlled,5,1,1,0.024699792396629006,0.017442216351628303,0.09730042673193717,0.09730042673193717,1.0,True,False,-0.007178697362542154,True,980,9290
12,2,0.3,0.0,uniform,0,uniform,1.0,fixed,controlled,5,1,2,0.017462660620179093,0.02652614302933216,0.1218863445151433,0.1218863445151433,1.0,True,False,0.009083926677703857,True,1955,13935
12,2,0.3,0.0,uniform,0,uniform,1.0,fixed,controlled,5,1,3,0.00859320453756851,0.18475107587873935,0.5370124638292156,0.5370124638292156,1.0,True,False,0.1582249328494072,True,2350,18580
12,2,0.3,0.0,uniform,0,uniform,1.0,fixed,controlled,5,1,4,0.014235760468866765,0.018273763731122016,0.6469932586057006,0.6469932586057006,1.0,True,False,-0.16647731214761732,True,2825,23225
12,2,0.3,0.0,uniform,0,uniform,1.0,fixed,controlled,5,1,5,0.024643397851332738,0.017862555757164954,0.006007210148044308,0.006007210148044308,1.0,True,False,-0.0004112079739570611,True,3330,27870
12,2,0.3,0.0,uniform,0,uniform,1.0,fixed,controlled,5,1,6,0.024660178518017828,0.017465894296765327,0.0057219045232711225,0.005721904523271258,1.0,True,False,-0.0003966614603996277,True,3885,32515
12,2,0.3,0.0,uniform,0,uniform,1.0,fixed,controlled,5,1,7,0.016738791987145563,0.027161942049860954,0.13005509029496215,0.1300550902949622,1.0,True,False,0.009696047753095627,True,4855,37160
12,2,0.3,0.0,uniform,0,uniform,1.0,fixed,controlled,5,1,8,0.0035709057513368947,0.21451803483068943,0.5285089717632181,0.5285089717632181,1.0,True,False,0.1873560927808285,True,5350,41805
12,2,0.3,0.0,uniform,0,uniform,1.0,fixed,controlled,5,1,9,0.014235760468866765,0.018273763731122016,0.6469932586057006,0.6469932586057006,1.0,True,False,-0.1962442710995674,True,5825,46450
12,2,0.3,0.0,uniform,0,uniform,1.0,fixed,controlled,5,1,10,0.024643397851332738,0.017862555757164954,0.006007210148044308,0.006007210148044308,1.0,True,False,-0.0004112079739570611,True,6330,51095
12,2,0.3,0.0,uniform,0,uniform,1.0,fixed,controlled,5,1,11,0.024660178518017828,0.017465894296765327,0.0057219045232711225,0.005721904523271258,1.0,True,False,-0.0003966614603996277,True,6885,55740
12,2,0.3,0.0,uniform,0,uniform,1.0,fixed,controlled,5,1,12,0.016738791987145563,0.027161942049860954,0.13005509029496215,0.1300550902949622,1.0,True,False,0.009696047753095627,True,7855,60385
12,2,0.3,0.0,uniform,0,uniform,1.0,fixed,controlled,5,1,13,0.0035709057513368947,0.21451803483068943,0.5285089717632181,0.5285089717632181,1.0,True,False,0.1873560927808285,True,8350,65030
12,2,0.3,0.0,uniform,0,uniform,1.0,fixed,controlled,5,1,14,0.014235760468866765,0.018273763731122016,0.6469932586057006,0.6469932586057006,1.0,True,False,-0.1962442710995674,True,8825,69675
12,2,0.3,0.0,uniform,0,uniform,1.0,fixed,controlled,5,1,15,0.024643397851332738,0.017862555757164954,0.006007210148044308,0.006007210148044308,1.0,True,False,-0.0004112079739570611,True,9330,74320
12,2,0.3,0.0,uniform,0,uniform,1.0,fixed,controlled,5,1,16,0.024660178518017828,0.017465894296765327,0.0057219045232711225,0.005721904523271258,1.0,True,False,-0.0003966614603996277,True,9885,78965
12,2,0.3,0.0,uniform,0,uniform,1.0,fixed,controlled,5,1,17,0.016738791987145563,0.027161942049860954,0.13005509029496215,0.1300550902949622,1.0,True,False,0.009696047753095627,True,10855,83610
12,2,0.3,0.0,uniform,0,uniform,1.0,fixed,controlled,5,1,18,0.0035709057513368947,0.21451803483068943,0.5285089717632181,0.5285089717632181,1.0,True,False,0.1873560927808285,True,11350,88255
12,2,0.3,0.0,uniform,0,uniform,1.0,fixed,controlled,5,1,19,0.014235760468866765,0.018273763731122016,0.6469932586057006,0.6469932586057006,1.0,True,False,-0.1962442710995674,True,11825,92900
12,2,0.3,0.0,uniform,0,uniform,1.0,adaptive,controlled,5,1,0,0.038081662738797206,0.024620913714170457,1.0155558639731899,1.0155558639731899,1.0,True,False,,True,405,4645
12,2,0.3,0.0,uniform,0,uniform,1.0,adaptive,controlled,5,1,1,0.024699792396629006,0.017442216351628303,0.09730042673193717,0.09730042673193717,1.0,True,False,-0.007178697362542154,True,980,9290
12,2,0.3,0.0,uniform,0,uniform,1.0,adaptive,controlled,5,1,2,0.017462660620179093,0.02652614302933216,0.1218863445151433,0.060943172257571634,0.5,True,False,0.009083926677703857,True,1955,13935
12,2,0.3,0.0,uniform,0,uniform,1.0,adaptive,controlled,5,1,3,0.004935765975716322,0.0747781578451395,0.49078847235343365,0.12269711808835845,0.25,True,False,0.048252014815807334,True,2545,18580
12,2,0.3,0.0,uniform,0,uniform,1.0,adaptive,controlled,5,1,4,0.002609137091855729,0.22271048761904239,0.47525851799842883,0.11881462949960715,0.25,True,False,0.1479323297739029,True,3090,23225
12,2,0.3,0.0,uniform,0,uniform,1.0,adaptive,controlled,5,1,5,0.014303748058327237,0.018175000324845314,0.29197969307684757,0.07299492326921184,0.25,True,False,-0.20453548729419707,True,3575,27870
12,2,0.3,0.0,uniform,0,uniform,1.0,adaptive,controlled,5,1,6,0.0029296329427310752,0.23718594647943975,,0.0,0.25,False,False,0.21901094615459443,False,3975,32515
12,2,0.3,0.0,uniform,0,uniform,1.0,guarded,controlled,5,1,0,0.038081662738797206,0.024620913714170457,1.0155558639731899,1.0155558639731899,1.0,True,False,,True,405,4645
12,2,0.3,0.0,uniform,0,uniform,1.0,guarded,controlled,5,1,1,0.024699792396629006,0.017442216351628303,0.09730042673193717,0.09730042673193717,1.0,True,False,-0.007178697362542154,True,980,9290
12,2,0.3,0.0,uniform,0,uniform,1.0,guarded,controlled,5,1,2,0.017462660620179093,0.02652614302933216,0.1218863445151433,0.09730042673193717,0.5,False,True,0.009083926677703857,True,1955,13935
12,2,0.3,0.0,uniform,0,uniform,1.0,guarded,controlled,5,1,3,0.024699792396629006,0.017442216351628303,0.09730042673193717,0.04865021336596857,0.5,True,False,0.0,True,2530,18580
12,2,0.3,0.0,uniform,0,uniform,1.0,guarded,controlled,5,1,4,0.005507382767795832,0.0824151549488306,0.5919965020881874,0.04865021336596857,0.25,False,True,0.0649729385972023,True,3140,23225
12,2,0.3,0.0,uniform,0,uniform,1.0,guarded,controlled,5,1,5,0.024699792396629006,0.017442216351628303,0.09730042673193717,0.024325106682984293,0.25,True,False,0.0,True,3715,27870
12,2,0.3,0.0,uniform,0,uniform,1.0,guarded,controlled,5,1,6,0.002727166118177138,0.09027776755392551,0.5859234882954061,0.024325106682984293,0.125,False,True,0.0728355512022972,True,4215,32515
12,2,0.3,0.0,uniform,0,uniform,1.0,guarded,controlled,5,1,7,0.024699792396629006,0.017442216351628303,0.09730042673193717,0.01216255334149215,0.125,True,False,0.0,True,4790,37160
12,2,0.3,0.0,uniform,0,uniform,1.0,guarded,controlled,5,1,8,0.0005562760957857904,0.09224966652691365,0.5737609349539139,0.01216255334149215,0.0625,False,True,0.07480745017528534,True,5250,41805
12,2,0.3,0.0,uniform,0,uniform,1.0,guarded,controlled,5,1,9,0.024699792396629006,0.017442216351628303,0.09730042673193717,0.006081276670746007,0.0625,True,False,0.0,True,5825,46450
12,2,0.3,0.0,uniform,0,uniform,1.0,guarded,controlled,5,1,10,0.0040528824796410845,0.21089271940290927,0.5676796582831678,0.006081276670746007,0.05,False,True,0.19345050305128098,True,6305,51095
12,2,0.3,0.0,uniform,0,uniform,1.0,guarded,controlled,5,1,11,0.024699792396629006,0.017442216351628303,0.09730042673193717,0.004865021336596825,0.05,True,False,0.0,True,6880,55740
12,2,0.3,0.0,uniform,0,uniform,1.0,guarded,controlled,5,1,12,0.0035288039336123234,0.2149528119713068,0.5664634029490185,0.004865021336596825,0.05,False,True,0.19751059561967851,True,7300,60385
12,2,0.3,0.0,uniform,0,uniform,1.0,guarded,controlled,5,1,13,0.024699792396629006,0.017442216351628303,0.09730042673193717,0.004865021336596825,0.05,True,False,0.0,True,7875,65030
12,2,0.3,0.0,uniform,0,uniform,1.0,guarded,controlled,5,1,14,0.0035288039336123234,0.2149528119713068,0.5664634029490185,0.004865021336596825,0.05,False,True,0.19751059561967851,True,8295,69675
12,2,0.3,0.0,uniform,0,uniform,1.0,guarded,controlled,5,1,15,0.024699792396629006,0.017442216351628303,0.09730042673193717,0.004865021336596825,0.05,True,False,0.0,True,8870,74320
12,2,0.3,0.0,uniform,0,uniform,1.0,guarded,controlled,5,1,16,0.0035288039336123234,0.2149528119713068,0.5664634029490185,0.004865021336596825,0.05,False,True,0.19751059561967851,True,9290,78965
12,2,0.3,0.0,uniform,0,uniform,1.0,guarded,controlled,5,1,17,0.024699792396629006,0.017442216351628303,0.09730042673193717,0.004865021336596825,0.05,True,False,0.0,True,9865,83610
12,2,0.3,0.0,uniform,0,uniform,1.0,guarded,controlled,5,1,18,0.0035288039336123234,0.2149528119713068,0.5664634029490185,0.004865021336596825,0.05,False,True,0.19751059561967851,True,10285,88255
12,2,0.3,0.0,uniform,0,uniform,1.0,guarded,controlled,5,1,19,0.024699792396629006,0.017442216351628303,0.09730042673193717,0.004865021336596825,0.05,True,False,0.0,True,10860,92900
13,2,0.3,0.0,uniform,0,uniform,0.0,fixed,controlled,5,1,0,0.008039915462084768,0.01018028873950243,0.990559692657324,0.0,0.0,False,False,,True,380,5160
13,2,0.3,0.0,uniform,0,uniform,0.0,adaptive,controlled,5,1,0,0.008039915462084768,0.01018028873950243,0.990559692657324,0.0,0.0,False,False,,True,380,5160
13,2,0.3,0.0,uniform,0,uniform,0.0,guarded,controlled,5,1,0,0.008039915462084768,0.01018028873950243,0.990559692657324,0.0,0.0,False,False,,True,380,5160
13,2,0.3,0.0,uniform,0,uniform,0.5,fixed,controlled,5,1,0,0.008039915462084768,0.01018028873950243,0.990559692657324,0.495279846328662,0.5,True,False,,True,380,5160
13,2,0.3,0.0,uniform,0,uniform,0.5,fixed,controlled,5,1,1,0.008077538574440879,0.010190405137836932,0.4954103330741254,0.24770516653706276,0.5,True,False,1.0116398334501786e-05,True,670,10320
13,2,0.3,0.0,uniform,0,uniform,0.5,fixed,controlled,5,1,2,0.008065162841167428,0.01018501240760088,0.24763560345486285,0.12381780172743145,0.5,True,False,-5.392730236052079e-06,True,950,15480
13,2,0.3,0.0,uniform,0,uniform,0.5,fixed,controlled,5,1,3,0.008087825206854915,0.010195951350033284,0.1239589190302646,0.061979459515132236,0.5,True,False,1.0938942432403218e-05,True,1210,20640
13,2,0.3,0.0,uniform,0,uniform,0.5,fixed,controlled,5,1,4,0.008098034760634976,0.010199605114758014,0.06202660467321529,0.03101330233660759,0.5,True,False,3.6537647247307514e-06,True,1495,25800
13,2,0.3,0.0,uniform,0,uniform,0.5,fixed,controlled,5,1,5,0.008085859622376845,0.010193786211311817,0.030938222368538236,0.015469111184269174,0.5,True,False,-5.81890344619751e-06,True,1785,30960
13,2,0.3,0.0,uniform,0,uniform,0.5,fixed,controlled,5,1,6,0.008072826210619888,0.010186478681862354,0.015374841703060329,0.007687420851530231,0.5,True,False,-7.3075294494632376e-06,True,2080,36120
13,2,0.3,0.0,uniform,0,uniform,0.5,fixed,controlled,5,1,7,0.00807571857195799,0.010188350267708302,0.00771156301455535,0.0038557815072776764,0.5,True,False,1.8715858459486534e-06,True,2375,41280
13,2,0.3,0.0,uniform,0,uniform,0.5,fixed,controlled,5,1,8,0.008077051763768273,0.010189208574593068,0.00386685350925419,0.0019334267546271492,0.5,True,False,8.583068847652781e-07,True,2670,46440
13,2,0.3,0.0,uniform,0,uniform,0.5,fixed,controlled,5,1,9,0.008077701729388487,0.010189643688499927,0.0019390397494298533,0.000969519874714937,0.5,True,False,4.3511390685965767e-07,True,2965,51600
13,2,0.3,0.0,uniform,0,uniform,0.5,fixed,controlled,5,1,10,0.008068552488262881,0.010184085555374622,0.0008978249406309423,0.00044891247031554095,0.5,True,False,-5.558133125305176e-06,True,3290,56760
13,2,0.3,0.0,uniform,0,uniform,0.5,adaptive,controlled,5,1,0,0.008039915462084768,0.01018028873950243,0.990559692657324,0.495279846328662,0.5,True,False,,True,380,5160
13,2,0.3,0.0,uniform,0,uniform,0.5,adaptive,controlled,5,1,1,0.008077538574440879,0.010190405137836932,0.4954103330741254,0.24770516653706276,0.5,True,False,1.0116398334501786e-05,True,670,10320
13,2,0.3,0.0,uniform,0,uniform,0.5,adaptive,controlled,5,1,2,0.008065162841167428,0.01018501240760088,0.24763560345486285,0.12381780172743145,0.5,True,False,-5.392730236052079e-06,True,950,15480
13,2,0.3,0.0,uniform,0,uniform,0.5,adaptive,controlled,5,1,3,0.008087825206854915,0.010195951350033284,0.1239589190302646,0.061979459515132236,0.5,True,False,1.0938942432403218e-05,True,1210,20640
13,2,0.3,0.0,uniform,0,uniform,0.5,adaptive,controlled,5,1,4,0.008098034760634976,0.010199605114758014,0.06202660467321529,0.03101330233660759,0.5,True,False,3.6537647247307514e-06,True,1495,25800
13,2,0.3,0.0,uniform,0,uniform,0.5,adaptive,controlled,5,1,5,0.008085859622376845,0.010193786211311817,0.030938222368538236,0.015469111184269174,0.5,True,False,-5.81890344619751e-06,True,1785,30960
13,2,0.3,0.0,uniform,0,uniform,0.5,adaptive,controlled,5,1,6,0.008072826210619888,0.010186478681862354,0.015374841703060329,0.007687420851530231,0.5,True,False,-7.3075294494632376e-06,True,2080,36120
13,2,0.3,0.0,uniform,0,uniform,0.5,adaptive,controlled,5,1,7,0.00807571857195799,0.010188350267708302,0.00771156301455535,0.0038557815072776764,0.5,True,False,1.8715858459486534e-06,True,2375,41280
13,2,0.3,0.0,uniform,0,uniform,0.5,adaptive,controlled,5,1,8,0.008077051763768273,0.010189208574593068,0.00386685350925419,0.0019334267546271492,0.5,True,False,8.583068847652781e-07,True,2670,46440
13,2,0.3,0.0,uniform,0,uniform,0.5,adaptive,controlled,5,1,9,0.008077701729388487,0.010189643688499927,0.0019390397494298533,0.000969519874714937,0.5,True,False,4.3511390685965767e-07,True,2965,51600
13,2,0.3,0.0,uniform,0,uniform,0.5,adaptive,controlled,5,1,10,0.008068552488262881,0.010184085555374622,0.0008978249406309423,0.00044891247031554095,0.5,True,False,-5.558133125305176e-06,True,3290,56760
13,2,0.3,0.0,uniform,0,uniform,0.5,guarded,controlled,5,1,0,0.008039915462084768,0.01018028873950243,0.990559692657324,0.495279846328662,0.5,True,False,,True,380,5160
13,2,0.3,0.0,uniform,0,uniform,0.5,guarded,controlled,5,1,1,0.008077538574440879,0.010190405137836932,0.4954103330741254,0.24770516653706276,0.5,True,False,1.0116398334501786e-05,True,670,10320
13,2,0.3,0.0,uniform,0,uniform,0.5,guarded,controlled,5,1,2,0.008065162841167428,0.01018501240760088,0.24763560345486285,0.12381780172743145,0.5,True,False,-5.392730236052079e-06,True,950,15480
13,2,0.3,0.0,uniform,0,uniform,0.5,guarded,controlled,5,1,3,0.008087825206854915,0.010195951350033284,0.1239589190302646,0.061979459515132236,0.5,True,False,1.0938942432403218e-05,True,1210,20640
13,2,0.3,0.0,uniform,0,uniform,0.5,guarded,controlled,5,1,4,0.008098034760634976,0.010199605114758014,0.06202660467321529,0.03101330233660759,0.5,True,False,3.6537647247307514e-06,True,1495,25800
13,2,0.3,0.0,uniform,0,uniform,0.5,guarded,controlled,5,1,5,0.008085859622376845,0.010193786211311817,0.030938222368538236,0.015469111184269174,0.5,True,False,-5.81890344619751e-06,True,1785,30960
13,2,0.3,0.0,uniform,0,uniform,0.5,guarded,controlled,5,1,6,0.008072826210619888,0.010186478681862354,0.015374841703060329,0.007687420851530231,0.5,True,False,-7.3075294494632376e-06,True,2080,36120
13,2,0.3,0.0,uniform,0,uniform,0.5,guarded,controlled,5,1,7,0.00807571857195799,0.010188350267708302,0.00771156301455535,0.0038557815072776764,0.5,True,False,1.8715858459486534e-06,True,2375,41280
13,2,0.3,0.0,uniform,0,uniform,0.5,guarded,controlled,5,1,8,0.008077051763768273,0.010189208574593068,0.00386685350925419,0.0019334267546271492,0.5,True,False,8.583068847652781e-07,True,2670,46440
13,2,0.3,0.0,uniform,0,uniform,0.5,guarded,controlled,5,1,9,0.008077701729388487,0.010189643688499927,0.0019390397494298533,0.000969519874714937,0.5,True,False,4.3511390685965767e-07,True,2965,51600
13,2,0.3,0.0,uniform,0,uniform,0.5,guarded,controlled,5,1,10,0.008068552488262881,0.010184085555374622,0.0008978249406309423,0.00044891247031554095,0.5,True,False,-5.558133125305176e-06,True,3290,56760
13,2,0.3,0.0,uniform,0,uniform,1.0,fixed,controlled,5,1,0,0.008039915462084768,0.01018028873950243,0.990559692657324,0.990559692657324,1.0,True,False,,True,380,5160
13,2,0.3,0.0,uniform,0,uniform,1.0,fixed,controlled,5,1,1,0.008068377836353613,0.010183984227478505,4.7661968496551244e-05,4.7661968496551244e-05,1.0,True,False,3.6954879760742188e-06,True,740,10320
13,2,0.3,0.0,uniform,0,uniform,1.0,adaptive,controlled,5,1,0,0.008039915462084768,0.01018028873950243,0.990559692657324,0.990559692657324,1.0,True,False,,True,380,5160
13,2,0.3,0.0,uniform,0,uniform,1.0,adaptive,controlled,5,1,1,0.008068377836353613,0.010183984227478505,4.7661968496551244e-05,4.7661968496551244e-05,1.0,True,False,3.6954879760742188e-06,True,740,10320
13,2,0.3,0.0,uniform,0,uniform,1.0,guarded,controlled,5,1,0,0.008039915462084768,0.01018028873950243,0.990559692657324,0.990559692657324,1.0,True,False,,True,380,5160
13,2,0.3,0.0,uniform,0,uniform,1.0,guarded,controlled,5,1,1,0.008068377836353613,0.010183984227478505,4.7661968496551244e-05,4.7661968496551244e-05,1.0,True,False,3.6954879760742188e-06,True,740,10320
14,2,0.3,0.0,uniform,0,uniform,0.0,fixed,controlled,5,1,0,0.001352103794970954,0.017065297067165374,0.5919220870127238,0.0,0.0,False,False,,True,375,2490
14,2,0.3,0.0,uniform,0,uniform,0.0,adaptive,controlled,5,1,0,0.001352103794970954,0.017065297067165374,0.5919220870127238,0.0,0.0,False,False,,True,375,2490
14,2,0.3,0.0,uniform,0,uniform,0.0,guarded,controlled,5,1,0,0.001352103794970954,0.017065297067165374,0.5919220870127238,0.0,0.0,False,False,,True,375,2490
14,2,0.3,0.0,uniform,0,uniform,0.5,fixed,controlled,5,1,0,0.001352103794970954,0.017065297067165374,0.5919220870127238,0.2959610435063619,0.5,True,False,,True,375,2490
14,2,0.3,0.0,uniform,0,uniform,0.5,fixed,controlled,5,1,1,0.002810273951420514,0.018055322766304015,0.30359880046862797,0.15179940023431393,0.5,True,False,0.0009900256991386414,True,665,4980
14,2,0.3,0.0,uniform,0,uniform,0.5,fixed,controlled,5,1,2,0.0016884036640871236,0.016019631922245026,0.13630314444238922,0.06815157222119461,0.5,True,False,-0.002035690844058989,True,1050,7470
14,2,0.3,0.0,uniform,0,uniform,0.5,fixed,controlled,5,1,3,0.0013255580975482795,0.01603124290704727,0.06823768659181033,0.034118843295905206,0.5,True,False,1.16109848022454e-05,True,1420,9960
14,2,0.3,0.0,uniform,0,uniform,0.5,fixed,controlled,5,1,4,0.001248737134210226,0.016077254712581635,0.034460345647923656,0.01723017282396184,0.5,True,False,4.601180553436349e-05,True,1635,12450
14,2,0.3,0.0,uniform,0,uniform,0.5,fixed,controlled,5,1,5,0.0015207696965703899,0.01605059504508972,0.017032254552887087,0.00851612727644353,0.5,True,False,-2.665966749191423e-05,True,1855,14940
14,2,0.3,0.0,uniform,0,uniform,0.5,fixed,controlled,5,1,6,0.0016055578392745185,0.016013942658901215,0.008244242934986115,0.004122121467493033,0.5,True,False,-3.6652386188506386e-05,True,2095,17430
14,2,0.3,0.0,uniform,0,uniform,0.5,fixed,controlled,5,1,7,0.0016258786630065913,0.01600964069366455,0.004090226439581969,0.0020451132197909973,0.5,True,False,-4.3019652366631245e-06,True,2340,19920
14,2,0.3,0.0,uniform,0,uniform,0.5,fixed,controlled,5,1,8,0.0016369010384597593,0.016006709635257722,0.002023384172536294,0.0010116920862681608,0.5,True,False,-2.93105840682914e-06,True,2590,22410
14,2,0.3,0.0,uniform,0,uniform,0.5,fixed,controlled,5,1,9,0.0016426860250988023,0.016005009412765503,0.0009990884333203054,0.0004995442166601388,0.5,True,False,-1.7002224922194054e-06,True,2845,24900
14,2,0.3,0.0,uniform,0,uniform,0.5,adaptive,controlled,5,1,0,0.001352103794970954,0.017065297067165374,0.5919220870127238,0.2959610435063619,0.5,True,False,,True,375,2490
14,2,0.3,0.0,uniform,0,uniform,0.5,adaptive,controlled,5,1,1,0.002810273951420514,0.018055322766304015,0.30359880046862797,0.15179940023431393,0.5,True,False,0.0009900256991386414,True,665,4980
14,2,0.3,0.0,uniform,0,uniform,0.5,adaptive,controlled,5,1,2,0.0016884036640871236,0.016019631922245026,0.13630314444238922,0.06815157222119461,0.5,True,False,-0.002035690844058989,True,1050,7470
14,2,0.3,0.0,uniform,0,uniform,0.5,adaptive,controlled,5,1,3,0.0013255580975482795,0.01603124290704727,0.06823768659181033,0.034118843295905206,0.5,True,False,1.16109848022454e-05,True,1420,9960
14,2,0.3,0.0,uniform,0,uniform,0.5,adaptive,controlled,5,1,4,0.001248737134210226,0.016077254712581635,0.034460345647923656,0.01723017282396184,0.5,True,False,4.601180553436349e-05,True,1635,12450
14,2,0.3,0.0,uniform,0,uniform,0.5,adaptive,controlled,5,1,5,0.0015207696965703899,0.01605059504508972,0.017032254552887087,0.00851612727644353,0.5,True,False,-2.665966749191423e-05,True,1855,14940
14,2,0.3,0.0,uniform,0,uniform,0.5,adaptive,controlled,5,1,6,0.0016055578392745185,0.016013942658901215,0.008244242934986115,0.004122121467493033,0.5,True,False,-3.6652386188506386e-05,True,2095,17430
14,2,0.3,0.0,uniform,0,uniform,0.5,adaptive,controlled,5,1,7,0.0016258786630065913,0.01600964069366455,0.004090226439581969,0.0020451132197909973,0.5,True,False,-4.3019652366631245e-06,True,2340,19920
14,2,0.3,0.0,uniform,0,uniform,0.5,adaptive,controlled,5,1,8,0.0016369010384597593,0.016006709635257722,0.002023384172536294,0.0010116920862681608,0.5,True,False,-2.93105840682914e-06,True,2590,22410
14,2,0.3,0.0,uniform,0,uniform,0.5,adaptive,controlled,5,1,9,0.0016426860250988023,0.016005009412765503,0.0009990884333203054,0.0004995442166601388,0.5,True,False,-1.7002224922194054e-06,True,2845,24900
14,2,0.3,0.0,uniform,0,uniform,0.5,guarded,controlled,5,1,0,0.001352103794970954,0.017065297067165374,0.5919220870127238,0.2959610435063619,0.5,True,False,,True,375,2490
14,2,0.3,0.0,uniform,0,uniform,0.5,guarded,controlled,5,1,1,0.002810273951420514,0.018055322766304015,0.30359880046862797,0.2959610435063619,0.25,False,True,0.0009900256991386414,True,665,4980
14,2,0.3,0.0,uniform,0,uniform,0.5,guarded,controlled,5,1,2,0.001352103794970954,0.017065297067165374,0.5919220870127238,0.14798052175318094,0.25,True,False,0.0,True,1040,7470
14,2,0.3,0.0,uniform,0,uniform,0.5,guarded,controlled,5,1,3,0.0025901504018360708,0.01808651089668274,0.4518231332073177,0.14798052175318094,0.125,False,True,0.0010212138295173645,True,1255,9960
14,2,0.3,0.0,uniform,0,uniform,0.5,guarded,controlled,5,1,4,0.001352103794970954,0.017065297067165374,0.5919220870127238,0.07399026087659047,0.125,True,False,0.0,True,1630,12450
14,2,0.3,0.0,uniform,0,uniform,0.5,guarded,controlled,5,1,5,0.002669584972856463,0.018043819069862365,0.5254797038022945,0.07399026087659047,0.0625,False,True,0.000978522002696991,True,2090,14940
14,2,0.3,0.0,uniform,0,uniform,0.5,guarded,controlled,5,1,6,0.001352103794970954,0.017065297067165374,0.5919220870127238,0.03699513043829522,0.0625,True,False,0.0,True,2465,17430
14,2,0.3,0.0,uniform,0,uniform,0.5,guarded,controlled,5,1,7,0.0022450168403393526,0.01748138517141342,0.5581131203809444,0.03699513043829522,0.05,False,True,0.0004160881042480462,True,3005,19920
14,2,0.3,0.0,uniform,0,uniform,0.5,guarded,controlled,5,1,8,0.001352103794970954,0.017065297067165374,0.5919220870127238,0.0295961043506362,0.05,True,False,0.0,True,3380,22410
14,2,0.3,0.0,uniform,0,uniform,0.5,guarded,controlled,5,1,9,0.0021611979203850495,0.01743135750293732,0.5651272503679059,0.0295961043506362,0.05,False,True,0.0003660604357719442,True,3745,24900
14,2,0.3,0.0,uniform,0,uniform,0.5,guarded,controlled,5,1,10,0.001352103794970954,0.017065297067165374,0.5919220870127238,0.0295961043506362,0.05,True,False,0.0,True,4120,27390
14,2,0.3,0.0,uniform,0,uniform,0.5,guarded,controlled,5,1,11,0.0021611979203850495,0.01743135750293732,0.5651272503679059,0.0295961043506362,0.05,False,True,0.0003660604357719442,True,4485,29880
14,2,0.3,0.0,uniform,0,uniform,0.5,guarded,controlled,5,1,12,0.001352103794970954,0.017065297067165374,0.5919220870127238,0.0295961043506362,0.05,True,False,0.0,True,4860,32370
14,2,0.3,0.0,uniform,0,uniform,0.5,guarded,controlled,5,1,13,0.0021611979203850495,0.01743135750293732,0.5651272503679059,0.0295961043506362,0.05,False,True,0.0003660604357719442,True,5225,34860
14,2,0.3,0.0,uniform,0,uniform,0.5,guarded,controlled,5,1,14,0.001352103794970954,0.017065297067165374,0.5919220870127238,0.0295961043506362,0.05,True,False,0.0,True,5600,37350
14,2,0.3,0.0,uniform,0,uniform,0.5,guarded,controlled,5,1,15,0.0021611979203850495,0.01743135750293732,0.5651272503679059,0.0295961043506362,0.05,False,True,0.0003660604357719442,True,5965,39840
14,2,0.3,0.0,uniform,0,uniform,0.5,guarded,controlled,5,1,16,0.001352103794970954,0.017065297067165374,0.5919220870127238,0.0295961043506362,0.05,True,False,0.0,True,6340,42330
14,2,0.3,0.0,uniform,0,uniform,0.5,guarded,controlled,5,1,17,0.0021611979203850495,0.01743135750293732,0.5651272503679059,0.0295961043506362,0.05,False,True,0.0003660604357719442,True,6705,44820
14,2,0.3,0.0,uniform,0,uniform,0.5,guarded,controlled,5,1,18,0.001352103794970954,0.017065297067165374,0.5919220870127238,0.0295961043506362,0.05,True,False,0.0,True,7080,47310
14,2,0.3,0.0,uniform,0,uniform,0.5,guarded,controlled,5,1,19,0.0021611979203850495,0.01743135750293732,0.5651272503679059,0.0295961043506362,0.05,False,True,0.0003660604357719442,True,7445,49800
14,2,0.3,0.0,uniform,0,uniform,1.0,fixed,controlled,5,1,0,0.001352103794970954,0.017065297067165374,0.5919220870127238,0.5919220870127238,1.0,True,False,,True,375,2490
14,2,0.3,0.0,uniform,0,uniform,1.0,fixed,controlled,5,1,1,0.0016160807797017118,0.016042591631412507,0.007688190633802074,0.007688190633802074,1.0,True,False,-0.0010227054357528666,True,600,4980
14,2,0.3,0.0,uniform,0,uniform,1.0,fixed,controlled,5,1,2,0.0016474372945159271,0.016004784405231474,0.0002803897411986257,0.0002803897411986257,1.0,True,False,-3.780722618103305e-05,True,825,7470
14,2,0.3,0.0,uniform,0,uniform,1.0,adaptive,controlled,5,1,0,0.001352103794970954,0.017065297067165374,0.5919220870127238,0.5919220870127238,1.0,True,False,,True,375,2490
14,2,0.3,0.0,uniform,0,uniform,1.0,adaptive,controlled,5,1,1,0.0016160807797017118,0.016042591631412507,0.007688190633802074,0.007688190633802074,1.0,True,False,-0.0010227054357528666,True,600,4980
14,2,0.3,0.0,uniform,0,uniform,1.0,adaptive,controlled,5,1,2,0.0016474372945159271,0.016004784405231474,0.0002803897411986257,0.0002803897411986257,1.0,True,False,-3.780722618103305e-05,True,825,7470
14,2,0.3,0.0,uniform,0,uniform,1.0,guarded,controlled,5,1,0,0.001352103794970954,0.017065297067165374,0.5919220870127238,0.5919220870127238,1.0,True,False,,True,375,2490
14,2,0.3,0.0,uniform,0,uniform,1.0,guarded,controlled,5,1,1,0.0016160807797017118,0.016042591631412507,0.007688190633802074,0.007688190633802074,1.0,True,False,-0.0010227054357528666,True,600,4980
14,2,0.3,0.0,uniform,0,uniform,1.0,guarded,controlled,5,1,2,0.0016474372945159271,0.016004784405231474,0.0002803897411986257,0.0002803897411986257,1.0,True,False,-3.780722618103305e-05,True,825,7470
15,2,0.3,0.0,uniform,0,uniform,0.0,fixed,controlled,5,1,0,0.006476780201828791,0.01837819367647171,0.7549829565469581,0.0,0.0,False,False,,True,440,4395
15,2,0.3,0.0,uniform,0,uniform,0.0,adaptive,controlled,5,1,0,0.006476780201828791,0.01837819367647171,0.7549829565469581,0.0,0.0,False,False,,True,440,4395
15,2,0.3,0.0,uniform,0,uniform,0.0,guarded,controlled,5,1,0,0.006476780201828791,0.01837819367647171,0.7549829565469581,0.0,0.0,False,False,,True,440,4395
15,2,0.3,0.0,uniform,0,uniform,0.5,fixed,controlled,5,1,0,0.006476780201828791,0.01837819367647171,0.7549829565469581,0.37749147827347895,0.5,True,False,,True,440,4395
15,2,0.3,0.0,uniform,0,uniform,0.5,fixed,controlled,5,1,1,0.009384437046447092,0.018049862422049045,0.37563351514206056,0.18781675757103025,0.5,True,False,-0.00032833125442266464,True,1140,8790
15,2,0.3,0.0,uniform,0,uniform,0.5,fixed,controlled,5,1,2,0.006542816646181782,0.016048305481672288,0.17333518752795607,0.08666759376397813,0.5,True,False,-0.002001556940376757,True,1700,13185
15,2,0.3,0.0,uniform,0,uniform,0.5,fixed,controlled,5,1,3,0.008268272129903026,0.014444530010223389,0.06937299371188332,0.034686496855941676,0.5,True,False,-0.001603775471448899,True,2040,17580
15,2,0.3,0.0,uniform,0,uniform,0.5,fixed,controlled,5,1,4,0.006009299987893124,0.01972222849726677,0.07608567332675029,0.0380428366633752,0.5,True,False,0.005277698487043382,True,2455,21975
15,2,0.3,0.0,uniform,0,uniform,0.5,fixed,controlled,5,1,5,0.004982250834381752,0.019860506057739258,0.03885659024667362,0.01942829512333665,0.5,True,False,0.00013827756047248702,True,2985,26370
15,2,0.3,0.0,uniform,0,uniform,0.5,fixed,controlled,5,1,6,0.04650142229166576,0.03051853347569704,0.0516250278795092,0.02581251393975464,0.5,True,False,0.010658027417957783,True,3450,30765
15,2,0.3,0.0,uniform,0,uniform,0.5,fixed,controlled,5,1,7,0.002293660031545741,0.020385739952325822,0.008969769199884004,0.004484884599941933,0.5,True,False,-0.010132793523371219,True,3820,35160
15,2,0.3,0.0,uniform,0,uniform,0.5,fixed,controlled,5,1,8,0.007931075809693766,0.01948387026786804,0.009889555867295941,0.004944777933648009,0.5,True,False,-0.0009018696844577817,True,4405,39555
15,2,0.3,0.0,uniform,0,uniform,0.5,fixed,controlled,5,1,9,0.0022938301292398933,0.02038576379418373,0.003316497318972907,0.0016582486594865897,0.5,True,False,0.0009018935263156898,True,4820,43950
15,2,0.3,0.0,uniform,0,uniform,0.5,fixed,controlled,5,1,10,0.0022903799284232917,0.020385266095399857,0.00165527558959156,0.0008276377947957657,0.5,True,False,-4.976987838731239e-07,True,5130,48345
15,2,0.3,0.0,uniform,0,uniform,0.5,fixed,controlled,5,1,11,0.0022907082796734812,0.020385508984327318,0.0008290887194433881,0.0004145443597217222,0.5,True,False,2.428889274604107e-07,True,5450,52740
15,2,0.3,0.0,uniform,0,uniform,0.5,adaptive,controlled,5,1,0,0.006476780201828791,0.01837819367647171,0.7549829565469581,0.37749147827347895,0.5,True,False,,True,440,4395
15,2,0.3,0.0,uniform,0,uniform,0.5,adaptive,controlled,5,1,1,0.009384437046447092,0.018049862422049045,0.37563351514206056,0.18781675757103025,0.5,True,False,-0.00032833125442266464,True,1140,8790
15,2,0.3,0.0,uniform,0,uniform,0.5,adaptive,controlled,5,1,2,0.006542816646181782,0.016048305481672288,0.17333518752795607,0.08666759376397813,0.5,True,False,-0.002001556940376757,True,1700,13185
15,2,0.3,0.0,uniform,0,uniform,0.5,adaptive,controlled,5,1,3,0.008268272129903026,0.014444530010223389,0.06937299371188332,0.034686496855941676,0.5,True,False,-0.001603775471448899,True,2040,17580
15,2,0.3,0.0,uniform,0,uniform,0.5,adaptive,controlled,5,1,4,0.006009299987893124,0.01972222849726677,0.07608567332675029,0.01902141833168753,0.25,True,False,0.005277698487043382,True,2455,21975
15,2,0.3,0.0,uniform,0,uniform,0.5,adaptive,controlled,5,1,5,0.0053838794825586955,0.020024168491363525,0.05884480885395764,0.014711202213489436,0.25,True,False,0.0003019399940967539,True,3205,26370
15,2,0.3,0.0,uniform,0,uniform,0.5,adaptive,controlled,5,1,6,0.005053490388749138,0.019897396117448805,0.04338437938309441,0.010846094845773587,0.25,True,False,-0.00012677237391471932,True,3700,30765
15,2,0.3,0.0,uniform,0,uniform,0.5,adaptive,controlled,5,1,7,0.011964860369231722,0.02322947159409523,0.05275895814462038,0.006594869768077393,0.125,True,False,0.003332075476646424,True,4170,35160
15,2,0.3,0.0,uniform,0,uniform,0.5,adaptive,controlled,5,1,8,0.011609905829019773,0.023302145302295685,0.04616408837654307,0.0057705110470680065,0.125,True,False,7.26737082004554e-05,True,4580,39555
15,2,0.3,0.0,uniform,0,uniform,0.5,adaptive,controlled,5,1,9,0.009539127526604574,0.023642098158597948,0.04039357732947495,0.005049197166184393,0.125,True,False,0.00033995285630226274,True,5205,43950
15,2,0.3,0.0,uniform,0,uniform,0.5,adaptive,controlled,5,1,10,0.010563563276384969,0.026760581880807877,0.03960887512612644,0.004951109390765811,0.125,True,False,0.003118483722209929,True,5610,48345
15,2,0.3,0.0,uniform,0,uniform,0.5,adaptive,controlled,5,1,11,0.0022939516533337923,0.020385805517435074,0.013605360649258026,0.001700670081157359,0.125,True,False,-0.006374776363372803,True,5945,52740
15,2,0.3,0.0,uniform,0,uniform,0.5,adaptive,controlled,5,1,12,0.002293732757062017,0.020385775715112686,0.011904512538722777,0.0014880640673402253,0.125,True,False,-2.9802322387695312e-08,True,6315,57135
15,2,0.3,0.0,uniform,0,uniform,0.5,adaptive,controlled,5,1,13,0.0022843185860956794,0.02038469389081001,0.010409986095753368,0.0013012482619690936,0.125,True,False,-1.0818243026747276e-06,True,6670,61530
15,2,0.3,0.0,uniform,0,uniform,0.5,adaptive,controlled,5,1,14,0.0022936843634209225,0.0203857459127903,0.009115022180169761,0.0011393777725213347,0.125,True,False,1.0520219802870323e-06,True,7080,65925
15,2,0.3,0.0,uniform,0,uniform,0.5,adaptive,controlled,5,1,15,0.002285703391301297,0.02038486674427986,0.00797039260528741,0.0009962990756609289,0.125,True,False,-8.791685104370117e-07,True,7365,70320
15,2,0.3,0.0,uniform,0,uniform,0.5,adaptive,controlled,5,1,16,0.002293975985180552,0.020385829359292985,0.006979843814207834,0.0008724804767759765,0.125,True,False,9.626150131239464e-07,True,7765,74715
15,2,0.3,0.0,uniform,0,uniform,0.5,adaptive,controlled,5,1,17,0.0022937449229445406,0.020385739952325822,0.006106829249378668,0.0007633536561723261,0.125,True,False,-8.940696716308594e-08,True,8125,79110
15,2,0.3,0.0,uniform,0,uniform,0.5,adaptive,controlled,5,1,18,0.0022939394874157415,0.02038579061627388,0.0053437782429549925,0.0006679722803693954,0.125,True,False,5.066394805769425e-08,True,8465,83505
15,2,0.3,0.0,uniform,0,uniform,0.5,adaptive,controlled,5,1,19,0.002293684183348077,0.020385774224996565,0.004675708046448133,0.0005844635058058654,0.125,True,False,-1.63912773146202e-08,True,8780,87900
15,2,0.3,0.0,uniform,0,uniform,0.5,guarded,controlled,5,1,0,0.006476780201828791,0.01837819367647171,0.7549829565469581,0.37749147827347895,0.5,True,False,,True,440,4395
15,2,0.3,0.0,uniform,0,uniform,0.5,guarded,controlled,5,1,1,0.009384437046447092,0.018049862422049045,0.37563351514206056,0.18781675757103025,0.5,True,False,-0.00032833125442266464,True,1140,8790
15,2,0.3,0.0,uniform,0,uniform,0.5,guarded,controlled,5,1,2,0.006542816646181782,0.016048305481672288,0.17333518752795607,0.08666759376397813,0.5,True,False,-0.002001556940376757,True,1700,13185
15,2,0.3,0.0,uniform,0,uniform,0.5,guarded,controlled,5,1,3,0.008268272129903026,0.014444530010223389,0.06937299371188332,0.034686496855941676,0.5,True,False,-0.001603775471448899,True,2040,17580
15,2,0.3,0.0,uniform,0,uniform,0.5,guarded,controlled,5,1,4,0.006009299987893124,0.01972222849726677,0.07608567332675029,0.034686496855941676,0.25,False,True,0.005277698487043382,True,2455,21975
15,2,0.3,0.0,uniform,0,uniform,0.5,guarded,controlled,5,1,5,0.008268272129903026,0.014444530010223389,0.06937299371188332,0.017343248427970796,0.25,True,False,0.0,True,2795,26370
15,2,0.3,0.0,uniform,0,uniform,0.5,guarded,controlled,5,1,6,0.009935932792224378,0.023771034181118013,0.11468092196354188,0.017343248427970796,0.125,False,True,0.009326504170894624,True,3320,30765
15,2,0.3,0.0,uniform,0,uniform,0.5,guarded,controlled,5,1,7,0.008268272129903026,0.014444530010223389,0.06937299371188332,0.008671624213985367,0.125,True,False,0.0,True,3660,35160
15,2,0.3,0.0,uniform,0,uniform,0.5,guarded,controlled,5,1,8,0.004837575625294299,0.01975304037332535,0.10228162734989638,0.008671624213985367,0.0625,False,True,0.005308510363101961,True,4100,39555
15,2,0.3,0.0,uniform,0,uniform,0.5,guarded,controlled,5,1,9,0.008268272129903026,0.014444530010223389,0.06937299371188332,0.0043358121069926,0.0625,True,False,0.0,True,4440,43950
15,2,0.3,0.0,uniform,0,uniform,0.5,guarded,controlled,5,1,10,0.0048846790123981965,0.019793561846017837,0.10685579722656045,0.0043358121069926,0.05,False,True,0.005349031835794448,True,4865,48345
15,2,0.3,0.0,uniform,0,uniform,0.5,guarded,controlled,5,1,11,0.008268272129903026,0.014444530010223389,0.06937299371188332,0.003468649685594176,0.05,True,False,0.0,True,5205,52740
15,2,0.3,0.0,uniform,0,uniform,0.5,guarded,controlled,5,1,12,0.005432392760852389,0.020039500296115877,0.10917484764748506,0.003468649685594176,0.05,False,True,0.005594970285892488,True,5835,57135
15,2,0.3,0.0,uniform,0,uniform,0.5,guarded,controlled,5,1,13,0.008268272129903026,0.014444530010223389,0.06937299371188332,0.003468649685594176,0.05,True,False,0.0,True,6175,61530
15,2,0.3,0.0,uniform,0,uniform,0.5,guarded,controlled,5,1,14,0.005432392760852389,0.020039500296115877,0.10917484764748506,0.003468649685594176,0.05,False,True,0.005594970285892488,True,6805,65925
15,2,0.3,0.0,uniform,0,uniform,0.5,guarded,controlled,5,1,15,0.008268272129903026,0.014444530010223389,0.06937299371188332,0.003468649685594176,0.05,True,False,0.0,True,7145,70320
15,2,0.3,0.0,uniform,0,uniform,0.5,guarded,controlled,5,1,16,0.005432392760852389,0.020039500296115877,0.10917484764748506,0.003468649685594176,0.05,False,True,0.005594970285892488,True,7775,74715
15,2,0.3,0.0,uniform,0,uniform,0.5,guarded,controlled,5,1,17,0.008268272129903026,0.014444530010223389,0.06937299371188332,0.003468649685594176,0.05,True,False,0.0,True,8115,79110
15,2,0.3,0.0,uniform,0,uniform,0.5,guarded,controlled,5,1,18,0.005432392760852389,0.020039500296115877,0.10917484764748506,0.003468649685594176,0.05,False,True,0.005594970285892488,True,8745,83505
15,2,0.3,0.0,uniform,0,uniform,0.5,guarded,controlled,5,1,19,0.008268272129903026,0.014444530010223389,0.06937299371188332,0.003468649685594176,0.05,True,False,0.0,True,9085,87900
15,2,0.3,0.0,uniform,0,uniform,1.0,fixed,controlled,5,1,0,0.006476780201828791,0.01837819367647171,0.7549829565469581,0.7549829565469581,1.0,True,False,,True,440,4395
15,2,0.3,0.0,uniform,0,uniform,1.0,fixed,controlled,5,1,1,0.002293927186659772,0.02038574144244194,0.011866762899849594,0.011866762899849594,1.0,True,False,0.00200754776597023,True,850,8790
15,2,0.3,0.0,uniform,0,uniform,1.0,fixed,controlled,5,1,2,0.002293623398827549,0.020385793596506118,3.1610832566721786e-07,3.1610832566721786e-07,1.0,True,False,5.21540641784668e-08,True,1230,13185
15,2,0.3,0.0,uniform,0,uniform,1.0,adaptive,controlled,5,1,0,0.006476780201828791,0.01837819367647171,0.7549829565469581,0.7549829565469581,1.0,True,False,,True,440,4395
15,2,0.3,0.0,uniform,0,uniform,1.0,adaptive,controlled,5,1,1,0.002293927186659772,0.02038574144244194,0.011866762899849594,0.011866762899849594,1.0,True,False,0.00200754776597023,True,850,8790
15,2,0.3,0.0,uniform,0,uniform,1.0,adaptive,controlled,5,1,2,0.002293623398827549,0.020385793596506118,3.1610832566721786e-07,3.1610832566721786e-07,1.0,True,False,5.21540641784668e-08,True,1230,13185
15,2,0.3,0.0,uniform,0,uniform,1.0,guarded,controlled,5,1,0,0.006476780201828791,0.01837819367647171,0.7549829565469581,0.7549829565469581,1.0,True,False,,True,440,4395
15,2,0.3,0.0,uniform,0,uniform,1.0,guarded,controlled,5,1,1,0.002293927186659772,0.02038574144244194,0.011866762899849594,0.7549829565469581,0.5,False,True,0.00200754776597023,True,850,8790
15,2,0.3,0.0,uniform,0,uniform,1.0,guarded,controlled,5,1,2,0.006476780201828791,0.01837819367647171,0.7549829565469581,0.37749147827347895,0.5,True,False,0.0,True,1290,13185
15,2,0.3,0.0,uniform,0,uniform,1.0,guarded,controlled,5,1,3,0.009384437046447092,0.018049862422049045,0.37563351514206056,0.18781675757103025,0.5,True,False,-0.00032833125442266464,True,1990,17580
15,2,0.3,0.0,uniform,0,uniform,1.0,guarded,controlled,5,1,4,0.006542816646181782,0.016048305481672288,0.17333518752795607,0.08666759376397813,0.5,True,False,-0.002001556940376757,True,2550,21975
15,2,0.3,0.0,uniform,0,uniform,1.0,guarded,controlled,5,1,5,0.008268272129903026,0.014444530010223389,0.06937299371188332,0.034686496855941676,0.5,True,False,-0.001603775471448899,True,2890,26370
15,2,0.3,0.0,uniform,0,uniform,1.0,guarded,controlled,5,1,6,0.006009299987893124,0.01972222849726677,0.07608567332675029,0.034686496855941676,0.25,False,True,0.005277698487043382,True,3305,30765
15,2,0.3,0.0,uniform,0,uniform,1.0,guarded,controlled,5,1,7,0.008268272129903026,0.014444530010223389,0.06937299371188332,0.017343248427970796,0.25,True,False,0.0,True,3645,35160
15,2,0.3,0.0,uniform,0,uniform,1.0,guarded,controlled,5,1,8,0.009935932792224378,0.023771034181118013,0.11468092196354188,0.017343248427970796,0.125,False,True,0.009326504170894624,True,4170,39555
15,2,0.3,0.0,uniform,0,uniform,1.0,guarded,controlled,5,1,9,0.008268272129903026,0.014444530010223389,0.06937299371188332,0.008671624213985367,0.125,True,False,0.0,True,4510,43950
15,2,0.3,0.0,uniform,0,uniform,1.0,guarded,controlled,5,1,10,0.004837575625294299,0.01975304037332535,0.10228162734989638,0.008671624213985367,0.0625,False,True,0.005308510363101961,True,4950,48345
15,2,0.3,0.0,uniform,0,uniform,1.0,guarded,controlled,5,1,11,0.008268272129903026,0.014444530010223389,0.06937299371188332,0.0043358121069926,0.0625,True,False,0.0,True,5290,52740
15,2,0.3,0.0,uniform,0,uniform,1.0,guarded,controlled,5,1,12,0.0048846790123981965,0.019793561846017837,0.10685579722656045,0.0043358121069926,0.05,False,True,0.005349031835794448,True,5715,57135
15,2,0.3,0.0,uniform,0,uniform,1.0,guarded,controlled,5,1,13,0.008268272129903026,0.014444530010223389,0.06937299371188332,0.003468649685594176,0.05,True,False,0.0,True,6055,61530
15,2,0.3,0.0,uniform,0,uniform,1.0,guarded,controlled,5,1,14,0.005432392760852389,0.020039500296115877,0.10917484764748506,0.003468649685594176,0.05,False,True,0.005594970285892488,True,6685,65925
15,2,0.3,0.0,uniform,0,uniform,1.0,guarded,controlled,5,1,15,0.008268272129903026,0.014444530010223389,0.06937299371188332,0.003468649685594176,0.05,True,False,0.0,True,7025,70320
15,2,0.3,0.0,uniform,0,uniform,1.0,guarded,controlled,5,1,16,0.005432392760852389,0.020039500296115877,0.10917484764748506,0.003468649685594176,0.05,False,True,0.005594970285892488,True,7655,74715
15,2,0.3,0.0,uniform,0,uniform,1.0,guarded,controlled,5,1,17,0.008268272129903026,0.014444530010223389,0.06937299371188332,0.003468649685594176,0.05,True,False,0.0,True,7995,79110
15,2,0.3,0.0,uniform,0,uniform,1.0,guarded,controlled,5,1,18,0.005432392760852389,0.020039500296115877,0.10917484764748506,0.003468649685594176,0.05,False,True,0.005594970285892488,True,8625,83505
15,2,0.3,0.0,uniform,0,uniform,1.0,guarded,controlled,5,1,19,0.008268272129903026,0.014444530010223389,0.06937299371188332,0.003468649685594176,0.05,True,False,0.0,True,8965,87900
16,2,0.3,0.0,uniform,0,uniform,0.0,fixed,controlled,5,1,0,0.007288051426394576,0.019218369200825692,1.0845540430390166,0.0,0.0,False,False,,True,350,6560
16,2,0.3,0.0,uniform,0,uniform,0.0,adaptive,controlled,5,1,0,0.007288051426394576,0.019218369200825692,1.0845540430390166,0.0,0.0,False,False,,True,350,6560
16,2,0.3,0.0,uniform,0,uniform,0.0,guarded,controlled,5,1,0,0.007288051426394576,0.019218369200825692,1.0845540430390166,0.0,0.0,False,False,,True,350,6560
16,2,0.3,0.0,uniform,0,uniform,0.5,fixed,controlled,5,1,0,0.007288051426394576,0.019218369200825692,1.0845540430390166,0.5422770215195083,0.5,True,False,,True,350,6560
16,2,0.3,0.0,uniform,0,uniform,0.5,fixed,controlled,5,1,1,0.009760125948504254,0.018226732686161994,0.5037243724754891,0.25186218623774453,0.5,True,False,-0.0009916365146636977,True,950,13120
16,2,0.3,0.0,uniform,0,uniform,0.5,fixed,controlled,5,1,2,0.010031291406974674,0.02069125510752201,0.3251772399927205,0.16258861999636043,0.5,True,False,0.0024645224213600166,True,1660,19680
16,2,0.3,0.0,uniform,0,uniform,0.5,fixed,controlled,5,1,3,0.021287760919342508,0.024987029656767846,0.21927217224638684,0.1096360861231934,0.5,True,False,0.004295774549245835,True,1975,26240
16,2,0.3,0.0,uniform,0,uniform,0.5,fixed,controlled,5,1,4,0.02352504149298351,0.038560180086642505,0.1584150022783698,0.0792075011391849,0.5,True,False,0.01357315042987466,True,2560,32800
16,2,0.3,0.0,uniform,0,uniform,0.5,fixed,controlled,5,1,5,0.024896979696821475,0.042674524057656524,0.11186911344632437,0.05593455672316216,0.5,True,False,0.004114343971014019,True,3125,39360
16,2,0.3,0.0,uniform,0,uniform,0.5,fixed,controlled,5,1,6,0.026328879795300075,0.058070574421435595,0.27251342654860694,0.13625671327430353,0.5,True,False,0.01539605036377907,True,3635,45920
16,2,0.3,0.0,uniform,0,uniform,0.5,fixed,controlled,5,1,7,0.0274788841665341,0.0625781980343163,0.2604481512369987,0.13022407561849936,0.5,True,False,0.004507623612880707,True,4390,52480
16,2,0.3,0.0,uniform,0,uniform,0.5,fixed,controlled,5,1,8,0.027868814377681517,0.06390049802139401,0.17757978821863593,0.08878989410931797,0.5,True,False,0.0013222999870777102,True,4840,59040
16,2,0.3,0.0,uniform,0,uniform,0.5,fixed,controlled,5,1,9,0.027669599352787344,0.06321636186912656,0.06351193880472382,0.03175596940236198,0.5,True,False,-0.0006841361522674505,True,5485,65600
16,2,0.3,0.0,uniform,0,uniform,0.5,fixed,controlled,5,1,10,0.0278393137789692,0.06378745110705494,0.052735000569626225,0.026367500284812963,0.5,True,False,0.0005710892379283822,True,5980,72160
16,2,0.3,0.0,uniform,0,uniform,0.5,fixed,controlled,5,1,11,0.02794255442497473,0.06412263261154294,0.039261028113175646,0.01963051405658776,0.5,True,False,0.0003351815044879969,True,6510,78720
16,2,0.3,0.0,uniform,0,uniform,0.5,fixed,controlled,5,1,12,0.02802133639240001,0.06435456993058324,0.028818995927554193,0.014409497963777137,0.5,True,False,0.00023193731904029569,True,7120,85280
16,2,0.3,0.0,uniform,0,uniform,0.5,fixed,controlled,5,1,13,0.02806510064748835,0.06447313698008657,0.019193929814940676,0.009596964907470345,0.5,True,False,0.00011856704950333197,True,7750,91840
16,2,0.3,0.0,uniform,0,uniform,0.5,fixed,controlled,5,1,14,0.028057151542959957,0.06446792231872678,0.009385278545848957,0.004692639272924471,0.5,True,False,-5.214661359789763e-06,True,8460,98400
16,2,0.3,0.0,uniform,0,uniform,0.5,fixed,controlled,5,1,15,0.028080500833850053,0.06451889397576452,0.006766836009074099,0.0033834180045370817,0.5,True,False,5.0971657037740536e-05,True,9165,104960
16,2,0.3,0.0,uniform,0,uniform,0.5,fixed,controlled,5,1,16,0.0280853514554682,0.06456814082339406,0.005398124447449271,0.0026990622237246286,0.5,True,False,4.924684762953879e-05,True,9815,111520
16,2,0.3,0.0,uniform,0,uniform,0.5,fixed,controlled,5,1,17,0.02810869894478074,0.0646429774351418,0.0057809710916215855,0.002890485545810886,0.5,True,False,7.483661174774447e-05,True,10470,118080
16,2,0.3,0.0,uniform,0,uniform,0.5,fixed,controlled,5,1,18,0.028111122720314796,0.06460757674649358,0.0014295515340833889,0.0007147757670415093,0.5,True,False,-3.540068864822665e-05,True,11080,124640
16,2,0.3,0.0,uniform,0,uniform,0.5,fixed,controlled,5,1,19,0.0281233988683951,0.06465893210843206,0.002835945353802498,0.001417972676901305,0.5,True,False,5.1355361938482114e-05,True,11715,131200
16,2,0.3,0.0,uniform,0,uniform,0.5,adaptive,controlled,5,1,0,0.007288051426394576,0.019218369200825692,1.0845540430390166,0.5422770215195083,0.5,True,False,,True,350,6560
16,2,0.3,0.0,uniform,0,uniform,0.5,adaptive,controlled,5,1,1,0.009760125948504254,0.018226732686161994,0.5037243724754891,0.25186218623774453,0.5,True,False,-0.0009916365146636977,True,950,13120
16,2,0.3,0.0,uniform,0,uniform,0.5,adaptive,controlled,5,1,2,0.010031291406974674,0.02069125510752201,0.3251772399927205,0.16258861999636043,0.5,True,False,0.0024645224213600166,True,1660,19680
16,2,0.3,0.0,uniform,0,uniform,0.5,adaptive,controlled,5,1,3,0.021287760919342508,0.024987029656767846,0.21927217224638684,0.1096360861231934,0.5,True,False,0.004295774549245835,True,1975,26240
16,2,0.3,0.0,uniform,0,uniform,0.5,adaptive,controlled,5,1,4,0.02352504149298351,0.038560180086642505,0.1584150022783698,0.0792075011391849,0.5,True,False,0.01357315042987466,True,2560,32800
16,2,0.3,0.0,uniform,0,uniform,0.5,adaptive,controlled,5,1,5,0.024896979696821475,0.042674524057656524,0.11186911344632437,0.05593455672316216,0.5,True,False,0.004114343971014019,True,3125,39360
16,2,0.3,0.0,uniform,0,uniform,0.5,adaptive,controlled,5,1,6,0.026328879795300075,0.058070574421435595,0.27251342654860694,0.06812835663715171,0.25,True,False,0.01539605036377907,True,3635,45920
16,2,0.3,0.0,uniform,0,uniform,0.5,adaptive,controlled,5,1,7,0.02810192123105537,0.06458891453221441,0.4032299878552313,0.05040374848190393,0.125,True,False,0.006518340110778814,True,4205,52480
16,2,0.3,0.0,uniform,0,uniform,0.5,adaptive,controlled,5,1,8,0.026114966641710424,0.0571378436870873,0.13361848347236807,0.016702310434046005,0.125,True,False,-0.007451070845127111,True,4645,59040
16,2,0.3,0.0,uniform,0,uniform,0.5,adaptive,controlled,5,1,9,0.026187259698151166,0.057470586616545916,0.12401195986881844,0.01550149498360239,0.125,True,False,0.00033274292945861816,True,5230,65600
16,2,0.3,0.0,uniform,0,uniform,0.5,adaptive,controlled,5,1,10,0.027345375436283348,0.06211784826591611,0.23086709710413275,0.014429193569008306,0.0625,True,False,0.004647261649370196,True,6285,72160
16,2,0.3,0.0,uniform,0,uniform,0.5,adaptive,controlled,5,1,11,0.02746929155812694,0.06253473730757833,0.23008545816591308,0.014380341135369578,0.0625,True,False,0.00041688904166221896,True,6930,78720
16,2,0.3,0.0,uniform,0,uniform,0.5,adaptive,controlled,5,1,12,0.027496706236630253,0.06263288157060742,0.21899793601322481,0.013687371000826596,0.0625,True,False,9.814426302909296e-05,True,7550,85280
16,2,0.3,0.0,uniform,0,uniform,0.5,adaptive,controlled,5,1,13,0.02757461907527592,0.06288230838254094,0.21382119744374678,0.013363824840234129,0.0625,True,False,0.00024942681193351746,True,8080,91840
16,2,0.3,0.0,uniform,0,uniform,0.5,adaptive,controlled,5,1,14,0.027605920669874884,0.06300039561465383,0.2045593941296161,0.012784962133100956,0.0625,True,False,0.0001180872321128873,True,8625,98400
16,2,0.3,0.0,uniform,0,uniform,0.5,adaptive,controlled,5,1,15,0.027649248342676458,0.0631437730975449,0.19681943811752317,0.012301214882345179,0.0625,True,False,0.00014337748289107444,True,9130,104960
16,2,0.3,0.0,uniform,0,uniform,0.5,adaptive,controlled,5,1,16,0.02768286097529682,0.0632616532035172,0.18872002127563636,0.011795001329727323,0.0625,True,False,0.00011788010597230114,True,9715,111520
16,2,0.3,0.0,uniform,0,uniform,0.5,adaptive,controlled,5,1,17,0.027750490934306704,0.06349025638774038,0.18521572390446098,0.011575982744028705,0.0625,True,False,0.00022860318422317227,True,10370,118080
16,2,0.3,0.0,uniform,0,uniform,0.5,adaptive,controlled,5,1,18,0.027784308317148287,0.06359834047034382,0.17762644814993933,0.011101653009371312,0.0625,True,False,0.00010808408260344626,True,10945,124640
16,2,0.3,0.0,uniform,0,uniform,0.5,adaptive,controlled,5,1,19,0.02783750596569501,0.06371336551383137,0.1708157453741771,0.01067598408588592,0.0625,True,False,0.0001150250434875516,True,11550,131200
16,2,0.3,0.0,uniform,0,uniform,0.5,guarded,controlled,5,1,0,0.007288051426394576,0.019218369200825692,1.0845540430390166,0.5422770215195083,0.5,True,False,,True,350,6560
16,2,0.3,0.0,uniform,0,uniform,0.5,guarded,controlled,5,1,1,0.009760125948504254,0.018226732686161994,0.5037243724754891,0.25186218623774453,0.5,True,False,-0.0009916365146636977,True,950,13120
16,2,0.3,0.0,uniform,0,uniform,0.5,guarded,controlled,5,1,2,0.010031291406974674,0.02069125510752201,0.3251772399927205,0.25186218623774453,0.25,False,True,0.0024645224213600166,True,1660,19680
16,2,0.3,0.0,uniform,0,uniform,0.5,guarded,controlled,5,1,3,0.009760125948504254,0.018226732686161994,0.5037243724754891,0.12593109311887218,0.25,True,False,0.0,True,2260,26240
16,2,0.3,0.0,uniform,0,uniform,0.5,guarded,controlled,5,1,4,0.012142984919985833,0.016539717838168145,0.31814449206576667,0.07953612301644175,0.25,True,False,-0.0016870148479938493,True,3175,32800
16,2,0.3,0.0,uniform,0,uniform,0.5,guarded,controlled,5,1,5,0.017341996385717096,0.0247237678617239,0.4282557623451778,0.07953612301644175,0.125,False,True,0.008184050023555756,True,3790,39360
16,2,0.3,0.0,uniform,0,uniform,0.5,guarded,controlled,5,1,6,0.012142984919985833,0.016539717838168145,0.31814449206576667,0.03976806150822092,0.125,True,False,0.0,True,4705,45920
16,2,0.3,0.0,uniform,0,uniform,0.5,guarded,controlled,5,1,7,0.013769758053197245,0.0164950642734766,0.2768898660898042,0.03461123326122546,0.125,True,False,-4.465356469154566e-05,True,5670,52480
16,2,0.3,0.0,uniform,0,uniform,0.5,guarded,controlled,5,1,8,0.013739823443137789,0.017154568061232566,0.2647002125829217,0.03461123326122546,0.0625,False,True,0.0006595037877559669,True,6560,59040
16,2,0.3,0.0,uniform,0,uniform,0.5,guarded,controlled,5,1,9,0.013769758053197245,0.0164950642734766,0.2768898660898042,0.017305616630612725,0.0625,True,False,0.0,True,7525,65600
16,2,0.3,0.0,uniform,0,uniform,0.5,guarded,controlled,5,1,10,0.013813342986749688,0.01771349795162678,0.3018231018850392,0.017305616630612725,0.05,False,True,0.0012184336781501798,True,8160,72160
16,2,0.3,0.0,uniform,0,uniform,0.5,guarded,controlled,5,1,11,0.013769758053197245,0.0164950642734766,0.2768898660898042,0.013844493304490224,0.05,True,False,0.0,True,9125,78720
16,2,0.3,0.0,uniform,0,uniform,0.5,guarded,controlled,5,1,12,0.013801685583368917,0.01767668090760708,0.303954890587009,0.013844493304490224,0.05,False,True,0.0011816166341304807,True,10045,85280
16,2,0.3,0.0,uniform,0,uniform,0.5,guarded,controlled,5,1,13,0.013769758053197245,0.0164950642734766,0.2768898660898042,0.013844493304490224,0.05,True,False,0.0,True,11010,91840
16,2,0.3,0.0,uniform,0,uniform,0.5,guarded,controlled,5,1,14,0.013801685583368917,0.01767668090760708,0.303954890587009,0.013844493304490224,0.05,False,True,0.0011816166341304807,True,11930,98400
16,2,0.3,0.0,uniform,0,uniform,0.5,guarded,controlled,5,1,15,0.013769758053197245,0.0164950642734766,0.2768898660898042,0.013844493304490224,0.05,True,False,0.0,True,12895,104960
16,2,0.3,0.0,uniform,0,uniform,0.5,guarded,controlled,5,1,16,0.013801685583368917,0.01767668090760708,0.303954890587009,0.013844493304490224,0.05,False,True,0.0011816166341304807,True,13815,111520
16,2,0.3,0.0,uniform,0,uniform,0.5,guarded,controlled,5,1,17,0.013769758053197245,0.0164950642734766,0.2768898660898042,0.013844493304490224,0.05,True,False,0.0,True,14780,118080
16,2,0.3,0.0,uniform,0,uniform,0.5,guarded,controlled,5,1,18,0.013801685583368917,0.01767668090760708,0.303954890587009,0.013844493304490224,0.05,False,True,0.0011816166341304807,True,15700,124640
16,2,0.3,0.0,uniform,0,uniform,0.5,guarded,controlled,5,1,19,0.013769758053197245,0.0164950642734766,0.2768898660898042,0.013844493304490224,0.05,True,False,0.0,True,16665,131200
16,2,0.3,0.0,uniform,0,uniform,1.0,fixed,controlled,5,1,0,0.007288051426394576,0.019218369200825692,1.0845540430390166,1.0845540430390166,1.0,True,False,,True,350,6560
16,2,0.3,0.0,uniform,0,uniform,1.0,fixed,controlled,5,1,1,0.023454567624233036,0.03804113538935781,0.1499219421851568,0.1499219421851568,1.0,True,False,0.018822766188532115,True,1025,13120
16,2,0.3,0.0,uniform,0,uniform,1.0,fixed,controlled,5,1,2,0.028768022335098564,0.06641125874593853,0.5347616501167916,0.5347616501167916,1.0,True,False,0.028370123356580727,True,1730,19680
16,2,0.3,0.0,uniform,0,uniform,1.0,fixed,controlled,5,1,3,0.028278817061902828,0.06514331670477987,0.05949228460825949,0.05949228460825949,1.0,True,False,-0.0012679420411586678,True,2250,26240
16,2,0.3,0.0,uniform,0,uniform,1.0,fixed,controlled,5,1,4,0.02816809751405902,0.064819644857198,0.01388182619923448,0.01388182619923448,1.0,True,False,-0.0003236718475818634,True,2795,32800
16,2,0.3,0.0,uniform,0,uniform,1.0,fixed,controlled,5,1,5,0.02815378398532431,0.06473018499091268,0.0037516414059191342,0.0037516414059191342,1.0,True,False,-8.945986628532132e-05,True,3595,39360
16,2,0.3,0.0,uniform,0,uniform,1.0,fixed,controlled,5,1,6,0.02811521434230002,0.06465315939858556,0.0032014154209393103,0.0032014154209393103,1.0,True,False,-7.702559232712625e-05,True,4235,45920
16,2,0.3,0.0,uniform,0,uniform,1.0,fixed,controlled,5,1,7,0.028118977872954254,0.0646343600936234,0.0007773534679821059,0.0007773534679821059,1.0,True,False,-1.8799304962152652e-05,True,5010,52480
16,2,0.3,0.0,uniform,0,uniform,1.0,adaptive,controlled,5,1,0,0.007288051426394576,0.019218369200825692,1.0845540430390166,1.0845540430390166,1.0,True,False,,True,350,6560
16,2,0.3,0.0,uniform,0,uniform,1.0,adaptive,controlled,5,1,1,0.023454567624233036,0.03804113538935781,0.1499219421851568,0.1499219421851568,1.0,True,False,0.018822766188532115,True,1025,13120
16,2,0.3,0.0,uniform,0,uniform,1.0,adaptive,controlled,5,1,2,0.028768022335098564,0.06641125874593853,0.5347616501167916,0.2673808250583958,0.5,True,False,0.028370123356580727,True,1730,19680
16,2,0.3,0.0,uniform,0,uniform,1.0,adaptive,controlled,5,1,3,0.027861904190507936,0.06386345447972416,0.15569161449182634,0.07784580724591317,0.5,True,False,-0.0025478042662143707,True,2270,26240
16,2,0.3,0.0,uniform,0,uniform,1.0,adaptive,controlled,5,1,4,0.027930512385111683,0.0640853245742619,0.08639725263656507,0.043198626318282585,0.5,True,False,0.00022187009453773776,True,2855,32800
16,2,0.3,0.0,uniform,0,uniform,1.0,adaptive,controlled,5,1,5,0.027990231881190653,0.06427510799840093,0.05067129124484826,0.02533564562242413,0.5,True,False,0.00018978342413902838,True,3470,39360
16,2,0.3,0.0,uniform,0,uniform,1.0,adaptive,controlled,5,1,6,0.028034201794524982,0.06441050739958883,0.03075852958935571,0.01537926479467791,0.5,True,False,0.00013539940118789673,True,4220,45920
16,2,0.3,0.0,uniform,0,uniform,1.0,adaptive,controlled,5,1,7,0.028037200770762993,0.06442176597192883,0.015833677264211865,0.007916838632105877,0.5,True,False,1.1258572340008821e-05,True,5065,52480
16,2,0.3,0.0,uniform,0,uniform,1.0,adaptive,controlled,5,1,8,0.02808886336234906,0.06449949191883206,0.011068786693134297,0.005534393346567204,0.5,True,False,7.772594690322321e-05,True,5900,59040
16,2,0.3,0.0,uniform,0,uniform,1.0,adaptive,controlled,5,1,9,0.028074622433371665,0.06453989120200276,0.007182960297054813,0.003591480148527351,0.5,True,False,4.0399283170705624e-05,True,6725,65600
16,2,0.3,0.0,uniform,0,uniform,1.0,adaptive,controlled,5,1,10,0.028083612646744527,0.06456698225811124,0.004700954316007713,0.0023504771580038497,0.5,True,False,2.7091056108471956e-05,True,7440,72160
16,2,0.3,0.0,uniform,0,uniform,1.0,adaptive,controlled,5,1,11,0.028104293780051748,0.06459278957918287,0.0034103597094216204,0.0017051798547107477,0.5,True,False,2.5807321071630307e-05,True,8000,78720
16,2,0.3,0.0,uniform,0,uniform,1.0,adaptive,controlled,5,1,12,0.028104064165908937,0.06460712226107716,0.002295070837445373,0.0011475354187226866,0.5,True,False,1.4332681894296817e-05,True,8610,85280
16,2,0.3,0.0,uniform,0,uniform,1.0,adaptive,controlled,5,1,13,0.028138905459186958,0.06466150404885411,0.0033939625276224045,0.0008484906319056601,0.25,True,False,5.438178777694702e-05,True,9245,91840
16,2,0.3,0.0,uniform,0,uniform,1.0,adaptive,controlled,5,1,14,0.028112255916630247,0.06461899625137449,0.0007884272857053287,0.00019710682142635993,0.25,True,False,-4.250779747962119e-05,True,9920,98400
16,2,0.3,0.0,uniform,0,uniform,1.0,guarded,controlled,5,1,0,0.007288051426394576,0.019218369200825692,1.0845540430390166,1.0845540430390166,1.0,True,False,,True,350,6560
16,2,0.3,0.0,uniform,0,uniform,1.0,guarded,controlled,5,1,1,0.023454567624233036,0.03804113538935781,0.1499219421851568,1.0845540430390166,0.5,False,True,0.018822766188532115,True,1025,13120
16,2,0.3,0.0,uniform,0,uniform,1.0,guarded,controlled,5,1,2,0.007288051426394576,0.019218369200825692,1.0845540430390166,0.5422770215195083,0.5,True,False,0.0,True,1375,19680
16,2,0.3,0.0,uniform,0,uniform,1.0,guarded,controlled,5,1,3,0.009760125948504254,0.018226732686161994,0.5037243724754891,0.25186218623774453,0.5,True,False,-0.0009916365146636977,True,1975,26240
16,2,0.3,0.0,uniform,0,uniform,1.0,guarded,controlled,5,1,4,0.010031291406974674,0.02069125510752201,0.3251772399927205,0.25186218623774453,0.25,False,True,0.0024645224213600166,True,2685,32800
16,2,0.3,0.0,uniform,0,uniform,1.0,guarded,controlled,5,1,5,0.009760125948504254,0.018226732686161994,0.5037243724754891,0.12593109311887218,0.25,True,False,0.0,True,3285,39360
16,2,0.3,0.0,uniform,0,uniform,1.0,guarded,controlled,5,1,6,0.012142984919985833,0.016539717838168145,0.31814449206576667,0.07953612301644175,0.25,True,False,-0.0016870148479938493,True,4200,45920
16,2,0.3,0.0,uniform,0,uniform,1.0,guarded,controlled,5,1,7,0.017341996385717096,0.0247237678617239,0.4282557623451778,0.07953612301644175,0.125,False,True,0.008184050023555756,True,4815,52480
16,2,0.3,0.0,uniform,0,uniform,1.0,guarded,controlled,5,1,8,0.012142984919985833,0.016539717838168145,0.31814449206576667,0.03976806150822092,0.125,True,False,0.0,True,5730,59040
16,2,0.3,0.0,uniform,0,uniform,1.0,guarded,controlled,5,1,9,0.013769758053197245,0.0164950642734766,0.2768898660898042,0.03461123326122546,0.125,True,False,-4.465356469154566e-05,True,6695,65600
16,2,0.3,0.0,uniform,0,uniform,1.0,guarded,controlled,5,1,10,0.013739823443137789,0.017154568061232566,0.2647002125829217,0.03461123326122546,0.0625,False,True,0.0006595037877559669,True,7585,72160
16,2,0.3,0.0,uniform,0,uniform,1.0,guarded,controlled,5,1,11,0.013769758053197245,0.0164950642734766,0.2768898660898042,0.017305616630612725,0.0625,True,False,0.0,True,8550,78720
16,2,0.3,0.0,uniform,0,uniform,1.0,guarded,controlled,5,1,12,0.013813342986749688,0.01771349795162678,0.3018231018850392,0.017305616630612725,0.05,False,True,0.0012184336781501798,True,9185,85280
16,2,0.3,0.0,uniform,0,uniform,1.0,guarded,controlled,5,1,13,0.013769758053197245,0.0164950642734766,0.2768898660898042,0.013844493304490224,0.05,True,False,0.0,True,10150,91840
16,2,0.3,0.0,uniform,0,uniform,1.0,guarded,controlled,5,1,14,0.013801685583368917,0.01767668090760708,0.303954890587009,0.013844493304490224,0.05,False,True,0.0011816166341304807,True,11070,98400
16,2,0.3,0.0,uniform,0,uniform,1.0,guarded,controlled,5,1,15,0.013769758053197245,0.0164950642734766,0.2768898660898042,0.013844493304490224,0.05,True,False,0.0,True,12035,104960
16,2,0.3,0.0,uniform,0,uniform,1.0,guarded,controlled,5,1,16,0.013801685583368917,0.01767668090760708,0.303954890587009,0.013844493304490224,0.05,False,True,0.0011816166341304807,True,12955,111520
16,2,0.3,0.0,uniform,0,uniform,1.0,guarded,controlled,5,1,17,0.013769758053197245,0.0164950642734766,0.2768898660898042,0.013844493304490224,0.05,True,False,0.0,True,13920,118080
16,2,0.3,0.0,uniform,0,uniform,1.0,guarded,controlled,5,1,18,0.013801685583368917,0.01767668090760708,0.303954890587009,0.013844493304490224,0.05,False,True,0.0011816166341304807,True,14840,124640
16,2,0.3,0.0,uniform,0,uniform,1.0,guarded,controlled,5,1,19,0.013769758053197245,0.0164950642734766,0.2768898660898042,0.013844493304490224,0.05,True,False,0.0,True,15805,131200
17,2,0.3,0.0,uniform,0,uniform,0.0,fixed,controlled,5,1,0,0.028413648511287803,0.03533559888601303,0.7840000000000001,0.0,0.0,False,False,,True,485,4410
17,2,0.3,0.0,uniform,0,uniform,0.0,adaptive,controlled,5,1,0,0.028413648511287803,0.03533559888601303,0.7840000000000001,0.0,0.0,False,False,,True,485,4410
17,2,0.3,0.0,uniform,0,uniform,0.0,guarded,controlled,5,1,0,0.028413648511287803,0.03533559888601303,0.7840000000000001,0.0,0.0,False,False,,True,485,4410
17,2,0.3,0.0,uniform,0,uniform,0.5,fixed,controlled,5,1,0,0.028413648511287803,0.03533559888601303,0.7840000000000001,0.392,0.5,True,False,,True,485,4410
17,2,0.3,0.0,uniform,0,uniform,0.5,fixed,controlled,5,1,1,0.04010939851084672,0.03748429119586945,0.39199999999999985,0.19599999999999992,0.5,True,False,0.002148692309856419,True,1425,8820
17,2,0.3,0.0,uniform,0,uniform,0.5,fixed,controlled,5,1,2,0.0330923816379034,0.0462857261300087,0.19600000000000004,0.09800000000000007,0.5,True,False,0.008801434934139249,True,1925,13230
17,2,0.3,0.0,uniform,0,uniform,0.5,fixed,controlled,5,1,3,0.0387179855534967,0.03587430715560913,0.09799999999999995,0.048999999999999974,0.5,True,False,-0.010411418974399567,True,2340,17640
17,2,0.3,0.0,uniform,0,uniform,0.5,fixed,controlled,5,1,4,0.03645459077063151,0.04247700721025467,0.04900000000000005,0.02450000000000001,0.5,True,False,0.006602700054645541,True,2605,22050
17,2,0.3,0.0,uniform,0,uniform,0.5,fixed,controlled,5,1,5,0.03320640115840767,0.045267583429813386,0.026836617295769683,0.013418308647884881,0.5,True,False,0.0027905762195587144,True,2990,26460
17,2,0.3,0.0,uniform,0,uniform,0.5,fixed,controlled,5,1,6,0.03423951285394544,0.044340549409389494,0.012430033869327794,0.006215016934663897,0.5,True,False,-0.0009270340204238919,True,3700,30870
17,2,0.3,0.0,uniform,0,uniform,0.5,fixed,controlled,5,1,7,0.034728276226827504,0.04388394504785538,0.006124999999999912,0.003062499999999956,0.5,True,False,-0.0004566043615341145,True,4445,35280
17,2,0.3,0.0,uniform,0,uniform,0.5,fixed,controlled,5,1,8,0.034744579376774,0.04386328309774399,0.003062500000000067,0.001531249999999991,0.5,True,False,-2.0661950111390548e-05,True,5450,39690
17,2,0.3,0.0,uniform,0,uniform,0.5,fixed,controlled,5,1,9,0.034574337061329175,0.04403161108493805,0.0015998380873924016,0.000799919043696173,0.5,True,False,0.0001683279871940585,True,6280,44100
17,2,0.3,0.0,uniform,0,uniform,0.5,fixed,controlled,5,1,10,0.034486705222903424,0.04410387426614761,0.00087632397872584,0.00043816198936297464,0.5,True,False,7.226318120956421e-05,True,6870,48510
17,2,0.3,0.0,uniform,0,uniform,0.5,adaptive,controlled,5,1,0,0.028413648511287803,0.03533559888601303,0.7840000000000001,0.392,0.5,True,False,,True,485,4410
17,2,0.3,0.0,uniform,0,uniform,0.5,adaptive,controlled,5,1,1,0.04010939851084672,0.03748429119586945,0.39199999999999985,0.19599999999999992,0.5,True,False,0.002148692309856419,True,1425,8820
17,2,0.3,0.0,uniform,0,uniform,0.5,adaptive,controlled,5,1,2,0.0330923816379034,0.0462857261300087,0.19600000000000004,0.09800000000000007,0.5,True,False,0.008801434934139249,True,1925,13230
17,2,0.3,0.0,uniform,0,uniform,0.5,adaptive,controlled,5,1,3,0.0387179855534967,0.03587430715560913,0.09799999999999995,0.048999999999999974,0.5,True,False,-0.010411418974399567,True,2340,17640
17,2,0.3,0.0,uniform,0,uniform,0.5,adaptive,controlled,5,1,4,0.03645459077063151,0.04247700721025467,0.04900000000000005,0.02450000000000001,0.5,True,False,0.006602700054645541,True,2605,22050
17,2,0.3,0.0,uniform,0,uniform,0.5,adaptive,controlled,5,1,5,0.03320640115840767,0.045267583429813386,0.026836617295769683,0.013418308647884881,0.5,True,False,0.0027905762195587144,True,2990,26460
17,2,0.3,0.0,uniform,0,uniform,0.5,adaptive,controlled,5,1,6,0.03423951285394544,0.044340549409389494,0.012430033869327794,0.006215016934663897,0.5,True,False,-0.0009270340204238919,True,3700,30870
17,2,0.3,0.0,uniform,0,uniform,0.5,adaptive,controlled,5,1,7,0.034728276226827504,0.04388394504785538,0.006124999999999912,0.003062499999999956,0.5,True,False,-0.0004566043615341145,True,4445,35280
17,2,0.3,0.0,uniform,0,uniform,0.5,adaptive,controlled,5,1,8,0.034744579376774,0.04386328309774399,0.003062500000000067,0.001531249999999991,0.5,True,False,-2.0661950111390548e-05,True,5450,39690
17,2,0.3,0.0,uniform,0,uniform,0.5,adaptive,controlled,5,1,9,0.034574337061329175,0.04403161108493805,0.0015998380873924016,0.000799919043696173,0.5,True,False,0.0001683279871940585,True,6280,44100
17,2,0.3,0.0,uniform,0,uniform,0.5,adaptive,controlled,5,1,10,0.034486705222903424,0.04410387426614761,0.00087632397872584,0.00043816198936297464,0.5,True,False,7.226318120956421e-05,True,6870,48510
17,2,0.3,0.0,uniform,0,uniform,0.5,guarded,controlled,5,1,0,0.028413648511287803,0.03533559888601303,0.7840000000000001,0.392,0.5,True,False,,True,485,4410
17,2,0.3,0.0,uniform,0,uniform,0.5,guarded,controlled,5,1,1,0.04010939851084672,0.03748429119586945,0.39199999999999985,0.392,0.25,False,True,0.002148692309856419,True,1425,8820
17,2,0.3,0.0,uniform,0,uniform,0.5,guarded,controlled,5,1,2,0.028413648511287803,0.03533559888601303,0.7840000000000001,0.19600000000000004,0.25,True,False,0.0,True,1910,13230
17,2,0.3,0.0,uniform,0,uniform,0.5,guarded,controlled,5,1,3,0.04026456551798674,0.03605010360479355,0.588,0.19600000000000004,0.125,False,True,0.000714504718780519,True,2525,17640
17,2,0.3,0.0,uniform,0,uniform,0.5,guarded,controlled,5,1,4,0.028413648511287803,0.03533559888601303,0.7840000000000001,0.098,0.125,True,False,0.0,True,3010,22050
17,2,0.3,0.0,uniform,0,uniform,0.5,guarded,controlled,5,1,5,0.02956694904281143,0.03540007919073105,0.6859999999999999,0.08575000000000002,0.125,True,False,6.448030471802035e-05,True,3535,26460
17,2,0.3,0.0,uniform,0,uniform,0.5,guarded,controlled,5,1,6,0.03115962213029988,0.03549205362796783,0.6002500000000001,0.07503124999999988,0.125,True,False,9.197443723678311e-05,True,4145,30870
17,2,0.3,0.0,uniform,0,uniform,0.5,guarded,controlled,5,1,7,0.037210343949725555,0.035702161490917206,0.5252187500000001,0.07503124999999988,0.0625,False,True,0.00021010786294937273,True,4775,35280
17,2,0.3,0.0,uniform,0,uniform,0.5,guarded,controlled,5,1,8,0.03115962213029988,0.03549205362796783,0.6002500000000001,0.037515624999999914,0.0625,True,False,0.0,True,5385,39690
17,2,0.3,0.0,uniform,0,uniform,0.5,guarded,controlled,5,1,9,0.03647536246340266,0.03567499369382858,0.5627343750000001,0.037515624999999914,0.05,False,True,0.0001829400658607469,True,6040,44100
17,2,0.3,0.0,uniform,0,uniform,0.5,guarded,controlled,5,1,10,0.03115962213029988,0.03549205362796783,0.6002500000000001,0.030012499999999942,0.05,True,False,0.0,True,6650,48510
17,2,0.3,0.0,uniform,0,uniform,0.5,guarded,controlled,5,1,11,0.036294814608620385,0.03566684126853943,0.5702375000000001,0.030012499999999942,0.05,False,True,0.0001747876405715984,True,7375,52920
17,2,0.3,0.0,uniform,0,uniform,0.5,guarded,controlled,5,1,12,0.03115962213029988,0.03549205362796783,0.6002500000000001,0.030012499999999942,0.05,True,False,0.0,True,7985,57330
17,2,0.3,0.0,uniform,0,uniform,0.5,guarded,controlled,5,1,13,0.036294814608620385,0.03566684126853943,0.5702375000000001,0.030012499999999942,0.05,False,True,0.0001747876405715984,True,8710,61740
17,2,0.3,0.0,uniform,0,uniform,0.5,guarded,controlled,5,1,14,0.03115962213029988,0.03549205362796783,0.6002500000000001,0.030012499999999942,0.05,True,False,0.0,True,9320,66150
17,2,0.3,0.0,uniform,0,uniform,0.5,guarded,controlled,5,1,15,0.036294814608620385,0.03566684126853943,0.5702375000000001,0.030012499999999942,0.05,False,True,0.0001747876405715984,True,10045,70560
17,2,0.3,0.0,uniform,0,uniform,0.5,guarded,controlled,5,1,16,0.03115962213029988,0.03549205362796783,0.6002500000000001,0.030012499999999942,0.05,True,False,0.0,True,10655,74970
17,2,0.3,0.0,uniform,0,uniform,0.5,guarded,controlled,5,1,17,0.036294814608620385,0.03566684126853943,0.5702375000000001,0.030012499999999942,0.05,False,True,0.0001747876405715984,True,11380,79380
17,2,0.3,0.0,uniform,0,uniform,0.5,guarded,controlled,5,1,18,0.03115962213029988,0.03549205362796783,0.6002500000000001,0.030012499999999942,0.05,True,False,0.0,True,11990,83790
17,2,0.3,0.0,uniform,0,uniform,0.5,guarded,controlled,5,1,19,0.036294814608620385,0.03566684126853943,0.5702375000000001,0.030012499999999942,0.05,False,True,0.0001747876405715984,True,12715,88200
17,2,0.3,0.0,uniform,0,uniform,1.0,fixed,controlled,5,1,0,0.028413648511287803,0.03533559888601303,0.7840000000000001,0.7840000000000001,1.0,True,False,,True,485,4410
17,2,0.3,0.0,uniform,0,uniform,1.0,fixed,controlled,5,1,1,0.03469833481245743,0.043910013139247896,0.008637190262781924,0.008637190262781924,1.0,True,False,0.008574414253234866,True,1220,8820
17,2,0.3,0.0,uniform,0,uniform,1.0,fixed,controlled,5,1,2,0.034452129434004775,0.04414579570293427,0.0002491857466286329,0.0002491857466286329,1.0,True,False,0.00023578256368637224,True,1775,13230
17,2,0.3,0.0,uniform,0,uniform,1.0,adaptive,controlled,5,1,0,0.028413648511287803,0.03533559888601303,0.7840000000000001,0.7840000000000001,1.0,True,False,,True,485,4410
17,2,0.3,0.0,uniform,0,uniform,1.0,adaptive,controlled,5,1,1,0.03469833481245743,0.043910013139247896,0.008637190262781924,0.008637190262781924,1.0,True,False,0.008574414253234866,True,1220,8820
17,2,0.3,0.0,uniform,0,uniform,1.0,adaptive,controlled,5,1,2,0.034452129434004775,0.04414579570293427,0.0002491857466286329,0.0002491857466286329,1.0,True,False,0.00023578256368637224,True,1775,13230
17,2,0.3,0.0,uniform,0,uniform,1.0,guarded,controlled,5,1,0,0.028413648511287803,0.03533559888601303,0.7840000000000001,0.7840000000000001,1.0,True,False,,True,485,4410
17,2,0.3,0.0,uniform,0,uniform,1.0,guarded,controlled,5,1,1,0.03469833481245743,0.043910013139247896,0.008637190262781924,0.7840000000000001,0.5,False,True,0.008574414253234866,True,1220,8820
17,2,0.3,0.0,uniform,0,uniform,1.0,guarded,controlled,5,1,2,0.028413648511287803,0.03533559888601303,0.7840000000000001,0.392,0.5,True,False,0.0,True,1705,13230
17,2,0.3,0.0,uniform,0,uniform,1.0,guarded,controlled,5,1,3,0.04010939851084672,0.03748429119586945,0.39199999999999985,0.392,0.25,False,True,0.002148692309856419,True,2645,17640
17,2,0.3,0.0,uniform,0,uniform,1.0,guarded,controlled,5,1,4,0.028413648511287803,0.03533559888601303,0.7840000000000001,0.19600000000000004,0.25,True,False,0.0,True,3130,22050
17,2,0.3,0.0,uniform,0,uniform,1.0,guarded,controlled,5,1,5,0.04026456551798674,0.03605010360479355,0.588,0.19600000000000004,0.125,False,True,0.000714504718780519,True,3745,26460
17,2,0.3,0.0,uniform,0,uniform,1.0,guarded,controlled,5,1,6,0.028413648511287803,0.03533559888601303,0.7840000000000001,0.098,0.125,True,False,0.0,True,4230,30870
17,2,0.3,0.0,uniform,0,uniform,1.0,guarded,controlled,5,1,7,0.02956694904281143,0.03540007919073105,0.6859999999999999,0.08575000000000002,0.125,True,False,6.448030471802035e-05,True,4755,35280
17,2,0.3,0.0,uniform,0,uniform,1.0,guarded,controlled,5,1,8,0.03115962213029988,0.03549205362796783,0.6002500000000001,0.07503124999999988,0.125,True,False,9.197443723678311e-05,True,5365,39690
17,2,0.3,0.0,uniform,0,uniform,1.0,guarded,controlled,5,1,9,0.037210343949725555,0.035702161490917206,0.5252187500000001,0.07503124999999988,0.0625,False,True,0.00021010786294937273,True,5995,44100
17,2,0.3,0.0,uniform,0,uniform,1.0,guarded,controlled,5,1,10,0.03115962213029988,0.03549205362796783,0.6002500000000001,0.037515624999999914,0.0625,True,False,0.0,True,6605,48510
17,2,0.3,0.0,uniform,0,uniform,1.0,guarded,controlled,5,1,11,0.03647536246340266,0.03567499369382858,0.5627343750000001,0.037515624999999914,0.05,False,True,0.0001829400658607469,True,7260,52920
17,2,0.3,0.0,uniform,0,uniform,1.0,guarded,controlled,5,1,12,0.03115962213029988,0.03549205362796783,0.6002500000000001,0.030012499999999942,0.05,True,False,0.0,True,7870,57330
17,2,0.3,0.0,uniform,0,uniform,1.0,guarded,controlled,5,1,13,0.036294814608620385,0.03566684126853943,0.5702375000000001,0.030012499999999942,0.05,False,True,0.0001747876405715984,True,8595,61740
17,2,0.3,0.0,uniform,0,uniform,1.0,guarded,controlled,5,1,14,0.03115962213029988,0.03549205362796783,0.6002500000000001,0.030012499999999942,0.05,True,False,0.0,True,9205,66150
17,2,0.3,0.0,uniform,0,uniform,1.0,guarded,controlled,5,1,15,0.036294814608620385,0.03566684126853943,0.5702375000000001,0.030012499999999942,0.05,False,True,0.0001747876405715984,True,9930,70560
17,2,0.3,0.0,uniform,0,uniform,1.0,guarded,controlled,5,1,16,0.03115962213029988,0.03549205362796783,0.6002500000000001,0.030012499999999942,0.05,True,False,0.0,True,10540,74970
17,2,0.3,0.0,uniform,0,uniform,1.0,guarded,controlled,5,1,17,0.036294814608620385,0.03566684126853943,0.5702375000000001,0.030012499999999942,0.05,False,True,0.0001747876405715984,True,11265,79380
17,2,0.3,0.0,uniform,0,uniform,1.0,guarded,controlled,5,1,18,0.03115962213029988,0.03549205362796783,0.6002500000000001,0.030012499999999942,0.05,True,False,0.0,True,11875,83790
17,2,0.3,0.0,uniform,0,uniform,1.0,guarded,controlled,5,1,19,0.036294814608620385,0.03566684126853943,0.5702375000000001,0.030012499999999942,0.05,False,True,0.0001747876405715984,True,12600,88200
18,2,0.3,0.0,uniform,0,uniform,0.0,fixed,controlled,5,1,0,0.02135120343205088,0.022646652534604073,0.850490396931604,0.0,0.0,False,False,,True,605,5610
18,2,0.3,0.0,uniform,0,uniform,0.0,adaptive,controlled,5,1,0,0.02135120343205088,0.022646652534604073,0.850490396931604,0.0,0.0,False,False,,True,605,5610
18,2,0.3,0.0,uniform,0,uniform,0.0,guarded,controlled,5,1,0,0.02135120343205088,0.022646652534604073,0.850490396931604,0.0,0.0,False,False,,True,605,5610
18,2,0.3,0.0,uniform,0,uniform,0.5,fixed,controlled,5,1,0,0.02135120343205088,0.022646652534604073,0.850490396931604,0.425245198465802,0.5,True,False,,True,605,5610
18,2,0.3,0.0,uniform,0,uniform,0.5,fixed,controlled,5,1,1,0.006988551481987848,0.021865907683968545,0.40730245419132005,0.20365122709566003,0.5,True,False,-0.0007807448506355272,True,1045,11220
18,2,0.3,0.0,uniform,0,uniform,0.5,fixed,controlled,5,1,2,0.004845268271615001,0.0227511677891016,0.2240547610592678,0.11202738052963394,0.5,True,False,0.0008852601051330539,True,1290,16830
18,2,0.3,0.0,uniform,0,uniform,0.5,fixed,controlled,5,1,3,0.0046179454041651476,0.02268049754202366,0.11036190844811727,0.05518095422405862,0.5,True,False,-7.067024707793981e-05,True,1675,22440
18,2,0.3,0.0,uniform,0,uniform,0.5,fixed,controlled,5,1,4,0.00461801300297842,0.02268049605190754,0.055180919175350764,0.027590459587675437,0.5,True,False,-1.4901161207725444e-09,True,2105,28050
18,2,0.3,0.0,uniform,0,uniform,0.5,fixed,controlled,5,1,5,0.004617910093979605,0.022680512443184853,0.027590845123619215,0.013795422561809649,0.5,True,False,1.63912773146202e-08,True,2560,33660
18,2,0.3,0.0,uniform,0,uniform,0.5,fixed,controlled,5,1,6,0.004617839611755242,0.022680506482720374,0.01379528236688053,0.006897641183440217,0.5,True,False,-5.960464479620731e-09,True,2965,39270
18,2,0.3,0.0,uniform,0,uniform,0.5,fixed,controlled,5,1,7,0.004617838659682315,0.022680487111210824,0.006897185550239814,0.003448592775119899,0.5,True,False,-1.9371509549226396e-08,True,3365,44880
18,2,0.3,0.0,uniform,0,uniform,0.5,fixed,controlled,5,1,8,0.0046178802015197085,0.02268051393330097,0.003449223651988924,0.0017246118259944682,0.5,True,False,2.6822090146150224e-08,True,3750,50490
18,2,0.3,0.0,uniform,0,uniform,0.5,fixed,controlled,5,1,9,0.004632229222970796,0.022679579630494117,0.00170263683270876,0.0008513184163544268,0.5,True,False,-9.343028068535542e-07,True,4025,56100
18,2,0.3,0.0,uniform,0,uniform,0.5,fixed,controlled,5,1,10,0.004632301378903192,0.02267962135374546,0.000852299731566513,0.0004261498657832565,0.5,True,False,4.172325134346733e-08,True,4300,61710
18,2,0.3,0.0,uniform,0,uniform,0.5,adaptive,controlled,5,1,0,0.02135120343205088,0.022646652534604073,0.850490396931604,0.425245198465802,0.5,True,False,,True,605,5610
18,2,0.3,0.0,uniform,0,uniform,0.5,adaptive,controlled,5,1,1,0.006988551481987848,0.021865907683968545,0.40730245419132005,0.20365122709566003,0.5,True,False,-0.0007807448506355272,True,1045,11220
18,2,0.3,0.0,uniform,0,uniform,0.5,adaptive,controlled,5,1,2,0.004845268271615001,0.0227511677891016,0.2240547610592678,0.11202738052963394,0.5,True,False,0.0008852601051330539,True,1290,16830
18,2,0.3,0.0,uniform,0,uniform,0.5,adaptive,controlled,5,1,3,0.0046179454041651476,0.02268049754202366,0.11036190844811727,0.05518095422405862,0.5,True,False,-7.067024707793981e-05,True,1675,22440
18,2,0.3,0.0,uniform,0,uniform,0.5,adaptive,controlled,5,1,4,0.00461801300297842,0.02268049605190754,0.055180919175350764,0.027590459587675437,0.5,True,False,-1.4901161207725444e-09,True,2105,28050
18,2,0.3,0.0,uniform,0,uniform,0.5,adaptive,controlled,5,1,5,0.004617910093979605,0.022680512443184853,0.027590845123619215,0.013795422561809649,0.5,True,False,1.63912773146202e-08,True,2560,33660
18,2,0.3,0.0,uniform,0,uniform,0.5,adaptive,controlled,5,1,6,0.004617839611755242,0.022680506482720374,0.01379528236688053,0.006897641183440217,0.5,True,False,-5.960464479620731e-09,True,2965,39270
18,2,0.3,0.0,uniform,0,uniform,0.5,adaptive,controlled,5,1,7,0.004617838659682315,0.022680487111210824,0.006897185550239814,0.003448592775119899,0.5,True,False,-1.9371509549226396e-08,True,3365,44880
18,2,0.3,0.0,uniform,0,uniform,0.5,adaptive,controlled,5,1,8,0.0046178802015197085,0.02268051393330097,0.003449223651988924,0.0017246118259944682,0.5,True,False,2.6822090146150224e-08,True,3750,50490
18,2,0.3,0.0,uniform,0,uniform,0.5,adaptive,controlled,5,1,9,0.004632229222970796,0.022679579630494117,0.00170263683270876,0.0008513184163544268,0.5,True,False,-9.343028068535542e-07,True,4025,56100
18,2,0.3,0.0,uniform,0,uniform,0.5,adaptive,controlled,5,1,10,0.004632301378903192,0.02267962135374546,0.000852299731566513,0.0004261498657832565,0.5,True,False,4.172325134346733e-08,True,4300,61710
18,2,0.3,0.0,uniform,0,uniform,0.5,guarded,controlled,5,1,0,0.02135120343205088,0.022646652534604073,0.850490396931604,0.425245198465802,0.5,True,False,,True,605,5610
18,2,0.3,0.0,uniform,0,uniform,0.5,guarded,controlled,5,1,1,0.006988551481987848,0.021865907683968545,0.40730245419132005,0.20365122709566003,0.5,True,False,-0.0007807448506355272,True,1045,11220
18,2,0.3,0.0,uniform,0,uniform,0.5,guarded,controlled,5,1,2,0.004845268271615001,0.0227511677891016,0.2240547610592678,0.20365122709566003,0.25,False,True,0.0008852601051330539,True,1290,16830
18,2,0.3,0.0,uniform,0,uniform,0.5,guarded,controlled,5,1,3,0.006988551481987848,0.021865907683968545,0.40730245419132005,0.10182561354783001,0.25,True,False,0.0,True,1730,22440
18,2,0.3,0.0,uniform,0,uniform,0.5,guarded,controlled,5,1,4,0.007039789391669479,0.021831217780709268,0.30469716205482356,0.07617429051370592,0.25,True,False,-3.4689903259277344e-05,True,2315,28050
18,2,0.3,0.0,uniform,0,uniform,0.5,guarded,controlled,5,1,5,0.004918372035645682,0.02276143915951252,0.24994869006134618,0.07617429051370592,0.125,False,True,0.0009302213788032511,True,2560,33660
18,2,0.3,0.0,uniform,0,uniform,0.5,guarded,controlled,5,1,6,0.007039789391669479,0.021831217780709268,0.30469716205482356,0.038087145256852986,0.125,True,False,0.0,True,3145,39270
18,2,0.3,0.0,uniform,0,uniform,0.5,guarded,controlled,5,1,7,0.007048939958088696,0.021825649216771124,0.2664849956331527,0.033310624454144094,0.125,True,False,-5.568563938143645e-06,True,3585,44880
18,2,0.3,0.0,uniform,0,uniform,0.5,guarded,controlled,5,1,8,0.004942653169133379,0.02276552505791187,0.25482175664559165,0.033310624454144094,0.0625,False,True,0.0009398758411407471,True,3830,50490
18,2,0.3,0.0,uniform,0,uniform,0.5,guarded,controlled,5,1,9,0.007048939958088696,0.021825649216771124,0.2664849956331527,0.01665531222707202,0.0625,True,False,0.0,True,4270,56100
18,2,0.3,0.0,uniform,0,uniform,0.5,guarded,controlled,5,1,10,0.004699235212108473,0.022725190594792367,0.27052496068213355,0.01665531222707202,0.05,False,True,0.000899541378021243,True,4520,61710
18,2,0.3,0.0,uniform,0,uniform,0.5,guarded,controlled,5,1,11,0.007048939958088696,0.021825649216771124,0.2664849956331527,0.013324249781657527,0.05,True,False,0.0,True,4960,67320
18,2,0.3,0.0,uniform,0,uniform,0.5,guarded,controlled,5,1,12,0.004723674939849133,0.022729576006531714,0.2739594392443727,0.013324249781657527,0.05,False,True,0.0009039267897605896,True,5210,72930
18,2,0.3,0.0,uniform,0,uniform,0.5,guarded,controlled,5,1,13,0.007048939958088696,0.021825649216771124,0.2664849956331527,0.013324249781657527,0.05,True,False,0.0,True,5650,78540
18,2,0.3,0.0,uniform,0,uniform,0.5,guarded,controlled,5,1,14,0.004723674939849133,0.022729576006531714,0.2739594392443727,0.013324249781657527,0.05,False,True,0.0009039267897605896,True,5900,84150
18,2,0.3,0.0,uniform,0,uniform,0.5,guarded,controlled,5,1,15,0.007048939958088696,0.021825649216771124,0.2664849956331527,0.013324249781657527,0.05,True,False,0.0,True,6340,89760
18,2,0.3,0.0,uniform,0,uniform,0.5,guarded,controlled,5,1,16,0.004723674939849133,0.022729576006531714,0.2739594392443727,0.013324249781657527,0.05,False,True,0.0009039267897605896,True,6590,95370
18,2,0.3,0.0,uniform,0,uniform,0.5,guarded,controlled,5,1,17,0.007048939958088696,0.021825649216771124,0.2664849956331527,0.013324249781657527,0.05,True,False,0.0,True,7030,100980
18,2,0.3,0.0,uniform,0,uniform,0.5,guarded,controlled,5,1,18,0.004723674939849133,0.022729576006531714,0.2739594392443727,0.013324249781657527,0.05,False,True,0.0009039267897605896,True,7280,106590
18,2,0.3,0.0,uniform,0,uniform,0.5,guarded,controlled,5,1,19,0.007048939958088696,0.021825649216771124,0.2664849956331527,0.013324249781657527,0.05,True,False,0.0,True,7720,112200
18,2,0.3,0.0,uniform,0,uniform,1.0,fixed,controlled,5,1,0,0.02135120343205088,0.022646652534604073,0.850490396931604,0.850490396931604,1.0,True,False,,True,605,5610
18,2,0.3,0.0,uniform,0,uniform,1.0,fixed,controlled,5,1,1,0.004632323993787865,0.022679627314209937,0.0007748496535833291,0.0007748496535833291,1.0,True,False,3.297477960586409e-05,True,880,11220
18,2,0.3,0.0,uniform,0,uniform,1.0,adaptive,controlled,5,1,0,0.02135120343205088,0.022646652534604073,0.850490396931604,0.850490396931604,1.0,True,False,,True,605,5610
18,2,0.3,0.0,uniform,0,uniform,1.0,adaptive,controlled,5,1,1,0.004632323993787865,0.022679627314209937,0.0007748496535833291,0.0007748496535833291,1.0,True,False,3.297477960586409e-05,True,880,11220
18,2,0.3,0.0,uniform,0,uniform,1.0,guarded,controlled,5,1,0,0.02135120343205088,0.022646652534604073,0.850490396931604,0.850490396931604,1.0,True,False,,True,605,5610
18,2,0.3,0.0,uniform,0,uniform,1.0,guarded,controlled,5,1,1,0.004632323993787865,0.022679627314209937,0.0007748496535833291,0.0007748496535833291,1.0,True,False,3.297477960586409e-05,True,880,11220
19,2,0.3,0.0,uniform,0,uniform,0.0,fixed,controlled,5,1,0,0.039511172276519346,0.03507617935538292,0.8957618098833422,0.0,0.0,False,False,,True,1010,2625
19,2,0.3,0.0,uniform,0,uniform,0.0,adaptive,controlled,5,1,0,0.039511172276519346,0.03507617935538292,0.8957618098833422,0.0,0.0,False,False,,True,1010,2625
19,2,0.3,0.0,uniform,0,uniform,0.0,guarded,controlled,5,1,0,0.039511172276519346,0.03507617935538292,0.8957618098833422,0.0,0.0,False,False,,True,1010,2625
19,2,0.3,0.0,uniform,0,uniform,0.5,fixed,controlled,5,1,0,0.039511172276519346,0.03507617935538292,0.8957618098833422,0.44788090494167104,0.5,True,False,,True,1010,2625
19,2,0.3,0.0,uniform,0,uniform,0.5,fixed,controlled,5,1,1,0.0012158080478421596,0.048111890256404874,0.5268946257348683,0.2634473128674342,0.5,True,False,0.013035710901021957,True,1865,5250
19,2,0.3,0.0,uniform,0,uniform,0.5,fixed,controlled,5,1,2,0.02585920624806093,0.04341233223676681,0.23340445780080255,0.11670222890040127,0.5,True,False,-0.0046995580196380615,True,2555,7875
19,2,0.3,0.0,uniform,0,uniform,0.5,fixed,controlled,5,1,3,0.004739322696899251,0.04923641830682755,0.1542193316048475,0.07710966580242375,0.5,True,False,0.005824086070060734,True,3085,10500
19,2,0.3,0.0,uniform,0,uniform,0.5,fixed,controlled,5,1,4,0.014274755411985751,0.05134262815117836,0.08897189862568408,0.04448594931284204,0.5,True,False,0.002106209844350816,True,3400,13125
19,2,0.3,0.0,uniform,0,uniform,0.5,fixed,controlled,5,1,5,0.012171359669196136,0.05092463120818138,0.04264644112022361,0.021323220560111808,0.5,True,False,-0.0004179969429969829,True,3900,15750
19,2,0.3,0.0,uniform,0,uniform,0.5,fixed,controlled,5,1,6,0.0028622126956925342,0.04775343909859657,0.0015370431157432588,0.0007685215578716086,0.5,True,False,-0.0031711921095848097,True,4715,18375
19,2,0.3,0.0,uniform,0,uniform,0.5,fixed,controlled,5,1,7,0.01847058932423451,0.0536856397986412,0.032899371762477383,0.01644968588123872,0.5,True,False,0.005932200700044632,True,5280,21000
19,2,0.3,0.0,uniform,0,uniform,0.5,fixed,controlled,5,1,8,0.0005196131567295481,0.04825990870594978,0.012379945567416114,0.006189972783708048,0.5,True,False,-0.00542573109269142,True,5960,23625
19,2,0.3,0.0,uniform,0,uniform,0.5,fixed,controlled,5,1,9,0.025898789739926542,0.04338680803775787,0.037368247788170585,0.018684123894085233,0.5,True,False,-0.00487310066819191,True,6415,26250
19,2,0.3,0.0,uniform,0,uniform,0.5,fixed,controlled,5,1,10,0.0024635961542607276,0.04960148558020592,0.02144224155301986,0.010721120776509935,0.5,True,False,0.006214677542448047,True,7255,28875
19,2,0.3,0.0,uniform,0,uniform,0.5,fixed,controlled,5,1,11,0.01645912703277208,0.043990160524845126,0.02565347824186469,0.012826739120932337,0.5,True,False,-0.005611325055360793,True,7765,31500
19,2,0.3,0.0,uniform,0,uniform,0.5,fixed,controlled,5,1,12,0.0016576782140802493,0.048695743829011914,0.017488828948546895,0.008744414474273477,0.5,True,False,0.004705583304166788,True,8535,34125
19,2,0.3,0.0,uniform,0,uniform,0.5,fixed,controlled,5,1,13,0.01638695202764673,0.04462224543094635,0.017608623597342034,0.00880431179867117,0.5,True,False,-0.0040734983980655615,True,9220,36750
19,2,0.3,0.0,uniform,0,uniform,0.5,fixed,controlled,5,1,14,0.006095976425566363,0.04938778430223465,0.02217143293687642,0.01108571646843821,0.5,True,False,0.004765538871288298,True,9735,39375
19,2,0.3,0.0,uniform,0,uniform,0.5,fixed,controlled,5,1,15,0.016411142036076853,0.044985510408878326,0.01759770568136573,0.00879885284068286,0.5,True,False,-0.004402273893356325,True,10290,42000
19,2,0.3,0.0,uniform,0,uniform,0.5,fixed,controlled,5,1,16,0.0003114707045739351,0.0483007125556469,0.012642559369842203,0.006321279684921095,0.5,True,False,0.0033152021467685727,True,10840,44625
19,2,0.3,0.0,uniform,0,uniform,0.5,fixed,controlled,5,1,17,0.017655348210279698,0.05236903429031372,0.028963937778366665,0.014481968889183417,0.5,True,False,0.00406832173466682,True,11650,47250
19,2,0.3,0.0,uniform,0,uniform,0.5,fixed,controlled,5,1,18,0.026306579820794873,0.04293001890182495,0.04242944085893287,0.021214720429466455,0.5,True,False,-0.009439015388488771,True,12190,49875
19,2,0.3,0.0,uniform,0,uniform,0.5,fixed,controlled,5,1,19,0.01625513179335769,0.046177318692207335,0.001361145405131903,0.0006805727025659524,0.5,True,False,0.0032472997903823866,True,12805,52500
19,2,0.3,0.0,uniform,0,uniform,0.5,adaptive,controlled,5,1,0,0.039511172276519346,0.03507617935538292,0.8957618098833422,0.44788090494167104,0.5,True,False,,True,1010,2625
19,2,0.3,0.0,uniform,0,uniform,0.5,adaptive,controlled,5,1,1,0.0012158080478421596,0.048111890256404874,0.5268946257348683,0.2634473128674342,0.5,True,False,0.013035710901021957,True,1865,5250
19,2,0.3,0.0,uniform,0,uniform,0.5,adaptive,controlled,5,1,2,0.02585920624806093,0.04341233223676681,0.23340445780080255,0.11670222890040127,0.5,True,False,-0.0046995580196380615,True,2555,7875
19,2,0.3,0.0,uniform,0,uniform,0.5,adaptive,controlled,5,1,3,0.004739322696899251,0.04923641830682755,0.1542193316048475,0.07710966580242375,0.5,True,False,0.005824086070060734,True,3085,10500
19,2,0.3,0.0,uniform,0,uniform,0.5,adaptive,controlled,5,1,4,0.014274755411985751,0.05134262815117836,0.08897189862568408,0.04448594931284204,0.5,True,False,0.002106209844350816,True,3400,13125
19,2,0.3,0.0,uniform,0,uniform,0.5,adaptive,controlled,5,1,5,0.012171359669196136,0.05092463120818138,0.04264644112022361,0.021323220560111808,0.5,True,False,-0.0004179969429969829,True,3900,15750
19,2,0.3,0.0,uniform,0,uniform,0.5,adaptive,controlled,5,1,6,0.0028622126956925342,0.04775343909859657,0.0015370431157432588,0.0007685215578716086,0.5,True,False,-0.0031711921095848097,True,4715,18375
19,2,0.3,0.0,uniform,0,uniform,0.5,adaptive,controlled,5,1,7,0.01847058932423451,0.0536856397986412,0.032899371762477383,0.008224842940619329,0.25,True,False,0.005932200700044632,True,5280,21000
19,2,0.3,0.0,uniform,0,uniform,0.5,adaptive,controlled,5,1,8,0.005268820337626323,0.048341193795204164,0.004004016311203231,0.0010010040778008098,0.25,True,False,-0.005344446003437038,True,5890,23625
19,2,0.3,0.0,uniform,0,uniform,0.5,adaptive,controlled,5,1,9,0.015581323462427576,0.05266628116369247,0.020990039902923356,0.002623754987865404,0.125,True,False,0.004325087368488308,True,6710,26250
19,2,0.3,0.0,uniform,0,uniform,0.5,adaptive,controlled,5,1,10,0.015897560784278397,0.05282018929719925,0.01905579733016364,0.0023819746662704956,0.125,True,False,0.0001539081335067763,True,7525,28875
19,2,0.3,0.0,uniform,0,uniform,0.5,adaptive,controlled,5,1,11,0.0174817087006236,0.0534176379442215,0.01936165159111422,0.0012101032244446665,0.0625,True,False,0.0005974486470222487,True,8345,31500
19,2,0.3,0.0,uniform,0,uniform,0.5,adaptive,controlled,5,1,12,0.01811019785585799,0.05314761400222778,0.01693453205093004,0.0010584082531830859,0.0625,True,False,-0.0002700239419937134,True,8940,34125
19,2,0.3,0.0,uniform,0,uniform,0.5,adaptive,controlled,5,1,13,0.008399652342230723,0.04966676533222199,0.003094648010704552,0.00019341550066905716,0.0625,True,False,-0.0034808486700057956,True,9305,36750
19,2,0.3,0.0,uniform,0,uniform,0.5,adaptive,controlled,5,1,14,0.01621368675792567,0.05288770347833634,0.014779228883805638,0.0007389614441902347,0.05,True,False,0.0032209381461143494,True,10115,39375
19,2,0.3,0.0,uniform,0,uniform,0.5,adaptive,controlled,5,1,15,0.01780846392195734,0.05358160585165024,0.017166067073145497,0.0008583033536574049,0.05,True,False,0.0006939023733139038,True,10930,42000
19,2,0.3,0.0,uniform,0,uniform,0.5,adaptive,controlled,5,1,16,0.017403649149979827,0.05189468711614609,0.008750587191077262,0.00043752935955381975,0.05,True,False,-0.0016869187355041532,True,11490,44625
19,2,0.3,0.0,uniform,0,uniform,0.5,adaptive,controlled,5,1,17,0.01842008301066045,0.05361071079969406,0.016001873019588452,0.000800093650979385,0.05,True,False,0.0017160236835479722,True,12125,47250
19,2,0.3,0.0,uniform,0,uniform,0.5,adaptive,controlled,5,1,18,0.008374753495758114,0.0496564008295536,0.005099704008968817,0.0002549852004484878,0.05,True,False,-0.003954309970140457,True,12660,49875
19,2,0.3,0.0,uniform,0,uniform,0.5,adaptive,controlled,5,1,19,0.017718649552069365,0.053503507375717164,0.014915665970818458,0.00074578329854096,0.05,True,False,0.0038471065461635617,True,13475,52500
19,2,0.3,0.0,uniform,0,uniform,0.5,guarded,controlled,5,1,0,0.039511172276519346,0.03507617935538292,0.8957618098833422,0.44788090494167104,0.5,True,False,,True,1010,2625
19,2,0.3,0.0,uniform,0,uniform,0.5,guarded,controlled,5,1,1,0.0012158080478421596,0.048111890256404874,0.5268946257348683,0.44788090494167104,0.25,False,True,0.013035710901021957,True,1865,5250
19,2,0.3,0.0,uniform,0,uniform,0.5,guarded,controlled,5,1,2,0.039511172276519346,0.03507617935538292,0.8957618098833422,0.22394045247083552,0.25,True,False,0.0,True,2875,7875
19,2,0.3,0.0,uniform,0,uniform,0.5,guarded,controlled,5,1,3,0.03186279140756909,0.03621909022331238,0.678232944615103,0.22394045247083552,0.125,False,True,0.0011429108679294614,True,3450,10500
19,2,0.3,0.0,uniform,0,uniform,0.5,guarded,controlled,5,1,4,0.039511172276519346,0.03507617935538292,0.8957618098833422,0.11197022623541775,0.125,True,False,0.0,True,4460,13125
19,2,0.3,0.0,uniform,0,uniform,0.5,guarded,controlled,5,1,5,0.0411495366973984,0.034867892414331435,0.7826329246473012,0.09782911558091267,0.125,True,False,-0.00020828694105148177,True,4990,15750
19,2,0.3,0.0,uniform,0,uniform,0.5,guarded,controlled,5,1,6,0.03989310322459794,0.03502810895442963,0.6856947956220503,0.09782911558091267,0.0625,False,True,0.00016021654009819308,True,5620,18375
19,2,0.3,0.0,uniform,0,uniform,0.5,guarded,controlled,5,1,7,0.0411495366973984,0.034867892414331435,0.7826329246473012,0.04891455779045631,0.0625,True,False,0.0,True,6150,21000
19,2,0.3,0.0,uniform,0,uniform,0.5,guarded,controlled,5,1,8,0.040954570650782784,0.034894540905952454,0.7338664398952288,0.04586665249345179,0.0625,True,False,2.6648491621018844e-05,True,6880,23625
19,2,0.3,0.0,uniform,0,uniform,0.5,guarded,controlled,5,1,9,0.04016929309175765,0.03499196469783783,0.6885415426665948,0.04303384641666211,0.0625,True,False,9.742379188537598e-05,True,7545,26250
19,2,0.3,0.0,uniform,0,uniform,0.5,guarded,controlled,5,1,10,0.03829878715785284,0.03523057848215103,0.6468373575841666,0.04303384641666211,0.05,False,True,0.0002386137843132033,True,8000,28875
19,2,0.3,0.0,uniform,0,uniform,0.5,guarded,controlled,5,1,11,0.04016929309175765,0.03499196469783783,0.6885415426665948,0.034427077133329737,0.05,True,False,0.0,True,8665,31500
19,2,0.3,0.0,uniform,0,uniform,0.5,guarded,controlled,5,1,12,0.03675421841711568,0.035410667210817336,0.6564502789710045,0.034427077133329737,0.05,False,True,0.00041870251297950606,True,9235,34125
19,2,0.3,0.0,uniform,0,uniform,0.5,guarded,controlled,5,1,13,0.04016929309175765,0.03499196469783783,0.6885415426665948,0.034427077133329737,0.05,True,False,0.0,True,9900,36750
19,2,0.3,0.0,uniform,0,uniform,0.5,guarded,controlled,5,1,14,0.03675421841711568,0.035410667210817336,0.6564502789710045,0.034427077133329737,0.05,False,True,0.00041870251297950606,True,10470,39375
19,2,0.3,0.0,uniform,0,uniform,0.5,guarded,controlled,5,1,15,0.04016929309175765,0.03499196469783783,0.6885415426665948,0.034427077133329737,0.05,True,False,0.0,True,11135,42000
19,2,0.3,0.0,uniform,0,uniform,0.5,guarded,controlled,5,1,16,0.03675421841711568,0.035410667210817336,0.6564502789710045,0.034427077133329737,0.05,False,True,0.00041870251297950606,True,11705,44625
19,2,0.3,0.0,uniform,0,uniform,0.5,guarded,controlled,5,1,17,0.04016929309175765,0.03499196469783783,0.6885415426665948,0.034427077133329737,0.05,True,False,0.0,True,12370,47250
19,2,0.3,0.0,uniform,0,uniform,0.5,guarded,controlled,5,1,18,0.03675421841711568,0.035410667210817336,0.6564502789710045,0.034427077133329737,0.05,False,True,0.00041870251297950606,True,12940,49875
19,2,0.3,0.0,uniform,0,uniform,0.5,guarded,controlled,5,1,19,0.04016929309175765,0.03499196469783783,0.6885415426665948,0.034427077133329737,0.05,True,False,0.0,True,13605,52500
19,2,0.3,0.0,uniform,0,uniform,1.0,fixed,controlled,5,1,0,0.039511172276519346,0.03507617935538292,0.8957618098833422,0.8957618098833422,1.0,True,False,,True,1010,2625
19,2,0.3,0.0,uniform,0,uniform,1.0,fixed,controlled,5,1,1,0.022648626029821983,0.05348900780081749,0.10793140060055359,0.10793140060055359,1.0,True,False,0.01841282844543457,True,1475,5250
19,2,0.3,0.0,uniform,0,uniform,1.0,fixed,controlled,5,1,2,0.012249091470913243,0.05094827115535736,0.011316899829364246,0.011316899829364246,1.0,True,False,-0.0025407366454601246,True,1880,7875
19,2,0.3,0.0,uniform,0,uniform,1.0,fixed,controlled,5,1,3,0.006087540442067052,0.04937724620103836,0.00918242706427444,0.00918242706427444,1.0,True,False,-0.001571024954319003,True,2750,10500
19,2,0.3,0.0,uniform,0,uniform,1.0,fixed,controlled,5,1,4,0.007642311823794046,0.049672191590070726,0.0019831963311051012,0.0019831963311051012,1.0,True,False,0.00029494538903236667,True,3385,13125
19,2,0.3,0.0,uniform,0,uniform,1.0,fixed,controlled,5,1,5,0.009662428663972378,0.050279319286346436,0.004107582094446998,0.004107582094446998,1.0,True,False,0.0006071276962757097,True,4030,15750
19,2,0.3,0.0,uniform,0,uniform,1.0,fixed,controlled,5,1,6,0.011181525827222316,0.05069229379296303,0.0019690393097419184,0.0019690393097419184,1.0,True,False,0.0004129745066165924,True,4390,18375
19,2,0.3,0.0,uniform,0,uniform,1.0,fixed,controlled,5,1,7,0.010539075191934089,0.05053857117891312,0.0006726431489562264,0.0006726431489562264,1.0,True,False,-0.0001537226140499101,True,4920,21000
19,2,0.3,0.0,uniform,0,uniform,1.0,adaptive,controlled,5,1,0,0.039511172276519346,0.03507617935538292,0.8957618098833422,0.8957618098833422,1.0,True,False,,True,1010,2625
19,2,0.3,0.0,uniform,0,uniform,1.0,adaptive,controlled,5,1,1,0.022648626029821983,0.05348900780081749,0.10793140060055359,0.10793140060055359,1.0,True,False,0.01841282844543457,True,1475,5250
19,2,0.3,0.0,uniform,0,uniform,1.0,adaptive,controlled,5,1,2,0.012249091470913243,0.05094827115535736,0.011316899829364246,0.011316899829364246,1.0,True,False,-0.0025407366454601246,True,1880,7875
19,2,0.3,0.0,uniform,0,uniform,1.0,adaptive,controlled,5,1,3,0.006087540442067052,0.04937724620103836,0.00918242706427444,0.00918242706427444,1.0,True,False,-0.001571024954319003,True,2750,10500
19,2,0.3,0.0,uniform,0,uniform,1.0,adaptive,controlled,5,1,4,0.007642311823794046,0.049672191590070726,0.0019831963311051012,0.0019831963311051012,1.0,True,False,0.00029494538903236667,True,3385,13125
19,2,0.3,0.0,uniform,0,uniform,1.0,adaptive,controlled,5,1,5,0.009662428663972378,0.050279319286346436,0.004107582094446998,0.0020537910472235273,0.5,True,False,0.0006071276962757097,True,4030,15750
19,2,0.3,0.0,uniform,0,uniform,1.0,adaptive,controlled,5,1,6,0.011137353045494791,0.05052719190716744,0.0033004402248597853,0.0016502201124298874,0.5,True,False,0.0002478726208210019,True,4280,18375
19,2,0.3,0.0,uniform,0,uniform,1.0,adaptive,controlled,5,1,7,0.0110801835088985,0.05059746727347374,0.001957543887153754,0.0009787719435768857,0.5,True,False,7.027536630629938e-05,True,4530,21000
19,2,0.3,0.0,uniform,0,uniform,1.0,adaptive,controlled,5,1,8,0.01110500691764571,0.050581582635641095,0.0009092854588286714,0.0004546427294143075,0.5,True,False,-1.58846378326416e-05,True,4780,23625
19,2,0.3,0.0,uniform,0,uniform,1.0,guarded,controlled,5,1,0,0.039511172276519346,0.03507617935538292,0.8957618098833422,0.8957618098833422,1.0,True,False,,True,1010,2625
19,2,0.3,0.0,uniform,0,uniform,1.0,guarded,controlled,5,1,1,0.022648626029821983,0.05348900780081749,0.10793140060055359,0.8957618098833422,0.5,False,True,0.01841282844543457,True,1475,5250
19,2,0.3,0.0,uniform,0,uniform,1.0,guarded,controlled,5,1,2,0.039511172276519346,0.03507617935538292,0.8957618098833422,0.44788090494167104,0.5,True,False,0.0,True,2485,7875
19,2,0.3,0.0,uniform,0,uniform,1.0,guarded,controlled,5,1,3,0.0012158080478421596,0.048111890256404874,0.5268946257348683,0.44788090494167104,0.25,False,True,0.013035710901021957,True,3340,10500
19,2,0.3,0.0,uniform,0,uniform,1.0,guarded,controlled,5,1,4,0.039511172276519346,0.03507617935538292,0.8957618098833422,0.22394045247083552,0.25,True,False,0.0,True,4350,13125
19,2,0.3,0.0,uniform,0,uniform,1.0,guarded,controlled,5,1,5,0.03186279140756909,0.03621909022331238,0.678232944615103,0.22394045247083552,0.125,False,True,0.0011429108679294614,True,4925,15750
19,2,0.3,0.0,uniform,0,uniform,1.0,guarded,controlled,5,1,6,0.039511172276519346,0.03507617935538292,0.8957618098833422,0.11197022623541775,0.125,True,False,0.0,True,5935,18375
19,2,0.3,0.0,uniform,0,uniform,1.0,guarded,controlled,5,1,7,0.0411495366973984,0.034867892414331435,0.7826329246473012,0.09782911558091267,0.125,True,False,-0.00020828694105148177,True,6465,21000
19,2,0.3,0.0,uniform,0,uniform,1.0,guarded,controlled,5,1,8,0.03989310322459794,0.03502810895442963,0.6856947956220503,0.09782911558091267,0.0625,False,True,0.00016021654009819308,True,7095,23625
19,2,0.3,0.0,uniform,0,uniform,1.0,guarded,controlled,5,1,9,0.0411495366973984,0.034867892414331435,0.7826329246473012,0.04891455779045631,0.0625,True,False,0.0,True,7625,26250
19,2,0.3,0.0,uniform,0,uniform,1.0,guarded,controlled,5,1,10,0.040954570650782784,0.034894540905952454,0.7338664398952288,0.04586665249345179,0.0625,True,False,2.6648491621018844e-05,True,8355,28875
19,2,0.3,0.0,uniform,0,uniform,1.0,guarded,controlled,5,1,11,0.04016929309175765,0.03499196469783783,0.6885415426665948,0.04303384641666211,0.0625,True,False,9.742379188537598e-05,True,9020,31500
19,2,0.3,0.0,uniform,0,uniform,1.0,guarded,controlled,5,1,12,0.03829878715785284,0.03523057848215103,0.6468373575841666,0.04303384641666211,0.05,False,True,0.0002386137843132033,True,9475,34125
19,2,0.3,0.0,uniform,0,uniform,1.0,guarded,controlled,5,1,13,0.04016929309175765,0.03499196469783783,0.6885415426665948,0.034427077133329737,0.05,True,False,0.0,True,10140,36750
19,2,0.3,0.0,uniform,0,uniform,1.0,guarded,controlled,5,1,14,0.03675421841711568,0.035410667210817336,0.6564502789710045,0.034427077133329737,0.05,False,True,0.00041870251297950606,True,10710,39375
19,2,0.3,0.0,uniform,0,uniform,1.0,guarded,controlled,5,1,15,0.04016929309175765,0.03499196469783783,0.6885415426665948,0.034427077133329737,0.05,True,False,0.0,True,11375,42000
19,2,0.3,0.0,uniform,0,uniform,1.0,guarded,controlled,5,1,16,0.03675421841711568,0.035410667210817336,0.6564502789710045,0.034427077133329737,0.05,False,True,0.00041870251297950606,True,11945,44625
19,2,0.3,0.0,uniform,0,uniform,1.0,guarded,controlled,5,1,17,0.04016929309175765,0.03499196469783783,0.6885415426665948,0.034427077133329737,0.05,True,False,0.0,True,12610,47250
19,2,0.3,0.0,uniform,0,uniform,1.0,guarded,controlled,5,1,18,0.03675421841711568,0.035410667210817336,0.6564502789710045,0.034427077133329737,0.05,False,True,0.00041870251297950606,True,13180,49875
19,2,0.3,0.0,uniform,0,uniform,1.0,guarded,controlled,5,1,19,0.04016929309175765,0.03499196469783783,0.6885415426665948,0.034427077133329737,0.05,True,False,0.0,True,13845,52500
