seed,dimension,poison_ratio,target,initialization,initialization_replicate,evaluator,update_rate,update_policy,coalition_mode,controlled_coalition_size,controlled_poison_count,coalition_round,round,target_error,stage3_engine,stage3_engine_losses,evaluation_loss,delivered_solution_evaluation_loss,full_solution_source,loo_search_objective,consistency_l1,raw_consistency_l1,update_l1,eta_used,update_accepted,current_state_accepted,proposal_generated,gate_triggered,eval_loss_delta,informative,solver_audit_status,solver_audit_agent_id,solver_audit_full_loss,solver_audit_best_loo_loss,solver_audit_improvement,solver_recovery_attempts,solver_recovery_success,stage3_requests_cumulative,contribution_requests_cumulative
0,2,0.3,0.0,uniform,0,trimmed,0.5,guarded,controlled,5,1,0,0,0.002007465785028464,bfgs,"{""bfgs"": 0.015895250439643863, ""custom"": 0.01957568377256394}",0.015531321366628012,0.015531321366628012,stage3_l_opt,l_opt_current_alpha,0.7542648027046188,0.7696579619434887,0.3771324013523095,0.5,False,True,True,False,,True,not_needed,,,,,0,False,3405,2710
0,2,0.3,0.0,uniform,0,trimmed,0.5,guarded,controlled,5,1,0,1,0.014915579672612256,custom,"{""bfgs"": 0.05796510456668716, ""custom"": 0.01358341569125827}",0.017007085184256237,0.017007085184256237,stage3_l_opt,l_opt_current_alpha,0.9223484170416363,0.9471000871706785,0.18856620067615465,0.25,False,False,True,True,0.0014757638176282253,True,not_needed,,,,,0,False,5230,5890
0,2,0.3,0.0,uniform,0,trimmed,0.5,guarded,controlled,5,1,0,2,0.014942246480925944,custom,"{""bfgs"": 0.057124317579802776, ""custom"": 0.016585272262790593}",0.016981246570746105,0.016981246570746105,stage3_l_opt,l_opt_current_alpha,0.35032199486343324,0.35601948356806057,0.09428310033807735,0.125,False,False,True,True,0.0014499252041180934,True,not_needed,,,,,0,False,6835,9330
0,2,0.3,0.0,uniform,0,trimmed,0.5,guarded,controlled,5,1,0,3,0.002150530231173311,bfgs,"{""bfgs"": 0.016031636317772307, ""custom"": 0.018074522083605472}",0.01629518469174703,0.01629518469174703,stage3_l_opt,l_opt_current_alpha,0.802662864654745,0.8190253830610886,0.04714155016903873,0.0625,False,False,True,True,0.0007638633251190168,True,not_needed,,,,,0,False,11280,12015
0,2,0.3,0.0,uniform,0,trimmed,0.5,guarded,controlled,5,1,0,4,0.01625346964842367,custom,"{""bfgs"": 0.028460178123141326, ""custom"": 0.019121865906912488}",0.015987485647201538,0.015987485647201538,stage3_l_opt,l_opt_current_alpha,0.7263992128678605,0.7421765808610226,0.037713240135230974,0.05,False,False,True,True,0.00045616428057352644,True,not_needed,,,,,0,False,15195,14725
0,2,0.3,0.0,uniform,0,trimmed,0.5,guarded,controlled,5,1,0,5,0.005407011563833985,bfgs,"{""bfgs"": 0.015523230643195255, ""custom"": 0.019319144069753613}",0.015430785715579987,0.015430785715579987,stage3_l_opt,l_opt_current_alpha,0.6482594230646714,0.6622515226177802,0.03241297115323355,0.05,True,True,True,False,-0.00010053565104802507,True,not_needed,,,,,0,False,18605,16845
0,2,0.3,0.0,uniform,0,trimmed,0.5,guarded,controlled,5,1,0,6,0.016096687343085822,custom,"{""bfgs"": 0.05661256947241798, ""custom"": 0.018945071171179384}",0.016205832362174988,0.016205832362174988,stage3_l_opt,l_opt_current_alpha,0.6394813972358709,0.6539558426119275,0.03241297115323355,0.05,False,False,True,True,0.0007750466465950012,True,not_needed,,,,,0,False,21080,19855
0,2,0.3,0.0,uniform,0,trimmed,0.5,guarded,controlled,5,1,0,7,0.016096687343085822,custom,"{""bfgs"": 0.05661256947241798, ""custom"": 0.018945071171179384}",0.016205832362174988,0.016205832362174988,stage3_l_opt,l_opt_current_alpha,0.6394813972358709,0.6539558426119275,0.03241297115323355,0.05,False,False,True,True,0.0007750466465950012,True,not_needed,,,,,0,False,23555,22865
0,2,0.3,0.0,uniform,0,trimmed,0.5,guarded,controlled,5,1,0,8,0.016096687343085822,custom,"{""bfgs"": 0.05661256947241798, ""custom"": 0.018945071171179384}",0.016205832362174988,0.016205832362174988,stage3_l_opt,l_opt_current_alpha,0.6394813972358709,0.6539558426119275,0.03241297115323355,0.05,False,False,True,True,0.0007750466465950012,True,not_needed,,,,,0,False,26030,25875
0,2,0.3,0.0,uniform,0,trimmed,0.5,guarded,controlled,5,1,0,9,0.016096687343085822,custom,"{""bfgs"": 0.05661256947241798, ""custom"": 0.018945071171179384}",0.016205832362174988,0.016205832362174988,stage3_l_opt,l_opt_current_alpha,0.6394813972358709,0.6539558426119275,0.03241297115323355,0.05,False,False,True,True,0.0007750466465950012,True,not_needed,,,,,0,False,28505,28885
0,2,0.3,0.0,uniform,0,trimmed,0.5,guarded,controlled,5,1,0,10,0.016096687343085822,custom,"{""bfgs"": 0.05661256947241798, ""custom"": 0.018945071171179384}",0.016205832362174988,0.016205832362174988,stage3_l_opt,l_opt_current_alpha,0.6394813972358709,0.6539558426119275,0.03241297115323355,0.05,False,False,True,True,0.0007750466465950012,True,not_needed,,,,,0,False,30980,31895
0,2,0.3,0.0,uniform,0,trimmed,0.5,guarded,controlled,5,1,0,11,0.016096687343085822,custom,"{""bfgs"": 0.05661256947241798, ""custom"": 0.018945071171179384}",0.016205832362174988,0.016205832362174988,stage3_l_opt,l_opt_current_alpha,0.6394813972358709,0.6539558426119275,0.03241297115323355,0.05,False,False,True,True,0.0007750466465950012,True,not_needed,,,,,0,False,33455,34905
0,2,0.3,0.0,uniform,0,trimmed,0.5,guarded,controlled,5,1,0,12,0.016096687343085822,custom,"{""bfgs"": 0.05661256947241798, ""custom"": 0.018945071171179384}",0.016205832362174988,0.016205832362174988,stage3_l_opt,l_opt_current_alpha,0.6394813972358709,0.6539558426119275,0.03241297115323355,0.05,False,False,True,True,0.0007750466465950012,True,not_needed,,,,,0,False,35930,37915
0,2,0.3,0.0,uniform,0,trimmed,0.5,guarded,controlled,5,1,0,13,0.016096687343085822,custom,"{""bfgs"": 0.05661256947241798, ""custom"": 0.018945071171179384}",0.016205832362174988,0.016205832362174988,stage3_l_opt,l_opt_current_alpha,0.6394813972358709,0.6539558426119275,0.03241297115323355,0.05,False,False,True,True,0.0007750466465950012,True,not_needed,,,,,0,False,38405,40925
0,2,0.3,0.0,uniform,0,trimmed,0.5,guarded,controlled,5,1,0,14,0.016096687343085822,custom,"{""bfgs"": 0.05661256947241798, ""custom"": 0.018945071171179384}",0.016205832362174988,0.016205832362174988,stage3_l_opt,l_opt_current_alpha,0.6394813972358709,0.6539558426119275,0.03241297115323355,0.05,False,False,True,True,0.0007750466465950012,True,not_needed,,,,,0,False,40880,43935
0,2,0.3,0.0,uniform,0,trimmed,0.5,guarded,controlled,5,1,0,15,0.016096687343085822,custom,"{""bfgs"": 0.05661256947241798, ""custom"": 0.018945071171179384}",0.016205832362174988,0.016205832362174988,stage3_l_opt,l_opt_current_alpha,0.6394813972358709,0.6539558426119275,0.03241297115323355,0.05,False,False,True,True,0.0007750466465950012,True,not_needed,,,,,0,False,43355,46945
0,2,0.3,0.0,uniform,0,trimmed,0.5,guarded,controlled,5,1,0,16,0.016096687343085822,custom,"{""bfgs"": 0.05661256947241798, ""custom"": 0.018945071171179384}",0.016205832362174988,0.016205832362174988,stage3_l_opt,l_opt_current_alpha,0.6394813972358709,0.6539558426119275,0.03241297115323355,0.05,False,False,True,True,0.0007750466465950012,True,not_needed,,,,,0,False,45830,49955
0,2,0.3,0.0,uniform,0,trimmed,0.5,guarded,controlled,5,1,0,17,0.016096687343085822,custom,"{""bfgs"": 0.05661256947241798, ""custom"": 0.018945071171179384}",0.016205832362174988,0.016205832362174988,stage3_l_opt,l_opt_current_alpha,0.6394813972358709,0.6539558426119275,0.03241297115323355,0.05,False,False,True,True,0.0007750466465950012,True,not_needed,,,,,0,False,48305,52965
0,2,0.3,0.0,uniform,0,trimmed,0.5,guarded,controlled,5,1,0,18,0.016096687343085822,custom,"{""bfgs"": 0.05661256947241798, ""custom"": 0.018945071171179384}",0.016205832362174988,0.016205832362174988,stage3_l_opt,l_opt_current_alpha,0.6394813972358709,0.6539558426119275,0.03241297115323355,0.05,False,False,True,True,0.0007750466465950012,True,not_needed,,,,,0,False,50780,55975
0,2,0.3,0.0,uniform,0,trimmed,0.5,guarded,controlled,5,1,0,19,0.016096687343085822,custom,"{""bfgs"": 0.05661256947241798, ""custom"": 0.018945071171179384}",0.016205832362174988,0.016205832362174988,stage3_l_opt,l_opt_current_alpha,0.6394813972358709,0.6539558426119275,0.03241297115323355,0.05,False,False,True,True,0.0007750466465950012,True,not_needed,,,,,0,False,53255,58985
0,2,0.3,0.0,stage0,0,trimmed,0.5,guarded,controlled,5,1,0,0,0.03530427682276163,custom,"{""bfgs"": 0.050097076977335675, ""custom"": 0.013837960559102476}",0.02548761914173762,0.02548761914173762,stage3_l_opt,l_opt_current_alpha,1.2311434228472489,1.2472173718402229,0.6155717114236244,0.5,False,True,True,False,,True,not_needed,,,,,0,False,745,3030
0,2,0.3,0.0,stage0,0,trimmed,0.5,guarded,controlled,5,1,0,1,0.0429413825154831,custom,"{""bfgs"": 0.05754522330573692, ""custom"": 0.010097609345456119}",0.03274687503774961,0.03274687503774961,stage3_l_opt,l_opt_current_alpha,1.3483913140798884,1.3684282885763757,0.3077858557118122,0.25,False,False,True,True,0.0072592558960119895,True,not_needed,,,,,0,False,1440,7245
0,2,0.3,0.0,stage0,0,trimmed,0.5,guarded,controlled,5,1,0,2,0.03387146753415668,custom,"{""bfgs"": 0.053987163017332876, ""custom"": 0.012370894798189697}",0.023539630075295765,0.023539630075295765,stage3_l_opt,l_opt_current_alpha,1.2272611503473394,1.2531402724756913,0.30681528758683485,0.25,True,True,True,False,-0.0019479890664418562,True,not_needed,,,,,0,False,2065,10910
0,2,0.3,0.0,stage0,0,trimmed,0.5,guarded,controlled,5,1,0,3,0.04362811075189718,custom,"{""bfgs"": 0.013112203323576222, ""custom"": 0.011809343095199086}",0.03361507008473078,0.03361507008473078,stage3_l_opt,l_opt_current_alpha,1.7842445366764297,1.811500868645699,0.15340764379341748,0.125,False,False,True,True,0.010075440009435017,True,not_needed,,,,,0,False,3895,13915
0,2,0.3,0.0,stage0,0,trimmed,0.5,guarded,controlled,5,1,0,4,0.03332666412190166,custom,"{""bfgs"": 0.05699917801796114, ""custom"": 0.012823092536399716}",0.022705741226673126,0.022705741226673126,stage3_l_opt,l_opt_current_alpha,0.6460070492338176,0.6586802961285113,0.08075088115422721,0.125,True,True,True,False,-0.0008338888486226388,True,not_needed,,,,,0,False,4580,17320
0,2,0.3,0.0,stage0,0,trimmed,0.5,guarded,controlled,5,1,0,5,0.0366800731361315,custom,"{""bfgs"": 0.06163453802800875, ""custom"": 0.011810921555565351}",0.026010997593402863,0.026010997593402863,stage3_l_opt,l_opt_current_alpha,1.7820742066014699,1.81407420660147,0.04037544057711363,0.0625,False,False,True,True,0.0033052563667297363,True,not_needed,,,,,0,False,5575,20100
0,2,0.3,0.0,stage0,0,trimmed,0.5,guarded,controlled,5,1,0,6,0.03623443061817713,custom,"{""bfgs"": 0.011869605780071166, ""custom"": 0.011607695403744515}",0.02562449499964714,0.02562449499964714,stage3_l_opt,l_opt_current_alpha,1.7747862066732256,1.8067862066732256,0.03230035246169086,0.05,False,False,True,True,0.0029187537729740143,True,not_needed,,,,,0,False,8250,23490
0,2,0.3,0.0,stage0,0,trimmed,0.5,guarded,controlled,5,1,0,7,0.033432798704347705,custom,"{""bfgs"": 0.058659236271588366, ""custom"": 0.01262387695147244}",0.023071301480134327,0.023071301480134327,stage3_l_opt,l_opt_current_alpha,0.8566423613065774,0.862061841737952,0.03230035246169086,0.05,False,False,True,True,0.00036556025346120083,True,not_needed,,,,,0,False,8730,27075
0,2,0.3,0.0,stage0,0,trimmed,0.5,guarded,controlled,5,1,0,8,0.033432798704347705,custom,"{""bfgs"": 0.058659236271588366, ""custom"": 0.01262387695147244}",0.023071301480134327,0.023071301480134327,stage3_l_opt,l_opt_current_alpha,0.8566423613065774,0.862061841737952,0.03230035246169086,0.05,False,False,True,True,0.00036556025346120083,True,not_needed,,,,,0,False,9210,30660
0,2,0.3,0.0,stage0,0,trimmed,0.5,guarded,controlled,5,1,0,9,0.033432798704347705,custom,"{""bfgs"": 0.058659236271588366, ""custom"": 0.01262387695147244}",0.023071301480134327,0.023071301480134327,stage3_l_opt,l_opt_current_alpha,0.8566423613065774,0.862061841737952,0.03230035246169086,0.05,False,False,True,True,0.00036556025346120083,True,not_needed,,,,,0,False,9690,34245
0,2,0.3,0.0,stage0,0,trimmed,0.5,guarded,controlled,5,1,0,10,0.033432798704347705,custom,"{""bfgs"": 0.058659236271588366, ""custom"": 0.01262387695147244}",0.023071301480134327,0.023071301480134327,stage3_l_opt,l_opt_current_alpha,0.8566423613065774,0.862061841737952,0.03230035246169086,0.05,False,False,True,True,0.00036556025346120083,True,not_needed,,,,,0,False,10170,37830
0,2,0.3,0.0,stage0,0,trimmed,0.5,guarded,controlled,5,1,0,11,0.033432798704347705,custom,"{""bfgs"": 0.058659236271588366, ""custom"": 0.01262387695147244}",0.023071301480134327,0.023071301480134327,stage3_l_opt,l_opt_current_alpha,0.8566423613065774,0.862061841737952,0.03230035246169086,0.05,False,False,True,True,0.00036556025346120083,True,not_needed,,,,,0,False,10650,41415
0,2,0.3,0.0,stage0,0,trimmed,0.5,guarded,controlled,5,1,0,12,0.033432798704347705,custom,"{""bfgs"": 0.058659236271588366, ""custom"": 0.01262387695147244}",0.023071301480134327,0.023071301480134327,stage3_l_opt,l_opt_current_alpha,0.8566423613065774,0.862061841737952,0.03230035246169086,0.05,False,False,True,True,0.00036556025346120083,True,not_needed,,,,,0,False,11130,45000
0,2,0.3,0.0,stage0,0,trimmed,0.5,guarded,controlled,5,1,0,13,0.033432798704347705,custom,"{""bfgs"": 0.058659236271588366, ""custom"": 0.01262387695147244}",0.023071301480134327,0.023071301480134327,stage3_l_opt,l_opt_current_alpha,0.8566423613065774,0.862061841737952,0.03230035246169086,0.05,False,False,True,True,0.00036556025346120083,True,not_needed,,,,,0,False,11610,48585
0,2,0.3,0.0,stage0,0,trimmed,0.5,guarded,controlled,5,1,0,14,0.033432798704347705,custom,"{""bfgs"": 0.058659236271588366, ""custom"": 0.01262387695147244}",0.023071301480134327,0.023071301480134327,stage3_l_opt,l_opt_current_alpha,0.8566423613065774,0.862061841737952,0.03230035246169086,0.05,False,False,True,True,0.00036556025346120083,True,not_needed,,,,,0,False,12090,52170
0,2,0.3,0.0,stage0,0,trimmed,0.5,guarded,controlled,5,1,0,15,0.033432798704347705,custom,"{""bfgs"": 0.058659236271588366, ""custom"": 0.01262387695147244}",0.023071301480134327,0.023071301480134327,stage3_l_opt,l_opt_current_alpha,0.8566423613065774,0.862061841737952,0.03230035246169086,0.05,False,False,True,True,0.00036556025346120083,True,not_needed,,,,,0,False,12570,55755
0,2,0.3,0.0,stage0,0,trimmed,0.5,guarded,controlled,5,1,0,16,0.033432798704347705,custom,"{""bfgs"": 0.058659236271588366, ""custom"": 0.01262387695147244}",0.023071301480134327,0.023071301480134327,stage3_l_opt,l_opt_current_alpha,0.8566423613065774,0.862061841737952,0.03230035246169086,0.05,False,False,True,True,0.00036556025346120083,True,not_needed,,,,,0,False,13050,59340
0,2,0.3,0.0,stage0,0,trimmed,0.5,guarded,controlled,5,1,0,17,0.033432798704347705,custom,"{""bfgs"": 0.058659236271588366, ""custom"": 0.01262387695147244}",0.023071301480134327,0.023071301480134327,stage3_l_opt,l_opt_current_alpha,0.8566423613065774,0.862061841737952,0.03230035246169086,0.05,False,False,True,True,0.00036556025346120083,True,not_needed,,,,,0,False,13530,62925
0,2,0.3,0.0,stage0,0,trimmed,0.5,guarded,controlled,5,1,0,18,0.033432798704347705,custom,"{""bfgs"": 0.058659236271588366, ""custom"": 0.01262387695147244}",0.023071301480134327,0.023071301480134327,stage3_l_opt,l_opt_current_alpha,0.8566423613065774,0.862061841737952,0.03230035246169086,0.05,False,False,True,True,0.00036556025346120083,True,not_needed,,,,,0,False,14010,66510
0,2,0.3,0.0,stage0,0,trimmed,0.5,guarded,controlled,5,1,0,19,0.033432798704347705,custom,"{""bfgs"": 0.058659236271588366, ""custom"": 0.01262387695147244}",0.023071301480134327,0.023071301480134327,stage3_l_opt,l_opt_current_alpha,0.8566423613065774,0.862061841737952,0.03230035246169086,0.05,False,False,True,True,0.00036556025346120083,True,not_needed,,,,,0,False,14490,70095
1,2,0.3,0.0,uniform,0,trimmed,0.5,guarded,controlled,5,1,0,0,0.0024432934588861643,custom,"{""bfgs"": 0.13691198080778122, ""custom"": 0.02472555749118328}",0.017546817660331726,0.017546817660331726,stage3_l_opt,l_opt_current_alpha,1.4943549590345144,1.5248519990148106,0.7471774795172572,0.5,False,True,True,False,,True,not_needed,,,,,0,False,1095,3095
1,2,0.3,0.0,uniform,0,trimmed,0.5,guarded,controlled,5,1,0,1,0.036523882001878755,custom,"{""bfgs"": 0.12958586228292315, ""custom"": 0.02003597248463373}",0.034598611295223236,0.034598611295223236,stage3_l_opt,l_opt_current_alpha,1.5679999999999998,1.5919999999999999,0.37358873975862855,0.25,False,False,True,True,0.01705179363489151,True,not_needed,,,,,0,False,1630,6670
1,2,0.3,0.0,uniform,0,trimmed,0.5,guarded,controlled,5,1,0,2,0.007602795700367648,custom,"{""bfgs"": 0.1332489215453522, ""custom"": 0.021859025914907515}",0.02415734777847926,0.02415734777847926,stage3_l_opt,l_opt_current_alpha,1.666,1.698,0.18679436987931428,0.125,False,False,True,True,0.006610530118147533,True,not_needed,,,,,0,False,2180,10095
1,2,0.3,0.0,uniform,0,trimmed,0.5,guarded,controlled,5,1,0,3,0.008435497681834547,custom,"{""bfgs"": 0.13508045117656672, ""custom"": 0.022457045237416498}",0.01706877537071705,0.01706877537071705,stage3_l_opt,l_opt_current_alpha,0.803226387488455,0.8224308927408585,0.10040329843605686,0.125,True,True,True,False,-0.00047804228961467743,True,not_needed,,,,,0,False,2705,12940
1,2,0.3,0.0,uniform,0,trimmed,0.5,guarded,controlled,5,1,0,4,0.0064708495310740605,custom,"{""bfgs"": 0.13729260396102883, ""custom"": 0.02095189707757071}",0.015477741758028666,0.015477741758028666,stage3_l_opt,l_opt_current_alpha,1.0164676159515413,1.0414811544444094,0.12705845199394267,0.125,True,True,True,False,-0.001591033612688383,True,not_needed,,,,,0,False,3365,18960
1,2,0.3,0.0,uniform,0,trimmed,0.5,guarded,controlled,5,1,0,5,0.006232791632557119,custom,"{""bfgs"": 0.13517734530339723, ""custom"": 0.02080297631398704}",0.01510435901582241,0.01510435901582241,stage3_l_opt,l_opt_current_alpha,0.5577737730539691,0.5755743345042936,0.06972172163174614,0.125,True,True,True,False,-0.000373382742206255,True,not_needed,,,,,0,False,3820,22620
1,2,0.3,0.0,uniform,0,trimmed,0.5,guarded,controlled,5,1,0,6,0.010594325842803745,custom,"{""bfgs"": 0.1373353696904963, ""custom"": 0.019517196074446796}",0.019841743012269337,0.019841743012269337,stage3_l_opt,l_opt_current_alpha,0.791824540356334,0.815824540356334,0.034860860815873085,0.0625,False,False,True,True,0.004737383996446926,True,not_needed,,,,,0,False,4470,26115
1,2,0.3,0.0,uniform,0,trimmed,0.5,guarded,controlled,5,1,0,7,0.008028242210096431,custom,"{""bfgs"": 0.13625635749694676, ""custom"": 0.02047184443877837}",0.017444853981335957,0.017444853981335957,stage3_l_opt,l_opt_current_alpha,0.8266854011722071,0.850685401172207,0.027888688652698446,0.05,False,False,True,True,0.002340494965513546,True,not_needed,,,,,0,False,4975,30020
1,2,0.3,0.0,uniform,0,trimmed,0.5,guarded,controlled,5,1,0,8,0.007924167792370568,custom,"{""bfgs"": 0.13604055505823687, ""custom"": 0.020775228951714284}",0.016608197862903278,0.016608197862903278,stage3_l_opt,l_opt_current_alpha,0.760028343394401,0.7825257060486667,0.027888688652698446,0.05,False,False,True,True,0.0015038388470808677,True,not_needed,,,,,0,False,5645,33200
1,2,0.3,0.0,uniform,0,trimmed,0.5,guarded,controlled,5,1,0,9,0.007924167792370568,custom,"{""bfgs"": 0.13604055505823687, ""custom"": 0.020775228951714284}",0.016608197862903278,0.016608197862903278,stage3_l_opt,l_opt_current_alpha,0.760028343394401,0.7825257060486667,0.027888688652698446,0.05,False,False,True,True,0.0015038388470808677,True,not_needed,,,,,0,False,6315,36380
1,2,0.3,0.0,uniform,0,trimmed,0.5,guarded,controlled,5,1,0,10,0.007924167792370568,custom,"{""bfgs"": 0.13604055505823687, ""custom"": 0.020775228951714284}",0.016608197862903278,0.016608197862903278,stage3_l_opt,l_opt_current_alpha,0.760028343394401,0.7825257060486667,0.027888688652698446,0.05,False,False,True,True,0.0015038388470808677,True,not_needed,,,,,0,False,6985,39560
1,2,0.3,0.0,uniform,0,trimmed,0.5,guarded,controlled,5,1,0,11,0.007924167792370568,custom,"{""bfgs"": 0.13604055505823687, ""custom"": 0.020775228951714284}",0.016608197862903278,0.016608197862903278,stage3_l_opt,l_opt_current_alpha,0.760028343394401,0.7825257060486667,0.027888688652698446,0.05,False,False,True,True,0.0015038388470808677,True,not_needed,,,,,0,False,7655,42740
1,2,0.3,0.0,uniform,0,trimmed,0.5,guarded,controlled,5,1,0,12,0.007924167792370568,custom,"{""bfgs"": 0.13604055505823687, ""custom"": 0.020775228951714284}",0.016608197862903278,0.016608197862903278,stage3_l_opt,l_opt_current_alpha,0.760028343394401,0.7825257060486667,0.027888688652698446,0.05,False,False,True,True,0.0015038388470808677,True,not_needed,,,,,0,False,8325,45920
1,2,0.3,0.0,uniform,0,trimmed,0.5,guarded,controlled,5,1,0,13,0.007924167792370568,custom,"{""bfgs"": 0.13604055505823687, ""custom"": 0.020775228951714284}",0.016608197862903278,0.016608197862903278,stage3_l_opt,l_opt_current_alpha,0.760028343394401,0.7825257060486667,0.027888688652698446,0.05,False,False,True,True,0.0015038388470808677,True,not_needed,,,,,0,False,8995,49100
1,2,0.3,0.0,uniform,0,trimmed,0.5,guarded,controlled,5,1,0,14,0.007924167792370568,custom,"{""bfgs"": 0.13604055505823687, ""custom"": 0.020775228951714284}",0.016608197862903278,0.016608197862903278,stage3_l_opt,l_opt_current_alpha,0.760028343394401,0.7825257060486667,0.027888688652698446,0.05,False,False,True,True,0.0015038388470808677,True,not_needed,,,,,0,False,9665,52280
1,2,0.3,0.0,uniform,0,trimmed,0.5,guarded,controlled,5,1,0,15,0.007924167792370568,custom,"{""bfgs"": 0.13604055505823687, ""custom"": 0.020775228951714284}",0.016608197862903278,0.016608197862903278,stage3_l_opt,l_opt_current_alpha,0.760028343394401,0.7825257060486667,0.027888688652698446,0.05,False,False,True,True,0.0015038388470808677,True,not_needed,,,,,0,False,10335,55460
1,2,0.3,0.0,uniform,0,trimmed,0.5,guarded,controlled,5,1,0,16,0.007924167792370568,custom,"{""bfgs"": 0.13604055505823687, ""custom"": 0.020775228951714284}",0.016608197862903278,0.016608197862903278,stage3_l_opt,l_opt_current_alpha,0.760028343394401,0.7825257060486667,0.027888688652698446,0.05,False,False,True,True,0.0015038388470808677,True,not_needed,,,,,0,False,11005,58640
1,2,0.3,0.0,uniform,0,trimmed,0.5,guarded,controlled,5,1,0,17,0.007924167792370568,custom,"{""bfgs"": 0.13604055505823687, ""custom"": 0.020775228951714284}",0.016608197862903278,0.016608197862903278,stage3_l_opt,l_opt_current_alpha,0.760028343394401,0.7825257060486667,0.027888688652698446,0.05,False,False,True,True,0.0015038388470808677,True,not_needed,,,,,0,False,11675,61820
1,2,0.3,0.0,uniform,0,trimmed,0.5,guarded,controlled,5,1,0,18,0.007924167792370568,custom,"{""bfgs"": 0.13604055505823687, ""custom"": 0.020775228951714284}",0.016608197862903278,0.016608197862903278,stage3_l_opt,l_opt_current_alpha,0.760028343394401,0.7825257060486667,0.027888688652698446,0.05,False,False,True,True,0.0015038388470808677,True,not_needed,,,,,0,False,12345,65000
1,2,0.3,0.0,uniform,0,trimmed,0.5,guarded,controlled,5,1,0,19,0.007924167792370568,custom,"{""bfgs"": 0.13604055505823687, ""custom"": 0.020775228951714284}",0.016608197862903278,0.016608197862903278,stage3_l_opt,l_opt_current_alpha,0.760028343394401,0.7825257060486667,0.027888688652698446,0.05,False,False,True,True,0.0015038388470808677,True,not_needed,,,,,0,False,13015,68180
1,2,0.3,0.0,stage0,0,trimmed,0.5,guarded,controlled,5,1,0,0,0.009030469664017021,custom,"{""bfgs"": 0.10754621298912878, ""custom"": 0.010589081510464289}",0.02370322309434414,0.02370322309434414,stage3_l_opt,l_opt_current_alpha,1.255975942092013,1.2666055491086057,0.6279879710460063,0.5,False,True,True,False,,True,not_needed,,,,,0,False,435,3145
1,2,0.3,0.0,stage0,0,trimmed,0.5,guarded,controlled,5,1,0,1,0.006196441556693411,bfgs,"{""bfgs"": 0.013571420482624604, ""custom"": 0.013571420482624604}",0.01506632131834825,0.01506632131834825,stage3_l_opt,l_opt_current_alpha,0.5331084415604231,0.5418017316487386,0.26655422078021157,0.5,True,True,True,False,-0.00863690177599589,True,recovered_informative,2,0.02130088221917504,0.013571420482624604,0.007729461736550435,1,True,1040,10455
1,2,0.3,0.0,stage0,0,trimmed,0.5,guarded,controlled,5,1,0,2,0.006786750574053452,custom,"{""bfgs"": 0.13793271066109258, ""custom"": 0.015707739953627967}",0.015621208275357882,0.015621208275357882,stage3_l_opt,l_opt_current_alpha,0.5327879980549461,0.5518050070555722,0.13327711039010587,0.25,False,False,True,True,0.0005548869570096322,True,not_needed,,,,,0,False,2140,15575
1,2,0.3,0.0,stage0,0,trimmed,0.5,guarded,controlled,5,1,0,3,0.006240882867118269,bfgs,"{""bfgs"": 0.014512040765756412, ""custom"": 0.014512040765756412}",0.015154493351777395,0.015154493351777395,stage3_l_opt,l_opt_current_alpha,0.7122428998399848,0.732608943577447,0.17806072495999614,0.25,True,True,True,False,8.817203342914581e-05,True,recovered_informative,1,0.023263946929273735,0.014512040765756412,0.008751906163517323,1,True,2860,22085
1,2,0.3,0.0,stage0,0,trimmed,0.5,guarded,controlled,5,1,0,4,0.007715716445146015,custom,"{""bfgs"": 0.14082506385510726, ""custom"": 0.021915105544965452}",0.019026773671309154,0.019026773671309154,stage3_l_opt,l_opt_current_alpha,0.7122460317443426,0.7362460317443427,0.08903036247999804,0.125,False,False,True,True,0.003872280319531759,True,not_needed,,,,,0,False,3970,26930
1,2,0.3,0.0,stage0,0,trimmed,0.5,guarded,controlled,5,1,0,5,0.006934167077533221,custom,"{""bfgs"": 0.1376098330275205, ""custom"": 0.014268520509508156}",0.016098156571388245,0.016098156571388245,stage3_l_opt,l_opt_current_alpha,0.7021841026077534,0.7241618109421086,0.04451518123999905,0.0625,False,False,True,True,0.0009436632196108494,True,not_needed,,,,,0,False,4765,29710
1,2,0.3,0.0,stage0,0,trimmed,0.5,guarded,controlled,5,1,0,6,0.006198745661629035,bfgs,"{""bfgs"": 0.014199346630706364, ""custom"": 0.014199346630706364}",0.0150670042882363,0.0150670042882363,stage3_l_opt,l_opt_current_alpha,0.5988657521432624,0.6178264496265058,0.03742910950895385,0.0625,True,True,True,False,-8.748906354109562e-05,True,recovered_informative,2,0.023599102530111434,0.014199346630706364,0.00939975589940507,1,True,5595,35850
1,2,0.3,0.0,stage0,0,trimmed,0.5,guarded,controlled,5,1,0,7,0.010590581929865464,custom,"{""bfgs"": 0.13743467459020686, ""custom"": 0.015617564466402372}",0.019998560349146526,0.019998560349146526,stage3_l_opt,l_opt_current_alpha,1.2970123634746011,1.3290123634746012,0.029943287607163152,0.05,False,False,True,True,0.004931556060910227,True,not_needed,,,,,0,False,6290,41780
1,2,0.3,0.0,stage0,0,trimmed,0.5,guarded,controlled,5,1,0,8,0.0061965123259557775,custom,"{""bfgs"": 0.1371481831949109, ""custom"": 0.014197078729587302}",0.015074109037717184,0.015074109037717184,stage3_l_opt,l_opt_current_alpha,0.701892743282025,0.7235671199233483,0.03509463716410127,0.05,True,True,True,False,7.104749480884437e-06,True,not_needed,,,,,0,False,7310,46330
1,2,0.3,0.0,stage0,0,trimmed,0.5,guarded,controlled,5,1,0,9,0.006209351433347762,custom,"{""bfgs"": 0.13835860562406513, ""custom"": 0.014247242144580168}",0.015083877369761467,0.015083877369761467,stage3_l_opt,l_opt_current_alpha,0.6573793523499389,0.67337036396343,0.032868967617496955,0.05,True,True,True,False,9.76833204428297e-06,True,not_needed,,,,,0,False,8360,50175
1,2,0.3,0.0,stage0,0,trimmed,0.5,guarded,controlled,5,1,0,10,0.0011447666675624968,custom,"{""bfgs"": 0.13957869351286145, ""custom"": 0.020318169044451807}",0.016677652796109516,0.016677652796109516,stage3_l_opt,l_opt_current_alpha,0.7497241536259728,0.7737241536259727,0.032868967617496955,0.05,False,False,True,True,0.0015937754263480493,True,not_needed,,,,,0,False,9440,53845
1,2,0.3,0.0,stage0,0,trimmed,0.5,guarded,controlled,5,1,0,11,0.0011447666675624968,custom,"{""bfgs"": 0.13957869351286145, ""custom"": 0.020318169044451807}",0.016677652796109516,0.016677652796109516,stage3_l_opt,l_opt_current_alpha,0.7497241536259728,0.7737241536259727,0.032868967617496955,0.05,False,False,True,True,0.0015937754263480493,True,not_needed,,,,,0,False,10520,57515
1,2,0.3,0.0,stage0,0,trimmed,0.5,guarded,controlled,5,1,0,12,0.0011447666675624968,custom,"{""bfgs"": 0.13957869351286145, ""custom"": 0.020318169044451807}",0.016677652796109516,0.016677652796109516,stage3_l_opt,l_opt_current_alpha,0.7497241536259728,0.7737241536259727,0.032868967617496955,0.05,False,False,True,True,0.0015937754263480493,True,not_needed,,,,,0,False,11600,61185
1,2,0.3,0.0,stage0,0,trimmed,0.5,guarded,controlled,5,1,0,13,0.0011447666675624968,custom,"{""bfgs"": 0.13957869351286145, ""custom"": 0.020318169044451807}",0.016677652796109516,0.016677652796109516,stage3_l_opt,l_opt_current_alpha,0.7497241536259728,0.7737241536259727,0.032868967617496955,0.05,False,False,True,True,0.0015937754263480493,True,not_needed,,,,,0,False,12680,64855
1,2,0.3,0.0,stage0,0,trimmed,0.5,guarded,controlled,5,1,0,14,0.0011447666675624968,custom,"{""bfgs"": 0.13957869351286145, ""custom"": 0.020318169044451807}",0.016677652796109516,0.016677652796109516,stage3_l_opt,l_opt_current_alpha,0.7497241536259728,0.7737241536259727,0.032868967617496955,0.05,False,False,True,True,0.0015937754263480493,True,not_needed,,,,,0,False,13760,68525
1,2,0.3,0.0,stage0,0,trimmed,0.5,guarded,controlled,5,1,0,15,0.0011447666675624968,custom,"{""bfgs"": 0.13957869351286145, ""custom"": 0.020318169044451807}",0.016677652796109516,0.016677652796109516,stage3_l_opt,l_opt_current_alpha,0.7497241536259728,0.7737241536259727,0.032868967617496955,0.05,False,False,True,True,0.0015937754263480493,True,not_needed,,,,,0,False,14840,72195
1,2,0.3,0.0,stage0,0,trimmed,0.5,guarded,controlled,5,1,0,16,0.0011447666675624968,custom,"{""bfgs"": 0.13957869351286145, ""custom"": 0.020318169044451807}",0.016677652796109516,0.016677652796109516,stage3_l_opt,l_opt_current_alpha,0.7497241536259728,0.7737241536259727,0.032868967617496955,0.05,False,False,True,True,0.0015937754263480493,True,not_needed,,,,,0,False,15920,75865
1,2,0.3,0.0,stage0,0,trimmed,0.5,guarded,controlled,5,1,0,17,0.0011447666675624968,custom,"{""bfgs"": 0.13957869351286145, ""custom"": 0.020318169044451807}",0.016677652796109516,0.016677652796109516,stage3_l_opt,l_opt_current_alpha,0.7497241536259728,0.7737241536259727,0.032868967617496955,0.05,False,False,True,True,0.0015937754263480493,True,not_needed,,,,,0,False,17000,79535
1,2,0.3,0.0,stage0,0,trimmed,0.5,guarded,controlled,5,1,0,18,0.0011447666675624968,custom,"{""bfgs"": 0.13957869351286145, ""custom"": 0.020318169044451807}",0.016677652796109516,0.016677652796109516,stage3_l_opt,l_opt_current_alpha,0.7497241536259728,0.7737241536259727,0.032868967617496955,0.05,False,False,True,True,0.0015937754263480493,True,not_needed,,,,,0,False,18080,83205
1,2,0.3,0.0,stage0,0,trimmed,0.5,guarded,controlled,5,1,0,19,0.0011447666675624968,custom,"{""bfgs"": 0.13957869351286145, ""custom"": 0.020318169044451807}",0.016677652796109516,0.016677652796109516,stage3_l_opt,l_opt_current_alpha,0.7497241536259728,0.7737241536259727,0.032868967617496955,0.05,False,False,True,True,0.0015937754263480493,True,not_needed,,,,,0,False,19160,86875
1,2,0.3,0.0,stage0,0,trimmed,0.5,guarded,controlled,5,1,1,0,0.024792037238235587,custom,"{""bfgs"": 0.11332068354089594, ""custom"": 0.012959050078317644}",0.05183391273021698,0.05183391273021698,stage3_l_opt,l_opt_current_alpha,1.969953879534979,1.9999538795349792,0.9849769397674895,0.5,False,True,True,False,,True,not_needed,,,,,0,False,336,3136
1,2,0.3,0.0,stage0,0,trimmed,0.5,guarded,controlled,5,1,1,1,0.007240858302856784,custom,"{""bfgs"": 0.1828064693334179, ""custom"": 0.013535502095909976}",0.02481769910082221,0.02481769910082221,stage3_l_opt,l_opt_current_alpha,1.0646249604796558,1.0908124879062076,0.532312480239828,0.5,True,True,True,False,-0.02701621362939477,True,not_needed,,,,,0,False,764,6552
1,2,0.3,0.0,stage0,0,trimmed,0.5,guarded,controlled,5,1,1,2,0.002778198733793707,custom,"{""bfgs"": 0.15063937216019163, ""custom"": 0.010648096094228983}",0.023838736582547426,0.023838736582547426,stage3_l_opt,l_opt_current_alpha,0.5461553531792889,0.57262538821685,0.2730776765896445,0.5,True,True,True,False,-0.000978962518274784,True,not_needed,,,,,0,False,1188,10896
1,2,0.3,0.0,stage0,0,trimmed,0.5,guarded,controlled,5,1,1,3,0.018990748345068788,custom,"{""bfgs"": 0.13383275573806547, ""custom"": 0.010142543010336466}",0.039743561297655106,0.039743561297655106,stage3_l_opt,l_opt_current_alpha,1.5583859631050796,1.5878157166219034,0.13653883829482227,0.25,False,False,True,True,0.01590482471510768,True,not_needed,,,,,0,False,1432,14028
1,2,0.3,0.0,stage0,0,trimmed,0.5,guarded,controlled,5,1,1,4,0.002767487474636468,custom,"{""bfgs"": 0.14223606394912852, ""custom"": 0.011898124363042396}",0.0237781316973269,0.0237781316973269,stage3_l_opt,l_opt_current_alpha,0.19388252511594617,0.19758001611203713,0.048470631278986556,0.25,True,True,True,False,-6.060488522052765e-05,True,not_needed,,,,,0,False,1708,17212
1,2,0.3,0.0,stage0,0,trimmed,0.5,guarded,controlled,5,1,1,5,0.0027661671492465604,custom,"{""bfgs"": 0.14561237534770438, ""custom"": 0.011476858481464205}",0.02377883205190301,0.02377883205190301,stage3_l_opt,l_opt_current_alpha,0.43628930310416925,0.4625931054264418,0.10907232577604237,0.25,True,True,True,False,7.003545761108398e-07,True,not_needed,,,,,0,False,1924,20296
1,2,0.3,0.0,stage0,0,trimmed,0.5,guarded,controlled,5,1,1,6,0.012577081298422825,custom,"{""bfgs"": 0.1385386863266257, ""custom"": 0.007284406807762453}",0.03286846308037639,0.03286846308037639,stage3_l_opt,l_opt_current_alpha,1.4265504267285691,1.4458669382650235,0.0545361628880212,0.125,False,False,True,True,0.009089631028473377,True,not_needed,,,,,0,False,2184,22760
1,2,0.3,0.0,stage0,0,trimmed,0.5,guarded,controlled,5,1,1,7,0.002739247022271704,custom,"{""bfgs"": 0.14207553083716504, ""custom"": 0.011680948696323218}",0.023787118028849363,0.023787118028849363,stage3_l_opt,l_opt_current_alpha,0.3371816265669337,0.3625758061616711,0.04214770332086665,0.125,True,True,True,False,8.285976946353912e-06,True,not_needed,,,,,0,False,2416,26132
1,2,0.3,0.0,stage0,0,trimmed,0.5,guarded,controlled,5,1,1,8,0.0035065724791795293,custom,"{""bfgs"": 0.1393438219287588, ""custom"": 0.010423156667151259}",0.02465740079060197,0.02465740079060197,stage3_l_opt,l_opt_current_alpha,1.0213976655660004,1.0326950195762818,0.021073851660433324,0.0625,False,False,True,True,0.0008702827617526054,True,not_needed,,,,,0,False,3124,30260
1,2,0.3,0.0,stage0,0,trimmed,0.5,guarded,controlled,5,1,1,9,0.0027522418554039216,custom,"{""bfgs"": 0.14070967638296192, ""custom"": 0.011677945872775812}",0.023803720716387033,0.023803720716387033,stage3_l_opt,l_opt_current_alpha,0.27573066396894425,0.3003008208914867,0.017233166498059053,0.0625,True,True,True,False,1.6602687537670135e-05,True,not_needed,,,,,0,False,3384,33456
1,2,0.3,0.0,stage0,0,trimmed,0.5,guarded,controlled,5,1,1,10,0.0028054428128504467,custom,"{""bfgs"": 0.1396394552895302, ""custom"": 0.01039299899355167}",0.023995339404791594,0.023995339404791594,stage3_l_opt,l_opt_current_alpha,0.9134925274149851,0.9226653384304031,0.013786533198447245,0.05,False,False,True,True,0.0001916186884045601,True,not_needed,,,,,0,False,4104,36968
1,2,0.3,0.0,stage0,0,trimmed,0.5,guarded,controlled,5,1,1,11,0.002505803473711569,custom,"{""bfgs"": 0.13985349950821652, ""custom"": 0.008949300288562539}",0.023589252959936857,0.023589252959936857,stage3_l_opt,l_opt_current_alpha,1.0599373145124336,1.0630907278294552,0.05299686572562161,0.05,True,True,True,False,-0.00021446775645017624,True,not_needed,,,,,0,False,4692,39728
1,2,0.3,0.0,stage0,0,trimmed,0.5,guarded,controlled,5,1,1,12,0.002594568959318537,custom,"{""bfgs"": 0.1395280601866734, ""custom"": 0.008729461264179353}",0.02358070993795991,0.02358070993795991,stage3_l_opt,l_opt_current_alpha,0.14368392951303738,0.15524795658253698,0.007184196475651869,0.05,True,True,True,False,-8.543021976947784e-06,True,not_needed,,,,,0,False,5096,41524
1,2,0.3,0.0,stage0,0,trimmed,0.5,guarded,controlled,5,1,1,13,0.008811477853311265,custom,"{""bfgs"": 0.13922691352126979, ""custom"": 0.007921612234469196}",0.029204273130744696,0.029204273130744696,stage3_l_opt,l_opt_current_alpha,0.5614149270674783,0.5914149270674783,0.007184196475651869,0.05,False,False,True,True,0.005623563192784786,True,not_needed,,,,,0,False,5764,45944
1,2,0.3,0.0,stage0,0,trimmed,0.5,guarded,controlled,5,1,1,14,0.008811477853311265,custom,"{""bfgs"": 0.13922691352126979, ""custom"": 0.007921612234469196}",0.029204273130744696,0.029204273130744696,stage3_l_opt,l_opt_current_alpha,0.5614149270674783,0.5914149270674783,0.007184196475651869,0.05,False,False,True,True,0.005623563192784786,True,not_needed,,,,,0,False,6432,50364
1,2,0.3,0.0,stage0,0,trimmed,0.5,guarded,controlled,5,1,1,15,0.008811477853311265,custom,"{""bfgs"": 0.13922691352126979, ""custom"": 0.007921612234469196}",0.029204273130744696,0.029204273130744696,stage3_l_opt,l_opt_current_alpha,0.5614149270674783,0.5914149270674783,0.007184196475651869,0.05,False,False,True,True,0.005623563192784786,True,not_needed,,,,,0,False,7100,54784
1,2,0.3,0.0,stage0,0,trimmed,0.5,guarded,controlled,5,1,1,16,0.008811477853311265,custom,"{""bfgs"": 0.13922691352126979, ""custom"": 0.007921612234469196}",0.029204273130744696,0.029204273130744696,stage3_l_opt,l_opt_current_alpha,0.5614149270674783,0.5914149270674783,0.007184196475651869,0.05,False,False,True,True,0.005623563192784786,True,not_needed,,,,,0,False,7768,59204
1,2,0.3,0.0,stage0,0,trimmed,0.5,guarded,controlled,5,1,1,17,0.008811477853311265,custom,"{""bfgs"": 0.13922691352126979, ""custom"": 0.007921612234469196}",0.029204273130744696,0.029204273130744696,stage3_l_opt,l_opt_current_alpha,0.5614149270674783,0.5914149270674783,0.007184196475651869,0.05,False,False,True,True,0.005623563192784786,True,not_needed,,,,,0,False,8436,63624
1,2,0.3,0.0,stage0,0,trimmed,0.5,guarded,controlled,5,1,1,18,0.008811477853311265,custom,"{""bfgs"": 0.13922691352126979, ""custom"": 0.007921612234469196}",0.029204273130744696,0.029204273130744696,stage3_l_opt,l_opt_current_alpha,0.5614149270674783,0.5914149270674783,0.007184196475651869,0.05,False,False,True,True,0.005623563192784786,True,not_needed,,,,,0,False,9104,68044
1,2,0.3,0.0,stage0,0,trimmed,0.5,guarded,controlled,5,1,1,19,0.008811477853311265,custom,"{""bfgs"": 0.13922691352126979, ""custom"": 0.007921612234469196}",0.029204273130744696,0.029204273130744696,stage3_l_opt,l_opt_current_alpha,0.5614149270674783,0.5914149270674783,0.007184196475651869,0.05,False,False,True,True,0.005623563192784786,True,not_needed,,,,,0,False,9772,72464
2,2,0.3,0.0,uniform,0,trimmed,0.5,guarded,controlled,5,1,0,0,0.01474399070546405,bfgs,"{""bfgs"": 0.011452144384384157, ""custom"": 0.011454376578330995}",0.0074276601274808245,0.0074276601274808245,stage3_l_opt,l_opt_current_alpha,0.5887535940265876,0.6007689734965179,0.2943767970132937,0.5,False,True,True,False,,True,recovered_informative,3,0.013520945608615876,0.011454376578330995,0.0020665690302848812,1,True,5290,17280
2,2,0.3,0.0,uniform,0,trimmed,0.5,guarded,controlled,5,1,0,1,0.0108061072053778,custom,"{""bfgs"": 0.07021890203992476, ""custom"": 0.011196642303864301}",0.009725391864776611,0.009725391864776611,stage3_l_opt,l_opt_current_alpha,1.162839632022303,1.1859800601528465,0.14718839850664686,0.25,False,False,True,True,0.002297731737295787,True,not_needed,,,,,0,False,5620,27085
2,2,0.3,0.0,uniform,0,trimmed,0.5,guarded,controlled,5,1,0,2,0.01197657409421509,custom,"{""bfgs"": 0.05774402067708509, ""custom"": 0.01191723875187082}",0.009405491252740225,0.009405491252740225,stage3_l_opt,l_opt_current_alpha,1.4007452593321845,1.4290364008121714,0.07359419925332344,0.125,False,False,True,True,0.0019778311252594003,True,not_needed,,,,,0,False,7240,35900
2,2,0.3,0.0,uniform,0,trimmed,0.5,guarded,controlled,5,1,0,3,0.010134403040865728,custom,"{""bfgs"": 0.09903009127932497, ""custom"": 0.013167817135775911}",0.009909999867280325,0.009909999867280325,stage3_l_opt,l_opt_current_alpha,1.519396072108033,1.551396072108033,0.03679709962666172,0.0625,False,False,True,True,0.0024823397397995004,True,not_needed,,,,,0,False,7840,45235
2,2,0.3,0.0,uniform,0,trimmed,0.5,guarded,controlled,5,1,0,4,0.014626698374293735,bfgs,"{""bfgs"": 0.011188244116746907, ""custom"": 0.01119200627718919}",0.007525714735190074,0.007525714735190074,stage3_l_opt,l_opt_current_alpha,0.7125129999797852,0.7277311687125045,0.04453206249873662,0.0625,True,True,True,False,9.805460770924944e-05,True,recovered_informative,3,0.01369075458738879,0.01119200627718919,0.0024987483101996007,1,True,15225,65835
2,2,0.3,0.0,uniform,0,trimmed,0.5,guarded,controlled,5,1,0,5,0.009531219616621664,custom,"{""bfgs"": 0.06177588267751655, ""custom"": 0.013200941545129501}",0.010168738663196564,0.010168738663196564,stage3_l_opt,l_opt_current_alpha,1.0462143439815794,1.0684040196177065,0.03562564999898926,0.05,False,False,True,True,0.0026430239280064898,True,not_needed,,,,,0,False,17185,75340
2,2,0.3,0.0,uniform,0,trimmed,0.5,guarded,controlled,5,1,0,6,0.010219527815643767,custom,"{""bfgs"": 0.051538571034293365, ""custom"": 0.013033757023302422}",0.009873971343040466,0.009873971343040466,stage3_l_opt,l_opt_current_alpha,1.216839363296613,1.2424427013749137,0.03562564999898926,0.05,False,False,True,True,0.0023482566078503924,True,not_needed,,,,,0,False,18115,83950
2,2,0.3,0.0,uniform,0,trimmed,0.5,guarded,controlled,5,1,0,7,0.010219527815643767,custom,"{""bfgs"": 0.051538571034293365, ""custom"": 0.013033757023302422}",0.009873971343040466,0.009873971343040466,stage3_l_opt,l_opt_current_alpha,1.216839363296613,1.2424427013749137,0.03562564999898926,0.05,False,False,True,True,0.0023482566078503924,True,not_needed,,,,,0,False,19045,92560
2,2,0.3,0.0,uniform,0,trimmed,0.5,guarded,controlled,5,1,0,8,0.010219527815643767,custom,"{""bfgs"": 0.051538571034293365, ""custom"": 0.013033757023302422}",0.009873971343040466,0.009873971343040466,stage3_l_opt,l_opt_current_alpha,1.216839363296613,1.2424427013749137,0.03562564999898926,0.05,False,False,True,True,0.0023482566078503924,True,not_needed,,,,,0,False,19975,101170
2,2,0.3,0.0,uniform,0,trimmed,0.5,guarded,controlled,5,1,0,9,0.010219527815643767,custom,"{""bfgs"": 0.051538571034293365, ""custom"": 0.013033757023302422}",0.009873971343040466,0.009873971343040466,stage3_l_opt,l_opt_current_alpha,1.216839363296613,1.2424427013749137,0.03562564999898926,0.05,False,False,True,True,0.0023482566078503924,True,not_needed,,,,,0,False,20905,109780
2,2,0.3,0.0,uniform,0,trimmed,0.5,guarded,controlled,5,1,0,10,0.010219527815643767,custom,"{""bfgs"": 0.051538571034293365, ""custom"": 0.013033757023302422}",0.009873971343040466,0.009873971343040466,stage3_l_opt,l_opt_current_alpha,1.216839363296613,1.2424427013749137,0.03562564999898926,0.05,False,False,True,True,0.0023482566078503924,True,not_needed,,,,,0,False,21835,118390
2,2,0.3,0.0,uniform,0,trimmed,0.5,guarded,controlled,5,1,0,11,0.010219527815643767,custom,"{""bfgs"": 0.051538571034293365, ""custom"": 0.013033757023302422}",0.009873971343040466,0.009873971343040466,stage3_l_opt,l_opt_current_alpha,1.216839363296613,1.2424427013749137,0.03562564999898926,0.05,False,False,True,True,0.0023482566078503924,True,not_needed,,,,,0,False,22765,127000
2,2,0.3,0.0,uniform,0,trimmed,0.5,guarded,controlled,5,1,0,12,0.010219527815643767,custom,"{""bfgs"": 0.051538571034293365, ""custom"": 0.013033757023302422}",0.009873971343040466,0.009873971343040466,stage3_l_opt,l_opt_current_alpha,1.216839363296613,1.2424427013749137,0.03562564999898926,0.05,False,False,True,True,0.0023482566078503924,True,not_needed,,,,,0,False,23695,135610
2,2,0.3,0.0,uniform,0,trimmed,0.5,guarded,controlled,5,1,0,13,0.010219527815643767,custom,"{""bfgs"": 0.051538571034293365, ""custom"": 0.013033757023302422}",0.009873971343040466,0.009873971343040466,stage3_l_opt,l_opt_current_alpha,1.216839363296613,1.2424427013749137,0.03562564999898926,0.05,False,False,True,True,0.0023482566078503924,True,not_needed,,,,,0,False,24625,144220
2,2,0.3,0.0,uniform,0,trimmed,0.5,guarded,controlled,5,1,0,14,0.010219527815643767,custom,"{""bfgs"": 0.051538571034293365, ""custom"": 0.013033757023302422}",0.009873971343040466,0.009873971343040466,stage3_l_opt,l_opt_current_alpha,1.216839363296613,1.2424427013749137,0.03562564999898926,0.05,False,False,True,True,0.0023482566078503924,True,not_needed,,,,,0,False,25555,152830
2,2,0.3,0.0,uniform,0,trimmed,0.5,guarded,controlled,5,1,0,15,0.010219527815643767,custom,"{""bfgs"": 0.051538571034293365, ""custom"": 0.013033757023302422}",0.009873971343040466,0.009873971343040466,stage3_l_opt,l_opt_current_alpha,1.216839363296613,1.2424427013749137,0.03562564999898926,0.05,False,False,True,True,0.0023482566078503924,True,not_needed,,,,,0,False,26485,161440
2,2,0.3,0.0,uniform,0,trimmed,0.5,guarded,controlled,5,1,0,16,0.010219527815643767,custom,"{""bfgs"": 0.051538571034293365, ""custom"": 0.013033757023302422}",0.009873971343040466,0.009873971343040466,stage3_l_opt,l_opt_current_alpha,1.216839363296613,1.2424427013749137,0.03562564999898926,0.05,False,False,True,True,0.0023482566078503924,True,not_needed,,,,,0,False,27415,170050
2,2,0.3,0.0,uniform,0,trimmed,0.5,guarded,controlled,5,1,0,17,0.010219527815643767,custom,"{""bfgs"": 0.051538571034293365, ""custom"": 0.013033757023302422}",0.009873971343040466,0.009873971343040466,stage3_l_opt,l_opt_current_alpha,1.216839363296613,1.2424427013749137,0.03562564999898926,0.05,False,False,True,True,0.0023482566078503924,True,not_needed,,,,,0,False,28345,178660
2,2,0.3,0.0,uniform,0,trimmed,0.5,guarded,controlled,5,1,0,18,0.010219527815643767,custom,"{""bfgs"": 0.051538571034293365, ""custom"": 0.013033757023302422}",0.009873971343040466,0.009873971343040466,stage3_l_opt,l_opt_current_alpha,1.216839363296613,1.2424427013749137,0.03562564999898926,0.05,False,False,True,True,0.0023482566078503924,True,not_needed,,,,,0,False,29275,187270
2,2,0.3,0.0,uniform,0,trimmed,0.5,guarded,controlled,5,1,0,19,0.010219527815643767,custom,"{""bfgs"": 0.051538571034293365, ""custom"": 0.013033757023302422}",0.009873971343040466,0.009873971343040466,stage3_l_opt,l_opt_current_alpha,1.216839363296613,1.2424427013749137,0.03562564999898926,0.05,False,False,True,True,0.0023482566078503924,True,not_needed,,,,,0,False,30205,195880
2,2,0.3,0.0,uniform,0,trimmed,0.5,guarded,controlled,5,1,1,0,0.014680195329360171,custom,"{""bfgs"": 0.12927564792335033, ""custom"": 0.011253807693719864}",0.011253807693719864,0.011253807693719864,stage3_l_opt,l_opt_current_alpha,0.5828212506853436,0.59471556192382,0.2914106253426718,0.5,False,True,True,False,,True,not_needed,,,,,0,False,352,3064
2,2,0.3,0.0,uniform,0,trimmed,0.5,guarded,controlled,5,1,1,1,0.014484371751243914,custom,"{""bfgs"": 0.020222166154748013, ""custom"": 0.009285799903941794}",0.011563444510102272,0.011563444510102272,stage3_l_opt,l_opt_current_alpha,0.3212119196743568,0.32658359141390536,0.14570531267133588,0.25,False,False,True,True,0.00030963681638240814,True,not_needed,,,,,0,False,1432,7324
2,2,0.3,0.0,uniform,0,trimmed,0.5,guarded,controlled,5,1,1,2,0.01491187598629706,custom,"{""bfgs"": 0.12439320317662289, ""custom"": 0.010242522615929707}",0.011358022689819336,0.011358022689819336,stage3_l_opt,l_opt_current_alpha,0.8289975120209199,0.8485396168332224,0.07285265633566795,0.125,False,False,True,True,0.00010421499609947205,True,not_needed,,,,,0,False,2524,11236
2,2,0.3,0.0,uniform,0,trimmed,0.5,guarded,controlled,5,1,1,3,0.014743642689391972,custom,"{""bfgs"": 0.020687338455351516, ""custom"": 0.010646246140732903}",0.011209359392523766,0.011209359392523766,stage3_l_opt,l_opt_current_alpha,0.6834687336581484,0.6989038640661854,0.08543359170726861,0.125,True,True,True,False,-4.444830119609833e-05,True,not_needed,,,,,0,False,4012,15864
2,2,0.3,0.0,uniform,0,trimmed,0.5,guarded,controlled,5,1,1,4,0.014686050743542976,custom,"{""bfgs"": 0.09367442094912018, ""custom"": 0.010064067260704364}",0.011256653815507889,0.011256653815507889,stage3_l_opt,l_opt_current_alpha,0.5424013801433292,0.5567011276573346,0.06780017251791612,0.125,True,True,True,False,4.729442298412323e-05,True,not_needed,,,,,0,False,5652,19204
2,2,0.3,0.0,uniform,0,trimmed,0.5,guarded,controlled,5,1,1,5,0.014777387963661726,custom,"{""bfgs"": 0.04506140397240487, ""custom"": 0.009354038371504031}",0.011214369907975197,0.011214369907975197,stage3_l_opt,l_opt_current_alpha,0.4825628830140898,0.4970251136992927,0.06032036037676122,0.125,True,True,True,False,-4.2283907532691956e-05,True,not_needed,,,,,0,False,6992,23276
2,2,0.3,0.0,uniform,0,trimmed,0.5,guarded,controlled,5,1,1,6,0.014715341029801925,custom,"{""bfgs"": 0.015575231062583517, ""custom"": 0.008914856081083576}",0.011228574439883232,0.011228574439883232,stage3_l_opt,l_opt_current_alpha,0.4541505077518995,0.4692639218067876,0.05676881346898752,0.125,True,True,True,False,1.4204531908035278e-05,True,not_needed,,,,,0,False,8684,27856
2,2,0.3,0.0,uniform,0,trimmed,0.5,guarded,controlled,5,1,1,7,0.014740857702048114,custom,"{""bfgs"": 0.027221721236815787, ""custom"": 0.008473909902092507}",0.011220747604966164,0.011220747604966164,stage3_l_opt,l_opt_current_alpha,0.42101171911152346,0.4305616169973513,0.052626464888940405,0.125,True,True,True,False,-7.826834917068481e-06,True,not_needed,,,,,0,False,10024,32128
2,2,0.3,0.0,uniform,0,trimmed,0.5,guarded,controlled,5,1,1,8,0.014698406418072987,custom,"{""bfgs"": 0.024090375581090714, ""custom"": 0.008345272654425692}",0.011251809075474739,0.011251809075474739,stage3_l_opt,l_opt_current_alpha,0.8259543628790582,0.8454115290891258,0.10324429535988225,0.125,True,True,True,False,3.106147050857544e-05,True,not_needed,,,,,0,False,11200,35800
2,2,0.3,0.0,uniform,0,trimmed,0.5,guarded,controlled,5,1,1,9,0.014736584441122948,custom,"{""bfgs"": 0.015400502849641232, ""custom"": 0.00761010195276654}",0.011214451864361763,0.011214451864361763,stage3_l_opt,l_opt_current_alpha,1.1121449780705497,1.137852367070522,0.13901812225881874,0.125,True,True,True,False,-3.7357211112976074e-05,True,not_needed,,,,,0,False,13232,41088
2,2,0.3,0.0,uniform,0,trimmed,0.5,guarded,controlled,5,1,1,10,0.01491105958906045,custom,"{""bfgs"": 0.017855447919699972, ""custom"": 0.007919875816785864}",0.011356733739376068,0.011356733739376068,stage3_l_opt,l_opt_current_alpha,0.3168899531506697,0.33233159523285577,0.06950906112940934,0.0625,False,False,True,True,0.00014228187501430511,True,not_needed,,,,,0,False,15384,43744
2,2,0.3,0.0,uniform,0,trimmed,0.5,guarded,controlled,5,1,1,11,0.01475707749113548,custom,"{""bfgs"": 0.019849946276261424, ""custom"": 0.007674484677899507}",0.011204134672880173,0.011204134672880173,stage3_l_opt,l_opt_current_alpha,0.46460484381092004,0.4785156802980306,0.029037802738182447,0.0625,True,True,True,False,-1.0317191481590271e-05,True,not_needed,,,,,0,False,16972,48088
2,2,0.3,0.0,uniform,0,trimmed,0.5,guarded,controlled,5,1,1,12,0.014807317165336963,custom,"{""bfgs"": 0.016951665682536404, ""custom"": 0.007594798112906795}",0.011163666844367981,0.011163666844367981,stage3_l_opt,l_opt_current_alpha,0.3447280146895246,0.3604256149817264,0.021545500918095276,0.0625,True,True,True,False,-4.046782851219177e-05,True,not_needed,,,,,0,False,18456,52008
2,2,0.3,0.0,uniform,0,trimmed,0.5,guarded,controlled,5,1,1,13,0.0148260490170391,custom,"{""bfgs"": 0.11159821667208505, ""custom"": 0.007472674325769169}",0.011169133707880974,0.011169133707880974,stage3_l_opt,l_opt_current_alpha,0.5435044698361922,0.5598620491118529,0.03396902936476205,0.0625,True,True,True,False,5.466863512992859e-06,True,not_needed,,,,,0,False,19736,56256
2,2,0.3,0.0,uniform,0,trimmed,0.5,guarded,controlled,5,1,1,14,0.014766057132373615,custom,"{""bfgs"": 0.015750376254185336, ""custom"": 0.0075056591974400925}",0.011194493621587753,0.011194493621587753,stage3_l_opt,l_opt_current_alpha,0.3066332631974367,0.32231746549622897,0.019164578949839667,0.0625,True,True,True,False,2.535991370677948e-05,True,not_needed,,,,,0,False,20944,59024
2,2,0.3,0.0,uniform,0,trimmed,0.5,guarded,controlled,5,1,1,15,0.01475884169497814,custom,"{""bfgs"": 0.020307095530793247, ""custom"": 0.007380697904905236}",0.011197242885828018,0.011197242885828018,stage3_l_opt,l_opt_current_alpha,0.6153338213926557,0.6340422608734608,0.038458363837041,0.0625,True,True,True,False,2.7492642402648926e-06,True,not_needed,,,,,0,False,23140,64208
2,2,0.3,0.0,uniform,0,trimmed,0.5,guarded,controlled,5,1,1,16,0.014585894598257664,custom,"{""bfgs"": 0.1095930845250254, ""custom"": 0.007551251558220307}",0.011324198916554451,0.011324198916554451,stage3_l_opt,l_opt_current_alpha,0.2409876499455755,0.25595642731678075,0.030766691069632743,0.05,False,False,True,True,0.0001269560307264328,True,not_needed,,,,,0,False,24220,67600
2,2,0.3,0.0,uniform,0,trimmed,0.5,guarded,controlled,5,1,1,17,0.014624215305533601,custom,"{""bfgs"": 0.052678421572828635, ""custom"": 0.0075241560641053536}",0.01130138523876667,0.01130138523876667,stage3_l_opt,l_opt_current_alpha,0.6782216440501351,0.695288432590689,0.030766691069632743,0.05,False,False,True,True,0.00010414235293865204,True,not_needed,,,,,0,False,25404,71152
2,2,0.3,0.0,uniform,0,trimmed,0.5,guarded,controlled,5,1,1,18,0.014624215305533601,custom,"{""bfgs"": 0.052678421572828635, ""custom"": 0.0075241560641053536}",0.01130138523876667,0.01130138523876667,stage3_l_opt,l_opt_current_alpha,0.6782216440501351,0.695288432590689,0.030766691069632743,0.05,False,False,True,True,0.00010414235293865204,True,not_needed,,,,,0,False,26588,74704
2,2,0.3,0.0,uniform,0,trimmed,0.5,guarded,controlled,5,1,1,19,0.014624215305533601,custom,"{""bfgs"": 0.052678421572828635, ""custom"": 0.0075241560641053536}",0.01130138523876667,0.01130138523876667,stage3_l_opt,l_opt_current_alpha,0.6782216440501351,0.695288432590689,0.030766691069632743,0.05,False,False,True,True,0.00010414235293865204,True,not_needed,,,,,0,False,27772,78256
2,2,0.3,0.0,stage0,0,trimmed,0.5,guarded,controlled,5,1,0,0,0.02793852955405636,custom,"{""bfgs"": 0.17643937814790245, ""custom"": 0.006220865778007631}",0.008622147763768831,0.008622147763768831,stage3_l_opt,l_opt_current_alpha,0.5485698876819151,0.5515366723649371,0.2742849438409575,0.5,False,True,True,False,,True,not_needed,,,,,0,False,1945,10570
2,2,0.3,0.0,stage0,0,trimmed,0.5,guarded,controlled,5,1,0,1,0.021426572146333714,custom,"{""bfgs"": 0.19348063504881025, ""custom"": 0.008977017350196789}",0.015856528654694557,0.015856528654694557,stage3_l_opt,l_opt_current_alpha,0.7223776420657188,0.7463776420657187,0.13714247192047868,0.25,False,False,True,True,0.007234380890925726,True,not_needed,,,,,0,False,3935,21815
2,2,0.3,0.0,stage0,0,trimmed,0.5,guarded,controlled,5,1,0,2,0.026985073199485343,custom,"{""bfgs"": 0.059882791891306346, ""custom"": 0.0072675075326677765}",0.01044396497309208,0.01044396497309208,stage3_l_opt,l_opt_current_alpha,0.5367513833634614,0.54868677126593,0.0685712359602392,0.125,False,False,True,True,0.0018218172093232479,True,not_needed,,,,,0,False,4595,32730
2,2,0.3,0.0,stage0,0,trimmed,0.5,guarded,controlled,5,1,0,3,0.028480112022464935,custom,"{""bfgs"": 0.1789152784230354, ""custom"": 0.006779398269745184}",0.007781429216265678,0.007781429216265678,stage3_l_opt,l_opt_current_alpha,0.3078429422733294,0.30729634513087506,0.03848036778416618,0.125,True,True,True,False,-0.0008407185475031529,True,not_needed,,,,,0,False,7255,43515
2,2,0.3,0.0,stage0,0,trimmed,0.5,guarded,controlled,5,1,0,4,0.02782314610557246,custom,"{""bfgs"": 0.03226228547014862, ""custom"": 0.007427756089365663}",0.008770000810424486,0.008770000810424486,stage3_l_opt,l_opt_current_alpha,0.3475040485209381,0.34855217533831573,0.019240183892083082,0.0625,False,False,True,True,0.0009885715941588078,True,not_needed,,,,,0,False,9615,54030
2,2,0.3,0.0,stage0,0,trimmed,0.5,guarded,controlled,5,1,0,5,0.027313770165552892,custom,"{""bfgs"": 0.17846084210799473, ""custom"": 0.0071056893297689}",0.009779037907719612,0.009779037907719612,stage3_l_opt,l_opt_current_alpha,0.399465718800794,0.4011816310546569,0.015392147113666531,0.05,False,False,True,True,0.0019976086914539337,True,not_needed,,,,,0,False,11380,62465
2,2,0.3,0.0,stage0,0,trimmed,0.5,guarded,controlled,5,1,0,6,0.027687275935762312,custom,"{""bfgs"": 0.08294118255347016, ""custom"": 0.007027350883326233}",0.00900543915728728,0.00900543915728728,stage3_l_opt,l_opt_current_alpha,0.34011033549894687,0.34570793460851673,0.015392147113666531,0.05,False,False,True,True,0.0012240099410216008,True,not_needed,,,,,0,False,12000,73945
2,2,0.3,0.0,stage0,0,trimmed,0.5,guarded,controlled,5,1,0,7,0.027687275935762312,custom,"{""bfgs"": 0.08294118255347016, ""custom"": 0.007027350883326233}",0.00900543915728728,0.00900543915728728,stage3_l_opt,l_opt_current_alpha,0.34011033549894687,0.34570793460851673,0.015392147113666531,0.05,False,False,True,True,0.0012240099410216008,True,not_needed,,,,,0,False,12620,85425
2,2,0.3,0.0,stage0,0,trimmed,0.5,guarded,controlled,5,1,0,8,0.027687275935762312,custom,"{""bfgs"": 0.08294118255347016, ""custom"": 0.007027350883326233}",0.00900543915728728,0.00900543915728728,stage3_l_opt,l_opt_current_alpha,0.34011033549894687,0.34570793460851673,0.015392147113666531,0.05,False,False,True,True,0.0012240099410216008,True,not_needed,,,,,0,False,13240,96905
2,2,0.3,0.0,stage0,0,trimmed,0.5,guarded,controlled,5,1,0,9,0.027687275935762312,custom,"{""bfgs"": 0.08294118255347016, ""custom"": 0.007027350883326233}",0.00900543915728728,0.00900543915728728,stage3_l_opt,l_opt_current_alpha,0.34011033549894687,0.34570793460851673,0.015392147113666531,0.05,False,False,True,True,0.0012240099410216008,True,not_needed,,,,,0,False,13860,108385
2,2,0.3,0.0,stage0,0,trimmed,0.5,guarded,controlled,5,1,0,10,0.027687275935762312,custom,"{""bfgs"": 0.08294118255347016, ""custom"": 0.007027350883326233}",0.00900543915728728,0.00900543915728728,stage3_l_opt,l_opt_current_alpha,0.34011033549894687,0.34570793460851673,0.015392147113666531,0.05,False,False,True,True,0.0012240099410216008,True,not_needed,,,,,0,False,14480,119865
2,2,0.3,0.0,stage0,0,trimmed,0.5,guarded,controlled,5,1,0,11,0.027687275935762312,custom,"{""bfgs"": 0.08294118255347016, ""custom"": 0.007027350883326233}",0.00900543915728728,0.00900543915728728,stage3_l_opt,l_opt_current_alpha,0.34011033549894687,0.34570793460851673,0.015392147113666531,0.05,False,False,True,True,0.0012240099410216008,True,not_needed,,,,,0,False,15100,131345
2,2,0.3,0.0,stage0,0,trimmed,0.5,guarded,controlled,5,1,0,12,0.027687275935762312,custom,"{""bfgs"": 0.08294118255347016, ""custom"": 0.007027350883326233}",0.00900543915728728,0.00900543915728728,stage3_l_opt,l_opt_current_alpha,0.34011033549894687,0.34570793460851673,0.015392147113666531,0.05,False,False,True,True,0.0012240099410216008,True,not_needed,,,,,0,False,15720,142825
2,2,0.3,0.0,stage0,0,trimmed,0.5,guarded,controlled,5,1,0,13,0.027687275935762312,custom,"{""bfgs"": 0.08294118255347016, ""custom"": 0.007027350883326233}",0.00900543915728728,0.00900543915728728,stage3_l_opt,l_opt_current_alpha,0.34011033549894687,0.34570793460851673,0.015392147113666531,0.05,False,False,True,True,0.0012240099410216008,True,not_needed,,,,,0,False,16340,154305
2,2,0.3,0.0,stage0,0,trimmed,0.5,guarded,controlled,5,1,0,14,0.027687275935762312,custom,"{""bfgs"": 0.08294118255347016, ""custom"": 0.007027350883326233}",0.00900543915728728,0.00900543915728728,stage3_l_opt,l_opt_current_alpha,0.34011033549894687,0.34570793460851673,0.015392147113666531,0.05,False,False,True,True,0.0012240099410216008,True,not_needed,,,,,0,False,16960,165785
2,2,0.3,0.0,stage0,0,trimmed,0.5,guarded,controlled,5,1,0,15,0.027687275935762312,custom,"{""bfgs"": 0.08294118255347016, ""custom"": 0.007027350883326233}",0.00900543915728728,0.00900543915728728,stage3_l_opt,l_opt_current_alpha,0.34011033549894687,0.34570793460851673,0.015392147113666531,0.05,False,False,True,True,0.0012240099410216008,True,not_needed,,,,,0,False,17580,177265
2,2,0.3,0.0,stage0,0,trimmed,0.5,guarded,controlled,5,1,0,16,0.027687275935762312,custom,"{""bfgs"": 0.08294118255347016, ""custom"": 0.007027350883326233}",0.00900543915728728,0.00900543915728728,stage3_l_opt,l_opt_current_alpha,0.34011033549894687,0.34570793460851673,0.015392147113666531,0.05,False,False,True,True,0.0012240099410216008,True,not_needed,,,,,0,False,18200,188745
2,2,0.3,0.0,stage0,0,trimmed,0.5,guarded,controlled,5,1,0,17,0.027687275935762312,custom,"{""bfgs"": 0.08294118255347016, ""custom"": 0.007027350883326233}",0.00900543915728728,0.00900543915728728,stage3_l_opt,l_opt_current_alpha,0.34011033549894687,0.34570793460851673,0.015392147113666531,0.05,False,False,True,True,0.0012240099410216008,True,not_needed,,,,,0,False,18820,200225
2,2,0.3,0.0,stage0,0,trimmed,0.5,guarded,controlled,5,1,0,18,0.027687275935762312,custom,"{""bfgs"": 0.08294118255347016, ""custom"": 0.007027350883326233}",0.00900543915728728,0.00900543915728728,stage3_l_opt,l_opt_current_alpha,0.34011033549894687,0.34570793460851673,0.015392147113666531,0.05,False,False,True,True,0.0012240099410216008,True,not_needed,,,,,0,False,19440,211705
2,2,0.3,0.0,stage0,0,trimmed,0.5,guarded,controlled,5,1,0,19,0.027687275935762312,custom,"{""bfgs"": 0.08294118255347016, ""custom"": 0.007027350883326233}",0.00900543915728728,0.00900543915728728,stage3_l_opt,l_opt_current_alpha,0.34011033549894687,0.34570793460851673,0.015392147113666531,0.05,False,False,True,True,0.0012240099410216008,True,not_needed,,,,,0,False,20060,223185
3,2,0.3,0.0,uniform,0,trimmed,0.5,guarded,controlled,5,1,0,0,0.014163818486100578,custom,"{""bfgs"": 0.03010227605700493, ""custom"": 0.010383714735507966}",0.011099280168612799,0.011099280168612799,stage3_l_opt,l_opt_current_alpha,1.3834984239377695,1.411733085650785,0.6917492119688847,0.5,False,True,True,False,,True,not_needed,,,,,0,False,1785,7140
3,2,0.3,0.0,uniform,0,trimmed,0.5,guarded,controlled,5,1,0,1,0.017812179569378007,bfgs,"{""bfgs"": 0.00995199971668434, ""custom"": 0.010071937821494218}",0.012394610792398453,0.012394610792398453,stage3_l_opt,l_opt_current_alpha,0.6802507880311153,0.7042507880311153,0.34587460598444225,0.25,False,False,True,True,0.0012953306237856541,True,not_needed,,,,,0,False,4425,14800
3,2,0.3,0.0,uniform,0,trimmed,0.5,guarded,controlled,5,1,0,2,0.012943508395076391,custom,"{""bfgs"": 0.022831660708137518, ""custom"": 0.00993946312589005}",0.01041831448674202,0.01041831448674202,stage3_l_opt,l_opt_current_alpha,0.876492411854358,0.9014386775245375,0.21912310296358953,0.25,True,True,True,False,-0.000680965681870779,True,not_needed,,,,,0,False,7285,21830
3,2,0.3,0.0,uniform,0,trimmed,0.5,guarded,controlled,5,1,0,3,0.013706900471783114,custom,"{""bfgs"": 0.03642182709507988, ""custom"": 0.010047456456925374}",0.010860936095317205,0.010860936095317205,stage3_l_opt,l_opt_current_alpha,0.8723597503289446,0.9016935760284748,0.10956155148179478,0.125,False,False,True,True,0.0004426216085751857,True,not_needed,,,,,0,False,8905,28705
3,2,0.3,0.0,uniform,0,trimmed,0.5,guarded,controlled,5,1,0,4,0.013724594880944175,custom,"{""bfgs"": 0.024868499740524738, ""custom"": 0.0100976163888151}",0.010877031832933426,0.010877031832933426,stage3_l_opt,l_opt_current_alpha,0.8539835911226292,0.880706443134647,0.05478077574089732,0.0625,False,False,True,True,0.00045871734619140625,True,not_needed,,,,,0,False,11650,37060
3,2,0.3,0.0,uniform,0,trimmed,0.5,guarded,controlled,5,1,0,5,0.012961034539050072,custom,"{""bfgs"": 0.013702929526771112, ""custom"": 0.009970601802991624}",0.010429639369249344,0.010429639369249344,stage3_l_opt,l_opt_current_alpha,0.6720576605802492,0.6915747634844448,0.04200360378626555,0.0625,True,True,True,False,1.1324882507324219e-05,True,not_needed,,,,,0,False,14275,45330
3,2,0.3,0.0,uniform,0,trimmed,0.5,guarded,controlled,5,1,0,6,0.013759371193976185,custom,"{""bfgs"": 0.08015865963659255, ""custom"": 0.010214381940760183}",0.010889931271473566,0.010889931271473566,stage3_l_opt,l_opt_current_alpha,0.8178004809830712,0.8418004809830713,0.03360288302901257,0.05,False,False,True,True,0.00046029190222422224,True,not_needed,,,,,0,False,15900,53835
3,2,0.3,0.0,uniform,0,trimmed,0.5,guarded,controlled,5,1,0,7,0.013734931918462947,custom,"{""bfgs"": 0.026117569545832033, ""custom"": 0.010205995747439403}",0.010882647087176641,0.010882647087176641,stage3_l_opt,l_opt_current_alpha,0.8798329552704146,0.9063853766982517,0.03360288302901257,0.05,False,False,True,True,0.00045300771792729753,True,not_needed,,,,,0,False,17595,63725
3,2,0.3,0.0,uniform,0,trimmed,0.5,guarded,controlled,5,1,0,8,0.013734931918462947,custom,"{""bfgs"": 0.026117569545832033, ""custom"": 0.010205995747439403}",0.010882647087176641,0.010882647087176641,stage3_l_opt,l_opt_current_alpha,0.8798329552704146,0.9063853766982517,0.03360288302901257,0.05,False,False,True,True,0.00045300771792729753,True,not_needed,,,,,0,False,19290,73615
3,2,0.3,0.0,uniform,0,trimmed,0.5,guarded,controlled,5,1,0,9,0.013734931918462947,custom,"{""bfgs"": 0.026117569545832033, ""custom"": 0.010205995747439403}",0.010882647087176641,0.010882647087176641,stage3_l_opt,l_opt_current_alpha,0.8798329552704146,0.9063853766982517,0.03360288302901257,0.05,False,False,True,True,0.00045300771792729753,True,not_needed,,,,,0,False,20985,83505
3,2,0.3,0.0,uniform,0,trimmed,0.5,guarded,controlled,5,1,0,10,0.013734931918462947,custom,"{""bfgs"": 0.026117569545832033, ""custom"": 0.010205995747439403}",0.010882647087176641,0.010882647087176641,stage3_l_opt,l_opt_current_alpha,0.8798329552704146,0.9063853766982517,0.03360288302901257,0.05,False,False,True,True,0.00045300771792729753,True,not_needed,,,,,0,False,22680,93395
3,2,0.3,0.0,uniform,0,trimmed,0.5,guarded,controlled,5,1,0,11,0.013734931918462947,custom,"{""bfgs"": 0.026117569545832033, ""custom"": 0.010205995747439403}",0.010882647087176641,0.010882647087176641,stage3_l_opt,l_opt_current_alpha,0.8798329552704146,0.9063853766982517,0.03360288302901257,0.05,False,False,True,True,0.00045300771792729753,True,not_needed,,,,,0,False,24375,103285
3,2,0.3,0.0,uniform,0,trimmed,0.5,guarded,controlled,5,1,0,12,0.013734931918462947,custom,"{""bfgs"": 0.026117569545832033, ""custom"": 0.010205995747439403}",0.010882647087176641,0.010882647087176641,stage3_l_opt,l_opt_current_alpha,0.8798329552704146,0.9063853766982517,0.03360288302901257,0.05,False,False,True,True,0.00045300771792729753,True,not_needed,,,,,0,False,26070,113175
3,2,0.3,0.0,uniform,0,trimmed,0.5,guarded,controlled,5,1,0,13,0.013734931918462947,custom,"{""bfgs"": 0.026117569545832033, ""custom"": 0.010205995747439403}",0.010882647087176641,0.010882647087176641,stage3_l_opt,l_opt_current_alpha,0.8798329552704146,0.9063853766982517,0.03360288302901257,0.05,False,False,True,True,0.00045300771792729753,True,not_needed,,,,,0,False,27765,123065
3,2,0.3,0.0,uniform,0,trimmed,0.5,guarded,controlled,5,1,0,14,0.013734931918462947,custom,"{""bfgs"": 0.026117569545832033, ""custom"": 0.010205995747439403}",0.010882647087176641,0.010882647087176641,stage3_l_opt,l_opt_current_alpha,0.8798329552704146,0.9063853766982517,0.03360288302901257,0.05,False,False,True,True,0.00045300771792729753,True,not_needed,,,,,0,False,29460,132955
3,2,0.3,0.0,uniform,0,trimmed,0.5,guarded,controlled,5,1,0,15,0.013734931918462947,custom,"{""bfgs"": 0.026117569545832033, ""custom"": 0.010205995747439403}",0.010882647087176641,0.010882647087176641,stage3_l_opt,l_opt_current_alpha,0.8798329552704146,0.9063853766982517,0.03360288302901257,0.05,False,False,True,True,0.00045300771792729753,True,not_needed,,,,,0,False,31155,142845
3,2,0.3,0.0,uniform,0,trimmed,0.5,guarded,controlled,5,1,0,16,0.013734931918462947,custom,"{""bfgs"": 0.026117569545832033, ""custom"": 0.010205995747439403}",0.010882647087176641,0.010882647087176641,stage3_l_opt,l_opt_current_alpha,0.8798329552704146,0.9063853766982517,0.03360288302901257,0.05,False,False,True,True,0.00045300771792729753,True,not_needed,,,,,0,False,32850,152735
3,2,0.3,0.0,uniform,0,trimmed,0.5,guarded,controlled,5,1,0,17,0.013734931918462947,custom,"{""bfgs"": 0.026117569545832033, ""custom"": 0.010205995747439403}",0.010882647087176641,0.010882647087176641,stage3_l_opt,l_opt_current_alpha,0.8798329552704146,0.9063853766982517,0.03360288302901257,0.05,False,False,True,True,0.00045300771792729753,True,not_needed,,,,,0,False,34545,162625
3,2,0.3,0.0,uniform,0,trimmed,0.5,guarded,controlled,5,1,0,18,0.013734931918462947,custom,"{""bfgs"": 0.026117569545832033, ""custom"": 0.010205995747439403}",0.010882647087176641,0.010882647087176641,stage3_l_opt,l_opt_current_alpha,0.8798329552704146,0.9063853766982517,0.03360288302901257,0.05,False,False,True,True,0.00045300771792729753,True,not_needed,,,,,0,False,36240,172515
3,2,0.3,0.0,uniform,0,trimmed,0.5,guarded,controlled,5,1,0,19,0.013734931918462947,custom,"{""bfgs"": 0.026117569545832033, ""custom"": 0.010205995747439403}",0.010882647087176641,0.010882647087176641,stage3_l_opt,l_opt_current_alpha,0.8798329552704146,0.9063853766982517,0.03360288302901257,0.05,False,False,True,True,0.00045300771792729753,True,not_needed,,,,,0,False,37935,182405
3,2,0.3,0.0,uniform,0,trimmed,0.5,guarded,controlled,5,1,1,0,0.01119975139887773,custom,"{""bfgs"": 0.39221078157424927, ""custom"": 0.011006630957126617}",0.011006630957126617,0.011006630957126617,stage3_l_opt,l_opt_current_alpha,1.2151110598186352,1.239909244712893,0.6075555299093176,0.5,False,True,True,False,,True,not_needed,,,,,0,False,224,3120
3,2,0.3,0.0,uniform,0,trimmed,0.5,guarded,controlled,5,1,1,1,0.013657361812038981,custom,"{""bfgs"": 0.3284633566461173, ""custom"": 0.009814062069479362}",0.011116841807961464,0.011116841807961464,stage3_l_opt,l_opt_current_alpha,0.858062088097542,0.8727322101507105,0.3037777649546588,0.25,False,False,True,True,0.0001102108508348465,True,not_needed,,,,,0,False,768,7328
3,2,0.3,0.0,uniform,0,trimmed,0.5,guarded,controlled,5,1,1,2,0.01311106179541232,custom,"{""bfgs"": 0.3776368606604172, ""custom"": 0.010808673656785991}",0.011371554806828499,0.011371554806828499,stage3_l_opt,l_opt_current_alpha,1.3134423269443685,1.338826597825965,0.15188888247732946,0.125,False,False,True,True,0.0003649238497018814,True,not_needed,,,,,0,False,1008,10900
3,2,0.3,0.0,uniform,0,trimmed,0.5,guarded,controlled,5,1,1,3,0.012587072002981085,custom,"{""bfgs"": 0.31674920799162193, ""custom"": 0.01066585091307986}",0.010838586837053299,0.010838586837053299,stage3_l_opt,l_opt_current_alpha,0.8720845988823535,0.8929820168692859,0.10901057486029411,0.125,True,True,True,False,-0.00016804412007331848,True,not_needed,,,,,0,False,2076,15504
3,2,0.3,0.0,uniform,0,trimmed,0.5,guarded,controlled,5,1,1,4,0.012987636932150878,custom,"{""bfgs"": 0.28231222730110567, ""custom"": 0.01110275605151915}",0.011474094353616238,0.011474094353616238,stage3_l_opt,l_opt_current_alpha,1.4309304114372945,1.4586387394620957,0.05450528743014707,0.0625,False,False,True,True,0.0006355075165629387,True,not_needed,,,,,0,False,2312,19304
3,2,0.3,0.0,uniform,0,trimmed,0.5,guarded,controlled,5,1,1,5,0.013070766113753185,custom,"{""bfgs"": 0.29047895021293163, ""custom"": 0.010711189728687474}",0.010993240401148796,0.010993240401148796,stage3_l_opt,l_opt_current_alpha,0.8108106627384568,0.8304676096792403,0.04360422994411772,0.05,False,False,True,True,0.00015465356409549713,True,not_needed,,,,,0,False,3368,22276
3,2,0.3,0.0,uniform,0,trimmed,0.5,guarded,controlled,5,1,1,6,0.013145804916586616,custom,"{""bfgs"": 0.37687871477576895, ""custom"": 0.010707392703748249}",0.010994300246238708,0.010994300246238708,stage3_l_opt,l_opt_current_alpha,0.7555956220671022,0.7739816604972227,0.04360422994411772,0.05,False,False,True,True,0.00015571340918540955,True,not_needed,,,,,0,False,4492,26340
3,2,0.3,0.0,uniform,0,trimmed,0.5,guarded,controlled,5,1,1,7,0.013145804916586616,custom,"{""bfgs"": 0.37687871477576895, ""custom"": 0.010707392703748249}",0.010994300246238708,0.010994300246238708,stage3_l_opt,l_opt_current_alpha,0.7555956220671022,0.7739816604972227,0.04360422994411772,0.05,False,False,True,True,0.00015571340918540955,True,not_needed,,,,,0,False,5616,30404
3,2,0.3,0.0,uniform,0,trimmed,0.5,guarded,controlled,5,1,1,8,0.013145804916586616,custom,"{""bfgs"": 0.37687871477576895, ""custom"": 0.010707392703748249}",0.010994300246238708,0.010994300246238708,stage3_l_opt,l_opt_current_alpha,0.7555956220671022,0.7739816604972227,0.04360422994411772,0.05,False,False,True,True,0.00015571340918540955,True,not_needed,,,,,0,False,6740,34468
3,2,0.3,0.0,uniform,0,trimmed,0.5,guarded,controlled,5,1,1,9,0.013145804916586616,custom,"{""bfgs"": 0.37687871477576895, ""custom"": 0.010707392703748249}",0.010994300246238708,0.010994300246238708,stage3_l_opt,l_opt_current_alpha,0.7555956220671022,0.7739816604972227,0.04360422994411772,0.05,False,False,True,True,0.00015571340918540955,True,not_needed,,,,,0,False,7864,38532
3,2,0.3,0.0,uniform,0,trimmed,0.5,guarded,controlled,5,1,1,10,0.013145804916586616,custom,"{""bfgs"": 0.37687871477576895, ""custom"": 0.010707392703748249}",0.010994300246238708,0.010994300246238708,stage3_l_opt,l_opt_current_alpha,0.7555956220671022,0.7739816604972227,0.04360422994411772,0.05,False,False,True,True,0.00015571340918540955,True,not_needed,,,,,0,False,8988,42596
3,2,0.3,0.0,uniform,0,trimmed,0.5,guarded,controlled,5,1,1,11,0.013145804916586616,custom,"{""bfgs"": 0.37687871477576895, ""custom"": 0.010707392703748249}",0.010994300246238708,0.010994300246238708,stage3_l_opt,l_opt_current_alpha,0.7555956220671022,0.7739816604972227,0.04360422994411772,0.05,False,False,True,True,0.00015571340918540955,True,not_needed,,,,,0,False,10112,46660
3,2,0.3,0.0,uniform,0,trimmed,0.5,guarded,controlled,5,1,1,12,0.013145804916586616,custom,"{""bfgs"": 0.37687871477576895, ""custom"": 0.010707392703748249}",0.010994300246238708,0.010994300246238708,stage3_l_opt,l_opt_current_alpha,0.7555956220671022,0.7739816604972227,0.04360422994411772,0.05,False,False,True,True,0.00015571340918540955,True,not_needed,,,,,0,False,11236,50724
3,2,0.3,0.0,uniform,0,trimmed,0.5,guarded,controlled,5,1,1,13,0.013145804916586616,custom,"{""bfgs"": 0.37687871477576895, ""custom"": 0.010707392703748249}",0.010994300246238708,0.010994300246238708,stage3_l_opt,l_opt_current_alpha,0.7555956220671022,0.7739816604972227,0.04360422994411772,0.05,False,False,True,True,0.00015571340918540955,True,not_needed,,,,,0,False,12360,54788
3,2,0.3,0.0,uniform,0,trimmed,0.5,guarded,controlled,5,1,1,14,0.013145804916586616,custom,"{""bfgs"": 0.37687871477576895, ""custom"": 0.010707392703748249}",0.010994300246238708,0.010994300246238708,stage3_l_opt,l_opt_current_alpha,0.7555956220671022,0.7739816604972227,0.04360422994411772,0.05,False,False,True,True,0.00015571340918540955,True,not_needed,,,,,0,False,13484,58852
3,2,0.3,0.0,uniform,0,trimmed,0.5,guarded,controlled,5,1,1,15,0.013145804916586616,custom,"{""bfgs"": 0.37687871477576895, ""custom"": 0.010707392703748249}",0.010994300246238708,0.010994300246238708,stage3_l_opt,l_opt_current_alpha,0.7555956220671022,0.7739816604972227,0.04360422994411772,0.05,False,False,True,True,0.00015571340918540955,True,not_needed,,,,,0,False,14608,62916
3,2,0.3,0.0,uniform,0,trimmed,0.5,guarded,controlled,5,1,1,16,0.013145804916586616,custom,"{""bfgs"": 0.37687871477576895, ""custom"": 0.010707392703748249}",0.010994300246238708,0.010994300246238708,stage3_l_opt,l_opt_current_alpha,0.7555956220671022,0.7739816604972227,0.04360422994411772,0.05,False,False,True,True,0.00015571340918540955,True,not_needed,,,,,0,False,15732,66980
3,2,0.3,0.0,uniform,0,trimmed,0.5,guarded,controlled,5,1,1,17,0.013145804916586616,custom,"{""bfgs"": 0.37687871477576895, ""custom"": 0.010707392703748249}",0.010994300246238708,0.010994300246238708,stage3_l_opt,l_opt_current_alpha,0.7555956220671022,0.7739816604972227,0.04360422994411772,0.05,False,False,True,True,0.00015571340918540955,True,not_needed,,,,,0,False,16856,71044
3,2,0.3,0.0,uniform,0,trimmed,0.5,guarded,controlled,5,1,1,18,0.013145804916586616,custom,"{""bfgs"": 0.37687871477576895, ""custom"": 0.010707392703748249}",0.010994300246238708,0.010994300246238708,stage3_l_opt,l_opt_current_alpha,0.7555956220671022,0.7739816604972227,0.04360422994411772,0.05,False,False,True,True,0.00015571340918540955,True,not_needed,,,,,0,False,17980,75108
3,2,0.3,0.0,uniform,0,trimmed,0.5,guarded,controlled,5,1,1,19,0.013145804916586616,custom,"{""bfgs"": 0.37687871477576895, ""custom"": 0.010707392703748249}",0.010994300246238708,0.010994300246238708,stage3_l_opt,l_opt_current_alpha,0.7555956220671022,0.7739816604972227,0.04360422994411772,0.05,False,False,True,True,0.00015571340918540955,True,not_needed,,,,,0,False,19104,79172
3,2,0.3,0.0,stage0,0,trimmed,0.5,guarded,controlled,5,1,0,0,0.0018388386920607167,custom,"{""bfgs"": 0.03451805467449666, ""custom"": 0.005247291384756855}",0.009918359418710073,0.009918359418710073,stage3_l_opt,l_opt_current_alpha,0.7220328840228132,0.7240001457965088,0.36101644201140665,0.5,False,True,True,False,,True,not_needed,,,,,0,False,1375,10255
3,2,0.3,0.0,stage0,0,trimmed,0.5,guarded,controlled,5,1,0,1,0.009261109000549092,custom,"{""bfgs"": 0.018620215706931276, ""custom"": 0.008925443959133994}",0.009600081791480383,0.009600081791480383,stage3_l_opt,l_opt_current_alpha,1.1568363656511758,1.1719305662787325,0.5784181828255879,0.5,True,True,True,False,-0.00031827762722969055,True,not_needed,,,,,0,False,4895,19430
3,2,0.3,0.0,stage0,0,trimmed,0.5,guarded,controlled,5,1,0,2,0.010141438804064613,custom,"{""bfgs"": 0.014569370886159652, ""custom"": 0.00846410013411587}",0.008988477289676666,0.008988477289676666,stage3_l_opt,l_opt_current_alpha,0.7093132862522005,0.7242144605011929,0.3546566431261001,0.5,True,True,True,False,-0.0006116045018037166,True,not_needed,,,,,0,False,7125,28820
3,2,0.3,0.0,stage0,0,trimmed,0.5,guarded,controlled,5,1,0,3,0.01353840702266278,custom,"{""bfgs"": 0.026694041681618454, ""custom"": 0.009433035996837808}",0.010774660855531693,0.010774660855531693,stage3_l_opt,l_opt_current_alpha,0.8303368548849669,0.858366762688871,0.17732832156305015,0.25,False,False,True,True,0.0017861835658550262,True,not_needed,,,,,0,False,9090,36645
3,2,0.3,0.0,stage0,0,trimmed,0.5,guarded,controlled,5,1,0,4,0.01372256336498109,custom,"{""bfgs"": 0.022330192313730977, ""custom"": 0.009399516935457751}",0.010879125446081161,0.010879125446081161,stage3_l_opt,l_opt_current_alpha,0.8644947038146119,0.8879452730209038,0.08866416078152511,0.125,False,False,True,True,0.0018906481564044952,True,not_needed,,,,,0,False,11670,45550
3,2,0.3,0.0,stage0,0,trimmed,0.5,guarded,controlled,5,1,0,5,0.013774334073582004,custom,"{""bfgs"": 0.015230898801188554, ""custom"": 0.009385360503670568}",0.01090653364857038,0.01090653364857038,stage3_l_opt,l_opt_current_alpha,1.0971099652246834,1.1259264930389656,0.04433208039076257,0.0625,False,False,True,True,0.001918056358893713,True,not_needed,,,,,0,False,14570,56600
3,2,0.3,0.0,stage0,0,trimmed,0.5,guarded,controlled,5,1,0,6,0.009663095429047901,custom,"{""bfgs"": 0.024119919504125654, ""custom"": 0.00907725065617564}",0.009364386399586996,0.009364386399586996,stage3_l_opt,l_opt_current_alpha,0.799901748298243,0.8175564030051294,0.03546566431261003,0.05,False,False,True,True,0.00037590910991032976,True,not_needed,,,,,0,False,16140,65040
3,2,0.3,0.0,stage0,0,trimmed,0.5,guarded,controlled,5,1,0,7,0.010095173423320891,custom,"{""bfgs"": 0.030311217801457555, ""custom"": 0.008624377197117379}",0.00900202120343844,0.00900202120343844,stage3_l_opt,l_opt_current_alpha,0.7085590192305722,0.724168589342646,0.03542795096152866,0.05,True,True,True,False,1.354391376177412e-05,True,not_needed,,,,,0,False,18490,74035
3,2,0.3,0.0,stage0,0,trimmed,0.5,guarded,controlled,5,1,0,8,0.013837412444728543,custom,"{""bfgs"": 0.02698910122824725, ""custom"": 0.00934492681844253}",0.0109308622777462,0.0109308622777462,stage3_l_opt,l_opt_current_alpha,1.1844950836815626,1.2147405586574604,0.03542795096152866,0.05,False,False,True,True,0.0019288410743077602,True,not_needed,,,,,0,False,20275,86865
3,2,0.3,0.0,stage0,0,trimmed,0.5,guarded,controlled,5,1,0,9,0.013837412444728543,custom,"{""bfgs"": 0.02698910122824725, ""custom"": 0.00934492681844253}",0.0109308622777462,0.0109308622777462,stage3_l_opt,l_opt_current_alpha,1.1844950836815626,1.2147405586574604,0.03542795096152866,0.05,False,False,True,True,0.0019288410743077602,True,not_needed,,,,,0,False,22060,99695
3,2,0.3,0.0,stage0,0,trimmed,0.5,guarded,controlled,5,1,0,10,0.013837412444728543,custom,"{""bfgs"": 0.02698910122824725, ""custom"": 0.00934492681844253}",0.0109308622777462,0.0109308622777462,stage3_l_opt,l_opt_current_alpha,1.1844950836815626,1.2147405586574604,0.03542795096152866,0.05,False,False,True,True,0.0019288410743077602,True,not_needed,,,,,0,False,23845,112525
3,2,0.3,0.0,stage0,0,trimmed,0.5,guarded,controlled,5,1,0,11,0.013837412444728543,custom,"{""bfgs"": 0.02698910122824725, ""custom"": 0.00934492681844253}",0.0109308622777462,0.0109308622777462,stage3_l_opt,l_opt_current_alpha,1.1844950836815626,1.2147405586574604,0.03542795096152866,0.05,False,False,True,True,0.0019288410743077602,True,not_needed,,,,,0,False,25630,125355
3,2,0.3,0.0,stage0,0,trimmed,0.5,guarded,controlled,5,1,0,12,0.013837412444728543,custom,"{""bfgs"": 0.02698910122824725, ""custom"": 0.00934492681844253}",0.0109308622777462,0.0109308622777462,stage3_l_opt,l_opt_current_alpha,1.1844950836815626,1.2147405586574604,0.03542795096152866,0.05,False,False,True,True,0.0019288410743077602,True,not_needed,,,,,0,False,27415,138185
3,2,0.3,0.0,stage0,0,trimmed,0.5,guarded,controlled,5,1,0,13,0.013837412444728543,custom,"{""bfgs"": 0.02698910122824725, ""custom"": 0.00934492681844253}",0.0109308622777462,0.0109308622777462,stage3_l_opt,l_opt_current_alpha,1.1844950836815626,1.2147405586574604,0.03542795096152866,0.05,False,False,True,True,0.0019288410743077602,True,not_needed,,,,,0,False,29200,151015
3,2,0.3,0.0,stage0,0,trimmed,0.5,guarded,controlled,5,1,0,14,0.013837412444728543,custom,"{""bfgs"": 0.02698910122824725, ""custom"": 0.00934492681844253}",0.0109308622777462,0.0109308622777462,stage3_l_opt,l_opt_current_alpha,1.1844950836815626,1.2147405586574604,0.03542795096152866,0.05,False,False,True,True,0.0019288410743077602,True,not_needed,,,,,0,False,30985,163845
3,2,0.3,0.0,stage0,0,trimmed,0.5,guarded,controlled,5,1,0,15,0.013837412444728543,custom,"{""bfgs"": 0.02698910122824725, ""custom"": 0.00934492681844253}",0.0109308622777462,0.0109308622777462,stage3_l_opt,l_opt_current_alpha,1.1844950836815626,1.2147405586574604,0.03542795096152866,0.05,False,False,True,True,0.0019288410743077602,True,not_needed,,,,,0,False,32770,176675
3,2,0.3,0.0,stage0,0,trimmed,0.5,guarded,controlled,5,1,0,16,0.013837412444728543,custom,"{""bfgs"": 0.02698910122824725, ""custom"": 0.00934492681844253}",0.0109308622777462,0.0109308622777462,stage3_l_opt,l_opt_current_alpha,1.1844950836815626,1.2147405586574604,0.03542795096152866,0.05,False,False,True,True,0.0019288410743077602,True,not_needed,,,,,0,False,34555,189505
3,2,0.3,0.0,stage0,0,trimmed,0.5,guarded,controlled,5,1,0,17,0.013837412444728543,custom,"{""bfgs"": 0.02698910122824725, ""custom"": 0.00934492681844253}",0.0109308622777462,0.0109308622777462,stage3_l_opt,l_opt_current_alpha,1.1844950836815626,1.2147405586574604,0.03542795096152866,0.05,False,False,True,True,0.0019288410743077602,True,not_needed,,,,,0,False,36340,202335
3,2,0.3,0.0,stage0,0,trimmed,0.5,guarded,controlled,5,1,0,18,0.013837412444728543,custom,"{""bfgs"": 0.02698910122824725, ""custom"": 0.00934492681844253}",0.0109308622777462,0.0109308622777462,stage3_l_opt,l_opt_current_alpha,1.1844950836815626,1.2147405586574604,0.03542795096152866,0.05,False,False,True,True,0.0019288410743077602,True,not_needed,,,,,0,False,38125,215165
3,2,0.3,0.0,stage0,0,trimmed,0.5,guarded,controlled,5,1,0,19,0.013837412444728543,custom,"{""bfgs"": 0.02698910122824725, ""custom"": 0.00934492681844253}",0.0109308622777462,0.0109308622777462,stage3_l_opt,l_opt_current_alpha,1.1844950836815626,1.2147405586574604,0.03542795096152866,0.05,False,False,True,True,0.0019288410743077602,True,not_needed,,,,,0,False,39910,227995
3,2,0.3,0.0,stage0,0,trimmed,0.5,guarded,controlled,5,1,1,0,0.007077249724376934,bfgs,"{""bfgs"": 0.004271029770111833, ""custom"": 0.004271029770111833}",0.016499903984367847,0.016499903984367847,stage3_l_opt,l_opt_current_alpha,1.3499476260005991,1.3600056355064487,0.6749738130002996,0.5,False,True,True,False,,True,recovered_informative,1,0.008670116222848249,0.004271029770111833,0.004399086452736416,1,True,2316,6928
3,2,0.3,0.0,stage0,0,trimmed,0.5,guarded,controlled,5,1,1,1,0.00927509952607597,custom,"{""bfgs"": 0.273349598280389, ""custom"": 0.008652528588995435}",0.008575942367315292,0.008575942367315292,stage3_l_opt,l_opt_current_alpha,0.4874123481818501,0.49358456318555516,0.24370617409092504,0.5,True,True,True,False,-0.007923961617052555,True,not_needed,,,,,0,False,4172,10604
3,2,0.3,0.0,stage0,0,trimmed,0.5,guarded,controlled,5,1,1,2,0.009967059612621548,custom,"{""bfgs"": 0.2921865099250598, ""custom"": 0.009892982472073507}",0.006835035979747772,0.006835035979747772,stage3_l_opt,l_opt_current_alpha,0.2996419183727572,0.3016004287578674,0.14982095918637856,0.5,True,True,True,False,-0.0017409063875675201,True,not_needed,,,,,0,False,5272,14128
3,2,0.3,0.0,stage0,0,trimmed,0.5,guarded,controlled,5,1,1,3,0.011360718347233744,custom,"{""bfgs"": 0.30959352823452263, ""custom"": 0.010231698930518111}",0.007077161222696304,0.007077161222696304,stage3_l_opt,l_opt_current_alpha,0.34778471434739955,0.3652998073309416,0.07491047959318936,0.25,False,False,True,True,0.0002421252429485321,True,not_needed,,,,,0,False,6700,18092
3,2,0.3,0.0,stage0,0,trimmed,0.5,guarded,controlled,5,1,1,4,0.010171768747719103,custom,"{""bfgs"": 0.30089001907979124, ""custom"": 0.009974088773726797}",0.006726900115609169,0.006726900115609169,stage3_l_opt,l_opt_current_alpha,0.36345369458539495,0.3807519527092442,0.09086342364634872,0.25,True,True,True,False,-0.00010813586413860321,True,not_needed,,,,,0,False,8612,22560
3,2,0.3,0.0,stage0,0,trimmed,0.5,guarded,controlled,5,1,1,5,0.013713372971210041,custom,"{""bfgs"": 0.29928825759210825, ""custom"": 0.011225699371553835}",0.00815138965845108,0.00815138965845108,stage3_l_opt,l_opt_current_alpha,0.4015730201487807,0.4215035792769103,0.045431711823174376,0.125,False,False,True,True,0.0014244895428419113,True,not_needed,,,,,0,False,9992,27052
3,2,0.3,0.0,stage0,0,trimmed,0.5,guarded,controlled,5,1,1,6,0.013784380073756278,custom,"{""bfgs"": 0.30008913833594975, ""custom"": 0.01115228915343365}",0.008233705535531044,0.008233705535531044,stage3_l_opt,l_opt_current_alpha,0.4504073346936061,0.47040733469360607,0.022715855911587216,0.0625,False,False,True,True,0.001506805419921875,True,not_needed,,,,,0,False,11496,31624
3,2,0.3,0.0,stage0,0,trimmed,0.5,guarded,controlled,5,1,1,7,0.010155303311207627,custom,"{""bfgs"": 0.30048957870787046, ""custom"": 0.01012415954537784}",0.0067205410450696945,0.0067205410450696945,stage3_l_opt,l_opt_current_alpha,0.2923068747263692,0.308616745830883,0.018269179670398025,0.0625,True,True,True,False,-6.359070539474487e-06,True,not_needed,,,,,0,False,13012,36396
3,2,0.3,0.0,stage0,0,trimmed,0.5,guarded,controlled,5,1,1,8,0.009809326534440065,custom,"{""bfgs"": 0.30000624620282296, ""custom"": 0.010414392371413481}",0.006925668567419052,0.006925668567419052,stage3_l_opt,l_opt_current_alpha,0.3358636427113587,0.35343526784965584,0.014615343736318495,0.05,False,False,True,True,0.0002051275223493576,True,not_needed,,,,,0,False,14276,40944
3,2,0.3,0.0,stage0,0,trimmed,0.5,guarded,controlled,5,1,1,9,0.010127639081845365,custom,"{""bfgs"": 0.3001029127038325, ""custom"": 0.010237938247148238}",0.006745561026036739,0.006745561026036739,stage3_l_opt,l_opt_current_alpha,0.2931642142756754,0.3097898544268347,0.014658210713783745,0.05,True,True,True,False,2.501998096704483e-05,True,not_needed,,,,,0,False,15680,44940
3,2,0.3,0.0,stage0,0,trimmed,0.5,guarded,controlled,5,1,1,10,0.013736975841508483,custom,"{""bfgs"": 0.2995573902767995, ""custom"": 0.011249634499562285}",0.008224567398428917,0.008224567398428917,stage3_l_opt,l_opt_current_alpha,0.4438496361550909,0.46384963615509095,0.014658210713783745,0.05,False,False,True,True,0.0014790063723921776,True,not_needed,,,,,0,False,16928,49396
3,2,0.3,0.0,stage0,0,trimmed,0.5,guarded,controlled,5,1,1,11,0.013736975841508483,custom,"{""bfgs"": 0.2995573902767995, ""custom"": 0.011249634499562285}",0.008224567398428917,0.008224567398428917,stage3_l_opt,l_opt_current_alpha,0.4438496361550909,0.46384963615509095,0.014658210713783745,0.05,False,False,True,True,0.0014790063723921776,True,not_needed,,,,,0,False,18176,53852
3,2,0.3,0.0,stage0,0,trimmed,0.5,guarded,controlled,5,1,1,12,0.013736975841508483,custom,"{""bfgs"": 0.2995573902767995, ""custom"": 0.011249634499562285}",0.008224567398428917,0.008224567398428917,stage3_l_opt,l_opt_current_alpha,0.4438496361550909,0.46384963615509095,0.014658210713783745,0.05,False,False,True,True,0.0014790063723921776,True,not_needed,,,,,0,False,19424,58308
3,2,0.3,0.0,stage0,0,trimmed,0.5,guarded,controlled,5,1,1,13,0.013736975841508483,custom,"{""bfgs"": 0.2995573902767995, ""custom"": 0.011249634499562285}",0.008224567398428917,0.008224567398428917,stage3_l_opt,l_opt_current_alpha,0.4438496361550909,0.46384963615509095,0.014658210713783745,0.05,False,False,True,True,0.0014790063723921776,True,not_needed,,,,,0,False,20672,62764
3,2,0.3,0.0,stage0,0,trimmed,0.5,guarded,controlled,5,1,1,14,0.013736975841508483,custom,"{""bfgs"": 0.2995573902767995, ""custom"": 0.011249634499562285}",0.008224567398428917,0.008224567398428917,stage3_l_opt,l_opt_current_alpha,0.4438496361550909,0.46384963615509095,0.014658210713783745,0.05,False,False,True,True,0.0014790063723921776,True,not_needed,,,,,0,False,21920,67220
3,2,0.3,0.0,stage0,0,trimmed,0.5,guarded,controlled,5,1,1,15,0.013736975841508483,custom,"{""bfgs"": 0.2995573902767995, ""custom"": 0.011249634499562285}",0.008224567398428917,0.008224567398428917,stage3_l_opt,l_opt_current_alpha,0.4438496361550909,0.46384963615509095,0.014658210713783745,0.05,False,False,True,True,0.0014790063723921776,True,not_needed,,,,,0,False,23168,71676
3,2,0.3,0.0,stage0,0,trimmed,0.5,guarded,controlled,5,1,1,16,0.013736975841508483,custom,"{""bfgs"": 0.2995573902767995, ""custom"": 0.011249634499562285}",0.008224567398428917,0.008224567398428917,stage3_l_opt,l_opt_current_alpha,0.4438496361550909,0.46384963615509095,0.014658210713783745,0.05,False,False,True,True,0.0014790063723921776,True,not_needed,,,,,0,False,24416,76132
3,2,0.3,0.0,stage0,0,trimmed,0.5,guarded,controlled,5,1,1,17,0.013736975841508483,custom,"{""bfgs"": 0.2995573902767995, ""custom"": 0.011249634499562285}",0.008224567398428917,0.008224567398428917,stage3_l_opt,l_opt_current_alpha,0.4438496361550909,0.46384963615509095,0.014658210713783745,0.05,False,False,True,True,0.0014790063723921776,True,not_needed,,,,,0,False,25664,80588
3,2,0.3,0.0,stage0,0,trimmed,0.5,guarded,controlled,5,1,1,18,0.013736975841508483,custom,"{""bfgs"": 0.2995573902767995, ""custom"": 0.011249634499562285}",0.008224567398428917,0.008224567398428917,stage3_l_opt,l_opt_current_alpha,0.4438496361550909,0.46384963615509095,0.014658210713783745,0.05,False,False,True,True,0.0014790063723921776,True,not_needed,,,,,0,False,26912,85044
3,2,0.3,0.0,stage0,0,trimmed,0.5,guarded,controlled,5,1,1,19,0.013736975841508483,custom,"{""bfgs"": 0.2995573902767995, ""custom"": 0.011249634499562285}",0.008224567398428917,0.008224567398428917,stage3_l_opt,l_opt_current_alpha,0.4438496361550909,0.46384963615509095,0.014658210713783745,0.05,False,False,True,True,0.0014790063723921776,True,not_needed,,,,,0,False,28160,89500
4,2,0.3,0.0,uniform,0,trimmed,0.5,guarded,controlled,5,1,0,0,0.018710285831912477,custom,"{""bfgs"": 0.03455375656485558, ""custom"": 0.014789278991520405}",0.011898176123698553,0.011898176123698553,stage3_l_opt,l_opt_current_alpha,0.7083264768140565,0.7227821191980169,0.35416323840702824,0.5,False,True,True,False,,True,not_needed,,,,,0,False,3755,9795
4,2,0.3,0.0,uniform,0,trimmed,0.5,guarded,controlled,5,1,0,1,0.010130094911306023,custom,"{""bfgs"": 0.033938250315010944, ""custom"": 0.012507690044225573}",0.015515134980281195,0.015515134980281195,stage3_l_opt,l_opt_current_alpha,0.5233716690477468,0.5393716690477468,0.1770816192035141,0.25,False,False,True,True,0.0036169588565826416,True,not_needed,,,,,0,False,6755,17075
4,2,0.3,0.0,uniform,0,trimmed,0.5,guarded,controlled,5,1,0,2,0.014188382877101627,custom,"{""bfgs"": 0.19813206563125443, ""custom"": 0.012807507965070884}",0.01429811492562294,0.01429811492562294,stage3_l_opt,l_opt_current_alpha,0.5799951134479873,0.5944912211811325,0.08854080960175706,0.125,False,False,True,True,0.002399938801924387,True,not_needed,,,,,0,False,8765,25145
4,2,0.3,0.0,uniform,0,trimmed,0.5,guarded,controlled,5,1,0,3,0.010369640318663803,custom,"{""bfgs"": 0.03280786216604352, ""custom"": 0.015494174507920747}",0.0153957170744737,0.0153957170744737,stage3_l_opt,l_opt_current_alpha,0.7188429172619367,0.7348429172619367,0.04427040480087857,0.0625,False,False,True,True,0.0034975409507751465,True,not_needed,,,,,0,False,11685,32875
4,2,0.3,0.0,uniform,0,trimmed,0.5,guarded,controlled,5,1,0,4,0.013729364222388366,custom,"{""bfgs"": 0.03498668911592939, ""custom"": 0.014632380018324013}",0.014428902417421341,0.014428902417421341,stage3_l_opt,l_opt_current_alpha,0.7226593967458765,0.738072415891079,0.03541632384070287,0.05,False,False,True,True,0.002530726293722788,True,not_needed,,,,,0,False,13685,41720
4,2,0.3,0.0,uniform,0,trimmed,0.5,guarded,controlled,5,1,0,5,0.010789097044679202,custom,"{""bfgs"": 0.02351245861681186, ""custom"": 0.015841721689005113}",0.015185667822758356,0.015185667822758356,stage3_l_opt,l_opt_current_alpha,0.7579371669047746,0.7739371669047747,0.03541632384070287,0.05,False,False,True,True,0.003287491699059803,True,not_needed,,,,,0,False,15035,49390
4,2,0.3,0.0,uniform,0,trimmed,0.5,guarded,controlled,5,1,0,6,0.010789097044679202,custom,"{""bfgs"": 0.02351245861681186, ""custom"": 0.015841721689005113}",0.015185667822758356,0.015185667822758356,stage3_l_opt,l_opt_current_alpha,0.7579371669047746,0.7739371669047747,0.03541632384070287,0.05,False,False,True,True,0.003287491699059803,True,not_needed,,,,,0,False,16385,57060
4,2,0.3,0.0,uniform,0,trimmed,0.5,guarded,controlled,5,1,0,7,0.010789097044679202,custom,"{""bfgs"": 0.02351245861681186, ""custom"": 0.015841721689005113}",0.015185667822758356,0.015185667822758356,stage3_l_opt,l_opt_current_alpha,0.7579371669047746,0.7739371669047747,0.03541632384070287,0.05,False,False,True,True,0.003287491699059803,True,not_needed,,,,,0,False,17735,64730
4,2,0.3,0.0,uniform,0,trimmed,0.5,guarded,controlled,5,1,0,8,0.010789097044679202,custom,"{""bfgs"": 0.02351245861681186, ""custom"": 0.015841721689005113}",0.015185667822758356,0.015185667822758356,stage3_l_opt,l_opt_current_alpha,0.7579371669047746,0.7739371669047747,0.03541632384070287,0.05,False,False,True,True,0.003287491699059803,True,not_needed,,,,,0,False,19085,72400
4,2,0.3,0.0,uniform,0,trimmed,0.5,guarded,controlled,5,1,0,9,0.010789097044679202,custom,"{""bfgs"": 0.02351245861681186, ""custom"": 0.015841721689005113}",0.015185667822758356,0.015185667822758356,stage3_l_opt,l_opt_current_alpha,0.7579371669047746,0.7739371669047747,0.03541632384070287,0.05,False,False,True,True,0.003287491699059803,True,not_needed,,,,,0,False,20435,80070
4,2,0.3,0.0,uniform,0,trimmed,0.5,guarded,controlled,5,1,0,10,0.010789097044679202,custom,"{""bfgs"": 0.02351245861681186, ""custom"": 0.015841721689005113}",0.015185667822758356,0.015185667822758356,stage3_l_opt,l_opt_current_alpha,0.7579371669047746,0.7739371669047747,0.03541632384070287,0.05,False,False,True,True,0.003287491699059803,True,not_needed,,,,,0,False,21785,87740
4,2,0.3,0.0,uniform,0,trimmed,0.5,guarded,controlled,5,1,0,11,0.010789097044679202,custom,"{""bfgs"": 0.02351245861681186, ""custom"": 0.015841721689005113}",0.015185667822758356,0.015185667822758356,stage3_l_opt,l_opt_current_alpha,0.7579371669047746,0.7739371669047747,0.03541632384070287,0.05,False,False,True,True,0.003287491699059803,True,not_needed,,,,,0,False,23135,95410
4,2,0.3,0.0,uniform,0,trimmed,0.5,guarded,controlled,5,1,0,12,0.010789097044679202,custom,"{""bfgs"": 0.02351245861681186, ""custom"": 0.015841721689005113}",0.015185667822758356,0.015185667822758356,stage3_l_opt,l_opt_current_alpha,0.7579371669047746,0.7739371669047747,0.03541632384070287,0.05,False,False,True,True,0.003287491699059803,True,not_needed,,,,,0,False,24485,103080
4,2,0.3,0.0,uniform,0,trimmed,0.5,guarded,controlled,5,1,0,13,0.010789097044679202,custom,"{""bfgs"": 0.02351245861681186, ""custom"": 0.015841721689005113}",0.015185667822758356,0.015185667822758356,stage3_l_opt,l_opt_current_alpha,0.7579371669047746,0.7739371669047747,0.03541632384070287,0.05,False,False,True,True,0.003287491699059803,True,not_needed,,,,,0,False,25835,110750
4,2,0.3,0.0,uniform,0,trimmed,0.5,guarded,controlled,5,1,0,14,0.010789097044679202,custom,"{""bfgs"": 0.02351245861681186, ""custom"": 0.015841721689005113}",0.015185667822758356,0.015185667822758356,stage3_l_opt,l_opt_current_alpha,0.7579371669047746,0.7739371669047747,0.03541632384070287,0.05,False,False,True,True,0.003287491699059803,True,not_needed,,,,,0,False,27185,118420
4,2,0.3,0.0,uniform,0,trimmed,0.5,guarded,controlled,5,1,0,15,0.010789097044679202,custom,"{""bfgs"": 0.02351245861681186, ""custom"": 0.015841721689005113}",0.015185667822758356,0.015185667822758356,stage3_l_opt,l_opt_current_alpha,0.7579371669047746,0.7739371669047747,0.03541632384070287,0.05,False,False,True,True,0.003287491699059803,True,not_needed,,,,,0,False,28535,126090
4,2,0.3,0.0,uniform,0,trimmed,0.5,guarded,controlled,5,1,0,16,0.010789097044679202,custom,"{""bfgs"": 0.02351245861681186, ""custom"": 0.015841721689005113}",0.015185667822758356,0.015185667822758356,stage3_l_opt,l_opt_current_alpha,0.7579371669047746,0.7739371669047747,0.03541632384070287,0.05,False,False,True,True,0.003287491699059803,True,not_needed,,,,,0,False,29885,133760
4,2,0.3,0.0,uniform,0,trimmed,0.5,guarded,controlled,5,1,0,17,0.010789097044679202,custom,"{""bfgs"": 0.02351245861681186, ""custom"": 0.015841721689005113}",0.015185667822758356,0.015185667822758356,stage3_l_opt,l_opt_current_alpha,0.7579371669047746,0.7739371669047747,0.03541632384070287,0.05,False,False,True,True,0.003287491699059803,True,not_needed,,,,,0,False,31235,141430
4,2,0.3,0.0,uniform,0,trimmed,0.5,guarded,controlled,5,1,0,18,0.010789097044679202,custom,"{""bfgs"": 0.02351245861681186, ""custom"": 0.015841721689005113}",0.015185667822758356,0.015185667822758356,stage3_l_opt,l_opt_current_alpha,0.7579371669047746,0.7739371669047747,0.03541632384070287,0.05,False,False,True,True,0.003287491699059803,True,not_needed,,,,,0,False,32585,149100
4,2,0.3,0.0,uniform,0,trimmed,0.5,guarded,controlled,5,1,0,19,0.010789097044679202,custom,"{""bfgs"": 0.02351245861681186, ""custom"": 0.015841721689005113}",0.015185667822758356,0.015185667822758356,stage3_l_opt,l_opt_current_alpha,0.7579371669047746,0.7739371669047747,0.03541632384070287,0.05,False,False,True,True,0.003287491699059803,True,not_needed,,,,,0,False,33935,156770
4,2,0.3,0.0,stage0,0,trimmed,0.5,guarded,controlled,5,1,0,0,0.016114011402384457,custom,"{""bfgs"": 0.030843182085729857, ""custom"": 0.01759783880111397}",0.01870731512705485,0.01870731512705485,stage3_l_opt,l_opt_current_alpha,0.7451309279717231,0.7504320538100555,0.37256546398586154,0.5,False,True,True,False,,True,not_needed,,,,,0,False,2830,7245
4,2,0.3,0.0,stage0,0,trimmed,0.5,guarded,controlled,5,1,0,1,0.016340196819819727,custom,"{""bfgs"": 0.023085723322103152, ""custom"": 0.017251275851925655}",0.02088198314110438,0.02088198314110438,stage3_l_opt,l_opt_current_alpha,0.8767985593248562,0.8927985593248562,0.18628273199293074,0.25,False,False,True,True,0.00217466801404953,True,not_needed,,,,,0,False,4855,13190
4,2,0.3,0.0,stage0,0,trimmed,0.5,guarded,controlled,5,1,0,2,0.016339291869368278,custom,"{""bfgs"": 0.02130598275657894, ""custom"": 0.017561371147635414}",0.0208896870414416,0.0208896870414416,stage3_l_opt,l_opt_current_alpha,0.40695642778136093,0.4162753823737472,0.09314136599646528,0.125,False,False,True,True,0.0021823719143867493,True,not_needed,,,,,0,False,6715,23815
4,2,0.3,0.0,stage0,0,trimmed,0.5,guarded,controlled,5,1,0,3,0.01642993410126717,custom,"{""bfgs"": 0.03024585536836423, ""custom"": 0.017823854880534343}",0.021595480541388195,0.021595480541388195,stage3_l_opt,l_opt_current_alpha,0.6791864732218091,0.6841433100188746,0.04657068299823269,0.0625,False,False,True,True,0.0028881654143333435,True,not_needed,,,,,0,False,8920,29490
4,2,0.3,0.0,stage0,0,trimmed,0.5,guarded,controlled,5,1,0,4,0.017377630996753463,custom,"{""bfgs"": 0.027919376810130625, ""custom"": 0.018235711777718256}",0.023726141701141994,0.023726141701141994,stage3_l_opt,l_opt_current_alpha,0.8751780844181984,0.8840836559594842,0.03725654639858611,0.05,False,False,True,True,0.005018826574087143,True,not_needed,,,,,0,False,11435,35910
4,2,0.3,0.0,stage0,0,trimmed,0.5,guarded,controlled,5,1,0,5,0.017291154783709753,custom,"{""bfgs"": 0.02906497345594744, ""custom"": 0.01823182027749429}",0.023760367184877396,0.023760367184877396,stage3_l_opt,l_opt_current_alpha,0.8859346115524516,0.8948696196352601,0.03725654639858611,0.05,False,False,True,True,0.005053052057822544,True,not_needed,,,,,0,False,12780,42175
4,2,0.3,0.0,stage0,0,trimmed,0.5,guarded,controlled,5,1,0,6,0.017291154783709753,custom,"{""bfgs"": 0.02906497345594744, ""custom"": 0.01823182027749429}",0.023760367184877396,0.023760367184877396,stage3_l_opt,l_opt_current_alpha,0.8859346115524516,0.8948696196352601,0.03725654639858611,0.05,False,False,True,True,0.005053052057822544,True,not_needed,,,,,0,False,14125,48440
4,2,0.3,0.0,stage0,0,trimmed,0.5,guarded,controlled,5,1,0,7,0.017291154783709753,custom,"{""bfgs"": 0.02906497345594744, ""custom"": 0.01823182027749429}",0.023760367184877396,0.023760367184877396,stage3_l_opt,l_opt_current_alpha,0.8859346115524516,0.8948696196352601,0.03725654639858611,0.05,False,False,True,True,0.005053052057822544,True,not_needed,,,,,0,False,15470,54705
4,2,0.3,0.0,stage0,0,trimmed,0.5,guarded,controlled,5,1,0,8,0.017291154783709753,custom,"{""bfgs"": 0.02906497345594744, ""custom"": 0.01823182027749429}",0.023760367184877396,0.023760367184877396,stage3_l_opt,l_opt_current_alpha,0.8859346115524516,0.8948696196352601,0.03725654639858611,0.05,False,False,True,True,0.005053052057822544,True,not_needed,,,,,0,False,16815,60970
4,2,0.3,0.0,stage0,0,trimmed,0.5,guarded,controlled,5,1,0,9,0.017291154783709753,custom,"{""bfgs"": 0.02906497345594744, ""custom"": 0.01823182027749429}",0.023760367184877396,0.023760367184877396,stage3_l_opt,l_opt_current_alpha,0.8859346115524516,0.8948696196352601,0.03725654639858611,0.05,False,False,True,True,0.005053052057822544,True,not_needed,,,,,0,False,18160,67235
4,2,0.3,0.0,stage0,0,trimmed,0.5,guarded,controlled,5,1,0,10,0.017291154783709753,custom,"{""bfgs"": 0.02906497345594744, ""custom"": 0.01823182027749429}",0.023760367184877396,0.023760367184877396,stage3_l_opt,l_opt_current_alpha,0.8859346115524516,0.8948696196352601,0.03725654639858611,0.05,False,False,True,True,0.005053052057822544,True,not_needed,,,,,0,False,19505,73500
4,2,0.3,0.0,stage0,0,trimmed,0.5,guarded,controlled,5,1,0,11,0.017291154783709753,custom,"{""bfgs"": 0.02906497345594744, ""custom"": 0.01823182027749429}",0.023760367184877396,0.023760367184877396,stage3_l_opt,l_opt_current_alpha,0.8859346115524516,0.8948696196352601,0.03725654639858611,0.05,False,False,True,True,0.005053052057822544,True,not_needed,,,,,0,False,20850,79765
4,2,0.3,0.0,stage0,0,trimmed,0.5,guarded,controlled,5,1,0,12,0.017291154783709753,custom,"{""bfgs"": 0.02906497345594744, ""custom"": 0.01823182027749429}",0.023760367184877396,0.023760367184877396,stage3_l_opt,l_opt_current_alpha,0.8859346115524516,0.8948696196352601,0.03725654639858611,0.05,False,False,True,True,0.005053052057822544,True,not_needed,,,,,0,False,22195,86030
4,2,0.3,0.0,stage0,0,trimmed,0.5,guarded,controlled,5,1,0,13,0.017291154783709753,custom,"{""bfgs"": 0.02906497345594744, ""custom"": 0.01823182027749429}",0.023760367184877396,0.023760367184877396,stage3_l_opt,l_opt_current_alpha,0.8859346115524516,0.8948696196352601,0.03725654639858611,0.05,False,False,True,True,0.005053052057822544,True,not_needed,,,,,0,False,23540,92295
4,2,0.3,0.0,stage0,0,trimmed,0.5,guarded,controlled,5,1,0,14,0.017291154783709753,custom,"{""bfgs"": 0.02906497345594744, ""custom"": 0.01823182027749429}",0.023760367184877396,0.023760367184877396,stage3_l_opt,l_opt_current_alpha,0.8859346115524516,0.8948696196352601,0.03725654639858611,0.05,False,False,True,True,0.005053052057822544,True,not_needed,,,,,0,False,24885,98560
4,2,0.3,0.0,stage0,0,trimmed,0.5,guarded,controlled,5,1,0,15,0.017291154783709753,custom,"{""bfgs"": 0.02906497345594744, ""custom"": 0.01823182027749429}",0.023760367184877396,0.023760367184877396,stage3_l_opt,l_opt_current_alpha,0.8859346115524516,0.8948696196352601,0.03725654639858611,0.05,False,False,True,True,0.005053052057822544,True,not_needed,,,,,0,False,26230,104825
4,2,0.3,0.0,stage0,0,trimmed,0.5,guarded,controlled,5,1,0,16,0.017291154783709753,custom,"{""bfgs"": 0.02906497345594744, ""custom"": 0.01823182027749429}",0.023760367184877396,0.023760367184877396,stage3_l_opt,l_opt_current_alpha,0.8859346115524516,0.8948696196352601,0.03725654639858611,0.05,False,False,True,True,0.005053052057822544,True,not_needed,,,,,0,False,27575,111090
4,2,0.3,0.0,stage0,0,trimmed,0.5,guarded,controlled,5,1,0,17,0.017291154783709753,custom,"{""bfgs"": 0.02906497345594744, ""custom"": 0.01823182027749429}",0.023760367184877396,0.023760367184877396,stage3_l_opt,l_opt_current_alpha,0.8859346115524516,0.8948696196352601,0.03725654639858611,0.05,False,False,True,True,0.005053052057822544,True,not_needed,,,,,0,False,28920,117355
4,2,0.3,0.0,stage0,0,trimmed,0.5,guarded,controlled,5,1,0,18,0.017291154783709753,custom,"{""bfgs"": 0.02906497345594744, ""custom"": 0.01823182027749429}",0.023760367184877396,0.023760367184877396,stage3_l_opt,l_opt_current_alpha,0.8859346115524516,0.8948696196352601,0.03725654639858611,0.05,False,False,True,True,0.005053052057822544,True,not_needed,,,,,0,False,30265,123620
4,2,0.3,0.0,stage0,0,trimmed,0.5,guarded,controlled,5,1,0,19,0.017291154783709753,custom,"{""bfgs"": 0.02906497345594744, ""custom"": 0.01823182027749429}",0.023760367184877396,0.023760367184877396,stage3_l_opt,l_opt_current_alpha,0.8859346115524516,0.8948696196352601,0.03725654639858611,0.05,False,False,True,True,0.005053052057822544,True,not_needed,,,,,0,False,31610,129885
5,2,0.3,0.0,uniform,0,trimmed,0.5,guarded,controlled,5,1,0,0,0.00600328062272551,custom,"{""bfgs"": 0.08161506727337837, ""custom"": 0.024087393656373027}",0.023959896837671597,0.023959896837671597,stage3_l_opt,l_opt_current_alpha,1.568,1.6,0.7839999999999999,0.5,False,True,True,False,,True,not_needed,,,,,0,False,2255,7455
5,2,0.3,0.0,uniform,0,trimmed,0.5,guarded,controlled,5,1,0,1,0.002342667785967016,custom,"{""bfgs"": 0.007928994923830032, ""custom"": 0.0072101569510996345}",0.008316502595941225,0.008316502595941225,stage3_l_opt,l_opt_current_alpha,0.9361418767810258,0.9432468130418629,0.46807093839051284,0.5,True,True,True,False,-0.01564339424173037,True,recovered_informative,15,0.020036893621087078,0.00867052736878395,0.011366366252303127,1,True,5805,21205
5,2,0.3,0.0,uniform,0,trimmed,0.5,guarded,controlled,5,1,0,2,0.006075479999164784,custom,"{""bfgs"": 0.02759130841750489, ""custom"": 0.014047509800782051}",0.011338474228978157,0.011338474228978157,stage3_l_opt,l_opt_current_alpha,0.7968534605572204,0.8048534605572204,0.23403546919525647,0.25,False,False,True,True,0.003021971633036932,True,not_needed,,,,,0,False,6675,29220
5,2,0.3,0.0,uniform,0,trimmed,0.5,guarded,controlled,5,1,0,3,0.0060175515632030635,custom,"{""bfgs"": 0.019550889539928937, ""custom"": 0.011175344849348113}",0.012870054692029953,0.012870054692029953,stage3_l_opt,l_opt_current_alpha,0.6178803133299609,0.6202284462184322,0.1170177345976282,0.125,False,False,True,True,0.004553552096088728,True,not_needed,,,,,0,False,8405,36725
5,2,0.3,0.0,uniform,0,trimmed,0.5,guarded,controlled,5,1,0,4,0.02924958919685748,custom,"{""bfgs"": 0.019661302681080656, ""custom"": 0.017273597896954332}",0.027794353663921356,0.027794353663921356,stage3_l_opt,l_opt_current_alpha,0.7441388921079575,0.7452598212297668,0.05850886729881409,0.0625,False,False,True,True,0.019477851067980133,True,not_needed,,,,,0,False,10405,43575
5,2,0.3,0.0,uniform,0,trimmed,0.5,guarded,controlled,5,1,0,5,0.030476534727886168,custom,"{""bfgs"": 0.05554156965128832, ""custom"": 0.016627922674283094}",0.028891150529185932,0.028891150529185932,stage3_l_opt,l_opt_current_alpha,0.9806054320717676,0.9932808183626045,0.04680709383905125,0.05,False,False,True,True,0.020574647933244705,True,not_needed,,,,,0,False,10865,51310
5,2,0.3,0.0,uniform,0,trimmed,0.5,guarded,controlled,5,1,0,6,0.029251792323954307,custom,"{""bfgs"": 0.022615609172173215, ""custom"": 0.01570898770263068}",0.027794469768802326,0.027794469768802326,stage3_l_opt,l_opt_current_alpha,1.1704300892171606,1.1826640836836544,0.04680709383905125,0.05,False,False,True,True,0.0194779671728611,True,not_needed,,,,,0,False,13850,57445
5,2,0.3,0.0,uniform,0,trimmed,0.5,guarded,controlled,5,1,0,7,0.029251792323954307,custom,"{""bfgs"": 0.022615609172173215, ""custom"": 0.01570898770263068}",0.027794469768802326,0.027794469768802326,stage3_l_opt,l_opt_current_alpha,1.1704300892171606,1.1826640836836544,0.04680709383905125,0.05,False,False,True,True,0.0194779671728611,True,not_needed,,,,,0,False,16835,63580
5,2,0.3,0.0,uniform,0,trimmed,0.5,guarded,controlled,5,1,0,8,0.029251792323954307,custom,"{""bfgs"": 0.022615609172173215, ""custom"": 0.01570898770263068}",0.027794469768802326,0.027794469768802326,stage3_l_opt,l_opt_current_alpha,1.1704300892171606,1.1826640836836544,0.04680709383905125,0.05,False,False,True,True,0.0194779671728611,True,not_needed,,,,,0,False,19820,69715
5,2,0.3,0.0,uniform,0,trimmed,0.5,guarded,controlled,5,1,0,9,0.029251792323954307,custom,"{""bfgs"": 0.022615609172173215, ""custom"": 0.01570898770263068}",0.027794469768802326,0.027794469768802326,stage3_l_opt,l_opt_current_alpha,1.1704300892171606,1.1826640836836544,0.04680709383905125,0.05,False,False,True,True,0.0194779671728611,True,not_needed,,,,,0,False,22805,75850
5,2,0.3,0.0,uniform,0,trimmed,0.5,guarded,controlled,5,1,0,10,0.029251792323954307,custom,"{""bfgs"": 0.022615609172173215, ""custom"": 0.01570898770263068}",0.027794469768802326,0.027794469768802326,stage3_l_opt,l_opt_current_alpha,1.1704300892171606,1.1826640836836544,0.04680709383905125,0.05,False,False,True,True,0.0194779671728611,True,not_needed,,,,,0,False,25790,81985
5,2,0.3,0.0,uniform,0,trimmed,0.5,guarded,controlled,5,1,0,11,0.029251792323954307,custom,"{""bfgs"": 0.022615609172173215, ""custom"": 0.01570898770263068}",0.027794469768802326,0.027794469768802326,stage3_l_opt,l_opt_current_alpha,1.1704300892171606,1.1826640836836544,0.04680709383905125,0.05,False,False,True,True,0.0194779671728611,True,not_needed,,,,,0,False,28775,88120
5,2,0.3,0.0,uniform,0,trimmed,0.5,guarded,controlled,5,1,0,12,0.029251792323954307,custom,"{""bfgs"": 0.022615609172173215, ""custom"": 0.01570898770263068}",0.027794469768802326,0.027794469768802326,stage3_l_opt,l_opt_current_alpha,1.1704300892171606,1.1826640836836544,0.04680709383905125,0.05,False,False,True,True,0.0194779671728611,True,not_needed,,,,,0,False,31760,94255
5,2,0.3,0.0,uniform,0,trimmed,0.5,guarded,controlled,5,1,0,13,0.029251792323954307,custom,"{""bfgs"": 0.022615609172173215, ""custom"": 0.01570898770263068}",0.027794469768802326,0.027794469768802326,stage3_l_opt,l_opt_current_alpha,1.1704300892171606,1.1826640836836544,0.04680709383905125,0.05,False,False,True,True,0.0194779671728611,True,not_needed,,,,,0,False,34745,100390
5,2,0.3,0.0,uniform,0,trimmed,0.5,guarded,controlled,5,1,0,14,0.029251792323954307,custom,"{""bfgs"": 0.022615609172173215, ""custom"": 0.01570898770263068}",0.027794469768802326,0.027794469768802326,stage3_l_opt,l_opt_current_alpha,1.1704300892171606,1.1826640836836544,0.04680709383905125,0.05,False,False,True,True,0.0194779671728611,True,not_needed,,,,,0,False,37730,106525
5,2,0.3,0.0,uniform,0,trimmed,0.5,guarded,controlled,5,1,0,15,0.029251792323954307,custom,"{""bfgs"": 0.022615609172173215, ""custom"": 0.01570898770263068}",0.027794469768802326,0.027794469768802326,stage3_l_opt,l_opt_current_alpha,1.1704300892171606,1.1826640836836544,0.04680709383905125,0.05,False,False,True,True,0.0194779671728611,True,not_needed,,,,,0,False,40715,112660
5,2,0.3,0.0,uniform,0,trimmed,0.5,guarded,controlled,5,1,0,16,0.029251792323954307,custom,"{""bfgs"": 0.022615609172173215, ""custom"": 0.01570898770263068}",0.027794469768802326,0.027794469768802326,stage3_l_opt,l_opt_current_alpha,1.1704300892171606,1.1826640836836544,0.04680709383905125,0.05,False,False,True,True,0.0194779671728611,True,not_needed,,,,,0,False,43700,118795
5,2,0.3,0.0,uniform,0,trimmed,0.5,guarded,controlled,5,1,0,17,0.029251792323954307,custom,"{""bfgs"": 0.022615609172173215, ""custom"": 0.01570898770263068}",0.027794469768802326,0.027794469768802326,stage3_l_opt,l_opt_current_alpha,1.1704300892171606,1.1826640836836544,0.04680709383905125,0.05,False,False,True,True,0.0194779671728611,True,not_needed,,,,,0,False,46685,124930
5,2,0.3,0.0,uniform,0,trimmed,0.5,guarded,controlled,5,1,0,18,0.029251792323954307,custom,"{""bfgs"": 0.022615609172173215, ""custom"": 0.01570898770263068}",0.027794469768802326,0.027794469768802326,stage3_l_opt,l_opt_current_alpha,1.1704300892171606,1.1826640836836544,0.04680709383905125,0.05,False,False,True,True,0.0194779671728611,True,not_needed,,,,,0,False,49670,131065
5,2,0.3,0.0,uniform,0,trimmed,0.5,guarded,controlled,5,1,0,19,0.029251792323954307,custom,"{""bfgs"": 0.022615609172173215, ""custom"": 0.01570898770263068}",0.027794469768802326,0.027794469768802326,stage3_l_opt,l_opt_current_alpha,1.1704300892171606,1.1826640836836544,0.04680709383905125,0.05,False,False,True,True,0.0194779671728611,True,not_needed,,,,,0,False,52655,137200
5,2,0.3,0.0,stage0,0,trimmed,0.5,guarded,controlled,5,1,0,0,0.01103413999153284,bfgs,"{""bfgs"": 0.007756568477051854, ""custom"": 0.016727588304692793}",0.008777592331171036,0.008777592331171036,stage3_l_opt,l_opt_current_alpha,0.783494038031676,0.7907103269899204,0.39174701901583797,0.5,False,True,True,False,,True,not_needed,,,,,0,False,1240,9515
5,2,0.3,0.0,stage0,0,trimmed,0.5,guarded,controlled,5,1,0,1,0.0037246537916777525,bfgs,"{""bfgs"": 0.010754422108748891, ""custom"": 0.027380039280078615}",0.012294817715883255,0.012294817715883255,stage3_l_opt,l_opt_current_alpha,0.8909207857053622,0.9149207857053622,0.19587350950791904,0.25,False,False,True,True,0.0035172253847122192,True,not_needed,,,,,0,False,3720,18925
5,2,0.3,0.0,stage0,0,trimmed,0.5,guarded,controlled,5,1,0,2,0.013028652263418039,bfgs,"{""bfgs"": 0.019489025622810956, ""custom"": 0.027296811308629203}",0.015453656514485678,0.015453656514485678,stage3_l_opt,l_opt_current_alpha,1.0484364624252194,1.0724364624252194,0.09793675475395952,0.125,False,False,True,True,0.006676064183314642,True,not_needed,,,,,0,False,4855,26570
5,2,0.3,0.0,stage0,0,trimmed,0.5,guarded,controlled,5,1,0,3,0.0018280813141403618,bfgs,"{""bfgs"": 0.01065814462037525, ""custom"": 0.02035409766369694}",0.013221798464655876,0.013221798464655876,stage3_l_opt,l_opt_current_alpha,1.0305404554554065,1.0525679279996973,0.04896837737697973,0.0625,False,False,True,True,0.00444420613348484,True,not_needed,,,,,0,False,7100,34095
5,2,0.3,0.0,stage0,0,trimmed,0.5,guarded,controlled,5,1,0,4,0.00858838690580467,bfgs,"{""bfgs"": 0.00791058451796327, ""custom"": 0.024529855738074615}",0.007946712896227837,0.007946712896227837,stage3_l_opt,l_opt_current_alpha,0.6427119828401876,0.6480545232716052,0.04016949892751175,0.0625,True,True,True,False,-0.0008308794349431992,True,not_needed,,,,,0,False,7625,42915
5,2,0.3,0.0,stage0,0,trimmed,0.5,guarded,controlled,5,1,0,5,0.029933160544615714,bfgs,"{""bfgs"": 0.02193356916452144, ""custom"": 0.02680188564776954}",0.026407567784190178,0.026407567784190178,stage3_l_opt,l_opt_current_alpha,1.6190073790594368,1.6510073790594368,0.03213559914200936,0.05,False,False,True,True,0.01846085488796234,True,not_needed,,,,,0,False,8505,50870
5,2,0.3,0.0,stage0,0,trimmed,0.5,guarded,controlled,5,1,0,6,0.008500185953306733,bfgs,"{""bfgs"": 0.01239614143064917, ""custom"": 0.027387309778249973}",0.01749986285964648,0.01749986285964648,stage3_l_opt,l_opt_current_alpha,1.1387990606392318,1.1627990606392316,0.03213559914200936,0.05,False,False,True,True,0.009553149963418644,True,not_needed,,,,,0,False,10320,61140
5,2,0.3,0.0,stage0,0,trimmed,0.5,guarded,controlled,5,1,0,7,0.008500185953306733,bfgs,"{""bfgs"": 0.01239614143064917, ""custom"": 0.027387309778249973}",0.01749986285964648,0.01749986285964648,stage3_l_opt,l_opt_current_alpha,1.1387990606392318,1.1627990606392316,0.03213559914200936,0.05,False,False,True,True,0.009553149963418644,True,not_needed,,,,,0,False,12135,71410
5,2,0.3,0.0,stage0,0,trimmed,0.5,guarded,controlled,5,1,0,8,0.008500185953306733,bfgs,"{""bfgs"": 0.01239614143064917, ""custom"": 0.027387309778249973}",0.01749986285964648,0.01749986285964648,stage3_l_opt,l_opt_current_alpha,1.1387990606392318,1.1627990606392316,0.03213559914200936,0.05,False,False,True,True,0.009553149963418644,True,not_needed,,,,,0,False,13950,81680
5,2,0.3,0.0,stage0,0,trimmed,0.5,guarded,controlled,5,1,0,9,0.008500185953306733,bfgs,"{""bfgs"": 0.01239614143064917, ""custom"": 0.027387309778249973}",0.01749986285964648,0.01749986285964648,stage3_l_opt,l_opt_current_alpha,1.1387990606392318,1.1627990606392316,0.03213559914200936,0.05,False,False,True,True,0.009553149963418644,True,not_needed,,,,,0,False,15765,91950
5,2,0.3,0.0,stage0,0,trimmed,0.5,guarded,controlled,5,1,0,10,0.008500185953306733,bfgs,"{""bfgs"": 0.01239614143064917, ""custom"": 0.027387309778249973}",0.01749986285964648,0.01749986285964648,stage3_l_opt,l_opt_current_alpha,1.1387990606392318,1.1627990606392316,0.03213559914200936,0.05,False,False,True,True,0.009553149963418644,True,not_needed,,,,,0,False,17580,102220
5,2,0.3,0.0,stage0,0,trimmed,0.5,guarded,controlled,5,1,0,11,0.008500185953306733,bfgs,"{""bfgs"": 0.01239614143064917, ""custom"": 0.027387309778249973}",0.01749986285964648,0.01749986285964648,stage3_l_opt,l_opt_current_alpha,1.1387990606392318,1.1627990606392316,0.03213559914200936,0.05,False,False,True,True,0.009553149963418644,True,not_needed,,,,,0,False,19395,112490
5,2,0.3,0.0,stage0,0,trimmed,0.5,guarded,controlled,5,1,0,12,0.008500185953306733,bfgs,"{""bfgs"": 0.01239614143064917, ""custom"": 0.027387309778249973}",0.01749986285964648,0.01749986285964648,stage3_l_opt,l_opt_current_alpha,1.1387990606392318,1.1627990606392316,0.03213559914200936,0.05,False,False,True,True,0.009553149963418644,True,not_needed,,,,,0,False,21210,122760
5,2,0.3,0.0,stage0,0,trimmed,0.5,guarded,controlled,5,1,0,13,0.008500185953306733,bfgs,"{""bfgs"": 0.01239614143064917, ""custom"": 0.027387309778249973}",0.01749986285964648,0.01749986285964648,stage3_l_opt,l_opt_current_alpha,1.1387990606392318,1.1627990606392316,0.03213559914200936,0.05,False,False,True,True,0.009553149963418644,True,not_needed,,,,,0,False,23025,133030
5,2,0.3,0.0,stage0,0,trimmed,0.5,guarded,controlled,5,1,0,14,0.008500185953306733,bfgs,"{""bfgs"": 0.01239614143064917, ""custom"": 0.027387309778249973}",0.01749986285964648,0.01749986285964648,stage3_l_opt,l_opt_current_alpha,1.1387990606392318,1.1627990606392316,0.03213559914200936,0.05,False,False,True,True,0.009553149963418644,True,not_needed,,,,,0,False,24840,143300
5,2,0.3,0.0,stage0,0,trimmed,0.5,guarded,controlled,5,1,0,15,0.008500185953306733,bfgs,"{""bfgs"": 0.01239614143064917, ""custom"": 0.027387309778249973}",0.01749986285964648,0.01749986285964648,stage3_l_opt,l_opt_current_alpha,1.1387990606392318,1.1627990606392316,0.03213559914200936,0.05,False,False,True,True,0.009553149963418644,True,not_needed,,,,,0,False,26655,153570
5,2,0.3,0.0,stage0,0,trimmed,0.5,guarded,controlled,5,1,0,16,0.008500185953306733,bfgs,"{""bfgs"": 0.01239614143064917, ""custom"": 0.027387309778249973}",0.01749986285964648,0.01749986285964648,stage3_l_opt,l_opt_current_alpha,1.1387990606392318,1.1627990606392316,0.03213559914200936,0.05,False,False,True,True,0.009553149963418644,True,not_needed,,,,,0,False,28470,163840
5,2,0.3,0.0,stage0,0,trimmed,0.5,guarded,controlled,5,1,0,17,0.008500185953306733,bfgs,"{""bfgs"": 0.01239614143064917, ""custom"": 0.027387309778249973}",0.01749986285964648,0.01749986285964648,stage3_l_opt,l_opt_current_alpha,1.1387990606392318,1.1627990606392316,0.03213559914200936,0.05,False,False,True,True,0.009553149963418644,True,not_needed,,,,,0,False,30285,174110
5,2,0.3,0.0,stage0,0,trimmed,0.5,guarded,controlled,5,1,0,18,0.008500185953306733,bfgs,"{""bfgs"": 0.01239614143064917, ""custom"": 0.027387309778249973}",0.01749986285964648,0.01749986285964648,stage3_l_opt,l_opt_current_alpha,1.1387990606392318,1.1627990606392316,0.03213559914200936,0.05,False,False,True,True,0.009553149963418644,True,not_needed,,,,,0,False,32100,184380
5,2,0.3,0.0,stage0,0,trimmed,0.5,guarded,controlled,5,1,0,19,0.008500185953306733,bfgs,"{""bfgs"": 0.01239614143064917, ""custom"": 0.027387309778249973}",0.01749986285964648,0.01749986285964648,stage3_l_opt,l_opt_current_alpha,1.1387990606392318,1.1627990606392316,0.03213559914200936,0.05,False,False,True,True,0.009553149963418644,True,not_needed,,,,,0,False,33915,194650
6,2,0.3,0.0,uniform,0,trimmed,0.5,guarded,controlled,5,1,0,0,0.009358439770657312,custom,"{""bfgs"": 0.10662810206413269, ""custom"": 0.028813404589891435}",0.014234452197949091,0.014234452197949091,stage3_l_opt,l_opt_current_alpha,1.568,1.6,0.7839999999999999,0.5,False,True,True,False,,True,not_needed,,,,,0,False,2035,8945
6,2,0.3,0.0,uniform,0,trimmed,0.5,guarded,controlled,5,1,0,1,0.006990146064280722,custom,"{""bfgs"": 0.0426669830866158, ""custom"": 0.01303714329004288}",0.015116646885871887,0.015116646885871887,stage3_l_opt,l_opt_current_alpha,1.5489652636299944,1.5765767996224431,0.39199999999999996,0.25,False,False,True,True,0.0008821946879227962,True,not_needed,,,,,0,False,3355,17215
6,2,0.3,0.0,uniform,0,trimmed,0.5,guarded,controlled,5,1,0,2,0.004312960330781129,custom,"{""bfgs"": 0.01961257630214095, ""custom"": 0.005752085868269206}",0.002085598806540171,0.002085598806540171,stage3_l_opt,l_opt_current_alpha,0.6905642094200238,0.7106573565510447,0.17264105235500593,0.25,True,True,True,False,-0.01214885339140892,True,not_needed,,,,,0,False,6325,27250
6,2,0.3,0.0,uniform,0,trimmed,0.5,guarded,controlled,5,1,0,3,0.003974322240627798,custom,"{""bfgs"": 0.17670710339305257, ""custom"": 0.0050844828361272095}",0.002462351073821386,0.002462351073821386,stage3_l_opt,l_opt_current_alpha,0.18735553741683994,0.18165583303034671,0.08632052617750291,0.125,False,False,True,True,0.0003767522672812147,True,not_needed,,,,,0,False,7355,36330
6,2,0.3,0.0,uniform,0,trimmed,0.5,guarded,controlled,5,1,0,4,0.00403790994308767,custom,"{""bfgs"": 0.09077259977931608, ""custom"": 0.005443264611992142}",0.0023819133639335632,0.0023819133639335632,stage3_l_opt,l_opt_current_alpha,0.33162727663705704,0.331742495941435,0.04316026308875143,0.0625,False,False,True,True,0.00029631455739339207,True,not_needed,,,,,0,False,8435,45455
6,2,0.3,0.0,uniform,0,trimmed,0.5,guarded,controlled,5,1,0,5,0.006990813048206174,custom,"{""bfgs"": 0.023350261414313463, ""custom"": 0.018275840994754537}",0.015102334320545197,0.015102334320545197,stage3_l_opt,l_opt_current_alpha,1.1453076282391863,1.1773076282391863,0.03452821047100113,0.05,False,False,True,True,0.013016735514005026,True,not_needed,,,,,0,False,11000,54480
6,2,0.3,0.0,uniform,0,trimmed,0.5,guarded,controlled,5,1,0,6,0.004923390387446103,custom,"{""bfgs"": 0.31736504823384654, ""custom"": 0.005729946693563781}",0.0022240119675795236,0.0022240119675795236,stage3_l_opt,l_opt_current_alpha,0.5702701052067556,0.5904093705662536,0.03452821047100113,0.05,False,False,True,True,0.00013841316103935242,True,not_needed,,,,,0,False,14060,64700
6,2,0.3,0.0,uniform,0,trimmed,0.5,guarded,controlled,5,1,0,7,0.004923390387446103,custom,"{""bfgs"": 0.31736504823384654, ""custom"": 0.005729946693563781}",0.0022240119675795236,0.0022240119675795236,stage3_l_opt,l_opt_current_alpha,0.5702701052067556,0.5904093705662536,0.03452821047100113,0.05,False,False,True,True,0.00013841316103935242,True,not_needed,,,,,0,False,17120,74920
6,2,0.3,0.0,uniform,0,trimmed,0.5,guarded,controlled,5,1,0,8,0.004923390387446103,custom,"{""bfgs"": 0.31736504823384654, ""custom"": 0.005729946693563781}",0.0022240119675795236,0.0022240119675795236,stage3_l_opt,l_opt_current_alpha,0.5702701052067556,0.5904093705662536,0.03452821047100113,0.05,False,False,True,True,0.00013841316103935242,True,not_needed,,,,,0,False,20180,85140
6,2,0.3,0.0,uniform,0,trimmed,0.5,guarded,controlled,5,1,0,9,0.004923390387446103,custom,"{""bfgs"": 0.31736504823384654, ""custom"": 0.005729946693563781}",0.0022240119675795236,0.0022240119675795236,stage3_l_opt,l_opt_current_alpha,0.5702701052067556,0.5904093705662536,0.03452821047100113,0.05,False,False,True,True,0.00013841316103935242,True,not_needed,,,,,0,False,23240,95360
6,2,0.3,0.0,uniform,0,trimmed,0.5,guarded,controlled,5,1,0,10,0.004923390387446103,custom,"{""bfgs"": 0.31736504823384654, ""custom"": 0.005729946693563781}",0.0022240119675795236,0.0022240119675795236,stage3_l_opt,l_opt_current_alpha,0.5702701052067556,0.5904093705662536,0.03452821047100113,0.05,False,False,True,True,0.00013841316103935242,True,not_needed,,,,,0,False,26300,105580
6,2,0.3,0.0,uniform,0,trimmed,0.5,guarded,controlled,5,1,0,11,0.004923390387446103,custom,"{""bfgs"": 0.31736504823384654, ""custom"": 0.005729946693563781}",0.0022240119675795236,0.0022240119675795236,stage3_l_opt,l_opt_current_alpha,0.5702701052067556,0.5904093705662536,0.03452821047100113,0.05,False,False,True,True,0.00013841316103935242,True,not_needed,,,,,0,False,29360,115800
6,2,0.3,0.0,uniform,0,trimmed,0.5,guarded,controlled,5,1,0,12,0.004923390387446103,custom,"{""bfgs"": 0.31736504823384654, ""custom"": 0.005729946693563781}",0.0022240119675795236,0.0022240119675795236,stage3_l_opt,l_opt_current_alpha,0.5702701052067556,0.5904093705662536,0.03452821047100113,0.05,False,False,True,True,0.00013841316103935242,True,not_needed,,,,,0,False,32420,126020
6,2,0.3,0.0,uniform,0,trimmed,0.5,guarded,controlled,5,1,0,13,0.004923390387446103,custom,"{""bfgs"": 0.31736504823384654, ""custom"": 0.005729946693563781}",0.0022240119675795236,0.0022240119675795236,stage3_l_opt,l_opt_current_alpha,0.5702701052067556,0.5904093705662536,0.03452821047100113,0.05,False,False,True,True,0.00013841316103935242,True,not_needed,,,,,0,False,35480,136240
6,2,0.3,0.0,uniform,0,trimmed,0.5,guarded,controlled,5,1,0,14,0.004923390387446103,custom,"{""bfgs"": 0.31736504823384654, ""custom"": 0.005729946693563781}",0.0022240119675795236,0.0022240119675795236,stage3_l_opt,l_opt_current_alpha,0.5702701052067556,0.5904093705662536,0.03452821047100113,0.05,False,False,True,True,0.00013841316103935242,True,not_needed,,,,,0,False,38540,146460
6,2,0.3,0.0,uniform,0,trimmed,0.5,guarded,controlled,5,1,0,15,0.004923390387446103,custom,"{""bfgs"": 0.31736504823384654, ""custom"": 0.005729946693563781}",0.0022240119675795236,0.0022240119675795236,stage3_l_opt,l_opt_current_alpha,0.5702701052067556,0.5904093705662536,0.03452821047100113,0.05,False,False,True,True,0.00013841316103935242,True,not_needed,,,,,0,False,41600,156680
6,2,0.3,0.0,uniform,0,trimmed,0.5,guarded,controlled,5,1,0,16,0.004923390387446103,custom,"{""bfgs"": 0.31736504823384654, ""custom"": 0.005729946693563781}",0.0022240119675795236,0.0022240119675795236,stage3_l_opt,l_opt_current_alpha,0.5702701052067556,0.5904093705662536,0.03452821047100113,0.05,False,False,True,True,0.00013841316103935242,True,not_needed,,,,,0,False,44660,166900
6,2,0.3,0.0,uniform,0,trimmed,0.5,guarded,controlled,5,1,0,17,0.004923390387446103,custom,"{""bfgs"": 0.31736504823384654, ""custom"": 0.005729946693563781}",0.0022240119675795236,0.0022240119675795236,stage3_l_opt,l_opt_current_alpha,0.5702701052067556,0.5904093705662536,0.03452821047100113,0.05,False,False,True,True,0.00013841316103935242,True,not_needed,,,,,0,False,47720,177120
6,2,0.3,0.0,uniform,0,trimmed,0.5,guarded,controlled,5,1,0,18,0.004923390387446103,custom,"{""bfgs"": 0.31736504823384654, ""custom"": 0.005729946693563781}",0.0022240119675795236,0.0022240119675795236,stage3_l_opt,l_opt_current_alpha,0.5702701052067556,0.5904093705662536,0.03452821047100113,0.05,False,False,True,True,0.00013841316103935242,True,not_needed,,,,,0,False,50780,187340
6,2,0.3,0.0,uniform,0,trimmed,0.5,guarded,controlled,5,1,0,19,0.004923390387446103,custom,"{""bfgs"": 0.31736504823384654, ""custom"": 0.005729946693563781}",0.0022240119675795236,0.0022240119675795236,stage3_l_opt,l_opt_current_alpha,0.5702701052067556,0.5904093705662536,0.03452821047100113,0.05,False,False,True,True,0.00013841316103935242,True,not_needed,,,,,0,False,53840,197560
6,2,0.3,0.0,stage0,0,trimmed,0.5,guarded,controlled,5,1,0,0,0.006991163917692722,custom,"{""bfgs"": 0.18723510955396327, ""custom"": 0.006173117027915128}",0.015102251122395197,0.015102251122395197,stage3_l_opt,l_opt_current_alpha,0.9401256298961245,0.9607851697945915,0.47006281494806224,0.5,False,True,True,False,,True,not_needed,,,,,0,False,430,8120
6,2,0.3,0.0,stage0,0,trimmed,0.5,guarded,controlled,5,1,0,1,0.0069722783326893745,custom,"{""bfgs"": 0.2428807424854258, ""custom"": 0.009515633807166423}",0.015116192400455475,0.015116192400455475,stage3_l_opt,l_opt_current_alpha,0.35021731466704753,0.3661148147639003,0.1751086573335237,0.5,True,True,True,False,1.3941278060277881e-05,True,not_needed,,,,,0,False,2480,15210
6,2,0.3,0.0,stage0,0,trimmed,0.5,guarded,controlled,5,1,0,2,0.0069889532163229795,custom,"{""bfgs"": 0.015964467414112435, ""custom"": 0.011556265981135898}",0.015103639413913092,0.015103639413913092,stage3_l_opt,l_opt_current_alpha,0.6603574235080358,0.6915112817198847,0.3301787117540179,0.5,True,True,True,False,-1.2552986542383252e-05,True,not_needed,,,,,0,False,3945,21465
6,2,0.3,0.0,stage0,0,trimmed,0.5,guarded,controlled,5,1,0,3,0.006991097353253151,custom,"{""bfgs"": 0.3877225536044919, ""custom"": 0.006127636301388687}",0.015102263540029526,0.015102263540029526,stage3_l_opt,l_opt_current_alpha,0.6069236267283167,0.6086331621568507,0.30346181336415834,0.5,True,True,True,False,-1.3758738835658452e-06,True,not_needed,,,,,0,False,5610,27580
6,2,0.3,0.0,stage0,0,trimmed,0.5,guarded,controlled,5,1,0,4,0.00699106460477425,custom,"{""bfgs"": 0.05270041715034433, ""custom"": 0.012341237407362735}",0.015102275957663855,0.015102275957663855,stage3_l_opt,l_opt_current_alpha,0.5989352913902798,0.6304745084139565,0.29946764569513995,0.5,True,True,True,False,1.2417634328784621e-08,True,not_needed,,,,,0,False,7215,33445
6,2,0.3,0.0,stage0,0,trimmed,0.5,guarded,controlled,5,1,0,5,0.006991078076995227,custom,"{""bfgs"": 0.009168773238799974, ""custom"": 0.006477839521507812}",0.01510226602355639,0.01510226602355639,stage3_l_opt,l_opt_current_alpha,0.181275121992826,0.17473283287670013,0.090637560996413,0.5,True,True,True,False,-9.934107463721586e-09,True,not_needed,,,,,0,False,9755,39435
6,2,0.3,0.0,stage0,0,trimmed,0.5,guarded,controlled,5,1,0,6,0.006991221989627039,custom,"{""bfgs"": 0.19253913680260987, ""custom"": 0.008057391618654408}",0.015102218836545944,0.015102218836545944,stage3_l_opt,l_opt_current_alpha,0.22474001210866426,0.24564192144951533,0.11237000605433214,0.5,True,True,True,False,-4.7187010446606004e-08,True,not_needed,,,,,0,False,10355,45750
6,2,0.3,0.0,stage0,0,trimmed,0.5,guarded,controlled,5,1,0,7,0.006991065967212828,custom,"{""bfgs"": 0.14202069067450326, ""custom"": 0.01072323352427438}",0.015102244913578033,0.015102244913578033,stage3_l_opt,l_opt_current_alpha,0.5125534180229145,0.5152684175407545,0.2562767090114574,0.5,True,True,True,False,2.60770320892334e-08,True,not_needed,,,,,0,False,11950,52355
6,2,0.3,0.0,stage0,0,trimmed,0.5,guarded,controlled,5,1,0,8,0.006991143147843409,custom,"{""bfgs"": 0.0552014201663239, ""custom"": 0.006723111493264633}",0.0151022436718146,0.0151022436718146,stage3_l_opt,l_opt_current_alpha,0.28038529434005655,0.28348066750686834,0.14019264717002833,0.5,True,True,True,False,-1.2417634333988792e-09,True,not_needed,,,,,0,False,12530,59020
6,2,0.3,0.0,stage0,0,trimmed,0.5,guarded,controlled,5,1,0,9,0.00698313293554273,custom,"{""bfgs"": 0.01695464366128226, ""custom"": 0.008153850892331506}",0.015103790909051895,0.015103790909051895,stage3_l_opt,l_opt_current_alpha,0.2911216544424093,0.31505022403112515,0.1455608272212047,0.5,True,True,True,False,1.5472372372950932e-06,True,not_needed,,,,,0,False,13200,66685
6,2,0.3,0.0,stage0,0,trimmed,0.5,guarded,controlled,5,1,0,10,0.006990914821630334,custom,"{""bfgs"": 0.3838909643467523, ""custom"": 0.009451369264400355}",0.015102334320545197,0.015102334320545197,stage3_l_opt,l_opt_current_alpha,0.3478460546104629,0.3793755417840579,0.1739230273052314,0.5,True,True,True,False,-1.4565885066986084e-06,True,not_needed,,,,,0,False,15495,73210
6,2,0.3,0.0,stage0,0,trimmed,0.5,guarded,controlled,5,1,0,11,0.006991216998022104,custom,"{""bfgs"": 0.22935194835244502, ""custom"": 0.005006651463942565}",0.015102213869492212,0.015102213869492212,stage3_l_opt,l_opt_current_alpha,0.7115870062332667,0.7129714416476108,0.35579350311663327,0.5,True,True,True,False,-1.2045105298418013e-07,True,not_needed,,,,,0,False,16105,81455
6,2,0.3,0.0,stage0,0,trimmed,0.5,guarded,controlled,5,1,0,12,0.006985890782330306,custom,"{""bfgs"": 0.07201351492431857, ""custom"": 0.01168864708224541}",0.015103937437136969,0.015103937437136969,stage3_l_opt,l_opt_current_alpha,0.5105082879772308,0.5423419390700412,0.2552541439886154,0.5,True,True,True,False,1.723567644756202e-06,True,not_needed,,,,,0,False,17580,88625
6,2,0.3,0.0,stage0,0,trimmed,0.5,guarded,controlled,5,1,0,13,0.006990920161129538,custom,"{""bfgs"": 0.401427621239082, ""custom"": 0.006115220562470862}",0.015102344254652659,0.015102344254652659,stage3_l_opt,l_opt_current_alpha,0.21706183477159008,0.20816557164168686,0.10853091738579525,0.5,True,True,True,False,-1.593182484310035e-06,True,not_needed,,,,,0,False,19500,95420
6,2,0.3,0.0,stage0,0,trimmed,0.5,guarded,controlled,5,1,0,14,0.006991094324297592,custom,"{""bfgs"": 0.03637339747163817, ""custom"": 0.007770750890629652}",0.01510227844119072,0.01510227844119072,stage3_l_opt,l_opt_current_alpha,0.20947900536494724,0.2300021043245104,0.10473950268247374,0.5,True,True,True,False,-6.581346193891557e-08,True,not_needed,,,,,0,False,21250,102535
6,2,0.3,0.0,stage0,0,trimmed,0.5,guarded,controlled,5,1,0,15,0.006987515491093499,custom,"{""bfgs"": 0.0171743722743587, ""custom"": 0.009176295793672143}",0.015102528035640717,0.015102528035640717,stage3_l_opt,l_opt_current_alpha,0.30436284346557685,0.3362713767511745,0.15218142173278842,0.5,True,True,True,False,2.4959444999694824e-07,True,not_needed,,,,,0,False,22910,108815
6,2,0.3,0.0,stage0,0,trimmed,0.5,guarded,controlled,5,1,0,16,0.006991076071690583,custom,"{""bfgs"": 0.04501524974842816, ""custom"": 0.0048967657501850295}",0.015102275957663855,0.015102275957663855,stage3_l_opt,l_opt_current_alpha,0.7054129862512132,0.701251351393938,0.35270649312560653,0.5,True,True,True,False,-2.520779768620113e-07,True,not_needed,,,,,0,False,24790,117500
6,2,0.3,0.0,stage0,0,trimmed,0.5,guarded,controlled,5,1,0,17,0.006991161097272963,custom,"{""bfgs"": 0.15508591052987888, ""custom"": 0.0116525450502385}",0.015102391441663107,0.015102391441663107,stage3_l_opt,l_opt_current_alpha,0.5014542840816166,0.5301389858428844,0.25072714204080837,0.5,True,True,True,False,1.1548399925231934e-07,True,not_needed,,,,,0,False,26185,125970
6,2,0.3,0.0,stage0,0,trimmed,0.5,guarded,controlled,5,1,0,18,0.006991134219769185,custom,"{""bfgs"": 0.3961294431657819, ""custom"": 0.006108980422151406}",0.015102237462997437,0.015102237462997437,stage3_l_opt,l_opt_current_alpha,0.21754790788010894,0.21018108648700945,0.10877395394005458,0.5,True,True,True,False,-1.5397866567033736e-07,True,not_needed,,,,,0,False,28165,133240
6,2,0.3,0.0,stage0,0,trimmed,0.5,guarded,controlled,5,1,0,19,0.006991124119131387,custom,"{""bfgs"": 0.024658338173437353, ""custom"": 0.00776941313521544}",0.015102254847685495,0.015102254847685495,stage3_l_opt,l_opt_current_alpha,0.20935724172018164,0.23016024952564718,0.10467862086009087,0.5,True,True,True,False,1.738468805891069e-08,True,not_needed,,,,,0,False,29910,138275
6,2,0.3,0.0,stage0,0,trimmed,0.5,guarded,controlled,5,1,1,0,0.006990434600734563,custom,"{""bfgs"": 0.01094686005207975, ""custom"": 0.005382542896801118}",0.029446907341480255,0.029446907341480255,stage3_l_opt,l_opt_current_alpha,0.8564530637726269,0.8760677832848975,0.42822653188631343,0.5,False,True,True,False,,True,not_needed,,,,,0,False,1116,3556
6,2,0.3,0.0,stage0,0,trimmed,0.5,guarded,controlled,5,1,1,1,0.004021027599828281,custom,"{""bfgs"": 0.044772175101116564, ""custom"": 0.001759520183355897}",0.00827065296471119,0.00827065296471119,stage3_l_opt,l_opt_current_alpha,0.3673463274923365,0.37415447211916275,0.18367316374616832,0.5,True,True,True,False,-0.021176254376769066,True,not_needed,,,,,0,False,2812,7900
6,2,0.3,0.0,stage0,0,trimmed,0.5,guarded,controlled,5,1,1,2,0.0040821162326119265,custom,"{""bfgs"": 0.10357799696267515, ""custom"": 0.003524914545379294}",0.008259612135589123,0.008259612135589123,stage3_l_opt,l_opt_current_alpha,0.964990277996605,0.9839545766184908,0.48249513899830243,0.5,True,True,True,False,-1.1040829122066498e-05,True,not_needed,,,,,0,False,4008,12212
6,2,0.3,0.0,stage0,0,trimmed,0.5,guarded,controlled,5,1,1,3,0.0195789907173953,bfgs,"{""bfgs"": 0.014473945328023074, ""custom"": 0.014474064732271074}",0.02466133888810873,0.02466133888810873,stage3_l_opt,l_opt_current_alpha,0.11878939916618311,0.1287915876800902,0.24124756949915127,0.25,False,False,True,True,0.016401726752519608,True,recovered_informative,1,0.029391250937325343,0.014474064732271074,0.01491718620505427,1,True,4824,19692
6,2,0.3,0.0,stage0,0,trimmed,0.5,guarded,controlled,5,1,1,4,0.007532806729413144,custom,"{""bfgs"": 0.09490401035392705, ""custom"": 0.010114174428250758}",0.015944767743349075,0.015944767743349075,stage3_l_opt,l_opt_current_alpha,0.8045062649195259,0.8308243360490313,0.12062378474957564,0.125,False,False,True,True,0.0076851556077599525,True,not_needed,,,,,0,False,5168,22476
6,2,0.3,0.0,stage0,0,trimmed,0.5,guarded,controlled,5,1,1,5,0.005606120260772118,custom,"{""bfgs"": 0.09702161048657316, ""custom"": 0.009746230342216014}",0.014498298056423664,0.014498298056423664,stage3_l_opt,l_opt_current_alpha,0.33755048941302307,0.35755048941302303,0.06031189237478779,0.0625,False,False,True,True,0.006238685920834541,True,not_needed,,,,,0,False,5580,25484
6,2,0.3,0.0,stage0,0,trimmed,0.5,guarded,controlled,5,1,1,6,0.004087712144173694,custom,"{""bfgs"": 0.10471692947910233, ""custom"": 0.0033256159900384523}",0.008269643411040306,0.008269643411040306,stage3_l_opt,l_opt_current_alpha,0.5630646886462584,0.575057279166602,0.03519154304039118,0.0625,True,True,True,False,1.0031275451183319e-05,True,not_needed,,,,,0,False,6072,29796
6,2,0.3,0.0,stage0,0,trimmed,0.5,guarded,controlled,5,1,1,7,0.004024972483230721,custom,"{""bfgs"": 0.10387948734782324, ""custom"": 0.003149541735544632}",0.008272076025605202,0.008272076025605202,stage3_l_opt,l_opt_current_alpha,0.6143093494815256,0.6280659441625972,0.0383943343425953,0.0625,True,True,True,False,2.43261456489563e-06,True,not_needed,,,,,0,False,6764,34116
6,2,0.3,0.0,stage0,0,trimmed,0.5,guarded,controlled,5,1,1,8,0.004054096174892524,custom,"{""bfgs"": 0.47488269432898456, ""custom"": 0.002962522559810615}",0.00827535055577755,0.00827535055577755,stage3_l_opt,l_opt_current_alpha,0.4031179337840802,0.4228424847597364,0.025194870861505,0.0625,True,True,True,False,3.2745301723480225e-06,True,not_needed,,,,,0,False,8144,38236
6,2,0.3,0.0,stage0,0,trimmed,0.5,guarded,controlled,5,1,1,9,0.00574785234275807,custom,"{""bfgs"": 0.0735112057406764, ""custom"": 0.009515346634521447}",0.01460138987749815,0.01460138987749815,stage3_l_opt,l_opt_current_alpha,0.8850563743194508,0.9050130044951934,0.020155896689203992,0.05,False,False,True,True,0.0063260393217206,True,not_needed,,,,,0,False,8780,43104
6,2,0.3,0.0,stage0,0,trimmed,0.5,guarded,controlled,5,1,1,10,0.0055994516071398714,custom,"{""bfgs"": 0.15688946527689626, ""custom"": 0.009432600690452467}",0.01449400931596756,0.01449400931596756,stage3_l_opt,l_opt_current_alpha,0.8904334110377727,0.910521571023855,0.020155896689203992,0.05,False,False,True,True,0.00621865876019001,True,not_needed,,,,,0,False,9060,47084
6,2,0.3,0.0,stage0,0,trimmed,0.5,guarded,controlled,5,1,1,11,0.0055994516071398714,custom,"{""bfgs"": 0.15688946527689626, ""custom"": 0.009432600690452467}",0.01449400931596756,0.01449400931596756,stage3_l_opt,l_opt_current_alpha,0.8904334110377727,0.910521571023855,0.020155896689203992,0.05,False,False,True,True,0.00621865876019001,True,not_needed,,,,,0,False,9340,51064
6,2,0.3,0.0,stage0,0,trimmed,0.5,guarded,controlled,5,1,1,12,0.0055994516071398714,custom,"{""bfgs"": 0.15688946527689626, ""custom"": 0.009432600690452467}",0.01449400931596756,0.01449400931596756,stage3_l_opt,l_opt_current_alpha,0.8904334110377727,0.910521571023855,0.020155896689203992,0.05,False,False,True,True,0.00621865876019001,True,not_needed,,,,,0,False,9620,55044
6,2,0.3,0.0,stage0,0,trimmed,0.5,guarded,controlled,5,1,1,13,0.0055994516071398714,custom,"{""bfgs"": 0.15688946527689626, ""custom"": 0.009432600690452467}",0.01449400931596756,0.01449400931596756,stage3_l_opt,l_opt_current_alpha,0.8904334110377727,0.910521571023855,0.020155896689203992,0.05,False,False,True,True,0.00621865876019001,True,not_needed,,,,,0,False,9900,59024
6,2,0.3,0.0,stage0,0,trimmed,0.5,guarded,controlled,5,1,1,14,0.0055994516071398714,custom,"{""bfgs"": 0.15688946527689626, ""custom"": 0.009432600690452467}",0.01449400931596756,0.01449400931596756,stage3_l_opt,l_opt_current_alpha,0.8904334110377727,0.910521571023855,0.020155896689203992,0.05,False,False,True,True,0.00621865876019001,True,not_needed,,,,,0,False,10180,63004
6,2,0.3,0.0,stage0,0,trimmed,0.5,guarded,controlled,5,1,1,15,0.0055994516071398714,custom,"{""bfgs"": 0.15688946527689626, ""custom"": 0.009432600690452467}",0.01449400931596756,0.01449400931596756,stage3_l_opt,l_opt_current_alpha,0.8904334110377727,0.910521571023855,0.020155896689203992,0.05,False,False,True,True,0.00621865876019001,True,not_needed,,,,,0,False,10460,66984
6,2,0.3,0.0,stage0,0,trimmed,0.5,guarded,controlled,5,1,1,16,0.0055994516071398714,custom,"{""bfgs"": 0.15688946527689626, ""custom"": 0.009432600690452467}",0.01449400931596756,0.01449400931596756,stage3_l_opt,l_opt_current_alpha,0.8904334110377727,0.910521571023855,0.020155896689203992,0.05,False,False,True,True,0.00621865876019001,True,not_needed,,,,,0,False,10740,70964
6,2,0.3,0.0,stage0,0,trimmed,0.5,guarded,controlled,5,1,1,17,0.0055994516071398714,custom,"{""bfgs"": 0.15688946527689626, ""custom"": 0.009432600690452467}",0.01449400931596756,0.01449400931596756,stage3_l_opt,l_opt_current_alpha,0.8904334110377727,0.910521571023855,0.020155896689203992,0.05,False,False,True,True,0.00621865876019001,True,not_needed,,,,,0,False,11020,74944
6,2,0.3,0.0,stage0,0,trimmed,0.5,guarded,controlled,5,1,1,18,0.0055994516071398714,custom,"{""bfgs"": 0.15688946527689626, ""custom"": 0.009432600690452467}",0.01449400931596756,0.01449400931596756,stage3_l_opt,l_opt_current_alpha,0.8904334110377727,0.910521571023855,0.020155896689203992,0.05,False,False,True,True,0.00621865876019001,True,not_needed,,,,,0,False,11300,78924
6,2,0.3,0.0,stage0,0,trimmed,0.5,guarded,controlled,5,1,1,19,0.0055994516071398714,custom,"{""bfgs"": 0.15688946527689626, ""custom"": 0.009432600690452467}",0.01449400931596756,0.01449400931596756,stage3_l_opt,l_opt_current_alpha,0.8904334110377727,0.910521571023855,0.020155896689203992,0.05,False,False,True,True,0.00621865876019001,True,not_needed,,,,,0,False,11580,82904
7,2,0.3,0.0,uniform,0,trimmed,0.5,guarded,controlled,5,1,0,0,0.010876649985578052,custom,"{""bfgs"": 0.040799422562122344, ""custom"": 0.016862786188721657}",0.009150140608350435,0.009150140608350435,stage3_l_opt,l_opt_current_alpha,0.2530802834725391,0.2582451872168766,0.12654014173626954,0.5,False,True,True,False,,True,not_needed,,,,,0,False,845,8490
7,2,0.3,0.0,uniform,0,trimmed,0.5,guarded,controlled,5,1,0,1,0.01907228174206707,custom,"{""bfgs"": 0.0742128873144063, ""custom"": 0.016947943641571355}",0.015005360667904219,0.015005360667904219,stage3_l_opt,l_opt_current_alpha,0.4773953685883714,0.486279641424945,0.0632700708681348,0.25,False,False,True,True,0.005855220059553783,True,not_needed,,,,,0,False,1425,16550
7,2,0.3,0.0,uniform,0,trimmed,0.5,guarded,controlled,5,1,0,2,0.010459724920967986,custom,"{""bfgs"": 0.09107093246440119, ""custom"": 0.016384052519983965}",0.009335466350118319,0.009335466350118319,stage3_l_opt,l_opt_current_alpha,0.24669827481245113,0.25302415941817735,0.03163503543406734,0.125,False,False,True,True,0.0001853257417678833,True,not_needed,,,,,0,False,2150,23660
7,2,0.3,0.0,uniform,0,trimmed,0.5,guarded,controlled,5,1,0,3,0.009416206731920021,custom,"{""bfgs"": 0.04032763923441415, ""custom"": 0.017230610263718603}",0.009765633071462313,0.009765633071462313,stage3_l_opt,l_opt_current_alpha,0.2540761484456916,0.25990698893303366,0.015817517717033713,0.0625,False,False,True,True,0.0006154924631118774,True,not_needed,,,,,0,False,3875,29780
7,2,0.3,0.0,uniform,0,trimmed,0.5,guarded,controlled,5,1,0,4,0.009604215344033357,custom,"{""bfgs"": 0.1061286698657991, ""custom"": 0.017289654194241652}",0.009688387935360273,0.009688387935360273,stage3_l_opt,l_opt_current_alpha,0.25742871051365546,0.2630051641510165,0.012654014173626993,0.05,False,False,True,True,0.000538247327009838,True,not_needed,,,,,0,False,4645,36185
7,2,0.3,0.0,uniform,0,trimmed,0.5,guarded,controlled,5,1,0,5,0.010856210861585974,custom,"{""bfgs"": 0.05001453612114618, ""custom"": 0.016737283739071362}",0.009151869143048922,0.009151869143048922,stage3_l_opt,l_opt_current_alpha,0.24604074362941827,0.25132022848254165,0.01230203718147091,0.05,True,True,True,False,1.7285346984863281e-06,True,not_needed,,,,,0,False,6710,42290
7,2,0.3,0.0,uniform,0,trimmed,0.5,guarded,controlled,5,1,0,6,0.009740126736234422,custom,"{""bfgs"": 0.039078170966827225, ""custom"": 0.01711719311293496}",0.009643241142233213,0.009643241142233213,stage3_l_opt,l_opt_current_alpha,0.24385297097350328,0.24933886938837269,0.01230203718147091,0.05,False,False,True,True,0.0004913719991842917,True,not_needed,,,,,0,False,8500,48950
7,2,0.3,0.0,uniform,0,trimmed,0.5,guarded,controlled,5,1,0,7,0.009740126736234422,custom,"{""bfgs"": 0.039078170966827225, ""custom"": 0.01711719311293496}",0.009643241142233213,0.009643241142233213,stage3_l_opt,l_opt_current_alpha,0.24385297097350328,0.24933886938837269,0.01230203718147091,0.05,False,False,True,True,0.0004913719991842917,True,not_needed,,,,,0,False,10290,55610
7,2,0.3,0.0,uniform,0,trimmed,0.5,guarded,controlled,5,1,0,8,0.009740126736234422,custom,"{""bfgs"": 0.039078170966827225, ""custom"": 0.01711719311293496}",0.009643241142233213,0.009643241142233213,stage3_l_opt,l_opt_current_alpha,0.24385297097350328,0.24933886938837269,0.01230203718147091,0.05,False,False,True,True,0.0004913719991842917,True,not_needed,,,,,0,False,12080,62270
7,2,0.3,0.0,uniform,0,trimmed,0.5,guarded,controlled,5,1,0,9,0.009740126736234422,custom,"{""bfgs"": 0.039078170966827225, ""custom"": 0.01711719311293496}",0.009643241142233213,0.009643241142233213,stage3_l_opt,l_opt_current_alpha,0.24385297097350328,0.24933886938837269,0.01230203718147091,0.05,False,False,True,True,0.0004913719991842917,True,not_needed,,,,,0,False,13870,68930
7,2,0.3,0.0,uniform,0,trimmed,0.5,guarded,controlled,5,1,0,10,0.009740126736234422,custom,"{""bfgs"": 0.039078170966827225, ""custom"": 0.01711719311293496}",0.009643241142233213,0.009643241142233213,stage3_l_opt,l_opt_current_alpha,0.24385297097350328,0.24933886938837269,0.01230203718147091,0.05,False,False,True,True,0.0004913719991842917,True,not_needed,,,,,0,False,15660,75590
7,2,0.3,0.0,uniform,0,trimmed,0.5,guarded,controlled,5,1,0,11,0.009740126736234422,custom,"{""bfgs"": 0.039078170966827225, ""custom"": 0.01711719311293496}",0.009643241142233213,0.009643241142233213,stage3_l_opt,l_opt_current_alpha,0.24385297097350328,0.24933886938837269,0.01230203718147091,0.05,False,False,True,True,0.0004913719991842917,True,not_needed,,,,,0,False,17450,82250
7,2,0.3,0.0,uniform,0,trimmed,0.5,guarded,controlled,5,1,0,12,0.009740126736234422,custom,"{""bfgs"": 0.039078170966827225, ""custom"": 0.01711719311293496}",0.009643241142233213,0.009643241142233213,stage3_l_opt,l_opt_current_alpha,0.24385297097350328,0.24933886938837269,0.01230203718147091,0.05,False,False,True,True,0.0004913719991842917,True,not_needed,,,,,0,False,19240,88910
7,2,0.3,0.0,uniform,0,trimmed,0.5,guarded,controlled,5,1,0,13,0.009740126736234422,custom,"{""bfgs"": 0.039078170966827225, ""custom"": 0.01711719311293496}",0.009643241142233213,0.009643241142233213,stage3_l_opt,l_opt_current_alpha,0.24385297097350328,0.24933886938837269,0.01230203718147091,0.05,False,False,True,True,0.0004913719991842917,True,not_needed,,,,,0,False,21030,95570
7,2,0.3,0.0,uniform,0,trimmed,0.5,guarded,controlled,5,1,0,14,0.009740126736234422,custom,"{""bfgs"": 0.039078170966827225, ""custom"": 0.01711719311293496}",0.009643241142233213,0.009643241142233213,stage3_l_opt,l_opt_current_alpha,0.24385297097350328,0.24933886938837269,0.01230203718147091,0.05,False,False,True,True,0.0004913719991842917,True,not_needed,,,,,0,False,22820,102230
7,2,0.3,0.0,uniform,0,trimmed,0.5,guarded,controlled,5,1,0,15,0.009740126736234422,custom,"{""bfgs"": 0.039078170966827225, ""custom"": 0.01711719311293496}",0.009643241142233213,0.009643241142233213,stage3_l_opt,l_opt_current_alpha,0.24385297097350328,0.24933886938837269,0.01230203718147091,0.05,False,False,True,True,0.0004913719991842917,True,not_needed,,,,,0,False,24610,108890
7,2,0.3,0.0,uniform,0,trimmed,0.5,guarded,controlled,5,1,0,16,0.009740126736234422,custom,"{""bfgs"": 0.039078170966827225, ""custom"": 0.01711719311293496}",0.009643241142233213,0.009643241142233213,stage3_l_opt,l_opt_current_alpha,0.24385297097350328,0.24933886938837269,0.01230203718147091,0.05,False,False,True,True,0.0004913719991842917,True,not_needed,,,,,0,False,26400,115550
7,2,0.3,0.0,uniform,0,trimmed,0.5,guarded,controlled,5,1,0,17,0.009740126736234422,custom,"{""bfgs"": 0.039078170966827225, ""custom"": 0.01711719311293496}",0.009643241142233213,0.009643241142233213,stage3_l_opt,l_opt_current_alpha,0.24385297097350328,0.24933886938837269,0.01230203718147091,0.05,False,False,True,True,0.0004913719991842917,True,not_needed,,,,,0,False,28190,122210
7,2,0.3,0.0,uniform,0,trimmed,0.5,guarded,controlled,5,1,0,18,0.009740126736234422,custom,"{""bfgs"": 0.039078170966827225, ""custom"": 0.01711719311293496}",0.009643241142233213,0.009643241142233213,stage3_l_opt,l_opt_current_alpha,0.24385297097350328,0.24933886938837269,0.01230203718147091,0.05,False,False,True,True,0.0004913719991842917,True,not_needed,,,,,0,False,29980,128870
7,2,0.3,0.0,uniform,0,trimmed,0.5,guarded,controlled,5,1,0,19,0.009740126736234422,custom,"{""bfgs"": 0.039078170966827225, ""custom"": 0.01711719311293496}",0.009643241142233213,0.009643241142233213,stage3_l_opt,l_opt_current_alpha,0.24385297097350328,0.24933886938837269,0.01230203718147091,0.05,False,False,True,True,0.0004913719991842917,True,not_needed,,,,,0,False,31770,135530
7,2,0.3,0.0,stage0,0,trimmed,0.5,guarded,controlled,5,1,0,0,0.023422249651525673,custom,"{""bfgs"": 0.043844136613824906, ""custom"": 0.04053587049253621}",0.06064194316665331,0.06064194316665331,stage3_l_opt,l_opt_current_alpha,1.5916439321399567,1.615747927868333,0.7958219660699783,0.5,False,True,True,False,,True,not_needed,,,,,0,False,410,5155
7,2,0.3,0.0,stage0,0,trimmed,0.5,guarded,controlled,5,1,0,1,0.0023475614246548093,bfgs,"{""bfgs"": 0.013348937013960099, ""custom"": 0.013348937013960099}",0.033103066186110176,0.033103066186110176,stage3_l_opt,l_opt_current_alpha,0.851655653959094,0.8609558101187529,0.425827826979547,0.5,True,True,True,False,-0.027538876980543137,True,recovered_informative,4,0.03353541353670813,0.013348937013960099,0.02018647652274803,1,True,2510,17965
7,2,0.3,0.0,stage0,0,trimmed,0.5,guarded,controlled,5,1,0,2,0.015300531676156033,custom,"{""bfgs"": 0.08232293363203998, ""custom"": 0.017390005899800727}",0.018511618797977764,0.018511618797977764,stage3_l_opt,l_opt_current_alpha,0.08742296384135397,0.08376465763321637,0.04371148192067688,0.5,True,True,True,False,-0.014591447388132412,True,not_needed,,,,,0,False,3195,26210
7,2,0.3,0.0,stage0,0,trimmed,0.5,guarded,controlled,5,1,0,3,0.02275089319929162,custom,"{""bfgs"": 0.21589514197488474, ""custom"": 0.04007588357329348}",0.03649164984623591,0.03649164984623591,stage3_l_opt,l_opt_current_alpha,0.8621017919988287,0.8941017919988288,0.021855740960338432,0.25,False,False,True,True,0.017980031048258144,True,not_needed,,,,,0,False,4930,34105
7,2,0.3,0.0,stage0,0,trimmed,0.5,guarded,controlled,5,1,0,4,0.014454134333660613,custom,"{""bfgs"": 0.25673826541410244, ""custom"": 0.015487636508228186}",0.016836561883489292,0.016836561883489292,stage3_l_opt,l_opt_current_alpha,0.0977316370803091,0.08470738929558246,0.024432909270077206,0.25,True,True,True,False,-0.0016750569144884722,True,not_needed,,,,,0,False,6995,39995
7,2,0.3,0.0,stage0,0,trimmed,0.5,guarded,controlled,5,1,0,5,0.017679057009512722,custom,"{""bfgs"": 0.23718760663998348, ""custom"": 0.024350427416766098}",0.025630281617244084,0.025630281617244084,stage3_l_opt,l_opt_current_alpha,0.434881816172772,0.4588818161727719,0.012216454635038655,0.125,False,False,True,True,0.008793719733754791,True,not_needed,,,,,0,False,7855,47015
7,2,0.3,0.0,stage0,0,trimmed,0.5,guarded,controlled,5,1,0,6,0.016934117461566964,custom,"{""bfgs"": 0.07806946215485736, ""custom"": 0.021526980060244994}",0.0228139894704024,0.0228139894704024,stage3_l_opt,l_opt_current_alpha,0.4027139953308863,0.4263068245919713,0.0061082273175194005,0.0625,False,False,True,True,0.005977427586913109,True,not_needed,,,,,0,False,9015,53790
7,2,0.3,0.0,stage0,0,trimmed,0.5,guarded,controlled,5,1,0,7,0.01764610779854034,custom,"{""bfgs"": 0.2518099104545838, ""custom"": 0.02392407552490615}",0.02548776939511299,0.02548776939511299,stage3_l_opt,l_opt_current_alpha,0.4165571342202141,0.44055713422021414,0.004886581854015325,0.05,False,False,True,True,0.0086512075116237,True,not_needed,,,,,0,False,9700,62040
7,2,0.3,0.0,stage0,0,trimmed,0.5,guarded,controlled,5,1,0,8,0.015035699157120268,custom,"{""bfgs"": 0.0776944289643687, ""custom"": 0.01669868445256608}",0.017939843858281772,0.017939843858281772,stage3_l_opt,l_opt_current_alpha,0.4393850562419044,0.4473850562419042,0.004886581854015325,0.05,False,False,True,True,0.0011032819747924805,True,not_needed,,,,,0,False,10755,69155
7,2,0.3,0.0,stage0,0,trimmed,0.5,guarded,controlled,5,1,0,9,0.015035699157120268,custom,"{""bfgs"": 0.0776944289643687, ""custom"": 0.01669868445256608}",0.017939843858281772,0.017939843858281772,stage3_l_opt,l_opt_current_alpha,0.4393850562419044,0.4473850562419042,0.004886581854015325,0.05,False,False,True,True,0.0011032819747924805,True,not_needed,,,,,0,False,11810,76270
7,2,0.3,0.0,stage0,0,trimmed,0.5,guarded,controlled,5,1,0,10,0.015035699157120268,custom,"{""bfgs"": 0.0776944289643687, ""custom"": 0.01669868445256608}",0.017939843858281772,0.017939843858281772,stage3_l_opt,l_opt_current_alpha,0.4393850562419044,0.4473850562419042,0.004886581854015325,0.05,False,False,True,True,0.0011032819747924805,True,not_needed,,,,,0,False,12865,83385
7,2,0.3,0.0,stage0,0,trimmed,0.5,guarded,controlled,5,1,0,11,0.015035699157120268,custom,"{""bfgs"": 0.0776944289643687, ""custom"": 0.01669868445256608}",0.017939843858281772,0.017939843858281772,stage3_l_opt,l_opt_current_alpha,0.4393850562419044,0.4473850562419042,0.004886581854015325,0.05,False,False,True,True,0.0011032819747924805,True,not_needed,,,,,0,False,13920,90500
7,2,0.3,0.0,stage0,0,trimmed,0.5,guarded,controlled,5,1,0,12,0.015035699157120268,custom,"{""bfgs"": 0.0776944289643687, ""custom"": 0.01669868445256608}",0.017939843858281772,0.017939843858281772,stage3_l_opt,l_opt_current_alpha,0.4393850562419044,0.4473850562419042,0.004886581854015325,0.05,False,False,True,True,0.0011032819747924805,True,not_needed,,,,,0,False,14975,97615
7,2,0.3,0.0,stage0,0,trimmed,0.5,guarded,controlled,5,1,0,13,0.015035699157120268,custom,"{""bfgs"": 0.0776944289643687, ""custom"": 0.01669868445256608}",0.017939843858281772,0.017939843858281772,stage3_l_opt,l_opt_current_alpha,0.4393850562419044,0.4473850562419042,0.004886581854015325,0.05,False,False,True,True,0.0011032819747924805,True,not_needed,,,,,0,False,16030,104730
7,2,0.3,0.0,stage0,0,trimmed,0.5,guarded,controlled,5,1,0,14,0.015035699157120268,custom,"{""bfgs"": 0.0776944289643687, ""custom"": 0.01669868445256608}",0.017939843858281772,0.017939843858281772,stage3_l_opt,l_opt_current_alpha,0.4393850562419044,0.4473850562419042,0.004886581854015325,0.05,False,False,True,True,0.0011032819747924805,True,not_needed,,,,,0,False,17085,111845
7,2,0.3,0.0,stage0,0,trimmed,0.5,guarded,controlled,5,1,0,15,0.015035699157120268,custom,"{""bfgs"": 0.0776944289643687, ""custom"": 0.01669868445256608}",0.017939843858281772,0.017939843858281772,stage3_l_opt,l_opt_current_alpha,0.4393850562419044,0.4473850562419042,0.004886581854015325,0.05,False,False,True,True,0.0011032819747924805,True,not_needed,,,,,0,False,18140,118960
7,2,0.3,0.0,stage0,0,trimmed,0.5,guarded,controlled,5,1,0,16,0.015035699157120268,custom,"{""bfgs"": 0.0776944289643687, ""custom"": 0.01669868445256608}",0.017939843858281772,0.017939843858281772,stage3_l_opt,l_opt_current_alpha,0.4393850562419044,0.4473850562419042,0.004886581854015325,0.05,False,False,True,True,0.0011032819747924805,True,not_needed,,,,,0,False,19195,126075
7,2,0.3,0.0,stage0,0,trimmed,0.5,guarded,controlled,5,1,0,17,0.015035699157120268,custom,"{""bfgs"": 0.0776944289643687, ""custom"": 0.01669868445256608}",0.017939843858281772,0.017939843858281772,stage3_l_opt,l_opt_current_alpha,0.4393850562419044,0.4473850562419042,0.004886581854015325,0.05,False,False,True,True,0.0011032819747924805,True,not_needed,,,,,0,False,20250,133190
7,2,0.3,0.0,stage0,0,trimmed,0.5,guarded,controlled,5,1,0,18,0.015035699157120268,custom,"{""bfgs"": 0.0776944289643687, ""custom"": 0.01669868445256608}",0.017939843858281772,0.017939843858281772,stage3_l_opt,l_opt_current_alpha,0.4393850562419044,0.4473850562419042,0.004886581854015325,0.05,False,False,True,True,0.0011032819747924805,True,not_needed,,,,,0,False,21305,140305
7,2,0.3,0.0,stage0,0,trimmed,0.5,guarded,controlled,5,1,0,19,0.015035699157120268,custom,"{""bfgs"": 0.0776944289643687, ""custom"": 0.01669868445256608}",0.017939843858281772,0.017939843858281772,stage3_l_opt,l_opt_current_alpha,0.4393850562419044,0.4473850562419042,0.004886581854015325,0.05,False,False,True,True,0.0011032819747924805,True,not_needed,,,,,0,False,22360,147420
8,2,0.3,0.0,uniform,0,trimmed,0.5,guarded,controlled,5,1,0,0,0.01763973496862485,custom,"{""bfgs"": 0.20353426635265354, ""custom"": 0.027023361623287202}",0.003177450348933538,0.003177450348933538,stage3_l_opt,l_opt_current_alpha,0.44757564825840285,0.4567098451616355,0.22378782412920145,0.5,False,True,True,False,,True,not_needed,,,,,0,False,2010,9515
8,2,0.3,0.0,uniform,0,trimmed,0.5,guarded,controlled,5,1,0,1,0.014139700986703488,custom,"{""bfgs"": 0.19261203393240262, ""custom"": 0.024931038397247855}",0.005457092076539993,0.005457092076539993,stage3_l_opt,l_opt_current_alpha,0.40794349169051514,0.41766061704755586,0.11189391206460061,0.25,False,False,True,True,0.0022796417276064553,True,not_needed,,,,,0,False,3420,16640
8,2,0.3,0.0,uniform,0,trimmed,0.5,guarded,controlled,5,1,0,2,0.017603307291064227,custom,"{""bfgs"": 0.19807314516894575, ""custom"": 0.025369932958111314}",0.0036189816892147064,0.0036189816892147064,stage3_l_opt,l_opt_current_alpha,0.562409897130016,0.5753996568328461,0.055946956032300266,0.125,False,False,True,True,0.0004415313402811685,True,not_needed,,,,,0,False,5275,23040
8,2,0.3,0.0,uniform,0,trimmed,0.5,guarded,controlled,5,1,0,3,0.016512914159786785,custom,"{""bfgs"": 0.20080370576079964, ""custom"": 0.025908669834894794}",0.006199921170870463,0.006199921170870463,stage3_l_opt,l_opt_current_alpha,0.7368707566719069,0.7522568723733973,0.02797347801615019,0.0625,False,False,True,True,0.0030224708219369254,True,not_needed,,,,,0,False,7450,31805
8,2,0.3,0.0,uniform,0,trimmed,0.5,guarded,controlled,5,1,0,4,0.011499345814874343,custom,"{""bfgs"": 0.20216898605672656, ""custom"": 0.02661831620121555}",0.013127098480860392,0.013127098480860392,stage3_l_opt,l_opt_current_alpha,0.9034490010033451,0.9223915595632808,0.022378782412920156,0.05,False,False,True,True,0.009949648131926853,True,not_needed,,,,,0,False,9415,40185
8,2,0.3,0.0,uniform,0,trimmed,0.5,guarded,controlled,5,1,0,5,0.01764262006953686,custom,"{""bfgs"": 0.202442042115912, ""custom"": 0.026707018266604265}",0.0031754945715268454,0.0031754945715268454,stage3_l_opt,l_opt_current_alpha,0.7471503275184992,0.7626917766889101,0.037357516375924965,0.05,True,True,True,False,-1.955777406692505e-06,True,not_needed,,,,,0,False,11610,47505
8,2,0.3,0.0,uniform,0,trimmed,0.5,guarded,controlled,5,1,0,6,0.015112531354617556,custom,"{""bfgs"": 0.20168044143216085, ""custom"": 0.026231373329463785}",0.007773866256078084,0.007773866256078084,stage3_l_opt,l_opt_current_alpha,0.4171569511335531,0.4262949771663479,0.037357516375924965,0.05,False,False,True,True,0.004598371684551239,True,not_needed,,,,,0,False,13680,56070
8,2,0.3,0.0,uniform,0,trimmed,0.5,guarded,controlled,5,1,0,7,0.015112531354617556,custom,"{""bfgs"": 0.20168044143216085, ""custom"": 0.026231373329463785}",0.007773866256078084,0.007773866256078084,stage3_l_opt,l_opt_current_alpha,0.4171569511335531,0.4262949771663479,0.037357516375924965,0.05,False,False,True,True,0.004598371684551239,True,not_needed,,,,,0,False,15750,64635
8,2,0.3,0.0,uniform,0,trimmed,0.5,guarded,controlled,5,1,0,8,0.015112531354617556,custom,"{""bfgs"": 0.20168044143216085, ""custom"": 0.026231373329463785}",0.007773866256078084,0.007773866256078084,stage3_l_opt,l_opt_current_alpha,0.4171569511335531,0.4262949771663479,0.037357516375924965,0.05,False,False,True,True,0.004598371684551239,True,not_needed,,,,,0,False,17820,73200
8,2,0.3,0.0,uniform,0,trimmed,0.5,guarded,controlled,5,1,0,9,0.015112531354617556,custom,"{""bfgs"": 0.20168044143216085, ""custom"": 0.026231373329463785}",0.007773866256078084,0.007773866256078084,stage3_l_opt,l_opt_current_alpha,0.4171569511335531,0.4262949771663479,0.037357516375924965,0.05,False,False,True,True,0.004598371684551239,True,not_needed,,,,,0,False,19890,81765
8,2,0.3,0.0,uniform,0,trimmed,0.5,guarded,controlled,5,1,0,10,0.015112531354617556,custom,"{""bfgs"": 0.20168044143216085, ""custom"": 0.026231373329463785}",0.007773866256078084,0.007773866256078084,stage3_l_opt,l_opt_current_alpha,0.4171569511335531,0.4262949771663479,0.037357516375924965,0.05,False,False,True,True,0.004598371684551239,True,not_needed,,,,,0,False,21960,90330
8,2,0.3,0.0,uniform,0,trimmed,0.5,guarded,controlled,5,1,0,11,0.015112531354617556,custom,"{""bfgs"": 0.20168044143216085, ""custom"": 0.026231373329463785}",0.007773866256078084,0.007773866256078084,stage3_l_opt,l_opt_current_alpha,0.4171569511335531,0.4262949771663479,0.037357516375924965,0.05,False,False,True,True,0.004598371684551239,True,not_needed,,,,,0,False,24030,98895
8,2,0.3,0.0,uniform,0,trimmed,0.5,guarded,controlled,5,1,0,12,0.015112531354617556,custom,"{""bfgs"": 0.20168044143216085, ""custom"": 0.026231373329463785}",0.007773866256078084,0.007773866256078084,stage3_l_opt,l_opt_current_alpha,0.4171569511335531,0.4262949771663479,0.037357516375924965,0.05,False,False,True,True,0.004598371684551239,True,not_needed,,,,,0,False,26100,107460
8,2,0.3,0.0,uniform,0,trimmed,0.5,guarded,controlled,5,1,0,13,0.015112531354617556,custom,"{""bfgs"": 0.20168044143216085, ""custom"": 0.026231373329463785}",0.007773866256078084,0.007773866256078084,stage3_l_opt,l_opt_current_alpha,0.4171569511335531,0.4262949771663479,0.037357516375924965,0.05,False,False,True,True,0.004598371684551239,True,not_needed,,,,,0,False,28170,116025
8,2,0.3,0.0,uniform,0,trimmed,0.5,guarded,controlled,5,1,0,14,0.015112531354617556,custom,"{""bfgs"": 0.20168044143216085, ""custom"": 0.026231373329463785}",0.007773866256078084,0.007773866256078084,stage3_l_opt,l_opt_current_alpha,0.4171569511335531,0.4262949771663479,0.037357516375924965,0.05,False,False,True,True,0.004598371684551239,True,not_needed,,,,,0,False,30240,124590
8,2,0.3,0.0,uniform,0,trimmed,0.5,guarded,controlled,5,1,0,15,0.015112531354617556,custom,"{""bfgs"": 0.20168044143216085, ""custom"": 0.026231373329463785}",0.007773866256078084,0.007773866256078084,stage3_l_opt,l_opt_current_alpha,0.4171569511335531,0.4262949771663479,0.037357516375924965,0.05,False,False,True,True,0.004598371684551239,True,not_needed,,,,,0,False,32310,133155
8,2,0.3,0.0,uniform,0,trimmed,0.5,guarded,controlled,5,1,0,16,0.015112531354617556,custom,"{""bfgs"": 0.20168044143216085, ""custom"": 0.026231373329463785}",0.007773866256078084,0.007773866256078084,stage3_l_opt,l_opt_current_alpha,0.4171569511335531,0.4262949771663479,0.037357516375924965,0.05,False,False,True,True,0.004598371684551239,True,not_needed,,,,,0,False,34380,141720
8,2,0.3,0.0,uniform,0,trimmed,0.5,guarded,controlled,5,1,0,17,0.015112531354617556,custom,"{""bfgs"": 0.20168044143216085, ""custom"": 0.026231373329463785}",0.007773866256078084,0.007773866256078084,stage3_l_opt,l_opt_current_alpha,0.4171569511335531,0.4262949771663479,0.037357516375924965,0.05,False,False,True,True,0.004598371684551239,True,not_needed,,,,,0,False,36450,150285
8,2,0.3,0.0,uniform,0,trimmed,0.5,guarded,controlled,5,1,0,18,0.015112531354617556,custom,"{""bfgs"": 0.20168044143216085, ""custom"": 0.026231373329463785}",0.007773866256078084,0.007773866256078084,stage3_l_opt,l_opt_current_alpha,0.4171569511335531,0.4262949771663479,0.037357516375924965,0.05,False,False,True,True,0.004598371684551239,True,not_needed,,,,,0,False,38520,158850
8,2,0.3,0.0,uniform,0,trimmed,0.5,guarded,controlled,5,1,0,19,0.015112531354617556,custom,"{""bfgs"": 0.20168044143216085, ""custom"": 0.026231373329463785}",0.007773866256078084,0.007773866256078084,stage3_l_opt,l_opt_current_alpha,0.4171569511335531,0.4262949771663479,0.037357516375924965,0.05,False,False,True,True,0.004598371684551239,True,not_needed,,,,,0,False,40590,167415
8,2,0.3,0.0,stage0,0,trimmed,0.5,guarded,controlled,5,1,0,0,0.02046592234260257,custom,"{""bfgs"": 0.15579053445523, ""custom"": 0.0015500769773240692}",0.0033217991391817727,0.0033217991391817727,stage3_l_opt,l_opt_current_alpha,1.30321155420659,1.3179818753703645,0.651605777103295,0.5,False,True,True,False,,True,not_needed,,,,,0,False,1840,7385
8,2,0.3,0.0,stage0,0,trimmed,0.5,guarded,controlled,5,1,0,1,0.01824786556101464,custom,"{""bfgs"": 0.0052916258336722635, ""custom"": 0.005288439057765762}",0.0035622244079907737,0.0035622244079907737,stage3_l_opt,l_opt_current_alpha,1.4511786760598824,1.4831786760598824,0.32580288855164763,0.25,False,False,True,True,0.00024042526880900094,True,recovered_informative,2,0.005724663325206473,0.005291666871255238,0.0004329964539512357,1,True,5075,20535
8,2,0.3,0.0,stage0,0,trimmed,0.5,guarded,controlled,5,1,0,2,0.018589648852270865,custom,"{""bfgs"": 0.15698044411190398, ""custom"": 0.0028877009557889345}",0.0031497602661450705,0.0031497602661450705,stage3_l_opt,l_opt_current_alpha,1.3073095989800845,1.336211892147394,0.3268273997450212,0.25,True,True,True,False,-0.00017203887303670218,True,not_needed,,,,,0,False,7635,29220
8,2,0.3,0.0,stage0,0,trimmed,0.5,guarded,controlled,5,1,0,3,0.017657540609908026,custom,"{""bfgs"": 0.1524246793730272, ""custom"": 0.002799607307420914}",0.0031708416839440665,0.0031708416839440665,stage3_l_opt,l_opt_current_alpha,1.3054483451430343,1.3254616626354523,0.3263620862857585,0.25,True,True,True,False,2.108141779899597e-05,True,not_needed,,,,,0,False,9485,34570
8,2,0.3,0.0,stage0,0,trimmed,0.5,guarded,controlled,5,1,0,4,0.018609904187588122,custom,"{""bfgs"": 0.15444771391332748, ""custom"": 0.00407542196251316}",0.00315647820631663,0.00315647820631663,stage3_l_opt,l_opt_current_alpha,1.1313766087199322,1.1402065118463598,0.28284415217998293,0.25,True,True,True,False,-1.4363477627436609e-05,True,not_needed,,,,,0,False,11315,41055
8,2,0.3,0.0,stage0,0,trimmed,0.5,guarded,controlled,5,1,0,5,0.01764235754349397,custom,"{""bfgs"": 0.1880711326739105, ""custom"": 0.018508150959182675}",0.003173279265562693,0.003173279265562693,stage3_l_opt,l_opt_current_alpha,0.5775424477001103,0.5885281033119083,0.1443856119250276,0.25,True,True,True,False,1.6801059246063232e-05,True,not_needed,,,,,0,False,13430,47425
8,2,0.3,0.0,stage0,0,trimmed,0.5,guarded,controlled,5,1,0,6,0.016143689911575054,custom,"{""bfgs"": 0.18348913117634225, ""custom"": 0.01852808082786675}",0.004199376950661342,0.004199376950661342,stage3_l_opt,l_opt_current_alpha,0.535496479088045,0.5485706988490873,0.07219280596251382,0.125,False,False,True,True,0.0010260976850986485,True,not_needed,,,,,0,False,15045,55985
8,2,0.3,0.0,stage0,0,trimmed,0.5,guarded,controlled,5,1,0,7,0.01618506841011788,custom,"{""bfgs"": 0.18578013192512638, ""custom"": 0.018930224168517903}",0.004170366873343785,0.004170366873343785,stage3_l_opt,l_opt_current_alpha,0.49618936937880825,0.5069880806567535,0.0360964029812569,0.0625,False,False,True,True,0.0009970876077810922,True,not_needed,,,,,0,False,16770,63325
8,2,0.3,0.0,stage0,0,trimmed,0.5,guarded,controlled,5,1,0,8,0.017625544308171218,custom,"{""bfgs"": 0.18692563229951845, ""custom"": 0.01834370353605682}",0.0031857254604498544,0.0031857254604498544,stage3_l_opt,l_opt_current_alpha,0.5395901258173406,0.5505379055331894,0.03372438286358373,0.0625,True,True,True,False,1.2446194887161255e-05,True,not_needed,,,,,0,False,18960,71310
8,2,0.3,0.0,stage0,0,trimmed,0.5,guarded,controlled,5,1,0,9,0.01610917170131909,custom,"{""bfgs"": 0.18562992275173107, ""custom"": 0.01889624864640152}",0.004219555606444676,0.004219555606444676,stage3_l_opt,l_opt_current_alpha,0.5023164212236009,0.5131917658020997,0.026979506290867053,0.05,False,False,True,True,0.001033830145994822,True,not_needed,,,,,0,False,20770,77865
8,2,0.3,0.0,stage0,0,trimmed,0.5,guarded,controlled,5,1,0,10,0.014693318951201961,custom,"{""bfgs"": 0.18588906466128852, ""custom"": 0.019577002872472334}",0.005127572764952977,0.005127572764952977,stage3_l_opt,l_opt_current_alpha,0.5278948016602008,0.5391545034604113,0.026979506290867053,0.05,False,False,True,True,0.0019418473045031228,True,not_needed,,,,,0,False,22200,85240
8,2,0.3,0.0,stage0,0,trimmed,0.5,guarded,controlled,5,1,0,11,0.014693318951201961,custom,"{""bfgs"": 0.18588906466128852, ""custom"": 0.019577002872472334}",0.005127572764952977,0.005127572764952977,stage3_l_opt,l_opt_current_alpha,0.5278948016602008,0.5391545034604113,0.026979506290867053,0.05,False,False,True,True,0.0019418473045031228,True,not_needed,,,,,0,False,23630,92615
8,2,0.3,0.0,stage0,0,trimmed,0.5,guarded,controlled,5,1,0,12,0.014693318951201961,custom,"{""bfgs"": 0.18588906466128852, ""custom"": 0.019577002872472334}",0.005127572764952977,0.005127572764952977,stage3_l_opt,l_opt_current_alpha,0.5278948016602008,0.5391545034604113,0.026979506290867053,0.05,False,False,True,True,0.0019418473045031228,True,not_needed,,,,,0,False,25060,99990
8,2,0.3,0.0,stage0,0,trimmed,0.5,guarded,controlled,5,1,0,13,0.014693318951201961,custom,"{""bfgs"": 0.18588906466128852, ""custom"": 0.019577002872472334}",0.005127572764952977,0.005127572764952977,stage3_l_opt,l_opt_current_alpha,0.5278948016602008,0.5391545034604113,0.026979506290867053,0.05,False,False,True,True,0.0019418473045031228,True,not_needed,,,,,0,False,26490,107365
8,2,0.3,0.0,stage0,0,trimmed,0.5,guarded,controlled,5,1,0,14,0.014693318951201961,custom,"{""bfgs"": 0.18588906466128852, ""custom"": 0.019577002872472334}",0.005127572764952977,0.005127572764952977,stage3_l_opt,l_opt_current_alpha,0.5278948016602008,0.5391545034604113,0.026979506290867053,0.05,False,False,True,True,0.0019418473045031228,True,not_needed,,,,,0,False,27920,114740
8,2,0.3,0.0,stage0,0,trimmed,0.5,guarded,controlled,5,1,0,15,0.014693318951201961,custom,"{""bfgs"": 0.18588906466128852, ""custom"": 0.019577002872472334}",0.005127572764952977,0.005127572764952977,stage3_l_opt,l_opt_current_alpha,0.5278948016602008,0.5391545034604113,0.026979506290867053,0.05,False,False,True,True,0.0019418473045031228,True,not_needed,,,,,0,False,29350,122115
8,2,0.3,0.0,stage0,0,trimmed,0.5,guarded,controlled,5,1,0,16,0.014693318951201961,custom,"{""bfgs"": 0.18588906466128852, ""custom"": 0.019577002872472334}",0.005127572764952977,0.005127572764952977,stage3_l_opt,l_opt_current_alpha,0.5278948016602008,0.5391545034604113,0.026979506290867053,0.05,False,False,True,True,0.0019418473045031228,True,not_needed,,,,,0,False,30780,129490
8,2,0.3,0.0,stage0,0,trimmed,0.5,guarded,controlled,5,1,0,17,0.014693318951201961,custom,"{""bfgs"": 0.18588906466128852, ""custom"": 0.019577002872472334}",0.005127572764952977,0.005127572764952977,stage3_l_opt,l_opt_current_alpha,0.5278948016602008,0.5391545034604113,0.026979506290867053,0.05,False,False,True,True,0.0019418473045031228,True,not_needed,,,,,0,False,32210,136865
8,2,0.3,0.0,stage0,0,trimmed,0.5,guarded,controlled,5,1,0,18,0.014693318951201961,custom,"{""bfgs"": 0.18588906466128852, ""custom"": 0.019577002872472334}",0.005127572764952977,0.005127572764952977,stage3_l_opt,l_opt_current_alpha,0.5278948016602008,0.5391545034604113,0.026979506290867053,0.05,False,False,True,True,0.0019418473045031228,True,not_needed,,,,,0,False,33640,144240
8,2,0.3,0.0,stage0,0,trimmed,0.5,guarded,controlled,5,1,0,19,0.014693318951201961,custom,"{""bfgs"": 0.18588906466128852, ""custom"": 0.019577002872472334}",0.005127572764952977,0.005127572764952977,stage3_l_opt,l_opt_current_alpha,0.5278948016602008,0.5391545034604113,0.026979506290867053,0.05,False,False,True,True,0.0019418473045031228,True,not_needed,,,,,0,False,35070,151615
9,2,0.3,0.0,uniform,0,trimmed,0.5,guarded,controlled,5,1,0,0,0.01194333276296385,custom,"{""bfgs"": 0.010365301184356215, ""custom"": 0.009586806036531925}",0.008318855427205563,0.008318855427205563,stage3_l_opt,l_opt_current_alpha,0.3843452200192824,0.39218900001967594,0.19217261000964114,0.5,False,True,True,False,,True,recovered_informative,15,0.012742618657648565,0.010372070781886577,0.002370547875761988,1,True,4430,20350
9,2,0.3,0.0,uniform,0,trimmed,0.5,guarded,controlled,5,1,0,1,0.0012461702746249907,custom,"{""bfgs"": 0.009913041457822456, ""custom"": 0.009523804928266402}",0.0063599102819959326,0.0063599102819959326,stage3_l_opt,l_opt_current_alpha,0.3740879590456544,0.37912310657824405,0.18704397952282723,0.5,True,True,True,False,-0.00195894514520963,True,recovered_informative,2,0.011556725323481913,0.010677557830445925,0.0008791674930359889,1,True,10125,41980
9,2,0.3,0.0,uniform,0,trimmed,0.5,guarded,controlled,5,1,0,2,0.016196350754812468,custom,"{""bfgs"": 0.08922907323087576, ""custom"": 0.01163141703125185}",0.00994502721975247,0.00994502721975247,stage3_l_opt,l_opt_current_alpha,1.2356782495740661,1.2596782495740662,0.0935219897614136,0.25,False,False,True,True,0.0035851169377565375,True,not_needed,,,,,0,False,10745,53190
9,2,0.3,0.0,uniform,0,trimmed,0.5,guarded,controlled,5,1,0,3,0.013661143342552754,custom,"{""bfgs"": 0.07233800419130461, ""custom"": 0.01186461185294499}",0.011268024953703085,0.011268024953703085,stage3_l_opt,l_opt_current_alpha,1.5031389657039869,1.535138965703987,0.04676099488070684,0.125,False,False,True,True,0.0049081146717071525,True,not_needed,,,,,0,False,12795,63320
9,2,0.3,0.0,uniform,0,trimmed,0.5,guarded,controlled,5,1,0,4,0.012151703881029235,custom,"{""bfgs"": 0.11362380924549546, ""custom"": 0.011771751340251962}",0.011885665667553743,0.011885665667553743,stage3_l_opt,l_opt_current_alpha,0.9349972225089115,0.9564228007728496,0.023380497440353393,0.0625,False,False,True,True,0.005525755385557811,True,not_needed,,,,,0,False,13775,75200
9,2,0.3,0.0,uniform,0,trimmed,0.5,guarded,controlled,5,1,0,5,0.010513398879940678,custom,"{""bfgs"": 0.07796069338807206, ""custom"": 0.011633792513974166}",0.01249024054656426,0.01249024054656426,stage3_l_opt,l_opt_current_alpha,1.4440953160859873,1.4760953160859873,0.01870439795228271,0.05,False,False,True,True,0.006130330264568328,True,not_needed,,,,,0,False,15800,84935
9,2,0.3,0.0,uniform,0,trimmed,0.5,guarded,controlled,5,1,0,6,0.002208093284201712,bfgs,"{""bfgs"": 0.008557533983109447, ""custom"": 0.0085584916442685}",0.006789833617707093,0.006789833617707093,stage3_l_opt,l_opt_current_alpha,0.5488516168297398,0.5562554847496172,0.01870439795228271,0.05,False,False,True,True,0.0004299233357111607,True,recovered_informative,2,0.011648968744334309,0.0085584916442685,0.0030904771000658093,1,True,18200,102255
9,2,0.3,0.0,uniform,0,trimmed,0.5,guarded,controlled,5,1,0,7,0.002208093284201712,bfgs,"{""bfgs"": 0.008557533983109447, ""custom"": 0.0085584916442685}",0.006789833617707093,0.006789833617707093,stage3_l_opt,l_opt_current_alpha,0.5488516168297398,0.5562554847496172,0.01870439795228271,0.05,False,False,True,True,0.0004299233357111607,True,recovered_informative,2,0.011648968744334309,0.0085584916442685,0.0030904771000658093,1,True,20600,119575
9,2,0.3,0.0,uniform,0,trimmed,0.5,guarded,controlled,5,1,0,8,0.002208093284201712,bfgs,"{""bfgs"": 0.008557533983109447, ""custom"": 0.0085584916442685}",0.006789833617707093,0.006789833617707093,stage3_l_opt,l_opt_current_alpha,0.5488516168297398,0.5562554847496172,0.01870439795228271,0.05,False,False,True,True,0.0004299233357111607,True,recovered_informative,2,0.011648968744334309,0.0085584916442685,0.0030904771000658093,1,True,23000,136895
9,2,0.3,0.0,uniform,0,trimmed,0.5,guarded,controlled,5,1,0,9,0.002208093284201712,bfgs,"{""bfgs"": 0.008557533983109447, ""custom"": 0.0085584916442685}",0.006789833617707093,0.006789833617707093,stage3_l_opt,l_opt_current_alpha,0.5488516168297398,0.5562554847496172,0.01870439795228271,0.05,False,False,True,True,0.0004299233357111607,True,recovered_informative,2,0.011648968744334309,0.0085584916442685,0.0030904771000658093,1,True,25400,154215
9,2,0.3,0.0,uniform,0,trimmed,0.5,guarded,controlled,5,1,0,10,0.002208093284201712,bfgs,"{""bfgs"": 0.008557533983109447, ""custom"": 0.0085584916442685}",0.006789833617707093,0.006789833617707093,stage3_l_opt,l_opt_current_alpha,0.5488516168297398,0.5562554847496172,0.01870439795228271,0.05,False,False,True,True,0.0004299233357111607,True,recovered_informative,2,0.011648968744334309,0.0085584916442685,0.0030904771000658093,1,True,27800,171535
9,2,0.3,0.0,uniform,0,trimmed,0.5,guarded,controlled,5,1,0,11,0.002208093284201712,bfgs,"{""bfgs"": 0.008557533983109447, ""custom"": 0.0085584916442685}",0.006789833617707093,0.006789833617707093,stage3_l_opt,l_opt_current_alpha,0.5488516168297398,0.5562554847496172,0.01870439795228271,0.05,False,False,True,True,0.0004299233357111607,True,recovered_informative,2,0.011648968744334309,0.0085584916442685,0.0030904771000658093,1,True,30200,188855
9,2,0.3,0.0,uniform,0,trimmed,0.5,guarded,controlled,5,1,0,12,0.002208093284201712,bfgs,"{""bfgs"": 0.008557533983109447, ""custom"": 0.0085584916442685}",0.006789833617707093,0.006789833617707093,stage3_l_opt,l_opt_current_alpha,0.5488516168297398,0.5562554847496172,0.01870439795228271,0.05,False,False,True,True,0.0004299233357111607,True,recovered_informative,2,0.011648968744334309,0.0085584916442685,0.0030904771000658093,1,True,32600,206175
9,2,0.3,0.0,uniform,0,trimmed,0.5,guarded,controlled,5,1,0,13,0.002208093284201712,bfgs,"{""bfgs"": 0.008557533983109447, ""custom"": 0.0085584916442685}",0.006789833617707093,0.006789833617707093,stage3_l_opt,l_opt_current_alpha,0.5488516168297398,0.5562554847496172,0.01870439795228271,0.05,False,False,True,True,0.0004299233357111607,True,recovered_informative,2,0.011648968744334309,0.0085584916442685,0.0030904771000658093,1,True,35000,223495
9,2,0.3,0.0,uniform,0,trimmed,0.5,guarded,controlled,5,1,0,14,0.002208093284201712,bfgs,"{""bfgs"": 0.008557533983109447, ""custom"": 0.0085584916442685}",0.006789833617707093,0.006789833617707093,stage3_l_opt,l_opt_current_alpha,0.5488516168297398,0.5562554847496172,0.01870439795228271,0.05,False,False,True,True,0.0004299233357111607,True,recovered_informative,2,0.011648968744334309,0.0085584916442685,0.0030904771000658093,1,True,37400,240815
9,2,0.3,0.0,uniform,0,trimmed,0.5,guarded,controlled,5,1,0,15,0.002208093284201712,bfgs,"{""bfgs"": 0.008557533983109447, ""custom"": 0.0085584916442685}",0.006789833617707093,0.006789833617707093,stage3_l_opt,l_opt_current_alpha,0.5488516168297398,0.5562554847496172,0.01870439795228271,0.05,False,False,True,True,0.0004299233357111607,True,recovered_informative,2,0.011648968744334309,0.0085584916442685,0.0030904771000658093,1,True,39800,258135
9,2,0.3,0.0,uniform,0,trimmed,0.5,guarded,controlled,5,1,0,16,0.002208093284201712,bfgs,"{""bfgs"": 0.008557533983109447, ""custom"": 0.0085584916442685}",0.006789833617707093,0.006789833617707093,stage3_l_opt,l_opt_current_alpha,0.5488516168297398,0.5562554847496172,0.01870439795228271,0.05,False,False,True,True,0.0004299233357111607,True,recovered_informative,2,0.011648968744334309,0.0085584916442685,0.0030904771000658093,1,True,42200,275455
9,2,0.3,0.0,uniform,0,trimmed,0.5,guarded,controlled,5,1,0,17,0.002208093284201712,bfgs,"{""bfgs"": 0.008557533983109447, ""custom"": 0.0085584916442685}",0.006789833617707093,0.006789833617707093,stage3_l_opt,l_opt_current_alpha,0.5488516168297398,0.5562554847496172,0.01870439795228271,0.05,False,False,True,True,0.0004299233357111607,True,recovered_informative,2,0.011648968744334309,0.0085584916442685,0.0030904771000658093,1,True,44600,292775
9,2,0.3,0.0,uniform,0,trimmed,0.5,guarded,controlled,5,1,0,18,0.002208093284201712,bfgs,"{""bfgs"": 0.008557533983109447, ""custom"": 0.0085584916442685}",0.006789833617707093,0.006789833617707093,stage3_l_opt,l_opt_current_alpha,0.5488516168297398,0.5562554847496172,0.01870439795228271,0.05,False,False,True,True,0.0004299233357111607,True,recovered_informative,2,0.011648968744334309,0.0085584916442685,0.0030904771000658093,1,True,47000,310095
9,2,0.3,0.0,uniform,0,trimmed,0.5,guarded,controlled,5,1,0,19,0.002208093284201712,bfgs,"{""bfgs"": 0.008557533983109447, ""custom"": 0.0085584916442685}",0.006789833617707093,0.006789833617707093,stage3_l_opt,l_opt_current_alpha,0.5488516168297398,0.5562554847496172,0.01870439795228271,0.05,False,False,True,True,0.0004299233357111607,True,recovered_informative,2,0.011648968744334309,0.0085584916442685,0.0030904771000658093,1,True,49400,327415
9,2,0.3,0.0,stage0,0,trimmed,0.5,guarded,controlled,5,1,0,0,0.0035903356365088544,custom,"{""bfgs"": 0.18996419827615463, ""custom"": 0.007856064963435671}",0.010921952004233995,0.010921952004233995,stage3_l_opt,l_opt_current_alpha,1.2337027519463881,1.2528226889666687,0.6168513759731941,0.5,False,True,True,False,,True,not_needed,,,,,0,False,2855,11525
9,2,0.3,0.0,stage0,0,trimmed,0.5,guarded,controlled,5,1,0,1,0.010903567755763661,custom,"{""bfgs"": 0.06638606835098494, ""custom"": 0.008542792344439805}",0.019013722116748493,0.019013722116748493,stage3_l_opt,l_opt_current_alpha,0.8573965973779113,0.88541110896361,0.30842568798659703,0.25,False,False,True,True,0.008091770112514498,True,not_needed,,,,,0,False,3235,19410
9,2,0.3,0.0,stage0,0,trimmed,0.5,guarded,controlled,5,1,0,2,0.0038505103911773714,custom,"{""bfgs"": 0.19018951831252762, ""custom"": 0.009364392805162448}",0.012033593220015367,0.012033593220015367,stage3_l_opt,l_opt_current_alpha,1.1658222853645084,1.1898222853645084,0.1542128439932985,0.125,False,False,True,True,0.001111641215781372,True,not_needed,,,,,0,False,5550,30595
9,2,0.3,0.0,stage0,0,trimmed,0.5,guarded,controlled,5,1,0,3,0.003146371395529651,custom,"{""bfgs"": 0.19007691851811193, ""custom"": 0.007357034652095311}",0.00981506643195947,0.00981506643195947,stage3_l_opt,l_opt_current_alpha,1.0081912705105205,1.025827110125882,0.12602390881381514,0.125,True,True,True,False,-0.0011068855722745248,True,not_needed,,,,,0,False,7350,41840
9,2,0.3,0.0,stage0,0,trimmed,0.5,guarded,controlled,5,1,0,4,0.0038743535432126056,custom,"{""bfgs"": 0.19664224887399928, ""custom"": 0.009619507772265114}",0.012009483141203722,0.012009483141203722,stage3_l_opt,l_opt_current_alpha,1.1819433989407904,1.2127780561107893,0.0630119544069076,0.0625,False,False,True,True,0.0021944167092442513,True,not_needed,,,,,0,False,10285,52680
9,2,0.3,0.0,stage0,0,trimmed,0.5,guarded,controlled,5,1,0,5,0.0037589086784631,custom,"{""bfgs"": 0.19147930335767266, ""custom"": 0.008891223798843814}",0.011727371873954931,0.011727371873954931,stage3_l_opt,l_opt_current_alpha,1.2502147845565355,1.28168747687153,0.05040956352552608,0.05,False,False,True,True,0.0019123054419954606,True,not_needed,,,,,0,False,12555,64400
9,2,0.3,0.0,stage0,0,trimmed,0.5,guarded,controlled,5,1,0,6,0.0036615976006278226,custom,"{""bfgs"": 0.19277716148824953, ""custom"": 0.008663632278791463}",0.011521216792364916,0.011521216792364916,stage3_l_opt,l_opt_current_alpha,1.14296736822891,1.1721002860739083,0.05040956352552608,0.05,False,False,True,True,0.001706150360405445,True,not_needed,,,,,0,False,14345,73915
9,2,0.3,0.0,stage0,0,trimmed,0.5,guarded,controlled,5,1,0,7,0.0036615976006278226,custom,"{""bfgs"": 0.19277716148824953, ""custom"": 0.008663632278791463}",0.011521216792364916,0.011521216792364916,stage3_l_opt,l_opt_current_alpha,1.14296736822891,1.1721002860739083,0.05040956352552608,0.05,False,False,True,True,0.001706150360405445,True,not_needed,,,,,0,False,16135,83430
9,2,0.3,0.0,stage0,0,trimmed,0.5,guarded,controlled,5,1,0,8,0.0036615976006278226,custom,"{""bfgs"": 0.19277716148824953, ""custom"": 0.008663632278791463}",0.011521216792364916,0.011521216792364916,stage3_l_opt,l_opt_current_alpha,1.14296736822891,1.1721002860739083,0.05040956352552608,0.05,False,False,True,True,0.001706150360405445,True,not_needed,,,,,0,False,17925,92945
9,2,0.3,0.0,stage0,0,trimmed,0.5,guarded,controlled,5,1,0,9,0.0036615976006278226,custom,"{""bfgs"": 0.19277716148824953, ""custom"": 0.008663632278791463}",0.011521216792364916,0.011521216792364916,stage3_l_opt,l_opt_current_alpha,1.14296736822891,1.1721002860739083,0.05040956352552608,0.05,False,False,True,True,0.001706150360405445,True,not_needed,,,,,0,False,19715,102460
9,2,0.3,0.0,stage0,0,trimmed,0.5,guarded,controlled,5,1,0,10,0.0036615976006278226,custom,"{""bfgs"": 0.19277716148824953, ""custom"": 0.008663632278791463}",0.011521216792364916,0.011521216792364916,stage3_l_opt,l_opt_current_alpha,1.14296736822891,1.1721002860739083,0.05040956352552608,0.05,False,False,True,True,0.001706150360405445,True,not_needed,,,,,0,False,21505,111975
9,2,0.3,0.0,stage0,0,trimmed,0.5,guarded,controlled,5,1,0,11,0.0036615976006278226,custom,"{""bfgs"": 0.19277716148824953, ""custom"": 0.008663632278791463}",0.011521216792364916,0.011521216792364916,stage3_l_opt,l_opt_current_alpha,1.14296736822891,1.1721002860739083,0.05040956352552608,0.05,False,False,True,True,0.001706150360405445,True,not_needed,,,,,0,False,23295,121490
9,2,0.3,0.0,stage0,0,trimmed,0.5,guarded,controlled,5,1,0,12,0.0036615976006278226,custom,"{""bfgs"": 0.19277716148824953, ""custom"": 0.008663632278791463}",0.011521216792364916,0.011521216792364916,stage3_l_opt,l_opt_current_alpha,1.14296736822891,1.1721002860739083,0.05040956352552608,0.05,False,False,True,True,0.001706150360405445,True,not_needed,,,,,0,False,25085,131005
9,2,0.3,0.0,stage0,0,trimmed,0.5,guarded,controlled,5,1,0,13,0.0036615976006278226,custom,"{""bfgs"": 0.19277716148824953, ""custom"": 0.008663632278791463}",0.011521216792364916,0.011521216792364916,stage3_l_opt,l_opt_current_alpha,1.14296736822891,1.1721002860739083,0.05040956352552608,0.05,False,False,True,True,0.001706150360405445,True,not_needed,,,,,0,False,26875,140520
9,2,0.3,0.0,stage0,0,trimmed,0.5,guarded,controlled,5,1,0,14,0.0036615976006278226,custom,"{""bfgs"": 0.19277716148824953, ""custom"": 0.008663632278791463}",0.011521216792364916,0.011521216792364916,stage3_l_opt,l_opt_current_alpha,1.14296736822891,1.1721002860739083,0.05040956352552608,0.05,False,False,True,True,0.001706150360405445,True,not_needed,,,,,0,False,28665,150035
9,2,0.3,0.0,stage0,0,trimmed,0.5,guarded,controlled,5,1,0,15,0.0036615976006278226,custom,"{""bfgs"": 0.19277716148824953, ""custom"": 0.008663632278791463}",0.011521216792364916,0.011521216792364916,stage3_l_opt,l_opt_current_alpha,1.14296736822891,1.1721002860739083,0.05040956352552608,0.05,False,False,True,True,0.001706150360405445,True,not_needed,,,,,0,False,30455,159550
9,2,0.3,0.0,stage0,0,trimmed,0.5,guarded,controlled,5,1,0,16,0.0036615976006278226,custom,"{""bfgs"": 0.19277716148824953, ""custom"": 0.008663632278791463}",0.011521216792364916,0.011521216792364916,stage3_l_opt,l_opt_current_alpha,1.14296736822891,1.1721002860739083,0.05040956352552608,0.05,False,False,True,True,0.001706150360405445,True,not_needed,,,,,0,False,32245,169065
9,2,0.3,0.0,stage0,0,trimmed,0.5,guarded,controlled,5,1,0,17,0.0036615976006278226,custom,"{""bfgs"": 0.19277716148824953, ""custom"": 0.008663632278791463}",0.011521216792364916,0.011521216792364916,stage3_l_opt,l_opt_current_alpha,1.14296736822891,1.1721002860739083,0.05040956352552608,0.05,False,False,True,True,0.001706150360405445,True,not_needed,,,,,0,False,34035,178580
9,2,0.3,0.0,stage0,0,trimmed,0.5,guarded,controlled,5,1,0,18,0.0036615976006278226,custom,"{""bfgs"": 0.19277716148824953, ""custom"": 0.008663632278791463}",0.011521216792364916,0.011521216792364916,stage3_l_opt,l_opt_current_alpha,1.14296736822891,1.1721002860739083,0.05040956352552608,0.05,False,False,True,True,0.001706150360405445,True,not_needed,,,,,0,False,35825,188095
9,2,0.3,0.0,stage0,0,trimmed,0.5,guarded,controlled,5,1,0,19,0.0036615976006278226,custom,"{""bfgs"": 0.19277716148824953, ""custom"": 0.008663632278791463}",0.011521216792364916,0.011521216792364916,stage3_l_opt,l_opt_current_alpha,1.14296736822891,1.1721002860739083,0.05040956352552608,0.05,False,False,True,True,0.001706150360405445,True,not_needed,,,,,0,False,37615,197610
9,2,0.3,0.0,stage0,0,trimmed,0.5,guarded,controlled,5,1,1,0,0.014732752331579411,bfgs,"{""bfgs"": 0.009591080540422915, ""custom"": 0.010239004485696477}",0.03425522823818028,0.03425522823818028,stage3_l_opt,l_opt_current_alpha,1.9699574875343475,1.9999574875343473,0.9849787437671736,0.5,False,True,True,False,,True,not_needed,,,,,0,False,1376,1728
9,2,0.3,0.0,stage0,0,trimmed,0.5,guarded,controlled,5,1,1,1,0.01514602092280749,custom,"{""bfgs"": 0.012147844193575548, ""custom"": 0.007900052369017318}",0.010979419341310859,0.010979419341310859,stage3_l_opt,l_opt_current_alpha,0.7088266794833444,0.7331909230693887,0.3544133397416721,0.5,True,True,True,False,-0.02327580889686942,True,not_needed,,,,,0,False,2856,4856
9,2,0.3,0.0,stage0,0,trimmed,0.5,guarded,controlled,5,1,1,2,0.011610527659436164,custom,"{""bfgs"": 0.06128941548983413, ""custom"": 0.005737368798008577}",0.012814156943932176,0.012814156943932176,stage3_l_opt,l_opt_current_alpha,0.6305654040255015,0.6605654040255016,0.17720666987083605,0.25,False,False,True,True,0.001834737602621317,True,not_needed,,,,,0,False,4060,6344
9,2,0.3,0.0,stage0,0,trimmed,0.5,guarded,controlled,5,1,1,3,0.01435414013485786,custom,"{""bfgs"": 0.02909893428138914, ""custom"": 0.006527681310907382}",0.010971785290166736,0.010971785290166736,stage3_l_opt,l_opt_current_alpha,0.5140047640566386,0.531862604805247,0.1285011910141597,0.25,True,True,True,False,-7.634051144123077e-06,True,not_needed,,,,,0,False,5660,8184
9,2,0.3,0.0,stage0,0,trimmed,0.5,guarded,controlled,5,1,1,4,0.014289948517222874,custom,"{""bfgs"": 0.030336505711375753, ""custom"": 0.005683560518640321}",0.010972846066579223,0.010972846066579223,stage3_l_opt,l_opt_current_alpha,0.6992529174938807,0.7283598238217972,0.17481322937347013,0.25,True,True,True,False,1.06077641248703e-06,True,not_needed,,,,,0,False,6860,10892
9,2,0.3,0.0,stage0,0,trimmed,0.5,guarded,controlled,5,1,1,5,0.013788662880703796,custom,"{""bfgs"": 0.03474580474853275, ""custom"": 0.004315667646369925}",0.010803950717672706,0.010803950717672706,stage3_l_opt,l_opt_current_alpha,1.042036912132663,1.057168458263921,0.26050922803316573,0.25,True,True,True,False,-0.00016889534890651703,True,not_needed,,,,,0,False,9184,12424
9,2,0.3,0.0,stage0,0,trimmed,0.5,guarded,controlled,5,1,1,6,0.015364225316150143,custom,"{""bfgs"": 0.006547843710988254, ""custom"": 0.004343299821764486}",0.01097239344380796,0.01097239344380796,stage3_l_opt,l_opt_current_alpha,0.9017806072139634,0.9193662946332717,0.13025461401658284,0.125,False,False,True,True,0.0001684427261352539,True,not_needed,,,,,0,False,11128,15428
9,2,0.3,0.0,stage0,0,trimmed,0.5,guarded,controlled,5,1,1,7,0.014686008451954388,custom,"{""bfgs"": 0.0220895416874063, ""custom"": 0.004545370929564569}",0.010972421383485198,0.010972421383485198,stage3_l_opt,l_opt_current_alpha,1.0290828534204828,1.046608288435504,0.06512730700829138,0.0625,False,False,True,True,0.00016847066581249237,True,not_needed,,,,,0,False,12356,17744
9,2,0.3,0.0,stage0,0,trimmed,0.5,guarded,controlled,5,1,1,8,0.012299503035006081,custom,"{""bfgs"": 0.03293899917110564, ""custom"": 0.0043747834205193166}",0.010099374456331134,0.010099374456331134,stage3_l_opt,l_opt_current_alpha,0.8742286095588218,0.8872646251683338,0.05463928809742648,0.0625,True,True,True,False,-0.0007045762613415718,True,not_needed,,,,,0,False,13944,20964
9,2,0.3,0.0,stage0,0,trimmed,0.5,guarded,controlled,5,1,1,9,0.014417603449924446,custom,"{""bfgs"": 0.031254259973542746, ""custom"": 0.004653309013153439}",0.010970540111884475,0.010970540111884475,stage3_l_opt,l_opt_current_alpha,0.9268397720217482,0.9420645723365737,0.04371143047794107,0.05,False,False,True,True,0.0008711656555533409,True,not_needed,,,,,0,False,15160,23308
9,2,0.3,0.0,stage0,0,trimmed,0.5,guarded,controlled,5,1,1,10,0.013786244186371848,custom,"{""bfgs"": 0.046522180823275264, ""custom"": 0.004678595061736342}",0.010795822134241462,0.010795822134241462,stage3_l_opt,l_opt_current_alpha,0.9058805985442974,0.9204546431224506,0.04371143047794107,0.05,False,False,True,True,0.0006964476779103279,True,not_needed,,,,,0,False,16352,25096
9,2,0.3,0.0,stage0,0,trimmed,0.5,guarded,controlled,5,1,1,11,0.013786244186371848,custom,"{""bfgs"": 0.046522180823275264, ""custom"": 0.004678595061736342}",0.010795822134241462,0.010795822134241462,stage3_l_opt,l_opt_current_alpha,0.9058805985442974,0.9204546431224506,0.04371143047794107,0.05,False,False,True,True,0.0006964476779103279,True,not_needed,,,,,0,False,17544,26884
9,2,0.3,0.0,stage0,0,trimmed,0.5,guarded,controlled,5,1,1,12,0.013786244186371848,custom,"{""bfgs"": 0.046522180823275264, ""custom"": 0.004678595061736342}",0.010795822134241462,0.010795822134241462,stage3_l_opt,l_opt_current_alpha,0.9058805985442974,0.9204546431224506,0.04371143047794107,0.05,False,False,True,True,0.0006964476779103279,True,not_needed,,,,,0,False,18736,28672
9,2,0.3,0.0,stage0,0,trimmed,0.5,guarded,controlled,5,1,1,13,0.013786244186371848,custom,"{""bfgs"": 0.046522180823275264, ""custom"": 0.004678595061736342}",0.010795822134241462,0.010795822134241462,stage3_l_opt,l_opt_current_alpha,0.9058805985442974,0.9204546431224506,0.04371143047794107,0.05,False,False,True,True,0.0006964476779103279,True,not_needed,,,,,0,False,19928,30460
9,2,0.3,0.0,stage0,0,trimmed,0.5,guarded,controlled,5,1,1,14,0.013786244186371848,custom,"{""bfgs"": 0.046522180823275264, ""custom"": 0.004678595061736342}",0.010795822134241462,0.010795822134241462,stage3_l_opt,l_opt_current_alpha,0.9058805985442974,0.9204546431224506,0.04371143047794107,0.05,False,False,True,True,0.0006964476779103279,True,not_needed,,,,,0,False,21120,32248
9,2,0.3,0.0,stage0,0,trimmed,0.5,guarded,controlled,5,1,1,15,0.013786244186371848,custom,"{""bfgs"": 0.046522180823275264, ""custom"": 0.004678595061736342}",0.010795822134241462,0.010795822134241462,stage3_l_opt,l_opt_current_alpha,0.9058805985442974,0.9204546431224506,0.04371143047794107,0.05,False,False,True,True,0.0006964476779103279,True,not_needed,,,,,0,False,22312,34036
9,2,0.3,0.0,stage0,0,trimmed,0.5,guarded,controlled,5,1,1,16,0.013786244186371848,custom,"{""bfgs"": 0.046522180823275264, ""custom"": 0.004678595061736342}",0.010795822134241462,0.010795822134241462,stage3_l_opt,l_opt_current_alpha,0.9058805985442974,0.9204546431224506,0.04371143047794107,0.05,False,False,True,True,0.0006964476779103279,True,not_needed,,,,,0,False,23504,35824
9,2,0.3,0.0,stage0,0,trimmed,0.5,guarded,controlled,5,1,1,17,0.013786244186371848,custom,"{""bfgs"": 0.046522180823275264, ""custom"": 0.004678595061736342}",0.010795822134241462,0.010795822134241462,stage3_l_opt,l_opt_current_alpha,0.9058805985442974,0.9204546431224506,0.04371143047794107,0.05,False,False,True,True,0.0006964476779103279,True,not_needed,,,,,0,False,24696,37612
9,2,0.3,0.0,stage0,0,trimmed,0.5,guarded,controlled,5,1,1,18,0.013786244186371848,custom,"{""bfgs"": 0.046522180823275264, ""custom"": 0.004678595061736342}",0.010795822134241462,0.010795822134241462,stage3_l_opt,l_opt_current_alpha,0.9058805985442974,0.9204546431224506,0.04371143047794107,0.05,False,False,True,True,0.0006964476779103279,True,not_needed,,,,,0,False,25888,39400
9,2,0.3,0.0,stage0,0,trimmed,0.5,guarded,controlled,5,1,1,19,0.013786244186371848,custom,"{""bfgs"": 0.046522180823275264, ""custom"": 0.004678595061736342}",0.010795822134241462,0.010795822134241462,stage3_l_opt,l_opt_current_alpha,0.9058805985442974,0.9204546431224506,0.04371143047794107,0.05,False,False,True,True,0.0006964476779103279,True,not_needed,,,,,0,False,27080,41188
10,2,0.3,0.0,uniform,0,trimmed,0.5,guarded,controlled,5,1,0,0,0.007469640275509878,custom,"{""bfgs"": 0.03170779086649418, ""custom"": 0.013463879004120828}",0.012106168394287428,0.012106168394287428,stage3_l_opt,l_opt_current_alpha,0.9866770621097852,1.0068133286834542,0.49333853105489256,0.5,False,True,True,False,,True,not_needed,,,,,0,False,2350,3250
10,2,0.3,0.0,uniform,0,trimmed,0.5,guarded,controlled,5,1,0,1,0.005323104455920574,custom,"{""bfgs"": 0.02684400883194665, ""custom"": 0.009476513983721483}",0.010367070014278093,0.010367070014278093,stage3_l_opt,l_opt_current_alpha,1.7527613011276462,1.7847613011276462,0.8763806505638231,0.5,True,True,True,False,-0.0017390983800093344,True,not_needed,,,,,0,False,4190,7275
10,2,0.3,0.0,uniform,0,trimmed,0.5,guarded,controlled,5,1,0,2,0.02274600628525892,custom,"{""bfgs"": 0.020502525084148196, ""custom"": 0.009885995940997613}",0.019227999572952587,0.019227999572952587,stage3_l_opt,l_opt_current_alpha,0.876380650563823,0.908380650563823,0.43819032528191143,0.25,False,False,True,True,0.008860929558674494,True,not_needed,,,,,0,False,6435,13425
10,2,0.3,0.0,uniform,0,trimmed,0.5,guarded,controlled,5,1,0,3,0.019982479920180984,custom,"{""bfgs"": 0.021185060766763623, ""custom"": 0.01620251094638464}",0.02110638205582897,0.02110638205582897,stage3_l_opt,l_opt_current_alpha,1.750432922445435,1.782432922445435,0.21909516264095572,0.125,False,False,True,True,0.010739312041550876,True,not_needed,,,,,0,False,8385,19040
10,2,0.3,0.0,uniform,0,trimmed,0.5,guarded,controlled,5,1,0,4,2.5874799459091324e-05,custom,"{""bfgs"": 0.024307261927814308, ""custom"": 0.016265373355142686}",0.014953342576821646,0.014953342576821646,stage3_l_opt,l_opt_current_alpha,1.5336661384866903,1.5656661384866903,0.10954758132047793,0.0625,False,False,True,True,0.004586272562543552,True,not_needed,,,,,0,False,10305,23110
10,2,0.3,0.0,uniform,0,trimmed,0.5,guarded,controlled,5,1,0,5,0.007245430330785688,custom,"{""bfgs"": 0.02408251360079574, ""custom"": 0.015680788523737138}",0.010931598022580147,0.010931598022580147,stage3_l_opt,l_opt_current_alpha,1.1672451100473547,1.191245110047355,0.08763806505638236,0.05,False,False,True,True,0.0005645280083020534,True,not_needed,,,,,0,False,12585,31080
10,2,0.3,0.0,uniform,0,trimmed,0.5,guarded,controlled,5,1,0,6,0.007281941245349852,custom,"{""bfgs"": 0.026191458000070778, ""custom"": 0.015450872570618083}",0.01087719885011514,0.01087719885011514,stage3_l_opt,l_opt_current_alpha,1.1828083781813195,1.2068083781813195,0.08763806505638236,0.05,False,False,True,True,0.0005101288358370475,True,not_needed,,,,,0,False,14975,36525
10,2,0.3,0.0,uniform,0,trimmed,0.5,guarded,controlled,5,1,0,7,0.007281941245349852,custom,"{""bfgs"": 0.026191458000070778, ""custom"": 0.015450872570618083}",0.01087719885011514,0.01087719885011514,stage3_l_opt,l_opt_current_alpha,1.1828083781813195,1.2068083781813195,0.08763806505638236,0.05,False,False,True,True,0.0005101288358370475,True,not_needed,,,,,0,False,17365,41970
10,2,0.3,0.0,uniform,0,trimmed,0.5,guarded,controlled,5,1,0,8,0.007281941245349852,custom,"{""bfgs"": 0.026191458000070778, ""custom"": 0.015450872570618083}",0.01087719885011514,0.01087719885011514,stage3_l_opt,l_opt_current_alpha,1.1828083781813195,1.2068083781813195,0.08763806505638236,0.05,False,False,True,True,0.0005101288358370475,True,not_needed,,,,,0,False,19755,47415
10,2,0.3,0.0,uniform,0,trimmed,0.5,guarded,controlled,5,1,0,9,0.007281941245349852,custom,"{""bfgs"": 0.026191458000070778, ""custom"": 0.015450872570618083}",0.01087719885011514,0.01087719885011514,stage3_l_opt,l_opt_current_alpha,1.1828083781813195,1.2068083781813195,0.08763806505638236,0.05,False,False,True,True,0.0005101288358370475,True,not_needed,,,,,0,False,22145,52860
10,2,0.3,0.0,uniform,0,trimmed,0.5,guarded,controlled,5,1,0,10,0.007281941245349852,custom,"{""bfgs"": 0.026191458000070778, ""custom"": 0.015450872570618083}",0.01087719885011514,0.01087719885011514,stage3_l_opt,l_opt_current_alpha,1.1828083781813195,1.2068083781813195,0.08763806505638236,0.05,False,False,True,True,0.0005101288358370475,True,not_needed,,,,,0,False,24535,58305
10,2,0.3,0.0,uniform,0,trimmed,0.5,guarded,controlled,5,1,0,11,0.007281941245349852,custom,"{""bfgs"": 0.026191458000070778, ""custom"": 0.015450872570618083}",0.01087719885011514,0.01087719885011514,stage3_l_opt,l_opt_current_alpha,1.1828083781813195,1.2068083781813195,0.08763806505638236,0.05,False,False,True,True,0.0005101288358370475,True,not_needed,,,,,0,False,26925,63750
10,2,0.3,0.0,uniform,0,trimmed,0.5,guarded,controlled,5,1,0,12,0.007281941245349852,custom,"{""bfgs"": 0.026191458000070778, ""custom"": 0.015450872570618083}",0.01087719885011514,0.01087719885011514,stage3_l_opt,l_opt_current_alpha,1.1828083781813195,1.2068083781813195,0.08763806505638236,0.05,False,False,True,True,0.0005101288358370475,True,not_needed,,,,,0,False,29315,69195
10,2,0.3,0.0,uniform,0,trimmed,0.5,guarded,controlled,5,1,0,13,0.007281941245349852,custom,"{""bfgs"": 0.026191458000070778, ""custom"": 0.015450872570618083}",0.01087719885011514,0.01087719885011514,stage3_l_opt,l_opt_current_alpha,1.1828083781813195,1.2068083781813195,0.08763806505638236,0.05,False,False,True,True,0.0005101288358370475,True,not_needed,,,,,0,False,31705,74640
10,2,0.3,0.0,uniform,0,trimmed,0.5,guarded,controlled,5,1,0,14,0.007281941245349852,custom,"{""bfgs"": 0.026191458000070778, ""custom"": 0.015450872570618083}",0.01087719885011514,0.01087719885011514,stage3_l_opt,l_opt_current_alpha,1.1828083781813195,1.2068083781813195,0.08763806505638236,0.05,False,False,True,True,0.0005101288358370475,True,not_needed,,,,,0,False,34095,80085
10,2,0.3,0.0,uniform,0,trimmed,0.5,guarded,controlled,5,1,0,15,0.007281941245349852,custom,"{""bfgs"": 0.026191458000070778, ""custom"": 0.015450872570618083}",0.01087719885011514,0.01087719885011514,stage3_l_opt,l_opt_current_alpha,1.1828083781813195,1.2068083781813195,0.08763806505638236,0.05,False,False,True,True,0.0005101288358370475,True,not_needed,,,,,0,False,36485,85530
10,2,0.3,0.0,uniform,0,trimmed,0.5,guarded,controlled,5,1,0,16,0.007281941245349852,custom,"{""bfgs"": 0.026191458000070778, ""custom"": 0.015450872570618083}",0.01087719885011514,0.01087719885011514,stage3_l_opt,l_opt_current_alpha,1.1828083781813195,1.2068083781813195,0.08763806505638236,0.05,False,False,True,True,0.0005101288358370475,True,not_needed,,,,,0,False,38875,90975
10,2,0.3,0.0,uniform,0,trimmed,0.5,guarded,controlled,5,1,0,17,0.007281941245349852,custom,"{""bfgs"": 0.026191458000070778, ""custom"": 0.015450872570618083}",0.01087719885011514,0.01087719885011514,stage3_l_opt,l_opt_current_alpha,1.1828083781813195,1.2068083781813195,0.08763806505638236,0.05,False,False,True,True,0.0005101288358370475,True,not_needed,,,,,0,False,41265,96420
10,2,0.3,0.0,uniform,0,trimmed,0.5,guarded,controlled,5,1,0,18,0.007281941245349852,custom,"{""bfgs"": 0.026191458000070778, ""custom"": 0.015450872570618083}",0.01087719885011514,0.01087719885011514,stage3_l_opt,l_opt_current_alpha,1.1828083781813195,1.2068083781813195,0.08763806505638236,0.05,False,False,True,True,0.0005101288358370475,True,not_needed,,,,,0,False,43655,101865
10,2,0.3,0.0,uniform,0,trimmed,0.5,guarded,controlled,5,1,0,19,0.007281941245349852,custom,"{""bfgs"": 0.026191458000070778, ""custom"": 0.015450872570618083}",0.01087719885011514,0.01087719885011514,stage3_l_opt,l_opt_current_alpha,1.1828083781813195,1.2068083781813195,0.08763806505638236,0.05,False,False,True,True,0.0005101288358370475,True,not_needed,,,,,0,False,46045,107310
10,2,0.3,0.0,uniform,0,trimmed,0.5,guarded,controlled,5,1,1,0,0.01070324844496634,custom,"{""bfgs"": 0.015084420796483755, ""custom"": 0.013687706086784601}",0.013687706086784601,0.013687706086784601,stage3_l_opt,l_opt_current_alpha,0.5222128543569914,0.5328702595479504,0.26110642717849575,0.5,False,True,True,False,,True,not_needed,,,,,0,False,1696,2612
10,2,0.3,0.0,uniform,0,trimmed,0.5,guarded,controlled,5,1,1,1,0.01737469558391866,bfgs,"{""bfgs"": 0.011902629755041949, ""custom"": 0.015483868765668292}",0.014521263889037073,0.014521263889037073,stage3_l_opt,l_opt_current_alpha,0.7476357177914305,0.7576357177914304,0.13055321358924787,0.25,False,False,True,True,0.0008335578022524714,True,not_needed,,,,,0,False,2264,4956
10,2,0.3,0.0,uniform,0,trimmed,0.5,guarded,controlled,5,1,1,2,0.014105635692400594,bfgs,"{""bfgs"": 0.013022636836977271, ""custom"": 0.014705777527129286}",0.014736509299837053,0.014736509299837053,stage3_l_opt,l_opt_current_alpha,1.478053213589248,1.508053213589248,0.06527660679462396,0.125,False,False,True,True,0.0010488032130524516,True,not_needed,,,,,0,False,3936,7672
10,2,0.3,0.0,uniform,0,trimmed,0.5,guarded,controlled,5,1,1,3,0.01651893077073984,bfgs,"{""bfgs"": 0.013497297672210144, ""custom"": 0.014083344212420279}",0.01418614701833576,0.01418614701833576,stage3_l_opt,l_opt_current_alpha,0.9360568418935469,0.9550778670996473,0.032638303397311996,0.0625,False,False,True,True,0.0004984409315511584,True,not_needed,,,,,0,False,4496,11480
10,2,0.3,0.0,uniform,0,trimmed,0.5,guarded,controlled,5,1,1,4,0.008925455980581642,custom,"{""bfgs"": 0.014736422421145617, ""custom"": 0.013924697801577646}",0.01366210961714387,0.01366210961714387,stage3_l_opt,l_opt_current_alpha,0.4856235812635546,0.4955665005694216,0.030351473828972103,0.0625,True,True,True,False,-2.559646964073181e-05,True,not_needed,,,,,0,False,5320,14372
10,2,0.3,0.0,uniform,0,trimmed,0.5,guarded,controlled,5,1,1,5,0.009017116136665254,custom,"{""bfgs"": 0.01418096468802725, ""custom"": 0.013988779557879801}",0.013662212062627077,0.013662212062627077,stage3_l_opt,l_opt_current_alpha,0.6142820614420388,0.6275974750992801,0.03839262884012745,0.0625,True,True,True,False,1.0244548320770264e-07,True,not_needed,,,,,0,False,7256,16984
10,2,0.3,0.0,uniform,0,trimmed,0.5,guarded,controlled,5,1,1,6,0.008399735340699516,custom,"{""bfgs"": 0.01513794466140099, ""custom"": 0.014327714853773144}",0.013652885798364878,0.013652885798364878,stage3_l_opt,l_opt_current_alpha,0.4683276349614054,0.4790120033427958,0.029270477185087795,0.0625,True,True,True,False,-9.326264262199402e-06,True,not_needed,,,,,0,False,8884,19500
10,2,0.3,0.0,uniform,0,trimmed,0.5,guarded,controlled,5,1,1,7,0.009617495344974268,bfgs,"{""bfgs"": 0.013064506196860226, ""custom"": 0.01445104226214491}",0.013424970558844507,0.013424970558844507,stage3_l_opt,l_opt_current_alpha,0.41107636851599516,0.42118970038186876,0.02569227303224972,0.0625,True,True,True,False,-0.00022791523952037096,True,not_needed,,,,,0,False,10712,21872
10,2,0.3,0.0,uniform,0,trimmed,0.5,guarded,controlled,5,1,1,8,0.017154308399578863,bfgs,"{""bfgs"": 0.014630683659340116, ""custom"": 0.015011888539896852}",0.014483401901088655,0.014483401901088655,stage3_l_opt,l_opt_current_alpha,0.42665174829490077,0.43510023696845634,0.020553818425799758,0.05,False,False,True,True,0.0010584313422441483,True,not_needed,,,,,0,False,11296,23928
10,2,0.3,0.0,uniform,0,trimmed,0.5,guarded,controlled,5,1,1,9,0.021874098399454915,bfgs,"{""bfgs"": 0.014351024432554859, ""custom"": 0.014978480078698647}",0.01427872630301863,0.01427872630301863,stage3_l_opt,l_opt_current_alpha,0.656460797982354,0.6696575054125381,0.020553818425799758,0.05,False,False,True,True,0.0008537557441741228,True,not_needed,,,,,0,False,12756,27156
10,2,0.3,0.0,uniform,0,trimmed,0.5,guarded,controlled,5,1,1,10,0.021874098399454915,bfgs,"{""bfgs"": 0.014351024432554859, ""custom"": 0.014978480078698647}",0.01427872630301863,0.01427872630301863,stage3_l_opt,l_opt_current_alpha,0.656460797982354,0.6696575054125381,0.020553818425799758,0.05,False,False,True,True,0.0008537557441741228,True,not_needed,,,,,0,False,14216,30384
10,2,0.3,0.0,uniform,0,trimmed,0.5,guarded,controlled,5,1,1,11,0.021874098399454915,bfgs,"{""bfgs"": 0.014351024432554859, ""custom"": 0.014978480078698647}",0.01427872630301863,0.01427872630301863,stage3_l_opt,l_opt_current_alpha,0.656460797982354,0.6696575054125381,0.020553818425799758,0.05,False,False,True,True,0.0008537557441741228,True,not_needed,,,,,0,False,15676,33612
10,2,0.3,0.0,uniform,0,trimmed,0.5,guarded,controlled,5,1,1,12,0.021874098399454915,bfgs,"{""bfgs"": 0.014351024432554859, ""custom"": 0.014978480078698647}",0.01427872630301863,0.01427872630301863,stage3_l_opt,l_opt_current_alpha,0.656460797982354,0.6696575054125381,0.020553818425799758,0.05,False,False,True,True,0.0008537557441741228,True,not_needed,,,,,0,False,17136,36840
10,2,0.3,0.0,uniform,0,trimmed,0.5,guarded,controlled,5,1,1,13,0.021874098399454915,bfgs,"{""bfgs"": 0.014351024432554859, ""custom"": 0.014978480078698647}",0.01427872630301863,0.01427872630301863,stage3_l_opt,l_opt_current_alpha,0.656460797982354,0.6696575054125381,0.020553818425799758,0.05,False,False,True,True,0.0008537557441741228,True,not_needed,,,,,0,False,18596,40068
10,2,0.3,0.0,uniform,0,trimmed,0.5,guarded,controlled,5,1,1,14,0.021874098399454915,bfgs,"{""bfgs"": 0.014351024432554859, ""custom"": 0.014978480078698647}",0.01427872630301863,0.01427872630301863,stage3_l_opt,l_opt_current_alpha,0.656460797982354,0.6696575054125381,0.020553818425799758,0.05,False,False,True,True,0.0008537557441741228,True,not_needed,,,,,0,False,20056,43296
10,2,0.3,0.0,uniform,0,trimmed,0.5,guarded,controlled,5,1,1,15,0.021874098399454915,bfgs,"{""bfgs"": 0.014351024432554859, ""custom"": 0.014978480078698647}",0.01427872630301863,0.01427872630301863,stage3_l_opt,l_opt_current_alpha,0.656460797982354,0.6696575054125381,0.020553818425799758,0.05,False,False,True,True,0.0008537557441741228,True,not_needed,,,,,0,False,21516,46524
10,2,0.3,0.0,uniform,0,trimmed,0.5,guarded,controlled,5,1,1,16,0.021874098399454915,bfgs,"{""bfgs"": 0.014351024432554859, ""custom"": 0.014978480078698647}",0.01427872630301863,0.01427872630301863,stage3_l_opt,l_opt_current_alpha,0.656460797982354,0.6696575054125381,0.020553818425799758,0.05,False,False,True,True,0.0008537557441741228,True,not_needed,,,,,0,False,22976,49752
10,2,0.3,0.0,uniform,0,trimmed,0.5,guarded,controlled,5,1,1,17,0.021874098399454915,bfgs,"{""bfgs"": 0.014351024432554859, ""custom"": 0.014978480078698647}",0.01427872630301863,0.01427872630301863,stage3_l_opt,l_opt_current_alpha,0.656460797982354,0.6696575054125381,0.020553818425799758,0.05,False,False,True,True,0.0008537557441741228,True,not_needed,,,,,0,False,24436,52980
10,2,0.3,0.0,uniform,0,trimmed,0.5,guarded,controlled,5,1,1,18,0.021874098399454915,bfgs,"{""bfgs"": 0.014351024432554859, ""custom"": 0.014978480078698647}",0.01427872630301863,0.01427872630301863,stage3_l_opt,l_opt_current_alpha,0.656460797982354,0.6696575054125381,0.020553818425799758,0.05,False,False,True,True,0.0008537557441741228,True,not_needed,,,,,0,False,25896,56208
10,2,0.3,0.0,uniform,0,trimmed,0.5,guarded,controlled,5,1,1,19,0.021874098399454915,bfgs,"{""bfgs"": 0.014351024432554859, ""custom"": 0.014978480078698647}",0.01427872630301863,0.01427872630301863,stage3_l_opt,l_opt_current_alpha,0.656460797982354,0.6696575054125381,0.020553818425799758,0.05,False,False,True,True,0.0008537557441741228,True,not_needed,,,,,0,False,27356,59436
10,2,0.3,0.0,uniform,0,trimmed,0.5,guarded,controlled,5,1,2,0,0.061627616897653614,custom,"{""bfgs"": 0.0043604363066454726, ""custom"": 0.0032311539786557355}",0.0032311539786557355,0.0032311539786557355,stage3_l_opt,l_opt_current_alpha,0.5373601793333518,0.548326713605461,0.2686800896666759,0.5,False,True,True,False,,True,recovered_informative,4,0.01654058570663134,0.0043604363066454726,0.012180149399985869,1,True,1071,1524
10,2,0.3,0.0,uniform,0,trimmed,0.5,guarded,controlled,5,1,2,1,0.06222307557939322,custom,"{""bfgs"": 0.004655242383338929, ""custom"": 0.001975638510400916}",0.0032990585702160993,0.0032990585702160993,stage3_l_opt,l_opt_current_alpha,0.2745812262917464,0.2856681919235509,0.13729061314587318,0.5,True,True,True,False,6.790459156036377e-05,True,recovered_informative,4,0.01915644614624299,0.004655242383338929,0.014501203762904062,1,True,2142,2622
10,2,0.3,0.0,uniform,0,trimmed,0.5,guarded,controlled,5,1,2,2,0.0623972098044977,custom,"{""bfgs"": 0.0048052120217203734, ""custom"": 0.001298446659749467}",0.003318154408286015,0.003318154408286015,stage3_l_opt,l_opt_current_alpha,0.13890308381358946,0.15002295701004106,0.06945154190679473,0.5,True,True,True,False,1.909583806991577e-05,True,recovered_informative,4,0.02532657850932149,0.0048052120217203734,0.02052136648760112,1,True,3198,4122
10,2,0.3,0.0,uniform,0,trimmed,0.5,guarded,controlled,5,1,2,3,0.062464514024110684,custom,"{""bfgs"": 0.004882234278230112, ""custom"": 0.0009589356237393304}",0.0033307685516774654,0.0033307685516774654,stage3_l_opt,l_opt_current_alpha,0.07293662710575657,0.08412762448994224,0.03646831355287834,0.5,True,True,True,False,1.261414339145039e-05,True,recovered_informative,4,0.026285553265293644,0.004882234278230112,0.021403318987063533,1,True,4548,5520
10,2,0.3,0.0,uniform,0,trimmed,0.5,guarded,controlled,5,1,2,4,0.06248539864850322,custom,"{""bfgs"": 0.004867193099796736, ""custom"": 0.0007798589662875991}",0.0033342082363863788,0.0033342082363863788,stage3_l_opt,l_opt_current_alpha,0.036846038254442465,0.048044744306007,0.018423019127221024,0.5,True,True,True,False,3.439684708913312e-06,True,recovered_informative,4,0.026497870074327343,0.004867193099796736,0.021630676974530607,1,True,5940,6810
10,2,0.3,0.0,uniform,0,trimmed,0.5,guarded,controlled,5,1,2,5,0.06240568133927049,custom,"{""bfgs"": 0.0048587387560652855, ""custom"": 0.0006797039187174513}",0.003318924612055222,0.003318924612055222,stage3_l_opt,l_opt_current_alpha,0.04952800709487639,0.05402301504497044,0.0247640035474381,0.5,True,True,True,False,-1.5283624331156702e-05,True,recovered_informative,4,0.026596417048997713,0.0048587387560652855,0.021737678292932428,1,True,7128,8130
10,2,0.3,0.0,uniform,0,trimmed,0.5,guarded,controlled,5,1,2,6,0.06252772787129601,custom,"{""bfgs"": 0.004989285067175848, ""custom"": 0.0006375841830284538}",0.0033458659114936986,0.0033458659114936986,stage3_l_opt,l_opt_current_alpha,0.031676417611647294,0.039376885176425715,0.015838208805823595,0.5,True,True,True,False,2.6941299438476562e-05,True,recovered_informative,4,0.026186584176551807,0.004989285067175848,0.02119729910937596,1,True,8568,9420
10,2,0.3,0.0,uniform,0,trimmed,0.5,guarded,controlled,5,1,2,7,0.06248676134355091,custom,"{""bfgs"": 0.004920231674042192, ""custom"": 0.0006119357152765417}",0.0033359740239878497,0.0033359740239878497,stage3_l_opt,l_opt_current_alpha,0.015216004952981005,0.022903774479946216,0.007608002476490447,0.5,True,True,True,False,-9.891887505848913e-06,True,recovered_informative,4,0.026487147431257848,0.004920231674042192,0.021566915757215657,1,True,9552,10800
10,2,0.3,0.0,uniform,0,trimmed,0.5,guarded,controlled,5,1,2,8,0.062399040859207,custom,"{""bfgs"": 0.00488544683180844, ""custom"": 0.0005960083014660006}",0.0033180826964477697,0.0033180826964477697,stage3_l_opt,l_opt_current_alpha,0.042208571097578564,0.046704091408353236,0.02110428554878925,0.5,True,True,True,False,-1.7891327540080042e-05,True,recovered_informative,4,0.026593373218263033,0.00488544683180844,0.021707926386454593,1,True,10932,12132
10,2,0.3,0.0,uniform,0,trimmed,0.5,guarded,controlled,5,1,2,9,0.06155443649593151,custom,"{""bfgs"": 0.005002738428307252, ""custom"": 0.001096726650452632}",0.003674205237378677,0.003674205237378677,stage3_l_opt,l_opt_current_alpha,0.047388701510167955,0.05550592051165134,0.010552142774394625,0.25,False,False,True,True,0.0003561225409309072,True,recovered_informative,4,0.02617176410887277,0.005002738428307252,0.021169025680565515,1,True,12090,13422
10,2,0.3,0.0,uniform,0,trimmed,0.5,guarded,controlled,5,1,2,10,0.06275823306039707,custom,"{""bfgs"": 0.004944092630057846, ""custom"": 0.0006298356118546781}",0.003388662046442429,0.003388662046442429,stage3_l_opt,l_opt_current_alpha,0.020138246330215784,0.027890534356417383,0.005034561582553991,0.25,True,True,True,False,7.057934999465942e-05,True,recovered_informative,4,0.025284042360996697,0.004944092630057846,0.02033994973093885,1,True,13890,14814
10,2,0.3,0.0,uniform,0,trimmed,0.5,guarded,controlled,5,1,2,11,0.06245779106967986,custom,"{""bfgs"": 0.004921695763380195, ""custom"": 0.0005877358410836339}",0.0033299465042849383,0.0033299465042849383,stage3_l_opt,l_opt_current_alpha,0.03565275655226052,0.04015307212403158,0.008913189138065172,0.25,True,True,True,False,-5.871554215749076e-05,True,recovered_informative,4,0.026500992261155258,0.004921695763380195,0.021579296497775062,1,True,14946,16194
10,2,0.3,0.0,uniform,0,trimmed,0.5,guarded,controlled,5,1,2,12,0.06245837601871118,custom,"{""bfgs"": 0.004971399613398235, ""custom"": 0.0005839949112338808}",0.003329581425835689,0.003329581425835689,stage3_l_opt,l_opt_current_alpha,0.02179984106139389,0.027390259824907184,0.005449960265348462,0.25,True,True,True,False,-3.650784492492676e-07,True,recovered_informative,4,0.026352851925813242,0.004971399613398235,0.021381452312415006,1,True,16026,17484
10,2,0.3,0.0,uniform,0,trimmed,0.5,guarded,controlled,5,1,2,13,0.06313325620423393,custom,"{""bfgs"": 0.00494103234660475, ""custom"": 0.000665654217958821}",0.0034632100723683834,0.0034632100723683834,stage3_l_opt,l_opt_current_alpha,0.022790347794204933,0.03063469234975589,0.002724980132674207,0.125,False,False,True,True,0.00013362864653269435,True,recovered_informative,4,0.025350410028879007,0.00494103234660475,0.020409377682274257,1,True,17778,18876
10,2,0.3,0.0,uniform,0,trimmed,0.5,guarded,controlled,5,1,2,14,0.06249508168779805,custom,"{""bfgs"": 0.004956215980001492, ""custom"": 0.0005891612781083049}",0.0033378242515027523,0.0033378242515027523,stage3_l_opt,l_opt_current_alpha,0.018850397353368326,0.025418115881900176,0.002356299669171079,0.125,True,True,True,False,8.24282566706325e-06,True,recovered_informative,4,0.026235322379057187,0.004956215980001492,0.021279106399055694,1,True,19155,20268
10,2,0.3,0.0,uniform,0,trimmed,0.5,guarded,controlled,5,1,2,15,0.06243765110863286,custom,"{""bfgs"": 0.004943011295010892, ""custom"": 0.000583684351315918}",0.0033252377373476825,0.0033252377373476825,stage3_l_opt,l_opt_current_alpha,0.01683191903089737,0.02244781283996728,0.002103989878862164,0.125,True,True,True,False,-1.2586514155069842e-05,True,recovered_informative,4,0.025270092140606524,0.004943011295010892,0.020327080845595633,1,True,20361,21660
10,2,0.3,0.0,uniform,0,trimmed,0.5,guarded,controlled,5,1,2,16,0.06246606361856433,custom,"{""bfgs"": 0.004931336875646477, ""custom"": 0.0005885045698217955}",0.003330453143765529,0.003330453143765529,stage3_l_opt,l_opt_current_alpha,0.014547742353392665,0.020876140500580814,0.0018184677941741334,0.125,True,True,True,False,5.21540641784668e-06,True,recovered_informative,4,0.026473204618315475,0.004931336875646477,0.021541867742669,1,True,22251,23040
10,2,0.3,0.0,uniform,0,trimmed,0.5,guarded,controlled,5,1,2,17,0.06246451591326241,custom,"{""bfgs"": 0.004921199688332014, ""custom"": 0.0005888087621245534}",0.003330875343332688,0.003330875343332688,stage3_l_opt,l_opt_current_alpha,0.03577389094820169,0.040274830725261,0.004471736368525131,0.125,True,True,True,False,4.221995671587278e-07,True,recovered_informative,4,0.026502363139341772,0.004921199688332014,0.021581163451009758,1,True,23790,24420
10,2,0.3,0.0,uniform,0,trimmed,0.5,guarded,controlled,5,1,2,18,0.062459770572352524,custom,"{""bfgs"": 0.004946126809633204, ""custom"": 0.0005860989205932486}",0.003330135252326727,0.003330135252326727,stage3_l_opt,l_opt_current_alpha,0.01724990634845907,0.023299987537355578,0.0021562382935573984,0.125,True,True,True,False,-7.400910059609557e-07,True,recovered_informative,4,0.025020391700434734,0.004946126809633204,0.02007426489080153,1,True,24978,25812
10,2,0.3,0.0,uniform,0,trimmed,0.5,guarded,controlled,5,1,2,19,0.062470035460994056,custom,"{""bfgs"": 0.004934109712279311, ""custom"": 0.0005885180150658613}",0.003331650203714768,0.003331650203714768,stage3_l_opt,l_opt_current_alpha,0.015012642050837632,0.021401068833853676,0.0018765802563546208,0.125,True,True,True,False,1.5149513880410338e-06,True,recovered_informative,4,0.026465105773692064,0.004934109712279311,0.021530996061412754,1,True,26043,27192
10,2,0.3,0.0,stage0,0,trimmed,0.5,guarded,controlled,5,1,0,0,0.00777230864491768,custom,"{""bfgs"": 0.028906447682857245, ""custom"": 0.010258587350923144}",0.010326496635874113,0.010326496635874113,stage3_l_opt,l_opt_current_alpha,0.44047251195131243,0.4377171405024924,0.22023625597565621,0.5,False,True,True,False,,True,not_needed,,,,,0,False,4335,5600
10,2,0.3,0.0,stage0,0,trimmed,0.5,guarded,controlled,5,1,0,1,0.008613698167364542,custom,"{""bfgs"": 0.020206377240971, ""custom"": 0.011150236229567448}",0.00913332961499691,0.00913332961499691,stage3_l_opt,l_opt_current_alpha,0.49153219974854034,0.49583576139396945,0.24576609987427017,0.5,True,True,True,False,-0.001193167020877203,True,not_needed,,,,,0,False,7640,10495
10,2,0.3,0.0,stage0,0,trimmed,0.5,guarded,controlled,5,1,0,2,0.004296637283386848,custom,"{""bfgs"": 0.031189914001722684, ""custom"": 0.011931638985181936}",0.011772211020191511,0.011772211020191511,stage3_l_opt,l_opt_current_alpha,0.9537335613702154,0.9739876008419351,0.12288304993713506,0.25,False,False,True,True,0.002638881405194601,True,not_needed,,,,,0,False,10030,14700
10,2,0.3,0.0,stage0,0,trimmed,0.5,guarded,controlled,5,1,0,3,0.008205010659533024,custom,"{""bfgs"": 0.030217649369036217, ""custom"": 0.012053964402581654}",0.011830104514956474,0.011830104514956474,stage3_l_opt,l_opt_current_alpha,1.2924632229702953,1.3164632229702955,0.061441524968567515,0.125,False,False,True,True,0.002696774899959564,True,not_needed,,,,,0,False,12345,18220
10,2,0.3,0.0,stage0,0,trimmed,0.5,guarded,controlled,5,1,0,4,0.0075640162872879085,custom,"{""bfgs"": 0.029722124071321285, ""custom"": 0.011365634019154074}",0.010150515163938204,0.010150515163938204,stage3_l_opt,l_opt_current_alpha,1.2413058452420334,1.2733058452420334,0.030720762484283806,0.0625,False,False,True,True,0.0010171855489412938,True,not_needed,,,,,0,False,14260,23355
10,2,0.3,0.0,stage0,0,trimmed,0.5,guarded,controlled,5,1,0,5,0.0047621572223045805,bfgs,"{""bfgs"": 0.011995098779900156, ""custom"": 0.011995098779900156}",0.011519579216837883,0.011519579216837883,stage3_l_opt,l_opt_current_alpha,0.7347693578065626,0.7427693578065626,0.024576609987427014,0.05,False,False,True,True,0.002386249601840973,True,recovered_informative,4,0.01661121490055168,0.011995098779900156,0.004616116120651525,1,True,17620,30995
10,2,0.3,0.0,stage0,0,trimmed,0.5,guarded,controlled,5,1,0,6,0.005025403947304233,bfgs,"{""bfgs"": 0.011666276387851995, ""custom"": 0.011666276387851995}",0.011186674858132998,0.011186674858132998,stage3_l_opt,l_opt_current_alpha,0.8258680537494226,0.8356046228221491,0.024576609987427014,0.05,False,False,True,True,0.0020533452431360875,True,recovered_informative,4,0.014924794891082947,0.011666276387851995,0.003258518503230952,1,True,20595,40915
10,2,0.3,0.0,stage0,0,trimmed,0.5,guarded,controlled,5,1,0,7,0.005025403947304233,bfgs,"{""bfgs"": 0.011666276387851995, ""custom"": 0.011666276387851995}",0.011186674858132998,0.011186674858132998,stage3_l_opt,l_opt_current_alpha,0.8258680537494226,0.8356046228221491,0.024576609987427014,0.05,False,False,True,True,0.0020533452431360875,True,recovered_informative,4,0.014924794891082947,0.011666276387851995,0.003258518503230952,1,True,23570,50835
10,2,0.3,0.0,stage0,0,trimmed,0.5,guarded,controlled,5,1,0,8,0.005025403947304233,bfgs,"{""bfgs"": 0.011666276387851995, ""custom"": 0.011666276387851995}",0.011186674858132998,0.011186674858132998,stage3_l_opt,l_opt_current_alpha,0.8258680537494226,0.8356046228221491,0.024576609987427014,0.05,False,False,True,True,0.0020533452431360875,True,recovered_informative,4,0.014924794891082947,0.011666276387851995,0.003258518503230952,1,True,26545,60755
10,2,0.3,0.0,stage0,0,trimmed,0.5,guarded,controlled,5,1,0,9,0.005025403947304233,bfgs,"{""bfgs"": 0.011666276387851995, ""custom"": 0.011666276387851995}",0.011186674858132998,0.011186674858132998,stage3_l_opt,l_opt_current_alpha,0.8258680537494226,0.8356046228221491,0.024576609987427014,0.05,False,False,True,True,0.0020533452431360875,True,recovered_informative,4,0.014924794891082947,0.011666276387851995,0.003258518503230952,1,True,29520,70675
10,2,0.3,0.0,stage0,0,trimmed,0.5,guarded,controlled,5,1,0,10,0.005025403947304233,bfgs,"{""bfgs"": 0.011666276387851995, ""custom"": 0.011666276387851995}",0.011186674858132998,0.011186674858132998,stage3_l_opt,l_opt_current_alpha,0.8258680537494226,0.8356046228221491,0.024576609987427014,0.05,False,False,True,True,0.0020533452431360875,True,recovered_informative,4,0.014924794891082947,0.011666276387851995,0.003258518503230952,1,True,32495,80595
10,2,0.3,0.0,stage0,0,trimmed,0.5,guarded,controlled,5,1,0,11,0.005025403947304233,bfgs,"{""bfgs"": 0.011666276387851995, ""custom"": 0.011666276387851995}",0.011186674858132998,0.011186674858132998,stage3_l_opt,l_opt_current_alpha,0.8258680537494226,0.8356046228221491,0.024576609987427014,0.05,False,False,True,True,0.0020533452431360875,True,recovered_informative,4,0.014924794891082947,0.011666276387851995,0.003258518503230952,1,True,35470,90515
10,2,0.3,0.0,stage0,0,trimmed,0.5,guarded,controlled,5,1,0,12,0.005025403947304233,bfgs,"{""bfgs"": 0.011666276387851995, ""custom"": 0.011666276387851995}",0.011186674858132998,0.011186674858132998,stage3_l_opt,l_opt_current_alpha,0.8258680537494226,0.8356046228221491,0.024576609987427014,0.05,False,False,True,True,0.0020533452431360875,True,recovered_informative,4,0.014924794891082947,0.011666276387851995,0.003258518503230952,1,True,38445,100435
10,2,0.3,0.0,stage0,0,trimmed,0.5,guarded,controlled,5,1,0,13,0.005025403947304233,bfgs,"{""bfgs"": 0.011666276387851995, ""custom"": 0.011666276387851995}",0.011186674858132998,0.011186674858132998,stage3_l_opt,l_opt_current_alpha,0.8258680537494226,0.8356046228221491,0.024576609987427014,0.05,False,False,True,True,0.0020533452431360875,True,recovered_informative,4,0.014924794891082947,0.011666276387851995,0.003258518503230952,1,True,41420,110355
10,2,0.3,0.0,stage0,0,trimmed,0.5,guarded,controlled,5,1,0,14,0.005025403947304233,bfgs,"{""bfgs"": 0.011666276387851995, ""custom"": 0.011666276387851995}",0.011186674858132998,0.011186674858132998,stage3_l_opt,l_opt_current_alpha,0.8258680537494226,0.8356046228221491,0.024576609987427014,0.05,False,False,True,True,0.0020533452431360875,True,recovered_informative,4,0.014924794891082947,0.011666276387851995,0.003258518503230952,1,True,44395,120275
10,2,0.3,0.0,stage0,0,trimmed,0.5,guarded,controlled,5,1,0,15,0.005025403947304233,bfgs,"{""bfgs"": 0.011666276387851995, ""custom"": 0.011666276387851995}",0.011186674858132998,0.011186674858132998,stage3_l_opt,l_opt_current_alpha,0.8258680537494226,0.8356046228221491,0.024576609987427014,0.05,False,False,True,True,0.0020533452431360875,True,recovered_informative,4,0.014924794891082947,0.011666276387851995,0.003258518503230952,1,True,47370,130195
10,2,0.3,0.0,stage0,0,trimmed,0.5,guarded,controlled,5,1,0,16,0.005025403947304233,bfgs,"{""bfgs"": 0.011666276387851995, ""custom"": 0.011666276387851995}",0.011186674858132998,0.011186674858132998,stage3_l_opt,l_opt_current_alpha,0.8258680537494226,0.8356046228221491,0.024576609987427014,0.05,False,False,True,True,0.0020533452431360875,True,recovered_informative,4,0.014924794891082947,0.011666276387851995,0.003258518503230952,1,True,50345,140115
10,2,0.3,0.0,stage0,0,trimmed,0.5,guarded,controlled,5,1,0,17,0.005025403947304233,bfgs,"{""bfgs"": 0.011666276387851995, ""custom"": 0.011666276387851995}",0.011186674858132998,0.011186674858132998,stage3_l_opt,l_opt_current_alpha,0.8258680537494226,0.8356046228221491,0.024576609987427014,0.05,False,False,True,True,0.0020533452431360875,True,recovered_informative,4,0.014924794891082947,0.011666276387851995,0.003258518503230952,1,True,53320,150035
10,2,0.3,0.0,stage0,0,trimmed,0.5,guarded,controlled,5,1,0,18,0.005025403947304233,bfgs,"{""bfgs"": 0.011666276387851995, ""custom"": 0.011666276387851995}",0.011186674858132998,0.011186674858132998,stage3_l_opt,l_opt_current_alpha,0.8258680537494226,0.8356046228221491,0.024576609987427014,0.05,False,False,True,True,0.0020533452431360875,True,recovered_informative,4,0.014924794891082947,0.011666276387851995,0.003258518503230952,1,True,56295,159955
10,2,0.3,0.0,stage0,0,trimmed,0.5,guarded,controlled,5,1,0,19,0.005025403947304233,bfgs,"{""bfgs"": 0.011666276387851995, ""custom"": 0.011666276387851995}",0.011186674858132998,0.011186674858132998,stage3_l_opt,l_opt_current_alpha,0.8258680537494226,0.8356046228221491,0.024576609987427014,0.05,False,False,True,True,0.0020533452431360875,True,recovered_informative,4,0.014924794891082947,0.011666276387851995,0.003258518503230952,1,True,59270,169875
11,2,0.3,0.0,uniform,0,trimmed,0.5,guarded,controlled,5,1,0,0,0.0023419634482866524,bfgs,"{""bfgs"": 0.014331766590476037, ""custom"": 0.019788743928074837}",0.010184084375699362,0.010184084375699362,stage3_l_opt,l_opt_current_alpha,0.1961791909056749,0.20018284786293356,0.09808959545283741,0.5,False,True,True,False,,True,not_needed,,,,,0,False,1835,7135
11,2,0.3,0.0,uniform,0,trimmed,0.5,guarded,controlled,5,1,0,1,0.0028214172433614236,bfgs,"{""bfgs"": 0.017238670995349974, ""custom"": 0.021054184987722366}",0.015473489960034689,0.015473489960034689,stage3_l_opt,l_opt_current_alpha,1.1566079180920064,1.1806079180920064,0.04904479772641876,0.25,False,False,True,True,0.005289405584335327,True,not_needed,,,,,0,False,3300,14925
11,2,0.3,0.0,uniform,0,trimmed,0.5,guarded,controlled,5,1,0,2,0.0011814563731805206,bfgs,"{""bfgs"": 0.01377082867070467, ""custom"": 0.020370091069042154}",0.01026738869647185,0.01026738869647185,stage3_l_opt,l_opt_current_alpha,0.40134938614491933,0.41023851262038447,0.1003373465362297,0.25,True,True,True,False,8.330432077248776e-05,True,not_needed,,,,,0,False,6375,23290
11,2,0.3,0.0,uniform,0,trimmed,0.5,guarded,controlled,5,1,0,3,0.0051467089422396394,custom,"{""bfgs"": 0.016934631584560787, ""custom"": 0.014485550069050723}",0.011409434800346693,0.011409434800346693,stage3_l_opt,l_opt_current_alpha,0.18153647963893524,0.18798732938032392,0.05016867326811483,0.125,False,False,True,True,0.0011420461038748435,True,recovered_informative,2,0.022402475723302173,0.016934631584560787,0.005467844138741386,1,True,12490,40360
11,2,0.3,0.0,uniform,0,trimmed,0.5,guarded,controlled,5,1,0,4,0.0015491843365958123,custom,"{""bfgs"": 0.02995845978533638, ""custom"": 0.020694057212004027}",0.019311345492800076,0.019311345492800076,stage3_l_opt,l_opt_current_alpha,1.5204657875482805,1.5524657875482806,0.025084336634057403,0.0625,False,False,True,True,0.009043956796328226,True,not_needed,,,,,0,False,14660,48020
11,2,0.3,0.0,uniform,0,trimmed,0.5,guarded,controlled,5,1,0,5,0.0030776674866151415,bfgs,"{""bfgs"": 0.014334160809808014, ""custom"": 0.02049281537924238}",0.009570037946105003,0.009570037946105003,stage3_l_opt,l_opt_current_alpha,0.1444066487230241,0.14856397110077849,0.009025415545188958,0.0625,True,True,True,False,-0.0006973507503668461,True,not_needed,,,,,0,False,17460,55400
11,2,0.3,0.0,uniform,0,trimmed,0.5,guarded,controlled,5,1,0,6,0.0006823601798285621,bfgs,"{""bfgs"": 0.01402355857284068, ""custom"": 0.020646055119501544}",0.009553085391720137,0.009553085391720137,stage3_l_opt,l_opt_current_alpha,0.35546122314745265,0.36410997389193395,0.02221632644671581,0.0625,True,True,True,False,-1.6952554384866772e-05,True,not_needed,,,,,0,False,19915,65190
11,2,0.3,0.0,uniform,0,trimmed,0.5,guarded,controlled,5,1,0,7,0.0059392518478572675,bfgs,"{""bfgs"": 0.02060857625657956, ""custom"": 0.020756542310382504}",0.01937943696975708,0.01937943696975708,stage3_l_opt,l_opt_current_alpha,1.517079810271973,1.549079810271973,0.017773061157372705,0.05,False,False,True,True,0.009826351578036943,True,not_needed,,,,,0,False,22620,73785
11,2,0.3,0.0,uniform,0,trimmed,0.5,guarded,controlled,5,1,0,8,0.007944547674628141,bfgs,"{""bfgs"": 0.01351935347625417, ""custom"": 0.02073571747294773}",0.006923812751968701,0.006923812751968701,stage3_l_opt,l_opt_current_alpha,0.07959520165851283,0.08236063008284111,0.003979760082925637,0.05,True,True,True,False,-0.002629272639751435,True,not_needed,,,,,0,False,24915,80975
11,2,0.3,0.0,uniform,0,trimmed,0.5,guarded,controlled,5,1,0,9,0.004407360558548696,bfgs,"{""bfgs"": 0.014206326573693818, ""custom"": 0.02078473003312588}",0.008914827679594358,0.008914827679594358,stage3_l_opt,l_opt_current_alpha,0.40736115967121045,0.41745972418363103,0.003979760082925637,0.05,False,False,True,True,0.001991014927625657,True,not_needed,,,,,0,False,28510,89615
11,2,0.3,0.0,uniform,0,trimmed,0.5,guarded,controlled,5,1,0,10,0.004407360558548696,bfgs,"{""bfgs"": 0.014206326573693818, ""custom"": 0.02078473003312588}",0.008914827679594358,0.008914827679594358,stage3_l_opt,l_opt_current_alpha,0.40736115967121045,0.41745972418363103,0.003979760082925637,0.05,False,False,True,True,0.001991014927625657,True,not_needed,,,,,0,False,32105,98255
11,2,0.3,0.0,uniform,0,trimmed,0.5,guarded,controlled,5,1,0,11,0.004407360558548696,bfgs,"{""bfgs"": 0.014206326573693818, ""custom"": 0.02078473003312588}",0.008914827679594358,0.008914827679594358,stage3_l_opt,l_opt_current_alpha,0.40736115967121045,0.41745972418363103,0.003979760082925637,0.05,False,False,True,True,0.001991014927625657,True,not_needed,,,,,0,False,35700,106895
11,2,0.3,0.0,uniform,0,trimmed,0.5,guarded,controlled,5,1,0,12,0.004407360558548696,bfgs,"{""bfgs"": 0.014206326573693818, ""custom"": 0.02078473003312588}",0.008914827679594358,0.008914827679594358,stage3_l_opt,l_opt_current_alpha,0.40736115967121045,0.41745972418363103,0.003979760082925637,0.05,False,False,True,True,0.001991014927625657,True,not_needed,,,,,0,False,39295,115535
11,2,0.3,0.0,uniform,0,trimmed,0.5,guarded,controlled,5,1,0,13,0.004407360558548696,bfgs,"{""bfgs"": 0.014206326573693818, ""custom"": 0.02078473003312588}",0.008914827679594358,0.008914827679594358,stage3_l_opt,l_opt_current_alpha,0.40736115967121045,0.41745972418363103,0.003979760082925637,0.05,False,False,True,True,0.001991014927625657,True,not_needed,,,,,0,False,42890,124175
11,2,0.3,0.0,uniform,0,trimmed,0.5,guarded,controlled,5,1,0,14,0.004407360558548696,bfgs,"{""bfgs"": 0.014206326573693818, ""custom"": 0.02078473003312588}",0.008914827679594358,0.008914827679594358,stage3_l_opt,l_opt_current_alpha,0.40736115967121045,0.41745972418363103,0.003979760082925637,0.05,False,False,True,True,0.001991014927625657,True,not_needed,,,,,0,False,46485,132815
11,2,0.3,0.0,uniform,0,trimmed,0.5,guarded,controlled,5,1,0,15,0.004407360558548696,bfgs,"{""bfgs"": 0.014206326573693818, ""custom"": 0.02078473003312588}",0.008914827679594358,0.008914827679594358,stage3_l_opt,l_opt_current_alpha,0.40736115967121045,0.41745972418363103,0.003979760082925637,0.05,False,False,True,True,0.001991014927625657,True,not_needed,,,,,0,False,50080,141455
11,2,0.3,0.0,uniform,0,trimmed,0.5,guarded,controlled,5,1,0,16,0.004407360558548696,bfgs,"{""bfgs"": 0.014206326573693818, ""custom"": 0.02078473003312588}",0.008914827679594358,0.008914827679594358,stage3_l_opt,l_opt_current_alpha,0.40736115967121045,0.41745972418363103,0.003979760082925637,0.05,False,False,True,True,0.001991014927625657,True,not_needed,,,,,0,False,53675,150095
11,2,0.3,0.0,uniform,0,trimmed,0.5,guarded,controlled,5,1,0,17,0.004407360558548696,bfgs,"{""bfgs"": 0.014206326573693818, ""custom"": 0.02078473003312588}",0.008914827679594358,0.008914827679594358,stage3_l_opt,l_opt_current_alpha,0.40736115967121045,0.41745972418363103,0.003979760082925637,0.05,False,False,True,True,0.001991014927625657,True,not_needed,,,,,0,False,57270,158735
11,2,0.3,0.0,uniform,0,trimmed,0.5,guarded,controlled,5,1,0,18,0.004407360558548696,bfgs,"{""bfgs"": 0.014206326573693818, ""custom"": 0.02078473003312588}",0.008914827679594358,0.008914827679594358,stage3_l_opt,l_opt_current_alpha,0.40736115967121045,0.41745972418363103,0.003979760082925637,0.05,False,False,True,True,0.001991014927625657,True,not_needed,,,,,0,False,60865,167375
11,2,0.3,0.0,uniform,0,trimmed,0.5,guarded,controlled,5,1,0,19,0.004407360558548696,bfgs,"{""bfgs"": 0.014206326573693818, ""custom"": 0.02078473003312588}",0.008914827679594358,0.008914827679594358,stage3_l_opt,l_opt_current_alpha,0.40736115967121045,0.41745972418363103,0.003979760082925637,0.05,False,False,True,True,0.001991014927625657,True,not_needed,,,,,0,False,64460,176015
11,2,0.3,0.0,stage0,0,trimmed,0.5,guarded,controlled,5,1,0,0,0.004863373444170815,bfgs,"{""bfgs"": 0.010875460297163977, ""custom"": 0.010875889984584629}",0.017989379664262135,0.017989379664262135,stage3_l_opt,l_opt_current_alpha,0.5386836802229781,0.5450441334395602,0.26934184011148915,0.5,False,True,True,False,,True,recovered_informative,15,0.01708894914046608,0.010875889984584629,0.00621305915588145,1,True,2100,12500
11,2,0.3,0.0,stage0,0,trimmed,0.5,guarded,controlled,5,1,0,1,0.02056055209474888,custom,"{""bfgs"": 0.1095285280575158, ""custom"": 0.0184364047350406}",0.02925643076499303,0.02925643076499303,stage3_l_opt,l_opt_current_alpha,1.3374251838079751,1.3655268365021047,0.13467092005574455,0.25,False,False,True,True,0.011267051100730896,True,not_needed,,,,,0,False,5215,18060
11,2,0.3,0.0,stage0,0,trimmed,0.5,guarded,controlled,5,1,0,2,0.004921905288306525,bfgs,"{""bfgs"": 0.011587854503692386, ""custom"": 0.011698039967443537}",0.015121276179949442,0.015121276179949442,stage3_l_opt,l_opt_current_alpha,0.6189205272293681,0.6269205272293681,0.15473013180734196,0.25,True,True,True,False,-0.0028681034843126927,True,recovered_informative,2,0.017779398683316468,0.011698039967443537,0.006081358715872931,1,True,8715,34440
11,2,0.3,0.0,stage0,0,trimmed,0.5,guarded,controlled,5,1,0,3,0.020620286928256456,custom,"{""bfgs"": 0.09685921240320328, ""custom"": 0.021029455803467205}",0.02914450814326604,0.02914450814326604,stage3_l_opt,l_opt_current_alpha,1.6377629495518575,1.6697629495518576,0.07736506590367101,0.125,False,False,True,True,0.014023231963316599,True,not_needed,,,,,0,False,11050,43860
11,2,0.3,0.0,stage0,0,trimmed,0.5,guarded,controlled,5,1,0,4,0.004936100195898033,bfgs,"{""bfgs"": 0.01422404220558154, ""custom"": 0.019490325839877448}",0.022074781358242035,0.022074781358242035,stage3_l_opt,l_opt_current_alpha,1.0578093899138556,1.0818093899138557,0.038682532951835547,0.0625,False,False,True,True,0.006953505178292593,True,not_needed,,,,,0,False,11820,52175
11,2,0.3,0.0,stage0,0,trimmed,0.5,guarded,controlled,5,1,0,5,0.009029956026069721,bfgs,"{""bfgs"": 0.012579290091231269, ""custom"": 0.01858545639754686}",0.012597347299257914,0.012597347299257914,stage3_l_opt,l_opt_current_alpha,0.3263298997719136,0.32297161741374214,0.020395618735744643,0.0625,True,True,True,False,-0.0025239288806915283,True,not_needed,,,,,0,False,14005,59170
11,2,0.3,0.0,stage0,0,trimmed,0.5,guarded,controlled,5,1,0,6,0.020747780234907028,custom,"{""bfgs"": 0.02597702856669733, ""custom"": 0.01916836788733931}",0.029429465532302856,0.029429465532302856,stage3_l_opt,l_opt_current_alpha,1.6636474396931944,1.6956474396931944,0.016316494988595755,0.05,False,False,True,True,0.016832118233044945,True,not_needed,,,,,0,False,15415,64280
11,2,0.3,0.0,stage0,0,trimmed,0.5,guarded,controlled,5,1,0,7,0.00965058137954633,bfgs,"{""bfgs"": 0.010224040562531796, ""custom"": 0.019007579989036183}",0.013146205494801203,0.013146205494801203,stage3_l_opt,l_opt_current_alpha,0.4503749076548283,0.45396984144156,0.016316494988595755,0.05,False,False,True,True,0.0005488581955432892,True,not_needed,,,,,0,False,17580,71045
11,2,0.3,0.0,stage0,0,trimmed,0.5,guarded,controlled,5,1,0,8,0.00965058137954633,bfgs,"{""bfgs"": 0.010224040562531796, ""custom"": 0.019007579989036183}",0.013146205494801203,0.013146205494801203,stage3_l_opt,l_opt_current_alpha,0.4503749076548283,0.45396984144156,0.016316494988595755,0.05,False,False,True,True,0.0005488581955432892,True,not_needed,,,,,0,False,19745,77810
11,2,0.3,0.0,stage0,0,trimmed,0.5,guarded,controlled,5,1,0,9,0.00965058137954633,bfgs,"{""bfgs"": 0.010224040562531796, ""custom"": 0.019007579989036183}",0.013146205494801203,0.013146205494801203,stage3_l_opt,l_opt_current_alpha,0.4503749076548283,0.45396984144156,0.016316494988595755,0.05,False,False,True,True,0.0005488581955432892,True,not_needed,,,,,0,False,21910,84575
11,2,0.3,0.0,stage0,0,trimmed,0.5,guarded,controlled,5,1,0,10,0.00965058137954633,bfgs,"{""bfgs"": 0.010224040562531796, ""custom"": 0.019007579989036183}",0.013146205494801203,0.013146205494801203,stage3_l_opt,l_opt_current_alpha,0.4503749076548283,0.45396984144156,0.016316494988595755,0.05,False,False,True,True,0.0005488581955432892,True,not_needed,,,,,0,False,24075,91340
11,2,0.3,0.0,stage0,0,trimmed,0.5,guarded,controlled,5,1,0,11,0.00965058137954633,bfgs,"{""bfgs"": 0.010224040562531796, ""custom"": 0.019007579989036183}",0.013146205494801203,0.013146205494801203,stage3_l_opt,l_opt_current_alpha,0.4503749076548283,0.45396984144156,0.016316494988595755,0.05,False,False,True,True,0.0005488581955432892,True,not_needed,,,,,0,False,26240,98105
11,2,0.3,0.0,stage0,0,trimmed,0.5,guarded,controlled,5,1,0,12,0.00965058137954633,bfgs,"{""bfgs"": 0.010224040562531796, ""custom"": 0.019007579989036183}",0.013146205494801203,0.013146205494801203,stage3_l_opt,l_opt_current_alpha,0.4503749076548283,0.45396984144156,0.016316494988595755,0.05,False,False,True,True,0.0005488581955432892,True,not_needed,,,,,0,False,28405,104870
11,2,0.3,0.0,stage0,0,trimmed,0.5,guarded,controlled,5,1,0,13,0.00965058137954633,bfgs,"{""bfgs"": 0.010224040562531796, ""custom"": 0.019007579989036183}",0.013146205494801203,0.013146205494801203,stage3_l_opt,l_opt_current_alpha,0.4503749076548283,0.45396984144156,0.016316494988595755,0.05,False,False,True,True,0.0005488581955432892,True,not_needed,,,,,0,False,30570,111635
11,2,0.3,0.0,stage0,0,trimmed,0.5,guarded,controlled,5,1,0,14,0.00965058137954633,bfgs,"{""bfgs"": 0.010224040562531796, ""custom"": 0.019007579989036183}",0.013146205494801203,0.013146205494801203,stage3_l_opt,l_opt_current_alpha,0.4503749076548283,0.45396984144156,0.016316494988595755,0.05,False,False,True,True,0.0005488581955432892,True,not_needed,,,,,0,False,32735,118400
11,2,0.3,0.0,stage0,0,trimmed,0.5,guarded,controlled,5,1,0,15,0.00965058137954633,bfgs,"{""bfgs"": 0.010224040562531796, ""custom"": 0.019007579989036183}",0.013146205494801203,0.013146205494801203,stage3_l_opt,l_opt_current_alpha,0.4503749076548283,0.45396984144156,0.016316494988595755,0.05,False,False,True,True,0.0005488581955432892,True,not_needed,,,,,0,False,34900,125165
11,2,0.3,0.0,stage0,0,trimmed,0.5,guarded,controlled,5,1,0,16,0.00965058137954633,bfgs,"{""bfgs"": 0.010224040562531796, ""custom"": 0.019007579989036183}",0.013146205494801203,0.013146205494801203,stage3_l_opt,l_opt_current_alpha,0.4503749076548283,0.45396984144156,0.016316494988595755,0.05,False,False,True,True,0.0005488581955432892,True,not_needed,,,,,0,False,37065,131930
11,2,0.3,0.0,stage0,0,trimmed,0.5,guarded,controlled,5,1,0,17,0.00965058137954633,bfgs,"{""bfgs"": 0.010224040562531796, ""custom"": 0.019007579989036183}",0.013146205494801203,0.013146205494801203,stage3_l_opt,l_opt_current_alpha,0.4503749076548283,0.45396984144156,0.016316494988595755,0.05,False,False,True,True,0.0005488581955432892,True,not_needed,,,,,0,False,39230,138695
11,2,0.3,0.0,stage0,0,trimmed,0.5,guarded,controlled,5,1,0,18,0.00965058137954633,bfgs,"{""bfgs"": 0.010224040562531796, ""custom"": 0.019007579989036183}",0.013146205494801203,0.013146205494801203,stage3_l_opt,l_opt_current_alpha,0.4503749076548283,0.45396984144156,0.016316494988595755,0.05,False,False,True,True,0.0005488581955432892,True,not_needed,,,,,0,False,41395,145460
11,2,0.3,0.0,stage0,0,trimmed,0.5,guarded,controlled,5,1,0,19,0.00965058137954633,bfgs,"{""bfgs"": 0.010224040562531796, ""custom"": 0.019007579989036183}",0.013146205494801203,0.013146205494801203,stage3_l_opt,l_opt_current_alpha,0.4503749076548283,0.45396984144156,0.016316494988595755,0.05,False,False,True,True,0.0005488581955432892,True,not_needed,,,,,0,False,43560,152225
12,2,0.3,0.0,uniform,0,trimmed,0.5,guarded,controlled,5,1,0,0,0.038087658879806946,custom,"{""bfgs"": 0.3177198916673661, ""custom"": 0.024627819657325745}",0.015064116567373276,0.015064116567373276,stage3_l_opt,l_opt_current_alpha,1.3416583055563254,1.3690390873023728,0.6708291527781627,0.5,False,True,True,False,,True,not_needed,,,,,0,False,1585,10975
12,2,0.3,0.0,uniform,0,trimmed,0.5,guarded,controlled,5,1,0,1,0.043783345691202374,custom,"{""bfgs"": 0.28493489946783707, ""custom"": 0.026540264277927363}",0.04542319290339947,0.04542319290339947,stage3_l_opt,l_opt_current_alpha,0.810558282660355,0.8254098975559099,0.3354145763890813,0.25,False,False,True,True,0.03035907633602619,True,not_needed,,,,,0,False,3535,19550
12,2,0.3,0.0,uniform,0,trimmed,0.5,guarded,controlled,5,1,0,2,0.01760083460214623,custom,"{""bfgs"": 0.30132738513678875, ""custom"": 0.018466870794754783}",0.011289505288004875,0.011289505288004875,stage3_l_opt,l_opt_current_alpha,0.816062066933175,0.8387163948297703,0.20401551673329377,0.25,True,True,True,False,-0.0037746112793684006,True,not_needed,,,,,0,False,5205,29575
12,2,0.3,0.0,uniform,0,trimmed,0.5,guarded,controlled,5,1,0,3,0.02256046572746906,custom,"{""bfgs"": 0.2899417843099966, ""custom"": 0.01634112254756987}",0.013378810758392016,0.013378810758392016,stage3_l_opt,l_opt_current_alpha,0.6400734168287576,0.66329972159533,0.10200775836664688,0.125,False,False,True,True,0.0020893054703871403,True,not_needed,,,,,0,False,7425,41405
12,2,0.3,0.0,uniform,0,trimmed,0.5,guarded,controlled,5,1,0,4,0.01429828782197775,custom,"{""bfgs"": 0.29563458472339266, ""custom"": 0.019811698525581872}",0.013916923354069391,0.013916923354069391,stage3_l_opt,l_opt_current_alpha,1.0461375046640005,1.0686778918399382,0.05100387918332336,0.0625,False,False,True,True,0.002627418066064516,True,not_needed,,,,,0,False,9520,49635
12,2,0.3,0.0,uniform,0,trimmed,0.5,guarded,controlled,5,1,0,5,0.017914163754798,custom,"{""bfgs"": 0.2984809849300907, ""custom"": 0.018014450985324785}",0.011234075451890627,0.011234075451890627,stage3_l_opt,l_opt_current_alpha,0.8196699406894183,0.8434387941562091,0.051229371293088605,0.0625,True,True,True,False,-5.542983611424822e-05,True,not_needed,,,,,0,False,11920,57840
12,2,0.3,0.0,uniform,0,trimmed,0.5,guarded,controlled,5,1,0,6,0.02064430705699727,custom,"{""bfgs"": 0.2953890591817222, ""custom"": 0.017370566058672068}",0.010884940003355345,0.010884940003355345,stage3_l_opt,l_opt_current_alpha,0.8558765860372972,0.8743064920039411,0.05349228662733105,0.0625,True,True,True,False,-0.00034913544853528225,True,not_needed,,,,,0,False,14085,67375
12,2,0.3,0.0,uniform,0,trimmed,0.5,guarded,controlled,5,1,0,7,0.022053769477992938,custom,"{""bfgs"": 0.2927658538079263, ""custom"": 0.016885734046458024}",0.012745340044299761,0.012745340044299761,stage3_l_opt,l_opt_current_alpha,1.1802811726081752,1.2113043290829775,0.042793829301864816,0.05,False,False,True,True,0.0018604000409444162,True,not_needed,,,,,0,False,16495,77390
12,2,0.3,0.0,uniform,0,trimmed,0.5,guarded,controlled,5,1,0,8,0.022341978296583437,custom,"{""bfgs"": 0.29329049488268544, ""custom"": 0.017149974914179057}",0.013235084091623625,0.013235084091623625,stage3_l_opt,l_opt_current_alpha,0.7434009019938207,0.767382028977071,0.042793829301864816,0.05,False,False,True,True,0.00235014408826828,True,not_needed,,,,,0,False,18860,87110
12,2,0.3,0.0,uniform,0,trimmed,0.5,guarded,controlled,5,1,0,9,0.022341978296583437,custom,"{""bfgs"": 0.29329049488268544, ""custom"": 0.017149974914179057}",0.013235084091623625,0.013235084091623625,stage3_l_opt,l_opt_current_alpha,0.7434009019938207,0.767382028977071,0.042793829301864816,0.05,False,False,True,True,0.00235014408826828,True,not_needed,,,,,0,False,21225,96830
12,2,0.3,0.0,uniform,0,trimmed,0.5,guarded,controlled,5,1,0,10,0.022341978296583437,custom,"{""bfgs"": 0.29329049488268544, ""custom"": 0.017149974914179057}",0.013235084091623625,0.013235084091623625,stage3_l_opt,l_opt_current_alpha,0.7434009019938207,0.767382028977071,0.042793829301864816,0.05,False,False,True,True,0.00235014408826828,True,not_needed,,,,,0,False,23590,106550
12,2,0.3,0.0,uniform,0,trimmed,0.5,guarded,controlled,5,1,0,11,0.022341978296583437,custom,"{""bfgs"": 0.29329049488268544, ""custom"": 0.017149974914179057}",0.013235084091623625,0.013235084091623625,stage3_l_opt,l_opt_current_alpha,0.7434009019938207,0.767382028977071,0.042793829301864816,0.05,False,False,True,True,0.00235014408826828,True,not_needed,,,,,0,False,25955,116270
12,2,0.3,0.0,uniform,0,trimmed,0.5,guarded,controlled,5,1,0,12,0.022341978296583437,custom,"{""bfgs"": 0.29329049488268544, ""custom"": 0.017149974914179057}",0.013235084091623625,0.013235084091623625,stage3_l_opt,l_opt_current_alpha,0.7434009019938207,0.767382028977071,0.042793829301864816,0.05,False,False,True,True,0.00235014408826828,True,not_needed,,,,,0,False,28320,125990
12,2,0.3,0.0,uniform,0,trimmed,0.5,guarded,controlled,5,1,0,13,0.022341978296583437,custom,"{""bfgs"": 0.29329049488268544, ""custom"": 0.017149974914179057}",0.013235084091623625,0.013235084091623625,stage3_l_opt,l_opt_current_alpha,0.7434009019938207,0.767382028977071,0.042793829301864816,0.05,False,False,True,True,0.00235014408826828,True,not_needed,,,,,0,False,30685,135710
12,2,0.3,0.0,uniform,0,trimmed,0.5,guarded,controlled,5,1,0,14,0.022341978296583437,custom,"{""bfgs"": 0.29329049488268544, ""custom"": 0.017149974914179057}",0.013235084091623625,0.013235084091623625,stage3_l_opt,l_opt_current_alpha,0.7434009019938207,0.767382028977071,0.042793829301864816,0.05,False,False,True,True,0.00235014408826828,True,not_needed,,,,,0,False,33050,145430
12,2,0.3,0.0,uniform,0,trimmed,0.5,guarded,controlled,5,1,0,15,0.022341978296583437,custom,"{""bfgs"": 0.29329049488268544, ""custom"": 0.017149974914179057}",0.013235084091623625,0.013235084091623625,stage3_l_opt,l_opt_current_alpha,0.7434009019938207,0.767382028977071,0.042793829301864816,0.05,False,False,True,True,0.00235014408826828,True,not_needed,,,,,0,False,35415,155150
12,2,0.3,0.0,uniform,0,trimmed,0.5,guarded,controlled,5,1,0,16,0.022341978296583437,custom,"{""bfgs"": 0.29329049488268544, ""custom"": 0.017149974914179057}",0.013235084091623625,0.013235084091623625,stage3_l_opt,l_opt_current_alpha,0.7434009019938207,0.767382028977071,0.042793829301864816,0.05,False,False,True,True,0.00235014408826828,True,not_needed,,,,,0,False,37780,164870
12,2,0.3,0.0,uniform,0,trimmed,0.5,guarded,controlled,5,1,0,17,0.022341978296583437,custom,"{""bfgs"": 0.29329049488268544, ""custom"": 0.017149974914179057}",0.013235084091623625,0.013235084091623625,stage3_l_opt,l_opt_current_alpha,0.7434009019938207,0.767382028977071,0.042793829301864816,0.05,False,False,True,True,0.00235014408826828,True,not_needed,,,,,0,False,40145,174590
12,2,0.3,0.0,uniform,0,trimmed,0.5,guarded,controlled,5,1,0,18,0.022341978296583437,custom,"{""bfgs"": 0.29329049488268544, ""custom"": 0.017149974914179057}",0.013235084091623625,0.013235084091623625,stage3_l_opt,l_opt_current_alpha,0.7434009019938207,0.767382028977071,0.042793829301864816,0.05,False,False,True,True,0.00235014408826828,True,not_needed,,,,,0,False,42510,184310
12,2,0.3,0.0,uniform,0,trimmed,0.5,guarded,controlled,5,1,0,19,0.022341978296583437,custom,"{""bfgs"": 0.29329049488268544, ""custom"": 0.017149974914179057}",0.013235084091623625,0.013235084091623625,stage3_l_opt,l_opt_current_alpha,0.7434009019938207,0.767382028977071,0.042793829301864816,0.05,False,False,True,True,0.00235014408826828,True,not_needed,,,,,0,False,44875,194030
12,2,0.3,0.0,stage0,0,trimmed,0.5,guarded,controlled,5,1,0,0,0.018076296009170486,custom,"{""bfgs"": 0.24323917097047476, ""custom"": 0.006946967539149546}",0.02318194881081581,0.02318194881081581,stage3_l_opt,l_opt_current_alpha,1.2960095207259128,1.3040569520267566,0.6480047603629564,0.5,False,True,True,False,,True,not_needed,,,,,0,False,1900,5705
12,2,0.3,0.0,stage0,0,trimmed,0.5,guarded,controlled,5,1,0,1,0.01972093030515007,bfgs,"{""bfgs"": 0.016171004739847505, ""custom"": 0.016171004739847505}",0.015018817658225695,0.015018817658225695,stage3_l_opt,l_opt_current_alpha,0.9273584507960867,0.942973025393289,0.4636792253980433,0.5,True,True,True,False,-0.008163131152590116,True,recovered_informative,1,0.02509841297605395,0.016171004739847505,0.008927408236206445,1,True,5190,23165
12,2,0.3,0.0,stage0,0,trimmed,0.5,guarded,controlled,5,1,0,2,0.019176482409331647,custom,"{""bfgs"": 0.24347423472084162, ""custom"": 0.014759209161181588}",0.015595194573203722,0.015595194573203722,stage3_l_opt,l_opt_current_alpha,0.4922251559002339,0.516225155900234,0.23183961269902162,0.25,False,False,True,True,0.0005763769149780273,True,not_needed,,,,,0,False,6840,30755
12,2,0.3,0.0,stage0,0,trimmed,0.5,guarded,controlled,5,1,0,3,0.019176484869747004,custom,"{""bfgs"": 0.23822509689288363, ""custom"": 0.01546798028683002}",0.015595194573203722,0.015595194573203722,stage3_l_opt,l_opt_current_alpha,0.7172220567295273,0.7412215561823357,0.1159198063495108,0.125,False,False,True,True,0.0005763769149780273,True,not_needed,,,,,0,False,8430,39080
12,2,0.3,0.0,stage0,0,trimmed,0.5,guarded,controlled,5,1,0,4,0.019176147812895124,custom,"{""bfgs"": 0.23560052797890466, ""custom"": 0.01582240501240642}",0.015595507497588793,0.015595507497588793,stage3_l_opt,l_opt_current_alpha,0.8303244891836579,0.8537572973627514,0.0579599031747554,0.0625,False,False,True,True,0.0005766898393630981,True,not_needed,,,,,0,False,10080,46810
12,2,0.3,0.0,stage0,0,trimmed,0.5,guarded,controlled,5,1,0,5,0.019154625631044878,custom,"{""bfgs"": 0.23428824352191516, ""custom"": 0.01600868064330922}",0.015649303173025448,0.015649303173025448,stage3_l_opt,l_opt_current_alpha,0.8880944827640129,0.9098188689727624,0.04636792253980428,0.05,False,False,True,True,0.0006304855147997532,True,not_needed,,,,,0,False,11580,53085
12,2,0.3,0.0,stage0,0,trimmed,0.5,guarded,controlled,5,1,0,6,0.01917537023621798,custom,"{""bfgs"": 0.2340257866305172, ""custom"": 0.01603501620660812}",0.015595803037285805,0.015595803037285805,stage3_l_opt,l_opt_current_alpha,0.8983601063707148,0.9197165148158167,0.04636792253980428,0.05,False,False,True,True,0.00057698537906011,True,not_needed,,,,,0,False,13270,63615
12,2,0.3,0.0,stage0,0,trimmed,0.5,guarded,controlled,5,1,0,7,0.01917537023621798,custom,"{""bfgs"": 0.2340257866305172, ""custom"": 0.01603501620660812}",0.015595803037285805,0.015595803037285805,stage3_l_opt,l_opt_current_alpha,0.8983601063707148,0.9197165148158167,0.04636792253980428,0.05,False,False,True,True,0.00057698537906011,True,not_needed,,,,,0,False,14960,74145
12,2,0.3,0.0,stage0,0,trimmed,0.5,guarded,controlled,5,1,0,8,0.01917537023621798,custom,"{""bfgs"": 0.2340257866305172, ""custom"": 0.01603501620660812}",0.015595803037285805,0.015595803037285805,stage3_l_opt,l_opt_current_alpha,0.8983601063707148,0.9197165148158167,0.04636792253980428,0.05,False,False,True,True,0.00057698537906011,True,not_needed,,,,,0,False,16650,84675
12,2,0.3,0.0,stage0,0,trimmed,0.5,guarded,controlled,5,1,0,9,0.01917537023621798,custom,"{""bfgs"": 0.2340257866305172, ""custom"": 0.01603501620660812}",0.015595803037285805,0.015595803037285805,stage3_l_opt,l_opt_current_alpha,0.8983601063707148,0.9197165148158167,0.04636792253980428,0.05,False,False,True,True,0.00057698537906011,True,not_needed,,,,,0,False,18340,95205
12,2,0.3,0.0,stage0,0,trimmed,0.5,guarded,controlled,5,1,0,10,0.01917537023621798,custom,"{""bfgs"": 0.2340257866305172, ""custom"": 0.01603501620660812}",0.015595803037285805,0.015595803037285805,stage3_l_opt,l_opt_current_alpha,0.8983601063707148,0.9197165148158167,0.04636792253980428,0.05,False,False,True,True,0.00057698537906011,True,not_needed,,,,,0,False,20030,105735
12,2,0.3,0.0,stage0,0,trimmed,0.5,guarded,controlled,5,1,0,11,0.01917537023621798,custom,"{""bfgs"": 0.2340257866305172, ""custom"": 0.01603501620660812}",0.015595803037285805,0.015595803037285805,stage3_l_opt,l_opt_current_alpha,0.8983601063707148,0.9197165148158167,0.04636792253980428,0.05,False,False,True,True,0.00057698537906011,True,not_needed,,,,,0,False,21720,116265
12,2,0.3,0.0,stage0,0,trimmed,0.5,guarded,controlled,5,1,0,12,0.01917537023621798,custom,"{""bfgs"": 0.2340257866305172, ""custom"": 0.01603501620660812}",0.015595803037285805,0.015595803037285805,stage3_l_opt,l_opt_current_alpha,0.8983601063707148,0.9197165148158167,0.04636792253980428,0.05,False,False,True,True,0.00057698537906011,True,not_needed,,,,,0,False,23410,126795
12,2,0.3,0.0,stage0,0,trimmed,0.5,guarded,controlled,5,1,0,13,0.01917537023621798,custom,"{""bfgs"": 0.2340257866305172, ""custom"": 0.01603501620660812}",0.015595803037285805,0.015595803037285805,stage3_l_opt,l_opt_current_alpha,0.8983601063707148,0.9197165148158167,0.04636792253980428,0.05,False,False,True,True,0.00057698537906011,True,not_needed,,,,,0,False,25100,137325
12,2,0.3,0.0,stage0,0,trimmed,0.5,guarded,controlled,5,1,0,14,0.01917537023621798,custom,"{""bfgs"": 0.2340257866305172, ""custom"": 0.01603501620660812}",0.015595803037285805,0.015595803037285805,stage3_l_opt,l_opt_current_alpha,0.8983601063707148,0.9197165148158167,0.04636792253980428,0.05,False,False,True,True,0.00057698537906011,True,not_needed,,,,,0,False,26790,147855
12,2,0.3,0.0,stage0,0,trimmed,0.5,guarded,controlled,5,1,0,15,0.01917537023621798,custom,"{""bfgs"": 0.2340257866305172, ""custom"": 0.01603501620660812}",0.015595803037285805,0.015595803037285805,stage3_l_opt,l_opt_current_alpha,0.8983601063707148,0.9197165148158167,0.04636792253980428,0.05,False,False,True,True,0.00057698537906011,True,not_needed,,,,,0,False,28480,158385
12,2,0.3,0.0,stage0,0,trimmed,0.5,guarded,controlled,5,1,0,16,0.01917537023621798,custom,"{""bfgs"": 0.2340257866305172, ""custom"": 0.01603501620660812}",0.015595803037285805,0.015595803037285805,stage3_l_opt,l_opt_current_alpha,0.8983601063707148,0.9197165148158167,0.04636792253980428,0.05,False,False,True,True,0.00057698537906011,True,not_needed,,,,,0,False,30170,168915
12,2,0.3,0.0,stage0,0,trimmed,0.5,guarded,controlled,5,1,0,17,0.01917537023621798,custom,"{""bfgs"": 0.2340257866305172, ""custom"": 0.01603501620660812}",0.015595803037285805,0.015595803037285805,stage3_l_opt,l_opt_current_alpha,0.8983601063707148,0.9197165148158167,0.04636792253980428,0.05,False,False,True,True,0.00057698537906011,True,not_needed,,,,,0,False,31860,179445
12,2,0.3,0.0,stage0,0,trimmed,0.5,guarded,controlled,5,1,0,18,0.01917537023621798,custom,"{""bfgs"": 0.2340257866305172, ""custom"": 0.01603501620660812}",0.015595803037285805,0.015595803037285805,stage3_l_opt,l_opt_current_alpha,0.8983601063707148,0.9197165148158167,0.04636792253980428,0.05,False,False,True,True,0.00057698537906011,True,not_needed,,,,,0,False,33550,189975
12,2,0.3,0.0,stage0,0,trimmed,0.5,guarded,controlled,5,1,0,19,0.01917537023621798,custom,"{""bfgs"": 0.2340257866305172, ""custom"": 0.01603501620660812}",0.015595803037285805,0.015595803037285805,stage3_l_opt,l_opt_current_alpha,0.8983601063707148,0.9197165148158167,0.04636792253980428,0.05,False,False,True,True,0.00057698537906011,True,not_needed,,,,,0,False,35240,200505
13,2,0.3,0.0,uniform,0,trimmed,0.5,guarded,controlled,5,1,0,0,0.005410578866840725,bfgs,"{""bfgs"": 0.008303495310246945, ""custom"": 0.010180202312767506}",0.006543563989301522,0.006543563989301522,stage3_l_opt,l_opt_current_alpha,0.7693735132733286,0.7850750135442128,0.3846867566366642,0.5,False,True,True,False,,True,not_needed,,,,,0,False,2035,9485
13,2,0.3,0.0,uniform,0,trimmed,0.5,guarded,controlled,5,1,0,1,0.00858866260456786,custom,"{""bfgs"": 0.017482543975079038, ""custom"": 0.008560306202599436}",0.010776121479769548,0.010776121479769548,stage3_l_opt,l_opt_current_alpha,1.7566867566366642,1.7886867566366642,0.19234337831833218,0.25,False,False,True,True,0.004232557490468026,True,not_needed,,,,,0,False,5145,17540
13,2,0.3,0.0,uniform,0,trimmed,0.5,guarded,controlled,5,1,0,2,0.00801953339803501,custom,"{""bfgs"": 0.015752665977859424, ""custom"": 0.009219363626472337}",0.010495942396422228,0.010495942396422228,stage3_l_opt,l_opt_current_alpha,1.0049963584153045,1.0265553324912293,0.09617168915916596,0.125,False,False,True,True,0.0039523784071207055,True,not_needed,,,,,0,False,8030,25825
13,2,0.3,0.0,uniform,0,trimmed,0.5,guarded,controlled,5,1,0,3,0.007978680588342479,custom,"{""bfgs"": 0.018259585906131272, ""custom"": 0.009690435581931969}",0.010481535457074642,0.010481535457074642,stage3_l_opt,l_opt_current_alpha,0.7643024088265777,0.7802683510335907,0.04808584457958304,0.0625,False,False,True,True,0.00393797146777312,True,not_needed,,,,,0,False,9905,34355
13,2,0.3,0.0,uniform,0,trimmed,0.5,guarded,controlled,5,1,0,4,0.008037686176999466,custom,"{""bfgs"": 0.01474594778445874, ""custom"": 0.009968102557760964}",0.010530301990608374,0.010530301990608374,stage3_l_opt,l_opt_current_alpha,1.5482481185881416,1.5802481185881416,0.038468675663666435,0.05,False,False,True,True,0.003986738001306851,True,not_needed,,,,,0,False,11850,46765
13,2,0.3,0.0,uniform,0,trimmed,0.5,guarded,controlled,5,1,0,5,0.008089392162545827,custom,"{""bfgs"": 0.02807235201305247, ""custom"": 0.010001087683371683}",0.010529623987774054,0.010529623987774054,stage3_l_opt,l_opt_current_alpha,0.7709730729890258,0.786854390881186,0.038468675663666435,0.05,False,False,True,True,0.003986059998472531,True,not_needed,,,,,0,False,14060,55515
13,2,0.3,0.0,uniform,0,trimmed,0.5,guarded,controlled,5,1,0,6,0.008089392162545827,custom,"{""bfgs"": 0.02807235201305247, ""custom"": 0.010001087683371683}",0.010529623987774054,0.010529623987774054,stage3_l_opt,l_opt_current_alpha,0.7709730729890258,0.786854390881186,0.038468675663666435,0.05,False,False,True,True,0.003986059998472531,True,not_needed,,,,,0,False,16270,64265
13,2,0.3,0.0,uniform,0,trimmed,0.5,guarded,controlled,5,1,0,7,0.008089392162545827,custom,"{""bfgs"": 0.02807235201305247, ""custom"": 0.010001087683371683}",0.010529623987774054,0.010529623987774054,stage3_l_opt,l_opt_current_alpha,0.7709730729890258,0.786854390881186,0.038468675663666435,0.05,False,False,True,True,0.003986059998472531,True,not_needed,,,,,0,False,18480,73015
13,2,0.3,0.0,uniform,0,trimmed,0.5,guarded,controlled,5,1,0,8,0.008089392162545827,custom,"{""bfgs"": 0.02807235201305247, ""custom"": 0.010001087683371683}",0.010529623987774054,0.010529623987774054,stage3_l_opt,l_opt_current_alpha,0.7709730729890258,0.786854390881186,0.038468675663666435,0.05,False,False,True,True,0.003986059998472531,True,not_needed,,,,,0,False,20690,81765
13,2,0.3,0.0,uniform,0,trimmed,0.5,guarded,controlled,5,1,0,9,0.008089392162545827,custom,"{""bfgs"": 0.02807235201305247, ""custom"": 0.010001087683371683}",0.010529623987774054,0.010529623987774054,stage3_l_opt,l_opt_current_alpha,0.7709730729890258,0.786854390881186,0.038468675663666435,0.05,False,False,True,True,0.003986059998472531,True,not_needed,,,,,0,False,22900,90515
13,2,0.3,0.0,uniform,0,trimmed,0.5,guarded,controlled,5,1,0,10,0.008089392162545827,custom,"{""bfgs"": 0.02807235201305247, ""custom"": 0.010001087683371683}",0.010529623987774054,0.010529623987774054,stage3_l_opt,l_opt_current_alpha,0.7709730729890258,0.786854390881186,0.038468675663666435,0.05,False,False,True,True,0.003986059998472531,True,not_needed,,,,,0,False,25110,99265
13,2,0.3,0.0,uniform,0,trimmed,0.5,guarded,controlled,5,1,0,11,0.008089392162545827,custom,"{""bfgs"": 0.02807235201305247, ""custom"": 0.010001087683371683}",0.010529623987774054,0.010529623987774054,stage3_l_opt,l_opt_current_alpha,0.7709730729890258,0.786854390881186,0.038468675663666435,0.05,False,False,True,True,0.003986059998472531,True,not_needed,,,,,0,False,27320,108015
13,2,0.3,0.0,uniform,0,trimmed,0.5,guarded,controlled,5,1,0,12,0.008089392162545827,custom,"{""bfgs"": 0.02807235201305247, ""custom"": 0.010001087683371683}",0.010529623987774054,0.010529623987774054,stage3_l_opt,l_opt_current_alpha,0.7709730729890258,0.786854390881186,0.038468675663666435,0.05,False,False,True,True,0.003986059998472531,True,not_needed,,,,,0,False,29530,116765
13,2,0.3,0.0,uniform,0,trimmed,0.5,guarded,controlled,5,1,0,13,0.008089392162545827,custom,"{""bfgs"": 0.02807235201305247, ""custom"": 0.010001087683371683}",0.010529623987774054,0.010529623987774054,stage3_l_opt,l_opt_current_alpha,0.7709730729890258,0.786854390881186,0.038468675663666435,0.05,False,False,True,True,0.003986059998472531,True,not_needed,,,,,0,False,31740,125515
13,2,0.3,0.0,uniform,0,trimmed,0.5,guarded,controlled,5,1,0,14,0.008089392162545827,custom,"{""bfgs"": 0.02807235201305247, ""custom"": 0.010001087683371683}",0.010529623987774054,0.010529623987774054,stage3_l_opt,l_opt_current_alpha,0.7709730729890258,0.786854390881186,0.038468675663666435,0.05,False,False,True,True,0.003986059998472531,True,not_needed,,,,,0,False,33950,134265
13,2,0.3,0.0,uniform,0,trimmed,0.5,guarded,controlled,5,1,0,15,0.008089392162545827,custom,"{""bfgs"": 0.02807235201305247, ""custom"": 0.010001087683371683}",0.010529623987774054,0.010529623987774054,stage3_l_opt,l_opt_current_alpha,0.7709730729890258,0.786854390881186,0.038468675663666435,0.05,False,False,True,True,0.003986059998472531,True,not_needed,,,,,0,False,36160,143015
13,2,0.3,0.0,uniform,0,trimmed,0.5,guarded,controlled,5,1,0,16,0.008089392162545827,custom,"{""bfgs"": 0.02807235201305247, ""custom"": 0.010001087683371683}",0.010529623987774054,0.010529623987774054,stage3_l_opt,l_opt_current_alpha,0.7709730729890258,0.786854390881186,0.038468675663666435,0.05,False,False,True,True,0.003986059998472531,True,not_needed,,,,,0,False,38370,151765
13,2,0.3,0.0,uniform,0,trimmed,0.5,guarded,controlled,5,1,0,17,0.008089392162545827,custom,"{""bfgs"": 0.02807235201305247, ""custom"": 0.010001087683371683}",0.010529623987774054,0.010529623987774054,stage3_l_opt,l_opt_current_alpha,0.7709730729890258,0.786854390881186,0.038468675663666435,0.05,False,False,True,True,0.003986059998472531,True,not_needed,,,,,0,False,40580,160515
13,2,0.3,0.0,uniform,0,trimmed,0.5,guarded,controlled,5,1,0,18,0.008089392162545827,custom,"{""bfgs"": 0.02807235201305247, ""custom"": 0.010001087683371683}",0.010529623987774054,0.010529623987774054,stage3_l_opt,l_opt_current_alpha,0.7709730729890258,0.786854390881186,0.038468675663666435,0.05,False,False,True,True,0.003986059998472531,True,not_needed,,,,,0,False,42790,169265
13,2,0.3,0.0,uniform,0,trimmed,0.5,guarded,controlled,5,1,0,19,0.008089392162545827,custom,"{""bfgs"": 0.02807235201305247, ""custom"": 0.010001087683371683}",0.010529623987774054,0.010529623987774054,stage3_l_opt,l_opt_current_alpha,0.7709730729890258,0.786854390881186,0.038468675663666435,0.05,False,False,True,True,0.003986059998472531,True,not_needed,,,,,0,False,45000,178015
13,2,0.3,0.0,uniform,0,trimmed,0.5,guarded,controlled,5,1,1,0,0.01058510250299639,custom,"{""bfgs"": 0.054865678772330284, ""custom"": 0.009240242652595043}",0.009240242652595043,0.009240242652595043,stage3_l_opt,l_opt_current_alpha,1.4700000000000002,1.5,0.7349999999999999,0.5,False,True,True,False,,True,not_needed,,,,,0,False,1520,3680
13,2,0.3,0.0,uniform,0,trimmed,0.5,guarded,controlled,5,1,1,1,0.003955938853329167,bfgs,"{""bfgs"": 0.0032676627743057907, ""custom"": 0.003269141905475408}",0.00640670140273869,0.00640670140273869,stage3_l_opt,l_opt_current_alpha,1.4405947547902953,1.4649946477451992,0.7202973773951477,0.5,True,True,True,False,-0.002833541249856353,True,recovered_informative,3,0.009760032419580966,0.003269141905475408,0.006490890514105558,1,True,4108,11712
13,2,0.3,0.0,uniform,0,trimmed,0.5,guarded,controlled,5,1,1,2,0.003146423518761366,custom,"{""bfgs"": 0.053140577622243015, ""custom"": 0.002459740111638309}",0.0068285714369267225,0.0068285714369267225,stage3_l_opt,l_opt_current_alpha,0.8795489179308673,0.9071988423252759,0.3601486886975739,0.25,False,False,True,True,0.00042187003418803215,True,not_needed,,,,,0,False,4968,15048
13,2,0.3,0.0,uniform,0,trimmed,0.5,guarded,controlled,5,1,1,3,0.008654430215813006,bfgs,"{""bfgs"": 0.0025178705214212926, ""custom"": 0.0025275990555204313}",0.0064041658770293,0.0064041658770293,stage3_l_opt,l_opt_current_alpha,1.1845296404702683,1.1962212471219391,0.2961324101175671,0.25,True,True,True,False,-2.5355257093906403e-06,True,recovered_informative,1,0.009259044972242548,0.0025275990555204313,0.006731445916722117,1,True,7640,22488
13,2,0.3,0.0,uniform,0,trimmed,0.5,guarded,controlled,5,1,1,4,0.010902886310784263,custom,"{""bfgs"": 0.02273706591981192, ""custom"": 0.00822818658285609}",0.008175183320418,0.008175183320418,stage3_l_opt,l_opt_current_alpha,1.2187889068398832,1.248788906839883,0.14806620505878365,0.125,False,False,True,True,0.0017710174433887005,True,not_needed,,,,,0,False,9680,25388
13,2,0.3,0.0,uniform,0,trimmed,0.5,guarded,controlled,5,1,1,5,0.008628193795631678,custom,"{""bfgs"": 0.003746204667005432, ""custom"": 0.0034397576793915976}",0.006394956959411502,0.006394956959411502,stage3_l_opt,l_opt_current_alpha,0.8590270171137473,0.8670974723715867,0.10737837713921836,0.125,True,True,True,False,-9.208917617797852e-06,True,recovered_informative,1,0.009466967556165488,0.0037462244977095084,0.00572074305845598,1,True,12280,30988
13,2,0.3,0.0,uniform,0,trimmed,0.5,guarded,controlled,5,1,1,6,0.008725583199609128,bfgs,"{""bfgs"": 0.004237682708713012, ""custom"": 0.004237682708713012}",0.006450674729421735,0.006450674729421735,stage3_l_opt,l_opt_current_alpha,0.9205858567636884,0.9321040103233473,0.11507323209546111,0.125,True,True,True,False,5.5717770010232925e-05,True,recovered_informative,1,0.00852144320372889,0.004237682708713012,0.004283760495015877,1,True,14692,37196
13,2,0.3,0.0,uniform,0,trimmed,0.5,guarded,controlled,5,1,1,7,0.004924851187595435,custom,"{""bfgs"": 0.10473024189885848, ""custom"": 0.005508966613357815}",0.006831282051280141,0.006831282051280141,stage3_l_opt,l_opt_current_alpha,0.5240932952232371,0.5335768111876449,0.05753661604773053,0.0625,False,False,True,True,0.00038060732185840607,True,not_needed,,,,,0,False,15848,40264
13,2,0.3,0.0,uniform,0,trimmed,0.5,guarded,controlled,5,1,1,8,0.008635361017144405,bfgs,"{""bfgs"": 0.004482368418332694, ""custom"": 0.004490425065763583}",0.006386053515598178,0.006386053515598178,stage3_l_opt,l_opt_current_alpha,0.7164908143478284,0.7264252751229074,0.044780675896739314,0.0625,True,True,True,False,-6.46212138235569e-05,True,recovered_informative,1,0.009747596626128653,0.004490425065763583,0.00525717156036507,1,True,18020,46480
13,2,0.3,0.0,uniform,0,trimmed,0.5,guarded,controlled,5,1,1,9,0.00863311803380123,bfgs,"{""bfgs"": 0.004742044009405235, ""custom"": 0.004742044009405235}",0.006388777634128928,0.006388777634128928,stage3_l_opt,l_opt_current_alpha,0.8137641544178413,0.8251003224311495,0.0508602596511151,0.0625,True,True,True,False,2.7241185307502747e-06,True,recovered_informative,1,0.00862059902893012,0.004742044009405235,0.003878555019524885,1,True,20488,52504
13,2,0.3,0.0,uniform,0,trimmed,0.5,guarded,controlled,5,1,1,10,0.005993959289904403,custom,"{""bfgs"": 0.010679346848156511, ""custom"": 0.006220984103079345}",0.007172431098297238,0.007172431098297238,stage3_l_opt,l_opt_current_alpha,1.1874316621146281,1.207431662114628,0.040688207720892156,0.05,False,False,True,True,0.0007836534641683102,True,not_needed,,,,,0,False,21784,55812
13,2,0.3,0.0,uniform,0,trimmed,0.5,guarded,controlled,5,1,1,11,0.0038929409076278003,custom,"{""bfgs"": 0.008267269529892138, ""custom"": 0.005038205352269033}",0.006421220256015658,0.006421220256015658,stage3_l_opt,l_opt_current_alpha,0.6411754824485951,0.651175482448595,0.03205877412242977,0.05,True,True,True,False,3.2442621886730194e-05,True,not_needed,,,,,0,False,23460,60140
13,2,0.3,0.0,uniform,0,trimmed,0.5,guarded,controlled,5,1,1,12,0.003960463548381209,custom,"{""bfgs"": 0.008526526414439349, ""custom"": 0.005211631900670397}",0.006419060053303838,0.006419060053303838,stage3_l_opt,l_opt_current_alpha,0.7794417124513717,0.791485128786273,0.038972085622568625,0.05,True,True,True,False,-2.1602027118206024e-06,True,not_needed,,,,,0,False,26800,64820
13,2,0.3,0.0,uniform,0,trimmed,0.5,guarded,controlled,5,1,1,13,0.008386351616982087,custom,"{""bfgs"": 0.01014404478029694, ""custom"": 0.007587860193728393}",0.008012282894924283,0.008012282894924283,stage3_l_opt,l_opt_current_alpha,1.5381512119383578,1.5681512119383578,0.038972085622568625,0.05,False,False,True,True,0.0015932228416204453,True,not_needed,,,,,0,False,27896,69300
13,2,0.3,0.0,uniform,0,trimmed,0.5,guarded,controlled,5,1,1,14,0.008386351616982087,custom,"{""bfgs"": 0.01014404478029694, ""custom"": 0.007587860193728393}",0.008012282894924283,0.008012282894924283,stage3_l_opt,l_opt_current_alpha,1.5381512119383578,1.5681512119383578,0.038972085622568625,0.05,False,False,True,True,0.0015932228416204453,True,not_needed,,,,,0,False,28992,73780
13,2,0.3,0.0,uniform,0,trimmed,0.5,guarded,controlled,5,1,1,15,0.008386351616982087,custom,"{""bfgs"": 0.01014404478029694, ""custom"": 0.007587860193728393}",0.008012282894924283,0.008012282894924283,stage3_l_opt,l_opt_current_alpha,1.5381512119383578,1.5681512119383578,0.038972085622568625,0.05,False,False,True,True,0.0015932228416204453,True,not_needed,,,,,0,False,30088,78260
13,2,0.3,0.0,uniform,0,trimmed,0.5,guarded,controlled,5,1,1,16,0.008386351616982087,custom,"{""bfgs"": 0.01014404478029694, ""custom"": 0.007587860193728393}",0.008012282894924283,0.008012282894924283,stage3_l_opt,l_opt_current_alpha,1.5381512119383578,1.5681512119383578,0.038972085622568625,0.05,False,False,True,True,0.0015932228416204453,True,not_needed,,,,,0,False,31184,82740
13,2,0.3,0.0,uniform,0,trimmed,0.5,guarded,controlled,5,1,1,17,0.008386351616982087,custom,"{""bfgs"": 0.01014404478029694, ""custom"": 0.007587860193728393}",0.008012282894924283,0.008012282894924283,stage3_l_opt,l_opt_current_alpha,1.5381512119383578,1.5681512119383578,0.038972085622568625,0.05,False,False,True,True,0.0015932228416204453,True,not_needed,,,,,0,False,32280,87220
13,2,0.3,0.0,uniform,0,trimmed,0.5,guarded,controlled,5,1,1,18,0.008386351616982087,custom,"{""bfgs"": 0.01014404478029694, ""custom"": 0.007587860193728393}",0.008012282894924283,0.008012282894924283,stage3_l_opt,l_opt_current_alpha,1.5381512119383578,1.5681512119383578,0.038972085622568625,0.05,False,False,True,True,0.0015932228416204453,True,not_needed,,,,,0,False,33376,91700
13,2,0.3,0.0,uniform,0,trimmed,0.5,guarded,controlled,5,1,1,19,0.008386351616982087,custom,"{""bfgs"": 0.01014404478029694, ""custom"": 0.007587860193728393}",0.008012282894924283,0.008012282894924283,stage3_l_opt,l_opt_current_alpha,1.5381512119383578,1.5681512119383578,0.038972085622568625,0.05,False,False,True,True,0.0015932228416204453,True,not_needed,,,,,0,False,34472,96180
13,2,0.3,0.0,uniform,0,trimmed,0.5,guarded,controlled,5,1,2,0,0.010545295227603543,custom,"{""bfgs"": 0.08014232044418652, ""custom"": 0.006659761071205139}",0.006659761071205139,0.006659761071205139,stage3_l_opt,l_opt_current_alpha,0.6533333333333334,0.6666666666666667,0.32666666666666677,0.5,False,True,True,False,,True,not_needed,,,,,0,False,252,1665
13,2,0.3,0.0,uniform,0,trimmed,0.5,guarded,controlled,5,1,2,1,0.021775461665565238,bfgs,"{""bfgs"": 0.005348309809940095, ""custom"": 0.005348321372085583}",0.010302656640609106,0.010302656640609106,stage3_l_opt,l_opt_current_alpha,1.0807129263904405,1.1073795930571073,0.16333333333333339,0.25,False,False,True,True,0.003642895569403967,True,recovered_informative,2,0.01417789017734392,0.005348321372085583,0.008829568805258335,1,True,1506,5187
13,2,0.3,0.0,uniform,0,trimmed,0.5,guarded,controlled,5,1,2,2,0.012669523721402232,bfgs,"{""bfgs"": 0.0071464195927208665, ""custom"": 0.0071464195927208665}",0.00657838707168897,0.00657838707168897,stage3_l_opt,l_opt_current_alpha,0.49,0.5033333333333333,0.12250000000000003,0.25,True,True,True,False,-8.137399951616952e-05,True,recovered_informative,15,0.014097629217416132,0.0071464195927208665,0.006951209624695266,1,True,1845,7233
13,2,0.3,0.0,uniform,0,trimmed,0.5,guarded,controlled,5,1,2,3,0.02174640814140931,custom,"{""bfgs"": 0.005964556387467723, ""custom"": 0.005960401265412933}",0.010291540374358496,0.010291540374358496,stage3_l_opt,l_opt_current_alpha,1.0935125115135538,1.1201791781802206,0.06125000000000003,0.125,False,False,True,True,0.003713153302669526,True,recovered_informative,2,0.015376203405405313,0.00596456911432445,0.009411634291080863,1,True,2721,11037
13,2,0.3,0.0,uniform,0,trimmed,0.5,guarded,controlled,5,1,2,4,0.019903862642152995,bfgs,"{""bfgs"": 0.006662201635550674, ""custom"": 0.006662201635550674}",0.009108090152343115,0.009108090152343115,stage3_l_opt,l_opt_current_alpha,1.1436011540210538,1.1702678206877204,0.03062499999999993,0.0625,False,False,True,True,0.002529703080654145,True,recovered_informative,3,0.013943873196900372,0.006662201635550674,0.007281671561349698,1,True,3561,13467
13,2,0.3,0.0,uniform,0,trimmed,0.5,guarded,controlled,5,1,2,5,0.018519811748577832,bfgs,"{""bfgs"": 0.006958761318747208, ""custom"": 0.006958766735940184}",0.00867773468295733,0.00867773468295733,stage3_l_opt,l_opt_current_alpha,1.1686215106043516,1.1952876881961112,0.02450000000000005,0.05,False,False,True,True,0.002099347611268361,True,recovered_informative,3,0.014372061073719881,0.006958766735940184,0.007413294337779697,1,True,4476,16233
13,2,0.3,0.0,uniform,0,trimmed,0.5,guarded,controlled,5,1,2,6,0.018513231340200113,bfgs,"{""bfgs"": 0.007012587935803359, ""custom"": 0.0070126260678450205}",0.008675708125034967,0.008675708125034967,stage3_l_opt,l_opt_current_alpha,1.1696233755000793,1.1962077775947977,0.02450000000000005,0.05,False,False,True,True,0.002097321053345998,True,recovered_informative,3,0.014356108084517132,0.0070126260678450205,0.007343482016672112,1,True,5259,18645
13,2,0.3,0.0,uniform,0,trimmed,0.5,guarded,controlled,5,1,2,7,0.018513231340200113,bfgs,"{""bfgs"": 0.007012587935803359, ""custom"": 0.0070126260678450205}",0.008675708125034967,0.008675708125034967,stage3_l_opt,l_opt_current_alpha,1.1696233755000793,1.1962077775947977,0.02450000000000005,0.05,False,False,True,True,0.002097321053345998,True,recovered_informative,3,0.014356108084517132,0.0070126260678450205,0.007343482016672112,1,True,6042,21057
13,2,0.3,0.0,uniform,0,trimmed,0.5,guarded,controlled,5,1,2,8,0.018513231340200113,bfgs,"{""bfgs"": 0.007012587935803359, ""custom"": 0.0070126260678450205}",0.008675708125034967,0.008675708125034967,stage3_l_opt,l_opt_current_alpha,1.1696233755000793,1.1962077775947977,0.02450000000000005,0.05,False,False,True,True,0.002097321053345998,True,recovered_informative,3,0.014356108084517132,0.0070126260678450205,0.007343482016672112,1,True,6825,23469
13,2,0.3,0.0,uniform,0,trimmed,0.5,guarded,controlled,5,1,2,9,0.018513231340200113,bfgs,"{""bfgs"": 0.007012587935803359, ""custom"": 0.0070126260678450205}",0.008675708125034967,0.008675708125034967,stage3_l_opt,l_opt_current_alpha,1.1696233755000793,1.1962077775947977,0.02450000000000005,0.05,False,False,True,True,0.002097321053345998,True,recovered_informative,3,0.014356108084517132,0.0070126260678450205,0.007343482016672112,1,True,7608,25881
13,2,0.3,0.0,uniform,0,trimmed,0.5,guarded,controlled,5,1,2,10,0.018513231340200113,bfgs,"{""bfgs"": 0.007012587935803359, ""custom"": 0.0070126260678450205}",0.008675708125034967,0.008675708125034967,stage3_l_opt,l_opt_current_alpha,1.1696233755000793,1.1962077775947977,0.02450000000000005,0.05,False,False,True,True,0.002097321053345998,True,recovered_informative,3,0.014356108084517132,0.0070126260678450205,0.007343482016672112,1,True,8391,28293
13,2,0.3,0.0,uniform,0,trimmed,0.5,guarded,controlled,5,1,2,11,0.018513231340200113,bfgs,"{""bfgs"": 0.007012587935803359, ""custom"": 0.0070126260678450205}",0.008675708125034967,0.008675708125034967,stage3_l_opt,l_opt_current_alpha,1.1696233755000793,1.1962077775947977,0.02450000000000005,0.05,False,False,True,True,0.002097321053345998,True,recovered_informative,3,0.014356108084517132,0.0070126260678450205,0.007343482016672112,1,True,9174,30705
13,2,0.3,0.0,uniform,0,trimmed,0.5,guarded,controlled,5,1,2,12,0.018513231340200113,bfgs,"{""bfgs"": 0.007012587935803359, ""custom"": 0.0070126260678450205}",0.008675708125034967,0.008675708125034967,stage3_l_opt,l_opt_current_alpha,1.1696233755000793,1.1962077775947977,0.02450000000000005,0.05,False,False,True,True,0.002097321053345998,True,recovered_informative,3,0.014356108084517132,0.0070126260678450205,0.007343482016672112,1,True,9957,33117
13,2,0.3,0.0,uniform,0,trimmed,0.5,guarded,controlled,5,1,2,13,0.018513231340200113,bfgs,"{""bfgs"": 0.007012587935803359, ""custom"": 0.0070126260678450205}",0.008675708125034967,0.008675708125034967,stage3_l_opt,l_opt_current_alpha,1.1696233755000793,1.1962077775947977,0.02450000000000005,0.05,False,False,True,True,0.002097321053345998,True,recovered_informative,3,0.014356108084517132,0.0070126260678450205,0.007343482016672112,1,True,10740,35529
13,2,0.3,0.0,uniform,0,trimmed,0.5,guarded,controlled,5,1,2,14,0.018513231340200113,bfgs,"{""bfgs"": 0.007012587935803359, ""custom"": 0.0070126260678450205}",0.008675708125034967,0.008675708125034967,stage3_l_opt,l_opt_current_alpha,1.1696233755000793,1.1962077775947977,0.02450000000000005,0.05,False,False,True,True,0.002097321053345998,True,recovered_informative,3,0.014356108084517132,0.0070126260678450205,0.007343482016672112,1,True,11523,37941
13,2,0.3,0.0,uniform,0,trimmed,0.5,guarded,controlled,5,1,2,15,0.018513231340200113,bfgs,"{""bfgs"": 0.007012587935803359, ""custom"": 0.0070126260678450205}",0.008675708125034967,0.008675708125034967,stage3_l_opt,l_opt_current_alpha,1.1696233755000793,1.1962077775947977,0.02450000000000005,0.05,False,False,True,True,0.002097321053345998,True,recovered_informative,3,0.014356108084517132,0.0070126260678450205,0.007343482016672112,1,True,12306,40353
13,2,0.3,0.0,uniform,0,trimmed,0.5,guarded,controlled,5,1,2,16,0.018513231340200113,bfgs,"{""bfgs"": 0.007012587935803359, ""custom"": 0.0070126260678450205}",0.008675708125034967,0.008675708125034967,stage3_l_opt,l_opt_current_alpha,1.1696233755000793,1.1962077775947977,0.02450000000000005,0.05,False,False,True,True,0.002097321053345998,True,recovered_informative,3,0.014356108084517132,0.0070126260678450205,0.007343482016672112,1,True,13089,42765
13,2,0.3,0.0,uniform,0,trimmed,0.5,guarded,controlled,5,1,2,17,0.018513231340200113,bfgs,"{""bfgs"": 0.007012587935803359, ""custom"": 0.0070126260678450205}",0.008675708125034967,0.008675708125034967,stage3_l_opt,l_opt_current_alpha,1.1696233755000793,1.1962077775947977,0.02450000000000005,0.05,False,False,True,True,0.002097321053345998,True,recovered_informative,3,0.014356108084517132,0.0070126260678450205,0.007343482016672112,1,True,13872,45177
13,2,0.3,0.0,uniform,0,trimmed,0.5,guarded,controlled,5,1,2,18,0.018513231340200113,bfgs,"{""bfgs"": 0.007012587935803359, ""custom"": 0.0070126260678450205}",0.008675708125034967,0.008675708125034967,stage3_l_opt,l_opt_current_alpha,1.1696233755000793,1.1962077775947977,0.02450000000000005,0.05,False,False,True,True,0.002097321053345998,True,recovered_informative,3,0.014356108084517132,0.0070126260678450205,0.007343482016672112,1,True,14655,47589
13,2,0.3,0.0,uniform,0,trimmed,0.5,guarded,controlled,5,1,2,19,0.018513231340200113,bfgs,"{""bfgs"": 0.007012587935803359, ""custom"": 0.0070126260678450205}",0.008675708125034967,0.008675708125034967,stage3_l_opt,l_opt_current_alpha,1.1696233755000793,1.1962077775947977,0.02450000000000005,0.05,False,False,True,True,0.002097321053345998,True,recovered_informative,3,0.014356108084517132,0.0070126260678450205,0.007343482016672112,1,True,15438,50001
13,2,0.3,0.0,stage0,0,trimmed,0.5,guarded,controlled,5,1,0,0,0.024097385704544755,custom,"{""bfgs"": 0.04404338808846786, ""custom"": 0.007397873486974287}",0.011366226710379124,0.011366226710379124,stage3_l_opt,l_opt_current_alpha,1.9679541733523833,1.9999541733523833,0.9839770866761917,0.5,False,True,True,False,,True,not_needed,,,,,0,False,1935,10760
13,2,0.3,0.0,stage0,0,trimmed,0.5,guarded,controlled,5,1,0,1,0.008102341381521523,custom,"{""bfgs"": 0.024078008325543063, ""custom"": 0.006400401325819183}",0.010503767989575863,0.010503767989575863,stage3_l_opt,l_opt_current_alpha,0.8717213361662492,0.9014304024823729,0.4358606680831246,0.5,True,True,True,False,-0.0008624587208032608,True,not_needed,,,,,0,False,4460,18320
13,2,0.3,0.0,stage0,0,trimmed,0.5,guarded,controlled,5,1,0,2,0.008088407078108442,custom,"{""bfgs"": 0.24739232380133802, ""custom"": 0.0037075620747928223}",0.01050652718792359,0.01050652718792359,stage3_l_opt,l_opt_current_alpha,0.3943945320303784,0.42325735067195625,0.1971972660151891,0.5,True,True,True,False,2.7591983477268794e-06,True,not_needed,,,,,0,False,6020,25595
13,2,0.3,0.0,stage0,0,trimmed,0.5,guarded,controlled,5,1,0,3,0.008072936159892515,custom,"{""bfgs"": 0.26071127395467786, ""custom"": 0.0025175876159283994}",0.010515564742187658,0.010515564742187658,stage3_l_opt,l_opt_current_alpha,0.18786088538240417,0.21653316564372102,0.09393044269120218,0.5,True,True,True,False,9.037554264068604e-06,True,not_needed,,,,,0,False,7415,32395
13,2,0.3,0.0,stage0,0,trimmed,0.5,guarded,controlled,5,1,0,4,0.008090692665902103,custom,"{""bfgs"": 0.02543369366931541, ""custom"": 0.0020397890072383113}",0.010508553745845953,0.010508553745845953,stage3_l_opt,l_opt_current_alpha,0.10418875792388271,0.133070391557295,0.05209437896194142,0.5,True,True,True,False,-7.010996341705322e-06,True,not_needed,,,,,0,False,8815,39320
13,2,0.3,0.0,stage0,0,trimmed,0.5,guarded,controlled,5,1,0,5,0.00810594273356972,custom,"{""bfgs"": 0.015361829144170589, ""custom"": 0.001779210779602465}",0.01050205435603857,0.01050205435603857,stage3_l_opt,l_opt_current_alpha,0.05318636427026552,0.08209028331813348,0.02659318213513262,0.5,True,True,True,False,-6.499389807382641e-06,True,not_needed,,,,,0,False,12285,45585
13,2,0.3,0.0,stage0,0,trimmed,0.5,guarded,controlled,5,1,0,6,0.010415251728201966,bfgs,"{""bfgs"": 0.0013493411059126211, ""custom"": 0.0015506116735988602}",0.011965846021970114,0.011965846021970114,stage3_l_opt,l_opt_current_alpha,0.1634799879313809,0.19517751526080493,0.013296591067566208,0.25,False,False,True,True,0.0014637916659315433,True,not_needed,,,,,0,False,17160,53745
13,2,0.3,0.0,stage0,0,trimmed,0.5,guarded,controlled,5,1,0,7,0.009041988162369452,bfgs,"{""bfgs"": 0.0009462583892019562, ""custom"": 0.00162079139167298}",0.005390592229863008,0.005390592229863008,stage3_l_opt,l_opt_current_alpha,0.5742280413576694,0.5578571389334823,0.1435570103394173,0.25,True,True,True,False,-0.005111462126175563,True,not_needed,,,,,0,False,18735,61965
13,2,0.3,0.0,stage0,0,trimmed,0.5,guarded,controlled,5,1,0,8,0.008077560788125094,custom,"{""bfgs"": 0.1125506338189302, ""custom"": 0.0025118040487338475}",0.010513699613511562,0.010513699613511562,stage3_l_opt,l_opt_current_alpha,0.17201850982648878,0.2006891987985277,0.07177850516970855,0.125,False,False,True,True,0.005123107383648555,True,not_needed,,,,,0,False,20085,69125
13,2,0.3,0.0,stage0,0,trimmed,0.5,guarded,controlled,5,1,0,9,0.008892920598099822,bfgs,"{""bfgs"": 0.0017965575283662566, ""custom"": 0.0021014008374899956}",0.004919172575076421,0.004919172575076421,stage3_l_opt,l_opt_current_alpha,0.534924741800587,0.5192165986746169,0.06686559272507342,0.125,True,True,True,False,-0.00047141965478658676,True,not_needed,,,,,0,False,22585,78010
13,2,0.3,0.0,stage0,0,trimmed,0.5,guarded,controlled,5,1,0,10,0.008077498154471804,custom,"{""bfgs"": 0.029532278184380475, ""custom"": 0.002483036417754837}",0.010513327084481716,0.010513327084481716,stage3_l_opt,l_opt_current_alpha,0.17224605162680653,0.20102164782833423,0.03343279636253661,0.0625,False,False,True,True,0.005594154509405295,True,not_needed,,,,,0,False,24985,85160
13,2,0.3,0.0,stage0,0,trimmed,0.5,guarded,controlled,5,1,0,11,0.00807894898692365,custom,"{""bfgs"": 0.15662550880159626, ""custom"": 0.0022793933857135893}",0.010512418113648891,0.010512418113648891,stage3_l_opt,l_opt_current_alpha,0.14180282662878266,0.17063943449081045,0.026746237090029334,0.05,False,False,True,True,0.005593245538572471,True,not_needed,,,,,0,False,27605,91485
13,2,0.3,0.0,stage0,0,trimmed,0.5,guarded,controlled,5,1,0,12,0.008081383927425167,custom,"{""bfgs"": 0.006775810579040628, ""custom"": 0.002244165607376905}",0.010511481824020544,0.010511481824020544,stage3_l_opt,l_opt_current_alpha,0.13500229283845894,0.1638365746899192,0.026746237090029334,0.05,False,False,True,True,0.005592309248944123,True,not_needed,,,,,0,False,30350,98630
13,2,0.3,0.0,stage0,0,trimmed,0.5,guarded,controlled,5,1,0,13,0.008081383927425167,custom,"{""bfgs"": 0.006775810579040628, ""custom"": 0.002244165607376905}",0.010511481824020544,0.010511481824020544,stage3_l_opt,l_opt_current_alpha,0.13500229283845894,0.1638365746899192,0.026746237090029334,0.05,False,False,True,True,0.005592309248944123,True,not_needed,,,,,0,False,33095,105775
13,2,0.3,0.0,stage0,0,trimmed,0.5,guarded,controlled,5,1,0,14,0.008081383927425167,custom,"{""bfgs"": 0.006775810579040628, ""custom"": 0.002244165607376905}",0.010511481824020544,0.010511481824020544,stage3_l_opt,l_opt_current_alpha,0.13500229283845894,0.1638365746899192,0.026746237090029334,0.05,False,False,True,True,0.005592309248944123,True,not_needed,,,,,0,False,35840,112920
13,2,0.3,0.0,stage0,0,trimmed,0.5,guarded,controlled,5,1,0,15,0.008081383927425167,custom,"{""bfgs"": 0.006775810579040628, ""custom"": 0.002244165607376905}",0.010511481824020544,0.010511481824020544,stage3_l_opt,l_opt_current_alpha,0.13500229283845894,0.1638365746899192,0.026746237090029334,0.05,False,False,True,True,0.005592309248944123,True,not_needed,,,,,0,False,38585,120065
13,2,0.3,0.0,stage0,0,trimmed,0.5,guarded,controlled,5,1,0,16,0.008081383927425167,custom,"{""bfgs"": 0.006775810579040628, ""custom"": 0.002244165607376905}",0.010511481824020544,0.010511481824020544,stage3_l_opt,l_opt_current_alpha,0.13500229283845894,0.1638365746899192,0.026746237090029334,0.05,False,False,True,True,0.005592309248944123,True,not_needed,,,,,0,False,41330,127210
13,2,0.3,0.0,stage0,0,trimmed,0.5,guarded,controlled,5,1,0,17,0.008081383927425167,custom,"{""bfgs"": 0.006775810579040628, ""custom"": 0.002244165607376905}",0.010511481824020544,0.010511481824020544,stage3_l_opt,l_opt_current_alpha,0.13500229283845894,0.1638365746899192,0.026746237090029334,0.05,False,False,True,True,0.005592309248944123,True,not_needed,,,,,0,False,44075,134355
13,2,0.3,0.0,stage0,0,trimmed,0.5,guarded,controlled,5,1,0,18,0.008081383927425167,custom,"{""bfgs"": 0.006775810579040628, ""custom"": 0.002244165607376905}",0.010511481824020544,0.010511481824020544,stage3_l_opt,l_opt_current_alpha,0.13500229283845894,0.1638365746899192,0.026746237090029334,0.05,False,False,True,True,0.005592309248944123,True,not_needed,,,,,0,False,46820,141500
13,2,0.3,0.0,stage0,0,trimmed,0.5,guarded,controlled,5,1,0,19,0.008081383927425167,custom,"{""bfgs"": 0.006775810579040628, ""custom"": 0.002244165607376905}",0.010511481824020544,0.010511481824020544,stage3_l_opt,l_opt_current_alpha,0.13500229283845894,0.1638365746899192,0.026746237090029334,0.05,False,False,True,True,0.005592309248944123,True,not_needed,,,,,0,False,49565,148645
14,2,0.3,0.0,uniform,0,trimmed,0.5,guarded,controlled,5,1,0,0,0.0013509672728053788,custom,"{""bfgs"": 0.15034051835536957, ""custom"": 0.017065365612506867}",0.0140552818775177,0.0140552818775177,stage3_l_opt,l_opt_current_alpha,1.568,1.6,0.784,0.5,False,True,True,False,,True,not_needed,,,,,0,False,415,4360
14,2,0.3,0.0,uniform,0,trimmed,0.5,guarded,controlled,5,1,0,1,0.020445355842786103,custom,"{""bfgs"": 0.14500297358632086, ""custom"": 0.013406811088323594}",0.02122718592484792,0.02122718592484792,stage3_l_opt,l_opt_current_alpha,1.568,1.5919999999999999,0.39199999999999996,0.25,False,False,True,True,0.007171904047330219,True,not_needed,,,,,0,False,725,10355
14,2,0.3,0.0,uniform,0,trimmed,0.5,guarded,controlled,5,1,0,2,0.006839444478000197,custom,"{""bfgs"": 0.14767174597084523, ""custom"": 0.014705619588494302}",0.0068010662992795306,0.0068010662992795306,stage3_l_opt,l_opt_current_alpha,1.0065394118748316,1.0230810325253383,0.2516348529687078,0.25,True,True,True,False,-0.00725421557823817,True,not_needed,,,,,0,False,945,19575
14,2,0.3,0.0,uniform,0,trimmed,0.5,guarded,controlled,5,1,0,3,0.00830263171577081,custom,"{""bfgs"": 0.15649023299823855, ""custom"": 0.01283812482903187}",0.00861385464668274,0.00861385464668274,stage3_l_opt,l_opt_current_alpha,0.5532386536869004,0.5700263415133259,0.1258174264843539,0.125,False,False,True,True,0.0018127883474032087,True,not_needed,,,,,0,False,1600,23720
14,2,0.3,0.0,uniform,0,trimmed,0.5,guarded,controlled,5,1,0,4,0.008179857008746452,custom,"{""bfgs"": 0.1520809894845419, ""custom"": 0.013819804225119333}",0.008013119300206503,0.008013119300206503,stage3_l_opt,l_opt_current_alpha,0.4883175453207477,0.5030960343793308,0.062908713242177,0.0625,False,False,True,True,0.0012120530009269723,True,not_needed,,,,,0,False,2090,28005
14,2,0.3,0.0,uniform,0,trimmed,0.5,guarded,controlled,5,1,0,5,0.008165702520153695,custom,"{""bfgs"": 0.14987636772769355, ""custom"": 0.014451676055742803}",0.008004963397979736,0.008004963397979736,stage3_l_opt,l_opt_current_alpha,0.553131042074875,0.5702937064529742,0.05032697059374161,0.05,False,False,True,True,0.0012038970987002058,True,not_needed,,,,,0,False,2650,34840
14,2,0.3,0.0,uniform,0,trimmed,0.5,guarded,controlled,5,1,0,6,0.008037997609310985,custom,"{""bfgs"": 0.1494354433763239, ""custom"": 0.014549671190367717}",0.007919962207476297,0.007919962207476297,stage3_l_opt,l_opt_current_alpha,0.5358366600479265,0.552671522701182,0.05032697059374161,0.05,False,False,True,True,0.0011188959081967669,True,not_needed,,,,,0,False,3075,41935
14,2,0.3,0.0,uniform,0,trimmed,0.5,guarded,controlled,5,1,0,7,0.008037997609310985,custom,"{""bfgs"": 0.1494354433763239, ""custom"": 0.014549671190367717}",0.007919962207476297,0.007919962207476297,stage3_l_opt,l_opt_current_alpha,0.5358366600479265,0.552671522701182,0.05032697059374161,0.05,False,False,True,True,0.0011188959081967669,True,not_needed,,,,,0,False,3500,49030
14,2,0.3,0.0,uniform,0,trimmed,0.5,guarded,controlled,5,1,0,8,0.008037997609310985,custom,"{""bfgs"": 0.1494354433763239, ""custom"": 0.014549671190367717}",0.007919962207476297,0.007919962207476297,stage3_l_opt,l_opt_current_alpha,0.5358366600479265,0.552671522701182,0.05032697059374161,0.05,False,False,True,True,0.0011188959081967669,True,not_needed,,,,,0,False,3925,56125
14,2,0.3,0.0,uniform,0,trimmed,0.5,guarded,controlled,5,1,0,9,0.008037997609310985,custom,"{""bfgs"": 0.1494354433763239, ""custom"": 0.014549671190367717}",0.007919962207476297,0.007919962207476297,stage3_l_opt,l_opt_current_alpha,0.5358366600479265,0.552671522701182,0.05032697059374161,0.05,False,False,True,True,0.0011188959081967669,True,not_needed,,,,,0,False,4350,63220
14,2,0.3,0.0,uniform,0,trimmed,0.5,guarded,controlled,5,1,0,10,0.008037997609310985,custom,"{""bfgs"": 0.1494354433763239, ""custom"": 0.014549671190367717}",0.007919962207476297,0.007919962207476297,stage3_l_opt,l_opt_current_alpha,0.5358366600479265,0.552671522701182,0.05032697059374161,0.05,False,False,True,True,0.0011188959081967669,True,not_needed,,,,,0,False,4775,70315
14,2,0.3,0.0,uniform,0,trimmed,0.5,guarded,controlled,5,1,0,11,0.008037997609310985,custom,"{""bfgs"": 0.1494354433763239, ""custom"": 0.014549671190367717}",0.007919962207476297,0.007919962207476297,stage3_l_opt,l_opt_current_alpha,0.5358366600479265,0.552671522701182,0.05032697059374161,0.05,False,False,True,True,0.0011188959081967669,True,not_needed,,,,,0,False,5200,77410
14,2,0.3,0.0,uniform,0,trimmed,0.5,guarded,controlled,5,1,0,12,0.008037997609310985,custom,"{""bfgs"": 0.1494354433763239, ""custom"": 0.014549671190367717}",0.007919962207476297,0.007919962207476297,stage3_l_opt,l_opt_current_alpha,0.5358366600479265,0.552671522701182,0.05032697059374161,0.05,False,False,True,True,0.0011188959081967669,True,not_needed,,,,,0,False,5625,84505
14,2,0.3,0.0,uniform,0,trimmed,0.5,guarded,controlled,5,1,0,13,0.008037997609310985,custom,"{""bfgs"": 0.1494354433763239, ""custom"": 0.014549671190367717}",0.007919962207476297,0.007919962207476297,stage3_l_opt,l_opt_current_alpha,0.5358366600479265,0.552671522701182,0.05032697059374161,0.05,False,False,True,True,0.0011188959081967669,True,not_needed,,,,,0,False,6050,91600
14,2,0.3,0.0,uniform,0,trimmed,0.5,guarded,controlled,5,1,0,14,0.008037997609310985,custom,"{""bfgs"": 0.1494354433763239, ""custom"": 0.014549671190367717}",0.007919962207476297,0.007919962207476297,stage3_l_opt,l_opt_current_alpha,0.5358366600479265,0.552671522701182,0.05032697059374161,0.05,False,False,True,True,0.0011188959081967669,True,not_needed,,,,,0,False,6475,98695
14,2,0.3,0.0,uniform,0,trimmed,0.5,guarded,controlled,5,1,0,15,0.008037997609310985,custom,"{""bfgs"": 0.1494354433763239, ""custom"": 0.014549671190367717}",0.007919962207476297,0.007919962207476297,stage3_l_opt,l_opt_current_alpha,0.5358366600479265,0.552671522701182,0.05032697059374161,0.05,False,False,True,True,0.0011188959081967669,True,not_needed,,,,,0,False,6900,105790
14,2,0.3,0.0,uniform,0,trimmed,0.5,guarded,controlled,5,1,0,16,0.008037997609310985,custom,"{""bfgs"": 0.1494354433763239, ""custom"": 0.014549671190367717}",0.007919962207476297,0.007919962207476297,stage3_l_opt,l_opt_current_alpha,0.5358366600479265,0.552671522701182,0.05032697059374161,0.05,False,False,True,True,0.0011188959081967669,True,not_needed,,,,,0,False,7325,112885
14,2,0.3,0.0,uniform,0,trimmed,0.5,guarded,controlled,5,1,0,17,0.008037997609310985,custom,"{""bfgs"": 0.1494354433763239, ""custom"": 0.014549671190367717}",0.007919962207476297,0.007919962207476297,stage3_l_opt,l_opt_current_alpha,0.5358366600479265,0.552671522701182,0.05032697059374161,0.05,False,False,True,True,0.0011188959081967669,True,not_needed,,,,,0,False,7750,119980
14,2,0.3,0.0,uniform,0,trimmed,0.5,guarded,controlled,5,1,0,18,0.008037997609310985,custom,"{""bfgs"": 0.1494354433763239, ""custom"": 0.014549671190367717}",0.007919962207476297,0.007919962207476297,stage3_l_opt,l_opt_current_alpha,0.5358366600479265,0.552671522701182,0.05032697059374161,0.05,False,False,True,True,0.0011188959081967669,True,not_needed,,,,,0,False,8175,127075
14,2,0.3,0.0,uniform,0,trimmed,0.5,guarded,controlled,5,1,0,19,0.008037997609310985,custom,"{""bfgs"": 0.1494354433763239, ""custom"": 0.014549671190367717}",0.007919962207476297,0.007919962207476297,stage3_l_opt,l_opt_current_alpha,0.5358366600479265,0.552671522701182,0.05032697059374161,0.05,False,False,True,True,0.0011188959081967669,True,not_needed,,,,,0,False,8600,134170
14,2,0.3,0.0,uniform,0,trimmed,0.5,guarded,controlled,5,1,1,0,0.008469764826752352,custom,"{""bfgs"": 0.04504760634154081, ""custom"": 0.006280062720179558}",0.006280062720179558,0.006280062720179558,stage3_l_opt,l_opt_current_alpha,1.47,1.5,0.7349999999999999,0.5,False,True,True,False,,True,not_needed,,,,,0,False,380,4340
14,2,0.3,0.0,uniform,0,trimmed,0.5,guarded,controlled,5,1,1,1,0.02045408379454234,custom,"{""bfgs"": 0.10985350035130977, ""custom"": 0.007996814846992493}",0.015670880675315857,0.015670880675315857,stage3_l_opt,l_opt_current_alpha,0.6926191979591474,0.7217542836317831,0.36749999999999994,0.25,False,False,True,True,0.0093908179551363,True,not_needed,,,,,0,False,1452,9296
14,2,0.3,0.0,uniform,0,trimmed,0.5,guarded,controlled,5,1,1,2,0.006786354126150283,custom,"{""bfgs"": 0.046822128323838114, ""custom"": 0.006841568136587739}",0.004497004672884941,0.004497004672884941,stage3_l_opt,l_opt_current_alpha,0.5264790557744605,0.54222352630047,0.1316197639436152,0.25,True,True,True,False,-0.0017830580472946167,True,not_needed,,,,,0,False,1988,14232
14,2,0.3,0.0,uniform,0,trimmed,0.5,guarded,controlled,5,1,1,3,0.009200729084342482,custom,"{""bfgs"": 0.1135767063420822, ""custom"": 0.007630325466182284}",0.005829440429806709,0.005829440429806709,stage3_l_opt,l_opt_current_alpha,1.3330526487576737,1.3578027910417854,0.0658098819718076,0.125,False,False,True,True,0.0013324357569217682,True,not_needed,,,,,0,False,2708,18680
14,2,0.3,0.0,uniform,0,trimmed,0.5,guarded,controlled,5,1,1,4,0.009273903484957102,custom,"{""bfgs"": 0.10936710947391799, ""custom"": 0.0073459422593708055}",0.00574253685772419,0.00574253685772419,stage3_l_opt,l_opt_current_alpha,0.3604302899054306,0.3733222646260432,0.0329049409859038,0.0625,False,False,True,True,0.0012455321848392487,True,not_needed,,,,,0,False,3148,21768
14,2,0.3,0.0,uniform,0,trimmed,0.5,guarded,controlled,5,1,1,5,0.006230889899353538,custom,"{""bfgs"": 0.1043871542123396, ""custom"": 0.007198449756543429}",0.004482649266719818,0.004482649266719818,stage3_l_opt,l_opt_current_alpha,0.4032199137380206,0.4167170188286393,0.025201244608626328,0.0625,True,True,True,False,-1.4355406165122986e-05,True,not_needed,,,,,0,False,3568,25400
14,2,0.3,0.0,uniform,0,trimmed,0.5,guarded,controlled,5,1,1,6,0.009476144230595568,custom,"{""bfgs"": 0.11236797743026686, ""custom"": 0.007183603926835203}",0.005650695413351059,0.005650695413351059,stage3_l_opt,l_opt_current_alpha,0.6177731675391769,0.639034961654245,0.020160995686901023,0.05,False,False,True,True,0.0011680461466312408,True,not_needed,,,,,0,False,4152,29188
14,2,0.3,0.0,uniform,0,trimmed,0.5,guarded,controlled,5,1,1,7,0.00947747884627757,custom,"{""bfgs"": 0.10577800486259623, ""custom"": 0.005759365777272587}",0.003985367715358734,0.003985367715358734,stage3_l_opt,l_opt_current_alpha,0.10902733876719156,0.1169319626479341,0.005451366938359625,0.05,True,True,True,False,-0.000497281551361084,True,not_needed,,,,,0,False,5032,33320
14,2,0.3,0.0,uniform,0,trimmed,0.5,guarded,controlled,5,1,1,8,0.009474714021772341,custom,"{""bfgs"": 0.11164579352607792, ""custom"": 0.005797037756060489}",0.003998920321464539,0.003998920321464539,stage3_l_opt,l_opt_current_alpha,0.13976457681321217,0.1397677746776615,0.00698822884066061,0.05,True,True,True,False,1.3552606105804443e-05,True,not_needed,,,,,0,False,5772,36916
14,2,0.3,0.0,uniform,0,trimmed,0.5,guarded,controlled,5,1,1,9,0.009823793334152401,custom,"{""bfgs"": 0.09193388418521885, ""custom"": 0.007125594232968709}",0.005672812461853027,0.005672812461853027,stage3_l_opt,l_opt_current_alpha,0.7011320947133899,0.7240350443156582,0.00698822884066061,0.05,False,False,True,True,0.0016738921403884888,True,not_needed,,,,,0,False,6212,41640
14,2,0.3,0.0,uniform,0,trimmed,0.5,guarded,controlled,5,1,1,10,0.009823793334152401,custom,"{""bfgs"": 0.09193388418521885, ""custom"": 0.007125594232968709}",0.005672812461853027,0.005672812461853027,stage3_l_opt,l_opt_current_alpha,0.7011320947133899,0.7240350443156582,0.00698822884066061,0.05,False,False,True,True,0.0016738921403884888,True,not_needed,,,,,0,False,6652,46364
14,2,0.3,0.0,uniform,0,trimmed,0.5,guarded,controlled,5,1,1,11,0.009823793334152401,custom,"{""bfgs"": 0.09193388418521885, ""custom"": 0.007125594232968709}",0.005672812461853027,0.005672812461853027,stage3_l_opt,l_opt_current_alpha,0.7011320947133899,0.7240350443156582,0.00698822884066061,0.05,False,False,True,True,0.0016738921403884888,True,not_needed,,,,,0,False,7092,51088
14,2,0.3,0.0,uniform,0,trimmed,0.5,guarded,controlled,5,1,1,12,0.009823793334152401,custom,"{""bfgs"": 0.09193388418521885, ""custom"": 0.007125594232968709}",0.005672812461853027,0.005672812461853027,stage3_l_opt,l_opt_current_alpha,0.7011320947133899,0.7240350443156582,0.00698822884066061,0.05,False,False,True,True,0.0016738921403884888,True,not_needed,,,,,0,False,7532,55812
14,2,0.3,0.0,uniform,0,trimmed,0.5,guarded,controlled,5,1,1,13,0.009823793334152401,custom,"{""bfgs"": 0.09193388418521885, ""custom"": 0.007125594232968709}",0.005672812461853027,0.005672812461853027,stage3_l_opt,l_opt_current_alpha,0.7011320947133899,0.7240350443156582,0.00698822884066061,0.05,False,False,True,True,0.0016738921403884888,True,not_needed,,,,,0,False,7972,60536
14,2,0.3,0.0,uniform,0,trimmed,0.5,guarded,controlled,5,1,1,14,0.009823793334152401,custom,"{""bfgs"": 0.09193388418521885, ""custom"": 0.007125594232968709}",0.005672812461853027,0.005672812461853027,stage3_l_opt,l_opt_current_alpha,0.7011320947133899,0.7240350443156582,0.00698822884066061,0.05,False,False,True,True,0.0016738921403884888,True,not_needed,,,,,0,False,8412,65260
14,2,0.3,0.0,uniform,0,trimmed,0.5,guarded,controlled,5,1,1,15,0.009823793334152401,custom,"{""bfgs"": 0.09193388418521885, ""custom"": 0.007125594232968709}",0.005672812461853027,0.005672812461853027,stage3_l_opt,l_opt_current_alpha,0.7011320947133899,0.7240350443156582,0.00698822884066061,0.05,False,False,True,True,0.0016738921403884888,True,not_needed,,,,,0,False,8852,69984
14,2,0.3,0.0,uniform,0,trimmed,0.5,guarded,controlled,5,1,1,16,0.009823793334152401,custom,"{""bfgs"": 0.09193388418521885, ""custom"": 0.007125594232968709}",0.005672812461853027,0.005672812461853027,stage3_l_opt,l_opt_current_alpha,0.7011320947133899,0.7240350443156582,0.00698822884066061,0.05,False,False,True,True,0.0016738921403884888,True,not_needed,,,,,0,False,9292,74708
14,2,0.3,0.0,uniform,0,trimmed,0.5,guarded,controlled,5,1,1,17,0.009823793334152401,custom,"{""bfgs"": 0.09193388418521885, ""custom"": 0.007125594232968709}",0.005672812461853027,0.005672812461853027,stage3_l_opt,l_opt_current_alpha,0.7011320947133899,0.7240350443156582,0.00698822884066061,0.05,False,False,True,True,0.0016738921403884888,True,not_needed,,,,,0,False,9732,79432
14,2,0.3,0.0,uniform,0,trimmed,0.5,guarded,controlled,5,1,1,18,0.009823793334152401,custom,"{""bfgs"": 0.09193388418521885, ""custom"": 0.007125594232968709}",0.005672812461853027,0.005672812461853027,stage3_l_opt,l_opt_current_alpha,0.7011320947133899,0.7240350443156582,0.00698822884066061,0.05,False,False,True,True,0.0016738921403884888,True,not_needed,,,,,0,False,10172,84156
14,2,0.3,0.0,uniform,0,trimmed,0.5,guarded,controlled,5,1,1,19,0.009823793334152401,custom,"{""bfgs"": 0.09193388418521885, ""custom"": 0.007125594232968709}",0.005672812461853027,0.005672812461853027,stage3_l_opt,l_opt_current_alpha,0.7011320947133899,0.7240350443156582,0.00698822884066061,0.05,False,False,True,True,0.0016738921403884888,True,not_needed,,,,,0,False,10612,88880
14,2,0.3,0.0,stage0,0,trimmed,0.5,guarded,controlled,5,1,0,0,0.007887716568815335,custom,"{""bfgs"": 0.12860068708536498, ""custom"": 0.009092273250601085}",0.00779257466395696,0.00779257466395696,stage3_l_opt,l_opt_current_alpha,1.0027604108179202,1.0084044197870643,0.5013802054089601,0.5,False,True,True,False,,True,not_needed,,,,,0,False,520,6065
14,2,0.3,0.0,stage0,0,trimmed,0.5,guarded,controlled,5,1,0,1,0.008607715364910912,custom,"{""bfgs"": 0.14341790208362054, ""custom"": 0.011249308740100787}",0.0083107128739357,0.0083107128739357,stage3_l_opt,l_opt_current_alpha,0.8496211303689915,0.8656211303689916,0.25069010270448006,0.25,False,False,True,True,0.0005181382099787397,True,not_needed,,,,,0,False,1495,10850
14,2,0.3,0.0,stage0,0,trimmed,0.5,guarded,controlled,5,1,0,2,0.00806079202307063,custom,"{""bfgs"": 0.13600929458449276, ""custom"": 0.010123706612515854}",0.007934386531511942,0.007934386531511942,stage3_l_opt,l_opt_current_alpha,0.9737763607029061,0.9873892624524548,0.12534505135224006,0.125,False,False,True,True,0.00014181186755498221,True,not_needed,,,,,0,False,1985,18570
14,2,0.3,0.0,stage0,0,trimmed,0.5,guarded,controlled,5,1,0,3,0.00788470304087454,custom,"{""bfgs"": 0.13230499083492886, ""custom"": 0.009607641797951181}",0.007781686882177989,0.007781686882177989,stage3_l_opt,l_opt_current_alpha,0.8853552872684257,0.8947032380845564,0.11066941090855324,0.125,True,True,True,False,-1.0887781778970776e-05,True,not_needed,,,,,0,False,2520,26090
14,2,0.3,0.0,stage0,0,trimmed,0.5,guarded,controlled,5,1,0,4,0.008037587942454894,custom,"{""bfgs"": 0.13569972242253336, ""custom"": 0.009953318540230021}",0.007931490739186605,0.007931490739186605,stage3_l_opt,l_opt_current_alpha,0.977947944545319,0.9914441008346221,0.0553347054542766,0.0625,False,False,True,True,0.00014980385700861642,True,not_needed,,,,,0,False,3035,30185
14,2,0.3,0.0,stage0,0,trimmed,0.5,guarded,controlled,5,1,0,5,0.007994619407032623,custom,"{""bfgs"": 0.1340023566287311, ""custom"": 0.009775271030179113}",0.007887216905752817,0.007887216905752817,stage3_l_opt,l_opt_current_alpha,1.0277600182880395,1.0411434678077192,0.044267764363421315,0.05,False,False,True,True,0.00010553002357482823,True,not_needed,,,,,0,False,3440,35815
14,2,0.3,0.0,stage0,0,trimmed,0.5,guarded,controlled,5,1,0,6,0.007996008545897899,custom,"{""bfgs"": 0.13366288346997066, ""custom"": 0.009731447580210004}",0.007877583305040995,0.007877583305040995,stage3_l_opt,l_opt_current_alpha,1.032640273716657,1.0458974643452703,0.05163201368583277,0.05,True,True,True,False,9.589642286300572e-05,True,not_needed,,,,,0,False,4075,41960
14,2,0.3,0.0,stage0,0,trimmed,0.5,guarded,controlled,5,1,0,7,0.00802552483728734,custom,"{""bfgs"": 0.13571069959799106, ""custom"": 0.00960206434646222}",0.007916979491710663,0.007916979491710663,stage3_l_opt,l_opt_current_alpha,0.9861493287260423,0.9995114391239459,0.049307466436302134,0.05,True,True,True,False,3.939618666966814e-05,True,not_needed,,,,,0,False,4525,49365
14,2,0.3,0.0,stage0,0,trimmed,0.5,guarded,controlled,5,1,0,8,0.008044299930183997,custom,"{""bfgs"": 0.13755172923665582, ""custom"": 0.00946923615736088}",0.00792109469572703,0.00792109469572703,stage3_l_opt,l_opt_current_alpha,0.9295825197704547,0.9427964803210259,0.04647912598852276,0.05,True,True,True,False,4.115204016367016e-06,True,not_needed,,,,,0,False,5160,57095
14,2,0.3,0.0,stage0,0,trimmed,0.5,guarded,controlled,5,1,0,9,0.008074376044125219,custom,"{""bfgs"": 0.1387936034567892, ""custom"": 0.009338768210486462}",0.007942795753479004,0.007942795753479004,stage3_l_opt,l_opt_current_alpha,0.888155694229265,0.9014727629522309,0.04440778471146327,0.05,True,True,True,False,2.1701057751974048e-05,True,not_needed,,,,,0,False,5740,63520
14,2,0.3,0.0,stage0,0,trimmed,0.5,guarded,controlled,5,1,0,10,0.00809292080627148,custom,"{""bfgs"": 0.1398671569942123, ""custom"": 0.009223990599888196}",0.007956020534038544,0.007956020534038544,stage3_l_opt,l_opt_current_alpha,0.8477241973348926,0.8611224147888195,0.04238620986674459,0.05,True,True,True,False,1.3224780559539795e-05,True,not_needed,,,,,0,False,6175,68425
14,2,0.3,0.0,stage0,0,trimmed,0.5,guarded,controlled,5,1,0,11,0.008096444042263357,custom,"{""bfgs"": 0.140774554047908, ""custom"": 0.0091230209653271}",0.007960565388202667,0.007960565388202667,stage3_l_opt,l_opt_current_alpha,0.8115480647416724,0.8250730184664876,0.04057740323708349,0.05,True,True,True,False,4.544854164123535e-06,True,not_needed,,,,,0,False,6625,73335
14,2,0.3,0.0,stage0,0,trimmed,0.5,guarded,controlled,5,1,0,12,0.00812802516630641,custom,"{""bfgs"": 0.14194322586123734, ""custom"": 0.009023849533499363}",0.00797568013270696,0.00797568013270696,stage3_l_opt,l_opt_current_alpha,0.7801758508864534,0.7938886656190616,0.03900879254432277,0.05,True,True,True,False,1.5114744504293384e-05,True,not_needed,,,,,0,False,7080,78215
14,2,0.3,0.0,stage0,0,trimmed,0.5,guarded,controlled,5,1,0,13,0.00899857814787654,custom,"{""bfgs"": 0.14348609716544997, ""custom"": 0.009187190282579475}",0.0089741051197052,0.0089741051197052,stage3_l_opt,l_opt_current_alpha,1.0566113475705252,1.074304432906266,0.03900879254432277,0.05,False,False,True,True,0.0009984249869982396,True,not_needed,,,,,0,False,7470,84395
14,2,0.3,0.0,stage0,0,trimmed,0.5,guarded,controlled,5,1,0,14,0.00899857814787654,custom,"{""bfgs"": 0.14348609716544997, ""custom"": 0.009187190282579475}",0.0089741051197052,0.0089741051197052,stage3_l_opt,l_opt_current_alpha,1.0566113475705252,1.074304432906266,0.03900879254432277,0.05,False,False,True,True,0.0009984249869982396,True,not_needed,,,,,0,False,7860,90575
14,2,0.3,0.0,stage0,0,trimmed,0.5,guarded,controlled,5,1,0,15,0.00899857814787654,custom,"{""bfgs"": 0.14348609716544997, ""custom"": 0.009187190282579475}",0.0089741051197052,0.0089741051197052,stage3_l_opt,l_opt_current_alpha,1.0566113475705252,1.074304432906266,0.03900879254432277,0.05,False,False,True,True,0.0009984249869982396,True,not_needed,,,,,0,False,8250,96755
14,2,0.3,0.0,stage0,0,trimmed,0.5,guarded,controlled,5,1,0,16,0.00899857814787654,custom,"{""bfgs"": 0.14348609716544997, ""custom"": 0.009187190282579475}",0.0089741051197052,0.0089741051197052,stage3_l_opt,l_opt_current_alpha,1.0566113475705252,1.074304432906266,0.03900879254432277,0.05,False,False,True,True,0.0009984249869982396,True,not_needed,,,,,0,False,8640,102935
14,2,0.3,0.0,stage0,0,trimmed,0.5,guarded,controlled,5,1,0,17,0.00899857814787654,custom,"{""bfgs"": 0.14348609716544997, ""custom"": 0.009187190282579475}",0.0089741051197052,0.0089741051197052,stage3_l_opt,l_opt_current_alpha,1.0566113475705252,1.074304432906266,0.03900879254432277,0.05,False,False,True,True,0.0009984249869982396,True,not_needed,,,,,0,False,9030,109115
14,2,0.3,0.0,stage0,0,trimmed,0.5,guarded,controlled,5,1,0,18,0.00899857814787654,custom,"{""bfgs"": 0.14348609716544997, ""custom"": 0.009187190282579475}",0.0089741051197052,0.0089741051197052,stage3_l_opt,l_opt_current_alpha,1.0566113475705252,1.074304432906266,0.03900879254432277,0.05,False,False,True,True,0.0009984249869982396,True,not_needed,,,,,0,False,9420,115295
14,2,0.3,0.0,stage0,0,trimmed,0.5,guarded,controlled,5,1,0,19,0.00899857814787654,custom,"{""bfgs"": 0.14348609716544997, ""custom"": 0.009187190282579475}",0.0089741051197052,0.0089741051197052,stage3_l_opt,l_opt_current_alpha,1.0566113475705252,1.074304432906266,0.03900879254432277,0.05,False,False,True,True,0.0009984249869982396,True,not_needed,,,,,0,False,9810,121475
14,2,0.3,0.0,stage0,0,trimmed,0.5,guarded,controlled,5,1,1,0,0.0092335137863978,custom,"{""bfgs"": 0.09196302465356786, ""custom"": 0.003924905165357248}",0.01201651245355606,0.01201651245355606,stage3_l_opt,l_opt_current_alpha,1.2565812256563191,1.26667643700517,0.6282906128281597,0.5,False,True,True,False,,True,not_needed,,,,,0,False,476,4956
14,2,0.3,0.0,stage0,0,trimmed,0.5,guarded,controlled,5,1,1,1,0.020468363229974678,custom,"{""bfgs"": 0.09202186704963242, ""custom"": 0.006583699695346188}",0.015990814194083214,0.015990814194083214,stage3_l_opt,l_opt_current_alpha,0.8836876120978037,0.9026027311823397,0.31414530641407984,0.25,False,False,True,True,0.003974301740527153,True,not_needed,,,,,0,False,1576,8328
14,2,0.3,0.0,stage0,0,trimmed,0.5,guarded,controlled,5,1,1,2,0.009197207797823645,custom,"{""bfgs"": 0.09199244585230952, ""custom"": 0.005849476218160185}",0.005833368748426437,0.005833368748426437,stage3_l_opt,l_opt_current_alpha,0.9382096987302486,0.9481234493320446,0.23455242468256218,0.25,True,True,True,False,-0.006183143705129623,True,not_needed,,,,,0,False,2844,13764
14,2,0.3,0.0,stage0,0,trimmed,0.5,guarded,controlled,5,1,1,3,0.009243413638415778,custom,"{""bfgs"": 0.09443596429534483, ""custom"": 0.005903611765730933}",0.005790304392576218,0.005790304392576218,stage3_l_opt,l_opt_current_alpha,1.136047683412844,1.1560476834128441,0.284011920853211,0.25,True,True,True,False,-4.3064355850219727e-05,True,not_needed,,,,,0,False,4100,17440
14,2,0.3,0.0,stage0,0,trimmed,0.5,guarded,controlled,5,1,1,4,0.019503755545827155,custom,"{""bfgs"": 0.09626220037933975, ""custom"": 0.007053842776081962}",0.015673622488975525,0.015673622488975525,stage3_l_opt,l_opt_current_alpha,0.7766023590909379,0.8038919312867591,0.14200596042660552,0.125,False,False,True,True,0.009883318096399307,True,not_needed,,,,,0,False,5320,21464
14,2,0.3,0.0,stage0,0,trimmed,0.5,guarded,controlled,5,1,1,5,0.009270402491784669,custom,"{""bfgs"": 0.09534908273555023, ""custom"": 0.006587753934863534}",0.00576428510248661,0.00576428510248661,stage3_l_opt,l_opt_current_alpha,0.9940417229862385,1.0140417229862384,0.12425521537327983,0.125,True,True,True,False,-2.601929008960724e-05,True,not_needed,,,,,0,False,6228,25852
14,2,0.3,0.0,stage0,0,trimmed,0.5,guarded,controlled,5,1,1,6,0.008937929830373406,custom,"{""bfgs"": 0.09614448977044356, ""custom"": 0.006994599955331608}",0.006288608536124229,0.006288608536124229,stage3_l_opt,l_opt_current_alpha,1.418026699477747,1.448026699477747,0.06212760768663991,0.0625,False,False,True,True,0.000524323433637619,True,not_needed,,,,,0,False,7572,30104
14,2,0.3,0.0,stage0,0,trimmed,0.5,guarded,controlled,5,1,1,7,0.009428582590141187,custom,"{""bfgs"": 0.09574678580289195, ""custom"": 0.006924869718501609}",0.005655134096741676,0.005655134096741676,stage3_l_opt,l_opt_current_alpha,0.9319141152995986,0.9519141152995985,0.05824463220622494,0.0625,True,True,True,False,-0.00010915100574493408,True,not_needed,,,,,0,False,8660,33764
14,2,0.3,0.0,stage0,0,trimmed,0.5,guarded,controlled,5,1,1,8,0.00907384083385569,custom,"{""bfgs"": 0.09619148683843262, ""custom"": 0.00701541991038992}",0.0067940279841423035,0.0067940279841423035,stage3_l_opt,l_opt_current_alpha,0.7030266481278162,0.7283745151082555,0.04659570576497995,0.05,False,False,True,True,0.0011388938874006271,True,not_needed,,,,,0,False,9824,37588
14,2,0.3,0.0,stage0,0,trimmed,0.5,guarded,controlled,5,1,1,9,0.009027413933602816,custom,"{""bfgs"": 0.09610254663132448, ""custom"": 0.006980152542448183}",0.006077751517295837,0.006077751517295837,stage3_l_opt,l_opt_current_alpha,1.394589154520608,1.4110134854154184,0.04659570576497995,0.05,False,False,True,True,0.00042261742055416107,True,not_needed,,,,,0,False,10972,41712
14,2,0.3,0.0,stage0,0,trimmed,0.5,guarded,controlled,5,1,1,10,0.009027413933602816,custom,"{""bfgs"": 0.09610254663132448, ""custom"": 0.006980152542448183}",0.006077751517295837,0.006077751517295837,stage3_l_opt,l_opt_current_alpha,1.394589154520608,1.4110134854154184,0.04659570576497995,0.05,False,False,True,True,0.00042261742055416107,True,not_needed,,,,,0,False,12120,45836
14,2,0.3,0.0,stage0,0,trimmed,0.5,guarded,controlled,5,1,1,11,0.009027413933602816,custom,"{""bfgs"": 0.09610254663132448, ""custom"": 0.006980152542448183}",0.006077751517295837,0.006077751517295837,stage3_l_opt,l_opt_current_alpha,1.394589154520608,1.4110134854154184,0.04659570576497995,0.05,False,False,True,True,0.00042261742055416107,True,not_needed,,,,,0,False,13268,49960
14,2,0.3,0.0,stage0,0,trimmed,0.5,guarded,controlled,5,1,1,12,0.009027413933602816,custom,"{""bfgs"": 0.09610254663132448, ""custom"": 0.006980152542448183}",0.006077751517295837,0.006077751517295837,stage3_l_opt,l_opt_current_alpha,1.394589154520608,1.4110134854154184,0.04659570576497995,0.05,False,False,True,True,0.00042261742055416107,True,not_needed,,,,,0,False,14416,54084
14,2,0.3,0.0,stage0,0,trimmed,0.5,guarded,controlled,5,1,1,13,0.009027413933602816,custom,"{""bfgs"": 0.09610254663132448, ""custom"": 0.006980152542448183}",0.006077751517295837,0.006077751517295837,stage3_l_opt,l_opt_current_alpha,1.394589154520608,1.4110134854154184,0.04659570576497995,0.05,False,False,True,True,0.00042261742055416107,True,not_needed,,,,,0,False,15564,58208
14,2,0.3,0.0,stage0,0,trimmed,0.5,guarded,controlled,5,1,1,14,0.009027413933602816,custom,"{""bfgs"": 0.09610254663132448, ""custom"": 0.006980152542448183}",0.006077751517295837,0.006077751517295837,stage3_l_opt,l_opt_current_alpha,1.394589154520608,1.4110134854154184,0.04659570576497995,0.05,False,False,True,True,0.00042261742055416107,True,not_needed,,,,,0,False,16712,62332
14,2,0.3,0.0,stage0,0,trimmed,0.5,guarded,controlled,5,1,1,15,0.009027413933602816,custom,"{""bfgs"": 0.09610254663132448, ""custom"": 0.006980152542448183}",0.006077751517295837,0.006077751517295837,stage3_l_opt,l_opt_current_alpha,1.394589154520608,1.4110134854154184,0.04659570576497995,0.05,False,False,True,True,0.00042261742055416107,True,not_needed,,,,,0,False,17860,66456
14,2,0.3,0.0,stage0,0,trimmed,0.5,guarded,controlled,5,1,1,16,0.009027413933602816,custom,"{""bfgs"": 0.09610254663132448, ""custom"": 0.006980152542448183}",0.006077751517295837,0.006077751517295837,stage3_l_opt,l_opt_current_alpha,1.394589154520608,1.4110134854154184,0.04659570576497995,0.05,False,False,True,True,0.00042261742055416107,True,not_needed,,,,,0,False,19008,70580
14,2,0.3,0.0,stage0,0,trimmed,0.5,guarded,controlled,5,1,1,17,0.009027413933602816,custom,"{""bfgs"": 0.09610254663132448, ""custom"": 0.006980152542448183}",0.006077751517295837,0.006077751517295837,stage3_l_opt,l_opt_current_alpha,1.394589154520608,1.4110134854154184,0.04659570576497995,0.05,False,False,True,True,0.00042261742055416107,True,not_needed,,,,,0,False,20156,74704
14,2,0.3,0.0,stage0,0,trimmed,0.5,guarded,controlled,5,1,1,18,0.009027413933602816,custom,"{""bfgs"": 0.09610254663132448, ""custom"": 0.006980152542448183}",0.006077751517295837,0.006077751517295837,stage3_l_opt,l_opt_current_alpha,1.394589154520608,1.4110134854154184,0.04659570576497995,0.05,False,False,True,True,0.00042261742055416107,True,not_needed,,,,,0,False,21304,78828
14,2,0.3,0.0,stage0,0,trimmed,0.5,guarded,controlled,5,1,1,19,0.009027413933602816,custom,"{""bfgs"": 0.09610254663132448, ""custom"": 0.006980152542448183}",0.006077751517295837,0.006077751517295837,stage3_l_opt,l_opt_current_alpha,1.394589154520608,1.4110134854154184,0.04659570576497995,0.05,False,False,True,True,0.00042261742055416107,True,not_needed,,,,,0,False,22452,82952
14,2,0.3,0.0,stage0,0,trimmed,0.5,guarded,controlled,5,1,2,0,0.020561867605916925,custom,"{""bfgs"": 0.02844820287697615, ""custom"": 0.003690874902987334}",0.017110228538513184,0.017110228538513184,stage3_l_opt,l_opt_current_alpha,0.9987206509389863,1.0055025615785156,0.49936032546949305,0.5,False,True,True,False,,True,not_needed,,,,,0,False,639,2145
14,2,0.3,0.0,stage0,0,trimmed,0.5,guarded,controlled,5,1,2,1,0.009154502299649035,custom,"{""bfgs"": 0.03524302805794675, ""custom"": 0.009027622396427981}",0.006847351789474487,0.006847351789474487,stage3_l_opt,l_opt_current_alpha,0.4862866292007708,0.4996199625341041,0.24314331460038538,0.5,True,True,True,False,-0.010262876749038696,True,not_needed,,,,,0,False,1314,3789
14,2,0.3,0.0,stage0,0,trimmed,0.5,guarded,controlled,5,1,2,2,0.02075335543368985,custom,"{""bfgs"": 0.015346305693446482, ""custom"": 0.0024799827297288324}",0.004720722635587056,0.004720722635587056,stage3_l_opt,l_opt_current_alpha,0.8454007793109878,0.8479016672242177,0.42270038965549395,0.5,True,True,True,False,-0.002126629153887431,True,not_needed,,,,,0,False,1986,5874
14,2,0.3,0.0,stage0,0,trimmed,0.5,guarded,controlled,5,1,2,3,0.009498688730060524,custom,"{""bfgs"": 0.013938134668700239, ""custom"": 0.0072643483526707905}",0.006216381986935933,0.006216381986935933,stage3_l_opt,l_opt_current_alpha,0.5191353892677149,0.5358556396998566,0.2113501948277469,0.25,False,False,True,True,0.001495659351348877,True,not_needed,,,,,0,False,3129,7137
14,2,0.3,0.0,stage0,0,trimmed,0.5,guarded,controlled,5,1,2,4,0.009355914639102517,custom,"{""bfgs"": 0.018427324120123524, ""custom"": 0.008197840105329179}",0.0064388687411944074,0.0064388687411944074,stage3_l_opt,l_opt_current_alpha,0.3958179292427574,0.41433476609944575,0.10567509741387343,0.125,False,False,True,True,0.0017181461056073512,True,not_needed,,,,,0,False,4017,7950
14,2,0.3,0.0,stage0,0,trimmed,0.5,guarded,controlled,5,1,2,5,0.020630710124403324,custom,"{""bfgs"": 0.01007625779673426, ""custom"": 0.0027141584784107853}",0.004514098167419434,0.004514098167419434,stage3_l_opt,l_opt_current_alpha,0.2276005142666715,0.2394139426438194,0.02845006428333388,0.125,True,True,True,False,-0.0002066244681676226,True,not_needed,,,,,0,False,5574,9846
14,2,0.3,0.0,stage0,0,trimmed,0.5,guarded,controlled,5,1,2,6,0.02042997508361197,custom,"{""bfgs"": 0.013636160339510955, ""custom"": 0.007684195259883742}",0.01604836682478587,0.01604836682478587,stage3_l_opt,l_opt_current_alpha,0.6615804587055127,0.6877078329917807,0.014225032141666927,0.0625,False,False,True,True,0.011534268657366436,True,not_needed,,,,,0,False,6717,11370
14,2,0.3,0.0,stage0,0,trimmed,0.5,guarded,controlled,5,1,2,7,0.0206531213028286,custom,"{""bfgs"": 0.01379190770713514, ""custom"": 0.002824236226124712}",0.004560758670171102,0.004560758670171102,stage3_l_opt,l_opt_current_alpha,0.42183817937418566,0.44305776523356166,0.026364886210886562,0.0625,True,True,True,False,4.6660502751668005e-05,True,not_needed,,,,,0,False,8103,13719
14,2,0.3,0.0,stage0,0,trimmed,0.5,guarded,controlled,5,1,2,8,0.02043793487356857,custom,"{""bfgs"": 0.015610783259283736, ""custom"": 0.007521531443374811}",0.01604798436164856,0.01604798436164856,stage3_l_opt,l_opt_current_alpha,0.428711841512778,0.4506097650935719,0.021091908968709355,0.05,False,False,True,True,0.011487225691477459,True,not_needed,,,,,0,False,8724,15093
14,2,0.3,0.0,stage0,0,trimmed,0.5,guarded,controlled,5,1,2,9,0.020095037885796696,custom,"{""bfgs"": 0.0273046974605623, ""custom"": 0.003024628904401418}",0.005206587413946788,0.005206587413946788,stage3_l_opt,l_opt_current_alpha,0.7044528061687538,0.7057883035047703,0.021091908968709355,0.05,False,False,True,True,0.0006458287437756862,True,not_needed,,,,,0,False,9546,16656
14,2,0.3,0.0,stage0,0,trimmed,0.5,guarded,controlled,5,1,2,10,0.020095037885796696,custom,"{""bfgs"": 0.0273046974605623, ""custom"": 0.003024628904401418}",0.005206587413946788,0.005206587413946788,stage3_l_opt,l_opt_current_alpha,0.7044528061687538,0.7057883035047703,0.021091908968709355,0.05,False,False,True,True,0.0006458287437756862,True,not_needed,,,,,0,False,10368,18219
14,2,0.3,0.0,stage0,0,trimmed,0.5,guarded,controlled,5,1,2,11,0.020095037885796696,custom,"{""bfgs"": 0.0273046974605623, ""custom"": 0.003024628904401418}",0.005206587413946788,0.005206587413946788,stage3_l_opt,l_opt_current_alpha,0.7044528061687538,0.7057883035047703,0.021091908968709355,0.05,False,False,True,True,0.0006458287437756862,True,not_needed,,,,,0,False,11190,19782
14,2,0.3,0.0,stage0,0,trimmed,0.5,guarded,controlled,5,1,2,12,0.020095037885796696,custom,"{""bfgs"": 0.0273046974605623, ""custom"": 0.003024628904401418}",0.005206587413946788,0.005206587413946788,stage3_l_opt,l_opt_current_alpha,0.7044528061687538,0.7057883035047703,0.021091908968709355,0.05,False,False,True,True,0.0006458287437756862,True,not_needed,,,,,0,False,12012,21345
14,2,0.3,0.0,stage0,0,trimmed,0.5,guarded,controlled,5,1,2,13,0.020095037885796696,custom,"{""bfgs"": 0.0273046974605623, ""custom"": 0.003024628904401418}",0.005206587413946788,0.005206587413946788,stage3_l_opt,l_opt_current_alpha,0.7044528061687538,0.7057883035047703,0.021091908968709355,0.05,False,False,True,True,0.0006458287437756862,True,not_needed,,,,,0,False,12834,22908
14,2,0.3,0.0,stage0,0,trimmed,0.5,guarded,controlled,5,1,2,14,0.020095037885796696,custom,"{""bfgs"": 0.0273046974605623, ""custom"": 0.003024628904401418}",0.005206587413946788,0.005206587413946788,stage3_l_opt,l_opt_current_alpha,0.7044528061687538,0.7057883035047703,0.021091908968709355,0.05,False,False,True,True,0.0006458287437756862,True,not_needed,,,,,0,False,13656,24471
14,2,0.3,0.0,stage0,0,trimmed,0.5,guarded,controlled,5,1,2,15,0.020095037885796696,custom,"{""bfgs"": 0.0273046974605623, ""custom"": 0.003024628904401418}",0.005206587413946788,0.005206587413946788,stage3_l_opt,l_opt_current_alpha,0.7044528061687538,0.7057883035047703,0.021091908968709355,0.05,False,False,True,True,0.0006458287437756862,True,not_needed,,,,,0,False,14478,26034
14,2,0.3,0.0,stage0,0,trimmed,0.5,guarded,controlled,5,1,2,16,0.020095037885796696,custom,"{""bfgs"": 0.0273046974605623, ""custom"": 0.003024628904401418}",0.005206587413946788,0.005206587413946788,stage3_l_opt,l_opt_current_alpha,0.7044528061687538,0.7057883035047703,0.021091908968709355,0.05,False,False,True,True,0.0006458287437756862,True,not_needed,,,,,0,False,15300,27597
14,2,0.3,0.0,stage0,0,trimmed,0.5,guarded,controlled,5,1,2,17,0.020095037885796696,custom,"{""bfgs"": 0.0273046974605623, ""custom"": 0.003024628904401418}",0.005206587413946788,0.005206587413946788,stage3_l_opt,l_opt_current_alpha,0.7044528061687538,0.7057883035047703,0.021091908968709355,0.05,False,False,True,True,0.0006458287437756862,True,not_needed,,,,,0,False,16122,29160
14,2,0.3,0.0,stage0,0,trimmed,0.5,guarded,controlled,5,1,2,18,0.020095037885796696,custom,"{""bfgs"": 0.0273046974605623, ""custom"": 0.003024628904401418}",0.005206587413946788,0.005206587413946788,stage3_l_opt,l_opt_current_alpha,0.7044528061687538,0.7057883035047703,0.021091908968709355,0.05,False,False,True,True,0.0006458287437756862,True,not_needed,,,,,0,False,16944,30723
14,2,0.3,0.0,stage0,0,trimmed,0.5,guarded,controlled,5,1,2,19,0.020095037885796696,custom,"{""bfgs"": 0.0273046974605623, ""custom"": 0.003024628904401418}",0.005206587413946788,0.005206587413946788,stage3_l_opt,l_opt_current_alpha,0.7044528061687538,0.7057883035047703,0.021091908968709355,0.05,False,False,True,True,0.0006458287437756862,True,not_needed,,,,,0,False,17766,32286
15,2,0.3,0.0,uniform,0,trimmed,0.5,guarded,controlled,5,1,0,0,0.006477254298991354,custom,"{""bfgs"": 0.16649131327867508, ""custom"": 0.01837843134999275}",0.0161590576171875,0.0161590576171875,stage3_l_opt,l_opt_current_alpha,1.1760000000000002,1.2,0.5880000000000001,0.5,False,True,True,False,,True,not_needed,,,,,0,False,1950,6075
15,2,0.3,0.0,uniform,0,trimmed,0.5,guarded,controlled,5,1,0,1,0.008253097629780225,custom,"{""bfgs"": 0.024378764258610464, ""custom"": 0.008870591519903688}",0.011208520581324896,0.011208520581324896,stage3_l_opt,l_opt_current_alpha,0.5642789507453195,0.5877948476993057,0.28213947537265976,0.5,True,True,True,False,-0.004950537035862604,True,not_needed,,,,,0,False,4330,15435
15,2,0.3,0.0,uniform,0,trimmed,0.5,guarded,controlled,5,1,0,2,0.008273994660613772,custom,"{""bfgs"": 0.033359252706992575, ""custom"": 0.009470773648833105}",0.011236366194983324,0.011236366194983324,stage3_l_opt,l_opt_current_alpha,0.20260672828589288,0.22449950795239387,0.10130336414294651,0.5,True,True,True,False,2.7845613658428192e-05,True,not_needed,,,,,0,False,6250,24660
15,2,0.3,0.0,uniform,0,trimmed,0.5,guarded,controlled,5,1,0,3,0.011617495920277748,custom,"{""bfgs"": 0.03994174204346696, ""custom"": 0.004060694936615044}",0.014139313250780106,0.014139313250780106,stage3_l_opt,l_opt_current_alpha,0.1497933384016184,0.15777163707390182,0.0506516820714732,0.25,False,False,True,True,0.0029029470557967816,True,not_needed,,,,,0,False,7090,33855
15,2,0.3,0.0,uniform,0,trimmed,0.5,guarded,controlled,5,1,0,4,0.006076687430846554,bfgs,"{""bfgs"": 0.00854320254892439, ""custom"": 0.009226512018749699}",0.010369614077111086,0.010369614077111086,stage3_l_opt,l_opt_current_alpha,0.29870226299654734,0.2986015978110613,0.07467556574913681,0.25,True,True,True,False,-0.0008667521178722382,True,not_needed,,,,,0,False,9180,43145
15,2,0.3,0.0,uniform,0,trimmed,0.5,guarded,controlled,5,1,0,5,0.008409936811748134,custom,"{""bfgs"": 0.028685351806572154, ""custom"": 0.010460045548402623}",0.0113223260268569,0.0113223260268569,stage3_l_opt,l_opt_current_alpha,0.17630301721101854,0.18072032912590208,0.03733778287456839,0.125,False,False,True,True,0.0009527119497458134,True,not_needed,,,,,0,False,10990,50670
15,2,0.3,0.0,uniform,0,trimmed,0.5,guarded,controlled,5,1,0,6,0.008294115318256155,custom,"{""bfgs"": 0.06033593169431381, ""custom"": 0.009978907917399223}",0.011157052281002203,0.011157052281002203,stage3_l_opt,l_opt_current_alpha,0.8675970724059497,0.8900902179252923,0.018668891437284188,0.0625,False,False,True,True,0.0007874382038911172,True,not_needed,,,,,0,False,14115,58605
15,2,0.3,0.0,uniform,0,trimmed,0.5,guarded,controlled,5,1,0,7,0.008263953456587834,custom,"{""bfgs"": 0.10779036252691819, ""custom"": 0.009501546615271483}",0.011229077043632666,0.011229077043632666,stage3_l_opt,l_opt_current_alpha,0.2754029048531395,0.2752077403471204,0.014935113149827296,0.05,False,False,True,True,0.0008594629665215799,True,not_needed,,,,,0,False,16170,68685
15,2,0.3,0.0,uniform,0,trimmed,0.5,guarded,controlled,5,1,0,8,0.008276956075324337,custom,"{""bfgs"": 0.05873619210093357, ""custom"": 0.009446270986193975}",0.011237648936609427,0.011237648936609427,stage3_l_opt,l_opt_current_alpha,0.31193757210889095,0.312411813500184,0.014935113149827296,0.05,False,False,True,True,0.0008680348594983407,True,not_needed,,,,,0,False,18295,79005
15,2,0.3,0.0,uniform,0,trimmed,0.5,guarded,controlled,5,1,0,9,0.008276956075324337,custom,"{""bfgs"": 0.05873619210093357, ""custom"": 0.009446270986193975}",0.011237648936609427,0.011237648936609427,stage3_l_opt,l_opt_current_alpha,0.31193757210889095,0.312411813500184,0.014935113149827296,0.05,False,False,True,True,0.0008680348594983407,True,not_needed,,,,,0,False,20420,89325
15,2,0.3,0.0,uniform,0,trimmed,0.5,guarded,controlled,5,1,0,10,0.008276956075324337,custom,"{""bfgs"": 0.05873619210093357, ""custom"": 0.009446270986193975}",0.011237648936609427,0.011237648936609427,stage3_l_opt,l_opt_current_alpha,0.31193757210889095,0.312411813500184,0.014935113149827296,0.05,False,False,True,True,0.0008680348594983407,True,not_needed,,,,,0,False,22545,99645
15,2,0.3,0.0,uniform,0,trimmed,0.5,guarded,controlled,5,1,0,11,0.008276956075324337,custom,"{""bfgs"": 0.05873619210093357, ""custom"": 0.009446270986193975}",0.011237648936609427,0.011237648936609427,stage3_l_opt,l_opt_current_alpha,0.31193757210889095,0.312411813500184,0.014935113149827296,0.05,False,False,True,True,0.0008680348594983407,True,not_needed,,,,,0,False,24670,109965
15,2,0.3,0.0,uniform,0,trimmed,0.5,guarded,controlled,5,1,0,12,0.008276956075324337,custom,"{""bfgs"": 0.05873619210093357, ""custom"": 0.009446270986193975}",0.011237648936609427,0.011237648936609427,stage3_l_opt,l_opt_current_alpha,0.31193757210889095,0.312411813500184,0.014935113149827296,0.05,False,False,True,True,0.0008680348594983407,True,not_needed,,,,,0,False,26795,120285
15,2,0.3,0.0,uniform,0,trimmed,0.5,guarded,controlled,5,1,0,13,0.008276956075324337,custom,"{""bfgs"": 0.05873619210093357, ""custom"": 0.009446270986193975}",0.011237648936609427,0.011237648936609427,stage3_l_opt,l_opt_current_alpha,0.31193757210889095,0.312411813500184,0.014935113149827296,0.05,False,False,True,True,0.0008680348594983407,True,not_needed,,,,,0,False,28920,130605
15,2,0.3,0.0,uniform,0,trimmed,0.5,guarded,controlled,5,1,0,14,0.008276956075324337,custom,"{""bfgs"": 0.05873619210093357, ""custom"": 0.009446270986193975}",0.011237648936609427,0.011237648936609427,stage3_l_opt,l_opt_current_alpha,0.31193757210889095,0.312411813500184,0.014935113149827296,0.05,False,False,True,True,0.0008680348594983407,True,not_needed,,,,,0,False,31045,140925
15,2,0.3,0.0,uniform,0,trimmed,0.5,guarded,controlled,5,1,0,15,0.008276956075324337,custom,"{""bfgs"": 0.05873619210093357, ""custom"": 0.009446270986193975}",0.011237648936609427,0.011237648936609427,stage3_l_opt,l_opt_current_alpha,0.31193757210889095,0.312411813500184,0.014935113149827296,0.05,False,False,True,True,0.0008680348594983407,True,not_needed,,,,,0,False,33170,151245
15,2,0.3,0.0,uniform,0,trimmed,0.5,guarded,controlled,5,1,0,16,0.008276956075324337,custom,"{""bfgs"": 0.05873619210093357, ""custom"": 0.009446270986193975}",0.011237648936609427,0.011237648936609427,stage3_l_opt,l_opt_current_alpha,0.31193757210889095,0.312411813500184,0.014935113149827296,0.05,False,False,True,True,0.0008680348594983407,True,not_needed,,,,,0,False,35295,161565
15,2,0.3,0.0,uniform,0,trimmed,0.5,guarded,controlled,5,1,0,17,0.008276956075324337,custom,"{""bfgs"": 0.05873619210093357, ""custom"": 0.009446270986193975}",0.011237648936609427,0.011237648936609427,stage3_l_opt,l_opt_current_alpha,0.31193757210889095,0.312411813500184,0.014935113149827296,0.05,False,False,True,True,0.0008680348594983407,True,not_needed,,,,,0,False,37420,171885
15,2,0.3,0.0,uniform,0,trimmed,0.5,guarded,controlled,5,1,0,18,0.008276956075324337,custom,"{""bfgs"": 0.05873619210093357, ""custom"": 0.009446270986193975}",0.011237648936609427,0.011237648936609427,stage3_l_opt,l_opt_current_alpha,0.31193757210889095,0.312411813500184,0.014935113149827296,0.05,False,False,True,True,0.0008680348594983407,True,not_needed,,,,,0,False,39545,182205
15,2,0.3,0.0,uniform,0,trimmed,0.5,guarded,controlled,5,1,0,19,0.008276956075324337,custom,"{""bfgs"": 0.05873619210093357, ""custom"": 0.009446270986193975}",0.011237648936609427,0.011237648936609427,stage3_l_opt,l_opt_current_alpha,0.31193757210889095,0.312411813500184,0.014935113149827296,0.05,False,False,True,True,0.0008680348594983407,True,not_needed,,,,,0,False,41670,192525
15,2,0.3,0.0,stage0,0,trimmed,0.5,guarded,controlled,5,1,0,0,0.008419664564982186,custom,"{""bfgs"": 0.07197841840539786, ""custom"": 0.009451154397674503}",0.011478882282972336,0.011478882282972336,stage3_l_opt,l_opt_current_alpha,1.1596146107058563,1.1821012206811627,0.5798073053529281,0.5,False,True,True,False,,True,not_needed,,,,,0,False,3130,9135
15,2,0.3,0.0,stage0,0,trimmed,0.5,guarded,controlled,5,1,0,1,0.006150606237106407,custom,"{""bfgs"": 0.07379462727012061, ""custom"": 0.010490360500803953}",0.018196430367728073,0.018196430367728073,stage3_l_opt,l_opt_current_alpha,0.6555699945921208,0.6835863882454801,0.289903652676464,0.25,False,False,True,True,0.006717548084755737,True,not_needed,,,,,0,False,4650,17420
15,2,0.3,0.0,stage0,0,trimmed,0.5,guarded,controlled,5,1,0,2,0.006150694153605529,custom,"{""bfgs"": 0.049442720254791246, ""custom"": 0.015436869109068434}",0.018196319850782555,0.018196319850782555,stage3_l_opt,l_opt_current_alpha,0.9453881698108225,0.9714110158529481,0.14495182633823195,0.125,False,False,True,True,0.006717437567810219,True,not_needed,,,,,0,False,6570,27390
15,2,0.3,0.0,stage0,0,trimmed,0.5,guarded,controlled,5,1,0,3,0.007027854162934104,custom,"{""bfgs"": 0.014459536666735582, ""custom"": 0.011543905674462632}",0.009531005285680294,0.009531005285680294,stage3_l_opt,l_opt_current_alpha,0.37365857327073043,0.36852933075046274,0.04670732165884135,0.125,True,True,True,False,-0.0019478769972920418,True,not_needed,,,,,0,False,9425,34480
15,2,0.3,0.0,stage0,0,trimmed,0.5,guarded,controlled,5,1,0,4,0.008134960769369511,custom,"{""bfgs"": 0.06787704951609895, ""custom"": 0.01110105176739343}",0.01097478624433279,0.01097478624433279,stage3_l_opt,l_opt_current_alpha,0.8322614193416177,0.8550162827612132,0.023353660829420676,0.0625,False,False,True,True,0.0014437809586524963,True,not_needed,,,,,0,False,10095,42290
15,2,0.3,0.0,stage0,0,trimmed,0.5,guarded,controlled,5,1,0,5,0.006571747688467547,custom,"{""bfgs"": 0.01240697059745844, ""custom"": 0.009021422514940224}",0.010222893518706163,0.010222893518706163,stage3_l_opt,l_opt_current_alpha,1.1284515833455977,1.134671490394031,0.018682928663536595,0.05,False,False,True,True,0.0006918882330258693,True,not_needed,,,,,0,False,13185,55260
15,2,0.3,0.0,stage0,0,trimmed,0.5,guarded,controlled,5,1,0,6,0.01276889056914912,bfgs,"{""bfgs"": 0.012023982084326191, ""custom"": 0.018084431602470988}",0.015346983137230078,0.015346983137230078,stage3_l_opt,l_opt_current_alpha,1.0887428899797038,1.11911409574321,0.018682928663536595,0.05,False,False,True,True,0.005815977851549784,True,not_needed,,,,,0,False,15040,66435
15,2,0.3,0.0,stage0,0,trimmed,0.5,guarded,controlled,5,1,0,7,0.01276889056914912,bfgs,"{""bfgs"": 0.012023982084326191, ""custom"": 0.018084431602470988}",0.015346983137230078,0.015346983137230078,stage3_l_opt,l_opt_current_alpha,1.0887428899797038,1.11911409574321,0.018682928663536595,0.05,False,False,True,True,0.005815977851549784,True,not_needed,,,,,0,False,16895,77610
15,2,0.3,0.0,stage0,0,trimmed,0.5,guarded,controlled,5,1,0,8,0.01276889056914912,bfgs,"{""bfgs"": 0.012023982084326191, ""custom"": 0.018084431602470988}",0.015346983137230078,0.015346983137230078,stage3_l_opt,l_opt_current_alpha,1.0887428899797038,1.11911409574321,0.018682928663536595,0.05,False,False,True,True,0.005815977851549784,True,not_needed,,,,,0,False,18750,88785
15,2,0.3,0.0,stage0,0,trimmed,0.5,guarded,controlled,5,1,0,9,0.01276889056914912,bfgs,"{""bfgs"": 0.012023982084326191, ""custom"": 0.018084431602470988}",0.015346983137230078,0.015346983137230078,stage3_l_opt,l_opt_current_alpha,1.0887428899797038,1.11911409574321,0.018682928663536595,0.05,False,False,True,True,0.005815977851549784,True,not_needed,,,,,0,False,20605,99960
15,2,0.3,0.0,stage0,0,trimmed,0.5,guarded,controlled,5,1,0,10,0.01276889056914912,bfgs,"{""bfgs"": 0.012023982084326191, ""custom"": 0.018084431602470988}",0.015346983137230078,0.015346983137230078,stage3_l_opt,l_opt_current_alpha,1.0887428899797038,1.11911409574321,0.018682928663536595,0.05,False,False,True,True,0.005815977851549784,True,not_needed,,,,,0,False,22460,111135
15,2,0.3,0.0,stage0,0,trimmed,0.5,guarded,controlled,5,1,0,11,0.01276889056914912,bfgs,"{""bfgs"": 0.012023982084326191, ""custom"": 0.018084431602470988}",0.015346983137230078,0.015346983137230078,stage3_l_opt,l_opt_current_alpha,1.0887428899797038,1.11911409574321,0.018682928663536595,0.05,False,False,True,True,0.005815977851549784,True,not_needed,,,,,0,False,24315,122310
15,2,0.3,0.0,stage0,0,trimmed,0.5,guarded,controlled,5,1,0,12,0.01276889056914912,bfgs,"{""bfgs"": 0.012023982084326191, ""custom"": 0.018084431602470988}",0.015346983137230078,0.015346983137230078,stage3_l_opt,l_opt_current_alpha,1.0887428899797038,1.11911409574321,0.018682928663536595,0.05,False,False,True,True,0.005815977851549784,True,not_needed,,,,,0,False,26170,133485
15,2,0.3,0.0,stage0,0,trimmed,0.5,guarded,controlled,5,1,0,13,0.01276889056914912,bfgs,"{""bfgs"": 0.012023982084326191, ""custom"": 0.018084431602470988}",0.015346983137230078,0.015346983137230078,stage3_l_opt,l_opt_current_alpha,1.0887428899797038,1.11911409574321,0.018682928663536595,0.05,False,False,True,True,0.005815977851549784,True,not_needed,,,,,0,False,28025,144660
15,2,0.3,0.0,stage0,0,trimmed,0.5,guarded,controlled,5,1,0,14,0.01276889056914912,bfgs,"{""bfgs"": 0.012023982084326191, ""custom"": 0.018084431602470988}",0.015346983137230078,0.015346983137230078,stage3_l_opt,l_opt_current_alpha,1.0887428899797038,1.11911409574321,0.018682928663536595,0.05,False,False,True,True,0.005815977851549784,True,not_needed,,,,,0,False,29880,155835
15,2,0.3,0.0,stage0,0,trimmed,0.5,guarded,controlled,5,1,0,15,0.01276889056914912,bfgs,"{""bfgs"": 0.012023982084326191, ""custom"": 0.018084431602470988}",0.015346983137230078,0.015346983137230078,stage3_l_opt,l_opt_current_alpha,1.0887428899797038,1.11911409574321,0.018682928663536595,0.05,False,False,True,True,0.005815977851549784,True,not_needed,,,,,0,False,31735,167010
15,2,0.3,0.0,stage0,0,trimmed,0.5,guarded,controlled,5,1,0,16,0.01276889056914912,bfgs,"{""bfgs"": 0.012023982084326191, ""custom"": 0.018084431602470988}",0.015346983137230078,0.015346983137230078,stage3_l_opt,l_opt_current_alpha,1.0887428899797038,1.11911409574321,0.018682928663536595,0.05,False,False,True,True,0.005815977851549784,True,not_needed,,,,,0,False,33590,178185
15,2,0.3,0.0,stage0,0,trimmed,0.5,guarded,controlled,5,1,0,17,0.01276889056914912,bfgs,"{""bfgs"": 0.012023982084326191, ""custom"": 0.018084431602470988}",0.015346983137230078,0.015346983137230078,stage3_l_opt,l_opt_current_alpha,1.0887428899797038,1.11911409574321,0.018682928663536595,0.05,False,False,True,True,0.005815977851549784,True,not_needed,,,,,0,False,35445,189360
15,2,0.3,0.0,stage0,0,trimmed,0.5,guarded,controlled,5,1,0,18,0.01276889056914912,bfgs,"{""bfgs"": 0.012023982084326191, ""custom"": 0.018084431602470988}",0.015346983137230078,0.015346983137230078,stage3_l_opt,l_opt_current_alpha,1.0887428899797038,1.11911409574321,0.018682928663536595,0.05,False,False,True,True,0.005815977851549784,True,not_needed,,,,,0,False,37300,200535
15,2,0.3,0.0,stage0,0,trimmed,0.5,guarded,controlled,5,1,0,19,0.01276889056914912,bfgs,"{""bfgs"": 0.012023982084326191, ""custom"": 0.018084431602470988}",0.015346983137230078,0.015346983137230078,stage3_l_opt,l_opt_current_alpha,1.0887428899797038,1.11911409574321,0.018682928663536595,0.05,False,False,True,True,0.005815977851549784,True,not_needed,,,,,0,False,39155,211710
16,2,0.3,0.0,uniform,0,trimmed,0.5,guarded,controlled,5,1,0,0,0.007288664108545269,custom,"{""bfgs"": 0.03128042770549656, ""custom"": 0.019218004867434503}",0.017561811332901318,0.017561811332901318,stage3_l_opt,l_opt_current_alpha,1.568,1.6,0.7839999999999999,0.5,False,True,True,False,,True,not_needed,,,,,0,False,1680,8730
16,2,0.3,0.0,uniform,0,trimmed,0.5,guarded,controlled,5,1,0,1,0.006581448839859252,custom,"{""bfgs"": 0.035458189622499046, ""custom"": 0.013750636238604785}",0.03080096406241258,0.03080096406241258,stage3_l_opt,l_opt_current_alpha,0.392,0.4080609382223763,0.39199999999999996,0.25,False,False,True,True,0.013239152729511261,True,not_needed,,,,,0,False,3065,17990
16,2,0.3,0.0,uniform,0,trimmed,0.5,guarded,controlled,5,1,0,2,0.007286235877087125,custom,"{""bfgs"": 0.02024657205305994, ""custom"": 0.018249373750761154}",0.017561084901293118,0.017561084901293118,stage3_l_opt,l_opt_current_alpha,1.3719999999999999,1.3960000000000001,0.34299999999999997,0.25,True,True,True,False,-7.264316082000732e-07,True,not_needed,,,,,0,False,5500,26310
16,2,0.3,0.0,uniform,0,trimmed,0.5,guarded,controlled,5,1,0,3,0.00734305320491194,custom,"{""bfgs"": 0.03222770508002675, ""custom"": 0.016672978737737376}",0.017549671853582065,0.017549671853582065,stage3_l_opt,l_opt_current_alpha,1.1426704023162937,1.1662667310901431,0.2856676005790734,0.25,True,True,True,False,-1.1413047711052171e-05,True,not_needed,,,,,0,False,7480,36230
16,2,0.3,0.0,uniform,0,trimmed,0.5,guarded,controlled,5,1,0,4,0.018053203221415813,custom,"{""bfgs"": 0.09734284430553163, ""custom"": 0.015959477136972457}",0.014615110432108244,0.014615110432108244,stage3_l_opt,l_opt_current_alpha,0.22913182189973524,0.2267015058531704,0.057282955474933894,0.25,True,True,True,False,-0.0029345614214738216,True,not_needed,,,,,0,False,9520,42935
16,2,0.3,0.0,uniform,0,trimmed,0.5,guarded,controlled,5,1,0,5,0.007408948361929032,custom,"{""bfgs"": 0.09198061898181961, ""custom"": 0.01625663060445859}",0.017535437519351642,0.017535437519351642,stage3_l_opt,l_opt_current_alpha,1.3439844188522432,1.373545408578767,0.028641477737466975,0.125,False,False,True,True,0.0029203270872433986,True,not_needed,,,,,0,False,12395,53215
16,2,0.3,0.0,uniform,0,trimmed,0.5,guarded,controlled,5,1,0,6,0.007454815583992639,custom,"{""bfgs"": 0.0731424423948554, ""custom"": 0.015907935614716234}",0.017525816336274147,0.017525816336274147,stage3_l_opt,l_opt_current_alpha,0.9597568740547757,0.9815707580379309,0.014320738868733418,0.0625,False,False,True,True,0.002910705904165903,True,not_needed,,,,,0,False,13485,60275
16,2,0.3,0.0,uniform,0,trimmed,0.5,guarded,controlled,5,1,0,7,0.018204416111246083,bfgs,"{""bfgs"": 0.015640522900216728, ""custom"": 0.016211277207185876}",0.014889777327577272,0.014889777327577272,stage3_l_opt,l_opt_current_alpha,0.1591026168642235,0.15644109036516884,0.011456591094986812,0.05,False,False,True,True,0.0002746668954690286,True,not_needed,,,,,0,False,15440,67845
16,2,0.3,0.0,uniform,0,trimmed,0.5,guarded,controlled,5,1,0,8,0.018098115729903455,custom,"{""bfgs"": 0.021951427862878983, ""custom"": 0.01591155980155473}",0.014591893181204796,0.014591893181204796,stage3_l_opt,l_opt_current_alpha,0.18994402646546188,0.1878492043888395,0.009497201323273127,0.05,True,True,True,False,-2.3217250903448047e-05,True,not_needed,,,,,0,False,18480,78945
16,2,0.3,0.0,uniform,0,trimmed,0.5,guarded,controlled,5,1,0,9,0.007493134391204152,custom,"{""bfgs"": 0.035716671085232896, ""custom"": 0.01581777020181296}",0.017517995710174244,0.017517995710174244,stage3_l_opt,l_opt_current_alpha,0.8587171440388193,0.8784679927936524,0.009497201323273127,0.05,False,False,True,True,0.002926102528969448,True,not_needed,,,,,0,False,20805,86845
16,2,0.3,0.0,uniform,0,trimmed,0.5,guarded,controlled,5,1,0,10,0.007493134391204152,custom,"{""bfgs"": 0.035716671085232896, ""custom"": 0.01581777020181296}",0.017517995710174244,0.017517995710174244,stage3_l_opt,l_opt_current_alpha,0.8587171440388193,0.8784679927936524,0.009497201323273127,0.05,False,False,True,True,0.002926102528969448,True,not_needed,,,,,0,False,23130,94745
16,2,0.3,0.0,uniform,0,trimmed,0.5,guarded,controlled,5,1,0,11,0.007493134391204152,custom,"{""bfgs"": 0.035716671085232896, ""custom"": 0.01581777020181296}",0.017517995710174244,0.017517995710174244,stage3_l_opt,l_opt_current_alpha,0.8587171440388193,0.8784679927936524,0.009497201323273127,0.05,False,False,True,True,0.002926102528969448,True,not_needed,,,,,0,False,25455,102645
16,2,0.3,0.0,uniform,0,trimmed,0.5,guarded,controlled,5,1,0,12,0.007493134391204152,custom,"{""bfgs"": 0.035716671085232896, ""custom"": 0.01581777020181296}",0.017517995710174244,0.017517995710174244,stage3_l_opt,l_opt_current_alpha,0.8587171440388193,0.8784679927936524,0.009497201323273127,0.05,False,False,True,True,0.002926102528969448,True,not_needed,,,,,0,False,27780,110545
16,2,0.3,0.0,uniform,0,trimmed,0.5,guarded,controlled,5,1,0,13,0.007493134391204152,custom,"{""bfgs"": 0.035716671085232896, ""custom"": 0.01581777020181296}",0.017517995710174244,0.017517995710174244,stage3_l_opt,l_opt_current_alpha,0.8587171440388193,0.8784679927936524,0.009497201323273127,0.05,False,False,True,True,0.002926102528969448,True,not_needed,,,,,0,False,30105,118445
16,2,0.3,0.0,uniform,0,trimmed,0.5,guarded,controlled,5,1,0,14,0.007493134391204152,custom,"{""bfgs"": 0.035716671085232896, ""custom"": 0.01581777020181296}",0.017517995710174244,0.017517995710174244,stage3_l_opt,l_opt_current_alpha,0.8587171440388193,0.8784679927936524,0.009497201323273127,0.05,False,False,True,True,0.002926102528969448,True,not_needed,,,,,0,False,32430,126345
16,2,0.3,0.0,uniform,0,trimmed,0.5,guarded,controlled,5,1,0,15,0.007493134391204152,custom,"{""bfgs"": 0.035716671085232896, ""custom"": 0.01581777020181296}",0.017517995710174244,0.017517995710174244,stage3_l_opt,l_opt_current_alpha,0.8587171440388193,0.8784679927936524,0.009497201323273127,0.05,False,False,True,True,0.002926102528969448,True,not_needed,,,,,0,False,34755,134245
16,2,0.3,0.0,uniform,0,trimmed,0.5,guarded,controlled,5,1,0,16,0.007493134391204152,custom,"{""bfgs"": 0.035716671085232896, ""custom"": 0.01581777020181296}",0.017517995710174244,0.017517995710174244,stage3_l_opt,l_opt_current_alpha,0.8587171440388193,0.8784679927936524,0.009497201323273127,0.05,False,False,True,True,0.002926102528969448,True,not_needed,,,,,0,False,37080,142145
16,2,0.3,0.0,uniform,0,trimmed,0.5,guarded,controlled,5,1,0,17,0.007493134391204152,custom,"{""bfgs"": 0.035716671085232896, ""custom"": 0.01581777020181296}",0.017517995710174244,0.017517995710174244,stage3_l_opt,l_opt_current_alpha,0.8587171440388193,0.8784679927936524,0.009497201323273127,0.05,False,False,True,True,0.002926102528969448,True,not_needed,,,,,0,False,39405,150045
16,2,0.3,0.0,uniform,0,trimmed,0.5,guarded,controlled,5,1,0,18,0.007493134391204152,custom,"{""bfgs"": 0.035716671085232896, ""custom"": 0.01581777020181296}",0.017517995710174244,0.017517995710174244,stage3_l_opt,l_opt_current_alpha,0.8587171440388193,0.8784679927936524,0.009497201323273127,0.05,False,False,True,True,0.002926102528969448,True,not_needed,,,,,0,False,41730,157945
16,2,0.3,0.0,uniform,0,trimmed,0.5,guarded,controlled,5,1,0,19,0.007493134391204152,custom,"{""bfgs"": 0.035716671085232896, ""custom"": 0.01581777020181296}",0.017517995710174244,0.017517995710174244,stage3_l_opt,l_opt_current_alpha,0.8587171440388193,0.8784679927936524,0.009497201323273127,0.05,False,False,True,True,0.002926102528969448,True,not_needed,,,,,0,False,44055,165845
16,2,0.3,0.0,stage0,0,trimmed,0.5,guarded,controlled,5,1,0,0,0.006503879755910083,custom,"{""bfgs"": 0.1894670737638355, ""custom"": 0.01667941659775666}",0.030845389390985172,0.030845389390985172,stage3_l_opt,l_opt_current_alpha,1.9679811033975325,1.9999811033975325,0.9839905516987663,0.5,False,True,True,False,,True,not_needed,,,,,0,False,1245,8515
16,2,0.3,0.0,stage0,0,trimmed,0.5,guarded,controlled,5,1,0,1,0.009016120992262127,bfgs,"{""bfgs"": 0.010146439553810695, ""custom"": 0.010146499483497745}",0.01674508365492026,0.01674508365492026,stage3_l_opt,l_opt_current_alpha,1.355896826778812,1.379896826778812,0.677948413389406,0.5,True,True,True,False,-0.014100305736064911,True,recovered_informative,4,0.010600586478604578,0.010146499483497745,0.0004540869951068331,1,True,5540,28185
16,2,0.3,0.0,stage0,0,trimmed,0.5,guarded,controlled,5,1,0,2,0.010601387436068914,bfgs,"{""bfgs"": 0.02065006188768439, ""custom"": 0.021584994512342845}",0.01668647490441799,0.01668647490441799,stage3_l_opt,l_opt_current_alpha,0.7758263513642878,0.7991104603709791,0.3879131756821439,0.5,True,True,True,False,-5.860875050226963e-05,True,not_needed,,,,,0,False,9830,36875
16,2,0.3,0.0,stage0,0,trimmed,0.5,guarded,controlled,5,1,0,3,0.009215196179988373,custom,"{""bfgs"": 0.11758517627554557, ""custom"": 0.022174788527851406}",0.027226505801081657,0.027226505801081657,stage3_l_opt,l_opt_current_alpha,1.4896100936478351,1.5136100936478352,0.19395658784107195,0.25,False,False,True,True,0.010540030896663666,True,not_needed,,,,,0,False,13225,44350
16,2,0.3,0.0,stage0,0,trimmed,0.5,guarded,controlled,5,1,0,4,0.01028115416483047,custom,"{""bfgs"": 0.026596651822218258, ""custom"": 0.023619109781730048}",0.016713351632157963,0.016713351632157963,stage3_l_opt,l_opt_current_alpha,1.023042541725106,1.0345719669042497,0.2557606354312764,0.25,True,True,True,False,2.6876727739971046e-05,True,not_needed,,,,,0,False,17160,56240
16,2,0.3,0.0,stage0,0,trimmed,0.5,guarded,controlled,5,1,0,5,0.006513332532886826,custom,"{""bfgs"": 0.022588030390556915, ""custom"": 0.02194692471801576}",0.03070497326552868,0.03070497326552868,stage3_l_opt,l_opt_current_alpha,0.7413697777921271,0.7508043369515607,0.12788031771563818,0.125,False,False,True,True,0.013991621633370716,True,not_needed,,,,,0,False,19000,65145
16,2,0.3,0.0,stage0,0,trimmed,0.5,guarded,controlled,5,1,0,6,0.013178895358304996,custom,"{""bfgs"": 0.02465737192960786, ""custom"": 0.01997251054172745}",0.025197064504027367,0.025197064504027367,stage3_l_opt,l_opt_current_alpha,1.2050609011561988,1.2169312737452325,0.06394015885781912,0.0625,False,False,True,True,0.008483712871869404,True,not_needed,,,,,0,False,21160,74400
16,2,0.3,0.0,stage0,0,trimmed,0.5,guarded,controlled,5,1,0,7,0.010216323237919244,custom,"{""bfgs"": 0.02576021927503586, ""custom"": 0.024196462085917008}",0.01658337377011776,0.01658337377011776,stage3_l_opt,l_opt_current_alpha,0.6696888627372124,0.6709166962106339,0.04185555392107576,0.0625,True,True,True,False,-0.00012997786204020298,True,not_needed,,,,,0,False,23035,83325
16,2,0.3,0.0,stage0,0,trimmed,0.5,guarded,controlled,5,1,0,8,0.010188108155528227,custom,"{""bfgs"": 0.02546146715877529, ""custom"": 0.023221761136140866}",0.01673302985727787,0.01673302985727787,stage3_l_opt,l_opt_current_alpha,0.6158494545151771,0.6337248312230325,0.033484443136860595,0.05,False,False,True,True,0.00014965608716011047,True,not_needed,,,,,0,False,25000,92685
16,2,0.3,0.0,stage0,0,trimmed,0.5,guarded,controlled,5,1,0,9,0.01018536381952735,custom,"{""bfgs"": 0.025045244872073165, ""custom"": 0.023426904100632216}",0.016734004641572636,0.016734004641572636,stage3_l_opt,l_opt_current_alpha,0.8801331070310109,0.9078941107523516,0.033484443136860595,0.05,False,False,True,True,0.00015063087145487583,True,not_needed,,,,,0,False,27980,99805
16,2,0.3,0.0,stage0,0,trimmed,0.5,guarded,controlled,5,1,0,10,0.01018536381952735,custom,"{""bfgs"": 0.025045244872073165, ""custom"": 0.023426904100632216}",0.016734004641572636,0.016734004641572636,stage3_l_opt,l_opt_current_alpha,0.8801331070310109,0.9078941107523516,0.033484443136860595,0.05,False,False,True,True,0.00015063087145487583,True,not_needed,,,,,0,False,30960,106925
16,2,0.3,0.0,stage0,0,trimmed,0.5,guarded,controlled,5,1,0,11,0.01018536381952735,custom,"{""bfgs"": 0.025045244872073165, ""custom"": 0.023426904100632216}",0.016734004641572636,0.016734004641572636,stage3_l_opt,l_opt_current_alpha,0.8801331070310109,0.9078941107523516,0.033484443136860595,0.05,False,False,True,True,0.00015063087145487583,True,not_needed,,,,,0,False,33940,114045
16,2,0.3,0.0,stage0,0,trimmed,0.5,guarded,controlled,5,1,0,12,0.01018536381952735,custom,"{""bfgs"": 0.025045244872073165, ""custom"": 0.023426904100632216}",0.016734004641572636,0.016734004641572636,stage3_l_opt,l_opt_current_alpha,0.8801331070310109,0.9078941107523516,0.033484443136860595,0.05,False,False,True,True,0.00015063087145487583,True,not_needed,,,,,0,False,36920,121165
16,2,0.3,0.0,stage0,0,trimmed,0.5,guarded,controlled,5,1,0,13,0.01018536381952735,custom,"{""bfgs"": 0.025045244872073165, ""custom"": 0.023426904100632216}",0.016734004641572636,0.016734004641572636,stage3_l_opt,l_opt_current_alpha,0.8801331070310109,0.9078941107523516,0.033484443136860595,0.05,False,False,True,True,0.00015063087145487583,True,not_needed,,,,,0,False,39900,128285
16,2,0.3,0.0,stage0,0,trimmed,0.5,guarded,controlled,5,1,0,14,0.01018536381952735,custom,"{""bfgs"": 0.025045244872073165, ""custom"": 0.023426904100632216}",0.016734004641572636,0.016734004641572636,stage3_l_opt,l_opt_current_alpha,0.8801331070310109,0.9078941107523516,0.033484443136860595,0.05,False,False,True,True,0.00015063087145487583,True,not_needed,,,,,0,False,42880,135405
16,2,0.3,0.0,stage0,0,trimmed,0.5,guarded,controlled,5,1,0,15,0.01018536381952735,custom,"{""bfgs"": 0.025045244872073165, ""custom"": 0.023426904100632216}",0.016734004641572636,0.016734004641572636,stage3_l_opt,l_opt_current_alpha,0.8801331070310109,0.9078941107523516,0.033484443136860595,0.05,False,False,True,True,0.00015063087145487583,True,not_needed,,,,,0,False,45860,142525
16,2,0.3,0.0,stage0,0,trimmed,0.5,guarded,controlled,5,1,0,16,0.01018536381952735,custom,"{""bfgs"": 0.025045244872073165, ""custom"": 0.023426904100632216}",0.016734004641572636,0.016734004641572636,stage3_l_opt,l_opt_current_alpha,0.8801331070310109,0.9078941107523516,0.033484443136860595,0.05,False,False,True,True,0.00015063087145487583,True,not_needed,,,,,0,False,48840,149645
16,2,0.3,0.0,stage0,0,trimmed,0.5,guarded,controlled,5,1,0,17,0.01018536381952735,custom,"{""bfgs"": 0.025045244872073165, ""custom"": 0.023426904100632216}",0.016734004641572636,0.016734004641572636,stage3_l_opt,l_opt_current_alpha,0.8801331070310109,0.9078941107523516,0.033484443136860595,0.05,False,False,True,True,0.00015063087145487583,True,not_needed,,,,,0,False,51820,156765
16,2,0.3,0.0,stage0,0,trimmed,0.5,guarded,controlled,5,1,0,18,0.01018536381952735,custom,"{""bfgs"": 0.025045244872073165, ""custom"": 0.023426904100632216}",0.016734004641572636,0.016734004641572636,stage3_l_opt,l_opt_current_alpha,0.8801331070310109,0.9078941107523516,0.033484443136860595,0.05,False,False,True,True,0.00015063087145487583,True,not_needed,,,,,0,False,54800,163885
16,2,0.3,0.0,stage0,0,trimmed,0.5,guarded,controlled,5,1,0,19,0.01018536381952735,custom,"{""bfgs"": 0.025045244872073165, ""custom"": 0.023426904100632216}",0.016734004641572636,0.016734004641572636,stage3_l_opt,l_opt_current_alpha,0.8801331070310109,0.9078941107523516,0.033484443136860595,0.05,False,False,True,True,0.00015063087145487583,True,not_needed,,,,,0,False,57780,171005
17,2,0.3,0.0,uniform,0,trimmed,0.5,guarded,controlled,5,1,0,0,0.00438044316224471,bfgs,"{""bfgs"": 0.022577305138111115, ""custom"": 0.035333561897277835}",0.023658573627471924,0.023658573627471924,stage3_l_opt,l_opt_current_alpha,1.1139237413035632,1.1366568788811868,0.5569618706517816,0.5,False,True,True,False,,True,not_needed,,,,,0,False,1995,7690
17,2,0.3,0.0,uniform,0,trimmed,0.5,guarded,controlled,5,1,0,1,0.01739966702637788,custom,"{""bfgs"": 0.11987934692757571, ""custom"": 0.02982753911207278}",0.02948411802450816,0.02948411802450816,stage3_l_opt,l_opt_current_alpha,1.0261777193090333,1.0581777193090334,0.2784809353258908,0.25,False,False,True,True,0.005825544397036236,True,not_needed,,,,,0,False,2520,14850
17,2,0.3,0.0,uniform,0,trimmed,0.5,guarded,controlled,5,1,0,2,0.0034784377193582405,bfgs,"{""bfgs"": 0.027164877434097557, ""custom"": 0.027164877434097557}",0.020100536445776623,0.020100536445776623,stage3_l_opt,l_opt_current_alpha,,,0.0,0.25,False,False,False,False,-0.003558037181695301,False,audited_uninformative,4,0.027164877434097557,0.027164877434097557,0.0,1,False,5610,28200
17,2,0.3,0.0,uniform,0,trimmed,0.5,guarded,controlled,5,1,1,0,0.00964521807791438,custom,"{""bfgs"": 0.13640013709664345, ""custom"": 0.04210005432832986}",0.04210005432832986,0.04210005432832986,stage3_l_opt,l_opt_current_alpha,0.9800000000000001,1.0,0.49,0.5,False,True,True,False,,True,not_needed,,,,,0,False,308,3404
17,2,0.3,0.0,uniform,0,trimmed,0.5,guarded,controlled,5,1,1,1,0.032599243325278165,custom,"{""bfgs"": 0.14454434655834172, ""custom"": 0.04123221000568459}",0.032918836921453476,0.032918836921453476,stage3_l_opt,l_opt_current_alpha,1.1514071562628914,1.17969875986862,0.5757035781314457,0.5,True,True,True,False,-0.009181217406876385,True,not_needed,,,,,0,False,1060,5916
17,2,0.3,0.0,uniform,0,trimmed,0.5,guarded,controlled,5,1,1,2,0.04975819006840301,custom,"{""bfgs"": 0.12132297038985643, ""custom"": 0.03141141852997829}",0.04898499418050051,0.04898499418050051,stage3_l_opt,l_opt_current_alpha,0.5644188382929788,0.5735408409069395,0.2878517890657229,0.25,False,False,True,True,0.01606615725904703,True,not_needed,,,,,0,False,1448,9784
17,2,0.3,0.0,uniform,0,trimmed,0.5,guarded,controlled,5,1,1,3,0.04272840113888682,custom,"{""bfgs"": 0.13293365847409905, ""custom"": 0.03658504661434817}",0.03918131534010172,0.03918131534010172,stage3_l_opt,l_opt_current_alpha,0.451714870009214,0.45608841704382336,0.14392589453286142,0.125,False,False,True,True,0.006262478418648243,True,not_needed,,,,,0,False,2196,13588
17,2,0.3,0.0,uniform,0,trimmed,0.5,guarded,controlled,5,1,1,4,0.01679905286082156,bfgs,"{""bfgs"": 0.018986416291004032, ""custom"": 0.018986557806503435}",0.016472757793962955,0.016472757793962955,stage3_l_opt,l_opt_current_alpha,0.5357767557140964,0.5412995247677497,0.06697209446426201,0.125,True,True,True,False,-0.01644607912749052,True,recovered_informative,4,0.042313028038155814,0.018986557806503435,0.02332647023165238,1,True,3816,22420
17,2,0.3,0.0,uniform,0,trimmed,0.5,guarded,controlled,5,1,1,5,0.040376262819067726,custom,"{""bfgs"": 0.13919865879646637, ""custom"": 0.04108594942489048}",0.03697906341403723,0.03697906341403723,stage3_l_opt,l_opt_current_alpha,1.3174267140269706,1.3474267140269705,0.03348604723213103,0.0625,False,False,True,True,0.020506305620074272,True,not_needed,,,,,0,False,4568,26552
17,2,0.3,0.0,uniform,0,trimmed,0.5,guarded,controlled,5,1,1,6,0.042632930756746346,custom,"{""bfgs"": 0.13896883065634338, ""custom"": 0.0450776548027924}",0.040621534921228886,0.040621534921228886,stage3_l_opt,l_opt_current_alpha,1.1065811900887135,1.1365811900887135,0.026788837785704872,0.05,False,False,True,True,0.02414877712726593,True,not_needed,,,,,0,False,5060,30588
17,2,0.3,0.0,uniform,0,trimmed,0.5,guarded,controlled,5,1,1,7,0.04258443840169536,custom,"{""bfgs"": 0.13892286502831877, ""custom"": 0.04482791178604578}",0.04051548335701227,0.04051548335701227,stage3_l_opt,l_opt_current_alpha,1.1035034890808364,1.1335034890808364,0.026788837785704872,0.05,False,False,True,True,0.024042725563049316,True,not_needed,,,,,0,False,5796,36168
17,2,0.3,0.0,uniform,0,trimmed,0.5,guarded,controlled,5,1,1,8,0.04258443840169536,custom,"{""bfgs"": 0.13892286502831877, ""custom"": 0.04482791178604578}",0.04051548335701227,0.04051548335701227,stage3_l_opt,l_opt_current_alpha,1.1035034890808364,1.1335034890808364,0.026788837785704872,0.05,False,False,True,True,0.024042725563049316,True,not_needed,,,,,0,False,6532,41748
17,2,0.3,0.0,uniform,0,trimmed,0.5,guarded,controlled,5,1,1,9,0.04258443840169536,custom,"{""bfgs"": 0.13892286502831877, ""custom"": 0.04482791178604578}",0.04051548335701227,0.04051548335701227,stage3_l_opt,l_opt_current_alpha,1.1035034890808364,1.1335034890808364,0.026788837785704872,0.05,False,False,True,True,0.024042725563049316,True,not_needed,,,,,0,False,7268,47328
17,2,0.3,0.0,uniform,0,trimmed,0.5,guarded,controlled,5,1,1,10,0.04258443840169536,custom,"{""bfgs"": 0.13892286502831877, ""custom"": 0.04482791178604578}",0.04051548335701227,0.04051548335701227,stage3_l_opt,l_opt_current_alpha,1.1035034890808364,1.1335034890808364,0.026788837785704872,0.05,False,False,True,True,0.024042725563049316,True,not_needed,,,,,0,False,8004,52908
17,2,0.3,0.0,uniform,0,trimmed,0.5,guarded,controlled,5,1,1,11,0.04258443840169536,custom,"{""bfgs"": 0.13892286502831877, ""custom"": 0.04482791178604578}",0.04051548335701227,0.04051548335701227,stage3_l_opt,l_opt_current_alpha,1.1035034890808364,1.1335034890808364,0.026788837785704872,0.05,False,False,True,True,0.024042725563049316,True,not_needed,,,,,0,False,8740,58488
17,2,0.3,0.0,uniform,0,trimmed,0.5,guarded,controlled,5,1,1,12,0.04258443840169536,custom,"{""bfgs"": 0.13892286502831877, ""custom"": 0.04482791178604578}",0.04051548335701227,0.04051548335701227,stage3_l_opt,l_opt_current_alpha,1.1035034890808364,1.1335034890808364,0.026788837785704872,0.05,False,False,True,True,0.024042725563049316,True,not_needed,,,,,0,False,9476,64068
17,2,0.3,0.0,uniform,0,trimmed,0.5,guarded,controlled,5,1,1,13,0.04258443840169536,custom,"{""bfgs"": 0.13892286502831877, ""custom"": 0.04482791178604578}",0.04051548335701227,0.04051548335701227,stage3_l_opt,l_opt_current_alpha,1.1035034890808364,1.1335034890808364,0.026788837785704872,0.05,False,False,True,True,0.024042725563049316,True,not_needed,,,,,0,False,10212,69648
17,2,0.3,0.0,uniform,0,trimmed,0.5,guarded,controlled,5,1,1,14,0.04258443840169536,custom,"{""bfgs"": 0.13892286502831877, ""custom"": 0.04482791178604578}",0.04051548335701227,0.04051548335701227,stage3_l_opt,l_opt_current_alpha,1.1035034890808364,1.1335034890808364,0.026788837785704872,0.05,False,False,True,True,0.024042725563049316,True,not_needed,,,,,0,False,10948,75228
17,2,0.3,0.0,uniform,0,trimmed,0.5,guarded,controlled,5,1,1,15,0.04258443840169536,custom,"{""bfgs"": 0.13892286502831877, ""custom"": 0.04482791178604578}",0.04051548335701227,0.04051548335701227,stage3_l_opt,l_opt_current_alpha,1.1035034890808364,1.1335034890808364,0.026788837785704872,0.05,False,False,True,True,0.024042725563049316,True,not_needed,,,,,0,False,11684,80808
17,2,0.3,0.0,uniform,0,trimmed,0.5,guarded,controlled,5,1,1,16,0.04258443840169536,custom,"{""bfgs"": 0.13892286502831877, ""custom"": 0.04482791178604578}",0.04051548335701227,0.04051548335701227,stage3_l_opt,l_opt_current_alpha,1.1035034890808364,1.1335034890808364,0.026788837785704872,0.05,False,False,True,True,0.024042725563049316,True,not_needed,,,,,0,False,12420,86388
17,2,0.3,0.0,uniform,0,trimmed,0.5,guarded,controlled,5,1,1,17,0.04258443840169536,custom,"{""bfgs"": 0.13892286502831877, ""custom"": 0.04482791178604578}",0.04051548335701227,0.04051548335701227,stage3_l_opt,l_opt_current_alpha,1.1035034890808364,1.1335034890808364,0.026788837785704872,0.05,False,False,True,True,0.024042725563049316,True,not_needed,,,,,0,False,13156,91968
17,2,0.3,0.0,uniform,0,trimmed,0.5,guarded,controlled,5,1,1,18,0.04258443840169536,custom,"{""bfgs"": 0.13892286502831877, ""custom"": 0.04482791178604578}",0.04051548335701227,0.04051548335701227,stage3_l_opt,l_opt_current_alpha,1.1035034890808364,1.1335034890808364,0.026788837785704872,0.05,False,False,True,True,0.024042725563049316,True,not_needed,,,,,0,False,13892,97548
17,2,0.3,0.0,uniform,0,trimmed,0.5,guarded,controlled,5,1,1,19,0.04258443840169536,custom,"{""bfgs"": 0.13892286502831877, ""custom"": 0.04482791178604578}",0.04051548335701227,0.04051548335701227,stage3_l_opt,l_opt_current_alpha,1.1035034890808364,1.1335034890808364,0.026788837785704872,0.05,False,False,True,True,0.024042725563049316,True,not_needed,,,,,0,False,14628,103128
17,2,0.3,0.0,stage0,0,trimmed,0.5,guarded,controlled,5,1,0,0,0.04160014688853769,custom,"{""bfgs"": 0.028273642170821324, ""custom"": 0.02476484630292756}",0.016775454084078472,0.016775454084078472,stage3_l_opt,l_opt_current_alpha,0.6084143203415082,0.6125654062975712,0.3042071601707541,0.5,False,True,True,False,,True,not_needed,,,,,0,False,790,6545
17,2,0.3,0.0,stage0,0,trimmed,0.5,guarded,controlled,5,1,0,1,0.034942707343563306,custom,"{""bfgs"": 0.06335096011139145, ""custom"": 0.026356866377275544}",0.02379848559697469,0.02379848559697469,stage3_l_opt,l_opt_current_alpha,1.2631908002400594,1.2930188221132177,0.15210358008537708,0.25,False,False,True,True,0.007023031512896218,True,not_needed,,,,,0,False,2675,13215
17,2,0.3,0.0,stage0,0,trimmed,0.5,guarded,controlled,5,1,0,2,0.01871050621305255,bfgs,"{""bfgs"": 0.022295067263655974, ""custom"": 0.02493068258189729}",0.02620042860507965,0.02620042860507965,stage3_l_opt,l_opt_current_alpha,1.8795079105047785,1.9115079105047785,0.07605179004268856,0.125,False,False,True,True,0.009424974521001179,True,not_needed,,,,,0,False,4890,18595
17,2,0.3,0.0,stage0,0,trimmed,0.5,guarded,controlled,5,1,0,3,0.01760830567516107,custom,"{""bfgs"": 0.013795719689166739, ""custom"": 0.012027182170057762}",0.019369911247243483,0.019369911247243483,stage3_l_opt,l_opt_current_alpha,0.9148770401209081,0.925454830750757,0.038025895021344305,0.0625,False,False,True,True,0.0025944571631650107,True,recovered_informative,4,0.0201189233619102,0.015083477638785736,0.005035445723124464,1,True,8460,33655
17,2,0.3,0.0,stage0,0,trimmed,0.5,guarded,controlled,5,1,0,4,0.03944032443779938,custom,"{""bfgs"": 0.09974986825480915, ""custom"": 0.02433605862084805}",0.017249661187330883,0.017249661187330883,stage3_l_opt,l_opt_current_alpha,0.5530066981035098,0.5568030549327024,0.03042071601707537,0.05,False,False,True,True,0.0004742071032524109,True,not_needed,,,,,0,False,10325,38885
17,2,0.3,0.0,stage0,0,trimmed,0.5,guarded,controlled,5,1,0,5,0.03977105529604211,custom,"{""bfgs"": 0.09872375435693785, ""custom"": 0.024367186395521278}",0.01673414558172226,0.01673414558172226,stage3_l_opt,l_opt_current_alpha,0.635898637902842,0.6372386298836976,0.031794931895142126,0.05,True,True,True,False,-4.13085023562125e-05,True,not_needed,,,,,0,False,10985,44865
17,2,0.3,0.0,stage0,0,trimmed,0.5,guarded,controlled,5,1,0,6,0.04053773738283295,custom,"{""bfgs"": 0.039596530133261455, ""custom"": 0.02502160709325862}",0.015374777217706045,0.015374777217706045,stage3_l_opt,l_opt_current_alpha,1.1575127563646763,1.1736525247668863,0.05787563781823369,0.05,True,True,True,False,-0.0013593683640162144,True,not_needed,,,,,0,False,11675,51060
17,2,0.3,0.0,stage0,0,trimmed,0.5,guarded,controlled,5,1,0,7,0.03191472047125346,bfgs,"{""bfgs"": 0.023524911247884337, ""custom"": 0.024792534056094058}",0.03497712935010592,0.03497712935010592,stage3_l_opt,l_opt_current_alpha,,,0.0,0.05,False,False,False,True,0.019602352132399872,False,audited_uninformative,1,0.023524911247884337,0.02478716256759874,-0.0012622513197144032,0,False,14735,58070
17,2,0.3,0.0,stage0,0,trimmed,0.5,guarded,controlled,5,1,1,0,0.022865942305177148,bfgs,"{""bfgs"": 0.004689585072680078, ""custom"": 0.004692331135608937}",0.07389875396620482,0.07389875396620482,stage3_l_opt,l_opt_current_alpha,1.33326077630731,1.3533294618090983,0.666630388153655,0.5,False,True,True,False,,True,recovered_informative,2,0.006026073705577228,0.004692331135608937,0.0013337425699682902,1,True,2012,5464
17,2,0.3,0.0,stage0,0,trimmed,0.5,guarded,controlled,5,1,1,1,0.021090560268546832,bfgs,"{""bfgs"": 0.0074812311876074535, ""custom"": 0.009149165342380597}",0.07764921232592314,0.07764921232592314,stage3_l_opt,l_opt_current_alpha,0.6666303881536552,0.6916647309045492,0.3333151940768275,0.25,False,False,True,True,0.0037504583597183228,True,not_needed,,,,,0,False,2472,7688
17,2,0.3,0.0,stage0,0,trimmed,0.5,guarded,controlled,5,1,1,2,0.014196329344532077,custom,"{""bfgs"": 0.03594718129378942, ""custom"": 0.013389529324879445}",0.03326327248942107,0.03326327248942107,stage3_l_opt,l_opt_current_alpha,0.6483093034873717,0.6608608176137127,0.1620773258718429,0.25,True,True,True,False,-0.04063548147678375,True,not_needed,,,,,0,False,3596,8976
17,2,0.3,0.0,stage0,0,trimmed,0.5,guarded,controlled,5,1,1,3,0.014360198393994661,custom,"{""bfgs"": 0.1497001115125297, ""custom"": 0.012336774936238654}",0.03258426033426076,0.03258426033426076,stage3_l_opt,l_opt_current_alpha,0.48623197761552883,0.5006456132102846,0.12155799440388212,0.25,True,True,True,False,-0.0006790121551603079,True,not_needed,,,,,0,False,5060,12420
17,2,0.3,0.0,stage0,0,trimmed,0.5,guarded,controlled,5,1,1,4,0.02455712082380661,bfgs,"{""bfgs"": 0.007188375757648592, ""custom"": 0.0113329277176418}",0.03654150560032576,0.03654150560032576,stage3_l_opt,l_opt_current_alpha,0.3646739832116466,0.3804842099077134,0.06077899720194116,0.125,False,False,True,True,0.0039572452660650015,True,not_needed,,,,,0,False,6796,15600
17,2,0.3,0.0,stage0,0,trimmed,0.5,guarded,controlled,5,1,1,5,0.01438424807210037,custom,"{""bfgs"": 0.10458460434247126, ""custom"": 0.011810355553940211}",0.03249680728185922,0.03249680728185922,stage3_l_opt,l_opt_current_alpha,0.42545298041358764,0.4405649115589989,0.05318162255169846,0.125,True,True,True,False,-8.745305240154266e-05,True,not_needed,,,,,0,False,7964,18280
17,2,0.3,0.0,stage0,0,trimmed,0.5,guarded,controlled,5,1,1,6,0.025690285177132663,bfgs,"{""bfgs"": 0.0074609276243972214, ""custom"": 0.01138872365059104}",0.06756319862324744,0.06756319862324744,stage3_l_opt,l_opt_current_alpha,0.374026039355256,0.38799429761412396,0.02659081127584933,0.0625,False,False,True,True,0.035066391341388226,True,not_needed,,,,,0,False,8604,21792
17,2,0.3,0.0,stage0,0,trimmed,0.5,guarded,controlled,5,1,1,7,0.024601073891558786,bfgs,"{""bfgs"": 0.0064714687639332025, ""custom"": 0.006471489358872927}",0.07543350371997803,0.07543350371997803,stage3_l_opt,l_opt_current_alpha,0.9624508926848319,0.9878683281336551,0.021272649020679366,0.05,False,False,True,True,0.042936696438118815,True,recovered_informative,4,0.009418552435869589,0.006471489358872927,0.0029470630769966623,1,True,10228,30680
17,2,0.3,0.0,stage0,0,trimmed,0.5,guarded,controlled,5,1,1,8,0.014394182208422535,custom,"{""bfgs"": 0.07841204327879644, ""custom"": 0.011644581117732328}",0.03245982818771154,0.03245982818771154,stage3_l_opt,l_opt_current_alpha,0.4036885327626931,0.41903483064409475,0.02018442663813462,0.05,True,True,True,False,-3.697909414768219e-05,True,not_needed,,,,,0,False,10572,33832
17,2,0.3,0.0,stage0,0,trimmed,0.5,guarded,controlled,5,1,1,9,0.02868999890768785,bfgs,"{""bfgs"": 0.009688879539832126, ""custom"": 0.011483521240138485}",0.08442852378357202,0.08442852378357202,stage3_l_opt,l_opt_current_alpha,0.9591561505231303,0.9847446683818639,0.02018442663813462,0.05,False,False,True,True,0.05196869559586048,True,not_needed,,,,,0,False,10996,37564
17,2,0.3,0.0,stage0,0,trimmed,0.5,guarded,controlled,5,1,1,10,0.02868999890768785,bfgs,"{""bfgs"": 0.009688879539832126, ""custom"": 0.011483521240138485}",0.08442852378357202,0.08442852378357202,stage3_l_opt,l_opt_current_alpha,0.9591561505231303,0.9847446683818639,0.02018442663813462,0.05,False,False,True,True,0.05196869559586048,True,not_needed,,,,,0,False,11420,41296
17,2,0.3,0.0,stage0,0,trimmed,0.5,guarded,controlled,5,1,1,11,0.02868999890768785,bfgs,"{""bfgs"": 0.009688879539832126, ""custom"": 0.011483521240138485}",0.08442852378357202,0.08442852378357202,stage3_l_opt,l_opt_current_alpha,0.9591561505231303,0.9847446683818639,0.02018442663813462,0.05,False,False,True,True,0.05196869559586048,True,not_needed,,,,,0,False,11844,45028
17,2,0.3,0.0,stage0,0,trimmed,0.5,guarded,controlled,5,1,1,12,0.02868999890768785,bfgs,"{""bfgs"": 0.009688879539832126, ""custom"": 0.011483521240138485}",0.08442852378357202,0.08442852378357202,stage3_l_opt,l_opt_current_alpha,0.9591561505231303,0.9847446683818639,0.02018442663813462,0.05,False,False,True,True,0.05196869559586048,True,not_needed,,,,,0,False,12268,48760
17,2,0.3,0.0,stage0,0,trimmed,0.5,guarded,controlled,5,1,1,13,0.02868999890768785,bfgs,"{""bfgs"": 0.009688879539832126, ""custom"": 0.011483521240138485}",0.08442852378357202,0.08442852378357202,stage3_l_opt,l_opt_current_alpha,0.9591561505231303,0.9847446683818639,0.02018442663813462,0.05,False,False,True,True,0.05196869559586048,True,not_needed,,,,,0,False,12692,52492
17,2,0.3,0.0,stage0,0,trimmed,0.5,guarded,controlled,5,1,1,14,0.02868999890768785,bfgs,"{""bfgs"": 0.009688879539832126, ""custom"": 0.011483521240138485}",0.08442852378357202,0.08442852378357202,stage3_l_opt,l_opt_current_alpha,0.9591561505231303,0.9847446683818639,0.02018442663813462,0.05,False,False,True,True,0.05196869559586048,True,not_needed,,,,,0,False,13116,56224
17,2,0.3,0.0,stage0,0,trimmed,0.5,guarded,controlled,5,1,1,15,0.02868999890768785,bfgs,"{""bfgs"": 0.009688879539832126, ""custom"": 0.011483521240138485}",0.08442852378357202,0.08442852378357202,stage3_l_opt,l_opt_current_alpha,0.9591561505231303,0.9847446683818639,0.02018442663813462,0.05,False,False,True,True,0.05196869559586048,True,not_needed,,,,,0,False,13540,59956
17,2,0.3,0.0,stage0,0,trimmed,0.5,guarded,controlled,5,1,1,16,0.02868999890768785,bfgs,"{""bfgs"": 0.009688879539832126, ""custom"": 0.011483521240138485}",0.08442852378357202,0.08442852378357202,stage3_l_opt,l_opt_current_alpha,0.9591561505231303,0.9847446683818639,0.02018442663813462,0.05,False,False,True,True,0.05196869559586048,True,not_needed,,,,,0,False,13964,63688
17,2,0.3,0.0,stage0,0,trimmed,0.5,guarded,controlled,5,1,1,17,0.02868999890768785,bfgs,"{""bfgs"": 0.009688879539832126, ""custom"": 0.011483521240138485}",0.08442852378357202,0.08442852378357202,stage3_l_opt,l_opt_current_alpha,0.9591561505231303,0.9847446683818639,0.02018442663813462,0.05,False,False,True,True,0.05196869559586048,True,not_needed,,,,,0,False,14388,67420
17,2,0.3,0.0,stage0,0,trimmed,0.5,guarded,controlled,5,1,1,18,0.02868999890768785,bfgs,"{""bfgs"": 0.009688879539832126, ""custom"": 0.011483521240138485}",0.08442852378357202,0.08442852378357202,stage3_l_opt,l_opt_current_alpha,0.9591561505231303,0.9847446683818639,0.02018442663813462,0.05,False,False,True,True,0.05196869559586048,True,not_needed,,,,,0,False,14812,71152
17,2,0.3,0.0,stage0,0,trimmed,0.5,guarded,controlled,5,1,1,19,0.02868999890768785,bfgs,"{""bfgs"": 0.009688879539832126, ""custom"": 0.011483521240138485}",0.08442852378357202,0.08442852378357202,stage3_l_opt,l_opt_current_alpha,0.9591561505231303,0.9847446683818639,0.02018442663813462,0.05,False,False,True,True,0.05196869559586048,True,not_needed,,,,,0,False,15236,74884
17,2,0.3,0.0,stage0,0,trimmed,0.5,guarded,controlled,5,1,2,0,0.022002041985824727,bfgs,"{""bfgs"": 0.006015316184126961, ""custom"": 0.006015316184126961}",0.007182922214269638,0.007182922214269638,stage3_l_opt,l_opt_current_alpha,1.098870743636028,1.1255369989906796,0.549435371818014,0.5,False,True,True,False,,True,recovered_informative,2,0.013632728387398683,0.006015316184126961,0.007617412203271722,1,True,969,2184
17,2,0.3,0.0,stage0,0,trimmed,0.5,guarded,controlled,5,1,2,1,0.022002118490802636,bfgs,"{""bfgs"": 0.003079546364305828, ""custom"": 0.0030796241771746096}",0.007182929664850235,0.007182929664850235,stage3_l_opt,l_opt_current_alpha,0.5494432624925624,0.5761096788813883,0.2747216312462812,0.5,True,True,True,False,7.450580596923828e-09,True,recovered_informative,2,0.008757263565911642,0.0030796241771746096,0.005677639388737032,1,True,1932,4350
17,2,0.3,0.0,stage0,0,trimmed,0.5,guarded,controlled,5,1,2,2,0.022002085599554327,bfgs,"{""bfgs"": 0.0016116525548019725, ""custom"": 0.0016117283436436947}",0.007182944566011429,0.007182944566011429,stage3_l_opt,l_opt_current_alpha,0.27472670196081184,0.3013932218336079,0.13736335098040595,0.5,True,True,True,False,1.4901161193847656e-08,True,recovered_informative,2,0.0045744475020379136,0.0016117283436436947,0.0029627191583942187,1,True,2790,6768
17,2,0.3,0.0,stage0,0,trimmed,0.5,guarded,controlled,5,1,2,3,0.02200204273997111,bfgs,"{""bfgs"": 0.0008776830083954323, ""custom"": 0.0008776830083954323}",0.007182922214269638,0.007182922214269638,stage3_l_opt,l_opt_current_alpha,0.13736038962782857,0.16402684906485754,0.06868019481391423,0.5,True,True,True,False,-2.2351741790771484e-08,True,recovered_informative,2,0.002482125275081133,0.0008776830083954323,0.0016044422666857008,1,True,3186,8772
17,2,0.3,0.0,stage0,0,trimmed,0.5,guarded,controlled,5,1,2,4,0.02200204273997111,bfgs,"{""bfgs"": 0.0005107086652790956, ""custom"": 0.0005107086652790956}",0.007182922214269638,0.007182922214269638,stage3_l_opt,l_opt_current_alpha,0.06868019481391434,0.09534665425094332,0.03434009740695717,0.5,True,True,True,False,0.0,True,recovered_informative,2,0.0014331980954572121,0.0005107086652790956,0.0009224894301781165,1,True,4089,11154
17,2,0.3,0.0,stage0,0,trimmed,0.5,guarded,controlled,5,1,2,5,0.02200204273997111,bfgs,"{""bfgs"": 0.00032722149372092725, ""custom"": 0.00032722149372092725}",0.007182922214269638,0.007182922214269638,stage3_l_opt,l_opt_current_alpha,0.03434009740695717,0.061006556843986155,0.01717004870347853,0.5,True,True,True,False,0.0,True,recovered_informative,2,0.0009040893952761443,0.00032722149372092725,0.0005768679015552171,1,True,4800,13866
17,2,0.3,0.0,stage0,0,trimmed,0.5,guarded,controlled,5,1,2,6,0.02200204273997111,bfgs,"{""bfgs"": 0.00023547790794184307, ""custom"": 0.00023547790794184307}",0.007182922214269638,0.007182922214269638,stage3_l_opt,l_opt_current_alpha,0.01717004870347864,0.04383650814050763,0.00858502435173932,0.5,True,True,True,False,0.0,True,recovered_informative,2,0.0006376726093413854,0.00023547790794184307,0.0004021947013995424,1,True,5607,15930
17,2,0.3,0.0,stage0,0,trimmed,0.5,guarded,controlled,5,1,2,7,0.02200204273997111,bfgs,"{""bfgs"": 0.00018960611505230098, ""custom"": 0.00018960611505230098}",0.007182922214269638,0.007182922214269638,stage3_l_opt,l_opt_current_alpha,0.00858502456654484,0.035251484007957634,0.0042925122832724195,0.5,True,True,True,False,0.0,True,recovered_informative,2,0.0005085759244045422,0.00018960611505230098,0.00031896980935224126,1,True,6522,18558
17,2,0.3,0.0,stage0,0,trimmed,0.5,guarded,controlled,5,1,2,8,0.02200204273997111,bfgs,"{""bfgs"": 0.00016667021799803434, ""custom"": 0.00016667021799803434}",0.007182922214269638,0.007182922214269638,stage3_l_opt,l_opt_current_alpha,0.004292512283272421,0.030958971724685213,0.002146256141636266,0.5,True,True,True,False,0.0,True,recovered_informative,2,0.00044297466253226457,0.00016667021799803434,0.00027630444453423023,1,True,7191,20682
17,2,0.3,0.0,stage0,0,trimmed,0.5,guarded,controlled,5,1,2,9,0.02200204273997111,bfgs,"{""bfgs"": 0.000155202269470901, ""custom"": 0.000155202269470901}",0.007182922214269638,0.007182922214269638,stage3_l_opt,l_opt_current_alpha,0.002146256141636155,0.02881271558304895,0.0010731280708180767,0.5,True,True,True,False,0.0,True,recovered_informative,2,0.00041317439066530196,0.000155202269470901,0.00025797212119440095,1,True,7896,22812
17,2,0.3,0.0,stage0,0,trimmed,0.5,guarded,controlled,5,1,2,10,0.02200204273997111,bfgs,"{""bfgs"": 0.0001494682952073343, ""custom"": 0.0001494682952073343}",0.007182922214269638,0.007182922214269638,stage3_l_opt,l_opt_current_alpha,0.0010731280708180784,0.027739587512230872,0.0005365640354088753,0.5,True,True,True,False,0.0,True,recovered_informative,2,0.00039820870870603054,0.0001494682952073343,0.00024874041349869623,1,True,8637,24786
17,2,0.3,0.0,stage0,0,trimmed,0.5,guarded,controlled,5,1,2,11,0.02200204273997111,bfgs,"{""bfgs"": 0.00014660130807555097, ""custom"": 0.00014660130807555097}",0.007182922214269638,0.007182922214269638,stage3_l_opt,l_opt_current_alpha,0.0005365640354092031,0.027203023476821995,0.0,0.5,True,True,False,False,0.0,True,recovered_informative,2,0.000390813996479237,0.00014660130807555097,0.00024421268840368605,1,True,9837,27606
18,2,0.3,0.0,uniform,0,trimmed,0.5,guarded,controlled,5,1,0,0,0.021326765182045463,custom,"{""bfgs"": 0.11921324692666531, ""custom"": 0.02263365127146244}",0.008691210920612017,0.008691210920612017,stage3_l_opt,l_opt_current_alpha,0.865089689114702,0.8827445807292876,0.432544844557351,0.5,False,True,True,False,,True,not_needed,,,,,0,False,810,8155
18,2,0.3,0.0,uniform,0,trimmed,0.5,guarded,controlled,5,1,0,1,0.014539455455569332,custom,"{""bfgs"": 0.10430548644502823, ""custom"": 0.01628971053771936}",0.018357204273343086,0.018357204273343086,stage3_l_opt,l_opt_current_alpha,1.469958390604461,1.496184941169369,0.21627242227867552,0.25,False,False,True,True,0.00966599335273107,True,not_needed,,,,,0,False,1505,16615
18,2,0.3,0.0,uniform,0,trimmed,0.5,guarded,controlled,5,1,0,2,0.011564726165989393,custom,"{""bfgs"": 0.11175936668584677, ""custom"": 0.019029014426331967}",0.011322595799962679,0.011322595799962679,stage3_l_opt,l_opt_current_alpha,0.8603437000901615,0.8823154576895254,0.10813621113933772,0.125,False,False,True,True,0.0026313848793506622,True,not_needed,,,,,0,False,1750,25245
18,2,0.3,0.0,uniform,0,trimmed,0.5,guarded,controlled,5,1,0,3,0.009968561415562408,custom,"{""bfgs"": 0.11548630680625604, ""custom"": 0.02003501711784235}",0.011589278156558672,0.011589278156558672,stage3_l_opt,l_opt_current_alpha,1.0678637888606621,1.0918637888606622,0.05406810556966887,0.0625,False,False,True,True,0.0028980672359466553,True,not_needed,,,,,0,False,2350,35540
18,2,0.3,0.0,uniform,0,trimmed,0.5,guarded,controlled,5,1,0,4,0.009765426330801042,custom,"{""bfgs"": 0.11734977686646067, ""custom"": 0.02069781093056372}",0.01162690855562687,0.01162690855562687,stage3_l_opt,l_opt_current_alpha,1.0783441909355653,1.1012051240161482,0.043254484455735126,0.05,False,False,True,True,0.0029356976350148525,True,not_needed,,,,,0,False,2855,45725
18,2,0.3,0.0,uniform,0,trimmed,0.5,guarded,controlled,5,1,0,5,0.009753523556750375,custom,"{""bfgs"": 0.11772247087850161, ""custom"": 0.020842752565292014}",0.011629404500126839,0.011629404500126839,stage3_l_opt,l_opt_current_alpha,1.1834972652113134,1.2083333976444095,0.043254484455735126,0.05,False,False,True,True,0.002938193579514822,True,not_needed,,,,,0,False,3155,54660
18,2,0.3,0.0,uniform,0,trimmed,0.5,guarded,controlled,5,1,0,6,0.009753523556750375,custom,"{""bfgs"": 0.11772247087850161, ""custom"": 0.020842752565292014}",0.011629404500126839,0.011629404500126839,stage3_l_opt,l_opt_current_alpha,1.1834972652113134,1.2083333976444095,0.043254484455735126,0.05,False,False,True,True,0.002938193579514822,True,not_needed,,,,,0,False,3455,63595
18,2,0.3,0.0,uniform,0,trimmed,0.5,guarded,controlled,5,1,0,7,0.009753523556750375,custom,"{""bfgs"": 0.11772247087850161, ""custom"": 0.020842752565292014}",0.011629404500126839,0.011629404500126839,stage3_l_opt,l_opt_current_alpha,1.1834972652113134,1.2083333976444095,0.043254484455735126,0.05,False,False,True,True,0.002938193579514822,True,not_needed,,,,,0,False,3755,72530
18,2,0.3,0.0,uniform,0,trimmed,0.5,guarded,controlled,5,1,0,8,0.009753523556750375,custom,"{""bfgs"": 0.11772247087850161, ""custom"": 0.020842752565292014}",0.011629404500126839,0.011629404500126839,stage3_l_opt,l_opt_current_alpha,1.1834972652113134,1.2083333976444095,0.043254484455735126,0.05,False,False,True,True,0.002938193579514822,True,not_needed,,,,,0,False,4055,81465
18,2,0.3,0.0,uniform,0,trimmed,0.5,guarded,controlled,5,1,0,9,0.009753523556750375,custom,"{""bfgs"": 0.11772247087850161, ""custom"": 0.020842752565292014}",0.011629404500126839,0.011629404500126839,stage3_l_opt,l_opt_current_alpha,1.1834972652113134,1.2083333976444095,0.043254484455735126,0.05,False,False,True,True,0.002938193579514822,True,not_needed,,,,,0,False,4355,90400
18,2,0.3,0.0,uniform,0,trimmed,0.5,guarded,controlled,5,1,0,10,0.009753523556750375,custom,"{""bfgs"": 0.11772247087850161, ""custom"": 0.020842752565292014}",0.011629404500126839,0.011629404500126839,stage3_l_opt,l_opt_current_alpha,1.1834972652113134,1.2083333976444095,0.043254484455735126,0.05,False,False,True,True,0.002938193579514822,True,not_needed,,,,,0,False,4655,99335
18,2,0.3,0.0,uniform,0,trimmed,0.5,guarded,controlled,5,1,0,11,0.009753523556750375,custom,"{""bfgs"": 0.11772247087850161, ""custom"": 0.020842752565292014}",0.011629404500126839,0.011629404500126839,stage3_l_opt,l_opt_current_alpha,1.1834972652113134,1.2083333976444095,0.043254484455735126,0.05,False,False,True,True,0.002938193579514822,True,not_needed,,,,,0,False,4955,108270
18,2,0.3,0.0,uniform,0,trimmed,0.5,guarded,controlled,5,1,0,12,0.009753523556750375,custom,"{""bfgs"": 0.11772247087850161, ""custom"": 0.020842752565292014}",0.011629404500126839,0.011629404500126839,stage3_l_opt,l_opt_current_alpha,1.1834972652113134,1.2083333976444095,0.043254484455735126,0.05,False,False,True,True,0.002938193579514822,True,not_needed,,,,,0,False,5255,117205
18,2,0.3,0.0,uniform,0,trimmed,0.5,guarded,controlled,5,1,0,13,0.009753523556750375,custom,"{""bfgs"": 0.11772247087850161, ""custom"": 0.020842752565292014}",0.011629404500126839,0.011629404500126839,stage3_l_opt,l_opt_current_alpha,1.1834972652113134,1.2083333976444095,0.043254484455735126,0.05,False,False,True,True,0.002938193579514822,True,not_needed,,,,,0,False,5555,126140
18,2,0.3,0.0,uniform,0,trimmed,0.5,guarded,controlled,5,1,0,14,0.009753523556750375,custom,"{""bfgs"": 0.11772247087850161, ""custom"": 0.020842752565292014}",0.011629404500126839,0.011629404500126839,stage3_l_opt,l_opt_current_alpha,1.1834972652113134,1.2083333976444095,0.043254484455735126,0.05,False,False,True,True,0.002938193579514822,True,not_needed,,,,,0,False,5855,135075
18,2,0.3,0.0,uniform,0,trimmed,0.5,guarded,controlled,5,1,0,15,0.009753523556750375,custom,"{""bfgs"": 0.11772247087850161, ""custom"": 0.020842752565292014}",0.011629404500126839,0.011629404500126839,stage3_l_opt,l_opt_current_alpha,1.1834972652113134,1.2083333976444095,0.043254484455735126,0.05,False,False,True,True,0.002938193579514822,True,not_needed,,,,,0,False,6155,144010
18,2,0.3,0.0,uniform,0,trimmed,0.5,guarded,controlled,5,1,0,16,0.009753523556750375,custom,"{""bfgs"": 0.11772247087850161, ""custom"": 0.020842752565292014}",0.011629404500126839,0.011629404500126839,stage3_l_opt,l_opt_current_alpha,1.1834972652113134,1.2083333976444095,0.043254484455735126,0.05,False,False,True,True,0.002938193579514822,True,not_needed,,,,,0,False,6455,152945
18,2,0.3,0.0,uniform,0,trimmed,0.5,guarded,controlled,5,1,0,17,0.009753523556750375,custom,"{""bfgs"": 0.11772247087850161, ""custom"": 0.020842752565292014}",0.011629404500126839,0.011629404500126839,stage3_l_opt,l_opt_current_alpha,1.1834972652113134,1.2083333976444095,0.043254484455735126,0.05,False,False,True,True,0.002938193579514822,True,not_needed,,,,,0,False,6755,161880
18,2,0.3,0.0,uniform,0,trimmed,0.5,guarded,controlled,5,1,0,18,0.009753523556750375,custom,"{""bfgs"": 0.11772247087850161, ""custom"": 0.020842752565292014}",0.011629404500126839,0.011629404500126839,stage3_l_opt,l_opt_current_alpha,1.1834972652113134,1.2083333976444095,0.043254484455735126,0.05,False,False,True,True,0.002938193579514822,True,not_needed,,,,,0,False,7055,170815
18,2,0.3,0.0,uniform,0,trimmed,0.5,guarded,controlled,5,1,0,19,0.009753523556750375,custom,"{""bfgs"": 0.11772247087850161, ""custom"": 0.020842752565292014}",0.011629404500126839,0.011629404500126839,stage3_l_opt,l_opt_current_alpha,1.1834972652113134,1.2083333976444095,0.043254484455735126,0.05,False,False,True,True,0.002938193579514822,True,not_needed,,,,,0,False,7355,179750
18,2,0.3,0.0,stage0,0,trimmed,0.5,guarded,controlled,5,1,0,0,0.021306895305110023,custom,"{""bfgs"": 0.07758680023654875, ""custom"": 0.01864505739524681}",0.02328208399315675,0.02328208399315675,stage3_l_opt,l_opt_current_alpha,1.013575534551774,1.0245910434317618,0.5067877672758871,0.5,False,True,True,False,,True,not_needed,,,,,0,False,725,5610
18,2,0.3,0.0,stage0,0,trimmed,0.5,guarded,controlled,5,1,0,1,0.009778920681790959,custom,"{""bfgs"": 0.11006738206557166, ""custom"": 0.027305966430813705}",0.011624715601404509,0.011624715601404509,stage3_l_opt,l_opt_current_alpha,1.290058141574391,1.3078453502845961,0.6450290707871955,0.5,True,True,True,False,-0.011657368391752241,True,not_needed,,,,,0,False,1230,14135
18,2,0.3,0.0,stage0,0,trimmed,0.5,guarded,controlled,5,1,0,2,0.01016883434868793,custom,"{""bfgs"": 0.0939917348340455, ""custom"": 0.021486469416230128}",0.011556547755996386,0.011556547755996386,stage3_l_opt,l_opt_current_alpha,0.7068575590996206,0.7167260699082196,0.35342877954981033,0.5,True,True,True,False,-6.81678454081229e-05,True,not_needed,,,,,0,False,1850,23820
18,2,0.3,0.0,stage0,0,trimmed,0.5,guarded,controlled,5,1,0,3,0.009733376967873672,custom,"{""bfgs"": 0.11542661340036704, ""custom"": 0.02451730123738702}",0.011634040003021559,0.011634040003021559,stage3_l_opt,l_opt_current_alpha,1.08433595829736,1.1053293908739423,0.54216797914868,0.5,True,True,True,False,7.749224702517307e-05,True,not_needed,,,,,0,False,2310,31005
18,2,0.3,0.0,stage0,0,trimmed,0.5,guarded,controlled,5,1,0,4,0.015502390790356528,custom,"{""bfgs"": 0.09828149431558687, ""custom"": 0.01858939789545365}",0.01639159085849921,0.01639159085849921,stage3_l_opt,l_opt_current_alpha,1.5923580642544548,1.616358064254455,0.27108398957434,0.25,False,False,True,True,0.0047575508554776515,True,not_needed,,,,,0,False,2815,38485
18,2,0.3,0.0,stage0,0,trimmed,0.5,guarded,controlled,5,1,0,5,0.01639739449554039,custom,"{""bfgs"": 0.10685405385797697, ""custom"": 0.023149047291433227}",0.010164406771461168,0.010164406771461168,stage3_l_opt,l_opt_current_alpha,0.5201860981454466,0.5286138667229477,0.13004652453636165,0.25,True,True,True,False,-0.0014696332315603904,True,not_needed,,,,,0,False,3490,47255
18,2,0.3,0.0,stage0,0,trimmed,0.5,guarded,controlled,5,1,0,6,0.021506287022070497,custom,"{""bfgs"": 0.1175055072707688, ""custom"": 0.01986682355530385}",0.008810012911756834,0.008810012911756834,stage3_l_opt,l_opt_current_alpha,0.11661709363425043,0.12010191544482973,0.029154273408562664,0.25,True,True,True,False,-0.0013543938597043344,True,not_needed,,,,,0,False,3835,56710
18,2,0.3,0.0,stage0,0,trimmed,0.5,guarded,controlled,5,1,0,7,0.010239703931826442,custom,"{""bfgs"": 0.115801896139325, ""custom"": 0.01794693198462948}",0.011538035546739897,0.011538035546739897,stage3_l_opt,l_opt_current_alpha,0.9210902353817112,0.9450902353817112,0.014577136704281374,0.125,False,False,True,True,0.0027280226349830627,True,not_needed,,,,,0,False,4335,67225
18,2,0.3,0.0,stage0,0,trimmed,0.5,guarded,controlled,5,1,0,8,0.010129922885301403,custom,"{""bfgs"": 0.1166537017050469, ""custom"": 0.01799179547806133}",0.01155791866282622,0.01155791866282622,stage3_l_opt,l_opt_current_alpha,0.9344403171338349,0.9584403171338349,0.007288568352140673,0.0625,False,False,True,True,0.0027479057510693856,True,not_needed,,,,,0,False,4860,78145
18,2,0.3,0.0,stage0,0,trimmed,0.5,guarded,controlled,5,1,0,9,0.010050601505925214,custom,"{""bfgs"": 0.11707960448790784, ""custom"": 0.01800457641158825}",0.011572577680150667,0.011572577680150667,stage3_l_opt,l_opt_current_alpha,0.8882359817625192,0.9111568108186952,0.005830854681712544,0.05,False,False,True,True,0.0027625647683938333,True,not_needed,,,,,0,False,5405,88690
18,2,0.3,0.0,stage0,0,trimmed,0.5,guarded,controlled,5,1,0,10,0.010040748821911244,custom,"{""bfgs"": 0.11716478504448002, ""custom"": 0.0180125418579501}",0.01157501277824243,0.01157501277824243,stage3_l_opt,l_opt_current_alpha,0.9060215762960275,0.9292781316044136,0.005830854681712544,0.05,False,False,True,True,0.0027649998664855957,True,not_needed,,,,,0,False,5880,97670
18,2,0.3,0.0,stage0,0,trimmed,0.5,guarded,controlled,5,1,0,11,0.010040748821911244,custom,"{""bfgs"": 0.11716478504448002, ""custom"": 0.0180125418579501}",0.01157501277824243,0.01157501277824243,stage3_l_opt,l_opt_current_alpha,0.9060215762960275,0.9292781316044136,0.005830854681712544,0.05,False,False,True,True,0.0027649998664855957,True,not_needed,,,,,0,False,6355,106650
18,2,0.3,0.0,stage0,0,trimmed,0.5,guarded,controlled,5,1,0,12,0.010040748821911244,custom,"{""bfgs"": 0.11716478504448002, ""custom"": 0.0180125418579501}",0.01157501277824243,0.01157501277824243,stage3_l_opt,l_opt_current_alpha,0.9060215762960275,0.9292781316044136,0.005830854681712544,0.05,False,False,True,True,0.0027649998664855957,True,not_needed,,,,,0,False,6830,115630
18,2,0.3,0.0,stage0,0,trimmed,0.5,guarded,controlled,5,1,0,13,0.010040748821911244,custom,"{""bfgs"": 0.11716478504448002, ""custom"": 0.0180125418579501}",0.01157501277824243,0.01157501277824243,stage3_l_opt,l_opt_current_alpha,0.9060215762960275,0.9292781316044136,0.005830854681712544,0.05,False,False,True,True,0.0027649998664855957,True,not_needed,,,,,0,False,7305,124610
18,2,0.3,0.0,stage0,0,trimmed,0.5,guarded,controlled,5,1,0,14,0.010040748821911244,custom,"{""bfgs"": 0.11716478504448002, ""custom"": 0.0180125418579501}",0.01157501277824243,0.01157501277824243,stage3_l_opt,l_opt_current_alpha,0.9060215762960275,0.9292781316044136,0.005830854681712544,0.05,False,False,True,True,0.0027649998664855957,True,not_needed,,,,,0,False,7780,133590
18,2,0.3,0.0,stage0,0,trimmed,0.5,guarded,controlled,5,1,0,15,0.010040748821911244,custom,"{""bfgs"": 0.11716478504448002, ""custom"": 0.0180125418579501}",0.01157501277824243,0.01157501277824243,stage3_l_opt,l_opt_current_alpha,0.9060215762960275,0.9292781316044136,0.005830854681712544,0.05,False,False,True,True,0.0027649998664855957,True,not_needed,,,,,0,False,8255,142570
18,2,0.3,0.0,stage0,0,trimmed,0.5,guarded,controlled,5,1,0,16,0.010040748821911244,custom,"{""bfgs"": 0.11716478504448002, ""custom"": 0.0180125418579501}",0.01157501277824243,0.01157501277824243,stage3_l_opt,l_opt_current_alpha,0.9060215762960275,0.9292781316044136,0.005830854681712544,0.05,False,False,True,True,0.0027649998664855957,True,not_needed,,,,,0,False,8730,151550
18,2,0.3,0.0,stage0,0,trimmed,0.5,guarded,controlled,5,1,0,17,0.010040748821911244,custom,"{""bfgs"": 0.11716478504448002, ""custom"": 0.0180125418579501}",0.01157501277824243,0.01157501277824243,stage3_l_opt,l_opt_current_alpha,0.9060215762960275,0.9292781316044136,0.005830854681712544,0.05,False,False,True,True,0.0027649998664855957,True,not_needed,,,,,0,False,9205,160530
18,2,0.3,0.0,stage0,0,trimmed,0.5,guarded,controlled,5,1,0,18,0.010040748821911244,custom,"{""bfgs"": 0.11716478504448002, ""custom"": 0.0180125418579501}",0.01157501277824243,0.01157501277824243,stage3_l_opt,l_opt_current_alpha,0.9060215762960275,0.9292781316044136,0.005830854681712544,0.05,False,False,True,True,0.0027649998664855957,True,not_needed,,,,,0,False,9680,169510
18,2,0.3,0.0,stage0,0,trimmed,0.5,guarded,controlled,5,1,0,19,0.010040748821911244,custom,"{""bfgs"": 0.11716478504448002, ""custom"": 0.0180125418579501}",0.01157501277824243,0.01157501277824243,stage3_l_opt,l_opt_current_alpha,0.9060215762960275,0.9292781316044136,0.005830854681712544,0.05,False,False,True,True,0.0027649998664855957,True,not_needed,,,,,0,False,10155,178490
19,2,0.3,0.0,uniform,0,trimmed,0.5,guarded,controlled,5,1,0,0,0.03953888047085097,custom,"{""bfgs"": 0.40347443222999574, ""custom"": 0.03506588190793991}",0.024833256999651592,0.024833256999651592,stage3_l_opt,l_opt_current_alpha,0.7039797539566739,0.7183466877108919,0.35198987697833706,0.5,False,True,True,False,,True,not_needed,,,,,0,False,2230,6195
19,2,0.3,0.0,uniform,0,trimmed,0.5,guarded,controlled,5,1,0,1,0.0025824033299201624,bfgs,"{""bfgs"": 0.03482712971931923, ""custom"": 0.03482712971931923}",0.02602890009681384,0.02602890009681384,stage3_l_opt,l_opt_current_alpha,1.0013700021308305,1.0154612415870532,0.17599493848916847,0.25,False,False,True,True,0.0011956430971622467,True,recovered_informative,4,0.04590325402662264,0.03482712971931923,0.011076124307303412,1,True,5220,17735
19,2,0.3,0.0,uniform,0,trimmed,0.5,guarded,controlled,5,1,0,2,0.040966606549933504,custom,"{""bfgs"": 0.38673926860154834, ""custom"": 0.04207949327933762}",0.023987303177515667,0.023987303177515667,stage3_l_opt,l_opt_current_alpha,0.5746403330628959,0.5869936858098258,0.14366008326572396,0.25,True,True,True,False,-0.0008459538221359253,True,not_needed,,,,,0,False,8060,24145
19,2,0.3,0.0,uniform,0,trimmed,0.5,guarded,controlled,5,1,0,3,0.03718428959238107,custom,"{""bfgs"": 0.41804383205616563, ""custom"": 0.04067725531922986}",0.02622942626476288,0.02622942626476288,stage3_l_opt,l_opt_current_alpha,0.3299899921352566,0.33316664432572335,0.071830041632862,0.125,False,False,True,True,0.0022421230872472116,True,not_needed,,,,,0,False,9730,29425
19,2,0.3,0.0,uniform,0,trimmed,0.5,guarded,controlled,5,1,0,4,0.0415242945597703,custom,"{""bfgs"": 0.40239155032885704, ""custom"": 0.04153396883222058}",0.02365528295437495,0.02365528295437495,stage3_l_opt,l_opt_current_alpha,0.1840567386423687,0.18651079444023336,0.023007092330296047,0.125,True,True,True,False,-0.00033202022314071655,True,not_needed,,,,,0,False,12150,34875
19,2,0.3,0.0,uniform,0,trimmed,0.5,guarded,controlled,5,1,0,5,0.04168196699294435,custom,"{""bfgs"": 0.39974551393995444, ""custom"": 0.04132297099488238}",0.023563732703526814,0.023563732703526814,stage3_l_opt,l_opt_current_alpha,0.1452161865687191,0.14580557589557216,0.018152023321090005,0.125,True,True,True,False,-9.155025084813667e-05,True,not_needed,,,,,0,False,13880,42845
19,2,0.3,0.0,uniform,0,trimmed,0.5,guarded,controlled,5,1,0,6,0.041551136693121826,custom,"{""bfgs"": 0.40192727890573104, ""custom"": 0.040905338698105094}",0.023638851940631866,0.023638851940631866,stage3_l_opt,l_opt_current_alpha,0.2959263759325637,0.30188767195285315,0.03699079699157046,0.125,True,True,True,False,7.511923710505283e-05,True,not_needed,,,,,0,False,16560,47490
19,2,0.3,0.0,uniform,0,trimmed,0.5,guarded,controlled,5,1,0,7,0.04057026058021185,custom,"{""bfgs"": 0.39642852593584554, ""custom"": 0.041198486663240975}",0.024221836278835934,0.024221836278835934,stage3_l_opt,l_opt_current_alpha,0.15339201882060746,0.15865846858728075,0.018495398495785215,0.0625,False,False,True,True,0.0005829843382040671,True,not_needed,,,,,0,False,18280,52770
19,2,0.3,0.0,uniform,0,trimmed,0.5,guarded,controlled,5,1,0,8,0.04168201637153285,custom,"{""bfgs"": 0.3991779024207882, ""custom"": 0.04106933517538353}",0.023575746764739353,0.023575746764739353,stage3_l_opt,l_opt_current_alpha,0.2654551339558778,0.27278228119842873,0.016590945872242358,0.0625,True,True,True,False,-6.310517589251316e-05,True,not_needed,,,,,0,False,20900,58485
19,2,0.3,0.0,uniform,0,trimmed,0.5,guarded,controlled,5,1,0,9,0.04132587103906765,custom,"{""bfgs"": 0.39606288374587045, ""custom"": 0.04150582441593672}",0.023768534262975056,0.023768534262975056,stage3_l_opt,l_opt_current_alpha,0.09261146406822626,0.0930863974863837,0.013272756697793903,0.05,False,False,True,True,0.00019278749823570251,True,not_needed,,,,,0,False,23630,64215
19,2,0.3,0.0,uniform,0,trimmed,0.5,guarded,controlled,5,1,0,10,0.041668689733565134,custom,"{""bfgs"": 0.396685887480854, ""custom"": 0.04142606209437173}",0.023572536806265514,0.023572536806265514,stage3_l_opt,l_opt_current_alpha,0.0925290513739774,0.09190440648399281,0.004626452568698841,0.05,True,True,True,False,-3.2099584738390363e-06,True,not_needed,,,,,0,False,26100,71330
19,2,0.3,0.0,uniform,0,trimmed,0.5,guarded,controlled,5,1,0,11,0.03529897637895035,custom,"{""bfgs"": 0.3965911446771303, ""custom"": 0.04117853356442004}",0.02734137823184331,0.02734137823184331,stage3_l_opt,l_opt_current_alpha,0.13368842303762163,0.13805786773156256,0.004626452568698841,0.05,False,False,True,True,0.003768841425577797,True,not_needed,,,,,0,False,27755,76955
19,2,0.3,0.0,uniform,0,trimmed,0.5,guarded,controlled,5,1,0,12,0.03529897637895035,custom,"{""bfgs"": 0.3965911446771303, ""custom"": 0.04117853356442004}",0.02734137823184331,0.02734137823184331,stage3_l_opt,l_opt_current_alpha,0.13368842303762163,0.13805786773156256,0.004626452568698841,0.05,False,False,True,True,0.003768841425577797,True,not_needed,,,,,0,False,29410,82580
19,2,0.3,0.0,uniform,0,trimmed,0.5,guarded,controlled,5,1,0,13,0.03529897637895035,custom,"{""bfgs"": 0.3965911446771303, ""custom"": 0.04117853356442004}",0.02734137823184331,0.02734137823184331,stage3_l_opt,l_opt_current_alpha,0.13368842303762163,0.13805786773156256,0.004626452568698841,0.05,False,False,True,True,0.003768841425577797,True,not_needed,,,,,0,False,31065,88205
19,2,0.3,0.0,uniform,0,trimmed,0.5,guarded,controlled,5,1,0,14,0.03529897637895035,custom,"{""bfgs"": 0.3965911446771303, ""custom"": 0.04117853356442004}",0.02734137823184331,0.02734137823184331,stage3_l_opt,l_opt_current_alpha,0.13368842303762163,0.13805786773156256,0.004626452568698841,0.05,False,False,True,True,0.003768841425577797,True,not_needed,,,,,0,False,32720,93830
19,2,0.3,0.0,uniform,0,trimmed,0.5,guarded,controlled,5,1,0,15,0.03529897637895035,custom,"{""bfgs"": 0.3965911446771303, ""custom"": 0.04117853356442004}",0.02734137823184331,0.02734137823184331,stage3_l_opt,l_opt_current_alpha,0.13368842303762163,0.13805786773156256,0.004626452568698841,0.05,False,False,True,True,0.003768841425577797,True,not_needed,,,,,0,False,34375,99455
19,2,0.3,0.0,uniform,0,trimmed,0.5,guarded,controlled,5,1,0,16,0.03529897637895035,custom,"{""bfgs"": 0.3965911446771303, ""custom"": 0.04117853356442004}",0.02734137823184331,0.02734137823184331,stage3_l_opt,l_opt_current_alpha,0.13368842303762163,0.13805786773156256,0.004626452568698841,0.05,False,False,True,True,0.003768841425577797,True,not_needed,,,,,0,False,36030,105080
19,2,0.3,0.0,uniform,0,trimmed,0.5,guarded,controlled,5,1,0,17,0.03529897637895035,custom,"{""bfgs"": 0.3965911446771303, ""custom"": 0.04117853356442004}",0.02734137823184331,0.02734137823184331,stage3_l_opt,l_opt_current_alpha,0.13368842303762163,0.13805786773156256,0.004626452568698841,0.05,False,False,True,True,0.003768841425577797,True,not_needed,,,,,0,False,37685,110705
19,2,0.3,0.0,uniform,0,trimmed,0.5,guarded,controlled,5,1,0,18,0.03529897637895035,custom,"{""bfgs"": 0.3965911446771303, ""custom"": 0.04117853356442004}",0.02734137823184331,0.02734137823184331,stage3_l_opt,l_opt_current_alpha,0.13368842303762163,0.13805786773156256,0.004626452568698841,0.05,False,False,True,True,0.003768841425577797,True,not_needed,,,,,0,False,39340,116330
19,2,0.3,0.0,uniform,0,trimmed,0.5,guarded,controlled,5,1,0,19,0.03529897637895035,custom,"{""bfgs"": 0.3965911446771303, ""custom"": 0.04117853356442004}",0.02734137823184331,0.02734137823184331,stage3_l_opt,l_opt_current_alpha,0.13368842303762163,0.13805786773156256,0.004626452568698841,0.05,False,False,True,True,0.003768841425577797,True,not_needed,,,,,0,False,40995,121955
19,2,0.3,0.0,stage0,0,trimmed,0.5,guarded,controlled,5,1,0,0,0.04601908183943243,custom,"{""bfgs"": 0.10008957750893234, ""custom"": 0.023527856395042405}",0.05311426644523939,0.05311426644523939,stage3_l_opt,l_opt_current_alpha,1.5016702830594948,1.524155361915125,0.7508351415297474,0.5,False,True,True,False,,True,not_needed,,,,,0,False,655,5120
19,2,0.3,0.0,stage0,0,trimmed,0.5,guarded,controlled,5,1,0,1,0.06512204554812384,custom,"{""bfgs"": 0.4737954563088284, ""custom"": 0.027692620916299777}",0.03047257165114085,0.03047257165114085,stage3_l_opt,l_opt_current_alpha,0.9291989409587735,0.9351502676709296,0.4645994704793868,0.5,True,True,True,False,-0.022641694794098537,True,not_needed,,,,,0,False,3845,10830
19,2,0.3,0.0,stage0,0,trimmed,0.5,guarded,controlled,5,1,0,2,0.033494044433824643,custom,"{""bfgs"": 0.4015108939164933, ""custom"": 0.0399250532198243}",0.02841419354081154,0.02841419354081154,stage3_l_opt,l_opt_current_alpha,1.2846176209824614,1.3112539127593879,0.6423088104912307,0.5,True,True,True,False,-0.0020583781103293113,True,not_needed,,,,,0,False,5450,15865
19,2,0.3,0.0,stage0,0,trimmed,0.5,guarded,controlled,5,1,0,3,0.02448990412686612,custom,"{""bfgs"": 0.025904796378922346, ""custom"": 0.025827294678691264}",0.028849766900142033,0.028849766900142033,stage3_l_opt,l_opt_current_alpha,0.43165972391805807,0.4328496730751764,0.32115440524561534,0.25,False,False,True,True,0.00043557335933049404,True,recovered_informative,4,0.03488647250955544,0.025904796378922346,0.008981676130633096,1,True,8180,30105
19,2,0.3,0.0,stage0,0,trimmed,0.5,guarded,controlled,5,1,0,4,0.0035064403109236753,custom,"{""bfgs"": 0.39208444212369414, ""custom"": 0.046770042828254345}",0.05333645890156428,0.05333645890156428,stage3_l_opt,l_opt_current_alpha,1.5757494485013892,1.5997494485013892,0.16057720262280767,0.125,False,False,True,True,0.02492226536075274,True,not_needed,,,,,0,False,10165,36340
19,2,0.3,0.0,stage0,0,trimmed,0.5,guarded,controlled,5,1,0,5,0.005568910995868481,custom,"{""bfgs"": 0.3967976586037986, ""custom"": 0.04523477707093211}",0.04871895412604014,0.04871895412604014,stage3_l_opt,l_opt_current_alpha,1.634966496451695,1.666966496451695,0.08028860131140385,0.0625,False,False,True,True,0.0203047605852286,True,not_needed,,,,,0,False,12700,41585
19,2,0.3,0.0,stage0,0,trimmed,0.5,guarded,controlled,5,1,0,6,0.03117765904828909,custom,"{""bfgs"": 0.39915428716327217, ""custom"": 0.04278971406823122}",0.03060431530078252,0.03060431530078252,stage3_l_opt,l_opt_current_alpha,1.3784499722584527,1.4086397528636934,0.0642308810491231,0.05,False,False,True,True,0.0021901217599709817,True,not_needed,,,,,0,False,14265,51010
19,2,0.3,0.0,stage0,0,trimmed,0.5,guarded,controlled,5,1,0,7,0.04050738913613905,custom,"{""bfgs"": 0.39962557823403816, ""custom"": 0.04308322020404222}",0.024258362750212353,0.024258362750212353,stage3_l_opt,l_opt_current_alpha,0.29872321102272403,0.3004830504796702,0.014936160551136182,0.05,True,True,True,False,-0.004155830790599186,True,not_needed,,,,,0,False,16180,56980
19,2,0.3,0.0,stage0,0,trimmed,0.5,guarded,controlled,5,1,0,8,0.04111288695445375,custom,"{""bfgs"": 0.40023314238318664, ""custom"": 0.043266279211893854}",0.02389481912056605,0.02389481912056605,stage3_l_opt,l_opt_current_alpha,0.37199839535843693,0.375558466343686,0.018599919767921844,0.05,True,True,True,False,-0.00036354362964630127,True,not_needed,,,,,0,False,17820,62375
19,2,0.3,0.0,stage0,0,trimmed,0.5,guarded,controlled,5,1,0,9,0.03585000553038448,custom,"{""bfgs"": 0.400668753370308, ""custom"": 0.042573914676194306}",0.027020201086997986,0.027020201086997986,stage3_l_opt,l_opt_current_alpha,0.2816982698171978,0.28452664589725796,0.018599919767921844,0.05,False,False,True,True,0.0031253819664319345,True,not_needed,,,,,0,False,19530,67090
19,2,0.3,0.0,stage0,0,trimmed,0.5,guarded,controlled,5,1,0,10,0.03585000553038448,custom,"{""bfgs"": 0.400668753370308, ""custom"": 0.042573914676194306}",0.027020201086997986,0.027020201086997986,stage3_l_opt,l_opt_current_alpha,0.2816982698171978,0.28452664589725796,0.018599919767921844,0.05,False,False,True,True,0.0031253819664319345,True,not_needed,,,,,0,False,21240,71805
19,2,0.3,0.0,stage0,0,trimmed,0.5,guarded,controlled,5,1,0,11,0.03585000553038448,custom,"{""bfgs"": 0.400668753370308, ""custom"": 0.042573914676194306}",0.027020201086997986,0.027020201086997986,stage3_l_opt,l_opt_current_alpha,0.2816982698171978,0.28452664589725796,0.018599919767921844,0.05,False,False,True,True,0.0031253819664319345,True,not_needed,,,,,0,False,22950,76520
19,2,0.3,0.0,stage0,0,trimmed,0.5,guarded,controlled,5,1,0,12,0.03585000553038448,custom,"{""bfgs"": 0.400668753370308, ""custom"": 0.042573914676194306}",0.027020201086997986,0.027020201086997986,stage3_l_opt,l_opt_current_alpha,0.2816982698171978,0.28452664589725796,0.018599919767921844,0.05,False,False,True,True,0.0031253819664319345,True,not_needed,,,,,0,False,24660,81235
19,2,0.3,0.0,stage0,0,trimmed,0.5,guarded,controlled,5,1,0,13,0.03585000553038448,custom,"{""bfgs"": 0.400668753370308, ""custom"": 0.042573914676194306}",0.027020201086997986,0.027020201086997986,stage3_l_opt,l_opt_current_alpha,0.2816982698171978,0.28452664589725796,0.018599919767921844,0.05,False,False,True,True,0.0031253819664319345,True,not_needed,,,,,0,False,26370,85950
19,2,0.3,0.0,stage0,0,trimmed,0.5,guarded,controlled,5,1,0,14,0.03585000553038448,custom,"{""bfgs"": 0.400668753370308, ""custom"": 0.042573914676194306}",0.027020201086997986,0.027020201086997986,stage3_l_opt,l_opt_current_alpha,0.2816982698171978,0.28452664589725796,0.018599919767921844,0.05,False,False,True,True,0.0031253819664319345,True,not_needed,,,,,0,False,28080,90665
19,2,0.3,0.0,stage0,0,trimmed,0.5,guarded,controlled,5,1,0,15,0.03585000553038448,custom,"{""bfgs"": 0.400668753370308, ""custom"": 0.042573914676194306}",0.027020201086997986,0.027020201086997986,stage3_l_opt,l_opt_current_alpha,0.2816982698171978,0.28452664589725796,0.018599919767921844,0.05,False,False,True,True,0.0031253819664319345,True,not_needed,,,,,0,False,29790,95380
19,2,0.3,0.0,stage0,0,trimmed,0.5,guarded,controlled,5,1,0,16,0.03585000553038448,custom,"{""bfgs"": 0.400668753370308, ""custom"": 0.042573914676194306}",0.027020201086997986,0.027020201086997986,stage3_l_opt,l_opt_current_alpha,0.2816982698171978,0.28452664589725796,0.018599919767921844,0.05,False,False,True,True,0.0031253819664319345,True,not_needed,,,,,0,False,31500,100095
19,2,0.3,0.0,stage0,0,trimmed,0.5,guarded,controlled,5,1,0,17,0.03585000553038448,custom,"{""bfgs"": 0.400668753370308, ""custom"": 0.042573914676194306}",0.027020201086997986,0.027020201086997986,stage3_l_opt,l_opt_current_alpha,0.2816982698171978,0.28452664589725796,0.018599919767921844,0.05,False,False,True,True,0.0031253819664319345,True,not_needed,,,,,0,False,33210,104810
19,2,0.3,0.0,stage0,0,trimmed,0.5,guarded,controlled,5,1,0,18,0.03585000553038448,custom,"{""bfgs"": 0.400668753370308, ""custom"": 0.042573914676194306}",0.027020201086997986,0.027020201086997986,stage3_l_opt,l_opt_current_alpha,0.2816982698171978,0.28452664589725796,0.018599919767921844,0.05,False,False,True,True,0.0031253819664319345,True,not_needed,,,,,0,False,34920,109525
19,2,0.3,0.0,stage0,0,trimmed,0.5,guarded,controlled,5,1,0,19,0.03585000553038448,custom,"{""bfgs"": 0.400668753370308, ""custom"": 0.042573914676194306}",0.027020201086997986,0.027020201086997986,stage3_l_opt,l_opt_current_alpha,0.2816982698171978,0.28452664589725796,0.018599919767921844,0.05,False,False,True,True,0.0031253819664319345,True,not_needed,,,,,0,False,36630,114240
