seed,dimension,poison_ratio,target,initialization,initialization_replicate,evaluator,update_rate,update_policy,coalition_mode,controlled_coalition_size,controlled_poison_count,round,target_error,evaluation_loss,consistency_l1,update_l1,eta_used,update_accepted,gate_triggered,eval_loss_delta,informative,stage3_requests_cumulative,contribution_requests_cumulative
0,2,0.0,0.0,uniform,0,uniform,0.5,fixed,stage1,,,0,0.025550440028532184,0.0018870764567206304,0.8377785543617249,0.41888927718086244,0.5,True,False,,True,342,777
0,2,0.0,0.0,uniform,0,uniform,0.5,fixed,stage1,,,1,0.031406293623680887,0.006924894095088045,0.4872316553201085,0.24361582766005418,0.5,True,False,0.0050378176383674145,True,537,1554
0,2,0.0,0.0,uniform,0,uniform,0.5,fixed,stage1,,,2,0.03140617103055865,0.006924814622228344,0.24361466159481127,0.12180733079740563,0.5,True,False,-7.947285970109907e-08,True,735,2331
0,2,0.0,0.0,uniform,0,uniform,0.5,fixed,stage1,,,3,0.03140631920729886,0.006924894095088045,0.12180849686264869,0.060904248431324415,0.5,True,False,7.947285970109907e-08,True,945,3108
0,2,0.0,0.0,uniform,0,uniform,0.5,fixed,stage1,,,4,0.03140631631998733,0.006924893474206328,0.06090423932142777,0.0304521196607139,0.5,True,False,-6.208817166994396e-10,True,1140,3885
0,2,0.0,0.0,uniform,0,uniform,0.5,fixed,stage1,,,5,0.03140630144710632,0.006924881677453716,0.030451946572718172,0.015225973286359024,0.5,True,False,-1.1796752612085182e-08,True,1377,4662
0,2,0.0,0.0,uniform,0,uniform,0.5,fixed,stage1,,,6,0.03140633431541118,0.006924905115738511,0.015226317184941815,0.0076131585924709005,0.5,True,False,2.3438284794778663e-08,True,1611,5439
0,2,0.0,0.0,uniform,0,uniform,0.5,fixed,stage1,,,7,0.03140632387404349,0.006924903408313791,0.007613133540247494,0.00380656677012374,0.5,True,False,-1.7074247198392567e-09,True,1860,6216
0,2,0.0,0.0,uniform,0,uniform,0.5,fixed,stage1,,,8,0.03140633186442353,0.0069249052709589405,0.0038065940998220915,0.0019032970499111013,0.5,True,False,1.862645149230957e-09,True,2073,6993
0,2,0.0,0.0,uniform,0,uniform,0.5,fixed,stage1,,,9,0.03140632209461039,0.006924898441260059,0.001903196841025065,0.0009515984205125533,0.5,True,False,-6.82969888109175e-09,True,2295,7770
0,2,0.0,0.0,uniform,0,uniform,0.5,fixed,stage1,,,10,0.031406330084990455,0.0069249052709589405,0.000951698629398437,0.0004758493146991699,0.5,True,False,6.82969888109175e-09,True,2499,8547
0,2,0.0,0.0,uniform,0,uniform,0.5,adaptive,stage1,,,0,0.025550440028532184,0.0018870764567206304,0.8377785543617249,0.41888927718086244,0.5,True,False,,True,342,777
0,2,0.0,0.0,uniform,0,uniform,0.5,adaptive,stage1,,,1,0.031406293623680887,0.006924894095088045,0.4872316553201085,0.24361582766005418,0.5,True,False,0.0050378176383674145,True,537,1554
0,2,0.0,0.0,uniform,0,uniform,0.5,adaptive,stage1,,,2,0.03140617103055865,0.006924814622228344,0.24361466159481127,0.12180733079740563,0.5,True,False,-7.947285970109907e-08,True,735,2331
0,2,0.0,0.0,uniform,0,uniform,0.5,adaptive,stage1,,,3,0.03140631920729886,0.006924894095088045,0.12180849686264869,0.060904248431324415,0.5,True,False,7.947285970109907e-08,True,945,3108
0,2,0.0,0.0,uniform,0,uniform,0.5,adaptive,stage1,,,4,0.03140631631998733,0.006924893474206328,0.06090423932142777,0.0304521196607139,0.5,True,False,-6.208817166994396e-10,True,1140,3885
0,2,0.0,0.0,uniform,0,uniform,0.5,adaptive,stage1,,,5,0.03140630144710632,0.006924881677453716,0.030451946572718172,0.015225973286359024,0.5,True,False,-1.1796752612085182e-08,True,1377,4662
0,2,0.0,0.0,uniform,0,uniform,0.5,adaptive,stage1,,,6,0.03140633431541118,0.006924905115738511,0.015226317184941815,0.0076131585924709005,0.5,True,False,2.3438284794778663e-08,True,1611,5439
0,2,0.0,0.0,uniform,0,uniform,0.5,adaptive,stage1,,,7,0.03140632387404349,0.006924903408313791,0.007613133540247494,0.00380656677012374,0.5,True,False,-1.7074247198392567e-09,True,1860,6216
0,2,0.0,0.0,uniform,0,uniform,0.5,adaptive,stage1,,,8,0.03140633186442353,0.0069249052709589405,0.0038065940998220915,0.0019032970499111013,0.5,True,False,1.862645149230957e-09,True,2073,6993
0,2,0.0,0.0,uniform,0,uniform,0.5,adaptive,stage1,,,9,0.03140632209461039,0.006924898441260059,0.001903196841025065,0.0009515984205125533,0.5,True,False,-6.82969888109175e-09,True,2295,7770
0,2,0.0,0.0,uniform,0,uniform,0.5,adaptive,stage1,,,10,0.031406330084990455,0.0069249052709589405,0.000951698629398437,0.0004758493146991699,0.5,True,False,6.82969888109175e-09,True,2499,8547
0,2,0.0,0.0,uniform,0,uniform,0.5,guarded,stage1,,,0,0.025550440028532184,0.0018870764567206304,0.8377785543617249,0.41888927718086244,0.5,True,False,,True,342,777
0,2,0.0,0.0,uniform,0,uniform,0.5,guarded,stage1,,,1,0.031406293623680887,0.006924894095088045,0.4872316553201085,0.41888927718086244,0.25,False,True,0.0050378176383674145,True,537,1554
0,2,0.0,0.0,uniform,0,uniform,0.5,guarded,stage1,,,2,0.025550440028532184,0.0018870764567206304,0.8377785543617249,0.20944463859043122,0.25,True,False,0.0,True,879,2331
0,2,0.0,0.0,uniform,0,uniform,0.5,guarded,stage1,,,3,0.0254531427604388,0.004873516348501046,0.6675450822666198,0.20944463859043122,0.125,False,True,0.0029864398917804156,True,1065,3108
0,2,0.0,0.0,uniform,0,uniform,0.5,guarded,stage1,,,4,0.025550440028532184,0.0018870764567206304,0.8377785543617249,0.10472231929521564,0.125,True,False,0.0,True,1407,3885
0,2,0.0,0.0,uniform,0,uniform,0.5,guarded,stage1,,,5,0.025328616553534022,0.004927063050369422,0.7730039792890694,0.10472231929521564,0.0625,False,True,0.0030399865936487913,True,1536,4662
0,2,0.0,0.0,uniform,0,uniform,0.5,guarded,stage1,,,6,0.025550440028532184,0.0018870764567206304,0.8377785543617249,0.052361159647607736,0.0625,True,False,0.0,True,1878,5439
0,2,0.0,0.0,uniform,0,uniform,0.5,guarded,stage1,,,7,0.025342654419292142,0.004936859322090943,0.8255000283992423,0.052361159647607736,0.05,False,True,0.0030497828653703127,True,2007,6216
0,2,0.0,0.0,uniform,0,uniform,0.5,guarded,stage1,,,8,0.025550440028532184,0.0018870764567206304,0.8377785543617249,0.04188892771808628,0.05,True,False,0.0,True,2349,6993
0,2,0.0,0.0,uniform,0,uniform,0.5,guarded,stage1,,,9,0.025768968919724057,0.001898294547572732,0.7960303553252406,0.03980151776626195,0.05,True,False,1.1218090852101572e-05,True,2712,7770
0,2,0.0,0.0,uniform,0,uniform,0.5,guarded,stage1,,,10,0.025333889631232356,0.004931122995913029,0.7960917513651353,0.03980151776626195,0.05,False,True,0.0030328284483402967,True,2841,8547
0,2,0.0,0.0,uniform,0,uniform,0.5,guarded,stage1,,,11,0.025768968919724057,0.001898294547572732,0.7960303553252406,0.03980151776626195,0.05,True,False,0.0,True,3204,9324
0,2,0.0,0.0,uniform,0,uniform,0.5,guarded,stage1,,,12,0.025333889631232356,0.004931122995913029,0.7960917513651353,0.03980151776626195,0.05,False,True,0.0030328284483402967,True,3333,10101
0,2,0.0,0.0,uniform,0,uniform,0.5,guarded,stage1,,,13,0.025768968919724057,0.001898294547572732,0.7960303553252406,0.03980151776626195,0.05,True,False,0.0,True,3696,10878
0,2,0.0,0.0,uniform,0,uniform,0.5,guarded,stage1,,,14,0.025333889631232356,0.004931122995913029,0.7960917513651353,0.03980151776626195,0.05,False,True,0.0030328284483402967,True,3825,11655
0,2,0.0,0.0,uniform,0,uniform,0.5,guarded,stage1,,,15,0.025768968919724057,0.001898294547572732,0.7960303553252406,0.03980151776626195,0.05,True,False,0.0,True,4188,12432
0,2,0.0,0.0,uniform,0,uniform,0.5,guarded,stage1,,,16,0.025333889631232356,0.004931122995913029,0.7960917513651353,0.03980151776626195,0.05,False,True,0.0030328284483402967,True,4317,13209
0,2,0.0,0.0,uniform,0,uniform,0.5,guarded,stage1,,,17,0.025768968919724057,0.001898294547572732,0.7960303553252406,0.03980151776626195,0.05,True,False,0.0,True,4680,13986
0,2,0.0,0.0,uniform,0,uniform,0.5,guarded,stage1,,,18,0.025333889631232356,0.004931122995913029,0.7960917513651353,0.03980151776626195,0.05,False,True,0.0030328284483402967,True,4809,14763
0,2,0.0,0.0,uniform,0,uniform,0.5,guarded,stage1,,,19,0.025768968919724057,0.001898294547572732,0.7960303553252406,0.03980151776626195,0.05,True,False,0.0,True,5172,15540
1,2,0.0,0.0,uniform,0,uniform,0.5,fixed,stage1,,,0,0.014061642639210413,0.0020194388926029205,0.595631551265773,0.29781577563288664,0.5,True,False,,True,111,57
1,2,0.0,0.0,uniform,0,uniform,0.5,fixed,stage1,,,1,0.014816238462205991,0.00017793849110603333,0.2599431040423884,0.1299715520211942,0.5,True,False,-0.0018415004014968872,True,516,114
1,2,0.0,0.0,uniform,0,uniform,0.5,fixed,stage1,,,2,0.014509755947617291,0.001551626871029536,0.15774404215700308,0.07887202107850154,0.5,True,False,0.0013736883799235027,True,624,171
1,2,0.0,0.0,uniform,0,uniform,0.5,fixed,stage1,,,3,0.014800746190915912,0.00018421808878580728,0.051220492931468874,0.025610246465734357,0.5,True,False,-0.0013674087822437286,True,1071,228
1,2,0.0,0.0,uniform,0,uniform,0.5,fixed,stage1,,,4,0.014550706311564358,0.0013035113612810771,0.04804267280888923,0.024021336404444586,0.5,True,False,0.0011192932724952698,True,1230,285
1,2,0.0,0.0,uniform,0,uniform,0.5,fixed,stage1,,,5,0.014795007818279665,0.0001875994106133779,0.001654065174048286,0.0008270325870241152,0.5,True,False,-0.0011159119506676993,True,1467,342
1,2,0.0,0.0,uniform,0,uniform,0.5,fixed,stage1,,,6,0.014785181387582613,0.0001919331649939219,0.0009105624979367372,0.00045528124896831307,0.5,True,False,4.333754380544009e-06,True,1680,399
1,2,0.0,0.0,uniform,0,uniform,0.5,adaptive,stage1,,,0,0.014061642639210413,0.0020194388926029205,0.595631551265773,0.29781577563288664,0.5,True,False,,True,111,57
1,2,0.0,0.0,uniform,0,uniform,0.5,adaptive,stage1,,,1,0.014816238462205991,0.00017793849110603333,0.2599431040423884,0.1299715520211942,0.5,True,False,-0.0018415004014968872,True,516,114
1,2,0.0,0.0,uniform,0,uniform,0.5,adaptive,stage1,,,2,0.014509755947617291,0.001551626871029536,0.15774404215700308,0.07887202107850154,0.5,True,False,0.0013736883799235027,True,624,171
1,2,0.0,0.0,uniform,0,uniform,0.5,adaptive,stage1,,,3,0.014800746190915912,0.00018421808878580728,0.051220492931468874,0.025610246465734357,0.5,True,False,-0.0013674087822437286,True,1071,228
1,2,0.0,0.0,uniform,0,uniform,0.5,adaptive,stage1,,,4,0.014550706311564358,0.0013035113612810771,0.04804267280888923,0.024021336404444586,0.5,True,False,0.0011192932724952698,True,1230,285
1,2,0.0,0.0,uniform,0,uniform,0.5,adaptive,stage1,,,5,0.014795007818279665,0.0001875994106133779,0.001654065174048286,0.0008270325870241152,0.5,True,False,-0.0011159119506676993,True,1467,342
1,2,0.0,0.0,uniform,0,uniform,0.5,adaptive,stage1,,,6,0.014785181387582613,0.0001919331649939219,0.0009105624979367372,0.00045528124896831307,0.5,True,False,4.333754380544009e-06,True,1680,399
1,2,0.0,0.0,uniform,0,uniform,0.5,guarded,stage1,,,0,0.014061642639210413,0.0020194388926029205,0.595631551265773,0.29781577563288664,0.5,True,False,,True,111,57
1,2,0.0,0.0,uniform,0,uniform,0.5,guarded,stage1,,,1,0.014816238462205991,0.00017793849110603333,0.2599431040423884,0.1299715520211942,0.5,True,False,-0.0018415004014968872,True,516,114
1,2,0.0,0.0,uniform,0,uniform,0.5,guarded,stage1,,,2,0.014509755947617291,0.001551626871029536,0.15774404215700308,0.1299715520211942,0.25,False,True,0.0013736883799235027,True,624,171
1,2,0.0,0.0,uniform,0,uniform,0.5,guarded,stage1,,,3,0.014816238462205991,0.00017793849110603333,0.2599431040423884,0.06498577601059705,0.25,True,False,0.0,True,1029,228
1,2,0.0,0.0,uniform,0,uniform,0.5,guarded,stage1,,,4,0.014801568876414699,0.00018213440974553427,0.1950381469262435,0.04875953673156086,0.25,True,False,4.195918639500945e-06,True,1431,285
1,2,0.0,0.0,uniform,0,uniform,0.5,guarded,stage1,,,5,0.014493316558765845,0.0008765620489915212,0.15998482311794673,0.04875953673156086,0.125,False,True,0.0006944276392459869,True,1827,342
1,2,0.0,0.0,uniform,0,uniform,0.5,guarded,stage1,,,6,0.014801568876414699,0.00018213440974553427,0.1950381469262435,0.024379768365780485,0.125,True,False,0.0,True,2229,399
1,2,0.0,0.0,uniform,0,uniform,0.5,guarded,stage1,,,7,0.01480408214016344,0.00018183141946792603,0.1706525417858929,0.021331567723236577,0.125,True,False,-3.029902776082447e-07,True,2571,456
1,2,0.0,0.0,uniform,0,uniform,0.5,guarded,stage1,,,8,0.01489924497860217,0.00029847025871276855,0.1515769564071646,0.021331567723236577,0.0625,False,True,0.00011663883924484253,True,3006,513
1,2,0.0,0.0,uniform,0,uniform,0.5,guarded,stage1,,,9,0.01480408214016344,0.00018183141946792603,0.1706525417858929,0.010665783861618316,0.0625,True,False,0.0,True,3348,570
1,2,0.0,0.0,uniform,0,uniform,0.5,guarded,stage1,,,10,0.014442777468416379,0.000583925594886144,0.1678416484278495,0.010665783861618316,0.05,False,True,0.000402094175418218,True,3558,627
1,2,0.0,0.0,uniform,0,uniform,0.5,guarded,stage1,,,11,0.01480408214016344,0.00018183141946792603,0.1706525417858929,0.008532627089294642,0.05,True,False,0.0,True,3900,684
1,2,0.0,0.0,uniform,0,uniform,0.5,guarded,stage1,,,12,0.014403419476664937,0.000388316810131073,0.16612615386583673,0.008532627089294642,0.05,False,True,0.00020648539066314697,True,4287,741
1,2,0.0,0.0,uniform,0,uniform,0.5,guarded,stage1,,,13,0.01480408214016344,0.00018183141946792603,0.1706525417858929,0.008532627089294642,0.05,True,False,0.0,True,4629,798
1,2,0.0,0.0,uniform,0,uniform,0.5,guarded,stage1,,,14,0.014403419476664937,0.000388316810131073,0.16612615386583673,0.008532627089294642,0.05,False,True,0.00020648539066314697,True,5016,855
1,2,0.0,0.0,uniform,0,uniform,0.5,guarded,stage1,,,15,0.01480408214016344,0.00018183141946792603,0.1706525417858929,0.008532627089294642,0.05,True,False,0.0,True,5358,912
1,2,0.0,0.0,uniform,0,uniform,0.5,guarded,stage1,,,16,0.014403419476664937,0.000388316810131073,0.16612615386583673,0.008532627089294642,0.05,False,True,0.00020648539066314697,True,5745,969
1,2,0.0,0.0,uniform,0,uniform,0.5,guarded,stage1,,,17,0.01480408214016344,0.00018183141946792603,0.1706525417858929,0.008532627089294642,0.05,True,False,0.0,True,6087,1026
1,2,0.0,0.0,uniform,0,uniform,0.5,guarded,stage1,,,18,0.014403419476664937,0.000388316810131073,0.16612615386583673,0.008532627089294642,0.05,False,True,0.00020648539066314697,True,6474,1083
1,2,0.0,0.0,uniform,0,uniform,0.5,guarded,stage1,,,19,0.01480408214016344,0.00018183141946792603,0.1706525417858929,0.008532627089294642,0.05,True,False,0.0,True,6816,1140
2,2,0.0,0.0,uniform,0,uniform,0.5,fixed,stage1,,,0,0.00018353634036660793,0.00831918977200985,0.6990789929081749,0.34953949645408755,0.5,True,False,,True,240,795
2,2,0.0,0.0,uniform,0,uniform,0.5,fixed,stage1,,,1,0.00018348670235557307,0.008319184804956118,0.34953945773459755,0.17476972886729886,0.5,True,False,-4.967053731860793e-09,True,489,1590
2,2,0.0,0.0,uniform,0,uniform,0.5,fixed,stage1,,,2,0.0001835413661410712,0.008319209640224775,0.17476992246479098,0.08738496123239552,0.5,True,False,2.4835268657569243e-08,True,762,2385
2,2,0.0,0.0,uniform,0,uniform,0.5,fixed,stage1,,,3,0.00018353634036660793,0.00831918977200985,0.08738480635439305,0.04369240317719658,0.5,True,False,-1.986821492570845e-08,True,963,3180
2,2,0.0,0.0,uniform,0,uniform,0.5,fixed,stage1,,,4,0.00018353634036660793,0.00831918977200985,0.04369240317719647,0.02184620158859829,0.5,True,False,0.0,True,1215,3975
2,2,0.0,0.0,uniform,0,uniform,0.5,fixed,stage1,,,5,0.00018353634036660793,0.00831918977200985,0.021846201588598183,0.010923100794299118,0.5,True,False,0.0,True,1449,4770
2,2,0.0,0.0,uniform,0,uniform,0.5,fixed,stage1,,,6,0.00018359115920674185,0.008319209640224775,0.010923255672301468,0.005461627836150652,0.5,True,False,1.986821492570845e-08,True,1707,5565
2,2,0.0,0.0,uniform,0,uniform,0.5,fixed,stage1,,,7,0.00040937873810165115,0.00825568102300167,0.004966755877202134,0.002483377938601039,0.5,True,False,-6.352861722310442e-05,True,2058,6360
2,2,0.0,0.0,uniform,0,uniform,0.5,fixed,stage1,,,8,0.00018353634036660793,0.00831918977200985,0.002978095019547374,0.0014890475097737443,0.5,True,False,6.350874900817871e-05,True,2262,7155
2,2,0.0,0.0,uniform,0,uniform,0.5,fixed,stage1,,,9,0.00042477899088133597,0.008259089663624763,0.0010208650940427624,0.000510432547021409,0.5,True,False,-6.010010838508606e-05,True,2676,7950
2,2,0.0,0.0,uniform,0,uniform,0.5,fixed,stage1,,,10,0.0001834965989777615,0.00831918977200985,0.0009786149627522209,0.0004893074813761104,0.5,True,False,6.010010838508606e-05,True,2910,8745
2,2,0.0,0.0,uniform,0,uniform,0.5,adaptive,stage1,,,0,0.00018353634036660793,0.00831918977200985,0.6990789929081749,0.34953949645408755,0.5,True,False,,True,240,795
2,2,0.0,0.0,uniform,0,uniform,0.5,adaptive,stage1,,,1,0.00018348670235557307,0.008319184804956118,0.34953945773459755,0.17476972886729886,0.5,True,False,-4.967053731860793e-09,True,489,1590
2,2,0.0,0.0,uniform,0,uniform,0.5,adaptive,stage1,,,2,0.0001835413661410712,0.008319209640224775,0.17476992246479098,0.08738496123239552,0.5,True,False,2.4835268657569243e-08,True,762,2385
2,2,0.0,0.0,uniform,0,uniform,0.5,adaptive,stage1,,,3,0.00018353634036660793,0.00831918977200985,0.08738480635439305,0.04369240317719658,0.5,True,False,-1.986821492570845e-08,True,963,3180
2,2,0.0,0.0,uniform,0,uniform,0.5,adaptive,stage1,,,4,0.00018353634036660793,0.00831918977200985,0.04369240317719647,0.02184620158859829,0.5,True,False,0.0,True,1215,3975
2,2,0.0,0.0,uniform,0,uniform,0.5,adaptive,stage1,,,5,0.00018353634036660793,0.00831918977200985,0.021846201588598183,0.010923100794299118,0.5,True,False,0.0,True,1449,4770
2,2,0.0,0.0,uniform,0,uniform,0.5,adaptive,stage1,,,6,0.00018359115920674185,0.008319209640224775,0.010923255672301468,0.005461627836150652,0.5,True,False,1.986821492570845e-08,True,1707,5565
2,2,0.0,0.0,uniform,0,uniform,0.5,adaptive,stage1,,,7,0.00040937873810165115,0.00825568102300167,0.004966755877202134,0.002483377938601039,0.5,True,False,-6.352861722310442e-05,True,2058,6360
2,2,0.0,0.0,uniform,0,uniform,0.5,adaptive,stage1,,,8,0.00018353634036660793,0.00831918977200985,0.002978095019547374,0.0014890475097737443,0.5,True,False,6.350874900817871e-05,True,2262,7155
2,2,0.0,0.0,uniform,0,uniform,0.5,adaptive,stage1,,,9,0.00042477899088133597,0.008259089663624763,0.0010208650940427624,0.000510432547021409,0.5,True,False,-6.010010838508606e-05,True,2676,7950
2,2,0.0,0.0,uniform,0,uniform,0.5,adaptive,stage1,,,10,0.0001834965989777615,0.00831918977200985,0.0009786149627522209,0.0004893074813761104,0.5,True,False,6.010010838508606e-05,True,2910,8745
2,2,0.0,0.0,uniform,0,uniform,0.5,guarded,stage1,,,0,0.00018353634036660793,0.00831918977200985,0.6990789929081749,0.34953949645408755,0.5,True,False,,True,240,795
2,2,0.0,0.0,uniform,0,uniform,0.5,guarded,stage1,,,1,0.00018348670235557307,0.008319184804956118,0.34953945773459755,0.17476972886729886,0.5,True,False,-4.967053731860793e-09,True,489,1590
2,2,0.0,0.0,uniform,0,uniform,0.5,guarded,stage1,,,2,0.0001835413661410712,0.008319209640224775,0.17476992246479098,0.08738496123239552,0.5,True,False,2.4835268657569243e-08,True,762,2385
2,2,0.0,0.0,uniform,0,uniform,0.5,guarded,stage1,,,3,0.00018353634036660793,0.00831918977200985,0.08738480635439305,0.04369240317719658,0.5,True,False,-1.986821492570845e-08,True,963,3180
2,2,0.0,0.0,uniform,0,uniform,0.5,guarded,stage1,,,4,0.00018353634036660793,0.00831918977200985,0.04369240317719647,0.02184620158859829,0.5,True,False,0.0,True,1215,3975
2,2,0.0,0.0,uniform,0,uniform,0.5,guarded,stage1,,,5,0.00018353634036660793,0.00831918977200985,0.021846201588598183,0.010923100794299118,0.5,True,False,0.0,True,1449,4770
2,2,0.0,0.0,uniform,0,uniform,0.5,guarded,stage1,,,6,0.00018359115920674185,0.008319209640224775,0.010923255672301468,0.005461627836150652,0.5,True,False,1.986821492570845e-08,True,1707,5565
2,2,0.0,0.0,uniform,0,uniform,0.5,guarded,stage1,,,7,0.00040937873810165115,0.00825568102300167,0.004966755877202134,0.002483377938601039,0.5,True,False,-6.352861722310442e-05,True,2058,6360
2,2,0.0,0.0,uniform,0,uniform,0.5,guarded,stage1,,,8,0.00018353634036660793,0.00831918977200985,0.002978095019547374,0.0014890475097737443,0.5,True,False,6.350874900817871e-05,True,2262,7155
2,2,0.0,0.0,uniform,0,uniform,0.5,guarded,stage1,,,9,0.00042477899088133597,0.008259089663624763,0.0010208650940427624,0.000510432547021409,0.5,True,False,-6.010010838508606e-05,True,2676,7950
2,2,0.0,0.0,uniform,0,uniform,0.5,guarded,stage1,,,10,0.0001834965989777615,0.00831918977200985,0.0009786149627522209,0.0004893074813761104,0.5,True,False,6.010010838508606e-05,True,2910,8745
3,2,0.0,0.0,uniform,0,uniform,0.5,fixed,stage1,,,0,0.005014975842373204,0.02739337335030238,0.6533333333333333,0.32666666666666677,0.5,True,False,,True,222,444
3,2,0.0,0.0,uniform,0,uniform,0.5,fixed,stage1,,,1,0.006183443298123592,0.02771354963382085,0.32666666666666666,0.16333333333333327,0.5,True,False,0.000320176283518471,True,396,888
3,2,0.0,0.0,uniform,0,uniform,0.5,fixed,stage1,,,2,0.0066346193701321,0.02783053865035375,0.22311887927544194,0.11155943963772103,0.5,True,False,0.00011698901653289795,True,558,1332
3,2,0.0,0.0,uniform,0,uniform,0.5,fixed,stage1,,,3,0.0067791228558711225,0.027870746950308483,0.17147859849076907,0.08573929924538456,0.5,True,False,4.020829995473457e-05,True,708,1776
3,2,0.0,0.0,uniform,0,uniform,0.5,fixed,stage1,,,4,0.0067752518016135355,0.027870550751686096,0.08537188769369006,0.04268594384684511,0.5,True,False,-1.961986223868173e-07,True,855,2220
3,2,0.0,0.0,uniform,0,uniform,0.5,fixed,stage1,,,5,0.0067890555300742506,0.027873851358890533,0.04899255826766298,0.02449627913383149,0.5,True,False,3.300607204437256e-06,True,990,2664
3,2,0.0,0.0,uniform,0,uniform,0.5,fixed,stage1,,,6,0.006792585554229902,0.027876401940981548,0.029559812973641224,0.014779906486820584,0.5,True,False,2.550582091014747e-06,True,1107,3108
3,2,0.0,0.0,uniform,0,uniform,0.5,fixed,stage1,,,7,0.006782399045095033,0.0278807133436203,0.023742068803451633,0.011871034401725761,0.5,True,False,4.311402638752099e-06,True,1224,3552
3,2,0.0,0.0,uniform,0,uniform,0.5,fixed,stage1,,,8,0.006785788421140637,0.02787948151429494,0.00925676708185474,0.004628383540927287,0.5,True,False,-1.2318293253592294e-06,True,1341,3996
3,2,0.0,0.0,uniform,0,uniform,0.5,fixed,stage1,,,9,0.006782761901604317,0.027880720794200897,0.0072585974133509675,0.0036292987066754556,0.5,True,False,1.2392799059561532e-06,True,1458,4440
3,2,0.0,0.0,uniform,0,uniform,0.5,fixed,stage1,,,10,0.006783378355457614,0.027880549430847168,0.0032629400052011223,0.0016314700026005893,0.5,True,False,-1.7136335372924805e-07,True,1575,4884
3,2,0.0,0.0,uniform,0,uniform,0.5,fixed,stage1,,,11,0.006783197736696778,0.0278806338707606,0.0018118869777225882,0.0009059434888613214,0.5,True,False,8.443991343295987e-08,True,1692,5328
3,2,0.0,0.0,uniform,0,uniform,0.5,fixed,stage1,,,12,0.006783188614306823,0.02788066367308299,0.0009696699618152622,0.000484834980907658,0.5,True,False,2.9802322387695312e-08,True,1809,5772
3,2,0.0,0.0,uniform,0,uniform,0.5,adaptive,stage1,,,0,0.005014975842373204,0.02739337335030238,0.6533333333333333,0.32666666666666677,0.5,True,False,,True,222,444
3,2,0.0,0.0,uniform,0,uniform,0.5,adaptive,stage1,,,1,0.006183443298123592,0.02771354963382085,0.32666666666666666,0.16333333333333327,0.5,True,False,0.000320176283518471,True,396,888
3,2,0.0,0.0,uniform,0,uniform,0.5,adaptive,stage1,,,2,0.0066346193701321,0.02783053865035375,0.22311887927544194,0.11155943963772103,0.5,True,False,0.00011698901653289795,True,558,1332
3,2,0.0,0.0,uniform,0,uniform,0.5,adaptive,stage1,,,3,0.0067791228558711225,0.027870746950308483,0.17147859849076907,0.08573929924538456,0.5,True,False,4.020829995473457e-05,True,708,1776
3,2,0.0,0.0,uniform,0,uniform,0.5,adaptive,stage1,,,4,0.0067752518016135355,0.027870550751686096,0.08537188769369006,0.04268594384684511,0.5,True,False,-1.961986223868173e-07,True,855,2220
3,2,0.0,0.0,uniform,0,uniform,0.5,adaptive,stage1,,,5,0.0067890555300742506,0.027873851358890533,0.04899255826766298,0.02449627913383149,0.5,True,False,3.300607204437256e-06,True,990,2664
3,2,0.0,0.0,uniform,0,uniform,0.5,adaptive,stage1,,,6,0.006792585554229902,0.027876401940981548,0.029559812973641224,0.014779906486820584,0.5,True,False,2.550582091014747e-06,True,1107,3108
3,2,0.0,0.0,uniform,0,uniform,0.5,adaptive,stage1,,,7,0.006782399045095033,0.0278807133436203,0.023742068803451633,0.011871034401725761,0.5,True,False,4.311402638752099e-06,True,1224,3552
3,2,0.0,0.0,uniform,0,uniform,0.5,adaptive,stage1,,,8,0.006785788421140637,0.02787948151429494,0.00925676708185474,0.004628383540927287,0.5,True,False,-1.2318293253592294e-06,True,1341,3996
3,2,0.0,0.0,uniform,0,uniform,0.5,adaptive,stage1,,,9,0.006782761901604317,0.027880720794200897,0.0072585974133509675,0.0036292987066754556,0.5,True,False,1.2392799059561532e-06,True,1458,4440
3,2,0.0,0.0,uniform,0,uniform,0.5,adaptive,stage1,,,10,0.006783378355457614,0.027880549430847168,0.0032629400052011223,0.0016314700026005893,0.5,True,False,-1.7136335372924805e-07,True,1575,4884
3,2,0.0,0.0,uniform,0,uniform,0.5,adaptive,stage1,,,11,0.006783197736696778,0.0278806338707606,0.0018118869777225882,0.0009059434888613214,0.5,True,False,8.443991343295987e-08,True,1692,5328
3,2,0.0,0.0,uniform,0,uniform,0.5,adaptive,stage1,,,12,0.006783188614306823,0.02788066367308299,0.0009696699618152622,0.000484834980907658,0.5,True,False,2.9802322387695312e-08,True,1809,5772
3,2,0.0,0.0,uniform,0,uniform,0.5,guarded,stage1,,,0,0.005014975842373204,0.02739337335030238,0.6533333333333333,0.32666666666666677,0.5,True,False,,True,222,444
3,2,0.0,0.0,uniform,0,uniform,0.5,guarded,stage1,,,1,0.006183443298123592,0.02771354963382085,0.32666666666666666,0.32666666666666677,0.25,False,True,0.000320176283518471,True,396,888
3,2,0.0,0.0,uniform,0,uniform,0.5,guarded,stage1,,,2,0.005014975842373204,0.02739337335030238,0.6533333333333333,0.16333333333333333,0.25,True,False,0.0,True,618,1332
3,2,0.0,0.0,uniform,0,uniform,0.5,guarded,stage1,,,3,0.005667506683582957,0.02766738583644231,0.48999999999999994,0.16333333333333333,0.125,False,True,0.00027401248613993096,True,726,1776
3,2,0.0,0.0,uniform,0,uniform,0.5,guarded,stage1,,,4,0.005014975842373204,0.02739337335030238,0.6533333333333333,0.08166666666666667,0.125,True,False,0.0,True,948,2220
3,2,0.0,0.0,uniform,0,uniform,0.5,guarded,stage1,,,5,0.005556210370190939,0.027541351815064747,0.5716666666666667,0.08166666666666667,0.0625,False,True,0.00014797846476236748,True,1161,2664
3,2,0.0,0.0,uniform,0,uniform,0.5,guarded,stage1,,,6,0.005014975842373204,0.02739337335030238,0.6533333333333333,0.04083333333333333,0.0625,True,False,0.0,True,1383,3108
3,2,0.0,0.0,uniform,0,uniform,0.5,guarded,stage1,,,7,0.005578918843125891,0.027549942334493,0.6125,0.04083333333333333,0.05,False,True,0.00015656898419062065,True,1596,3552
3,2,0.0,0.0,uniform,0,uniform,0.5,guarded,stage1,,,8,0.005014975842373204,0.02739337335030238,0.6533333333333333,0.03266666666666662,0.05,True,False,0.0,True,1818,3996
3,2,0.0,0.0,uniform,0,uniform,0.5,guarded,stage1,,,9,0.005537747790983261,0.027554792662461598,0.6206666666666667,0.03266666666666662,0.05,False,True,0.00016141931215921806,True,1998,4440
3,2,0.0,0.0,uniform,0,uniform,0.5,guarded,stage1,,,10,0.005014975842373204,0.02739337335030238,0.6533333333333333,0.03266666666666662,0.05,True,False,0.0,True,2220,4884
3,2,0.0,0.0,uniform,0,uniform,0.5,guarded,stage1,,,11,0.005537747790983261,0.027554792662461598,0.6206666666666667,0.03266666666666662,0.05,False,True,0.00016141931215921806,True,2400,5328
3,2,0.0,0.0,uniform,0,uniform,0.5,guarded,stage1,,,12,0.005014975842373204,0.02739337335030238,0.6533333333333333,0.03266666666666662,0.05,True,False,0.0,True,2622,5772
3,2,0.0,0.0,uniform,0,uniform,0.5,guarded,stage1,,,13,0.005537747790983261,0.027554792662461598,0.6206666666666667,0.03266666666666662,0.05,False,True,0.00016141931215921806,True,2802,6216
3,2,0.0,0.0,uniform,0,uniform,0.5,guarded,stage1,,,14,0.005014975842373204,0.02739337335030238,0.6533333333333333,0.03266666666666662,0.05,True,False,0.0,True,3024,6660
3,2,0.0,0.0,uniform,0,uniform,0.5,guarded,stage1,,,15,0.005537747790983261,0.027554792662461598,0.6206666666666667,0.03266666666666662,0.05,False,True,0.00016141931215921806,True,3204,7104
3,2,0.0,0.0,uniform,0,uniform,0.5,guarded,stage1,,,16,0.005014975842373204,0.02739337335030238,0.6533333333333333,0.03266666666666662,0.05,True,False,0.0,True,3426,7548
3,2,0.0,0.0,uniform,0,uniform,0.5,guarded,stage1,,,17,0.005537747790983261,0.027554792662461598,0.6206666666666667,0.03266666666666662,0.05,False,True,0.00016141931215921806,True,3606,7992
3,2,0.0,0.0,uniform,0,uniform,0.5,guarded,stage1,,,18,0.005014975842373204,0.02739337335030238,0.6533333333333333,0.03266666666666662,0.05,True,False,0.0,True,3828,8436
3,2,0.0,0.0,uniform,0,uniform,0.5,guarded,stage1,,,19,0.005537747790983261,0.027554792662461598,0.6206666666666667,0.03266666666666662,0.05,False,True,0.00016141931215921806,True,4008,8880
4,2,0.0,0.0,uniform,0,uniform,0.5,fixed,stage1,,,0,0.019435003960637687,0.016787951191266377,0.687326377398064,0.343663188699032,0.5,True,False,,True,213,183
4,2,0.0,0.0,uniform,0,uniform,0.5,fixed,stage1,,,1,0.04606500851855344,0.02435288081566493,0.40734660035197123,0.20367330017598562,0.5,True,False,0.007564929624398552,True,411,366
4,2,0.0,0.0,uniform,0,uniform,0.5,fixed,stage1,,,2,0.046399259348287814,0.024489738047122955,0.20459886711166747,0.10229943355583379,0.5,True,False,0.000136857231458027,True,525,549
4,2,0.0,0.0,uniform,0,uniform,0.5,fixed,stage1,,,3,0.04563272911025251,0.02431356410185496,0.1011087117587873,0.05055435587939357,0.5,True,False,-0.00017617394526799404,True,648,732
4,2,0.0,0.0,uniform,0,uniform,0.5,fixed,stage1,,,4,0.04530565072251136,0.024194863935311634,0.0497558396840035,0.02487791984200183,0.5,True,False,-0.0001187001665433271,True,735,915
4,2,0.0,0.0,uniform,0,uniform,0.5,fixed,stage1,,,5,0.04553452342330999,0.024435197313626606,0.026497814767560367,0.01324890738378024,0.5,True,False,0.00024033337831497192,True,822,1098
4,2,0.0,0.0,uniform,0,uniform,0.5,fixed,stage1,,,6,0.04566674408683724,0.024574071168899536,0.01419060957860594,0.007095304789302915,0.5,True,False,0.00013887385527293003,True,909,1281
4,2,0.0,0.0,uniform,0,uniform,0.5,fixed,stage1,,,7,0.045775816007775916,0.024381592869758606,0.005791224550137686,0.002895612275068871,0.5,True,False,-0.00019247829914093018,True,1077,1464
4,2,0.0,0.0,uniform,0,uniform,0.5,fixed,stage1,,,8,0.04582167531435033,0.024400311211744945,0.0030220822022455013,0.0015110411011227502,0.5,True,False,1.8718341986339454e-05,True,1365,1647
4,2,0.0,0.0,uniform,0,uniform,0.5,fixed,stage1,,,9,0.045834825153491465,0.02441026270389557,0.0015783087488020322,0.0007891543744010156,0.5,True,False,9.951492150623437e-06,True,1596,1830
4,2,0.0,0.0,uniform,0,uniform,0.5,fixed,stage1,,,10,0.045740213994648116,0.024362968901793163,0.0006635390305857946,0.00033176951529289775,0.5,True,False,-4.729380210240566e-05,True,1854,2013
4,2,0.0,0.0,uniform,0,uniform,0.5,adaptive,stage1,,,0,0.019435003960637687,0.016787951191266377,0.687326377398064,0.343663188699032,0.5,True,False,,True,213,183
4,2,0.0,0.0,uniform,0,uniform,0.5,adaptive,stage1,,,1,0.04606500851855344,0.02435288081566493,0.40734660035197123,0.20367330017598562,0.5,True,False,0.007564929624398552,True,411,366
4,2,0.0,0.0,uniform,0,uniform,0.5,adaptive,stage1,,,2,0.046399259348287814,0.024489738047122955,0.20459886711166747,0.10229943355583379,0.5,True,False,0.000136857231458027,True,525,549
4,2,0.0,0.0,uniform,0,uniform,0.5,adaptive,stage1,,,3,0.04563272911025251,0.02431356410185496,0.1011087117587873,0.05055435587939357,0.5,True,False,-0.00017617394526799404,True,648,732
4,2,0.0,0.0,uniform,0,uniform,0.5,adaptive,stage1,,,4,0.04530565072251136,0.024194863935311634,0.0497558396840035,0.02487791984200183,0.5,True,False,-0.0001187001665433271,True,735,915
4,2,0.0,0.0,uniform,0,uniform,0.5,adaptive,stage1,,,5,0.04553452342330999,0.024435197313626606,0.026497814767560367,0.01324890738378024,0.5,True,False,0.00024033337831497192,True,822,1098
4,2,0.0,0.0,uniform,0,uniform,0.5,adaptive,stage1,,,6,0.04566674408683724,0.024574071168899536,0.01419060957860594,0.007095304789302915,0.5,True,False,0.00013887385527293003,True,909,1281
4,2,0.0,0.0,uniform,0,uniform,0.5,adaptive,stage1,,,7,0.045775816007775916,0.024381592869758606,0.005791224550137686,0.002895612275068871,0.5,True,False,-0.00019247829914093018,True,1077,1464
4,2,0.0,0.0,uniform,0,uniform,0.5,adaptive,stage1,,,8,0.04582167531435033,0.024400311211744945,0.0030220822022455013,0.0015110411011227502,0.5,True,False,1.8718341986339454e-05,True,1365,1647
4,2,0.0,0.0,uniform,0,uniform,0.5,adaptive,stage1,,,9,0.045834825153491465,0.02441026270389557,0.0015783087488020322,0.0007891543744010156,0.5,True,False,9.951492150623437e-06,True,1596,1830
4,2,0.0,0.0,uniform,0,uniform,0.5,adaptive,stage1,,,10,0.045740213994648116,0.024362968901793163,0.0006635390305857946,0.00033176951529289775,0.5,True,False,-4.729380210240566e-05,True,1854,2013
4,2,0.0,0.0,uniform,0,uniform,0.5,guarded,stage1,,,0,0.019435003960637687,0.016787951191266377,0.687326377398064,0.343663188699032,0.5,True,False,,True,213,183
4,2,0.0,0.0,uniform,0,uniform,0.5,guarded,stage1,,,1,0.04606500851855344,0.02435288081566493,0.40734660035197123,0.343663188699032,0.25,False,True,0.007564929624398552,True,411,366
4,2,0.0,0.0,uniform,0,uniform,0.5,guarded,stage1,,,2,0.019435003960637687,0.016787951191266377,0.687326377398064,0.17183159434951595,0.25,True,False,0.0,True,624,549
4,2,0.0,0.0,uniform,0,uniform,0.5,guarded,stage1,,,3,0.02018142543941792,0.016882153848807018,0.5168577630183248,0.12921444075458122,0.25,True,False,9.420265754064155e-05,True,897,732
4,2,0.0,0.0,uniform,0,uniform,0.5,guarded,stage1,,,4,0.022585000861852222,0.014084813495477041,0.34934471558134783,0.08733617889533687,0.25,True,False,-0.002797340353329977,True,1137,915
4,2,0.0,0.0,uniform,0,uniform,0.5,guarded,stage1,,,5,0.04606467497566946,0.02435346692800522,0.36263153034541834,0.08733617889533687,0.125,False,True,0.010268653432528177,True,1293,1098
4,2,0.0,0.0,uniform,0,uniform,0.5,guarded,stage1,,,6,0.022585000861852222,0.014084813495477041,0.34934471558134783,0.04366808944766842,0.125,True,False,0.0,True,1533,1281
4,2,0.0,0.0,uniform,0,uniform,0.5,guarded,stage1,,,7,0.046065188795809675,0.02435283362865448,0.4062953460677705,0.04366808944766842,0.0625,False,True,0.010268020133177439,True,1722,1464
4,2,0.0,0.0,uniform,0,uniform,0.5,guarded,stage1,,,8,0.022585000861852222,0.014084813495477041,0.34934471558134783,0.02183404472383424,0.0625,True,False,0.0,True,1962,1647
4,2,0.0,0.0,uniform,0,uniform,0.5,guarded,stage1,,,9,0.046090132850306276,0.024349629878997803,0.42810777208860745,0.02183404472383424,0.05,False,True,0.010264816383520762,True,2166,1830
4,2,0.0,0.0,uniform,0,uniform,0.5,guarded,stage1,,,10,0.022585000861852222,0.014084813495477041,0.34934471558134783,0.01746723577906739,0.05,True,False,0.0,True,2406,2013
4,2,0.0,0.0,uniform,0,uniform,0.5,guarded,stage1,,,11,0.04607662993979744,0.024351124962170918,0.43248466948730857,0.01746723577906739,0.05,False,True,0.010266311466693876,True,2556,2196
4,2,0.0,0.0,uniform,0,uniform,0.5,guarded,stage1,,,12,0.022585000861852222,0.014084813495477041,0.34934471558134783,0.01746723577906739,0.05,True,False,0.0,True,2796,2379
4,2,0.0,0.0,uniform,0,uniform,0.5,guarded,stage1,,,13,0.04607662993979744,0.024351124962170918,0.43248466948730857,0.01746723577906739,0.05,False,True,0.010266311466693876,True,2946,2562
4,2,0.0,0.0,uniform,0,uniform,0.5,guarded,stage1,,,14,0.022585000861852222,0.014084813495477041,0.34934471558134783,0.01746723577906739,0.05,True,False,0.0,True,3186,2745
4,2,0.0,0.0,uniform,0,uniform,0.5,guarded,stage1,,,15,0.04607662993979744,0.024351124962170918,0.43248466948730857,0.01746723577906739,0.05,False,True,0.010266311466693876,True,3336,2928
4,2,0.0,0.0,uniform,0,uniform,0.5,guarded,stage1,,,16,0.022585000861852222,0.014084813495477041,0.34934471558134783,0.01746723577906739,0.05,True,False,0.0,True,3576,3111
4,2,0.0,0.0,uniform,0,uniform,0.5,guarded,stage1,,,17,0.04607662993979744,0.024351124962170918,0.43248466948730857,0.01746723577906739,0.05,False,True,0.010266311466693876,True,3726,3294
4,2,0.0,0.0,uniform,0,uniform,0.5,guarded,stage1,,,18,0.022585000861852222,0.014084813495477041,0.34934471558134783,0.01746723577906739,0.05,True,False,0.0,True,3966,3477
4,2,0.0,0.0,uniform,0,uniform,0.5,guarded,stage1,,,19,0.04607662993979744,0.024351124962170918,0.43248466948730857,0.01746723577906739,0.05,False,True,0.010266311466693876,True,4116,3660
5,2,0.0,0.0,uniform,0,uniform,0.5,fixed,stage1,,,0,0.020118267428521186,0.020471783354878426,1.1156126879870334,0.5578063439935167,0.5,True,False,,True,219,894
5,2,0.0,0.0,uniform,0,uniform,0.5,fixed,stage1,,,1,0.0206872425988065,0.020736174657940865,0.5628432462579209,0.28142162312896046,0.5,True,False,0.00026439130306243896,True,408,1788
5,2,0.0,0.0,uniform,0,uniform,0.5,fixed,stage1,,,2,0.0206872425988065,0.020736174657940865,0.28142162312896035,0.1407108115644802,0.5,True,False,0.0,True,621,2682
5,2,0.0,0.0,uniform,0,uniform,0.5,fixed,stage1,,,3,0.0206872425988065,0.020736174657940865,0.14071081156448018,0.07035540578224014,0.5,True,False,0.0,True,885,3576
5,2,0.0,0.0,uniform,0,uniform,0.5,fixed,stage1,,,4,0.0206872425988065,0.020736174657940865,0.07035540578224003,0.035177702891120016,0.5,True,False,0.0,True,1107,4470
5,2,0.0,0.0,uniform,0,uniform,0.5,fixed,stage1,,,5,0.0206872425988065,0.020736174657940865,0.035177702891120016,0.017588851445560015,0.5,True,False,0.0,True,1344,5364
5,2,0.0,0.0,uniform,0,uniform,0.5,fixed,stage1,,,6,0.0206872425988065,0.020736174657940865,0.01758885144556,0.008794425722779945,0.5,True,False,0.0,True,1581,6258
5,2,0.0,0.0,uniform,0,uniform,0.5,fixed,stage1,,,7,0.0206872425988065,0.020736174657940865,0.008794425722780056,0.004397212861390035,0.5,True,False,0.0,True,1782,7152
5,2,0.0,0.0,uniform,0,uniform,0.5,fixed,stage1,,,8,0.0206872425988065,0.020736174657940865,0.00439721286139002,0.002198606430695065,0.5,True,False,0.0,True,1980,8046
5,2,0.0,0.0,uniform,0,uniform,0.5,fixed,stage1,,,9,0.0206872425988065,0.020736174657940865,0.002198606430694955,0.001099303215347484,0.5,True,False,0.0,True,2160,8940
5,2,0.0,0.0,uniform,0,uniform,0.5,fixed,stage1,,,10,0.0206872425988065,0.020736174657940865,0.001099303215347471,0.0005496516076737359,0.5,True,False,0.0,True,2358,9834
5,2,0.0,0.0,uniform,0,uniform,0.5,fixed,stage1,,,11,0.0206872425988065,0.020736174657940865,0.0005496516076737351,0.00027482580383690874,0.5,True,False,0.0,True,2562,10728
5,2,0.0,0.0,uniform,0,uniform,0.5,adaptive,stage1,,,0,0.020118267428521186,0.020471783354878426,1.1156126879870334,0.5578063439935167,0.5,True,False,,True,219,894
5,2,0.0,0.0,uniform,0,uniform,0.5,adaptive,stage1,,,1,0.0206872425988065,0.020736174657940865,0.5628432462579209,0.28142162312896046,0.5,True,False,0.00026439130306243896,True,408,1788
5,2,0.0,0.0,uniform,0,uniform,0.5,adaptive,stage1,,,2,0.0206872425988065,0.020736174657940865,0.28142162312896035,0.1407108115644802,0.5,True,False,0.0,True,621,2682
5,2,0.0,0.0,uniform,0,uniform,0.5,adaptive,stage1,,,3,0.0206872425988065,0.020736174657940865,0.14071081156448018,0.07035540578224014,0.5,True,False,0.0,True,885,3576
5,2,0.0,0.0,uniform,0,uniform,0.5,adaptive,stage1,,,4,0.0206872425988065,0.020736174657940865,0.07035540578224003,0.035177702891120016,0.5,True,False,0.0,True,1107,4470
5,2,0.0,0.0,uniform,0,uniform,0.5,adaptive,stage1,,,5,0.0206872425988065,0.020736174657940865,0.035177702891120016,0.017588851445560015,0.5,True,False,0.0,True,1344,5364
5,2,0.0,0.0,uniform,0,uniform,0.5,adaptive,stage1,,,6,0.0206872425988065,0.020736174657940865,0.01758885144556,0.008794425722779945,0.5,True,False,0.0,True,1581,6258
5,2,0.0,0.0,uniform,0,uniform,0.5,adaptive,stage1,,,7,0.0206872425988065,0.020736174657940865,0.008794425722780056,0.004397212861390035,0.5,True,False,0.0,True,1782,7152
5,2,0.0,0.0,uniform,0,uniform,0.5,adaptive,stage1,,,8,0.0206872425988065,0.020736174657940865,0.00439721286139002,0.002198606430695065,0.5,True,False,0.0,True,1980,8046
5,2,0.0,0.0,uniform,0,uniform,0.5,adaptive,stage1,,,9,0.0206872425988065,0.020736174657940865,0.002198606430694955,0.001099303215347484,0.5,True,False,0.0,True,2160,8940
5,2,0.0,0.0,uniform,0,uniform,0.5,adaptive,stage1,,,10,0.0206872425988065,0.020736174657940865,0.001099303215347471,0.0005496516076737359,0.5,True,False,0.0,True,2358,9834
5,2,0.0,0.0,uniform,0,uniform,0.5,adaptive,stage1,,,11,0.0206872425988065,0.020736174657940865,0.0005496516076737351,0.00027482580383690874,0.5,True,False,0.0,True,2562,10728
5,2,0.0,0.0,uniform,0,uniform,0.5,guarded,stage1,,,0,0.020118267428521186,0.020471783354878426,1.1156126879870334,0.5578063439935167,0.5,True,False,,True,219,894
5,2,0.0,0.0,uniform,0,uniform,0.5,guarded,stage1,,,1,0.0206872425988065,0.020736174657940865,0.5628432462579209,0.5578063439935167,0.25,False,True,0.00026439130306243896,True,408,1788
5,2,0.0,0.0,uniform,0,uniform,0.5,guarded,stage1,,,2,0.020118267428521186,0.020471783354878426,1.1156126879870334,0.27890317199675835,0.25,True,False,0.0,True,627,2682
5,2,0.0,0.0,uniform,0,uniform,0.5,guarded,stage1,,,3,0.0206872425988065,0.020736174657940865,0.8417464182546792,0.27890317199675835,0.125,False,True,0.00026439130306243896,True,828,3576
5,2,0.0,0.0,uniform,0,uniform,0.5,guarded,stage1,,,4,0.020118267428521186,0.020471783354878426,1.1156126879870334,0.1394515859983792,0.125,True,False,0.0,True,1047,4470
5,2,0.0,0.0,uniform,0,uniform,0.5,guarded,stage1,,,5,0.020470317734212706,0.02071513297657172,0.980794786113891,0.1394515859983792,0.0625,False,True,0.0002433496216932944,True,1161,5364
5,2,0.0,0.0,uniform,0,uniform,0.5,guarded,stage1,,,6,0.020118267428521186,0.020471783354878426,1.1156126879870334,0.06972579299918952,0.0625,True,False,0.0,True,1380,6258
5,2,0.0,0.0,uniform,0,uniform,0.5,guarded,stage1,,,7,0.020086118020998356,0.020459534600377083,1.045655093191303,0.06535344332445642,0.0625,True,False,-1.2248754501342773e-05,True,1536,7152
5,2,0.0,0.0,uniform,0,uniform,0.5,guarded,stage1,,,8,0.018727027289696885,0.02020162157714367,0.9754522053161212,0.06096576283225763,0.0625,True,False,-0.0002579130232334137,True,1662,8046
5,2,0.0,0.0,uniform,0,uniform,0.5,guarded,stage1,,,9,0.0206872425988065,0.020736174657940865,0.9246045910955341,0.06096576283225763,0.05,False,True,0.0005345530807971954,True,1911,8940
5,2,0.0,0.0,uniform,0,uniform,0.5,guarded,stage1,,,10,0.018727027289696885,0.02020162157714367,0.9754522053161212,0.04877261026580598,0.05,True,False,0.0,True,2037,9834
5,2,0.0,0.0,uniform,0,uniform,0.5,guarded,stage1,,,11,0.0206872425988065,0.020736174657940865,0.9367977436619856,0.04877261026580598,0.05,False,True,0.0005345530807971954,True,2244,10728
5,2,0.0,0.0,uniform,0,uniform,0.5,guarded,stage1,,,12,0.018727027289696885,0.02020162157714367,0.9754522053161212,0.04877261026580598,0.05,True,False,0.0,True,2370,11622
5,2,0.0,0.0,uniform,0,uniform,0.5,guarded,stage1,,,13,0.0206872425988065,0.020736174657940865,0.9367977436619856,0.04877261026580598,0.05,False,True,0.0005345530807971954,True,2577,12516
5,2,0.0,0.0,uniform,0,uniform,0.5,guarded,stage1,,,14,0.018727027289696885,0.02020162157714367,0.9754522053161212,0.04877261026580598,0.05,True,False,0.0,True,2703,13410
5,2,0.0,0.0,uniform,0,uniform,0.5,guarded,stage1,,,15,0.0206872425988065,0.020736174657940865,0.9367977436619856,0.04877261026580598,0.05,False,True,0.0005345530807971954,True,2910,14304
5,2,0.0,0.0,uniform,0,uniform,0.5,guarded,stage1,,,16,0.018727027289696885,0.02020162157714367,0.9754522053161212,0.04877261026580598,0.05,True,False,0.0,True,3036,15198
5,2,0.0,0.0,uniform,0,uniform,0.5,guarded,stage1,,,17,0.0206872425988065,0.020736174657940865,0.9367977436619856,0.04877261026580598,0.05,False,True,0.0005345530807971954,True,3243,16092
5,2,0.0,0.0,uniform,0,uniform,0.5,guarded,stage1,,,18,0.018727027289696885,0.02020162157714367,0.9754522053161212,0.04877261026580598,0.05,True,False,0.0,True,3369,16986
5,2,0.0,0.0,uniform,0,uniform,0.5,guarded,stage1,,,19,0.0206872425988065,0.020736174657940865,0.9367977436619856,0.04877261026580598,0.05,False,True,0.0005345530807971954,True,3576,17880
6,2,0.0,0.0,uniform,0,uniform,0.5,fixed,stage1,,,0,0.004461738390917347,0.01571028120815754,1.2513562876508058,0.6256781438254029,0.5,True,False,,True,264,948
6,2,0.0,0.0,uniform,0,uniform,0.5,fixed,stage1,,,1,0.048294164159695896,0.03139130771160126,0.6809885228412638,0.3404942614206319,0.5,True,False,0.015681026503443718,True,567,1896
6,2,0.0,0.0,uniform,0,uniform,0.5,fixed,stage1,,,2,0.04931264968564264,0.03220634659131368,0.3404942614206319,0.17024713071031594,0.5,True,False,0.000815038879712425,True,714,2844
6,2,0.0,0.0,uniform,0,uniform,0.5,fixed,stage1,,,3,0.047931977751671795,0.031102076172828674,0.17024713071031594,0.08512356535515803,0.5,True,False,-0.001104270418485008,True,933,3792
6,2,0.0,0.0,uniform,0,uniform,0.5,fixed,stage1,,,4,0.04793189025103928,0.03110198552409808,0.08512356535515792,0.0425617826775789,0.5,True,False,-9.064873059475009e-08,True,1146,4740
6,2,0.0,0.0,uniform,0,uniform,0.5,fixed,stage1,,,5,0.04793199610159249,0.031102101008097332,0.04256178267757901,0.02128089133878945,0.5,True,False,1.1548399925231934e-07,True,1374,5688
6,2,0.0,0.0,uniform,0,uniform,0.5,fixed,stage1,,,6,0.047931827590531384,0.031101949512958527,0.021280891338789562,0.010640445669394833,0.5,True,False,-1.5149513880527432e-07,True,1599,6636
6,2,0.0,0.0,uniform,0,uniform,0.5,fixed,stage1,,,7,0.04793197126151405,0.03110206623872121,0.010640445669394729,0.0053202228346973645,0.5,True,False,1.1672576268398349e-07,True,1797,7584
6,2,0.0,0.0,uniform,0,uniform,0.5,fixed,stage1,,,8,0.04793192482635078,0.031102026502291363,0.0053202228346973645,0.0026601114173487386,0.5,True,False,-3.973642984794745e-08,True,1983,8532
6,2,0.0,0.0,uniform,0,uniform,0.5,fixed,stage1,,,9,0.04793192482635078,0.031102026502291363,0.002660111417348626,0.001330055708674149,0.5,True,False,0.0,True,2157,9480
6,2,0.0,0.0,uniform,0,uniform,0.5,fixed,stage1,,,10,0.04793178003484755,0.031101891150077183,0.0013300557086744769,0.0006650278543372922,0.5,True,False,-1.353522141797625e-07,True,2340,10428
6,2,0.0,0.0,uniform,0,uniform,0.5,fixed,stage1,,,11,0.04793207498750718,0.0311021755139033,0.0006650278543371847,0.00033251392716859233,0.5,True,False,2.8436382611823907e-07,True,2511,11376
6,2,0.0,0.0,uniform,0,uniform,0.5,adaptive,stage1,,,0,0.004461738390917347,0.01571028120815754,1.2513562876508058,0.6256781438254029,0.5,True,False,,True,264,948
6,2,0.0,0.0,uniform,0,uniform,0.5,adaptive,stage1,,,1,0.048294164159695896,0.03139130771160126,0.6809885228412638,0.3404942614206319,0.5,True,False,0.015681026503443718,True,567,1896
6,2,0.0,0.0,uniform,0,uniform,0.5,adaptive,stage1,,,2,0.04931264968564264,0.03220634659131368,0.3404942614206319,0.17024713071031594,0.5,True,False,0.000815038879712425,True,714,2844
6,2,0.0,0.0,uniform,0,uniform,0.5,adaptive,stage1,,,3,0.047931977751671795,0.031102076172828674,0.17024713071031594,0.08512356535515803,0.5,True,False,-0.001104270418485008,True,933,3792
6,2,0.0,0.0,uniform,0,uniform,0.5,adaptive,stage1,,,4,0.04793189025103928,0.03110198552409808,0.08512356535515792,0.0425617826775789,0.5,True,False,-9.064873059475009e-08,True,1146,4740
6,2,0.0,0.0,uniform,0,uniform,0.5,adaptive,stage1,,,5,0.04793199610159249,0.031102101008097332,0.04256178267757901,0.02128089133878945,0.5,True,False,1.1548399925231934e-07,True,1374,5688
6,2,0.0,0.0,uniform,0,uniform,0.5,adaptive,stage1,,,6,0.047931827590531384,0.031101949512958527,0.021280891338789562,0.010640445669394833,0.5,True,False,-1.5149513880527432e-07,True,1599,6636
6,2,0.0,0.0,uniform,0,uniform,0.5,adaptive,stage1,,,7,0.04793197126151405,0.03110206623872121,0.010640445669394729,0.0053202228346973645,0.5,True,False,1.1672576268398349e-07,True,1797,7584
6,2,0.0,0.0,uniform,0,uniform,0.5,adaptive,stage1,,,8,0.04793192482635078,0.031102026502291363,0.0053202228346973645,0.0026601114173487386,0.5,True,False,-3.973642984794745e-08,True,1983,8532
6,2,0.0,0.0,uniform,0,uniform,0.5,adaptive,stage1,,,9,0.04793192482635078,0.031102026502291363,0.002660111417348626,0.001330055708674149,0.5,True,False,0.0,True,2157,9480
6,2,0.0,0.0,uniform,0,uniform,0.5,adaptive,stage1,,,10,0.04793178003484755,0.031101891150077183,0.0013300557086744769,0.0006650278543372922,0.5,True,False,-1.353522141797625e-07,True,2340,10428
6,2,0.0,0.0,uniform,0,uniform,0.5,adaptive,stage1,,,11,0.04793207498750718,0.0311021755139033,0.0006650278543371847,0.00033251392716859233,0.5,True,False,2.8436382611823907e-07,True,2511,11376
6,2,0.0,0.0,uniform,0,uniform,0.5,guarded,stage1,,,0,0.004461738390917347,0.01571028120815754,1.2513562876508058,0.6256781438254029,0.5,True,False,,True,264,948
6,2,0.0,0.0,uniform,0,uniform,0.5,guarded,stage1,,,1,0.048294164159695896,0.03139130771160126,0.6809885228412638,0.6256781438254029,0.25,False,True,0.015681026503443718,True,567,1896
6,2,0.0,0.0,uniform,0,uniform,0.5,guarded,stage1,,,2,0.004461738390917347,0.01571028120815754,1.2513562876508058,0.31283907191270144,0.25,True,False,0.0,True,831,2844
6,2,0.0,0.0,uniform,0,uniform,0.5,guarded,stage1,,,3,0.013639618971895473,0.00636395625770092,0.8277928423072248,0.20694821057680618,0.25,True,False,-0.00934632495045662,True,1110,3792
6,2,0.0,0.0,uniform,0,uniform,0.5,guarded,stage1,,,4,0.04952334190478069,0.03237739329536756,0.7868793841771591,0.20694821057680618,0.125,False,True,0.02601343703766664,True,1245,4740
6,2,0.0,0.0,uniform,0,uniform,0.5,guarded,stage1,,,5,0.013639618971895473,0.00636395625770092,0.8277928423072248,0.10347410528840317,0.125,True,False,0.0,True,1524,5688
6,2,0.0,0.0,uniform,0,uniform,0.5,guarded,stage1,,,6,0.048430413885611756,0.03150570889314016,0.890353489465562,0.10347410528840317,0.0625,False,True,0.02514175263543924,True,1662,6636
6,2,0.0,0.0,uniform,0,uniform,0.5,guarded,stage1,,,7,0.013639618971895473,0.00636395625770092,0.8277928423072248,0.05173705264420159,0.0625,True,False,0.0,True,1941,7584
6,2,0.0,0.0,uniform,0,uniform,0.5,guarded,stage1,,,8,0.04796059242102224,0.031124960631132126,0.9420905421097636,0.05173705264420159,0.05,False,True,0.024761004373431206,True,2142,8532
6,2,0.0,0.0,uniform,0,uniform,0.5,guarded,stage1,,,9,0.013639618971895473,0.00636395625770092,0.8277928423072248,0.04138964211536125,0.05,True,False,0.0,True,2421,9480
6,2,0.0,0.0,uniform,0,uniform,0.5,guarded,stage1,,,10,0.014447216283528519,0.006223242109020551,0.7848857079035094,0.03924428539517538,0.05,True,False,-0.00014071414868036935,True,2883,10428
6,2,0.0,0.0,uniform,0,uniform,0.5,guarded,stage1,,,11,0.0481108064108664,0.03124488890171051,0.9131936672434287,0.03924428539517538,0.05,False,True,0.02502164679268996,True,3045,11376
6,2,0.0,0.0,uniform,0,uniform,0.5,guarded,stage1,,,12,0.014447216283528519,0.006223242109020551,0.7848857079035094,0.03924428539517538,0.05,True,False,0.0,True,3507,12324
6,2,0.0,0.0,uniform,0,uniform,0.5,guarded,stage1,,,13,0.0481108064108664,0.03124488890171051,0.9131936672434287,0.03924428539517538,0.05,False,True,0.02502164679268996,True,3669,13272
6,2,0.0,0.0,uniform,0,uniform,0.5,guarded,stage1,,,14,0.014447216283528519,0.006223242109020551,0.7848857079035094,0.03924428539517538,0.05,True,False,0.0,True,4131,14220
6,2,0.0,0.0,uniform,0,uniform,0.5,guarded,stage1,,,15,0.0481108064108664,0.03124488890171051,0.9131936672434287,0.03924428539517538,0.05,False,True,0.02502164679268996,True,4293,15168
6,2,0.0,0.0,uniform,0,uniform,0.5,guarded,stage1,,,16,0.014447216283528519,0.006223242109020551,0.7848857079035094,0.03924428539517538,0.05,True,False,0.0,True,4755,16116
6,2,0.0,0.0,uniform,0,uniform,0.5,guarded,stage1,,,17,0.0481108064108664,0.03124488890171051,0.9131936672434287,0.03924428539517538,0.05,False,True,0.02502164679268996,True,4917,17064
6,2,0.0,0.0,uniform,0,uniform,0.5,guarded,stage1,,,18,0.014447216283528519,0.006223242109020551,0.7848857079035094,0.03924428539517538,0.05,True,False,0.0,True,5379,18012
6,2,0.0,0.0,uniform,0,uniform,0.5,guarded,stage1,,,19,0.0481108064108664,0.03124488890171051,0.9131936672434287,0.03924428539517538,0.05,False,True,0.02502164679268996,True,5541,18960
7,2,0.0,0.0,uniform,0,uniform,0.5,fixed,stage1,,,0,0.0011964693563868423,0.012479365492860476,0.6533333333333333,0.3266666666666667,0.5,True,False,,True,228,183
7,2,0.0,0.0,uniform,0,uniform,0.5,fixed,stage1,,,1,0.0012591949756171061,0.012486917898058891,0.32666666666666666,0.16333333333333333,0.5,True,False,7.552405198415699e-06,True,354,366
7,2,0.0,0.0,uniform,0,uniform,0.5,fixed,stage1,,,2,0.00146022507853516,0.012493576233585676,0.16333333333333333,0.08166666666666661,0.5,True,False,6.658335526784839e-06,True,468,549
7,2,0.0,0.0,uniform,0,uniform,0.5,fixed,stage1,,,3,0.0014118770778068779,0.012462542081872622,0.08166666666666672,0.04083333333333336,0.5,True,False,-3.103415171305454e-05,True,708,732
7,2,0.0,0.0,uniform,0,uniform,0.5,fixed,stage1,,,4,0.0018726565385520644,0.012487844253579775,0.04083333333333347,0.020416666666666708,0.5,True,False,2.530217170715332e-05,True,828,915
7,2,0.0,0.0,uniform,0,uniform,0.5,fixed,stage1,,,5,0.001662385861592952,0.012451065704226494,0.020416666666666704,0.010208333333333408,0.5,True,False,-3.677854935328108e-05,True,1026,1098
7,2,0.0,0.0,uniform,0,uniform,0.5,fixed,stage1,,,6,0.0016106099653221406,0.012453909342487654,0.010208333333333243,0.0051041666666666215,0.5,True,False,2.8436382611598393e-06,True,1185,1281
7,2,0.0,0.0,uniform,0,uniform,0.5,fixed,stage1,,,7,0.0015833742186153188,0.012454689169923464,0.005104166666666621,0.002552083333333283,0.5,True,False,7.798274358102042e-07,True,1377,1464
7,2,0.0,0.0,uniform,0,uniform,0.5,fixed,stage1,,,8,0.001591576741835965,0.012463572745521864,0.002552083333333282,0.0012760416666666406,0.5,True,False,8.883575598400001e-06,True,1521,1647
7,2,0.0,0.0,uniform,0,uniform,0.5,fixed,stage1,,,9,0.0015642573677698834,0.012455578272541365,0.0012760416666666415,0.0006380208333334305,0.5,True,False,-7.994472980499268e-06,True,1710,1830
7,2,0.0,0.0,uniform,0,uniform,0.5,fixed,stage1,,,10,0.0015607039033369574,0.012455744668841362,0.0006380208333332665,0.00031901041666663327,0.5,True,False,1.6639629999738725e-07,True,1893,2013
7,2,0.0,0.0,uniform,0,uniform,0.5,adaptive,stage1,,,0,0.0011964693563868423,0.012479365492860476,0.6533333333333333,0.3266666666666667,0.5,True,False,,True,228,183
7,2,0.0,0.0,uniform,0,uniform,0.5,adaptive,stage1,,,1,0.0012591949756171061,0.012486917898058891,0.32666666666666666,0.16333333333333333,0.5,True,False,7.552405198415699e-06,True,354,366
7,2,0.0,0.0,uniform,0,uniform,0.5,adaptive,stage1,,,2,0.00146022507853516,0.012493576233585676,0.16333333333333333,0.08166666666666661,0.5,True,False,6.658335526784839e-06,True,468,549
7,2,0.0,0.0,uniform,0,uniform,0.5,adaptive,stage1,,,3,0.0014118770778068779,0.012462542081872622,0.08166666666666672,0.04083333333333336,0.5,True,False,-3.103415171305454e-05,True,708,732
7,2,0.0,0.0,uniform,0,uniform,0.5,adaptive,stage1,,,4,0.0018726565385520644,0.012487844253579775,0.04083333333333347,0.020416666666666708,0.5,True,False,2.530217170715332e-05,True,828,915
7,2,0.0,0.0,uniform,0,uniform,0.5,adaptive,stage1,,,5,0.001662385861592952,0.012451065704226494,0.020416666666666704,0.010208333333333408,0.5,True,False,-3.677854935328108e-05,True,1026,1098
7,2,0.0,0.0,uniform,0,uniform,0.5,adaptive,stage1,,,6,0.0016106099653221406,0.012453909342487654,0.010208333333333243,0.0051041666666666215,0.5,True,False,2.8436382611598393e-06,True,1185,1281
7,2,0.0,0.0,uniform,0,uniform,0.5,adaptive,stage1,,,7,0.0015833742186153188,0.012454689169923464,0.005104166666666621,0.002552083333333283,0.5,True,False,7.798274358102042e-07,True,1377,1464
7,2,0.0,0.0,uniform,0,uniform,0.5,adaptive,stage1,,,8,0.001591576741835965,0.012463572745521864,0.002552083333333282,0.0012760416666666406,0.5,True,False,8.883575598400001e-06,True,1521,1647
7,2,0.0,0.0,uniform,0,uniform,0.5,adaptive,stage1,,,9,0.0015642573677698834,0.012455578272541365,0.0012760416666666415,0.0006380208333334305,0.5,True,False,-7.994472980499268e-06,True,1710,1830
7,2,0.0,0.0,uniform,0,uniform,0.5,adaptive,stage1,,,10,0.0015607039033369574,0.012455744668841362,0.0006380208333332665,0.00031901041666663327,0.5,True,False,1.6639629999738725e-07,True,1893,2013
7,2,0.0,0.0,uniform,0,uniform,0.5,guarded,stage1,,,0,0.0011964693563868423,0.012479365492860476,0.6533333333333333,0.3266666666666667,0.5,True,False,,True,228,183
7,2,0.0,0.0,uniform,0,uniform,0.5,guarded,stage1,,,1,0.0012591949756171061,0.012486917898058891,0.32666666666666666,0.16333333333333333,0.5,True,False,7.552405198415699e-06,True,354,366
7,2,0.0,0.0,uniform,0,uniform,0.5,guarded,stage1,,,2,0.00146022507853516,0.012493576233585676,0.16333333333333333,0.08166666666666661,0.5,True,False,6.658335526784839e-06,True,468,549
7,2,0.0,0.0,uniform,0,uniform,0.5,guarded,stage1,,,3,0.0014118770778068779,0.012462542081872622,0.08166666666666672,0.04083333333333336,0.5,True,False,-3.103415171305454e-05,True,708,732
7,2,0.0,0.0,uniform,0,uniform,0.5,guarded,stage1,,,4,0.0018726565385520644,0.012487844253579775,0.04083333333333347,0.020416666666666708,0.5,True,False,2.530217170715332e-05,True,828,915
7,2,0.0,0.0,uniform,0,uniform,0.5,guarded,stage1,,,5,0.001662385861592952,0.012451065704226494,0.020416666666666704,0.010208333333333408,0.5,True,False,-3.677854935328108e-05,True,1026,1098
7,2,0.0,0.0,uniform,0,uniform,0.5,guarded,stage1,,,6,0.0016106099653221406,0.012453909342487654,0.010208333333333243,0.0051041666666666215,0.5,True,False,2.8436382611598393e-06,True,1185,1281
7,2,0.0,0.0,uniform,0,uniform,0.5,guarded,stage1,,,7,0.0015833742186153188,0.012454689169923464,0.005104166666666621,0.002552083333333283,0.5,True,False,7.798274358102042e-07,True,1377,1464
7,2,0.0,0.0,uniform,0,uniform,0.5,guarded,stage1,,,8,0.001591576741835965,0.012463572745521864,0.002552083333333282,0.0012760416666666406,0.5,True,False,8.883575598400001e-06,True,1521,1647
7,2,0.0,0.0,uniform,0,uniform,0.5,guarded,stage1,,,9,0.0015642573677698834,0.012455578272541365,0.0012760416666666415,0.0006380208333334305,0.5,True,False,-7.994472980499268e-06,True,1710,1830
7,2,0.0,0.0,uniform,0,uniform,0.5,guarded,stage1,,,10,0.0015607039033369574,0.012455744668841362,0.0006380208333332665,0.00031901041666663327,0.5,True,False,1.6639629999738725e-07,True,1893,2013
8,2,0.0,0.0,uniform,0,uniform,0.5,fixed,stage1,,,0,0.0007172738854874794,0.007523282741506894,0.40248835052879517,0.20124417526439758,0.5,True,False,,True,453,372
8,2,0.0,0.0,uniform,0,uniform,0.5,fixed,stage1,,,1,0.004416100372264253,0.012722148870428404,0.2575751696008739,0.12878758480043695,0.5,True,False,0.00519886612892151,True,699,744
8,2,0.0,0.0,uniform,0,uniform,0.5,fixed,stage1,,,2,0.004415992507498245,0.01272213893632094,0.12878746209722652,0.06439373104861332,0.5,True,False,-9.934107463721586e-09,True,942,1116
8,2,0.0,0.0,uniform,0,uniform,0.5,fixed,stage1,,,3,0.00441601506674516,0.01272213396926721,0.06439366969703261,0.032196834848516306,0.5,True,False,-4.96705373012607e-09,True,1146,1488
8,2,0.0,0.0,uniform,0,uniform,0.5,fixed,stage1,,,4,0.00441601506674516,0.01272213396926721,0.032196834848516306,0.01609841742425809,0.5,True,False,0.0,True,1365,1860
8,2,0.0,0.0,uniform,0,uniform,0.5,fixed,stage1,,,5,0.004415994151319325,0.012722119068106016,0.016098233369614745,0.008049116684807442,0.5,True,False,-1.4901161193847656e-08,True,1575,2232
8,2,0.0,0.0,uniform,0,uniform,0.5,fixed,stage1,,,6,0.004416057719504707,0.01272213893632094,0.008049362091031353,0.0040246810455157045,0.5,True,False,1.9868214923973726e-08,True,1773,2604
8,2,0.0,0.0,uniform,0,uniform,0.5,fixed,stage1,,,7,0.004415994151319325,0.012722119068106016,0.004024435639291599,0.0020122178196457924,0.5,True,False,-1.9868214923973726e-08,True,1983,2976
8,2,0.0,0.0,uniform,0,uniform,0.5,fixed,stage1,,,8,0.004416057719504707,0.01272213893632094,0.0020124632258698566,0.0010062316129349769,0.5,True,False,1.9868214923973726e-08,True,2163,3348
8,2,0.0,0.0,uniform,0,uniform,0.5,fixed,stage1,,,9,0.00441601506674516,0.01272213396926721,0.0010061702613543,0.0005030851306771777,0.5,True,False,-4.96705373012607e-09,True,2358,3720
8,2,0.0,0.0,uniform,0,uniform,0.5,fixed,stage1,,,10,0.004415992507498245,0.01272213893632094,0.000503146482257702,0.00025157324112878854,0.5,True,False,4.96705373012607e-09,True,2553,4092
8,2,0.0,0.0,uniform,0,uniform,0.5,adaptive,stage1,,,0,0.0007172738854874794,0.007523282741506894,0.40248835052879517,0.20124417526439758,0.5,True,False,,True,453,372
8,2,0.0,0.0,uniform,0,uniform,0.5,adaptive,stage1,,,1,0.004416100372264253,0.012722148870428404,0.2575751696008739,0.12878758480043695,0.5,True,False,0.00519886612892151,True,699,744
8,2,0.0,0.0,uniform,0,uniform,0.5,adaptive,stage1,,,2,0.004415992507498245,0.01272213893632094,0.12878746209722652,0.06439373104861332,0.5,True,False,-9.934107463721586e-09,True,942,1116
8,2,0.0,0.0,uniform,0,uniform,0.5,adaptive,stage1,,,3,0.00441601506674516,0.01272213396926721,0.06439366969703261,0.032196834848516306,0.5,True,False,-4.96705373012607e-09,True,1146,1488
8,2,0.0,0.0,uniform,0,uniform,0.5,adaptive,stage1,,,4,0.00441601506674516,0.01272213396926721,0.032196834848516306,0.01609841742425809,0.5,True,False,0.0,True,1365,1860
8,2,0.0,0.0,uniform,0,uniform,0.5,adaptive,stage1,,,5,0.004415994151319325,0.012722119068106016,0.016098233369614745,0.008049116684807442,0.5,True,False,-1.4901161193847656e-08,True,1575,2232
8,2,0.0,0.0,uniform,0,uniform,0.5,adaptive,stage1,,,6,0.004416057719504707,0.01272213893632094,0.008049362091031353,0.0040246810455157045,0.5,True,False,1.9868214923973726e-08,True,1773,2604
8,2,0.0,0.0,uniform,0,uniform,0.5,adaptive,stage1,,,7,0.004415994151319325,0.012722119068106016,0.004024435639291599,0.0020122178196457924,0.5,True,False,-1.9868214923973726e-08,True,1983,2976
8,2,0.0,0.0,uniform,0,uniform,0.5,adaptive,stage1,,,8,0.004416057719504707,0.01272213893632094,0.0020124632258698566,0.0010062316129349769,0.5,True,False,1.9868214923973726e-08,True,2163,3348
8,2,0.0,0.0,uniform,0,uniform,0.5,adaptive,stage1,,,9,0.00441601506674516,0.01272213396926721,0.0010061702613543,0.0005030851306771777,0.5,True,False,-4.96705373012607e-09,True,2358,3720
8,2,0.0,0.0,uniform,0,uniform,0.5,adaptive,stage1,,,10,0.004415992507498245,0.01272213893632094,0.000503146482257702,0.00025157324112878854,0.5,True,False,4.96705373012607e-09,True,2553,4092
8,2,0.0,0.0,uniform,0,uniform,0.5,guarded,stage1,,,0,0.0007172738854874794,0.007523282741506894,0.40248835052879517,0.20124417526439758,0.5,True,False,,True,453,372
8,2,0.0,0.0,uniform,0,uniform,0.5,guarded,stage1,,,1,0.004416100372264253,0.012722148870428404,0.2575751696008739,0.20124417526439758,0.25,False,True,0.00519886612892151,True,699,744
8,2,0.0,0.0,uniform,0,uniform,0.5,guarded,stage1,,,2,0.0007172738854874794,0.007523282741506894,0.40248835052879517,0.10062208763219882,0.25,True,False,0.0,True,1152,1116
8,2,0.0,0.0,uniform,0,uniform,0.5,guarded,stage1,,,3,0.004415869480664192,0.012722119068106016,0.3581968891236382,0.10062208763219882,0.125,False,True,0.005198836326599122,True,1356,1488
8,2,0.0,0.0,uniform,0,uniform,0.5,guarded,stage1,,,4,0.0007172738854874794,0.007523282741506894,0.40248835052879517,0.05031104381609941,0.125,True,False,0.0,True,1809,1860
8,2,0.0,0.0,uniform,0,uniform,0.5,guarded,stage1,,,5,0.00015372950295500232,0.0066094739983479185,0.34367506818846727,0.04295938352355838,0.125,True,False,-0.0009138087431589757,True,2220,2232
8,2,0.0,0.0,uniform,0,uniform,0.5,guarded,stage1,,,6,0.004415933048843357,0.012722119068106016,0.3655485494161792,0.04295938352355838,0.0625,False,True,0.006112645069758098,True,2418,2604
8,2,0.0,0.0,uniform,0,uniform,0.5,guarded,stage1,,,7,0.00015372950295500232,0.0066094739983479185,0.34367506818846727,0.021479691761779218,0.0625,True,False,0.0,True,2829,2976
8,2,0.0,0.0,uniform,0,uniform,0.5,guarded,stage1,,,8,0.00826062933247762,0.006124613806605339,0.3178283938288094,0.01986427461430068,0.0625,True,False,-0.00048486019174257943,True,3015,3348
8,2,0.0,0.0,uniform,0,uniform,0.5,guarded,stage1,,,9,0.004415910489615982,0.01272213396926721,0.36716415061830115,0.01986427461430068,0.05,False,True,0.006597520162661871,True,3213,3720
8,2,0.0,0.0,uniform,0,uniform,0.5,guarded,stage1,,,10,0.00826062933247762,0.006124613806605339,0.3178283938288094,0.015891419691440534,0.05,True,False,0.0,True,3399,4092
8,2,0.0,0.0,uniform,0,uniform,0.5,guarded,stage1,,,11,0.0020956369269597985,0.009509160493810972,0.3346106674778584,0.015891419691440534,0.05,False,True,0.003384546687205633,True,3705,4464
8,2,0.0,0.0,uniform,0,uniform,0.5,guarded,stage1,,,12,0.00826062933247762,0.006124613806605339,0.3178283938288094,0.015891419691440534,0.05,True,False,0.0,True,3891,4836
8,2,0.0,0.0,uniform,0,uniform,0.5,guarded,stage1,,,13,0.0020956369269597985,0.009509160493810972,0.3346106674778584,0.015891419691440534,0.05,False,True,0.003384546687205633,True,4197,5208
8,2,0.0,0.0,uniform,0,uniform,0.5,guarded,stage1,,,14,0.00826062933247762,0.006124613806605339,0.3178283938288094,0.015891419691440534,0.05,True,False,0.0,True,4383,5580
8,2,0.0,0.0,uniform,0,uniform,0.5,guarded,stage1,,,15,0.0020956369269597985,0.009509160493810972,0.3346106674778584,0.015891419691440534,0.05,False,True,0.003384546687205633,True,4689,5952
8,2,0.0,0.0,uniform,0,uniform,0.5,guarded,stage1,,,16,0.00826062933247762,0.006124613806605339,0.3178283938288094,0.015891419691440534,0.05,True,False,0.0,True,4875,6324
8,2,0.0,0.0,uniform,0,uniform,0.5,guarded,stage1,,,17,0.0020956369269597985,0.009509160493810972,0.3346106674778584,0.015891419691440534,0.05,False,True,0.003384546687205633,True,5181,6696
8,2,0.0,0.0,uniform,0,uniform,0.5,guarded,stage1,,,18,0.00826062933247762,0.006124613806605339,0.3178283938288094,0.015891419691440534,0.05,True,False,0.0,True,5367,7068
8,2,0.0,0.0,uniform,0,uniform,0.5,guarded,stage1,,,19,0.0020956369269597985,0.009509160493810972,0.3346106674778584,0.015891419691440534,0.05,False,True,0.003384546687205633,True,5673,7440
9,2,0.0,0.0,uniform,0,uniform,0.5,fixed,stage1,,,0,0.009792884123761364,0.006946942458550136,0.6003625705145359,0.30018128525726795,0.5,True,False,,True,135,849
9,2,0.0,0.0,uniform,0,uniform,0.5,fixed,stage1,,,1,0.021719164802726752,0.005212221294641495,0.2790500489631938,0.1395250244815969,0.5,True,False,-0.0017347211639086408,True,432,1698
9,2,0.0,0.0,uniform,0,uniform,0.5,fixed,stage1,,,2,0.021788414888818816,0.00504540279507637,0.13757108825164494,0.06878554412582252,0.5,True,False,-0.0001668184995651245,True,834,2547
9,2,0.0,0.0,uniform,0,uniform,0.5,fixed,stage1,,,3,0.021789465482891457,0.00505610927939415,0.06891055264260232,0.03445527632130119,0.5,True,False,1.0706484317779541e-05,True,1185,3396
9,2,0.0,0.0,uniform,0,uniform,0.5,fixed,stage1,,,4,0.019037232712776707,0.006177041679620743,0.047849753968141194,0.023924876984070573,0.5,True,False,0.001120932400226593,True,1404,4245
9,2,0.0,0.0,uniform,0,uniform,0.5,fixed,stage1,,,5,0.02157556100677635,0.004986717055241267,0.009721138644826932,0.004860569322413494,0.5,True,False,-0.0011903246243794756,True,1743,5094
9,2,0.0,0.0,uniform,0,uniform,0.5,fixed,stage1,,,6,0.02151598304188823,0.004973919441302617,0.004711569659114491,0.002355784829557242,0.5,True,False,-1.2797613938650074e-05,True,2088,5943
9,2,0.0,0.0,uniform,0,uniform,0.5,fixed,stage1,,,7,0.021782060608265992,0.0050433290501435595,0.003164829956217842,0.0015824149781089175,0.5,True,False,6.940960884094238e-05,True,2526,6792
9,2,0.0,0.0,uniform,0,uniform,0.5,fixed,stage1,,,8,0.02178796060679672,0.0050461577872435255,0.001615435177161527,0.0008077175885807947,0.5,True,False,2.8287370999659917e-06,True,3003,7641
9,2,0.0,0.0,uniform,0,uniform,0.5,fixed,stage1,,,9,0.021824977645892422,0.005100782960653305,0.001446105665837659,0.0007230528329188052,0.5,True,False,5.462517340977958e-05,True,3435,8490
9,2,0.0,0.0,uniform,0,uniform,0.5,fixed,stage1,,,10,0.021789136296615774,0.005046418557564418,8.770895014120761e-05,4.3854475070659316e-05,0.5,True,False,-5.4364403088887243e-05,True,3858,9339
9,2,0.0,0.0,uniform,0,uniform,0.5,adaptive,stage1,,,0,0.009792884123761364,0.006946942458550136,0.6003625705145359,0.30018128525726795,0.5,True,False,,True,135,849
9,2,0.0,0.0,uniform,0,uniform,0.5,adaptive,stage1,,,1,0.021719164802726752,0.005212221294641495,0.2790500489631938,0.1395250244815969,0.5,True,False,-0.0017347211639086408,True,432,1698
9,2,0.0,0.0,uniform,0,uniform,0.5,adaptive,stage1,,,2,0.021788414888818816,0.00504540279507637,0.13757108825164494,0.06878554412582252,0.5,True,False,-0.0001668184995651245,True,834,2547
9,2,0.0,0.0,uniform,0,uniform,0.5,adaptive,stage1,,,3,0.021789465482891457,0.00505610927939415,0.06891055264260232,0.03445527632130119,0.5,True,False,1.0706484317779541e-05,True,1185,3396
9,2,0.0,0.0,uniform,0,uniform,0.5,adaptive,stage1,,,4,0.019037232712776707,0.006177041679620743,0.047849753968141194,0.023924876984070573,0.5,True,False,0.001120932400226593,True,1404,4245
9,2,0.0,0.0,uniform,0,uniform,0.5,adaptive,stage1,,,5,0.02157556100677635,0.004986717055241267,0.009721138644826932,0.004860569322413494,0.5,True,False,-0.0011903246243794756,True,1743,5094
9,2,0.0,0.0,uniform,0,uniform,0.5,adaptive,stage1,,,6,0.02151598304188823,0.004973919441302617,0.004711569659114491,0.002355784829557242,0.5,True,False,-1.2797613938650074e-05,True,2088,5943
9,2,0.0,0.0,uniform,0,uniform,0.5,adaptive,stage1,,,7,0.021782060608265992,0.0050433290501435595,0.003164829956217842,0.0015824149781089175,0.5,True,False,6.940960884094238e-05,True,2526,6792
9,2,0.0,0.0,uniform,0,uniform,0.5,adaptive,stage1,,,8,0.02178796060679672,0.0050461577872435255,0.001615435177161527,0.0008077175885807947,0.5,True,False,2.8287370999659917e-06,True,3003,7641
9,2,0.0,0.0,uniform,0,uniform,0.5,adaptive,stage1,,,9,0.021824977645892422,0.005100782960653305,0.001446105665837659,0.0007230528329188052,0.5,True,False,5.462517340977958e-05,True,3435,8490
9,2,0.0,0.0,uniform,0,uniform,0.5,adaptive,stage1,,,10,0.021789136296615774,0.005046418557564418,8.770895014120761e-05,4.3854475070659316e-05,0.5,True,False,-5.4364403088887243e-05,True,3858,9339
9,2,0.0,0.0,uniform,0,uniform,0.5,guarded,stage1,,,0,0.009792884123761364,0.006946942458550136,0.6003625705145359,0.30018128525726795,0.5,True,False,,True,135,849
9,2,0.0,0.0,uniform,0,uniform,0.5,guarded,stage1,,,1,0.021719164802726752,0.005212221294641495,0.2790500489631938,0.1395250244815969,0.5,True,False,-0.0017347211639086408,True,432,1698
9,2,0.0,0.0,uniform,0,uniform,0.5,guarded,stage1,,,2,0.021788414888818816,0.00504540279507637,0.13757108825164494,0.06878554412582252,0.5,True,False,-0.0001668184995651245,True,834,2547
9,2,0.0,0.0,uniform,0,uniform,0.5,guarded,stage1,,,3,0.021789465482891457,0.00505610927939415,0.06891055264260232,0.03445527632130119,0.5,True,False,1.0706484317779541e-05,True,1185,3396
9,2,0.0,0.0,uniform,0,uniform,0.5,guarded,stage1,,,4,0.019037232712776707,0.006177041679620743,0.047849753968141194,0.03445527632130119,0.25,False,True,0.001120932400226593,True,1404,4245
9,2,0.0,0.0,uniform,0,uniform,0.5,guarded,stage1,,,5,0.021789465482891457,0.00505610927939415,0.06891055264260232,0.017227638160650566,0.25,True,False,0.0,True,1755,5094
9,2,0.0,0.0,uniform,0,uniform,0.5,guarded,stage1,,,6,0.021791383337546166,0.005054614196221034,0.05166545469364606,0.012916363673411535,0.25,True,False,-1.495083173115759e-06,True,2040,5943
9,2,0.0,0.0,uniform,0,uniform,0.5,guarded,stage1,,,7,0.0198634902280741,0.005301802108685176,0.04165020236054713,0.012916363673411535,0.125,False,True,0.00024718791246414185,True,2475,6792
9,2,0.0,0.0,uniform,0,uniform,0.5,guarded,stage1,,,8,0.021791383337546166,0.005054614196221034,0.05166545469364606,0.0064581818367057675,0.125,True,False,0.0,True,2760,7641
9,2,0.0,0.0,uniform,0,uniform,0.5,guarded,stage1,,,9,0.021788163161011898,0.0050554585953553515,0.045217133737170956,0.005652141717146411,0.125,True,False,8.443991343174556e-07,True,3048,8490
9,2,0.0,0.0,uniform,0,uniform,0.5,guarded,stage1,,,10,0.020870434377627395,0.004949054370323817,0.038325052346309216,0.004790631543288584,0.125,True,False,-0.00010640422503153425,True,3327,9339
9,2,0.0,0.0,uniform,0,uniform,0.5,guarded,stage1,,,11,0.021548856564693464,0.0049805305898189545,0.03390066148776817,0.004237582685971054,0.125,True,False,3.1476219495137243e-05,True,3594,10188
9,2,0.0,0.0,uniform,0,uniform,0.5,guarded,stage1,,,12,0.0218579591328125,0.005132775753736496,0.031441116003896645,0.004237582685971054,0.0625,False,True,0.0001522451639175415,True,4035,11037
9,2,0.0,0.0,uniform,0,uniform,0.5,guarded,stage1,,,13,0.021548856564693464,0.0049805305898189545,0.03390066148776817,0.0021187913429855237,0.0625,True,False,0.0,True,4302,11886
9,2,0.0,0.0,uniform,0,uniform,0.5,guarded,stage1,,,14,0.018956790651586515,0.006187827636798223,0.046189550795546035,0.0021187913429855237,0.05,False,True,0.001207297046979268,True,4476,12735
9,2,0.0,0.0,uniform,0,uniform,0.5,guarded,stage1,,,15,0.021548856564693464,0.0049805305898189545,0.03390066148776817,0.0016950330743885356,0.05,True,False,0.0,True,4743,13584
9,2,0.0,0.0,uniform,0,uniform,0.5,guarded,stage1,,,16,0.01897580650737351,0.006185269604126613,0.04658202069242863,0.0016950330743885356,0.05,False,True,0.0012047390143076582,True,4947,14433
9,2,0.0,0.0,uniform,0,uniform,0.5,guarded,stage1,,,17,0.021548856564693464,0.0049805305898189545,0.03390066148776817,0.0016950330743885356,0.05,True,False,0.0,True,5214,15282
9,2,0.0,0.0,uniform,0,uniform,0.5,guarded,stage1,,,18,0.01897580650737351,0.006185269604126613,0.04658202069242863,0.0016950330743885356,0.05,False,True,0.0012047390143076582,True,5418,16131
9,2,0.0,0.0,uniform,0,uniform,0.5,guarded,stage1,,,19,0.021548856564693464,0.0049805305898189545,0.03390066148776817,0.0016950330743885356,0.05,True,False,0.0,True,5685,16980
10,2,0.0,0.0,uniform,0,uniform,0.5,fixed,stage1,,,0,0.0023850733366685972,0.013845899452765783,0.24875922074375129,0.12437961037187567,0.5,True,False,,True,186,57
10,2,0.0,0.0,uniform,0,uniform,0.5,fixed,stage1,,,1,0.0021585292991015415,0.013800037403901419,0.12108798901908929,0.060543994509544674,0.5,True,False,-4.5862048864364624e-05,True,327,114
10,2,0.0,0.0,uniform,0,uniform,0.5,fixed,stage1,,,2,0.001843148567434394,0.01371286561091741,0.054521733208634376,0.027260866604317202,0.5,True,False,-8.717179298400879e-05,True,501,171
10,2,0.0,0.0,uniform,0,uniform,0.5,fixed,stage1,,,3,0.0037720843457442754,0.013907870898644129,0.04116540330904003,0.020582701654519975,0.5,True,False,0.00019500528772671902,True,945,228
10,2,0.0,0.0,uniform,0,uniform,0.5,fixed,stage1,,,4,0.004307072910979315,0.013945882519086203,0.023483281181507193,0.011741640590753638,0.5,True,False,3.801162044207371e-05,True,1215,285
10,2,0.0,0.0,uniform,0,uniform,0.5,fixed,stage1,,,5,0.002817221514550994,0.013909382124741873,0.008955125267721686,0.004477562633860871,0.5,True,False,-3.6500394344329834e-05,True,1329,342
10,2,0.0,0.0,uniform,0,uniform,0.5,fixed,stage1,,,6,0.003490644099604978,0.014141415556271872,0.023299992992307533,0.011649996496153725,0.5,True,False,0.00023203343152999878,True,1551,399
10,2,0.0,0.0,uniform,0,uniform,0.5,fixed,stage1,,,7,0.0007874309710302896,0.013222662111123403,0.05022081197578904,0.02511040598789449,0.5,True,False,-0.000918753445148468,True,1818,456
10,2,0.0,0.0,uniform,0,uniform,0.5,fixed,stage1,,,8,0.003000527645082407,0.013934080799420675,0.019816841186108658,0.009908420593054357,0.5,True,False,0.0007114186882972717,True,1929,513
10,2,0.0,0.0,uniform,0,uniform,0.5,fixed,stage1,,,9,0.002767269654453841,0.013925439367691675,0.009247892766740012,0.004623946383370048,0.5,True,False,-8.641431728999976e-06,True,2043,570
10,2,0.0,0.0,uniform,0,uniform,0.5,fixed,stage1,,,10,0.0027583175151169037,0.013890177011489868,0.0019636408182859277,0.0009818204091429639,0.5,True,False,-3.526235620180708e-05,True,2175,627
10,2,0.0,0.0,uniform,0,uniform,0.5,fixed,stage1,,,11,0.0027371705619061437,0.01389310508966446,0.0012006063445283155,0.0006003031722642271,0.5,True,False,2.9280781745910645e-06,True,2292,684
10,2,0.0,0.0,uniform,0,uniform,0.5,fixed,stage1,,,12,0.0027115669071746673,0.013901653389135996,0.0012412107383343862,0.0006206053691671654,0.5,True,False,8.548299471536694e-06,True,2409,741
10,2,0.0,0.0,uniform,0,uniform,0.5,fixed,stage1,,,13,0.002685521334823804,0.013910159468650818,0.001261588513354367,0.0006307942566771418,0.5,True,False,8.506079514821949e-06,True,2526,798
10,2,0.0,0.0,uniform,0,uniform,0.5,fixed,stage1,,,14,0.0026593714545626312,0.013918562481800715,0.0012672093529735862,0.0006336046764867653,0.5,True,False,8.40301314989668e-06,True,2643,855
10,2,0.0,0.0,uniform,0,uniform,0.5,fixed,stage1,,,15,0.0026337410783292547,0.01392681027452151,0.0012613787749655714,0.0006306893874828134,0.5,True,False,8.247792720794678e-06,True,2760,912
10,2,0.0,0.0,uniform,0,uniform,0.5,fixed,stage1,,,16,0.0027098644110536974,0.013884875923395157,0.0025293095905293828,0.0012646547952646359,0.5,True,False,-4.193435112635237e-05,True,2904,969
10,2,0.0,0.0,uniform,0,uniform,0.5,fixed,stage1,,,17,0.0026593714545626312,0.013918562481800715,0.0012675700842686433,0.0006337850421343216,0.5,True,False,3.368655840555769e-05,True,3021,1026
10,2,0.0,0.0,uniform,0,uniform,0.5,fixed,stage1,,,18,0.0026337410783292547,0.01392681027452151,0.0012615591406130722,0.0006307795703065222,0.5,True,False,8.247792720794678e-06,True,3138,1083
10,2,0.0,0.0,uniform,0,uniform,0.5,fixed,stage1,,,19,0.0027098644110536974,0.013884875923395157,0.0025292194077055907,0.0012646097038527815,0.5,True,False,-4.193435112635237e-05,True,3282,1140
10,2,0.0,0.0,uniform,0,uniform,0.5,adaptive,stage1,,,0,0.0023850733366685972,0.013845899452765783,0.24875922074375129,0.12437961037187567,0.5,True,False,,True,186,57
10,2,0.0,0.0,uniform,0,uniform,0.5,adaptive,stage1,,,1,0.0021585292991015415,0.013800037403901419,0.12108798901908929,0.060543994509544674,0.5,True,False,-4.5862048864364624e-05,True,327,114
10,2,0.0,0.0,uniform,0,uniform,0.5,adaptive,stage1,,,2,0.001843148567434394,0.01371286561091741,0.054521733208634376,0.027260866604317202,0.5,True,False,-8.717179298400879e-05,True,501,171
10,2,0.0,0.0,uniform,0,uniform,0.5,adaptive,stage1,,,3,0.0037720843457442754,0.013907870898644129,0.04116540330904003,0.020582701654519975,0.5,True,False,0.00019500528772671902,True,945,228
10,2,0.0,0.0,uniform,0,uniform,0.5,adaptive,stage1,,,4,0.004307072910979315,0.013945882519086203,0.023483281181507193,0.011741640590753638,0.5,True,False,3.801162044207371e-05,True,1215,285
10,2,0.0,0.0,uniform,0,uniform,0.5,adaptive,stage1,,,5,0.002817221514550994,0.013909382124741873,0.008955125267721686,0.004477562633860871,0.5,True,False,-3.6500394344329834e-05,True,1329,342
10,2,0.0,0.0,uniform,0,uniform,0.5,adaptive,stage1,,,6,0.003490644099604978,0.014141415556271872,0.023299992992307533,0.00582499824807689,0.25,True,False,0.00023203343152999878,True,1551,399
10,2,0.0,0.0,uniform,0,uniform,0.5,adaptive,stage1,,,7,0.0027010620467002866,0.013884957879781723,0.0031784336377345124,0.0007946084094336558,0.25,True,False,-0.0002564576764901485,True,1686,456
10,2,0.0,0.0,uniform,0,uniform,0.5,adaptive,stage1,,,8,0.0026962271505723834,0.013892853011687597,0.001794855803566059,0.00044871395089152166,0.25,True,False,7.895131905874195e-06,True,1815,513
10,2,0.0,0.0,uniform,0,uniform,0.5,adaptive,stage1,,,9,0.002632166133188285,0.013927305738131205,0.0012565988277845608,0.00031414970694609856,0.25,True,False,3.4452726443607445e-05,True,1932,570
10,2,0.0,0.0,uniform,0,uniform,0.5,adaptive,stage1,,,10,0.0027014490353449716,0.013891074806451797,0.0017931844282975118,0.00022414805353718203,0.125,True,False,-3.623093167940718e-05,True,2061,627
10,2,0.0,0.0,uniform,0,uniform,0.5,adaptive,stage1,,,11,0.0030152226461535037,0.013891642292340597,0.0015266409485900079,0.00019083011857379262,0.125,True,False,5.674858887996098e-07,True,2517,684
10,2,0.0,0.0,uniform,0,uniform,0.5,adaptive,stage1,,,12,0.002636150856896613,0.013926040381193161,0.0012608857097629877,0.0001576107137203353,0.125,True,False,3.4398088852563916e-05,True,2634,741
10,2,0.0,0.0,uniform,0,uniform,0.5,adaptive,stage1,,,13,0.002850026429598529,0.01388822744290034,0.0017483211978345237,0.00010927007486463691,0.0625,True,False,-3.781293829282183e-05,True,2865,798
10,2,0.0,0.0,uniform,0,uniform,0.5,adaptive,stage1,,,14,0.002634202240416439,0.013926679889361063,0.0012613277962220115,7.88329872638549e-05,0.0625,True,False,3.845244646072388e-05,True,2982,855
10,2,0.0,0.0,uniform,0,uniform,0.5,adaptive,stage1,,,15,0.002854423257133476,0.013888308157523474,0.0017118651565408982,8.559325782706018e-05,0.05,True,False,-3.837173183758938e-05,True,3267,912
10,2,0.0,0.0,uniform,0,uniform,0.5,adaptive,stage1,,,16,0.002634494586800873,0.013926570614178976,0.0012597510542593227,6.298755271291756e-05,0.05,True,False,3.826245665550232e-05,True,3384,969
10,2,0.0,0.0,uniform,0,uniform,0.5,adaptive,stage1,,,17,0.0026319581943736736,0.013927377760410309,0.0012583565798271745,6.291782899142673e-05,0.05,True,False,8.071462313328365e-07,True,3501,1026
10,2,0.0,0.0,uniform,0,uniform,0.5,adaptive,stage1,,,18,0.0030462317117088134,0.013894246270259222,0.0013085770372323058,6.542885186155978e-05,0.05,True,False,-3.3131490151086865e-05,True,3954,1083
10,2,0.0,0.0,uniform,0,uniform,0.5,adaptive,stage1,,,19,0.002631980836824699,0.013927367826302847,0.001260109353026423,6.300546765122816e-05,0.05,True,False,3.312155604362488e-05,True,4071,1140
10,2,0.0,0.0,uniform,0,uniform,0.5,guarded,stage1,,,0,0.0023850733366685972,0.013845899452765783,0.24875922074375129,0.12437961037187567,0.5,True,False,,True,186,57
10,2,0.0,0.0,uniform,0,uniform,0.5,guarded,stage1,,,1,0.0021585292991015415,0.013800037403901419,0.12108798901908929,0.060543994509544674,0.5,True,False,-4.5862048864364624e-05,True,327,114
10,2,0.0,0.0,uniform,0,uniform,0.5,guarded,stage1,,,2,0.001843148567434394,0.01371286561091741,0.054521733208634376,0.027260866604317202,0.5,True,False,-8.717179298400879e-05,True,501,171
10,2,0.0,0.0,uniform,0,uniform,0.5,guarded,stage1,,,3,0.0037720843457442754,0.013907870898644129,0.04116540330904003,0.027260866604317202,0.25,False,True,0.00019500528772671902,True,945,228
10,2,0.0,0.0,uniform,0,uniform,0.5,guarded,stage1,,,4,0.001843148567434394,0.01371286561091741,0.054521733208634376,0.013630433302158573,0.25,True,False,0.0,True,1119,285
10,2,0.0,0.0,uniform,0,uniform,0.5,guarded,stage1,,,5,0.0016529223849364172,0.013659901916980743,0.037374495803563806,0.009343623950890972,0.25,True,False,-5.296369393666643e-05,True,1314,342
10,2,0.0,0.0,uniform,0,uniform,0.5,guarded,stage1,,,6,0.0024908761995448003,0.01386799414952596,0.04247905840695934,0.009343623950890972,0.125,False,True,0.00020809223254521746,True,1527,399
10,2,0.0,0.0,uniform,0,uniform,0.5,guarded,stage1,,,7,0.0016529223849364172,0.013659901916980743,0.037374495803563806,0.004671811975445445,0.125,True,False,0.0,True,1722,456
10,2,0.0,0.0,uniform,0,uniform,0.5,guarded,stage1,,,8,0.002111921421587226,0.013773508369922638,0.04037716790292001,0.004671811975445445,0.0625,False,True,0.00011360645294189453,True,1941,513
10,2,0.0,0.0,uniform,0,uniform,0.5,guarded,stage1,,,9,0.0016529223849364172,0.013659901916980743,0.037374495803563806,0.0023359059877227084,0.0625,True,False,0.0,True,2136,570
10,2,0.0,0.0,uniform,0,uniform,0.5,guarded,stage1,,,10,0.0017034774077311354,0.013668873657782873,0.035627030317820274,0.0022266893948637845,0.0625,True,False,8.971740802129688e-06,True,2343,627
10,2,0.0,0.0,uniform,0,uniform,0.5,guarded,stage1,,,11,0.0035748457344517703,0.013901018848021826,0.049717348084942964,0.0022266893948637845,0.05,False,True,0.00023214519023895264,True,2811,684
10,2,0.0,0.0,uniform,0,uniform,0.5,guarded,stage1,,,12,0.0017034774077311354,0.013668873657782873,0.035627030317820274,0.001781351515891011,0.05,True,False,0.0,True,3018,741
10,2,0.0,0.0,uniform,0,uniform,0.5,guarded,stage1,,,13,0.007050436597323184,0.005404892067114512,0.13094275272955594,0.006547137636477823,0.05,True,False,-0.008263981590668362,True,3324,798
10,2,0.0,0.0,uniform,0,uniform,0.5,guarded,stage1,,,14,0.0016599233124034996,0.013656797508398691,0.03960144458184606,0.006547137636477823,0.05,False,True,0.00825190544128418,True,3537,855
10,2,0.0,0.0,uniform,0,uniform,0.5,guarded,stage1,,,15,0.007050436597323184,0.005404892067114512,0.13094275272955594,0.006547137636477823,0.05,True,False,0.0,True,3843,912
10,2,0.0,0.0,uniform,0,uniform,0.5,guarded,stage1,,,16,0.0016599233124034996,0.013656797508398691,0.03960144458184606,0.006547137636477823,0.05,False,True,0.00825190544128418,True,4056,969
10,2,0.0,0.0,uniform,0,uniform,0.5,guarded,stage1,,,17,0.007050436597323184,0.005404892067114512,0.13094275272955594,0.006547137636477823,0.05,True,False,0.0,True,4362,1026
10,2,0.0,0.0,uniform,0,uniform,0.5,guarded,stage1,,,18,0.0016599233124034996,0.013656797508398691,0.03960144458184606,0.006547137636477823,0.05,False,True,0.00825190544128418,True,4575,1083
10,2,0.0,0.0,uniform,0,uniform,0.5,guarded,stage1,,,19,0.007050436597323184,0.005404892067114512,0.13094275272955594,0.006547137636477823,0.05,True,False,0.0,True,4881,1140
11,2,0.0,0.0,uniform,0,uniform,0.5,fixed,stage1,,,0,0.009162977326902855,0.0036158408038318157,0.6951646846217108,0.34758234231085533,0.5,True,False,,True,201,795
11,2,0.0,0.0,uniform,0,uniform,0.5,fixed,stage1,,,1,0.009163029285222946,0.0036158631555736065,0.34758243545162115,0.17379121772581055,0.5,True,False,2.2351741790771484e-08,True,402,1590
11,2,0.0,0.0,uniform,0,uniform,0.5,fixed,stage1,,,2,0.009163029285222946,0.0036158631555736065,0.17379121772581063,0.08689560886290532,0.5,True,False,0.0,True,633,2385
11,2,0.0,0.0,uniform,0,uniform,0.5,fixed,stage1,,,3,0.009162977326902855,0.0036158408038318157,0.08689551572213958,0.04344775786106975,0.5,True,False,-2.2351741790771484e-08,True,894,3180
11,2,0.0,0.0,uniform,0,uniform,0.5,fixed,stage1,,,4,0.009163215705042305,0.003615930210798979,0.043448130424282555,0.02172406521214129,0.5,True,False,8.940696716308594e-08,True,1101,3975
11,2,0.0,0.0,uniform,0,uniform,0.5,fixed,stage1,,,5,0.009162975868846956,0.003615843287358681,0.02172370299790133,0.010861851498950664,0.5,True,False,-8.692344029758922e-08,True,1359,4770
11,2,0.0,0.0,uniform,0,uniform,0.5,fixed,stage1,,,6,0.009162968961658136,0.0036158408038318157,0.010861841149977874,0.005430920574988923,0.5,True,False,-2.4835268654967158e-09,True,1599,5565
11,2,0.0,0.0,uniform,0,uniform,0.5,fixed,stage1,,,7,0.009162975868846956,0.003615843287358681,0.005430930923961741,0.0027154654619808982,0.5,True,False,2.4835268654967158e-09,True,1848,6360
11,2,0.0,0.0,uniform,0,uniform,0.5,fixed,stage1,,,8,0.009162958063388293,0.003615851979702711,0.0027155016833877443,0.0013577508416938722,0.5,True,False,8.692344029889026e-09,True,2085,7155
11,2,0.0,0.0,uniform,0,uniform,0.5,fixed,stage1,,,9,0.009162968961658136,0.0036158408038318157,0.0013577042713141807,0.0006788521356571042,0.5,True,False,-1.1175870895385742e-08,True,2334,7950
11,2,0.0,0.0,uniform,0,uniform,0.5,fixed,stage1,,,10,0.009163029285222946,0.0036158631555736065,0.0006789452764228154,0.0003394726382114077,0.5,True,False,2.2351741790771484e-08,True,2589,8745
11,2,0.0,0.0,uniform,0,uniform,0.5,adaptive,stage1,,,0,0.009162977326902855,0.0036158408038318157,0.6951646846217108,0.34758234231085533,0.5,True,False,,True,201,795
11,2,0.0,0.0,uniform,0,uniform,0.5,adaptive,stage1,,,1,0.009163029285222946,0.0036158631555736065,0.34758243545162115,0.17379121772581055,0.5,True,False,2.2351741790771484e-08,True,402,1590
11,2,0.0,0.0,uniform,0,uniform,0.5,adaptive,stage1,,,2,0.009163029285222946,0.0036158631555736065,0.17379121772581063,0.08689560886290532,0.5,True,False,0.0,True,633,2385
11,2,0.0,0.0,uniform,0,uniform,0.5,adaptive,stage1,,,3,0.009162977326902855,0.0036158408038318157,0.08689551572213958,0.04344775786106975,0.5,True,False,-2.2351741790771484e-08,True,894,3180
11,2,0.0,0.0,uniform,0,uniform,0.5,adaptive,stage1,,,4,0.009163215705042305,0.003615930210798979,0.043448130424282555,0.02172406521214129,0.5,True,False,8.940696716308594e-08,True,1101,3975
11,2,0.0,0.0,uniform,0,uniform,0.5,adaptive,stage1,,,5,0.009162975868846956,0.003615843287358681,0.02172370299790133,0.010861851498950664,0.5,True,False,-8.692344029758922e-08,True,1359,4770
11,2,0.0,0.0,uniform,0,uniform,0.5,adaptive,stage1,,,6,0.009162968961658136,0.0036158408038318157,0.010861841149977874,0.005430920574988923,0.5,True,False,-2.4835268654967158e-09,True,1599,5565
11,2,0.0,0.0,uniform,0,uniform,0.5,adaptive,stage1,,,7,0.009162975868846956,0.003615843287358681,0.005430930923961741,0.0027154654619808982,0.5,True,False,2.4835268654967158e-09,True,1848,6360
11,2,0.0,0.0,uniform,0,uniform,0.5,adaptive,stage1,,,8,0.009162958063388293,0.003615851979702711,0.0027155016833877443,0.0013577508416938722,0.5,True,False,8.692344029889026e-09,True,2085,7155
11,2,0.0,0.0,uniform,0,uniform,0.5,adaptive,stage1,,,9,0.009162968961658136,0.0036158408038318157,0.0013577042713141807,0.0006788521356571042,0.5,True,False,-1.1175870895385742e-08,True,2334,7950
11,2,0.0,0.0,uniform,0,uniform,0.5,adaptive,stage1,,,10,0.009163029285222946,0.0036158631555736065,0.0006789452764228154,0.0003394726382114077,0.5,True,False,2.2351741790771484e-08,True,2589,8745
11,2,0.0,0.0,uniform,0,uniform,0.5,guarded,stage1,,,0,0.009162977326902855,0.0036158408038318157,0.6951646846217108,0.34758234231085533,0.5,True,False,,True,201,795
11,2,0.0,0.0,uniform,0,uniform,0.5,guarded,stage1,,,1,0.009163029285222946,0.0036158631555736065,0.34758243545162115,0.17379121772581055,0.5,True,False,2.2351741790771484e-08,True,402,1590
11,2,0.0,0.0,uniform,0,uniform,0.5,guarded,stage1,,,2,0.009163029285222946,0.0036158631555736065,0.17379121772581063,0.08689560886290532,0.5,True,False,0.0,True,633,2385
11,2,0.0,0.0,uniform,0,uniform,0.5,guarded,stage1,,,3,0.009162977326902855,0.0036158408038318157,0.08689551572213958,0.04344775786106975,0.5,True,False,-2.2351741790771484e-08,True,894,3180
11,2,0.0,0.0,uniform,0,uniform,0.5,guarded,stage1,,,4,0.009163215705042305,0.003615930210798979,0.043448130424282555,0.02172406521214129,0.5,True,False,8.940696716308594e-08,True,1101,3975
11,2,0.0,0.0,uniform,0,uniform,0.5,guarded,stage1,,,5,0.009162975868846956,0.003615843287358681,0.02172370299790133,0.010861851498950664,0.5,True,False,-8.692344029758922e-08,True,1359,4770
11,2,0.0,0.0,uniform,0,uniform,0.5,guarded,stage1,,,6,0.009162968961658136,0.0036158408038318157,0.010861841149977874,0.005430920574988923,0.5,True,False,-2.4835268654967158e-09,True,1599,5565
11,2,0.0,0.0,uniform,0,uniform,0.5,guarded,stage1,,,7,0.009162975868846956,0.003615843287358681,0.005430930923961741,0.0027154654619808982,0.5,True,False,2.4835268654967158e-09,True,1848,6360
11,2,0.0,0.0,uniform,0,uniform,0.5,guarded,stage1,,,8,0.009162958063388293,0.003615851979702711,0.0027155016833877443,0.0013577508416938722,0.5,True,False,8.692344029889026e-09,True,2085,7155
11,2,0.0,0.0,uniform,0,uniform,0.5,guarded,stage1,,,9,0.009162968961658136,0.0036158408038318157,0.0013577042713141807,0.0006788521356571042,0.5,True,False,-1.1175870895385742e-08,True,2334,7950
11,2,0.0,0.0,uniform,0,uniform,0.5,guarded,stage1,,,10,0.009163029285222946,0.0036158631555736065,0.0006789452764228154,0.0003394726382114077,0.5,True,False,2.2351741790771484e-08,True,2589,8745
12,2,0.0,0.0,uniform,0,uniform,0.5,fixed,stage1,,,0,0.004929653464029959,0.006175742795070012,1.0615316540078779,0.5307658270039389,0.5,True,False,,True,135,57
12,2,0.0,0.0,uniform,0,uniform,0.5,fixed,stage1,,,1,0.014275462517831183,0.00825780505935351,0.5481002778829305,0.2740501389414651,0.5,True,False,0.002082062264283498,True,375,114
12,2,0.0,0.0,uniform,0,uniform,0.5,fixed,stage1,,,2,0.014275450514382948,0.008257810026407242,0.2740501809705421,0.13702509048527112,0.5,True,False,4.967053731860793e-09,True,594,171
12,2,0.0,0.0,uniform,0,uniform,0.5,fixed,stage1,,,3,0.014275462517831183,0.00825780505935351,0.13702504845619412,0.06851252422809706,0.5,True,False,-4.967053731860793e-09,True,804,228
12,2,0.0,0.0,uniform,0,uniform,0.5,fixed,stage1,,,4,0.014275462517831183,0.00825780505935351,0.06851252422809707,0.034256262114048544,0.5,True,False,0.0,True,1062,285
12,2,0.0,0.0,uniform,0,uniform,0.5,fixed,stage1,,,5,0.014275450514382948,0.008257810026407242,0.03425630414312539,0.017128152071562493,0.5,True,False,4.967053731860793e-09,True,1248,342
12,2,0.0,0.0,uniform,0,uniform,0.5,fixed,stage1,,,6,0.014275462517831183,0.00825780505935351,0.017128110042486037,0.008564055021243015,0.5,True,False,-4.967053731860793e-09,True,1449,399
12,2,0.0,0.0,uniform,0,uniform,0.5,fixed,stage1,,,7,0.014275462517831183,0.00825780505935351,0.008564055021243022,0.004282027510621456,0.5,True,False,0.0,True,1683,456
12,2,0.0,0.0,uniform,0,uniform,0.5,fixed,stage1,,,8,0.014275462517831183,0.00825780505935351,0.004282027510621567,0.0021410137553107764,0.5,True,False,0.0,True,1926,513
12,2,0.0,0.0,uniform,0,uniform,0.5,fixed,stage1,,,9,0.014275462517831183,0.00825780505935351,0.0021410137553107902,0.0010705068776552598,0.5,True,False,0.0,True,2142,570
12,2,0.0,0.0,uniform,0,uniform,0.5,fixed,stage1,,,10,0.014275462517831183,0.00825780505935351,0.0010705068776555304,0.0005352534388277583,0.5,True,False,0.0,True,2358,627
12,2,0.0,0.0,uniform,0,uniform,0.5,fixed,stage1,,,11,0.014275462517831183,0.00825780505935351,0.0005352534388277722,0.00026762671941388955,0.5,True,False,0.0,True,2568,684
12,2,0.0,0.0,uniform,0,uniform,0.5,adaptive,stage1,,,0,0.004929653464029959,0.006175742795070012,1.0615316540078779,0.5307658270039389,0.5,True,False,,True,135,57
12,2,0.0,0.0,uniform,0,uniform,0.5,adaptive,stage1,,,1,0.014275462517831183,0.00825780505935351,0.5481002778829305,0.2740501389414651,0.5,True,False,0.002082062264283498,True,375,114
12,2,0.0,0.0,uniform,0,uniform,0.5,adaptive,stage1,,,2,0.014275450514382948,0.008257810026407242,0.2740501809705421,0.13702509048527112,0.5,True,False,4.967053731860793e-09,True,594,171
12,2,0.0,0.0,uniform,0,uniform,0.5,adaptive,stage1,,,3,0.014275462517831183,0.00825780505935351,0.13702504845619412,0.06851252422809706,0.5,True,False,-4.967053731860793e-09,True,804,228
12,2,0.0,0.0,uniform,0,uniform,0.5,adaptive,stage1,,,4,0.014275462517831183,0.00825780505935351,0.06851252422809707,0.034256262114048544,0.5,True,False,0.0,True,1062,285
12,2,0.0,0.0,uniform,0,uniform,0.5,adaptive,stage1,,,5,0.014275450514382948,0.008257810026407242,0.03425630414312539,0.017128152071562493,0.5,True,False,4.967053731860793e-09,True,1248,342
12,2,0.0,0.0,uniform,0,uniform,0.5,adaptive,stage1,,,6,0.014275462517831183,0.00825780505935351,0.017128110042486037,0.008564055021243015,0.5,True,False,-4.967053731860793e-09,True,1449,399
12,2,0.0,0.0,uniform,0,uniform,0.5,adaptive,stage1,,,7,0.014275462517831183,0.00825780505935351,0.008564055021243022,0.004282027510621456,0.5,True,False,0.0,True,1683,456
12,2,0.0,0.0,uniform,0,uniform,0.5,adaptive,stage1,,,8,0.014275462517831183,0.00825780505935351,0.004282027510621567,0.0021410137553107764,0.5,True,False,0.0,True,1926,513
12,2,0.0,0.0,uniform,0,uniform,0.5,adaptive,stage1,,,9,0.014275462517831183,0.00825780505935351,0.0021410137553107902,0.0010705068776552598,0.5,True,False,0.0,True,2142,570
12,2,0.0,0.0,uniform,0,uniform,0.5,adaptive,stage1,,,10,0.014275462517831183,0.00825780505935351,0.0010705068776555304,0.0005352534388277583,0.5,True,False,0.0,True,2358,627
12,2,0.0,0.0,uniform,0,uniform,0.5,adaptive,stage1,,,11,0.014275462517831183,0.00825780505935351,0.0005352534388277722,0.00026762671941388955,0.5,True,False,0.0,True,2568,684
12,2,0.0,0.0,uniform,0,uniform,0.5,guarded,stage1,,,0,0.004929653464029959,0.006175742795070012,1.0615316540078779,0.5307658270039389,0.5,True,False,,True,135,57
12,2,0.0,0.0,uniform,0,uniform,0.5,guarded,stage1,,,1,0.014275462517831183,0.00825780505935351,0.5481002778829305,0.5307658270039389,0.25,False,True,0.002082062264283498,True,375,114
12,2,0.0,0.0,uniform,0,uniform,0.5,guarded,stage1,,,2,0.004929653464029959,0.006175742795070012,1.0615316540078779,0.2653829135019694,0.25,True,False,0.0,True,510,171
12,2,0.0,0.0,uniform,0,uniform,0.5,guarded,stage1,,,3,0.013212856357741165,0.007305966069300969,0.8054888190372709,0.2653829135019694,0.125,False,True,0.001130223274230957,True,900,228
12,2,0.0,0.0,uniform,0,uniform,0.5,guarded,stage1,,,4,0.004929653464029959,0.006175742795070012,1.0615316540078779,0.1326914567509847,0.125,True,False,0.0,True,1035,285
12,2,0.0,0.0,uniform,0,uniform,0.5,guarded,stage1,,,5,0.0051021455934039395,0.0061385296285152435,0.9285354402482036,0.11606693003102547,0.125,True,False,-3.721316655476859e-05,True,1239,342
12,2,0.0,0.0,uniform,0,uniform,0.5,guarded,stage1,,,6,0.013215031196143201,0.007307153195142746,0.8221232424835326,0.11606693003102547,0.0625,False,True,0.0011686235666275024,True,1581,399
12,2,0.0,0.0,uniform,0,uniform,0.5,guarded,stage1,,,7,0.0051021455934039395,0.0061385296285152435,0.9285354402482036,0.058033465015512764,0.0625,True,False,0.0,True,1785,456
12,2,0.0,0.0,uniform,0,uniform,0.5,guarded,stage1,,,8,0.005468611362053011,0.006121197094519933,0.8703600902710145,0.05439750564193846,0.0625,True,False,-1.7332533995310755e-05,True,2136,513
12,2,0.0,0.0,uniform,0,uniform,0.5,guarded,stage1,,,9,0.012876288489648946,0.007222010443607966,0.8250498548746411,0.05439750564193846,0.05,False,True,0.0011008133490880336,True,2415,570
12,2,0.0,0.0,uniform,0,uniform,0.5,guarded,stage1,,,10,0.005468611362053011,0.006121197094519933,0.8703600902710145,0.043518004513550756,0.05,True,False,0.0,True,2766,627
12,2,0.0,0.0,uniform,0,uniform,0.5,guarded,stage1,,,11,0.009427658826029806,0.006357643753290176,0.8287809269983943,0.043518004513550756,0.05,False,True,0.00023644665877024362,True,3141,684
12,2,0.0,0.0,uniform,0,uniform,0.5,guarded,stage1,,,12,0.005468611362053011,0.006121197094519933,0.8703600902710145,0.043518004513550756,0.05,True,False,0.0,True,3492,741
12,2,0.0,0.0,uniform,0,uniform,0.5,guarded,stage1,,,13,0.009427658826029806,0.006357643753290176,0.8287809269983943,0.043518004513550756,0.05,False,True,0.00023644665877024362,True,3867,798
12,2,0.0,0.0,uniform,0,uniform,0.5,guarded,stage1,,,14,0.005468611362053011,0.006121197094519933,0.8703600902710145,0.043518004513550756,0.05,True,False,0.0,True,4218,855
12,2,0.0,0.0,uniform,0,uniform,0.5,guarded,stage1,,,15,0.009427658826029806,0.006357643753290176,0.8287809269983943,0.043518004513550756,0.05,False,True,0.00023644665877024362,True,4593,912
12,2,0.0,0.0,uniform,0,uniform,0.5,guarded,stage1,,,16,0.005468611362053011,0.006121197094519933,0.8703600902710145,0.043518004513550756,0.05,True,False,0.0,True,4944,969
12,2,0.0,0.0,uniform,0,uniform,0.5,guarded,stage1,,,17,0.009427658826029806,0.006357643753290176,0.8287809269983943,0.043518004513550756,0.05,False,True,0.00023644665877024362,True,5319,1026
12,2,0.0,0.0,uniform,0,uniform,0.5,guarded,stage1,,,18,0.005468611362053011,0.006121197094519933,0.8703600902710145,0.043518004513550756,0.05,True,False,0.0,True,5670,1083
12,2,0.0,0.0,uniform,0,uniform,0.5,guarded,stage1,,,19,0.009427658826029806,0.006357643753290176,0.8287809269983943,0.043518004513550756,0.05,False,True,0.00023644665877024362,True,6045,1140
13,2,0.0,0.0,uniform,0,uniform,0.5,fixed,stage1,,,0,0.022243574433021607,0.01242880616337061,1.2525299447834821,0.6262649723917411,0.5,True,False,,True,234,147
13,2,0.0,0.0,uniform,0,uniform,0.5,fixed,stage1,,,1,0.03142296468132599,0.02014762070029974,0.6804016942749256,0.34020084713746274,0.5,True,False,0.0077188145369291306,True,369,294
13,2,0.0,0.0,uniform,0,uniform,0.5,fixed,stage1,,,2,0.036772709032753426,0.021873373227814834,0.3402008471374628,0.17010042356873145,0.5,True,False,0.0017257525275150946,True,582,441
13,2,0.0,0.0,uniform,0,uniform,0.5,fixed,stage1,,,3,0.03487901092062273,0.02156555683662494,0.17010042356873137,0.08505021178436568,0.5,True,False,-0.0003078163911898954,True,678,588
13,2,0.0,0.0,uniform,0,uniform,0.5,fixed,stage1,,,4,0.036772709032753426,0.021873373227814834,0.08505021178436568,0.042525105892182904,0.5,True,False,0.0003078163911898954,True,897,735
13,2,0.0,0.0,uniform,0,uniform,0.5,fixed,stage1,,,5,0.036772709032753426,0.021873373227814834,0.04252510589218278,0.021262552946091334,0.5,True,False,0.0,True,1119,882
13,2,0.0,0.0,uniform,0,uniform,0.5,fixed,stage1,,,6,0.036772709032753426,0.021873373227814834,0.02126255294609145,0.01063127647304578,0.5,True,False,0.0,True,1338,1029
13,2,0.0,0.0,uniform,0,uniform,0.5,fixed,stage1,,,7,0.036772709032753426,0.021873373227814834,0.010631276473045669,0.005315638236522778,0.5,True,False,0.0,True,1566,1176
13,2,0.0,0.0,uniform,0,uniform,0.5,fixed,stage1,,,8,0.036772709032753426,0.021873373227814834,0.005315638236522891,0.0026578191182613908,0.5,True,False,0.0,True,1812,1323
13,2,0.0,0.0,uniform,0,uniform,0.5,fixed,stage1,,,9,0.036772709032753426,0.021873373227814834,0.0026578191182615,0.0013289095591308038,0.5,True,False,0.0,True,2022,1470
13,2,0.0,0.0,uniform,0,uniform,0.5,fixed,stage1,,,10,0.036772709032753426,0.021873373227814834,0.0013289095591306962,0.0006644547795653481,0.5,True,False,0.0,True,2241,1617
13,2,0.0,0.0,uniform,0,uniform,0.5,fixed,stage1,,,11,0.036772709032753426,0.021873373227814834,0.0006644547795653481,0.0003322273897827296,0.5,True,False,0.0,True,2454,1764
13,2,0.0,0.0,uniform,0,uniform,0.5,adaptive,stage1,,,0,0.022243574433021607,0.01242880616337061,1.2525299447834821,0.6262649723917411,0.5,True,False,,True,234,147
13,2,0.0,0.0,uniform,0,uniform,0.5,adaptive,stage1,,,1,0.03142296468132599,0.02014762070029974,0.6804016942749256,0.34020084713746274,0.5,True,False,0.0077188145369291306,True,369,294
13,2,0.0,0.0,uniform,0,uniform,0.5,adaptive,stage1,,,2,0.036772709032753426,0.021873373227814834,0.3402008471374628,0.17010042356873145,0.5,True,False,0.0017257525275150946,True,582,441
13,2,0.0,0.0,uniform,0,uniform,0.5,adaptive,stage1,,,3,0.03487901092062273,0.02156555683662494,0.17010042356873137,0.08505021178436568,0.5,True,False,-0.0003078163911898954,True,678,588
13,2,0.0,0.0,uniform,0,uniform,0.5,adaptive,stage1,,,4,0.036772709032753426,0.021873373227814834,0.08505021178436568,0.042525105892182904,0.5,True,False,0.0003078163911898954,True,897,735
13,2,0.0,0.0,uniform,0,uniform,0.5,adaptive,stage1,,,5,0.036772709032753426,0.021873373227814834,0.04252510589218278,0.021262552946091334,0.5,True,False,0.0,True,1119,882
13,2,0.0,0.0,uniform,0,uniform,0.5,adaptive,stage1,,,6,0.036772709032753426,0.021873373227814834,0.02126255294609145,0.01063127647304578,0.5,True,False,0.0,True,1338,1029
13,2,0.0,0.0,uniform,0,uniform,0.5,adaptive,stage1,,,7,0.036772709032753426,0.021873373227814834,0.010631276473045669,0.005315638236522778,0.5,True,False,0.0,True,1566,1176
13,2,0.0,0.0,uniform,0,uniform,0.5,adaptive,stage1,,,8,0.036772709032753426,0.021873373227814834,0.005315638236522891,0.0026578191182613908,0.5,True,False,0.0,True,1812,1323
13,2,0.0,0.0,uniform,0,uniform,0.5,adaptive,stage1,,,9,0.036772709032753426,0.021873373227814834,0.0026578191182615,0.0013289095591308038,0.5,True,False,0.0,True,2022,1470
13,2,0.0,0.0,uniform,0,uniform,0.5,adaptive,stage1,,,10,0.036772709032753426,0.021873373227814834,0.0013289095591306962,0.0006644547795653481,0.5,True,False,0.0,True,2241,1617
13,2,0.0,0.0,uniform,0,uniform,0.5,adaptive,stage1,,,11,0.036772709032753426,0.021873373227814834,0.0006644547795653481,0.0003322273897827296,0.5,True,False,0.0,True,2454,1764
13,2,0.0,0.0,uniform,0,uniform,0.5,guarded,stage1,,,0,0.022243574433021607,0.01242880616337061,1.2525299447834821,0.6262649723917411,0.5,True,False,,True,234,147
13,2,0.0,0.0,uniform,0,uniform,0.5,guarded,stage1,,,1,0.03142296468132599,0.02014762070029974,0.6804016942749256,0.6262649723917411,0.25,False,True,0.0077188145369291306,True,369,294
13,2,0.0,0.0,uniform,0,uniform,0.5,guarded,stage1,,,2,0.022243574433021607,0.01242880616337061,1.2525299447834821,0.31313248619587053,0.25,True,False,0.0,True,603,441
13,2,0.0,0.0,uniform,0,uniform,0.5,guarded,stage1,,,3,0.022243791012229508,0.012428891845047474,0.9393996106460385,0.23484990266150962,0.25,True,False,8.568167686462402e-08,True,828,588
13,2,0.0,0.0,uniform,0,uniform,0.5,guarded,stage1,,,4,0.036772737858580484,0.021873433453341324,0.7586842778092866,0.23484990266150962,0.125,False,True,0.00944454160829385,True,1047,735
13,2,0.0,0.0,uniform,0,uniform,0.5,guarded,stage1,,,5,0.022243791012229508,0.012428891845047474,0.9393996106460385,0.11742495133075481,0.125,True,False,0.0,True,1272,882
13,2,0.0,0.0,uniform,0,uniform,0.5,guarded,stage1,,,6,0.025441777236229868,0.016605266369879246,0.8761092291400414,0.11742495133075481,0.0625,False,True,0.004176374524831772,True,1563,1029
13,2,0.0,0.0,uniform,0,uniform,0.5,guarded,stage1,,,7,0.022243791012229508,0.012428891845047474,0.9393996106460385,0.058712475665377406,0.0625,True,False,0.0,True,1788,1176
13,2,0.0,0.0,uniform,0,uniform,0.5,guarded,stage1,,,8,0.025044393194093573,0.01574149572600921,0.9329012857110878,0.058712475665377406,0.05,False,True,0.003312603880961735,True,1986,1323
13,2,0.0,0.0,uniform,0,uniform,0.5,guarded,stage1,,,9,0.022243791012229508,0.012428891845047474,0.9393996106460385,0.04696998053230195,0.05,True,False,0.0,True,2211,1470
13,2,0.0,0.0,uniform,0,uniform,0.5,guarded,stage1,,,10,0.024784201602823686,0.01570401123414437,0.9441287588867284,0.04696998053230195,0.05,False,True,0.003275119389096897,True,2508,1617
13,2,0.0,0.0,uniform,0,uniform,0.5,guarded,stage1,,,11,0.022243791012229508,0.012428891845047474,0.9393996106460385,0.04696998053230195,0.05,True,False,0.0,True,2733,1764
13,2,0.0,0.0,uniform,0,uniform,0.5,guarded,stage1,,,12,0.024784201602823686,0.01570401123414437,0.9441287588867284,0.04696998053230195,0.05,False,True,0.003275119389096897,True,3030,1911
13,2,0.0,0.0,uniform,0,uniform,0.5,guarded,stage1,,,13,0.022243791012229508,0.012428891845047474,0.9393996106460385,0.04696998053230195,0.05,True,False,0.0,True,3255,2058
13,2,0.0,0.0,uniform,0,uniform,0.5,guarded,stage1,,,14,0.024784201602823686,0.01570401123414437,0.9441287588867284,0.04696998053230195,0.05,False,True,0.003275119389096897,True,3552,2205
13,2,0.0,0.0,uniform,0,uniform,0.5,guarded,stage1,,,15,0.022243791012229508,0.012428891845047474,0.9393996106460385,0.04696998053230195,0.05,True,False,0.0,True,3777,2352
13,2,0.0,0.0,uniform,0,uniform,0.5,guarded,stage1,,,16,0.024784201602823686,0.01570401123414437,0.9441287588867284,0.04696998053230195,0.05,False,True,0.003275119389096897,True,4074,2499
13,2,0.0,0.0,uniform,0,uniform,0.5,guarded,stage1,,,17,0.022243791012229508,0.012428891845047474,0.9393996106460385,0.04696998053230195,0.05,True,False,0.0,True,4299,2646
13,2,0.0,0.0,uniform,0,uniform,0.5,guarded,stage1,,,18,0.024784201602823686,0.01570401123414437,0.9441287588867284,0.04696998053230195,0.05,False,True,0.003275119389096897,True,4596,2793
13,2,0.0,0.0,uniform,0,uniform,0.5,guarded,stage1,,,19,0.022243791012229508,0.012428891845047474,0.9393996106460385,0.04696998053230195,0.05,True,False,0.0,True,4821,2940
14,2,0.0,0.0,uniform,0,uniform,0.5,fixed,stage1,,,0,0.0013767187007633908,0.008076916138331095,0.48944494478501827,0.2447224723925091,0.5,True,False,,True,183,882
14,2,0.0,0.0,uniform,0,uniform,0.5,fixed,stage1,,,1,0.0013766052304773346,0.008076897511879602,0.24472192376987142,0.12236096188493567,0.5,True,False,-1.862645149230957e-08,True,393,1764
14,2,0.0,0.0,uniform,0,uniform,0.5,fixed,stage1,,,2,0.0013766052304773346,0.008076897511879602,0.12236096188493575,0.06118048094246786,0.5,True,False,0.0,True,600,2646
14,2,0.0,0.0,uniform,0,uniform,0.5,fixed,stage1,,,3,0.0013766119269245092,0.00807689999540647,0.06118055409208181,0.030590277046040892,0.5,True,False,2.4835268667977584e-09,True,822,3528
14,2,0.0,0.0,uniform,0,uniform,0.5,fixed,stage1,,,4,0.001376638608207248,0.00807691365480423,0.030590679369308496,0.015295339684654269,0.5,True,False,1.3659397760448777e-08,True,1032,4410
14,2,0.0,0.0,uniform,0,uniform,0.5,fixed,stage1,,,5,0.0013766052304773346,0.008076897511879602,0.01529486421177273,0.007647432105886365,0.5,True,False,-1.6142924627246535e-08,True,1263,5292
14,2,0.0,0.0,uniform,0,uniform,0.5,fixed,stage1,,,6,0.0013766119269245092,0.00807689999540647,0.0076475052555002865,0.00382375262775006,0.5,True,False,2.4835268667977584e-09,True,1479,6174
14,2,0.0,0.0,uniform,0,uniform,0.5,fixed,stage1,,,7,0.0013771066867906412,0.008076883852481842,0.0038232771556503953,0.0019116385778251838,0.5,True,False,-1.6142924627246535e-08,True,1668,7056
14,2,0.0,0.0,uniform,0,uniform,0.5,fixed,stage1,,,8,0.0013766052304773346,0.008076897511879602,0.001912040900311121,0.0009560204501555675,0.5,True,False,1.3659397760448777e-08,True,1875,7938
14,2,0.0,0.0,uniform,0,uniform,0.5,fixed,stage1,,,9,0.001376649415888609,0.0080769049624602,0.0009562398990630577,0.0004781199495315219,0.5,True,False,7.450580596923828e-09,True,2085,8820
14,2,0.0,0.0,uniform,0,uniform,0.5,adaptive,stage1,,,0,0.0013767187007633908,0.008076916138331095,0.48944494478501827,0.2447224723925091,0.5,True,False,,True,183,882
14,2,0.0,0.0,uniform,0,uniform,0.5,adaptive,stage1,,,1,0.0013766052304773346,0.008076897511879602,0.24472192376987142,0.12236096188493567,0.5,True,False,-1.862645149230957e-08,True,393,1764
14,2,0.0,0.0,uniform,0,uniform,0.5,adaptive,stage1,,,2,0.0013766052304773346,0.008076897511879602,0.12236096188493575,0.06118048094246786,0.5,True,False,0.0,True,600,2646
14,2,0.0,0.0,uniform,0,uniform,0.5,adaptive,stage1,,,3,0.0013766119269245092,0.00807689999540647,0.06118055409208181,0.030590277046040892,0.5,True,False,2.4835268667977584e-09,True,822,3528
14,2,0.0,0.0,uniform,0,uniform,0.5,adaptive,stage1,,,4,0.001376638608207248,0.00807691365480423,0.030590679369308496,0.015295339684654269,0.5,True,False,1.3659397760448777e-08,True,1032,4410
14,2,0.0,0.0,uniform,0,uniform,0.5,adaptive,stage1,,,5,0.0013766052304773346,0.008076897511879602,0.01529486421177273,0.007647432105886365,0.5,True,False,-1.6142924627246535e-08,True,1263,5292
14,2,0.0,0.0,uniform,0,uniform,0.5,adaptive,stage1,,,6,0.0013766119269245092,0.00807689999540647,0.0076475052555002865,0.00382375262775006,0.5,True,False,2.4835268667977584e-09,True,1479,6174
14,2,0.0,0.0,uniform,0,uniform,0.5,adaptive,stage1,,,7,0.0013771066867906412,0.008076883852481842,0.0038232771556503953,0.0019116385778251838,0.5,True,False,-1.6142924627246535e-08,True,1668,7056
14,2,0.0,0.0,uniform,0,uniform,0.5,adaptive,stage1,,,8,0.0013766052304773346,0.008076897511879602,0.001912040900311121,0.0009560204501555675,0.5,True,False,1.3659397760448777e-08,True,1875,7938
14,2,0.0,0.0,uniform,0,uniform,0.5,adaptive,stage1,,,9,0.001376649415888609,0.0080769049624602,0.0009562398990630577,0.0004781199495315219,0.5,True,False,7.450580596923828e-09,True,2085,8820
14,2,0.0,0.0,uniform,0,uniform,0.5,guarded,stage1,,,0,0.0013767187007633908,0.008076916138331095,0.48944494478501827,0.2447224723925091,0.5,True,False,,True,183,882
14,2,0.0,0.0,uniform,0,uniform,0.5,guarded,stage1,,,1,0.0013766052304773346,0.008076897511879602,0.24472192376987142,0.12236096188493567,0.5,True,False,-1.862645149230957e-08,True,393,1764
14,2,0.0,0.0,uniform,0,uniform,0.5,guarded,stage1,,,2,0.0013766052304773346,0.008076897511879602,0.12236096188493575,0.06118048094246786,0.5,True,False,0.0,True,600,2646
14,2,0.0,0.0,uniform,0,uniform,0.5,guarded,stage1,,,3,0.0013766119269245092,0.00807689999540647,0.06118055409208181,0.030590277046040892,0.5,True,False,2.4835268667977584e-09,True,822,3528
14,2,0.0,0.0,uniform,0,uniform,0.5,guarded,stage1,,,4,0.001376638608207248,0.00807691365480423,0.030590679369308496,0.015295339684654269,0.5,True,False,1.3659397760448777e-08,True,1032,4410
14,2,0.0,0.0,uniform,0,uniform,0.5,guarded,stage1,,,5,0.0013766052304773346,0.008076897511879602,0.01529486421177273,0.007647432105886365,0.5,True,False,-1.6142924627246535e-08,True,1263,5292
14,2,0.0,0.0,uniform,0,uniform,0.5,guarded,stage1,,,6,0.0013766119269245092,0.00807689999540647,0.0076475052555002865,0.00382375262775006,0.5,True,False,2.4835268667977584e-09,True,1479,6174
14,2,0.0,0.0,uniform,0,uniform,0.5,guarded,stage1,,,7,0.0013771066867906412,0.008076883852481842,0.0038232771556503953,0.0019116385778251838,0.5,True,False,-1.6142924627246535e-08,True,1668,7056
14,2,0.0,0.0,uniform,0,uniform,0.5,guarded,stage1,,,8,0.0013766052304773346,0.008076897511879602,0.001912040900311121,0.0009560204501555675,0.5,True,False,1.3659397760448777e-08,True,1875,7938
14,2,0.0,0.0,uniform,0,uniform,0.5,guarded,stage1,,,9,0.001376649415888609,0.0080769049624602,0.0009562398990630577,0.0004781199495315219,0.5,True,False,7.450580596923828e-09,True,2085,8820
15,2,0.0,0.0,uniform,0,uniform,0.5,fixed,stage1,,,0,0.013651819589722447,0.00589050321529309,0.6533333333333333,0.3266666666666667,0.5,True,False,,True,111,183
15,2,0.0,0.0,uniform,0,uniform,0.5,fixed,stage1,,,1,0.01419730698839694,0.005873635100821654,0.3266666666666667,0.16333333333333339,0.5,True,False,-1.6868114471435547e-05,True,372,366
15,2,0.0,0.0,uniform,0,uniform,0.5,fixed,stage1,,,2,0.016444125537284304,0.00605240340034167,0.16333333333333327,0.08166666666666661,0.5,True,False,0.00017876829952001572,True,513,549
15,2,0.0,0.0,uniform,0,uniform,0.5,fixed,stage1,,,3,0.016415305054991777,0.006030149757862091,0.08166666666666661,0.04083333333333325,0.5,True,False,-2.2253642479578943e-05,True,933,732
15,2,0.0,0.0,uniform,0,uniform,0.5,fixed,stage1,,,4,0.018652969428787084,0.007458860675493876,0.040833333333333416,0.020416666666666763,0.5,True,False,0.0014287109176317854,True,1095,915
15,2,0.0,0.0,uniform,0,uniform,0.5,fixed,stage1,,,5,0.016427863545877615,0.006038854519526164,0.020416666666666704,0.010208333333333297,0.5,True,False,-0.0014200061559677124,True,1515,1098
15,2,0.0,0.0,uniform,0,uniform,0.5,fixed,stage1,,,6,0.016409952246549203,0.0060390618940194445,0.010208333333333465,0.0051041666666667325,0.5,True,False,2.073744932804683e-07,True,1875,1281
15,2,0.0,0.0,uniform,0,uniform,0.5,fixed,stage1,,,7,0.01642392205049108,0.006036183486382167,0.005104166666666676,0.002552083333333283,0.5,True,False,-2.8784076372776607e-06,True,2106,1464
15,2,0.0,0.0,uniform,0,uniform,0.5,fixed,stage1,,,8,0.016417951385801627,0.006035204976797104,0.002552083333333393,0.0012760416666666406,0.5,True,False,-9.785095850629519e-07,True,2424,1647
15,2,0.0,0.0,uniform,0,uniform,0.5,fixed,stage1,,,9,0.016420414735139867,0.006034941722949346,0.001276041666666808,0.0006380208333333758,0.5,True,False,-2.632538477582644e-07,True,2745,1830
15,2,0.0,0.0,uniform,0,uniform,0.5,fixed,stage1,,,10,0.01641519837686876,0.006032684197028478,0.0006380208333333212,0.00031901041666663327,0.5,True,False,-2.25752592086792e-06,True,2973,2013
15,2,0.0,0.0,uniform,0,uniform,0.5,adaptive,stage1,,,0,0.013651819589722447,0.00589050321529309,0.6533333333333333,0.3266666666666667,0.5,True,False,,True,111,183
15,2,0.0,0.0,uniform,0,uniform,0.5,adaptive,stage1,,,1,0.01419730698839694,0.005873635100821654,0.3266666666666667,0.16333333333333339,0.5,True,False,-1.6868114471435547e-05,True,372,366
15,2,0.0,0.0,uniform,0,uniform,0.5,adaptive,stage1,,,2,0.016444125537284304,0.00605240340034167,0.16333333333333327,0.08166666666666661,0.5,True,False,0.00017876829952001572,True,513,549
15,2,0.0,0.0,uniform,0,uniform,0.5,adaptive,stage1,,,3,0.016415305054991777,0.006030149757862091,0.08166666666666661,0.04083333333333325,0.5,True,False,-2.2253642479578943e-05,True,933,732
15,2,0.0,0.0,uniform,0,uniform,0.5,adaptive,stage1,,,4,0.018652969428787084,0.007458860675493876,0.040833333333333416,0.020416666666666763,0.5,True,False,0.0014287109176317854,True,1095,915
15,2,0.0,0.0,uniform,0,uniform,0.5,adaptive,stage1,,,5,0.016427863545877615,0.006038854519526164,0.020416666666666704,0.010208333333333297,0.5,True,False,-0.0014200061559677124,True,1515,1098
15,2,0.0,0.0,uniform,0,uniform,0.5,adaptive,stage1,,,6,0.016409952246549203,0.0060390618940194445,0.010208333333333465,0.0051041666666667325,0.5,True,False,2.073744932804683e-07,True,1875,1281
15,2,0.0,0.0,uniform,0,uniform,0.5,adaptive,stage1,,,7,0.01642392205049108,0.006036183486382167,0.005104166666666676,0.002552083333333283,0.5,True,False,-2.8784076372776607e-06,True,2106,1464
15,2,0.0,0.0,uniform,0,uniform,0.5,adaptive,stage1,,,8,0.016417951385801627,0.006035204976797104,0.002552083333333393,0.0012760416666666406,0.5,True,False,-9.785095850629519e-07,True,2424,1647
15,2,0.0,0.0,uniform,0,uniform,0.5,adaptive,stage1,,,9,0.016420414735139867,0.006034941722949346,0.001276041666666808,0.0006380208333333758,0.5,True,False,-2.632538477582644e-07,True,2745,1830
15,2,0.0,0.0,uniform,0,uniform,0.5,adaptive,stage1,,,10,0.01641519837686876,0.006032684197028478,0.0006380208333333212,0.00031901041666663327,0.5,True,False,-2.25752592086792e-06,True,2973,2013
15,2,0.0,0.0,uniform,0,uniform,0.5,guarded,stage1,,,0,0.013651819589722447,0.00589050321529309,0.6533333333333333,0.3266666666666667,0.5,True,False,,True,111,183
15,2,0.0,0.0,uniform,0,uniform,0.5,guarded,stage1,,,1,0.01419730698839694,0.005873635100821654,0.3266666666666667,0.16333333333333339,0.5,True,False,-1.6868114471435547e-05,True,372,366
15,2,0.0,0.0,uniform,0,uniform,0.5,guarded,stage1,,,2,0.016444125537284304,0.00605240340034167,0.16333333333333327,0.16333333333333339,0.25,False,True,0.00017876829952001572,True,513,549
15,2,0.0,0.0,uniform,0,uniform,0.5,guarded,stage1,,,3,0.01419730698839694,0.005873635100821654,0.3266666666666667,0.08166666666666664,0.25,True,False,0.0,True,774,732
15,2,0.0,0.0,uniform,0,uniform,0.5,guarded,stage1,,,4,0.016181675364876066,0.006014543275038402,0.24499999999999994,0.08166666666666664,0.125,False,True,0.00014090817421674728,True,966,915
15,2,0.0,0.0,uniform,0,uniform,0.5,guarded,stage1,,,5,0.01419730698839694,0.005873635100821654,0.3266666666666667,0.040833333333333305,0.125,True,False,0.0,True,1227,1098
15,2,0.0,0.0,uniform,0,uniform,0.5,guarded,stage1,,,6,0.014393195236315326,0.0058880820870399475,0.2858333333333335,0.035729166666666756,0.125,True,False,1.4446986218293219e-05,True,1395,1281
15,2,0.0,0.0,uniform,0,uniform,0.5,guarded,stage1,,,7,0.016383384840231642,0.006029186149438222,0.25010416666666657,0.035729166666666756,0.0625,False,True,0.00014110406239827445,True,1596,1464
15,2,0.0,0.0,uniform,0,uniform,0.5,guarded,stage1,,,8,0.014393195236315326,0.0058880820870399475,0.2858333333333335,0.017864583333333295,0.0625,True,False,0.0,True,1764,1647
15,2,0.0,0.0,uniform,0,uniform,0.5,guarded,stage1,,,9,0.014513308741820968,0.005897446225086848,0.2679687500000001,0.016748046874999978,0.0625,True,False,9.36413804690072e-06,True,1947,1830
15,2,0.0,0.0,uniform,0,uniform,0.5,guarded,stage1,,,10,0.016411926179550954,0.006036726137002309,0.2512207031250001,0.016748046874999978,0.05,False,True,0.00013927991191546064,True,2217,2013
15,2,0.0,0.0,uniform,0,uniform,0.5,guarded,stage1,,,11,0.014513308741820968,0.005897446225086848,0.2679687500000001,0.013398437500000027,0.05,True,False,0.0,True,2400,2196
15,2,0.0,0.0,uniform,0,uniform,0.5,guarded,stage1,,,12,0.014847582430498454,0.005922120064496994,0.25457031250000006,0.012728515625000103,0.05,True,False,2.467383941014579e-05,True,2544,2379
15,2,0.0,0.0,uniform,0,uniform,0.5,guarded,stage1,,,13,0.01646767232850823,0.006074979901313782,0.24184179687499985,0.012728515625000103,0.05,False,True,0.00015285983681678772,True,2667,2562
15,2,0.0,0.0,uniform,0,uniform,0.5,guarded,stage1,,,14,0.014847582430498454,0.005922120064496994,0.25457031250000006,0.012728515625000103,0.05,True,False,0.0,True,2811,2745
15,2,0.0,0.0,uniform,0,uniform,0.5,guarded,stage1,,,15,0.01646767232850823,0.006074979901313782,0.24184179687499985,0.012728515625000103,0.05,False,True,0.00015285983681678772,True,2934,2928
15,2,0.0,0.0,uniform,0,uniform,0.5,guarded,stage1,,,16,0.014847582430498454,0.005922120064496994,0.25457031250000006,0.012728515625000103,0.05,True,False,0.0,True,3078,3111
15,2,0.0,0.0,uniform,0,uniform,0.5,guarded,stage1,,,17,0.01646767232850823,0.006074979901313782,0.24184179687499985,0.012728515625000103,0.05,False,True,0.00015285983681678772,True,3201,3294
15,2,0.0,0.0,uniform,0,uniform,0.5,guarded,stage1,,,18,0.014847582430498454,0.005922120064496994,0.25457031250000006,0.012728515625000103,0.05,True,False,0.0,True,3345,3477
15,2,0.0,0.0,uniform,0,uniform,0.5,guarded,stage1,,,19,0.01646767232850823,0.006074979901313782,0.24184179687499985,0.012728515625000103,0.05,False,True,0.00015285983681678772,True,3468,3660
16,2,0.0,0.0,uniform,0,uniform,0.5,fixed,stage1,,,0,0.01685283628733103,0.010716158896684647,0.029710928535655157,0.014855464267827578,0.5,True,False,,True,231,120
16,2,0.0,0.0,uniform,0,uniform,0.5,fixed,stage1,,,1,0.016767913797876233,0.010724041610956192,0.01486384639993732,0.007431923199968715,0.5,True,False,7.88271427154541e-06,True,444,240
16,2,0.0,0.0,uniform,0,uniform,0.5,fixed,stage1,,,2,0.01676134778780014,0.010728063682715097,0.007436201916940222,0.003718100958470083,0.5,True,False,4.022071758905468e-06,True,657,360
16,2,0.0,0.0,uniform,0,uniform,0.5,fixed,stage1,,,3,0.016744150726587748,0.010726337631543478,0.0037162646184398795,0.0018581323092199398,0.5,True,False,-1.7260511716195304e-06,True,870,480
16,2,0.0,0.0,uniform,0,uniform,0.5,fixed,stage1,,,4,0.01674205291531905,0.010727188239494959,0.0018590372397982446,0.0009295186198990946,0.5,True,False,8.506079514809806e-07,True,1083,600
16,2,0.0,0.0,uniform,0,uniform,0.5,fixed,stage1,,,5,0.016740079905938288,0.010727391888697943,0.0009297352829870653,0.0004648676414935049,0.5,True,False,2.0364920298374112e-07,True,1296,720
16,2,0.0,0.0,uniform,0,uniform,0.5,adaptive,stage1,,,0,0.01685283628733103,0.010716158896684647,0.029710928535655157,0.014855464267827578,0.5,True,False,,True,231,120
16,2,0.0,0.0,uniform,0,uniform,0.5,adaptive,stage1,,,1,0.016767913797876233,0.010724041610956192,0.01486384639993732,0.007431923199968715,0.5,True,False,7.88271427154541e-06,True,444,240
16,2,0.0,0.0,uniform,0,uniform,0.5,adaptive,stage1,,,2,0.01676134778780014,0.010728063682715097,0.007436201916940222,0.003718100958470083,0.5,True,False,4.022071758905468e-06,True,657,360
16,2,0.0,0.0,uniform,0,uniform,0.5,adaptive,stage1,,,3,0.016744150726587748,0.010726337631543478,0.0037162646184398795,0.0018581323092199398,0.5,True,False,-1.7260511716195304e-06,True,870,480
16,2,0.0,0.0,uniform,0,uniform,0.5,adaptive,stage1,,,4,0.01674205291531905,0.010727188239494959,0.0018590372397982446,0.0009295186198990946,0.5,True,False,8.506079514809806e-07,True,1083,600
16,2,0.0,0.0,uniform,0,uniform,0.5,adaptive,stage1,,,5,0.016740079905938288,0.010727391888697943,0.0009297352829870653,0.0004648676414935049,0.5,True,False,2.0364920298374112e-07,True,1296,720
16,2,0.0,0.0,uniform,0,uniform,0.5,guarded,stage1,,,0,0.01685283628733103,0.010716158896684647,0.029710928535655157,0.014855464267827578,0.5,True,False,,True,231,120
16,2,0.0,0.0,uniform,0,uniform,0.5,guarded,stage1,,,1,0.016767913797876233,0.010724041610956192,0.01486384639993732,0.007431923199968715,0.5,True,False,7.88271427154541e-06,True,444,240
16,2,0.0,0.0,uniform,0,uniform,0.5,guarded,stage1,,,2,0.01676134778780014,0.010728063682715097,0.007436201916940222,0.003718100958470083,0.5,True,False,4.022071758905468e-06,True,657,360
16,2,0.0,0.0,uniform,0,uniform,0.5,guarded,stage1,,,3,0.016744150726587748,0.010726337631543478,0.0037162646184398795,0.0018581323092199398,0.5,True,False,-1.7260511716195304e-06,True,870,480
16,2,0.0,0.0,uniform,0,uniform,0.5,guarded,stage1,,,4,0.01674205291531905,0.010727188239494959,0.0018590372397982446,0.0009295186198990946,0.5,True,False,8.506079514809806e-07,True,1083,600
16,2,0.0,0.0,uniform,0,uniform,0.5,guarded,stage1,,,5,0.016740079905938288,0.010727391888697943,0.0009297352829870653,0.0004648676414935049,0.5,True,False,2.0364920298374112e-07,True,1296,720
17,2,0.0,0.0,uniform,0,uniform,0.5,fixed,stage1,,,0,0.02214459596669327,0.014301481967171034,0.6324467209225075,0.3162233604612537,0.5,True,False,,True,261,417
17,2,0.0,0.0,uniform,0,uniform,0.5,fixed,stage1,,,1,0.022460601012952663,0.014241250231862068,0.3135830738591203,0.15679153692956022,0.5,True,False,-6.0231735308965625e-05,True,723,834
17,2,0.0,0.0,uniform,0,uniform,0.5,fixed,stage1,,,2,0.03551353108773658,0.0198892696450154,0.5464049598786972,0.27320247993934865,0.5,True,False,0.005648019413153332,True,867,1251
17,2,0.0,0.0,uniform,0,uniform,0.5,fixed,stage1,,,3,0.03551460459096045,0.01988937022785346,0.2732077221816186,0.13660386109080935,0.5,True,False,1.0058283805847168e-07,True,1095,1668
17,2,0.0,0.0,uniform,0,uniform,0.5,fixed,stage1,,,4,0.03551460459096045,0.01988937022785346,0.13660386109080924,0.06830193054540468,0.5,True,False,0.0,True,1305,2085
17,2,0.0,0.0,uniform,0,uniform,0.5,fixed,stage1,,,5,0.03551460459096045,0.01988937022785346,0.06830193054540457,0.03415096527270223,0.5,True,False,0.0,True,1533,2502
17,2,0.0,0.0,uniform,0,uniform,0.5,fixed,stage1,,,6,0.03551460459096045,0.01988937022785346,0.03415096527270234,0.01707548263635118,0.5,True,False,0.0,True,1746,2919
17,2,0.0,0.0,uniform,0,uniform,0.5,fixed,stage1,,,7,0.03551460459096045,0.01988937022785346,0.017075482636351155,0.008537741318175564,0.5,True,False,0.0,True,1944,3336
17,2,0.0,0.0,uniform,0,uniform,0.5,fixed,stage1,,,8,0.03551460459096045,0.01988937022785346,0.008537741318175592,0.00426887065908774,0.5,True,False,0.0,True,2172,3753
17,2,0.0,0.0,uniform,0,uniform,0.5,fixed,stage1,,,9,0.035514594410218314,0.019889356568455696,0.004268158744988125,0.0021340793724941177,0.5,True,False,-1.36593977621835e-08,True,2394,4170
17,2,0.0,0.0,uniform,0,uniform,0.5,fixed,stage1,,,10,0.035514594410218314,0.019889356568455696,0.0021340793724940075,0.0010670396862470597,0.5,True,False,0.0,True,2598,4587
17,2,0.0,0.0,uniform,0,uniform,0.5,fixed,stage1,,,11,0.03551460459096045,0.01988937022785346,0.0010677516003466747,0.0005338758001732676,0.5,True,False,1.36593977621835e-08,True,2805,5004
17,2,0.0,0.0,uniform,0,uniform,0.5,fixed,stage1,,,12,0.035514594410218314,0.019889356568455696,0.0005331638860736803,0.0002665819430367842,0.5,True,False,-1.36593977621835e-08,True,3027,5421
17,2,0.0,0.0,uniform,0,uniform,0.5,adaptive,stage1,,,0,0.02214459596669327,0.014301481967171034,0.6324467209225075,0.3162233604612537,0.5,True,False,,True,261,417
17,2,0.0,0.0,uniform,0,uniform,0.5,adaptive,stage1,,,1,0.022460601012952663,0.014241250231862068,0.3135830738591203,0.15679153692956022,0.5,True,False,-6.0231735308965625e-05,True,723,834
17,2,0.0,0.0,uniform,0,uniform,0.5,adaptive,stage1,,,2,0.03551353108773658,0.0198892696450154,0.5464049598786972,0.1366012399696743,0.25,True,False,0.005648019413153332,True,867,1251
17,2,0.0,0.0,uniform,0,uniform,0.5,adaptive,stage1,,,3,0.03551459814914759,0.019889364019036293,0.40980863855379346,0.10245215963844832,0.25,True,False,9.437402089321201e-08,True,1068,1668
17,2,0.0,0.0,uniform,0,uniform,0.5,adaptive,stage1,,,4,0.03551460459096045,0.01988937022785346,0.3073568025128446,0.07683920062821122,0.25,True,False,6.2088171652596724e-09,True,1308,2085
17,2,0.0,0.0,uniform,0,uniform,0.5,adaptive,stage1,,,5,0.03551458796840534,0.019889356568455696,0.23051688997053366,0.05762922249263339,0.25,True,False,-1.36593977621835e-08,True,1548,2502
17,2,0.0,0.0,uniform,0,uniform,0.5,adaptive,stage1,,,6,0.03551460459096045,0.01988937022785346,0.172888379392,0.04322209484799999,0.25,True,False,1.36593977621835e-08,True,1758,2919
17,2,0.0,0.0,uniform,0,uniform,0.5,adaptive,stage1,,,7,0.03551460459096045,0.01988937022785346,0.129666284544,0.032416571136000036,0.25,True,False,0.0,True,1953,3336
17,2,0.0,0.0,uniform,0,uniform,0.5,adaptive,stage1,,,8,0.03551460459096045,0.01988937022785346,0.09724971340799998,0.024312428352,0.25,True,False,0.0,True,2196,3753
17,2,0.0,0.0,uniform,0,uniform,0.5,adaptive,stage1,,,9,0.03551460459096045,0.01988937022785346,0.07293728505599997,0.018234321263999966,0.25,True,False,0.0,True,2424,4170
17,2,0.0,0.0,uniform,0,uniform,0.5,adaptive,stage1,,,10,0.03551460459096045,0.01988937022785346,0.054702963792000014,0.013675740948000056,0.25,True,False,0.0,True,2634,4587
17,2,0.0,0.0,uniform,0,uniform,0.5,adaptive,stage1,,,11,0.03551460459096045,0.01988937022785346,0.041027222843999955,0.010256805711000003,0.25,True,False,0.0,True,2826,5004
17,2,0.0,0.0,uniform,0,uniform,0.5,adaptive,stage1,,,12,0.03551460459096045,0.01988937022785346,0.030770417132999953,0.0076926042832500575,0.25,True,False,0.0,True,3042,5421
17,2,0.0,0.0,uniform,0,uniform,0.5,adaptive,stage1,,,13,0.035514594410218314,0.019889356568455696,0.023077100935650168,0.005769275233912501,0.25,True,False,-1.36593977621835e-08,True,3282,5838
17,2,0.0,0.0,uniform,0,uniform,0.5,adaptive,stage1,,,14,0.03551460459096045,0.01988937022785346,0.017308537615837394,0.004327134403959432,0.25,True,False,1.36593977621835e-08,True,3480,6255
17,2,0.0,0.0,uniform,0,uniform,0.5,adaptive,stage1,,,15,0.03551460459096045,0.01988937022785346,0.012981403211877962,0.0032453508029695113,0.25,True,False,0.0,True,3711,6672
17,2,0.0,0.0,uniform,0,uniform,0.5,adaptive,stage1,,,16,0.03551460459096045,0.01988937022785346,0.00973605240890845,0.0024340131022271404,0.25,True,False,0.0,True,3936,7089
17,2,0.0,0.0,uniform,0,uniform,0.5,adaptive,stage1,,,17,0.03551460459096045,0.01988937022785346,0.007302039306681311,0.0018255098266701832,0.25,True,False,0.0,True,4143,7506
17,2,0.0,0.0,uniform,0,uniform,0.5,adaptive,stage1,,,18,0.035514594410218314,0.019889356568455696,0.005475817565911401,0.0013689543914779528,0.25,True,False,-1.36593977621835e-08,True,4368,7923
17,2,0.0,0.0,uniform,0,uniform,0.5,adaptive,stage1,,,19,0.03551460459096045,0.01988937022785346,0.004107575088533175,0.0010268937721333565,0.25,True,False,1.36593977621835e-08,True,4578,8340
17,2,0.0,0.0,uniform,0,uniform,0.5,guarded,stage1,,,0,0.02214459596669327,0.014301481967171034,0.6324467209225075,0.3162233604612537,0.5,True,False,,True,261,417
17,2,0.0,0.0,uniform,0,uniform,0.5,guarded,stage1,,,1,0.022460601012952663,0.014241250231862068,0.3135830738591203,0.15679153692956022,0.5,True,False,-6.0231735308965625e-05,True,723,834
17,2,0.0,0.0,uniform,0,uniform,0.5,guarded,stage1,,,2,0.03551353108773658,0.0198892696450154,0.5464049598786972,0.15679153692956022,0.25,False,True,0.005648019413153332,True,867,1251
17,2,0.0,0.0,uniform,0,uniform,0.5,guarded,stage1,,,3,0.022460601012952663,0.014241250231862068,0.3135830738591203,0.07839576846478008,0.25,True,False,0.0,True,1329,1668
17,2,0.0,0.0,uniform,0,uniform,0.5,guarded,stage1,,,4,0.03557203175183554,0.019916660462816555,0.6262312379954159,0.07839576846478008,0.125,False,True,0.005675410230954487,True,1488,2085
17,2,0.0,0.0,uniform,0,uniform,0.5,guarded,stage1,,,5,0.022460601012952663,0.014241250231862068,0.3135830738591203,0.03919788423239001,0.125,True,False,0.0,True,1950,2502
17,2,0.0,0.0,uniform,0,uniform,0.5,guarded,stage1,,,6,0.02912885877649174,0.016682752097646397,0.40267179769240247,0.03919788423239001,0.0625,False,True,0.0024415018657843283,True,2241,2919
17,2,0.0,0.0,uniform,0,uniform,0.5,guarded,stage1,,,7,0.022460601012952663,0.014241250231862068,0.3135830738591203,0.019598942116195034,0.0625,True,False,0.0,True,2703,3336
17,2,0.0,0.0,uniform,0,uniform,0.5,guarded,stage1,,,8,0.020773610195758963,0.014048831537365913,0.2856951281477489,0.01785594550923425,0.0625,True,False,-0.00019241869449615479,True,3150,3753
17,2,0.0,0.0,uniform,0,uniform,0.5,guarded,stage1,,,9,0.02365197637695804,0.014600864922006926,0.29222753650375366,0.01785594550923425,0.05,False,True,0.0005520333846410121,True,3483,4170
17,2,0.0,0.0,uniform,0,uniform,0.5,guarded,stage1,,,10,0.020773610195758963,0.014048831537365913,0.2856951281477489,0.014284756407387494,0.05,True,False,0.0,True,3930,4587
17,2,0.0,0.0,uniform,0,uniform,0.5,guarded,stage1,,,11,0.01993812600675371,0.013896740352114042,0.2650113914973483,0.013250569574867477,0.05,True,False,-0.00015209118525187117,True,4389,5004
17,2,0.0,0.0,uniform,0,uniform,0.5,guarded,stage1,,,12,0.022275578382713324,0.014228299881021181,0.2658839979027755,0.013250569574867477,0.05,False,True,0.00033155952890713894,True,4836,5421
17,2,0.0,0.0,uniform,0,uniform,0.5,guarded,stage1,,,13,0.01993812600675371,0.013896740352114042,0.2650113914973483,0.013250569574867477,0.05,True,False,0.0,True,5295,5838
17,2,0.0,0.0,uniform,0,uniform,0.5,guarded,stage1,,,14,0.022275578382713324,0.014228299881021181,0.2658839979027755,0.013250569574867477,0.05,False,True,0.00033155952890713894,True,5742,6255
17,2,0.0,0.0,uniform,0,uniform,0.5,guarded,stage1,,,15,0.01993812600675371,0.013896740352114042,0.2650113914973483,0.013250569574867477,0.05,True,False,0.0,True,6201,6672
17,2,0.0,0.0,uniform,0,uniform,0.5,guarded,stage1,,,16,0.022275578382713324,0.014228299881021181,0.2658839979027755,0.013250569574867477,0.05,False,True,0.00033155952890713894,True,6648,7089
17,2,0.0,0.0,uniform,0,uniform,0.5,guarded,stage1,,,17,0.01993812600675371,0.013896740352114042,0.2650113914973483,0.013250569574867477,0.05,True,False,0.0,True,7107,7506
17,2,0.0,0.0,uniform,0,uniform,0.5,guarded,stage1,,,18,0.022275578382713324,0.014228299881021181,0.2658839979027755,0.013250569574867477,0.05,False,True,0.00033155952890713894,True,7554,7923
17,2,0.0,0.0,uniform,0,uniform,0.5,guarded,stage1,,,19,0.01993812600675371,0.013896740352114042,0.2650113914973483,0.013250569574867477,0.05,True,False,0.0,True,8013,8340
18,2,0.0,0.0,uniform,0,uniform,0.5,fixed,stage1,,,0,0.011424449820495397,0.0025246466199556985,0.5578285388811667,0.2789142694405834,0.5,True,False,,True,99,39
18,2,0.0,0.0,uniform,0,uniform,0.5,fixed,stage1,,,1,0.011214624419583319,0.002440220365921656,0.2508456651688205,0.12542283258441025,0.5,True,False,-8.442625403404236e-05,True,219,78
18,2,0.0,0.0,uniform,0,uniform,0.5,fixed,stage1,,,2,0.011810793118902096,0.0023921914398670197,0.11068045671251694,0.05534022835625843,0.5,True,False,-4.802892605463649e-05,True,705,117
18,2,0.0,0.0,uniform,0,uniform,0.5,fixed,stage1,,,3,0.010048760620156916,0.002896143744389216,0.2677431278030921,0.133871563901546,0.5,True,False,0.0005039523045221963,True,891,156
18,2,0.0,0.0,uniform,0,uniform,0.5,fixed,stage1,,,4,0.010048896213892766,0.0028961127003033957,0.13385308388641043,0.06692654194320519,0.5,True,False,-3.104408582022683e-08,True,1095,195
18,2,0.0,0.0,uniform,0,uniform,0.5,fixed,stage1,,,5,0.010049620172361051,0.002895874281724294,0.06678464671766743,0.03339232335883377,0.5,True,False,-2.384185791015625e-07,True,1293,234
18,2,0.0,0.0,uniform,0,uniform,0.5,fixed,stage1,,,6,0.010048786725530612,0.002896136293808619,0.03354826331023933,0.01677413165511961,0.5,True,False,2.620120843248655e-07,True,1512,273
18,2,0.0,0.0,uniform,0,uniform,0.5,fixed,stage1,,,7,0.01004898606294441,0.0028960580627123513,0.01672756438306748,0.008363782191533789,0.5,True,False,-7.82310962677002e-08,True,1737,312
18,2,0.0,0.0,uniform,0,uniform,0.5,fixed,stage1,,,8,0.01004890088577104,0.0028961127003033957,0.00839630473771806,0.004198152368859037,0.5,True,False,5.4637591044397193e-08,True,1950,351
18,2,0.0,0.0,uniform,0,uniform,0.5,fixed,stage1,,,9,0.01004888346511379,0.0028961139420668283,0.004198891551436171,0.002099445775718023,0.5,True,False,1.2417634325315174e-09,True,2193,390
18,2,0.0,0.0,uniform,0,uniform,0.5,fixed,stage1,,,10,0.010048900753920675,0.0028961002826690674,0.0020913148499939332,0.0010456574249970152,0.5,True,False,-1.3659397760882458e-08,True,2442,429
18,2,0.0,0.0,uniform,0,uniform,0.5,fixed,stage1,,,11,0.01004888586697783,0.00289611021677653,0.0010515708074961272,0.0005257854037480775,0.5,True,False,9.934107462420544e-09,True,2664,468
18,2,0.0,0.0,uniform,0,uniform,0.5,fixed,stage1,,,12,0.01004888586697783,0.00289611021677653,0.0005257854037480497,0.0002628927018740318,0.5,True,False,0.0,True,2886,507
18,2,0.0,0.0,uniform,0,uniform,0.5,adaptive,stage1,,,0,0.011424449820495397,0.0025246466199556985,0.5578285388811667,0.2789142694405834,0.5,True,False,,True,99,39
18,2,0.0,0.0,uniform,0,uniform,0.5,adaptive,stage1,,,1,0.011214624419583319,0.002440220365921656,0.2508456651688205,0.12542283258441025,0.5,True,False,-8.442625403404236e-05,True,219,78
18,2,0.0,0.0,uniform,0,uniform,0.5,adaptive,stage1,,,2,0.011810793118902096,0.0023921914398670197,0.11068045671251694,0.05534022835625843,0.5,True,False,-4.802892605463649e-05,True,705,117
18,2,0.0,0.0,uniform,0,uniform,0.5,adaptive,stage1,,,3,0.010048760620156916,0.002896143744389216,0.2677431278030921,0.06693578195077299,0.25,True,False,0.0005039523045221963,True,891,156
18,2,0.0,0.0,uniform,0,uniform,0.5,adaptive,stage1,,,4,0.01004892738648655,0.0028960866232713065,0.20077334335008556,0.05019333583752142,0.25,True,False,-5.712111790946023e-08,True,1080,195
18,2,0.0,0.0,uniform,0,uniform,0.5,adaptive,stage1,,,5,0.010048941138420586,0.002896080414454142,0.15057631177994776,0.03764407794498696,0.25,True,False,-6.208817164392311e-09,True,1299,234
18,2,0.0,0.0,uniform,0,uniform,0.5,adaptive,stage1,,,6,0.010048882330106756,0.0028961127003033957,0.11295145205467505,0.02823786301366875,0.25,True,False,3.228584925362571e-08,True,1533,273
18,2,0.0,0.0,uniform,0,uniform,0.5,adaptive,stage1,,,7,0.010048981391061584,0.002896055579185486,0.08467958826636773,0.02116989706659196,0.25,True,False,-5.712111790989391e-08,True,1740,312
18,2,0.0,0.0,uniform,0,uniform,0.5,adaptive,stage1,,,8,0.010048991949816122,0.0028960655132929483,0.06351560414964291,0.015878901037410728,0.25,True,False,9.934107462420544e-09,True,1956,351
18,2,0.0,0.0,uniform,0,uniform,0.5,adaptive,stage1,,,9,0.010048817107247698,0.002896144986152649,0.047684010172275776,0.011921002543068937,0.25,True,False,7.94728597006654e-08,True,2187,390
18,2,0.0,0.0,uniform,0,uniform,0.5,adaptive,stage1,,,10,0.010048784455500448,0.002896138777335485,0.03575931154354907,0.008939827885887236,0.25,True,False,-6.20881716395863e-09,True,2385,429
18,2,0.0,0.0,uniform,0,uniform,0.5,adaptive,stage1,,,11,0.01004877711819635,0.002896151194969813,0.026826875866538008,0.006706718966634523,0.25,True,False,1.241763432791726e-08,True,2595,468
18,2,0.0,0.0,uniform,0,uniform,0.5,adaptive,stage1,,,12,0.010048989416016507,0.002896080414454142,0.020078023321698654,0.005019505830424667,0.25,True,False,-7.078051567077637e-08,True,2811,507
18,2,0.0,0.0,uniform,0,uniform,0.5,adaptive,stage1,,,13,0.01004891123268603,0.002896097799142202,0.015068865637239179,0.0037672164093097843,0.25,True,False,1.7384688059778053e-08,True,3027,546
18,2,0.0,0.0,uniform,0,uniform,0.5,adaptive,stage1,,,14,0.010048814969050635,0.0028961425026257834,0.011328260098180332,0.0028320650245450413,0.25,True,False,4.470348358154297e-08,True,3231,585
18,2,0.0,0.0,uniform,0,uniform,0.5,adaptive,stage1,,,15,0.01004890088577104,0.0028961127003033957,0.008478454277133424,0.002119613569283349,0.25,True,False,-2.9802322387695312e-08,True,3444,624
18,2,0.0,0.0,uniform,0,uniform,0.5,adaptive,stage1,,,16,0.010048859366261376,0.0028961251179377237,0.0063662326012273035,0.0015915581503068155,0.25,True,False,1.241763432791726e-08,True,3645,663
18,2,0.0,0.0,uniform,0,uniform,0.5,adaptive,stage1,,,17,0.010048813965857939,0.002896130084991455,0.004777631250337144,0.001194407812584397,0.25,True,False,4.967053731427112e-09,True,3861,702
18,2,0.0,0.0,uniform,0,uniform,0.5,adaptive,stage1,,,18,0.01004888346511379,0.0028961139420668283,0.0035736139275360096,0.000893403481883992,0.25,True,False,-1.6142924626812855e-08,True,4095,741
18,2,0.0,0.0,uniform,0,uniform,0.5,adaptive,stage1,,,19,0.010048900753920675,0.0028961002826690674,0.002672079519927803,0.0006680198799819403,0.25,True,False,-1.3659397760882458e-08,True,4344,780
18,2,0.0,0.0,uniform,0,uniform,0.5,guarded,stage1,,,0,0.011424449820495397,0.0025246466199556985,0.5578285388811667,0.2789142694405834,0.5,True,False,,True,99,39
18,2,0.0,0.0,uniform,0,uniform,0.5,guarded,stage1,,,1,0.011214624419583319,0.002440220365921656,0.2508456651688205,0.12542283258441025,0.5,True,False,-8.442625403404236e-05,True,219,78
18,2,0.0,0.0,uniform,0,uniform,0.5,guarded,stage1,,,2,0.011810793118902096,0.0023921914398670197,0.11068045671251694,0.05534022835625843,0.5,True,False,-4.802892605463649e-05,True,705,117
18,2,0.0,0.0,uniform,0,uniform,0.5,guarded,stage1,,,3,0.010048760620156916,0.002896143744389216,0.2677431278030921,0.05534022835625843,0.25,False,True,0.0005039523045221963,True,891,156
18,2,0.0,0.0,uniform,0,uniform,0.5,guarded,stage1,,,4,0.011810793118902096,0.0023921914398670197,0.11068045671251694,0.027670114178129174,0.25,True,False,0.0,True,1377,195
18,2,0.0,0.0,uniform,0,uniform,0.5,guarded,stage1,,,5,0.010048298824512358,0.0028963275253772736,0.29552266290720297,0.027670114178129174,0.125,False,True,0.0005041360855102539,True,1575,234
18,2,0.0,0.0,uniform,0,uniform,0.5,guarded,stage1,,,6,0.011810793118902096,0.0023921914398670197,0.11068045671251694,0.013835057089064628,0.125,True,False,0.0,True,2061,273
18,2,0.0,0.0,uniform,0,uniform,0.5,guarded,stage1,,,7,0.0119464395053753,0.0024117020269234977,0.10273404445362563,0.012841755556703277,0.125,True,False,1.951058705647801e-05,True,2340,312
18,2,0.0,0.0,uniform,0,uniform,0.5,guarded,stage1,,,8,0.010048304499765681,0.0028963275253772736,0.2965159644395643,0.012841755556703277,0.0625,False,True,0.0004846254984537759,True,2532,351
18,2,0.0,0.0,uniform,0,uniform,0.5,guarded,stage1,,,9,0.0119464395053753,0.0024117020269234977,0.10273404445362563,0.006420877778351597,0.0625,True,False,0.0,True,2811,390
18,2,0.0,0.0,uniform,0,uniform,0.5,guarded,stage1,,,10,0.010066824689914766,0.0028896729151407876,0.2989956403620794,0.006420877778351597,0.05,False,True,0.00047797088821728995,True,3009,429
18,2,0.0,0.0,uniform,0,uniform,0.5,guarded,stage1,,,11,0.0119464395053753,0.0024117020269234977,0.10273404445362563,0.005136702222681311,0.05,True,False,0.0,True,3288,468
18,2,0.0,0.0,uniform,0,uniform,0.5,guarded,stage1,,,12,0.010045377074142214,0.0028974711894989014,0.30490268175710755,0.005136702222681311,0.05,False,True,0.0004857691625754037,True,3435,507
18,2,0.0,0.0,uniform,0,uniform,0.5,guarded,stage1,,,13,0.0119464395053753,0.0024117020269234977,0.10273404445362563,0.005136702222681311,0.05,True,False,0.0,True,3714,546
18,2,0.0,0.0,uniform,0,uniform,0.5,guarded,stage1,,,14,0.010045377074142214,0.0028974711894989014,0.30490268175710755,0.005136702222681311,0.05,False,True,0.0004857691625754037,True,3861,585
18,2,0.0,0.0,uniform,0,uniform,0.5,guarded,stage1,,,15,0.0119464395053753,0.0024117020269234977,0.10273404445362563,0.005136702222681311,0.05,True,False,0.0,True,4140,624
18,2,0.0,0.0,uniform,0,uniform,0.5,guarded,stage1,,,16,0.010045377074142214,0.0028974711894989014,0.30490268175710755,0.005136702222681311,0.05,False,True,0.0004857691625754037,True,4287,663
18,2,0.0,0.0,uniform,0,uniform,0.5,guarded,stage1,,,17,0.0119464395053753,0.0024117020269234977,0.10273404445362563,0.005136702222681311,0.05,True,False,0.0,True,4566,702
18,2,0.0,0.0,uniform,0,uniform,0.5,guarded,stage1,,,18,0.010045377074142214,0.0028974711894989014,0.30490268175710755,0.005136702222681311,0.05,False,True,0.0004857691625754037,True,4713,741
18,2,0.0,0.0,uniform,0,uniform,0.5,guarded,stage1,,,19,0.0119464395053753,0.0024117020269234977,0.10273404445362563,0.005136702222681311,0.05,True,False,0.0,True,4992,780
19,2,0.0,0.0,uniform,0,uniform,0.5,fixed,stage1,,,0,0.022678107423880434,0.011140599846839905,0.5949991559683515,0.2974995779841757,0.5,True,False,,True,237,39
19,2,0.0,0.0,uniform,0,uniform,0.5,fixed,stage1,,,1,0.02030943569246091,0.010897175719340643,0.28868997859597034,0.1443449892979851,0.5,True,False,-0.00024342412749926191,True,483,78
19,2,0.0,0.0,uniform,0,uniform,0.5,fixed,stage1,,,2,0.005262015747462101,0.0159404290219148,0.4037248359480055,0.20186241797400276,0.5,True,False,0.005043253302574156,True,717,117
19,2,0.0,0.0,uniform,0,uniform,0.5,fixed,stage1,,,3,0.02025182759624755,0.024117516974608105,0.6629596814105032,0.3314798407052516,0.5,True,False,0.008177087952693306,True,927,156
19,2,0.0,0.0,uniform,0,uniform,0.5,fixed,stage1,,,4,0.020279501574519188,0.02426479384303093,0.3314798407052515,0.16573992035262575,0.5,True,False,0.00014727686842282497,True,1125,195
19,2,0.0,0.0,uniform,0,uniform,0.5,fixed,stage1,,,5,0.020278242087790943,0.024333074688911438,0.16573992035262575,0.08286996017631282,0.5,True,False,6.828084588050842e-05,True,1335,234
19,2,0.0,0.0,uniform,0,uniform,0.5,fixed,stage1,,,6,0.019963076735841412,0.022654462605714798,0.08286996017631293,0.04143498008815652,0.5,True,False,-0.00167861208319664,True,1533,273
19,2,0.0,0.0,uniform,0,uniform,0.5,fixed,stage1,,,7,0.02131513651153938,0.01852396751443545,0.18588559533256022,0.0929427976662801,0.5,True,False,-0.004130495091279347,True,1812,312
19,2,0.0,0.0,uniform,0,uniform,0.5,fixed,stage1,,,8,0.020278233119318756,0.0243330883483092,0.12734106258865754,0.06367053129432872,0.5,True,False,0.005809120833873749,True,1998,351
19,2,0.0,0.0,uniform,0,uniform,0.5,fixed,stage1,,,9,0.020278242087790943,0.024333074688911438,0.06367053129432883,0.03183526564716436,0.5,True,False,-1.36593977621835e-08,True,2193,390
19,2,0.0,0.0,uniform,0,uniform,0.5,fixed,stage1,,,10,0.020278233119318756,0.0243330883483092,0.03183526564716447,0.01591763282358229,0.5,True,False,1.36593977621835e-08,True,2379,429
19,2,0.0,0.0,uniform,0,uniform,0.5,fixed,stage1,,,11,0.020278238018017092,0.024333149194717407,0.015917632823582183,0.007958816411791036,0.5,True,False,6.084640820705478e-08,True,2538,468
19,2,0.0,0.0,uniform,0,uniform,0.5,fixed,stage1,,,12,0.020278233119318756,0.0243330883483092,0.007958816411791145,0.003979408205895516,0.5,True,False,-6.084640820705478e-08,True,2727,507
19,2,0.0,0.0,uniform,0,uniform,0.5,fixed,stage1,,,13,0.020278253505676247,0.024333109458287556,0.003979408205895629,0.001989704102947869,0.5,True,False,2.1109978355637882e-08,True,2946,546
19,2,0.0,0.0,uniform,0,uniform,0.5,fixed,stage1,,,14,0.020278313835440542,0.024333111941814423,0.00198970410294776,0.0009948520514738244,0.5,True,False,2.4835268667977584e-09,True,3174,585
19,2,0.0,0.0,uniform,0,uniform,0.5,fixed,stage1,,,15,0.020278242087790943,0.024333074688911438,0.0009948520514739354,0.0004974260257370241,0.5,True,False,-3.725290298461914e-08,True,3387,624
19,2,0.0,0.0,uniform,0,uniform,0.5,adaptive,stage1,,,0,0.022678107423880434,0.011140599846839905,0.5949991559683515,0.2974995779841757,0.5,True,False,,True,237,39
19,2,0.0,0.0,uniform,0,uniform,0.5,adaptive,stage1,,,1,0.02030943569246091,0.010897175719340643,0.28868997859597034,0.1443449892979851,0.5,True,False,-0.00024342412749926191,True,483,78
19,2,0.0,0.0,uniform,0,uniform,0.5,adaptive,stage1,,,2,0.005262015747462101,0.0159404290219148,0.4037248359480055,0.10093120898700139,0.25,True,False,0.005043253302574156,True,717,117
19,2,0.0,0.0,uniform,0,uniform,0.5,adaptive,stage1,,,3,0.008530811037669395,0.02293829744060834,0.7638908903975046,0.09548636129968804,0.125,True,False,0.0069978684186935425,True,831,156
19,2,0.0,0.0,uniform,0,uniform,0.5,adaptive,stage1,,,4,0.020269776144020923,0.024236106624205906,0.6684045290978164,0.08355056613722706,0.125,True,False,0.0012978091835975647,True,1005,195
19,2,0.0,0.0,uniform,0,uniform,0.5,adaptive,stage1,,,5,0.02025713403008922,0.025119300931692123,0.5848539629605894,0.07310674537007363,0.125,True,False,0.0008831943074862174,True,1116,234
19,2,0.0,0.0,uniform,0,uniform,0.5,adaptive,stage1,,,6,0.023322371437878076,0.018080989519755047,0.24617644779490183,0.030772055974362722,0.125,True,False,-0.007038311411937077,True,1377,273
19,2,0.0,0.0,uniform,0,uniform,0.5,adaptive,stage1,,,7,0.019339225786195513,0.020877997080485027,0.4371829307813666,0.027323933173835482,0.0625,True,False,0.0027970075607299805,True,1698,312
19,2,0.0,0.0,uniform,0,uniform,0.5,adaptive,stage1,,,8,0.019104781649904368,0.020404625684022903,0.37071401579898616,0.023169625987436715,0.0625,True,False,-0.00047337139646212376,True,1815,351
19,2,0.0,0.0,uniform,0,uniform,0.5,adaptive,stage1,,,9,0.023042369737756196,0.01830148696899414,0.1903143011167459,0.011894643819796644,0.0625,True,False,-0.002103138715028763,True,2100,390
19,2,0.0,0.0,uniform,0,uniform,0.5,adaptive,stage1,,,10,0.019101957519774615,0.020355377346277237,0.33176438694147997,0.016588219347073968,0.05,True,False,0.0020538903772830963,True,2214,429
19,2,0.0,0.0,uniform,0,uniform,0.5,adaptive,stage1,,,11,0.023087982464446988,0.018269223471482594,0.1580372141909185,0.007901860709545863,0.05,True,False,-0.0020861538747946433,True,2550,468
19,2,0.0,0.0,uniform,0,uniform,0.5,adaptive,stage1,,,12,0.02300318162249937,0.018332909792661667,0.1576510713169743,0.007882553565848702,0.05,True,False,6.368632117907322e-05,True,2790,507
19,2,0.0,0.0,uniform,0,uniform,0.5,adaptive,stage1,,,13,0.019228029289042325,0.02064770832657814,0.32296073403954184,0.01614803670197716,0.05,True,False,0.0023147985339164734,True,2931,546
19,2,0.0,0.0,uniform,0,uniform,0.5,adaptive,stage1,,,14,0.02064348635312996,0.017711494117975235,0.07781073814191294,0.0038905369070955237,0.05,True,False,-0.0029362142086029053,True,3258,585
19,2,0.0,0.0,uniform,0,uniform,0.5,adaptive,stage1,,,15,0.01903600513663317,0.019604165107011795,0.22466501071710007,0.011233250535855097,0.05,True,False,0.00189267098903656,True,3540,624
19,2,0.0,0.0,uniform,0,uniform,0.5,adaptive,stage1,,,16,0.018450040654537148,0.017825496693452198,0.07447584860000231,0.0037237924300001085,0.05,True,False,-0.001778668413559597,True,3753,663
19,2,0.0,0.0,uniform,0,uniform,0.5,adaptive,stage1,,,17,0.019649562368719842,0.018484643350044887,0.13439882156382038,0.006719941078190933,0.05,True,False,0.0006591466565926893,True,3990,702
19,2,0.0,0.0,uniform,0,uniform,0.5,adaptive,stage1,,,18,0.02093351481618022,0.018513703097899754,0.13126367960125648,0.006563183980062913,0.05,True,False,2.9059747854866258e-05,True,4221,741
19,2,0.0,0.0,uniform,0,uniform,0.5,adaptive,stage1,,,19,0.01884466273047769,0.018848493695259094,0.14788002266130446,0.007394001133065091,0.05,True,False,0.00033479059735934055,True,4506,780
19,2,0.0,0.0,uniform,0,uniform,0.5,guarded,stage1,,,0,0.022678107423880434,0.011140599846839905,0.5949991559683515,0.2974995779841757,0.5,True,False,,True,237,39
19,2,0.0,0.0,uniform,0,uniform,0.5,guarded,stage1,,,1,0.02030943569246091,0.010897175719340643,0.28868997859597034,0.1443449892979851,0.5,True,False,-0.00024342412749926191,True,483,78
19,2,0.0,0.0,uniform,0,uniform,0.5,guarded,stage1,,,2,0.005262015747462101,0.0159404290219148,0.4037248359480055,0.1443449892979851,0.25,False,True,0.005043253302574156,True,717,117
19,2,0.0,0.0,uniform,0,uniform,0.5,guarded,stage1,,,3,0.02030943569246091,0.010897175719340643,0.28868997859597034,0.07217249464899256,0.25,True,False,0.0,True,963,156
19,2,0.0,0.0,uniform,0,uniform,0.5,guarded,stage1,,,4,0.011758146411148473,0.013638954609632492,0.33383961179798505,0.07217249464899256,0.125,False,True,0.002741778890291849,True,1428,195
19,2,0.0,0.0,uniform,0,uniform,0.5,guarded,stage1,,,5,0.02030943569246091,0.010897175719340643,0.28868997859597034,0.03608624732449628,0.125,True,False,0.0,True,1674,234
19,2,0.0,0.0,uniform,0,uniform,0.5,guarded,stage1,,,6,0.013529827031643293,0.013028296331564585,0.3399039251545305,0.03608624732449628,0.0625,False,True,0.002131120612223942,True,1995,273
19,2,0.0,0.0,uniform,0,uniform,0.5,guarded,stage1,,,7,0.02030943569246091,0.010897175719340643,0.28868997859597034,0.01804312366224814,0.0625,True,False,0.0,True,2241,312
19,2,0.0,0.0,uniform,0,uniform,0.5,guarded,stage1,,,8,0.02012716884346588,0.010916290183862051,0.2713291647423852,0.01695807279639902,0.0625,True,False,1.911446452140808e-05,True,2511,351
19,2,0.0,0.0,uniform,0,uniform,0.5,guarded,stage1,,,9,0.013651367842232531,0.012986154605944952,0.33901139037314876,0.01695807279639902,0.05,False,True,0.002069864422082901,True,2814,390
19,2,0.0,0.0,uniform,0,uniform,0.5,guarded,stage1,,,10,0.02012716884346588,0.010916290183862051,0.2713291647423852,0.013566458237119217,0.05,True,False,0.0,True,3084,429
19,2,0.0,0.0,uniform,0,uniform,0.5,guarded,stage1,,,11,0.019915802009997208,0.010998611648877462,0.2607194956853209,0.013035974784266019,0.05,True,False,8.232146501541138e-05,True,3285,468
19,2,0.0,0.0,uniform,0,uniform,0.5,guarded,stage1,,,12,0.012189649738880703,0.01349187766512235,0.3538936788069238,0.013035974784266019,0.05,False,True,0.0024932660162448883,True,3525,507
19,2,0.0,0.0,uniform,0,uniform,0.5,guarded,stage1,,,13,0.019915802009997208,0.010998611648877462,0.2607194956853209,0.013035974784266019,0.05,True,False,0.0,True,3726,546
19,2,0.0,0.0,uniform,0,uniform,0.5,guarded,stage1,,,14,0.012189649738880703,0.01349187766512235,0.3538936788069238,0.013035974784266019,0.05,False,True,0.0024932660162448883,True,3966,585
19,2,0.0,0.0,uniform,0,uniform,0.5,guarded,stage1,,,15,0.019915802009997208,0.010998611648877462,0.2607194956853209,0.013035974784266019,0.05,True,False,0.0,True,4167,624
19,2,0.0,0.0,uniform,0,uniform,0.5,guarded,stage1,,,16,0.012189649738880703,0.01349187766512235,0.3538936788069238,0.013035974784266019,0.05,False,True,0.0024932660162448883,True,4407,663
19,2,0.0,0.0,uniform,0,uniform,0.5,guarded,stage1,,,17,0.019915802009997208,0.010998611648877462,0.2607194956853209,0.013035974784266019,0.05,True,False,0.0,True,4608,702
19,2,0.0,0.0,uniform,0,uniform,0.5,guarded,stage1,,,18,0.012189649738880703,0.01349187766512235,0.3538936788069238,0.013035974784266019,0.05,False,True,0.0024932660162448883,True,4848,741
19,2,0.0,0.0,uniform,0,uniform,0.5,guarded,stage1,,,19,0.019915802009997208,0.010998611648877462,0.2607194956853209,0.013035974784266019,0.05,True,False,0.0,True,5049,780
20,2,0.0,0.0,uniform,0,uniform,0.5,fixed,stage1,,,0,0.003687130118014359,0.011514739443858465,1.2465637385508066,0.6232818692754033,0.5,True,False,,True,93,507
20,2,0.0,0.0,uniform,0,uniform,0.5,fixed,stage1,,,1,0.024342048131352545,0.018268355478843052,0.6833847973912635,0.3416923986956317,0.5,True,False,0.006753616034984587,True,297,1014
20,2,0.0,0.0,uniform,0,uniform,0.5,fixed,stage1,,,2,0.02332004752064165,0.01806190237402916,0.3416923986956317,0.17084619934781586,0.5,True,False,-0.00020645310481389248,True,390,1521
20,2,0.0,0.0,uniform,0,uniform,0.5,fixed,stage1,,,3,0.02434208501744317,0.018268410116434097,0.17084619934781586,0.08542309967390788,0.5,True,False,0.00020650774240493774,True,627,2028
20,2,0.0,0.0,uniform,0,uniform,0.5,fixed,stage1,,,4,0.024342119309142873,0.018268415083487827,0.08542309967390799,0.042711549836954035,0.5,True,False,4.96705373012607e-09,True,846,2535
20,2,0.0,0.0,uniform,0,uniform,0.5,fixed,stage1,,,5,0.024353073790587487,0.018269276867310207,0.04271154983695394,0.02135577491847697,0.5,True,False,8.617838223798358e-07,True,963,3042
20,2,0.0,0.0,uniform,0,uniform,0.5,fixed,stage1,,,6,0.024342723863497895,0.018268405149380367,0.02135577491847697,0.010677887459238429,0.5,True,False,-8.717179298400879e-07,True,1101,3549
20,2,0.0,0.0,uniform,0,uniform,0.5,fixed,stage1,,,7,0.024342036605379036,0.018268390248219173,0.01067788745923854,0.0053389437296193255,0.5,True,False,-1.4901161193847656e-08,True,1302,4056
20,2,0.0,0.0,uniform,0,uniform,0.5,fixed,stage1,,,8,0.024342036605379036,0.018268390248219173,0.005338943729619216,0.0026694718648095535,0.5,True,False,0.0,True,1533,4563
20,2,0.0,0.0,uniform,0,uniform,0.5,fixed,stage1,,,9,0.024342046979149767,0.018268365412950516,0.0026694718648096628,0.0013347359324048843,0.5,True,False,-2.4835268657569243e-08,True,1758,5070
20,2,0.0,0.0,uniform,0,uniform,0.5,fixed,stage1,,,10,0.024342085593556995,0.018268382797638576,0.0013347359324047785,0.0006673679662023892,0.5,True,False,1.7384688060645415e-08,True,1971,5577
20,2,0.0,0.0,uniform,0,uniform,0.5,fixed,stage1,,,11,0.024342007788589637,0.01826837534705798,0.0006673679662023892,0.0003336839831011946,0.5,True,False,-7.450580596923828e-09,True,2193,6084
20,2,0.0,0.0,uniform,0,uniform,0.5,adaptive,stage1,,,0,0.003687130118014359,0.011514739443858465,1.2465637385508066,0.6232818692754033,0.5,True,False,,True,93,507
20,2,0.0,0.0,uniform,0,uniform,0.5,adaptive,stage1,,,1,0.024342048131352545,0.018268355478843052,0.6833847973912635,0.3416923986956317,0.5,True,False,0.006753616034984587,True,297,1014
20,2,0.0,0.0,uniform,0,uniform,0.5,adaptive,stage1,,,2,0.02332004752064165,0.01806190237402916,0.3416923986956317,0.17084619934781586,0.5,True,False,-0.00020645310481389248,True,390,1521
20,2,0.0,0.0,uniform,0,uniform,0.5,adaptive,stage1,,,3,0.02434208501744317,0.018268410116434097,0.17084619934781586,0.08542309967390788,0.5,True,False,0.00020650774240493774,True,627,2028
20,2,0.0,0.0,uniform,0,uniform,0.5,adaptive,stage1,,,4,0.024342119309142873,0.018268415083487827,0.08542309967390799,0.042711549836954035,0.5,True,False,4.96705373012607e-09,True,846,2535
20,2,0.0,0.0,uniform,0,uniform,0.5,adaptive,stage1,,,5,0.024353073790587487,0.018269276867310207,0.04271154983695394,0.02135577491847697,0.5,True,False,8.617838223798358e-07,True,963,3042
20,2,0.0,0.0,uniform,0,uniform,0.5,adaptive,stage1,,,6,0.024342723863497895,0.018268405149380367,0.02135577491847697,0.010677887459238429,0.5,True,False,-8.717179298400879e-07,True,1101,3549
20,2,0.0,0.0,uniform,0,uniform,0.5,adaptive,stage1,,,7,0.024342036605379036,0.018268390248219173,0.01067788745923854,0.0053389437296193255,0.5,True,False,-1.4901161193847656e-08,True,1302,4056
20,2,0.0,0.0,uniform,0,uniform,0.5,adaptive,stage1,,,8,0.024342036605379036,0.018268390248219173,0.005338943729619216,0.0026694718648095535,0.5,True,False,0.0,True,1533,4563
20,2,0.0,0.0,uniform,0,uniform,0.5,adaptive,stage1,,,9,0.024342046979149767,0.018268365412950516,0.0026694718648096628,0.0013347359324048843,0.5,True,False,-2.4835268657569243e-08,True,1758,5070
20,2,0.0,0.0,uniform,0,uniform,0.5,adaptive,stage1,,,10,0.024342085593556995,0.018268382797638576,0.0013347359324047785,0.0006673679662023892,0.5,True,False,1.7384688060645415e-08,True,1971,5577
20,2,0.0,0.0,uniform,0,uniform,0.5,adaptive,stage1,,,11,0.024342007788589637,0.01826837534705798,0.0006673679662023892,0.0003336839831011946,0.5,True,False,-7.450580596923828e-09,True,2193,6084
20,2,0.0,0.0,uniform,0,uniform,0.5,guarded,stage1,,,0,0.003687130118014359,0.011514739443858465,1.2465637385508066,0.6232818692754033,0.5,True,False,,True,93,507
20,2,0.0,0.0,uniform,0,uniform,0.5,guarded,stage1,,,1,0.024342048131352545,0.018268355478843052,0.6833847973912635,0.6232818692754033,0.25,False,True,0.006753616034984587,True,297,1014
20,2,0.0,0.0,uniform,0,uniform,0.5,guarded,stage1,,,2,0.003687130118014359,0.011514739443858465,1.2465637385508066,0.31164093463770165,0.25,True,False,0.0,True,390,1521
20,2,0.0,0.0,uniform,0,uniform,0.5,guarded,stage1,,,3,0.003623127822093508,0.011465895920991898,0.9341192340758697,0.23352980851896746,0.25,True,False,-4.8843522866567554e-05,True,519,2028
20,2,0.0,0.0,uniform,0,uniform,0.5,guarded,stage1,,,4,0.02438100665524745,0.018272525320450466,0.7614959235099975,0.23352980851896746,0.125,False,True,0.0068066293994585685,True,669,2535
20,2,0.0,0.0,uniform,0,uniform,0.5,guarded,stage1,,,5,0.003623127822093508,0.011465895920991898,0.9341192340758697,0.1167649042594838,0.125,True,False,0.0,True,798,3042
20,2,0.0,0.0,uniform,0,uniform,0.5,guarded,stage1,,,6,0.024191606927829845,0.018252287060022354,0.8782608277694812,0.1167649042594838,0.0625,False,True,0.0067863911390304565,True,948,3549
20,2,0.0,0.0,uniform,0,uniform,0.5,guarded,stage1,,,7,0.003623127822093508,0.011465895920991898,0.9341192340758697,0.0583824521297418,0.0625,True,False,0.0,True,1077,4056
20,2,0.0,0.0,uniform,0,uniform,0.5,guarded,stage1,,,8,0.017871380379849366,0.015646093835433323,0.9366432798992232,0.0583824521297418,0.05,False,True,0.0041801979144414254,True,1305,4563
20,2,0.0,0.0,uniform,0,uniform,0.5,guarded,stage1,,,9,0.003623127822093508,0.011465895920991898,0.9341192340758697,0.046705961703793514,0.05,True,False,0.0,True,1434,5070
20,2,0.0,0.0,uniform,0,uniform,0.5,guarded,stage1,,,10,0.01397719148110204,0.006486330181360245,0.7467884077547151,0.03733942038773583,0.05,True,False,-0.004979565739631653,True,1668,5577
20,2,0.0,0.0,uniform,0,uniform,0.5,guarded,stage1,,,11,0.024467988034984955,0.018282638241847355,0.9109803499374357,0.03733942038773583,0.05,False,True,0.01179630806048711,True,1851,6084
20,2,0.0,0.0,uniform,0,uniform,0.5,guarded,stage1,,,12,0.01397719148110204,0.006486330181360245,0.7467884077547151,0.03733942038773583,0.05,True,False,0.0,True,2085,6591
20,2,0.0,0.0,uniform,0,uniform,0.5,guarded,stage1,,,13,0.024467988034984955,0.018282638241847355,0.9109803499374357,0.03733942038773583,0.05,False,True,0.01179630806048711,True,2268,7098
20,2,0.0,0.0,uniform,0,uniform,0.5,guarded,stage1,,,14,0.01397719148110204,0.006486330181360245,0.7467884077547151,0.03733942038773583,0.05,True,False,0.0,True,2502,7605
20,2,0.0,0.0,uniform,0,uniform,0.5,guarded,stage1,,,15,0.024467988034984955,0.018282638241847355,0.9109803499374357,0.03733942038773583,0.05,False,True,0.01179630806048711,True,2685,8112
20,2,0.0,0.0,uniform,0,uniform,0.5,guarded,stage1,,,16,0.01397719148110204,0.006486330181360245,0.7467884077547151,0.03733942038773583,0.05,True,False,0.0,True,2919,8619
20,2,0.0,0.0,uniform,0,uniform,0.5,guarded,stage1,,,17,0.024467988034984955,0.018282638241847355,0.9109803499374357,0.03733942038773583,0.05,False,True,0.01179630806048711,True,3102,9126
20,2,0.0,0.0,uniform,0,uniform,0.5,guarded,stage1,,,18,0.01397719148110204,0.006486330181360245,0.7467884077547151,0.03733942038773583,0.05,True,False,0.0,True,3336,9633
20,2,0.0,0.0,uniform,0,uniform,0.5,guarded,stage1,,,19,0.024467988034984955,0.018282638241847355,0.9109803499374357,0.03733942038773583,0.05,False,True,0.01179630806048711,True,3519,10140
21,2,0.0,0.0,uniform,0,uniform,0.5,fixed,stage1,,,0,0.023951257892143474,0.017984855299194653,0.9015449600981302,0.4507724800490651,0.5,True,False,,True,255,408
21,2,0.0,0.0,uniform,0,uniform,0.5,fixed,stage1,,,1,0.010047687543894845,0.0036675898979107537,0.02850727363411143,0.014253636817055687,0.5,True,False,-0.0143172654012839,True,588,816
21,2,0.0,0.0,uniform,0,uniform,0.5,fixed,stage1,,,2,0.05844891629568849,0.02912808395922184,0.8552210538073524,0.42761052690367624,0.5,True,False,0.025460494061311085,True,693,1224
21,2,0.0,0.0,uniform,0,uniform,0.5,fixed,stage1,,,3,0.06008577869657472,0.029606280848383904,0.42761052690367607,0.21380526345183798,0.5,True,False,0.0004781968891620636,True,879,1632
21,2,0.0,0.0,uniform,0,uniform,0.5,fixed,stage1,,,4,0.06008575707111774,0.029606303200125694,0.2138052634518381,0.10690263172591899,0.5,True,False,2.2351741790771484e-08,True,1080,2040
21,2,0.0,0.0,uniform,0,uniform,0.5,fixed,stage1,,,5,0.06008587632275386,0.029606347903609276,0.1069026317259191,0.053451315862959606,0.5,True,False,4.470348358154297e-08,True,1248,2448
21,2,0.0,0.0,uniform,0,uniform,0.5,fixed,stage1,,,6,0.06008599557438288,0.0296064509699742,0.053451315862959495,0.026725657931479803,0.5,True,False,1.0306636492526944e-07,True,1440,2856
21,2,0.0,0.0,uniform,0,uniform,0.5,fixed,stage1,,,7,0.060085749303219416,0.02960630568365256,0.026725657931479692,0.013362828965739683,0.5,True,False,-1.4528632164001465e-07,True,1629,3264
21,2,0.0,0.0,uniform,0,uniform,0.5,fixed,stage1,,,8,0.060085749303219416,0.02960630568365256,0.01336282896574001,0.00668141448287006,0.5,True,False,0.0,True,1821,3672
21,2,0.0,0.0,uniform,0,uniform,0.5,fixed,stage1,,,9,0.060085749303219416,0.02960630568365256,0.006681414482869951,0.0033407072414349207,0.5,True,False,0.0,True,2013,4080
21,2,0.0,0.0,uniform,0,uniform,0.5,fixed,stage1,,,10,0.0600860033422812,0.029606458420554798,0.00334070724143503,0.0016703536207175688,0.5,True,False,1.5273690223693848e-07,True,2196,4488
21,2,0.0,0.0,uniform,0,uniform,0.5,fixed,stage1,,,11,0.0600860033422812,0.029606458420554798,0.0016703536207174612,0.0008351768103587306,0.5,True,False,0.0,True,2379,4896
21,2,0.0,0.0,uniform,0,uniform,0.5,fixed,stage1,,,12,0.06008570437407457,0.02960626098016898,0.0008351768103587306,0.0004175884051793649,0.5,True,False,-1.9744038581848145e-07,True,2556,5304
21,2,0.0,0.0,uniform,0,uniform,0.5,adaptive,stage1,,,0,0.023951257892143474,0.017984855299194653,0.9015449600981302,0.4507724800490651,0.5,True,False,,True,255,408
21,2,0.0,0.0,uniform,0,uniform,0.5,adaptive,stage1,,,1,0.010047687543894845,0.0036675898979107537,0.02850727363411143,0.014253636817055687,0.5,True,False,-0.0143172654012839,True,588,816
21,2,0.0,0.0,uniform,0,uniform,0.5,adaptive,stage1,,,2,0.05844891629568849,0.02912808395922184,0.8552210538073524,0.2138052634518381,0.25,True,False,0.025460494061311085,True,693,1224
21,2,0.0,0.0,uniform,0,uniform,0.5,adaptive,stage1,,,3,0.060029427600930774,0.029588894918560982,0.6414157903555142,0.1603539475888786,0.25,True,False,0.00046081095933914185,True,888,1632
21,2,0.0,0.0,uniform,0,uniform,0.5,adaptive,stage1,,,4,0.06008593343132418,0.029606463387608528,0.4810618427666356,0.12026546069165892,0.25,True,False,1.7568469047546387e-05,True,1077,2040
21,2,0.0,0.0,uniform,0,uniform,0.5,adaptive,stage1,,,5,0.06008599557438288,0.0296064509699742,0.36079638207497666,0.09019909551874418,0.25,True,False,-1.2417634327049898e-08,True,1290,2448
21,2,0.0,0.0,uniform,0,uniform,0.5,adaptive,stage1,,,6,0.060085786464467716,0.029606295749545097,0.2705972865562325,0.06764932163905814,0.25,True,False,-1.5522042910373623e-07,True,1497,2856
21,2,0.0,0.0,uniform,0,uniform,0.5,adaptive,stage1,,,7,0.0600860033422812,0.029606458420554798,0.20294796491717437,0.05073699122929362,0.25,True,False,1.6267100970066006e-07,True,1719,3264
21,2,0.0,0.0,uniform,0,uniform,0.5,adaptive,stage1,,,8,0.060085794232364265,0.029606313134233158,0.15221097368788075,0.03805274342197019,0.25,True,False,-1.4528632164001465e-07,True,1926,3672
21,2,0.0,0.0,uniform,0,uniform,0.5,adaptive,stage1,,,9,0.06008583139361079,0.02960631561776002,0.11415823026591057,0.0285395575664777,0.25,True,False,2.4835268633283114e-09,True,2103,4080
21,2,0.0,0.0,uniform,0,uniform,0.5,adaptive,stage1,,,10,0.06008587632275386,0.029606347903609276,0.08561867269943287,0.02140466817485806,0.25,True,False,3.228584925449307e-08,True,2271,4488
21,2,0.0,0.0,uniform,0,uniform,0.5,adaptive,stage1,,,11,0.060085786464467716,0.029606295749545097,0.0642140045245748,0.016053501131143726,0.25,True,False,-5.21540641784668e-08,True,2457,4896
21,2,0.0,0.0,uniform,0,uniform,0.5,adaptive,stage1,,,12,0.06008587632275386,0.029606347903609276,0.04816050339343107,0.012040125848357768,0.25,True,False,5.21540641784668e-08,True,2640,5304
21,2,0.0,0.0,uniform,0,uniform,0.5,adaptive,stage1,,,13,0.06008583139361079,0.02960631561776002,0.03612037754507331,0.009030094386268383,0.25,True,False,-3.228584925449307e-08,True,2841,5712
21,2,0.0,0.0,uniform,0,uniform,0.5,adaptive,stage1,,,14,0.060085749303219416,0.02960630568365256,0.027090283158804927,0.00677257078970126,0.25,True,False,-9.93410746025214e-09,True,3030,6120
21,2,0.0,0.0,uniform,0,uniform,0.5,adaptive,stage1,,,15,0.06008570437407457,0.02960626098016898,0.020317712369103666,0.0050794280922759165,0.25,True,False,-4.470348358154297e-08,True,3207,6528
21,2,0.0,0.0,uniform,0,uniform,0.5,adaptive,stage1,,,16,0.060085749303219416,0.02960630568365256,0.015238284276827751,0.003809571069206966,0.25,True,False,4.470348358154297e-08,True,3396,6936
21,2,0.0,0.0,uniform,0,uniform,0.5,adaptive,stage1,,,17,0.06008570437407457,0.02960626098016898,0.011428713207620785,0.0028571783019051694,0.25,True,False,-4.470348358154297e-08,True,3573,7344
21,2,0.0,0.0,uniform,0,uniform,0.5,adaptive,stage1,,,18,0.06008570437407457,0.02960626098016898,0.008571534905715616,0.0021428837264289586,0.25,True,False,0.0,True,3750,7752
21,2,0.0,0.0,uniform,0,uniform,0.5,adaptive,stage1,,,19,0.060085749303219416,0.02960630568365256,0.006428651179286657,0.0016071627948215008,0.25,True,False,4.470348358154297e-08,True,3942,8160
21,2,0.0,0.0,uniform,0,uniform,0.5,guarded,stage1,,,0,0.023951257892143474,0.017984855299194653,0.9015449600981302,0.4507724800490651,0.5,True,False,,True,255,408
21,2,0.0,0.0,uniform,0,uniform,0.5,guarded,stage1,,,1,0.010047687543894845,0.0036675898979107537,0.02850727363411143,0.014253636817055687,0.5,True,False,-0.0143172654012839,True,588,816
21,2,0.0,0.0,uniform,0,uniform,0.5,guarded,stage1,,,2,0.05844891629568849,0.02912808395922184,0.8552210538073524,0.014253636817055687,0.25,False,True,0.025460494061311085,True,693,1224
21,2,0.0,0.0,uniform,0,uniform,0.5,guarded,stage1,,,3,0.010047687543894845,0.0036675898979107537,0.02850727363411143,0.007126818408527885,0.25,True,False,0.0,True,1026,1632
21,2,0.0,0.0,uniform,0,uniform,0.5,guarded,stage1,,,4,0.05842297387733453,0.029103171701232593,0.8555576202124769,0.007126818408527885,0.125,False,True,0.02543558180332184,True,1131,2040
21,2,0.0,0.0,uniform,0,uniform,0.5,guarded,stage1,,,5,0.010047687543894845,0.0036675898979107537,0.02850727363411143,0.003563409204263901,0.125,True,False,0.0,True,1464,2448
21,2,0.0,0.0,uniform,0,uniform,0.5,guarded,stage1,,,6,0.05841044503034709,0.029091101760665577,0.8557259034150393,0.003563409204263901,0.0625,False,True,0.025423511862754822,True,1569,2856
21,2,0.0,0.0,uniform,0,uniform,0.5,guarded,stage1,,,7,0.010047687543894845,0.0036675898979107537,0.02850727363411143,0.0017817046021319227,0.0625,True,False,0.0,True,1902,3264
21,2,0.0,0.0,uniform,0,uniform,0.5,guarded,stage1,,,8,0.055881583179555605,0.028223702684044838,0.8558100450163204,0.0017817046021319227,0.05,False,True,0.024556112786134083,True,2328,3672
21,2,0.0,0.0,uniform,0,uniform,0.5,guarded,stage1,,,9,0.010047687543894845,0.0036675898979107537,0.02850727363411143,0.001425363681705566,0.05,True,False,0.0,True,2661,4080
21,2,0.0,0.0,uniform,0,uniform,0.5,guarded,stage1,,,10,0.05784902963599503,0.028892481699585915,0.8558268733365766,0.001425363681705566,0.05,False,True,0.02522489180167516,True,2931,4488
21,2,0.0,0.0,uniform,0,uniform,0.5,guarded,stage1,,,11,0.010047687543894845,0.0036675898979107537,0.02850727363411143,0.001425363681705566,0.05,True,False,0.0,True,3264,4896
21,2,0.0,0.0,uniform,0,uniform,0.5,guarded,stage1,,,12,0.05784902963599503,0.028892481699585915,0.8558268733365766,0.001425363681705566,0.05,False,True,0.02522489180167516,True,3534,5304
21,2,0.0,0.0,uniform,0,uniform,0.5,guarded,stage1,,,13,0.010047687543894845,0.0036675898979107537,0.02850727363411143,0.001425363681705566,0.05,True,False,0.0,True,3867,5712
21,2,0.0,0.0,uniform,0,uniform,0.5,guarded,stage1,,,14,0.05784902963599503,0.028892481699585915,0.8558268733365766,0.001425363681705566,0.05,False,True,0.02522489180167516,True,4137,6120
21,2,0.0,0.0,uniform,0,uniform,0.5,guarded,stage1,,,15,0.010047687543894845,0.0036675898979107537,0.02850727363411143,0.001425363681705566,0.05,True,False,0.0,True,4470,6528
21,2,0.0,0.0,uniform,0,uniform,0.5,guarded,stage1,,,16,0.05784902963599503,0.028892481699585915,0.8558268733365766,0.001425363681705566,0.05,False,True,0.02522489180167516,True,4740,6936
21,2,0.0,0.0,uniform,0,uniform,0.5,guarded,stage1,,,17,0.010047687543894845,0.0036675898979107537,0.02850727363411143,0.001425363681705566,0.05,True,False,0.0,True,5073,7344
21,2,0.0,0.0,uniform,0,uniform,0.5,guarded,stage1,,,18,0.05784902963599503,0.028892481699585915,0.8558268733365766,0.001425363681705566,0.05,False,True,0.02522489180167516,True,5343,7752
21,2,0.0,0.0,uniform,0,uniform,0.5,guarded,stage1,,,19,0.010047687543894845,0.0036675898979107537,0.02850727363411143,0.001425363681705566,0.05,True,False,0.0,True,5676,8160
22,2,0.0,0.0,uniform,0,uniform,0.5,fixed,stage1,,,0,0.008413969116944697,0.011623198787371317,0.7913700087280686,0.39568500436403437,0.5,True,False,,True,261,75
22,2,0.0,0.0,uniform,0,uniform,0.5,fixed,stage1,,,1,0.008414001646634972,0.011623196303844452,0.3956849825044474,0.19784249125222375,0.5,True,False,-2.483526865063035e-09,True,507,150
22,2,0.0,0.0,uniform,0,uniform,0.5,fixed,stage1,,,2,0.008414020581253512,0.011623203754425049,0.1978425568309881,0.09892127841549402,0.5,True,False,7.450580596923828e-09,True,732,225
22,2,0.0,0.0,uniform,0,uniform,0.5,fixed,stage1,,,3,0.00841398174003305,0.01162321368853251,0.09892136585386346,0.04946068292693173,0.5,True,False,9.934107461986863e-09,True,960,300
22,2,0.0,0.0,uniform,0,uniform,0.5,fixed,stage1,,,4,0.008414006986204425,0.011623198787371317,0.04946055176938479,0.024730275884692395,0.5,True,False,-1.4901161193847656e-08,True,1173,375
22,2,0.0,0.0,uniform,0,uniform,0.5,fixed,stage1,,,5,0.008413975914481231,0.011623218655586243,0.02473045076143119,0.012365225380715567,0.5,True,False,1.986821492570845e-08,True,1398,450
22,2,0.0,0.0,uniform,0,uniform,0.5,fixed,stage1,,,6,0.008413944842755372,0.011623218655586243,0.012365225380715623,0.006182612690357785,0.5,True,False,0.0,True,1608,525
22,2,0.0,0.0,uniform,0,uniform,0.5,fixed,stage1,,,7,0.008413944842755372,0.011623218655586243,0.006182612690357837,0.0030913063451789187,0.5,True,False,0.0,True,1845,600
22,2,0.0,0.0,uniform,0,uniform,0.5,fixed,stage1,,,8,0.00841401281175802,0.011623206237951914,0.003091197047208189,0.001545598523604013,0.5,True,False,-1.2417634328784621e-08,True,2034,675
22,2,0.0,0.0,uniform,0,uniform,0.5,fixed,stage1,,,9,0.00841401281175802,0.011623206237951914,0.001545598523604176,0.0007727992618020603,0.5,True,False,0.0,True,2235,750
22,2,0.0,0.0,uniform,0,uniform,0.5,fixed,stage1,,,10,0.008413944842755372,0.011623218655586243,0.0007729085597728454,0.00038645427988644523,0.5,True,False,1.2417634328784621e-08,True,2484,825
22,2,0.0,0.0,uniform,0,uniform,0.5,adaptive,stage1,,,0,0.008413969116944697,0.011623198787371317,0.7913700087280686,0.39568500436403437,0.5,True,False,,True,261,75
22,2,0.0,0.0,uniform,0,uniform,0.5,adaptive,stage1,,,1,0.008414001646634972,0.011623196303844452,0.3956849825044474,0.19784249125222375,0.5,True,False,-2.483526865063035e-09,True,507,150
22,2,0.0,0.0,uniform,0,uniform,0.5,adaptive,stage1,,,2,0.008414020581253512,0.011623203754425049,0.1978425568309881,0.09892127841549402,0.5,True,False,7.450580596923828e-09,True,732,225
22,2,0.0,0.0,uniform,0,uniform,0.5,adaptive,stage1,,,3,0.00841398174003305,0.01162321368853251,0.09892136585386346,0.04946068292693173,0.5,True,False,9.934107461986863e-09,True,960,300
22,2,0.0,0.0,uniform,0,uniform,0.5,adaptive,stage1,,,4,0.008414006986204425,0.011623198787371317,0.04946055176938479,0.024730275884692395,0.5,True,False,-1.4901161193847656e-08,True,1173,375
22,2,0.0,0.0,uniform,0,uniform,0.5,adaptive,stage1,,,5,0.008413975914481231,0.011623218655586243,0.02473045076143119,0.012365225380715567,0.5,True,False,1.986821492570845e-08,True,1398,450
22,2,0.0,0.0,uniform,0,uniform,0.5,adaptive,stage1,,,6,0.008413944842755372,0.011623218655586243,0.012365225380715623,0.006182612690357785,0.5,True,False,0.0,True,1608,525
22,2,0.0,0.0,uniform,0,uniform,0.5,adaptive,stage1,,,7,0.008413944842755372,0.011623218655586243,0.006182612690357837,0.0030913063451789187,0.5,True,False,0.0,True,1845,600
22,2,0.0,0.0,uniform,0,uniform,0.5,adaptive,stage1,,,8,0.00841401281175802,0.011623206237951914,0.003091197047208189,0.001545598523604013,0.5,True,False,-1.2417634328784621e-08,True,2034,675
22,2,0.0,0.0,uniform,0,uniform,0.5,adaptive,stage1,,,9,0.00841401281175802,0.011623206237951914,0.001545598523604176,0.0007727992618020603,0.5,True,False,0.0,True,2235,750
22,2,0.0,0.0,uniform,0,uniform,0.5,adaptive,stage1,,,10,0.008413944842755372,0.011623218655586243,0.0007729085597728454,0.00038645427988644523,0.5,True,False,1.2417634328784621e-08,True,2484,825
22,2,0.0,0.0,uniform,0,uniform,0.5,guarded,stage1,,,0,0.008413969116944697,0.011623198787371317,0.7913700087280686,0.39568500436403437,0.5,True,False,,True,261,75
22,2,0.0,0.0,uniform,0,uniform,0.5,guarded,stage1,,,1,0.008414001646634972,0.011623196303844452,0.3956849825044474,0.19784249125222375,0.5,True,False,-2.483526865063035e-09,True,507,150
22,2,0.0,0.0,uniform,0,uniform,0.5,guarded,stage1,,,2,0.008414020581253512,0.011623203754425049,0.1978425568309881,0.09892127841549402,0.5,True,False,7.450580596923828e-09,True,732,225
22,2,0.0,0.0,uniform,0,uniform,0.5,guarded,stage1,,,3,0.00841398174003305,0.01162321368853251,0.09892136585386346,0.04946068292693173,0.5,True,False,9.934107461986863e-09,True,960,300
22,2,0.0,0.0,uniform,0,uniform,0.5,guarded,stage1,,,4,0.008414006986204425,0.011623198787371317,0.04946055176938479,0.024730275884692395,0.5,True,False,-1.4901161193847656e-08,True,1173,375
22,2,0.0,0.0,uniform,0,uniform,0.5,guarded,stage1,,,5,0.008413975914481231,0.011623218655586243,0.02473045076143119,0.012365225380715567,0.5,True,False,1.986821492570845e-08,True,1398,450
22,2,0.0,0.0,uniform,0,uniform,0.5,guarded,stage1,,,6,0.008413944842755372,0.011623218655586243,0.012365225380715623,0.006182612690357785,0.5,True,False,0.0,True,1608,525
22,2,0.0,0.0,uniform,0,uniform,0.5,guarded,stage1,,,7,0.008413944842755372,0.011623218655586243,0.006182612690357837,0.0030913063451789187,0.5,True,False,0.0,True,1845,600
22,2,0.0,0.0,uniform,0,uniform,0.5,guarded,stage1,,,8,0.00841401281175802,0.011623206237951914,0.003091197047208189,0.001545598523604013,0.5,True,False,-1.2417634328784621e-08,True,2034,675
22,2,0.0,0.0,uniform,0,uniform,0.5,guarded,stage1,,,9,0.00841401281175802,0.011623206237951914,0.001545598523604176,0.0007727992618020603,0.5,True,False,0.0,True,2235,750
22,2,0.0,0.0,uniform,0,uniform,0.5,guarded,stage1,,,10,0.008413944842755372,0.011623218655586243,0.0007729085597728454,0.00038645427988644523,0.5,True,False,1.2417634328784621e-08,True,2484,825
23,2,0.0,0.0,uniform,0,uniform,0.5,fixed,stage1,,,0,0.008365733889928118,0.002972679833571116,0.6452051876424538,0.3226025938212269,0.5,True,False,,True,120,48
23,2,0.0,0.0,uniform,0,uniform,0.5,fixed,stage1,,,1,0.008041717386126468,0.0028833051522572837,0.3216389045347827,0.16081945226739136,0.5,True,False,-8.937468131383231e-05,True,282,96
23,2,0.0,0.0,uniform,0,uniform,0.5,fixed,stage1,,,2,0.0050010399754250034,0.0034872666001319885,0.16738828693721164,0.08369414346860587,0.5,True,False,0.0006039614478747049,True,423,144
23,2,0.0,0.0,uniform,0,uniform,0.5,fixed,stage1,,,3,0.0023413063593960004,0.00502219299475352,0.0863139168009964,0.04315695840049823,0.5,True,False,0.0015349263946215315,True,624,192
23,2,0.0,0.0,uniform,0,uniform,0.5,fixed,stage1,,,4,0.0023409816332382594,0.005022366841634114,0.0431575533597134,0.02157877667985676,0.5,True,False,1.7384688059431108e-07,True,828,240
23,2,0.0,0.0,uniform,0,uniform,0.5,fixed,stage1,,,5,0.002340879424260034,0.005022428929805756,0.021578989165865654,0.010789494582932855,0.5,True,False,6.208817164132102e-08,True,1017,288
23,2,0.0,0.0,uniform,0,uniform,0.5,fixed,stage1,,,6,0.005516171641542389,0.0031438792745272317,0.004503042016574225,0.002251521008287141,0.5,True,False,-0.001878549655278524,True,1179,336
23,2,0.0,0.0,uniform,0,uniform,0.5,fixed,stage1,,,7,0.0023408671853104024,0.005022428929805756,0.010577568104104335,0.005288784052052168,0.5,True,False,0.001878549655278524,True,1380,384
23,2,0.0,0.0,uniform,0,uniform,0.5,fixed,stage1,,,8,0.0023408821447690187,0.005022414028644562,0.005288733055382393,0.0026443665276911967,0.5,True,False,-1.4901161193847656e-08,True,1584,432
23,2,0.0,0.0,uniform,0,uniform,0.5,fixed,stage1,,,9,0.005280448563175555,0.0033806165059407554,0.005268765773269995,0.002634382886634942,0.5,True,False,-0.0016417975227038064,True,1746,480
23,2,0.0,0.0,uniform,0,uniform,0.5,fixed,stage1,,,10,0.006092398335601157,0.002750356992085775,0.009120656886547408,0.004560328443273675,0.5,True,False,-0.0006302595138549805,True,2232,528
23,2,0.0,0.0,uniform,0,uniform,0.5,fixed,stage1,,,11,0.00234092260315627,0.00502238670984904,0.009838984363750594,0.004919492181875299,0.5,True,False,0.002272029717763265,True,2442,576
23,2,0.0,0.0,uniform,0,uniform,0.5,fixed,stage1,,,12,0.002341005729925072,0.005022366841634114,0.00491942418638528,0.0024597120931926127,0.5,True,False,-1.986821492570845e-08,True,2616,624
23,2,0.0,0.0,uniform,0,uniform,0.5,fixed,stage1,,,13,0.00521873499440495,0.0034423048297564187,0.004810986828604466,0.0024054934143023163,0.5,True,False,-0.0015800620118776956,True,2778,672
23,2,0.0,0.0,uniform,0,uniform,0.5,fixed,stage1,,,14,0.007112094323883378,0.002249543865521749,0.014591721249651602,0.007295860624825746,0.5,True,False,-0.0011927609642346697,True,2970,720
23,2,0.0,0.0,uniform,0,uniform,0.5,fixed,stage1,,,15,0.003296090021550069,0.004367468257745107,0.009936497756168415,0.004968248878084235,0.5,True,False,0.0021179243922233577,True,3138,768
23,2,0.0,0.0,uniform,0,uniform,0.5,fixed,stage1,,,16,0.002340943171561083,0.005022371808687846,0.007192834253106084,0.003596417126553014,0.5,True,False,0.0006549035509427394,True,3339,816
23,2,0.0,0.0,uniform,0,uniform,0.5,fixed,stage1,,,17,0.0041225152644790986,0.003973913689454396,0.0022739393828158988,0.001136969691407922,0.5,True,False,-0.0010484581192334499,True,3504,864
23,2,0.0,0.0,uniform,0,uniform,0.5,fixed,stage1,,,18,0.0023409495043225093,0.005022376775741577,0.0035709928576707645,0.0017854964288354378,0.5,True,False,0.0010484630862871809,True,3699,912
23,2,0.0,0.0,uniform,0,uniform,0.5,fixed,stage1,,,19,0.005464632159100646,0.003195814788341522,0.008043615702132852,0.004021807851066424,0.5,True,False,-0.001826561987400055,True,3861,960
23,2,0.0,0.0,uniform,0,uniform,0.5,adaptive,stage1,,,0,0.008365733889928118,0.002972679833571116,0.6452051876424538,0.3226025938212269,0.5,True,False,,True,120,48
23,2,0.0,0.0,uniform,0,uniform,0.5,adaptive,stage1,,,1,0.008041717386126468,0.0028833051522572837,0.3216389045347827,0.16081945226739136,0.5,True,False,-8.937468131383231e-05,True,282,96
23,2,0.0,0.0,uniform,0,uniform,0.5,adaptive,stage1,,,2,0.0050010399754250034,0.0034872666001319885,0.16738828693721164,0.08369414346860587,0.5,True,False,0.0006039614478747049,True,423,144
23,2,0.0,0.0,uniform,0,uniform,0.5,adaptive,stage1,,,3,0.0023413063593960004,0.00502219299475352,0.0863139168009964,0.04315695840049823,0.5,True,False,0.0015349263946215315,True,624,192
23,2,0.0,0.0,uniform,0,uniform,0.5,adaptive,stage1,,,4,0.0023409816332382594,0.005022366841634114,0.0431575533597134,0.02157877667985676,0.5,True,False,1.7384688059431108e-07,True,828,240
23,2,0.0,0.0,uniform,0,uniform,0.5,adaptive,stage1,,,5,0.002340879424260034,0.005022428929805756,0.021578989165865654,0.010789494582932855,0.5,True,False,6.208817164132102e-08,True,1017,288
23,2,0.0,0.0,uniform,0,uniform,0.5,adaptive,stage1,,,6,0.005516171641542389,0.0031438792745272317,0.004503042016574225,0.002251521008287141,0.5,True,False,-0.001878549655278524,True,1179,336
23,2,0.0,0.0,uniform,0,uniform,0.5,adaptive,stage1,,,7,0.0023408671853104024,0.005022428929805756,0.010577568104104335,0.002644392026025972,0.25,True,False,0.001878549655278524,True,1380,384
23,2,0.0,0.0,uniform,0,uniform,0.5,adaptive,stage1,,,8,0.002341022983314789,0.005022332072257996,0.007932844600036626,0.0019832111500091426,0.25,True,False,-9.685754776000977e-08,True,1596,432
23,2,0.0,0.0,uniform,0,uniform,0.5,adaptive,stage1,,,9,0.0023408649753159927,0.005022428929805756,0.005949964928069222,0.0014874912320172497,0.25,True,False,9.685754776000977e-08,True,1773,480
23,2,0.0,0.0,uniform,0,uniform,0.5,adaptive,stage1,,,10,0.004076203086522567,0.0039921800295511884,0.0035967467659471343,0.0008991866914868536,0.25,True,False,-0.0010302489002545672,True,1938,528
23,2,0.0,0.0,uniform,0,uniform,0.5,adaptive,stage1,,,11,0.002790178157659806,0.004709651072820027,0.003151422406979098,0.0007878556017448576,0.25,True,False,0.0007174710432688389,True,2109,576
23,2,0.0,0.0,uniform,0,uniform,0.5,adaptive,stage1,,,12,0.004141991959665581,0.003966234624385834,0.0021643875790520626,0.0005410968947630011,0.25,True,False,-0.0007434164484341936,True,2274,624
23,2,0.0,0.0,uniform,0,uniform,0.5,adaptive,stage1,,,13,0.0023408497186084842,0.0050224413474400835,0.0034655167139566656,0.00043318958924466657,0.125,True,False,0.0010562067230542498,True,2463,672
23,2,0.0,0.0,uniform,0,uniform,0.5,adaptive,stage1,,,14,0.00414286219544957,0.003965909282366435,0.0018678950144891196,0.0002334868768111122,0.125,True,False,-0.0010565320650736485,True,2628,720
23,2,0.0,0.0,uniform,0,uniform,0.5,adaptive,stage1,,,15,0.0023410458454475314,0.005022294819355011,0.003099349366241116,0.00019370933539008053,0.0625,True,False,0.001056385536988576,True,2814,768
23,2,0.0,0.0,uniform,0,uniform,0.5,adaptive,stage1,,,16,0.0023410716415280808,0.005022302269935608,0.0029056655291140373,0.00018160409556958884,0.0625,True,False,7.450580596923828e-09,True,3009,816
23,2,0.0,0.0,uniform,0,uniform,0.5,adaptive,stage1,,,17,0.0023409310165545816,0.005022361874580383,0.00272426541980522,0.00017026658873777432,0.0625,True,False,5.960464477539063e-08,True,3189,864
23,2,0.0,0.0,uniform,0,uniform,0.5,adaptive,stage1,,,18,0.0028158628925403217,0.00469972441593806,0.0014538992258031425,9.086870161275924e-05,0.0625,True,False,-0.0003226374586423235,True,3360,912
23,2,0.0,0.0,uniform,0,uniform,0.5,adaptive,stage1,,,19,0.007087191180509822,0.0022298594315846763,0.017190861046739444,0.0008595430523370053,0.05,True,False,-0.0024698649843533835,True,3528,960
23,2,0.0,0.0,uniform,0,uniform,0.5,guarded,stage1,,,0,0.008365733889928118,0.002972679833571116,0.6452051876424538,0.3226025938212269,0.5,True,False,,True,120,48
23,2,0.0,0.0,uniform,0,uniform,0.5,guarded,stage1,,,1,0.008041717386126468,0.0028833051522572837,0.3216389045347827,0.16081945226739136,0.5,True,False,-8.937468131383231e-05,True,282,96
23,2,0.0,0.0,uniform,0,uniform,0.5,guarded,stage1,,,2,0.0050010399754250034,0.0034872666001319885,0.16738828693721164,0.16081945226739136,0.25,False,True,0.0006039614478747049,True,423,144
23,2,0.0,0.0,uniform,0,uniform,0.5,guarded,stage1,,,3,0.008041717386126468,0.0028833051522572837,0.3216389045347827,0.08040972613369568,0.25,True,False,0.0,True,585,192
23,2,0.0,0.0,uniform,0,uniform,0.5,guarded,stage1,,,4,0.007225230520039871,0.002260411779085795,0.2345919070667477,0.058647976766686885,0.25,True,False,-0.0006228933731714887,True,729,240
23,2,0.0,0.0,uniform,0,uniform,0.5,guarded,stage1,,,5,0.0063794443533685685,0.0025600294272104898,0.17911936565155934,0.058647976766686885,0.125,False,True,0.0002996176481246948,True,1065,288
23,2,0.0,0.0,uniform,0,uniform,0.5,guarded,stage1,,,6,0.007225230520039871,0.002260411779085795,0.2345919070667477,0.02932398838334342,0.125,True,False,0.0,True,1209,336
23,2,0.0,0.0,uniform,0,uniform,0.5,guarded,stage1,,,7,0.006918119583098958,0.0022013808290163674,0.20464599899156688,0.025580749873945915,0.125,True,False,-5.903095006942749e-05,True,1620,384
23,2,0.0,0.0,uniform,0,uniform,0.5,guarded,stage1,,,8,0.006911413514725018,0.002206002672513326,0.17911389870046426,0.0223892373375581,0.125,True,False,4.621843496958704e-06,True,1944,432
23,2,0.0,0.0,uniform,0,uniform,0.5,guarded,stage1,,,9,0.006920373243786138,0.0021993468205134072,0.15665460413550633,0.019581825516938267,0.125,True,False,-6.655851999918909e-06,True,2244,480
23,2,0.0,0.0,uniform,0,uniform,0.5,guarded,stage1,,,10,0.0063253471619016954,0.002601251006126404,0.14133089644903324,0.019581825516938267,0.0625,False,True,0.00040190418561299656,True,2580,528
23,2,0.0,0.0,uniform,0,uniform,0.5,guarded,stage1,,,11,0.006920373243786138,0.0021993468205134072,0.15665460413550633,0.009790912758469189,0.0625,True,False,0.0,True,2880,576
23,2,0.0,0.0,uniform,0,uniform,0.5,guarded,stage1,,,12,0.006936255125356894,0.0022025307019551596,0.14689720190423902,0.009181075119014961,0.0625,True,False,3.183881441752405e-06,True,3207,624
23,2,0.0,0.0,uniform,0,uniform,0.5,guarded,stage1,,,13,0.004579692184472961,0.003753267228603363,0.15405504990607916,0.009181075119014961,0.05,False,True,0.0015507365266482034,True,3372,672
23,2,0.0,0.0,uniform,0,uniform,0.5,guarded,stage1,,,14,0.006936255125356894,0.0022025307019551596,0.14689720190423902,0.007344860095211847,0.05,True,False,0.0,True,3699,720
23,2,0.0,0.0,uniform,0,uniform,0.5,guarded,stage1,,,15,0.006912043825804459,0.0022001812855402627,0.13952761373115863,0.006976380686558023,0.05,True,False,-2.3494164148969363e-06,True,4050,768
23,2,0.0,0.0,uniform,0,uniform,0.5,guarded,stage1,,,16,0.0025645484519971617,0.00486735999584198,0.14891488424332425,0.006976380686558023,0.05,False,True,0.0026671787103017173,True,4224,816
23,2,0.0,0.0,uniform,0,uniform,0.5,guarded,stage1,,,17,0.006912043825804459,0.0022001812855402627,0.13952761373115863,0.006976380686558023,0.05,True,False,0.0,True,4575,864
23,2,0.0,0.0,uniform,0,uniform,0.5,guarded,stage1,,,18,0.0025645484519971617,0.00486735999584198,0.14891488424332425,0.006976380686558023,0.05,False,True,0.0026671787103017173,True,4749,912
23,2,0.0,0.0,uniform,0,uniform,0.5,guarded,stage1,,,19,0.006912043825804459,0.0022001812855402627,0.13952761373115863,0.006976380686558023,0.05,True,False,0.0,True,5100,960
24,2,0.0,0.0,uniform,0,uniform,0.5,fixed,stage1,,,0,0.024665088115151446,0.0026645070562760034,0.4366746982225277,0.2183373491112639,0.5,True,False,,True,144,615
24,2,0.0,0.0,uniform,0,uniform,0.5,fixed,stage1,,,1,0.024305816962094884,0.0026481803506612778,0.21815031907989615,0.10907515953994806,0.5,True,False,-1.6326705614725604e-05,True,444,1230
24,2,0.0,0.0,uniform,0,uniform,0.5,fixed,stage1,,,2,0.022477026060718996,0.004225571329394977,0.127916845355884,0.063958422677942,0.5,True,False,0.0015773909787336988,True,705,1845
24,2,0.0,0.0,uniform,0,uniform,0.5,fixed,stage1,,,3,0.022763518056596155,0.003821810707449913,0.05898236128838115,0.02949118064419065,0.5,True,False,-0.00040376062194506356,True,1032,2460
24,2,0.0,0.0,uniform,0,uniform,0.5,fixed,stage1,,,4,0.022800835120725615,0.003826770310600599,0.029551644340467684,0.014775822170233932,0.5,True,False,4.959603150685773e-06,True,1272,3075
24,2,0.0,0.0,uniform,0,uniform,0.5,fixed,stage1,,,5,0.022847125403437918,0.004401293272773425,0.02189157616780789,0.010945788083903951,0.5,True,False,0.0005745229621728263,True,1725,3690
24,2,0.0,0.0,uniform,0,uniform,0.5,fixed,stage1,,,6,0.022469616878627252,0.004534030333161354,0.012621893286772684,0.006310946643386314,0.5,True,False,0.000132737060387929,True,2022,4305
24,2,0.0,0.0,uniform,0,uniform,0.5,fixed,stage1,,,7,0.022475538755644342,0.004593978946407636,0.007071965536099123,0.003535982768049506,0.5,True,False,5.994861324628165e-05,True,2286,4920
24,2,0.0,0.0,uniform,0,uniform,0.5,fixed,stage1,,,8,0.022472944505816328,0.004628041759133339,0.0039695186912649255,0.0019847593456324003,0.5,True,False,3.406281272570321e-05,True,2523,5535
24,2,0.0,0.0,uniform,0,uniform,0.5,fixed,stage1,,,9,0.023359053313747324,0.00589293676118056,0.018683397801461374,0.009341698900730638,0.5,True,False,0.0012648950020472212,True,2898,6150
24,2,0.0,0.0,uniform,0,uniform,0.5,fixed,stage1,,,10,0.024892161736360885,0.00950912448267142,0.06453581327028382,0.03226790663514191,0.5,True,False,0.003616187721490859,True,3198,6765
24,2,0.0,0.0,uniform,0,uniform,0.5,fixed,stage1,,,11,0.022809896001742436,0.004053270444273949,0.046832535117530286,0.023416267558765233,0.5,True,False,-0.0054558540383974705,True,3651,7380
24,2,0.0,0.0,uniform,0,uniform,0.5,fixed,stage1,,,12,0.02491777257915917,0.009564125910401344,0.0566224336957184,0.0283112168478592,0.5,True,False,0.005510855466127396,True,3954,7995
24,2,0.0,0.0,uniform,0,uniform,0.5,fixed,stage1,,,13,0.02304933350855265,0.0048287057628234225,0.04194915503056498,0.020974577515282575,0.5,True,False,-0.004735420147577922,True,4398,8610
24,2,0.0,0.0,uniform,0,uniform,0.5,fixed,stage1,,,14,0.024973830145665232,0.009667164956529936,0.05105245109900915,0.02552622554950458,0.5,True,False,0.004838459193706513,True,4710,9225
24,2,0.0,0.0,uniform,0,uniform,0.5,fixed,stage1,,,15,0.023143878457877465,0.005179332569241524,0.0419394573376215,0.020969728668810694,0.5,True,False,-0.004487832387288412,True,4992,9840
24,2,0.0,0.0,uniform,0,uniform,0.5,fixed,stage1,,,16,0.024963700059414506,0.00964629091322422,0.04613711324976992,0.02306855662488494,0.5,True,False,0.0044669583439826965,True,5316,10455
24,2,0.0,0.0,uniform,0,uniform,0.5,fixed,stage1,,,17,0.023109748499934968,0.005049346014857292,0.0457397416083294,0.022869870804164666,0.5,True,False,-0.004596944898366928,True,5619,11070
24,2,0.0,0.0,uniform,0,uniform,0.5,fixed,stage1,,,18,0.025083823774874725,0.009870584433277449,0.04981959244141829,0.02490979622070906,0.5,True,False,0.004821238418420156,True,5838,11685
24,2,0.0,0.0,uniform,0,uniform,0.5,fixed,stage1,,,19,0.023126220295329514,0.005110415940483411,0.046981838494469574,0.023490919247234815,0.5,True,False,-0.004760168492794038,True,6156,12300
24,2,0.0,0.0,uniform,0,uniform,0.5,adaptive,stage1,,,0,0.024665088115151446,0.0026645070562760034,0.4366746982225277,0.2183373491112639,0.5,True,False,,True,144,615
24,2,0.0,0.0,uniform,0,uniform,0.5,adaptive,stage1,,,1,0.024305816962094884,0.0026481803506612778,0.21815031907989615,0.10907515953994806,0.5,True,False,-1.6326705614725604e-05,True,444,1230
24,2,0.0,0.0,uniform,0,uniform,0.5,adaptive,stage1,,,2,0.022477026060718996,0.004225571329394977,0.127916845355884,0.063958422677942,0.5,True,False,0.0015773909787336988,True,705,1845
24,2,0.0,0.0,uniform,0,uniform,0.5,adaptive,stage1,,,3,0.022763518056596155,0.003821810707449913,0.05898236128838115,0.02949118064419065,0.5,True,False,-0.00040376062194506356,True,1032,2460
24,2,0.0,0.0,uniform,0,uniform,0.5,adaptive,stage1,,,4,0.022800835120725615,0.003826770310600599,0.029551644340467684,0.014775822170233932,0.5,True,False,4.959603150685773e-06,True,1272,3075
24,2,0.0,0.0,uniform,0,uniform,0.5,adaptive,stage1,,,5,0.022847125403437918,0.004401293272773425,0.02189157616780789,0.010945788083903951,0.5,True,False,0.0005745229621728263,True,1725,3690
24,2,0.0,0.0,uniform,0,uniform,0.5,adaptive,stage1,,,6,0.022469616878627252,0.004534030333161354,0.012621893286772684,0.006310946643386314,0.5,True,False,0.000132737060387929,True,2022,4305
24,2,0.0,0.0,uniform,0,uniform,0.5,adaptive,stage1,,,7,0.022475538755644342,0.004593978946407636,0.007071965536099123,0.003535982768049506,0.5,True,False,5.994861324628165e-05,True,2286,4920
24,2,0.0,0.0,uniform,0,uniform,0.5,adaptive,stage1,,,8,0.022472944505816328,0.004628041759133339,0.0039695186912649255,0.0019847593456324003,0.5,True,False,3.406281272570321e-05,True,2523,5535
24,2,0.0,0.0,uniform,0,uniform,0.5,adaptive,stage1,,,9,0.023359053313747324,0.00589293676118056,0.018683397801461374,0.004670849450365319,0.25,True,False,0.0012648950020472212,True,2898,6150
24,2,0.0,0.0,uniform,0,uniform,0.5,adaptive,stage1,,,10,0.024705535361198905,0.009144156550367674,0.06306342261400612,0.00788292782675079,0.125,True,False,0.0032512197891871137,True,3249,6765
24,2,0.0,0.0,uniform,0,uniform,0.5,adaptive,stage1,,,11,0.024868266330507538,0.00946604274213314,0.06059111408435186,0.007573889260543948,0.125,True,False,0.00032188619176546675,True,3540,7380
24,2,0.0,0.0,uniform,0,uniform,0.5,adaptive,stage1,,,12,0.02474850997149991,0.009206578756372133,0.04864724100771592,0.0060809051259644725,0.125,True,False,-0.00025946398576100725,True,3990,7995
24,2,0.0,0.0,uniform,0,uniform,0.5,adaptive,stage1,,,13,0.025040781515653254,0.009792052830259005,0.05253087881056093,0.003283179925660046,0.0625,True,False,0.0005854740738868713,True,4233,8610
24,2,0.0,0.0,uniform,0,uniform,0.5,adaptive,stage1,,,14,0.023802641466751595,0.007136688257257144,0.006835948157594168,0.0004272467598496199,0.0625,True,False,-0.0026553645730018607,True,4668,9225
24,2,0.0,0.0,uniform,0,uniform,0.5,adaptive,stage1,,,15,0.02496194597511292,0.009644501532117525,0.04627385064385915,0.0023136925321929624,0.05,True,False,0.002507813274860381,True,4914,9840
24,2,0.0,0.0,uniform,0,uniform,0.5,adaptive,stage1,,,16,0.02510297689116503,0.009910358116030693,0.04856619338408176,0.0024283096692041817,0.05,True,False,0.0002658565839131679,True,5130,10455
24,2,0.0,0.0,uniform,0,uniform,0.5,adaptive,stage1,,,17,0.02491026434534782,0.009549401079614958,0.039903258796964436,0.0019951629398481108,0.05,True,False,-0.0003609570364157353,True,5421,11070
24,2,0.0,0.0,uniform,0,uniform,0.5,adaptive,stage1,,,18,0.02268892982038828,0.0038153361529111862,0.044797190260448747,0.0022398595130224824,0.05,True,False,-0.0057340649267037715,True,5760,11685
24,2,0.0,0.0,uniform,0,uniform,0.5,adaptive,stage1,,,19,0.025063405690977092,0.009832453603545824,0.0450246636412473,0.0022512331820623427,0.05,True,False,0.006017117450634638,True,6015,12300
24,2,0.0,0.0,uniform,0,uniform,0.5,guarded,stage1,,,0,0.024665088115151446,0.0026645070562760034,0.4366746982225277,0.2183373491112639,0.5,True,False,,True,144,615
24,2,0.0,0.0,uniform,0,uniform,0.5,guarded,stage1,,,1,0.024305816962094884,0.0026481803506612778,0.21815031907989615,0.10907515953994806,0.5,True,False,-1.6326705614725604e-05,True,444,1230
24,2,0.0,0.0,uniform,0,uniform,0.5,guarded,stage1,,,2,0.022477026060718996,0.004225571329394977,0.127916845355884,0.10907515953994806,0.25,False,True,0.0015773909787336988,True,705,1845
24,2,0.0,0.0,uniform,0,uniform,0.5,guarded,stage1,,,3,0.024305816962094884,0.0026481803506612778,0.21815031907989615,0.05453757976997409,0.25,True,False,0.0,True,1005,2460
24,2,0.0,0.0,uniform,0,uniform,0.5,guarded,stage1,,,4,0.021401146200904275,0.0035615855207045874,0.174328508593001,0.05453757976997409,0.125,False,True,0.0009134051700433097,True,1308,3075
24,2,0.0,0.0,uniform,0,uniform,0.5,guarded,stage1,,,5,0.024305816962094884,0.0026481803506612778,0.21815031907989615,0.027268789884986988,0.125,True,False,0.0,True,1608,3690
24,2,0.0,0.0,uniform,0,uniform,0.5,guarded,stage1,,,6,0.023789486898882606,0.0032282142589489617,0.1976258660113554,0.027268789884986988,0.0625,False,True,0.000580033908287684,True,2013,4305
24,2,0.0,0.0,uniform,0,uniform,0.5,guarded,stage1,,,7,0.024305816962094884,0.0026481803506612778,0.21815031907989615,0.013634394942493494,0.0625,True,False,0.0,True,2313,4920
24,2,0.0,0.0,uniform,0,uniform,0.5,guarded,stage1,,,8,0.019093565376525068,0.004084461058179538,0.22160607478634547,0.013634394942493494,0.05,False,True,0.00143628070751826,True,2454,5535
24,2,0.0,0.0,uniform,0,uniform,0.5,guarded,stage1,,,9,0.024305816962094884,0.0026481803506612778,0.21815031907989615,0.01090751595399489,0.05,True,False,0.0,True,2754,6150
24,2,0.0,0.0,uniform,0,uniform,0.5,guarded,stage1,,,10,0.019337405209704228,0.004026995971798897,0.22362352196952784,0.01090751595399489,0.05,False,True,0.001378815621137619,True,3048,6765
24,2,0.0,0.0,uniform,0,uniform,0.5,guarded,stage1,,,11,0.024305816962094884,0.0026481803506612778,0.21815031907989615,0.01090751595399489,0.05,True,False,0.0,True,3348,7380
24,2,0.0,0.0,uniform,0,uniform,0.5,guarded,stage1,,,12,0.019337405209704228,0.004026995971798897,0.22362352196952784,0.01090751595399489,0.05,False,True,0.001378815621137619,True,3642,7995
24,2,0.0,0.0,uniform,0,uniform,0.5,guarded,stage1,,,13,0.024305816962094884,0.0026481803506612778,0.21815031907989615,0.01090751595399489,0.05,True,False,0.0,True,3942,8610
24,2,0.0,0.0,uniform,0,uniform,0.5,guarded,stage1,,,14,0.019337405209704228,0.004026995971798897,0.22362352196952784,0.01090751595399489,0.05,False,True,0.001378815621137619,True,4236,9225
24,2,0.0,0.0,uniform,0,uniform,0.5,guarded,stage1,,,15,0.024305816962094884,0.0026481803506612778,0.21815031907989615,0.01090751595399489,0.05,True,False,0.0,True,4536,9840
24,2,0.0,0.0,uniform,0,uniform,0.5,guarded,stage1,,,16,0.019337405209704228,0.004026995971798897,0.22362352196952784,0.01090751595399489,0.05,False,True,0.001378815621137619,True,4830,10455
24,2,0.0,0.0,uniform,0,uniform,0.5,guarded,stage1,,,17,0.024305816962094884,0.0026481803506612778,0.21815031907989615,0.01090751595399489,0.05,True,False,0.0,True,5130,11070
24,2,0.0,0.0,uniform,0,uniform,0.5,guarded,stage1,,,18,0.019337405209704228,0.004026995971798897,0.22362352196952784,0.01090751595399489,0.05,False,True,0.001378815621137619,True,5424,11685
24,2,0.0,0.0,uniform,0,uniform,0.5,guarded,stage1,,,19,0.024305816962094884,0.0026481803506612778,0.21815031907989615,0.01090751595399489,0.05,True,False,0.0,True,5724,12300
25,2,0.0,0.0,uniform,0,uniform,0.5,fixed,stage1,,,0,0.003103261429465407,0.009039750633140406,1.2772196098310198,0.6386098049155098,0.5,True,False,,True,126,120
25,2,0.0,0.0,uniform,0,uniform,0.5,fixed,stage1,,,1,0.0026379437013988143,0.009594902085761229,0.6485207684487264,0.3242603842243632,0.5,True,False,0.000555151452620823,True,345,240
25,2,0.0,0.0,uniform,0,uniform,0.5,fixed,stage1,,,2,0.002594734045620776,0.009724092669785023,0.3257247575823178,0.1628623787911589,0.5,True,False,0.00012919058402379412,True,573,360
25,2,0.0,0.0,uniform,0,uniform,0.5,fixed,stage1,,,3,0.00267894623765771,0.00949700145671765,0.16029126934178375,0.08014563467089182,0.5,True,False,-0.00022709121306737322,True,777,480
25,2,0.0,0.0,uniform,0,uniform,0.5,fixed,stage1,,,4,0.0026636266594533067,0.009516019063691298,0.08036042313752229,0.0401802115687612,0.5,True,False,1.901760697364807e-05,True,984,600
25,2,0.0,0.0,uniform,0,uniform,0.5,fixed,stage1,,,5,0.002835816177082586,0.009643779136240482,0.041625655219424296,0.020812827609712148,0.5,True,False,0.00012776007254918474,True,1122,720
25,2,0.0,0.0,uniform,0,uniform,0.5,fixed,stage1,,,6,0.0026455780891143227,0.009577326166133085,0.020060453267258596,0.010030226633629352,0.5,True,False,-6.645297010739702e-05,True,1260,840
25,2,0.0,0.0,uniform,0,uniform,0.5,fixed,stage1,,,7,0.0029290147383793114,0.009662169652680555,0.010991025022886961,0.005495512511443425,0.5,True,False,8.484348654747009e-05,True,1395,960
25,2,0.0,0.0,uniform,0,uniform,0.5,fixed,stage1,,,8,0.0028704801703594886,0.009640447484950224,0.005249339747261244,0.0026246698736306796,0.5,True,False,-2.172216773033142e-05,True,1530,1080
25,2,0.0,0.0,uniform,0,uniform,0.5,fixed,stage1,,,9,0.0028384685191856895,0.0096287177875638,0.002491792096751012,0.0012458960483755065,0.5,True,False,-1.1729697386423169e-05,True,1665,1200
25,2,0.0,0.0,uniform,0,uniform,0.5,fixed,stage1,,,10,0.0028218122159984777,0.009622635630269846,0.001177009884493231,0.0005885049422466714,0.5,True,False,-6.082157293954907e-06,True,1800,1320
25,2,0.0,0.0,uniform,0,uniform,0.5,fixed,stage1,,,11,0.002813198985243002,0.009619492727021376,0.000552912471326117,0.00027645623566300084,0.5,True,False,-3.1429032484701913e-06,True,1935,1440
25,2,0.0,0.0,uniform,0,uniform,0.5,adaptive,stage1,,,0,0.003103261429465407,0.009039750633140406,1.2772196098310198,0.6386098049155098,0.5,True,False,,True,126,120
25,2,0.0,0.0,uniform,0,uniform,0.5,adaptive,stage1,,,1,0.0026379437013988143,0.009594902085761229,0.6485207684487264,0.3242603842243632,0.5,True,False,0.000555151452620823,True,345,240
25,2,0.0,0.0,uniform,0,uniform,0.5,adaptive,stage1,,,2,0.002594734045620776,0.009724092669785023,0.3257247575823178,0.1628623787911589,0.5,True,False,0.00012919058402379412,True,573,360
25,2,0.0,0.0,uniform,0,uniform,0.5,adaptive,stage1,,,3,0.00267894623765771,0.00949700145671765,0.16029126934178375,0.08014563467089182,0.5,True,False,-0.00022709121306737322,True,777,480
25,2,0.0,0.0,uniform,0,uniform,0.5,adaptive,stage1,,,4,0.0026636266594533067,0.009516019063691298,0.08036042313752229,0.0401802115687612,0.5,True,False,1.901760697364807e-05,True,984,600
25,2,0.0,0.0,uniform,0,uniform,0.5,adaptive,stage1,,,5,0.002835816177082586,0.009643779136240482,0.041625655219424296,0.020812827609712148,0.5,True,False,0.00012776007254918474,True,1122,720
25,2,0.0,0.0,uniform,0,uniform,0.5,adaptive,stage1,,,6,0.0026455780891143227,0.009577326166133085,0.020060453267258596,0.010030226633629352,0.5,True,False,-6.645297010739702e-05,True,1260,840
25,2,0.0,0.0,uniform,0,uniform,0.5,adaptive,stage1,,,7,0.0029290147383793114,0.009662169652680555,0.010991025022886961,0.005495512511443425,0.5,True,False,8.484348654747009e-05,True,1395,960
25,2,0.0,0.0,uniform,0,uniform,0.5,adaptive,stage1,,,8,0.0028704801703594886,0.009640447484950224,0.005249339747261244,0.0026246698736306796,0.5,True,False,-2.172216773033142e-05,True,1530,1080
25,2,0.0,0.0,uniform,0,uniform,0.5,adaptive,stage1,,,9,0.0028384685191856895,0.0096287177875638,0.002491792096751012,0.0012458960483755065,0.5,True,False,-1.1729697386423169e-05,True,1665,1200
25,2,0.0,0.0,uniform,0,uniform,0.5,adaptive,stage1,,,10,0.0028218122159984777,0.009622635630269846,0.001177009884493231,0.0005885049422466714,0.5,True,False,-6.082157293954907e-06,True,1800,1320
25,2,0.0,0.0,uniform,0,uniform,0.5,adaptive,stage1,,,11,0.002813198985243002,0.009619492727021376,0.000552912471326117,0.00027645623566300084,0.5,True,False,-3.1429032484701913e-06,True,1935,1440
25,2,0.0,0.0,uniform,0,uniform,0.5,guarded,stage1,,,0,0.003103261429465407,0.009039750633140406,1.2772196098310198,0.6386098049155098,0.5,True,False,,True,126,120
25,2,0.0,0.0,uniform,0,uniform,0.5,guarded,stage1,,,1,0.0026379437013988143,0.009594902085761229,0.6485207684487264,0.6386098049155098,0.25,False,True,0.000555151452620823,True,345,240
25,2,0.0,0.0,uniform,0,uniform,0.5,guarded,stage1,,,2,0.003103261429465407,0.009039750633140406,1.2772196098310198,0.31930490245775495,0.25,True,False,0.0,True,471,360
25,2,0.0,0.0,uniform,0,uniform,0.5,guarded,stage1,,,3,0.0030632741918786375,0.00878414356460174,0.952218178113386,0.23805454452834654,0.25,True,False,-0.00025560706853866577,True,660,480
25,2,0.0,0.0,uniform,0,uniform,0.5,guarded,stage1,,,4,0.002949764751869044,0.008945187864204248,0.7177467722543518,0.23805454452834654,0.125,False,True,0.00016104429960250854,True,852,600
25,2,0.0,0.0,uniform,0,uniform,0.5,guarded,stage1,,,5,0.0030632741918786375,0.00878414356460174,0.952218178113386,0.11902727226417331,0.125,True,False,0.0,True,1041,720
25,2,0.0,0.0,uniform,0,uniform,0.5,guarded,stage1,,,6,0.0030295412265685323,0.008824482249716917,0.8340865256280201,0.10426081570350254,0.125,True,False,4.033868511517727e-05,True,1230,840
25,2,0.0,0.0,uniform,0,uniform,0.5,guarded,stage1,,,7,0.0029638876952449095,0.008928328442076841,0.7321371707063582,0.10426081570350254,0.0625,False,True,0.00010384619235992432,True,1422,960
25,2,0.0,0.0,uniform,0,uniform,0.5,guarded,stage1,,,8,0.0030295412265685323,0.008824482249716917,0.8340865256280201,0.05213040785175124,0.0625,True,False,0.0,True,1611,1080
25,2,0.0,0.0,uniform,0,uniform,0.5,guarded,stage1,,,9,0.002947988683786845,0.008952789939939976,0.7848132774785401,0.05213040785175124,0.05,False,True,0.00012830769022305864,True,1830,1200
25,2,0.0,0.0,uniform,0,uniform,0.5,guarded,stage1,,,10,0.0030295412265685323,0.008824482249716917,0.8340865256280201,0.041704326281400944,0.05,True,False,0.0,True,2019,1320
25,2,0.0,0.0,uniform,0,uniform,0.5,guarded,stage1,,,11,0.002984334451328929,0.008903578855097294,0.7941420094699975,0.0397071004734999,0.05,True,False,7.909660538037676e-05,True,2292,1440
25,2,0.0,0.0,uniform,0,uniform,0.5,guarded,stage1,,,12,0.0029770396160412006,0.008902980325122675,0.7544215741027545,0.03772107870513769,0.05,True,False,-5.985299746189693e-07,True,2538,1560
25,2,0.0,0.0,uniform,0,uniform,0.5,guarded,stage1,,,13,0.0029493617608648587,0.008945045061409473,0.7176383528367437,0.03588191764183718,0.05,True,False,4.2064736286798535e-05,True,2730,1680
25,2,0.0,0.0,uniform,0,uniform,0.5,guarded,stage1,,,14,0.002933495524950346,0.00898109469562769,0.682561281783993,0.03412806408919963,0.05,True,False,3.604963421821594e-05,True,2886,1800
25,2,0.0,0.0,uniform,0,uniform,0.5,guarded,stage1,,,15,0.002636342443223541,0.009588586476941904,0.6595844384174275,0.03412806408919963,0.05,False,True,0.0006074917813142146,True,3138,1920
25,2,0.0,0.0,uniform,0,uniform,0.5,guarded,stage1,,,16,0.002933495524950346,0.00898109469562769,0.682561281783993,0.03412806408919963,0.05,True,False,0.0,True,3294,2040
25,2,0.0,0.0,uniform,0,uniform,0.5,guarded,stage1,,,17,0.002636342443223541,0.009588586476941904,0.6595844384174275,0.03412806408919963,0.05,False,True,0.0006074917813142146,True,3546,2160
25,2,0.0,0.0,uniform,0,uniform,0.5,guarded,stage1,,,18,0.002933495524950346,0.00898109469562769,0.682561281783993,0.03412806408919963,0.05,True,False,0.0,True,3702,2280
25,2,0.0,0.0,uniform,0,uniform,0.5,guarded,stage1,,,19,0.002636342443223541,0.009588586476941904,0.6595844384174275,0.03412806408919963,0.05,False,True,0.0006074917813142146,True,3954,2400
26,2,0.0,0.0,uniform,0,uniform,0.5,fixed,stage1,,,0,0.036021762185839634,0.006432494740389909,0.6360600676785317,0.3180300338392658,0.5,True,False,,True,282,435
26,2,0.0,0.0,uniform,0,uniform,0.5,fixed,stage1,,,1,0.034297010279193074,0.006211475740807752,0.3174994135893241,0.1587497067946621,0.5,True,False,-0.00022101899958215654,True,648,870
26,2,0.0,0.0,uniform,0,uniform,0.5,fixed,stage1,,,2,0.034139619562301604,0.006260296911932528,0.15886683998928286,0.0794334199946414,0.5,True,False,4.8821171124775915e-05,True,1062,1305
26,2,0.0,0.0,uniform,0,uniform,0.5,fixed,stage1,,,3,0.015432761578527021,0.01243026414886117,0.09459240890946975,0.047296204454734904,0.5,True,False,0.006169967236928642,True,1347,1740
26,2,0.0,0.0,uniform,0,uniform,0.5,fixed,stage1,,,4,0.015644616378722276,0.012233926759411892,0.046802693858472744,0.023401346929236427,0.5,True,False,-0.00019633738944927794,True,1740,2175
26,2,0.0,0.0,uniform,0,uniform,0.5,fixed,stage1,,,5,0.01433787635060213,0.013513749931007624,0.026422621320792705,0.01321131066039638,0.5,True,False,0.0012798231715957318,True,1908,2610
26,2,0.0,0.0,uniform,0,uniform,0.5,fixed,stage1,,,6,0.014019575232349979,0.013741126749664545,0.013211310660396325,0.006605655330198135,0.5,True,False,0.0002273768186569214,True,2139,3045
26,2,0.0,0.0,uniform,0,uniform,0.5,fixed,stage1,,,7,0.014234052284246346,0.013611479507138332,0.006605655330198191,0.0033028276650991784,0.5,True,False,-0.00012964724252621275,True,2346,3480
26,2,0.0,0.0,uniform,0,uniform,0.5,fixed,stage1,,,8,0.014297912769364984,0.013551653828471899,0.0033028276650990127,0.0016514138325493689,0.5,True,False,-5.982567866643328e-05,True,2619,3915
26,2,0.0,0.0,uniform,0,uniform,0.5,fixed,stage1,,,9,0.013996188194475678,0.013762651477009058,0.0016514138325496438,0.0008257069162748501,0.5,True,False,0.00021099764853715897,True,2772,4350
26,2,0.0,0.0,uniform,0,uniform,0.5,fixed,stage1,,,10,0.01388490620513494,0.013820950097093979,0.0008257069162747937,0.00041285345813736954,0.5,True,False,5.829862008492094e-05,True,2973,4785
26,2,0.0,0.0,uniform,0,uniform,0.5,adaptive,stage1,,,0,0.036021762185839634,0.006432494740389909,0.6360600676785317,0.3180300338392658,0.5,True,False,,True,282,435
26,2,0.0,0.0,uniform,0,uniform,0.5,adaptive,stage1,,,1,0.034297010279193074,0.006211475740807752,0.3174994135893241,0.1587497067946621,0.5,True,False,-0.00022101899958215654,True,648,870
26,2,0.0,0.0,uniform,0,uniform,0.5,adaptive,stage1,,,2,0.034139619562301604,0.006260296911932528,0.15886683998928286,0.0794334199946414,0.5,True,False,4.8821171124775915e-05,True,1062,1305
26,2,0.0,0.0,uniform,0,uniform,0.5,adaptive,stage1,,,3,0.015432761578527021,0.01243026414886117,0.09459240890946975,0.047296204454734904,0.5,True,False,0.006169967236928642,True,1347,1740
26,2,0.0,0.0,uniform,0,uniform,0.5,adaptive,stage1,,,4,0.015644616378722276,0.012233926759411892,0.046802693858472744,0.023401346929236427,0.5,True,False,-0.00019633738944927794,True,1740,2175
26,2,0.0,0.0,uniform,0,uniform,0.5,adaptive,stage1,,,5,0.01433787635060213,0.013513749931007624,0.026422621320792705,0.01321131066039638,0.5,True,False,0.0012798231715957318,True,1908,2610
26,2,0.0,0.0,uniform,0,uniform,0.5,adaptive,stage1,,,6,0.014019575232349979,0.013741126749664545,0.013211310660396325,0.006605655330198135,0.5,True,False,0.0002273768186569214,True,2139,3045
26,2,0.0,0.0,uniform,0,uniform,0.5,adaptive,stage1,,,7,0.014234052284246346,0.013611479507138332,0.006605655330198191,0.0033028276650991784,0.5,True,False,-0.00012964724252621275,True,2346,3480
26,2,0.0,0.0,uniform,0,uniform,0.5,adaptive,stage1,,,8,0.014297912769364984,0.013551653828471899,0.0033028276650990127,0.0016514138325493689,0.5,True,False,-5.982567866643328e-05,True,2619,3915
26,2,0.0,0.0,uniform,0,uniform,0.5,adaptive,stage1,,,9,0.013996188194475678,0.013762651477009058,0.0016514138325496438,0.0008257069162748501,0.5,True,False,0.00021099764853715897,True,2772,4350
26,2,0.0,0.0,uniform,0,uniform,0.5,adaptive,stage1,,,10,0.01388490620513494,0.013820950097093979,0.0008257069162747937,0.00041285345813736954,0.5,True,False,5.829862008492094e-05,True,2973,4785
26,2,0.0,0.0,uniform,0,uniform,0.5,guarded,stage1,,,0,0.036021762185839634,0.006432494740389909,0.6360600676785317,0.3180300338392658,0.5,True,False,,True,282,435
26,2,0.0,0.0,uniform,0,uniform,0.5,guarded,stage1,,,1,0.034297010279193074,0.006211475740807752,0.3174994135893241,0.1587497067946621,0.5,True,False,-0.00022101899958215654,True,648,870
26,2,0.0,0.0,uniform,0,uniform,0.5,guarded,stage1,,,2,0.034139619562301604,0.006260296911932528,0.15886683998928286,0.0794334199946414,0.5,True,False,4.8821171124775915e-05,True,1062,1305
26,2,0.0,0.0,uniform,0,uniform,0.5,guarded,stage1,,,3,0.015432761578527021,0.01243026414886117,0.09459240890946975,0.0794334199946414,0.25,False,True,0.006169967236928642,True,1347,1740
26,2,0.0,0.0,uniform,0,uniform,0.5,guarded,stage1,,,4,0.034139619562301604,0.006260296911932528,0.15886683998928286,0.03971670999732076,0.25,True,False,0.0,True,1761,2175
26,2,0.0,0.0,uniform,0,uniform,0.5,guarded,stage1,,,5,0.014212972243360156,0.01362490514293313,0.13683688270208474,0.03971670999732076,0.125,False,True,0.007364608231000602,True,2112,2610
26,2,0.0,0.0,uniform,0,uniform,0.5,guarded,stage1,,,6,0.034139619562301604,0.006260296911932528,0.15886683998928286,0.01985835499866033,0.125,True,False,0.0,True,2526,3045
26,2,0.0,0.0,uniform,0,uniform,0.5,guarded,stage1,,,7,0.03320794211565925,0.006565738469362259,0.13974229060106627,0.01985835499866033,0.0625,False,True,0.0003054415574297309,True,2730,3480
26,2,0.0,0.0,uniform,0,uniform,0.5,guarded,stage1,,,8,0.034139619562301604,0.006260296911932528,0.15886683998928286,0.009929177499330144,0.0625,True,False,0.0,True,3144,3915
26,2,0.0,0.0,uniform,0,uniform,0.5,guarded,stage1,,,9,0.03015981972381354,0.007560458034276962,0.15207301166613293,0.009929177499330144,0.05,False,True,0.0013001611223444343,True,3555,4350
26,2,0.0,0.0,uniform,0,uniform,0.5,guarded,stage1,,,10,0.034139619562301604,0.006260296911932528,0.15886683998928286,0.007943341999464074,0.05,True,False,0.0,True,3969,4785
26,2,0.0,0.0,uniform,0,uniform,0.5,guarded,stage1,,,11,0.03321079618521594,0.006565631677707036,0.15165704674343417,0.007943341999464074,0.05,False,True,0.00030533476577450803,True,4338,5220
26,2,0.0,0.0,uniform,0,uniform,0.5,guarded,stage1,,,12,0.034139619562301604,0.006260296911932528,0.15886683998928286,0.007943341999464074,0.05,True,False,0.0,True,4752,5655
26,2,0.0,0.0,uniform,0,uniform,0.5,guarded,stage1,,,13,0.03321079618521594,0.006565631677707036,0.15165704674343417,0.007943341999464074,0.05,False,True,0.00030533476577450803,True,5121,6090
26,2,0.0,0.0,uniform,0,uniform,0.5,guarded,stage1,,,14,0.034139619562301604,0.006260296911932528,0.15886683998928286,0.007943341999464074,0.05,True,False,0.0,True,5535,6525
26,2,0.0,0.0,uniform,0,uniform,0.5,guarded,stage1,,,15,0.03321079618521594,0.006565631677707036,0.15165704674343417,0.007943341999464074,0.05,False,True,0.00030533476577450803,True,5904,6960
26,2,0.0,0.0,uniform,0,uniform,0.5,guarded,stage1,,,16,0.034139619562301604,0.006260296911932528,0.15886683998928286,0.007943341999464074,0.05,True,False,0.0,True,6318,7395
26,2,0.0,0.0,uniform,0,uniform,0.5,guarded,stage1,,,17,0.03321079618521594,0.006565631677707036,0.15165704674343417,0.007943341999464074,0.05,False,True,0.00030533476577450803,True,6687,7830
26,2,0.0,0.0,uniform,0,uniform,0.5,guarded,stage1,,,18,0.034139619562301604,0.006260296911932528,0.15886683998928286,0.007943341999464074,0.05,True,False,0.0,True,7101,8265
26,2,0.0,0.0,uniform,0,uniform,0.5,guarded,stage1,,,19,0.03321079618521594,0.006565631677707036,0.15165704674343417,0.007943341999464074,0.05,False,True,0.00030533476577450803,True,7470,8700
27,2,0.0,0.0,uniform,0,uniform,0.5,fixed,stage1,,,0,0.005495941476294064,0.008671605959534645,1.2727441331741969,0.6363720665870984,0.5,True,False,,True,237,75
27,2,0.0,0.0,uniform,0,uniform,0.5,fixed,stage1,,,1,0.0016829835875622479,0.005629568671186765,0.34412872810922646,0.17206436405461328,0.5,True,False,-0.0030420372883478803,True,651,150
27,2,0.0,0.0,uniform,0,uniform,0.5,fixed,stage1,,,2,0.009055847132350081,0.012375126903255781,0.4982302360249549,0.2491151180124774,0.5,True,False,0.006745558232069016,True,864,225
27,2,0.0,0.0,uniform,0,uniform,0.5,fixed,stage1,,,3,0.009055884462085828,0.012375143046180407,0.2491151180124775,0.1245575590062388,0.5,True,False,1.6142924625511812e-08,True,1068,300
27,2,0.0,0.0,uniform,0,uniform,0.5,fixed,stage1,,,4,0.009055864812278713,0.012375129386782646,0.12455755900623869,0.0622787795031194,0.5,True,False,-1.3659397760448777e-08,True,1263,375
27,2,0.0,0.0,uniform,0,uniform,0.5,fixed,stage1,,,5,0.009055884462085828,0.012375143046180407,0.06227877950311929,0.03113938975155959,0.5,True,False,1.3659397760448777e-08,True,1470,450
27,2,0.0,0.0,uniform,0,uniform,0.5,fixed,stage1,,,6,0.009055884462085828,0.012375143046180407,0.0311393897515597,0.015569694875779794,0.5,True,False,0.0,True,1677,525
27,2,0.0,0.0,uniform,0,uniform,0.5,fixed,stage1,,,7,0.009055884462085828,0.012375143046180407,0.015569694875779905,0.007784847437890008,0.5,True,False,0.0,True,1884,600
27,2,0.0,0.0,uniform,0,uniform,0.5,fixed,stage1,,,8,0.009055884462085828,0.012375143046180407,0.007784847437889897,0.0038924237189448922,0.5,True,False,0.0,True,2091,675
27,2,0.0,0.0,uniform,0,uniform,0.5,fixed,stage1,,,9,0.009055913936823146,0.012375151738524437,0.003892423718945005,0.0019462118594724478,0.5,True,False,8.692344030322707e-09,True,2283,750
27,2,0.0,0.0,uniform,0,uniform,0.5,fixed,stage1,,,10,0.009055884462085828,0.012375143046180407,0.0019462118594725571,0.0009731059297363315,0.5,True,False,-8.692344030322707e-09,True,2490,825
27,2,0.0,0.0,uniform,0,uniform,0.5,fixed,stage1,,,11,0.009055913936823146,0.012375151738524437,0.0009731059297362257,0.00048655296486811283,0.5,True,False,8.692344030322707e-09,True,2682,900
27,2,0.0,0.0,uniform,0,uniform,0.5,adaptive,stage1,,,0,0.005495941476294064,0.008671605959534645,1.2727441331741969,0.6363720665870984,0.5,True,False,,True,237,75
27,2,0.0,0.0,uniform,0,uniform,0.5,adaptive,stage1,,,1,0.0016829835875622479,0.005629568671186765,0.34412872810922646,0.17206436405461328,0.5,True,False,-0.0030420372883478803,True,651,150
27,2,0.0,0.0,uniform,0,uniform,0.5,adaptive,stage1,,,2,0.009055847132350081,0.012375126903255781,0.4982302360249549,0.1245575590062387,0.25,True,False,0.006745558232069016,True,864,225
27,2,0.0,0.0,uniform,0,uniform,0.5,adaptive,stage1,,,3,0.009055884462085828,0.012375143046180407,0.3736726770187162,0.09341816925467912,0.25,True,False,1.6142924625511812e-08,True,1119,300
27,2,0.0,0.0,uniform,0,uniform,0.5,adaptive,stage1,,,4,0.009055884462085828,0.012375143046180407,0.28025450776403704,0.0700636269410093,0.25,True,False,0.0,True,1323,375
27,2,0.0,0.0,uniform,0,uniform,0.5,adaptive,stage1,,,5,0.009055894286994715,0.012375150496761004,0.21019088082302778,0.052547720205756945,0.25,True,False,7.450580596923828e-09,True,1524,450
27,2,0.0,0.0,uniform,0,uniform,0.5,adaptive,stage1,,,6,0.009055864812278713,0.012375129386782646,0.15764316061727082,0.03941079015431771,0.25,True,False,-2.1109978357372605e-08,True,1728,525
27,2,0.0,0.0,uniform,0,uniform,0.5,adaptive,stage1,,,7,0.009055884462085828,0.012375143046180407,0.11823237046295311,0.029558092615738336,0.25,True,False,1.3659397760448777e-08,True,1926,600
27,2,0.0,0.0,uniform,0,uniform,0.5,adaptive,stage1,,,8,0.009055884462085828,0.012375143046180407,0.08867427784721477,0.022168569461803695,0.25,True,False,0.0,True,2124,675
27,2,0.0,0.0,uniform,0,uniform,0.5,adaptive,stage1,,,9,0.009055884462085828,0.012375143046180407,0.06650570838541107,0.01662642709635277,0.25,True,False,0.0,True,2331,750
27,2,0.0,0.0,uniform,0,uniform,0.5,adaptive,stage1,,,10,0.009055884462085828,0.012375143046180407,0.04987928128905831,0.012469820322264607,0.25,True,False,0.0,True,2538,825
27,2,0.0,0.0,uniform,0,uniform,0.5,adaptive,stage1,,,11,0.009055913936823146,0.012375151738524437,0.037409460966793706,0.009352365241698454,0.25,True,False,8.692344030322707e-09,True,2730,900
27,2,0.0,0.0,uniform,0,uniform,0.5,adaptive,stage1,,,12,0.009055884462085828,0.012375143046180407,0.02805709572509525,0.007014273931273785,0.25,True,False,-8.692344030322707e-09,True,2937,975
27,2,0.0,0.0,uniform,0,uniform,0.5,adaptive,stage1,,,13,0.009055884462085828,0.012375143046180407,0.021042821793821463,0.00526070544845542,0.25,True,False,0.0,True,3144,1050
27,2,0.0,0.0,uniform,0,uniform,0.5,adaptive,stage1,,,14,0.009055884462085828,0.012375143046180407,0.015782116345366047,0.003945529086341512,0.25,True,False,0.0,True,3351,1125
27,2,0.0,0.0,uniform,0,uniform,0.5,adaptive,stage1,,,15,0.009055884462085828,0.012375143046180407,0.011836587259024534,0.002959146814755998,0.25,True,False,0.0,True,3558,1200
27,2,0.0,0.0,uniform,0,uniform,0.5,adaptive,stage1,,,16,0.009055884462085828,0.012375143046180407,0.008877440444268535,0.002219360111067133,0.25,True,False,0.0,True,3765,1275
27,2,0.0,0.0,uniform,0,uniform,0.5,adaptive,stage1,,,17,0.009055884462085828,0.012375143046180407,0.0066580803332014025,0.0016645200833004335,0.25,True,False,0.0,True,3972,1350
27,2,0.0,0.0,uniform,0,uniform,0.5,adaptive,stage1,,,18,0.009055864812278713,0.012375129386782646,0.004993560249900969,0.0012483900624752978,0.25,True,False,-1.3659397760448777e-08,True,4167,1425
27,2,0.0,0.0,uniform,0,uniform,0.5,adaptive,stage1,,,19,0.009055884462085828,0.012375143046180407,0.0037451701874256713,0.0009362925468562816,0.25,True,False,1.3659397760448777e-08,True,4374,1500
27,2,0.0,0.0,uniform,0,uniform,0.5,guarded,stage1,,,0,0.005495941476294064,0.008671605959534645,1.2727441331741969,0.6363720665870984,0.5,True,False,,True,237,75
27,2,0.0,0.0,uniform,0,uniform,0.5,guarded,stage1,,,1,0.0016829835875622479,0.005629568671186765,0.34412872810922646,0.17206436405461328,0.5,True,False,-0.0030420372883478803,True,651,150
27,2,0.0,0.0,uniform,0,uniform,0.5,guarded,stage1,,,2,0.009055847132350081,0.012375126903255781,0.4982302360249549,0.17206436405461328,0.25,False,True,0.006745558232069016,True,864,225
27,2,0.0,0.0,uniform,0,uniform,0.5,guarded,stage1,,,3,0.0016829835875622479,0.005629568671186765,0.34412872810922646,0.08603218202730661,0.25,True,False,0.0,True,1278,300
27,2,0.0,0.0,uniform,0,uniform,0.5,guarded,stage1,,,4,0.009055894286994715,0.012375150496761004,0.5842624180522615,0.08603218202730661,0.125,False,True,0.006745581825574239,True,1479,375
27,2,0.0,0.0,uniform,0,uniform,0.5,guarded,stage1,,,5,0.0016829835875622479,0.005629568671186765,0.34412872810922646,0.04301609101365336,0.125,True,False,0.0,True,1893,450
27,2,0.0,0.0,uniform,0,uniform,0.5,guarded,stage1,,,6,0.009055847132350081,0.012375126903255781,0.6272785090659149,0.04301609101365336,0.0625,False,True,0.006745558232069016,True,2091,525
27,2,0.0,0.0,uniform,0,uniform,0.5,guarded,stage1,,,7,0.0016829835875622479,0.005629568671186765,0.34412872810922646,0.02150804550682664,0.0625,True,False,0.0,True,2505,600
27,2,0.0,0.0,uniform,0,uniform,0.5,guarded,stage1,,,8,0.009055894286994715,0.012375150496761004,0.6487865545727416,0.02150804550682664,0.05,False,True,0.006745581825574239,True,2709,675
27,2,0.0,0.0,uniform,0,uniform,0.5,guarded,stage1,,,9,0.0016829835875622479,0.005629568671186765,0.34412872810922646,0.01720643640546138,0.05,True,False,0.0,True,3123,750
27,2,0.0,0.0,uniform,0,uniform,0.5,guarded,stage1,,,10,0.001865497769657054,0.0058472175151109695,0.3495294869641416,0.01720643640546138,0.05,False,True,0.0002176488439242048,True,3474,825
27,2,0.0,0.0,uniform,0,uniform,0.5,guarded,stage1,,,11,0.0016829835875622479,0.005629568671186765,0.34412872810922646,0.01720643640546138,0.05,True,False,0.0,True,3888,900
27,2,0.0,0.0,uniform,0,uniform,0.5,guarded,stage1,,,12,0.001865497769657054,0.0058472175151109695,0.3495294869641416,0.01720643640546138,0.05,False,True,0.0002176488439242048,True,4239,975
27,2,0.0,0.0,uniform,0,uniform,0.5,guarded,stage1,,,13,0.0016829835875622479,0.005629568671186765,0.34412872810922646,0.01720643640546138,0.05,True,False,0.0,True,4653,1050
27,2,0.0,0.0,uniform,0,uniform,0.5,guarded,stage1,,,14,0.001865497769657054,0.0058472175151109695,0.3495294869641416,0.01720643640546138,0.05,False,True,0.0002176488439242048,True,5004,1125
27,2,0.0,0.0,uniform,0,uniform,0.5,guarded,stage1,,,15,0.0016829835875622479,0.005629568671186765,0.34412872810922646,0.01720643640546138,0.05,True,False,0.0,True,5418,1200
27,2,0.0,0.0,uniform,0,uniform,0.5,guarded,stage1,,,16,0.001865497769657054,0.0058472175151109695,0.3495294869641416,0.01720643640546138,0.05,False,True,0.0002176488439242048,True,5769,1275
27,2,0.0,0.0,uniform,0,uniform,0.5,guarded,stage1,,,17,0.0016829835875622479,0.005629568671186765,0.34412872810922646,0.01720643640546138,0.05,True,False,0.0,True,6183,1350
27,2,0.0,0.0,uniform,0,uniform,0.5,guarded,stage1,,,18,0.001865497769657054,0.0058472175151109695,0.3495294869641416,0.01720643640546138,0.05,False,True,0.0002176488439242048,True,6534,1425
27,2,0.0,0.0,uniform,0,uniform,0.5,guarded,stage1,,,19,0.0016829835875622479,0.005629568671186765,0.34412872810922646,0.01720643640546138,0.05,True,False,0.0,True,6948,1500
28,2,0.0,0.0,uniform,0,uniform,0.5,fixed,stage1,,,0,0.00015746511486103287,0.011516109419365725,1.1059460812688968,0.5529730406344484,0.5,True,False,,True,288,156
28,2,0.0,0.0,uniform,0,uniform,0.5,fixed,stage1,,,1,0.0011297744880538474,0.011173880659043789,0.5488456787992536,0.27442283939962686,0.5,True,False,-0.0003422287603219356,True,498,312
28,2,0.0,0.0,uniform,0,uniform,0.5,fixed,stage1,,,2,0.007229520290868763,0.015576684847474098,0.3311025615493246,0.1655512807746623,0.5,True,False,0.004402804188430309,True,657,468
28,2,0.0,0.0,uniform,0,uniform,0.5,fixed,stage1,,,3,0.0078275876250391,0.02320194896310568,0.2861681014779279,0.14308405073896407,0.5,True,False,0.00762526411563158,True,891,624
28,2,0.0,0.0,uniform,0,uniform,0.5,fixed,stage1,,,4,0.00782766278769742,0.02320207500209411,0.1430863335237828,0.07154316676189151,0.5,True,False,1.2603898843013828e-07,True,1110,780
28,2,0.0,0.0,uniform,0,uniform,0.5,fixed,stage1,,,5,0.00847324466338828,0.0157020961244901,0.06775644625979932,0.03387822312989966,0.5,True,False,-0.007499978877604008,True,1422,936
28,2,0.0,0.0,uniform,0,uniform,0.5,fixed,stage1,,,6,0.00782746982581628,0.02320197131484747,0.09521117860167544,0.04760558930083778,0.5,True,False,0.007499875190357368,True,1665,1092
28,2,0.0,0.0,uniform,0,uniform,0.5,fixed,stage1,,,7,0.007827575447642232,0.023202008567750454,0.04760626401499689,0.023803132007498496,0.5,True,False,3.725290298461914e-08,True,1890,1248
28,2,0.0,0.0,uniform,0,uniform,0.5,fixed,stage1,,,8,0.00782763516438223,0.02320204519977172,0.023803795477353836,0.011901897738676918,0.5,True,False,3.663202126705234e-08,True,2067,1404
28,2,0.0,0.0,uniform,0,uniform,0.5,fixed,stage1,,,9,0.00782756854179567,0.02320201291392247,0.011901312985535595,0.005950656492767849,0.5,True,False,-3.2285849251023624e-08,True,2238,1560
28,2,0.0,0.0,uniform,0,uniform,0.5,fixed,stage1,,,10,0.007827687975272113,0.02320209238678217,0.005952095886406933,0.002976047943203518,0.5,True,False,7.947285969936435e-08,True,2403,1716
28,2,0.0,0.0,uniform,0,uniform,0.5,fixed,stage1,,,11,0.007827642070216356,0.023202055133879185,0.002975373226893511,0.0014876866134467572,0.5,True,False,-3.725290298461914e-08,True,2565,1872
28,2,0.0,0.0,uniform,0,uniform,0.5,fixed,stage1,,,12,0.007827575447642232,0.023202008567750454,0.0014868432194033512,0.0007434216097017294,0.5,True,False,-4.6566128730773926e-08,True,2766,2028
28,2,0.0,0.0,uniform,0,uniform,0.5,fixed,stage1,,,13,0.007827589259324697,0.023202030298610527,0.0007438151934025961,0.00037190759670129806,0.5,True,False,2.1730860073204683e-08,True,2970,2184
28,2,0.0,0.0,uniform,0,uniform,0.5,adaptive,stage1,,,0,0.00015746511486103287,0.011516109419365725,1.1059460812688968,0.5529730406344484,0.5,True,False,,True,288,156
28,2,0.0,0.0,uniform,0,uniform,0.5,adaptive,stage1,,,1,0.0011297744880538474,0.011173880659043789,0.5488456787992536,0.27442283939962686,0.5,True,False,-0.0003422287603219356,True,498,312
28,2,0.0,0.0,uniform,0,uniform,0.5,adaptive,stage1,,,2,0.007229520290868763,0.015576684847474098,0.3311025615493246,0.1655512807746623,0.5,True,False,0.004402804188430309,True,657,468
28,2,0.0,0.0,uniform,0,uniform,0.5,adaptive,stage1,,,3,0.0078275876250391,0.02320194896310568,0.2861681014779279,0.14308405073896407,0.5,True,False,0.00762526411563158,True,891,624
28,2,0.0,0.0,uniform,0,uniform,0.5,adaptive,stage1,,,4,0.00782766278769742,0.02320207500209411,0.1430863335237828,0.07154316676189151,0.5,True,False,1.2603898843013828e-07,True,1110,780
28,2,0.0,0.0,uniform,0,uniform,0.5,adaptive,stage1,,,5,0.00847324466338828,0.0157020961244901,0.06775644625979932,0.03387822312989966,0.5,True,False,-0.007499978877604008,True,1422,936
28,2,0.0,0.0,uniform,0,uniform,0.5,adaptive,stage1,,,6,0.00782746982581628,0.02320197131484747,0.09521117860167544,0.023802794650418888,0.25,True,False,0.007499875190357368,True,1665,1092
28,2,0.0,0.0,uniform,0,uniform,0.5,adaptive,stage1,,,7,0.007827529542581146,0.02320199366658926,0.07140878877963738,0.017852197194909315,0.25,True,False,2.2351741790771484e-08,True,1875,1248
28,2,0.0,0.0,uniform,0,uniform,0.5,adaptive,stage1,,,8,0.007827529542581146,0.02320199366658926,0.053556591584728065,0.013389147896182044,0.25,True,False,0.0,True,2082,1404
28,2,0.0,0.0,uniform,0,uniform,0.5,adaptive,stage1,,,9,0.00782760307099295,0.02320201291392247,0.04016779229103854,0.01004194807275963,0.25,True,False,1.924733320987637e-08,True,2289,1560
28,2,0.0,0.0,uniform,0,uniform,0.5,adaptive,stage1,,,10,0.00782746982581628,0.02320197131484747,0.03012509078740557,0.00753127269685145,0.25,True,False,-4.1599075000647856e-08,True,2442,1716
28,2,0.0,0.0,uniform,0,uniform,0.5,adaptive,stage1,,,11,0.00782762825854455,0.023202052650352318,0.022595291217703397,0.005648822804425822,0.25,True,False,8.133550484859531e-08,True,2643,1872
28,2,0.0,0.0,uniform,0,uniform,0.5,adaptive,stage1,,,12,0.00782763516438223,0.02320204519977172,0.016946333470142964,0.00423658336753574,0.25,True,False,-7.450580596923828e-09,True,2838,2028
28,2,0.0,0.0,uniform,0,uniform,0.5,adaptive,stage1,,,13,0.00782762825854455,0.023202052650352318,0.012709885045741835,0.00317747126143543,0.25,True,False,7.450580596923828e-09,True,2997,2184
28,2,0.0,0.0,uniform,0,uniform,0.5,adaptive,stage1,,,14,0.007827701786926156,0.023202094870309036,0.00953317846279118,0.00238329461569782,0.25,True,False,4.221995671821466e-08,True,3195,2340
28,2,0.0,0.0,uniform,0,uniform,0.5,adaptive,stage1,,,15,0.00782746982581628,0.02320197131484747,0.007147646041459308,0.0017869115103648255,0.25,True,False,-1.2355546156680997e-07,True,3399,2496
28,2,0.0,0.0,uniform,0,uniform,0.5,adaptive,stage1,,,16,0.007827575447642232,0.023202008567750454,0.005361409245253703,0.0013403523113135049,0.25,True,False,3.725290298461914e-08,True,3612,2652
28,2,0.0,0.0,uniform,0,uniform,0.5,adaptive,stage1,,,17,0.007827589259324697,0.023202030298610527,0.004021450517641172,0.001005362629410267,0.25,True,False,2.1730860073204683e-08,True,3816,2808
28,2,0.0,0.0,uniform,0,uniform,0.5,adaptive,stage1,,,18,0.007827701786926156,0.023202094870309036,0.0030172573960047617,0.000754314349001188,0.25,True,False,6.457169850898614e-08,True,4005,2964
28,2,0.0,0.0,uniform,0,uniform,0.5,adaptive,stage1,,,19,0.00782763516438223,0.02320204519977172,0.002262043425384187,0.0005655108563460479,0.25,True,False,-4.9670537315138485e-08,True,4191,3120
28,2,0.0,0.0,uniform,0,uniform,0.5,guarded,stage1,,,0,0.00015746511486103287,0.011516109419365725,1.1059460812688968,0.5529730406344484,0.5,True,False,,True,288,156
28,2,0.0,0.0,uniform,0,uniform,0.5,guarded,stage1,,,1,0.0011297744880538474,0.011173880659043789,0.5488456787992536,0.27442283939962686,0.5,True,False,-0.0003422287603219356,True,498,312
28,2,0.0,0.0,uniform,0,uniform,0.5,guarded,stage1,,,2,0.007229520290868763,0.015576684847474098,0.3311025615493246,0.27442283939962686,0.25,False,True,0.004402804188430309,True,657,468
28,2,0.0,0.0,uniform,0,uniform,0.5,guarded,stage1,,,3,0.0011297744880538474,0.011173880659043789,0.5488456787992536,0.13721141969981338,0.25,True,False,0.0,True,867,624
28,2,0.0,0.0,uniform,0,uniform,0.5,guarded,stage1,,,4,0.005638793165843481,0.013959369311730066,0.4465554055873748,0.13721141969981338,0.125,False,True,0.0027854886526862774,True,1107,780
28,2,0.0,0.0,uniform,0,uniform,0.5,guarded,stage1,,,5,0.0011297744880538474,0.011173880659043789,0.5488456787992536,0.06860570984990674,0.125,True,False,0.0,True,1317,936
28,2,0.0,0.0,uniform,0,uniform,0.5,guarded,stage1,,,6,0.008074048868245143,0.008352212918301424,0.4478065287615589,0.05597581609519489,0.125,True,False,-0.002821667740742365,True,1533,1092
28,2,0.0,0.0,uniform,0,uniform,0.5,guarded,stage1,,,7,0.00167276590639176,0.012251104228198528,0.43740601345185226,0.05597581609519489,0.0625,False,True,0.0038988913098971043,True,1731,1248
28,2,0.0,0.0,uniform,0,uniform,0.5,guarded,stage1,,,8,0.008074048868245143,0.008352212918301424,0.4478065287615589,0.02798790804759746,0.0625,True,False,0.0,True,1947,1404
28,2,0.0,0.0,uniform,0,uniform,0.5,guarded,stage1,,,9,0.0009558824648179254,0.011945845248798529,0.46162480785592425,0.02798790804759746,0.05,False,True,0.0035936323304971048,True,2217,1560
28,2,0.0,0.0,uniform,0,uniform,0.5,guarded,stage1,,,10,0.008074048868245143,0.008352212918301424,0.4478065287615589,0.022390326438077895,0.05,True,False,0.0,True,2433,1716
28,2,0.0,0.0,uniform,0,uniform,0.5,guarded,stage1,,,11,0.0008433416389346249,0.011903061531484127,0.46669700543710185,0.022390326438077895,0.05,False,True,0.003550848613182703,True,2709,1872
28,2,0.0,0.0,uniform,0,uniform,0.5,guarded,stage1,,,12,0.008074048868245143,0.008352212918301424,0.4478065287615589,0.022390326438077895,0.05,True,False,0.0,True,2925,2028
28,2,0.0,0.0,uniform,0,uniform,0.5,guarded,stage1,,,13,0.0008433416389346249,0.011903061531484127,0.46669700543710185,0.022390326438077895,0.05,False,True,0.003550848613182703,True,3201,2184
28,2,0.0,0.0,uniform,0,uniform,0.5,guarded,stage1,,,14,0.008074048868245143,0.008352212918301424,0.4478065287615589,0.022390326438077895,0.05,True,False,0.0,True,3417,2340
28,2,0.0,0.0,uniform,0,uniform,0.5,guarded,stage1,,,15,0.0008433416389346249,0.011903061531484127,0.46669700543710185,0.022390326438077895,0.05,False,True,0.003550848613182703,True,3693,2496
28,2,0.0,0.0,uniform,0,uniform,0.5,guarded,stage1,,,16,0.008074048868245143,0.008352212918301424,0.4478065287615589,0.022390326438077895,0.05,True,False,0.0,True,3909,2652
28,2,0.0,0.0,uniform,0,uniform,0.5,guarded,stage1,,,17,0.0008433416389346249,0.011903061531484127,0.46669700543710185,0.022390326438077895,0.05,False,True,0.003550848613182703,True,4185,2808
28,2,0.0,0.0,uniform,0,uniform,0.5,guarded,stage1,,,18,0.008074048868245143,0.008352212918301424,0.4478065287615589,0.022390326438077895,0.05,True,False,0.0,True,4401,2964
28,2,0.0,0.0,uniform,0,uniform,0.5,guarded,stage1,,,19,0.0008433416389346249,0.011903061531484127,0.46669700543710185,0.022390326438077895,0.05,False,True,0.003550848613182703,True,4677,3120
29,2,0.0,0.0,uniform,0,uniform,0.5,fixed,stage1,,,0,0.008316883224494642,0.006732224797209104,1.0165587238300828,0.5082793619150414,0.5,True,False,,True,129,660
29,2,0.0,0.0,uniform,0,uniform,0.5,fixed,stage1,,,1,0.020728145187851155,0.01306578703224659,0.5844997539599674,0.2922498769799837,0.5,True,False,0.006333562235037486,True,345,1320
29,2,0.0,0.0,uniform,0,uniform,0.5,fixed,stage1,,,2,0.020728164212290068,0.01306579572459062,0.2922499508656653,0.14612497543283262,0.5,True,False,8.692344030322707e-09,True,603,1980
29,2,0.0,0.0,uniform,0,uniform,0.5,fixed,stage1,,,3,0.020728164212290068,0.01306579572459062,0.14612497543283265,0.07306248771641634,0.5,True,False,0.0,True,837,2640
29,2,0.0,0.0,uniform,0,uniform,0.5,fixed,stage1,,,4,0.020728186276502747,0.013065820559859276,0.07306269881844205,0.036531349409221016,0.5,True,False,2.483526865583452e-08,True,1080,3300
29,2,0.0,0.0,uniform,0,uniform,0.5,fixed,stage1,,,5,0.020728186276502747,0.013065820559859276,0.03653134940922102,0.018265674704610546,0.5,True,False,0.0,True,1335,3960
29,2,0.0,0.0,uniform,0,uniform,0.5,fixed,stage1,,,6,0.020728164212290068,0.01306579572459062,0.018265463602584745,0.00913273180129238,0.5,True,False,-2.483526865583452e-08,True,1578,4620
29,2,0.0,0.0,uniform,0,uniform,0.5,fixed,stage1,,,7,0.020728164212290068,0.01306579572459062,0.009132731801292367,0.004566365900646047,0.5,True,False,0.0,True,1782,5280
29,2,0.0,0.0,uniform,0,uniform,0.5,fixed,stage1,,,8,0.020728208340715426,0.013065832977493605,0.004566682553728714,0.002283341276864391,0.5,True,False,3.725290298461914e-08,True,1995,5940
29,2,0.0,0.0,uniform,0,uniform,0.5,fixed,stage1,,,9,0.020728186276502747,0.013065820559859276,0.0022832357258076637,0.0011416178629038319,0.5,True,False,-1.2417634328784621e-08,True,2262,6600
29,2,0.0,0.0,uniform,0,uniform,0.5,fixed,stage1,,,10,0.020728186276502747,0.013065820559859276,0.0011416178629038319,0.0005708089314519502,0.5,True,False,0.0,True,2523,7260
29,2,0.0,0.0,uniform,0,uniform,0.5,fixed,stage1,,,11,0.020728164212290068,0.01306579572459062,0.0005705978294261466,0.0002852989147130664,0.5,True,False,-2.483526865583452e-08,True,2784,7920
29,2,0.0,0.0,uniform,0,uniform,0.5,adaptive,stage1,,,0,0.008316883224494642,0.006732224797209104,1.0165587238300828,0.5082793619150414,0.5,True,False,,True,129,660
29,2,0.0,0.0,uniform,0,uniform,0.5,adaptive,stage1,,,1,0.020728145187851155,0.01306578703224659,0.5844997539599674,0.2922498769799837,0.5,True,False,0.006333562235037486,True,345,1320
29,2,0.0,0.0,uniform,0,uniform,0.5,adaptive,stage1,,,2,0.020728164212290068,0.01306579572459062,0.2922499508656653,0.14612497543283262,0.5,True,False,8.692344030322707e-09,True,603,1980
29,2,0.0,0.0,uniform,0,uniform,0.5,adaptive,stage1,,,3,0.020728164212290068,0.01306579572459062,0.14612497543283265,0.07306248771641634,0.5,True,False,0.0,True,837,2640
29,2,0.0,0.0,uniform,0,uniform,0.5,adaptive,stage1,,,4,0.020728186276502747,0.013065820559859276,0.07306269881844205,0.036531349409221016,0.5,True,False,2.483526865583452e-08,True,1080,3300
29,2,0.0,0.0,uniform,0,uniform,0.5,adaptive,stage1,,,5,0.020728186276502747,0.013065820559859276,0.03653134940922102,0.018265674704610546,0.5,True,False,0.0,True,1335,3960
29,2,0.0,0.0,uniform,0,uniform,0.5,adaptive,stage1,,,6,0.020728164212290068,0.01306579572459062,0.018265463602584745,0.00913273180129238,0.5,True,False,-2.483526865583452e-08,True,1578,4620
29,2,0.0,0.0,uniform,0,uniform,0.5,adaptive,stage1,,,7,0.020728164212290068,0.01306579572459062,0.009132731801292367,0.004566365900646047,0.5,True,False,0.0,True,1782,5280
29,2,0.0,0.0,uniform,0,uniform,0.5,adaptive,stage1,,,8,0.020728208340715426,0.013065832977493605,0.004566682553728714,0.002283341276864391,0.5,True,False,3.725290298461914e-08,True,1995,5940
29,2,0.0,0.0,uniform,0,uniform,0.5,adaptive,stage1,,,9,0.020728186276502747,0.013065820559859276,0.0022832357258076637,0.0011416178629038319,0.5,True,False,-1.2417634328784621e-08,True,2262,6600
29,2,0.0,0.0,uniform,0,uniform,0.5,adaptive,stage1,,,10,0.020728186276502747,0.013065820559859276,0.0011416178629038319,0.0005708089314519502,0.5,True,False,0.0,True,2523,7260
29,2,0.0,0.0,uniform,0,uniform,0.5,adaptive,stage1,,,11,0.020728164212290068,0.01306579572459062,0.0005705978294261466,0.0002852989147130664,0.5,True,False,-2.483526865583452e-08,True,2784,7920
29,2,0.0,0.0,uniform,0,uniform,0.5,guarded,stage1,,,0,0.008316883224494642,0.006732224797209104,1.0165587238300828,0.5082793619150414,0.5,True,False,,True,129,660
29,2,0.0,0.0,uniform,0,uniform,0.5,guarded,stage1,,,1,0.020728145187851155,0.01306578703224659,0.5844997539599674,0.5082793619150414,0.25,False,True,0.006333562235037486,True,345,1320
29,2,0.0,0.0,uniform,0,uniform,0.5,guarded,stage1,,,2,0.008316883224494642,0.006732224797209104,1.0165587238300828,0.25413968095752076,0.25,True,False,0.0,True,474,1980
29,2,0.0,0.0,uniform,0,uniform,0.5,guarded,stage1,,,3,0.002253859992006113,0.006405509387453397,0.757358771132279,0.1893396927830698,0.25,True,False,-0.0003267154097557068,True,756,2640
29,2,0.0,0.0,uniform,0,uniform,0.5,guarded,stage1,,,4,0.020727678013876982,0.013065595800677935,0.6492981166530296,0.1893396927830698,0.125,False,True,0.006660086413224538,True,981,3300
29,2,0.0,0.0,uniform,0,uniform,0.5,guarded,stage1,,,5,0.002253859992006113,0.006405509387453397,0.757358771132279,0.09466984639153486,0.125,True,False,0.0,True,1263,3960
29,2,0.0,0.0,uniform,0,uniform,0.5,guarded,stage1,,,6,0.00833026581247065,0.00390578992664814,0.6255785795000376,0.07819732243750471,0.125,True,False,-0.002499719460805257,True,1599,4620
29,2,0.0,0.0,uniform,0,uniform,0.5,guarded,stage1,,,7,0.020727772350229046,0.013065647954742113,0.6657710839194819,0.07819732243750471,0.0625,False,True,0.009159858028093973,True,1803,5280
29,2,0.0,0.0,uniform,0,uniform,0.5,guarded,stage1,,,8,0.00833026581247065,0.00390578992664814,0.6255785795000376,0.0390986612187523,0.0625,True,False,0.0,True,2139,5940
29,2,0.0,0.0,uniform,0,uniform,0.5,guarded,stage1,,,9,0.01620567657723626,0.0071111638098955154,0.6345834496636452,0.0390986612187523,0.05,False,True,0.0032053738832473755,True,2469,6600
29,2,0.0,0.0,uniform,0,uniform,0.5,guarded,stage1,,,10,0.00833026581247065,0.00390578992664814,0.6255785795000376,0.03127892897500195,0.05,True,False,0.0,True,2805,7260
29,2,0.0,0.0,uniform,0,uniform,0.5,guarded,stage1,,,11,0.015371787011587479,0.006345119948188464,0.6304801764582557,0.03127892897500195,0.05,False,True,0.002439330021540324,True,3171,7920
29,2,0.0,0.0,uniform,0,uniform,0.5,guarded,stage1,,,12,0.00833026581247065,0.00390578992664814,0.6255785795000376,0.03127892897500195,0.05,True,False,0.0,True,3507,8580
29,2,0.0,0.0,uniform,0,uniform,0.5,guarded,stage1,,,13,0.015371787011587479,0.006345119948188464,0.6304801764582557,0.03127892897500195,0.05,False,True,0.002439330021540324,True,3873,9240
29,2,0.0,0.0,uniform,0,uniform,0.5,guarded,stage1,,,14,0.00833026581247065,0.00390578992664814,0.6255785795000376,0.03127892897500195,0.05,True,False,0.0,True,4209,9900
29,2,0.0,0.0,uniform,0,uniform,0.5,guarded,stage1,,,15,0.015371787011587479,0.006345119948188464,0.6304801764582557,0.03127892897500195,0.05,False,True,0.002439330021540324,True,4575,10560
29,2,0.0,0.0,uniform,0,uniform,0.5,guarded,stage1,,,16,0.00833026581247065,0.00390578992664814,0.6255785795000376,0.03127892897500195,0.05,True,False,0.0,True,4911,11220
29,2,0.0,0.0,uniform,0,uniform,0.5,guarded,stage1,,,17,0.015371787011587479,0.006345119948188464,0.6304801764582557,0.03127892897500195,0.05,False,True,0.002439330021540324,True,5277,11880
29,2,0.0,0.0,uniform,0,uniform,0.5,guarded,stage1,,,18,0.00833026581247065,0.00390578992664814,0.6255785795000376,0.03127892897500195,0.05,True,False,0.0,True,5613,12540
29,2,0.0,0.0,uniform,0,uniform,0.5,guarded,stage1,,,19,0.015371787011587479,0.006345119948188464,0.6304801764582557,0.03127892897500195,0.05,False,True,0.002439330021540324,True,5979,13200
