seed,dimension,poison_ratio,target,initialization,evaluator,update_rate,round,target_error,evaluation_loss,consistency_l1,update_l1,informative,stage3_requests_cumulative,contribution_requests_cumulative
0,2,0.0,0.0,stage0,optimization,0.0,0,0.02341123766175328,0.001623808446497633,0.9915335686850413,0.0,True,306,873
0,2,0.0,0.0,stage0,optimization,0.3,0,0.02341123766175328,0.001623808446497633,0.9915335686850413,0.2974600706055124,True,306,873
0,2,0.0,0.0,stage0,optimization,0.3,1,0.024939210706381658,0.0014872434995509376,0.6365840255712241,0.19097520767136722,True,657,1701
0,2,0.0,0.0,stage0,optimization,0.3,2,0.031406324763760034,0.00440988842840084,0.2695462232457765,0.08086386697373293,True,855,2280
0,2,0.0,0.0,stage0,optimization,0.3,3,0.03140631742786576,0.0038242094030023115,0.40692860187355295,0.12207858056206589,True,1053,3003
0,2,0.0,0.0,stage0,optimization,0.3,4,0.03140634410229308,0.0032842631961246625,0.12675747957537586,0.03802724387261275,True,1272,3753
0,2,0.0,0.0,stage0,optimization,0.3,5,0.03140631831758231,0.003025973483880005,0.22807065589199144,0.06842119676759743,True,1458,4710
0,2,0.0,0.0,stage0,uniform,0.0,0,0.02341123766175328,0.0018032121006399393,0.7477336504902925,0.0,True,306,777
0,2,0.0,0.0,stage0,uniform,0.3,0,0.02341123766175328,0.0018032121006399393,0.7477336504902925,0.2243200951470877,True,306,777
0,2,0.0,0.0,stage0,uniform,0.3,1,0.02589626851165724,0.0018997697625309229,0.5246233594601595,0.1573870078380478,True,654,1554
0,2,0.0,0.0,stage0,uniform,0.3,2,0.03140628558209611,0.006924870501582821,0.43541914511291097,0.13062574353387335,True,855,2331
0,2,0.0,0.0,stage0,uniform,0.3,3,0.03140633298937082,0.0069249038739750786,0.30479389123586154,0.09143816737075844,True,1044,3108
0,2,0.0,0.0,stage0,uniform,0.3,4,0.03140631920729886,0.006924894095088045,0.2133555803842115,0.0640066741152635,True,1254,3885
0,2,0.0,0.0,stage0,uniform,0.3,5,0.0314063203151773,0.006924895957733194,0.14934893359863813,0.04480468007959139,True,1446,4662
0,2,0.0,0.0,uniform,optimization,0.0,0,0.025550440028532184,0.0018870764567206302,0.8377785543617249,0.0,True,342,777
0,2,0.0,0.0,uniform,optimization,0.3,0,0.025550440028532184,0.0018870764567206302,0.8377785543617249,0.2513335663085175,True,342,777
0,2,0.0,0.0,uniform,optimization,0.3,1,0.025453291870388292,0.0049586787194050765,0.8370224441555427,0.2511067332466629,True,540,1590
0,2,0.0,0.0,uniform,optimization,0.3,2,0.03140629652806123,0.004421777327562275,0.3197971140602599,0.09593913421807793,True,765,2493
0,2,0.0,0.0,uniform,optimization,0.3,3,0.03140632209461039,0.0038370562335491923,0.1926239144781058,0.05778717434343175,True,951,3168
0,2,0.0,0.0,uniform,optimization,0.3,4,0.03140632298432694,0.003469535291301451,0.38751544551309736,0.11625463365392927,True,1134,4248
0,2,0.0,0.0,uniform,optimization,0.3,5,0.031406321204893846,0.003065370572704077,0.264351947134109,0.07930558414023262,True,1362,4827
0,2,0.0,0.0,uniform,uniform,0.0,0,0.025550440028532184,0.0018870764567206304,0.8377785543617249,0.0,True,342,777
0,2,0.0,0.0,uniform,uniform,0.3,0,0.025550440028532184,0.0018870764567206304,0.8377785543617249,0.2513335663085175,True,342,777
0,2,0.0,0.0,uniform,uniform,0.3,1,0.025453291870388292,0.0048707639798521996,0.6256183269198298,0.18768549807594898,True,540,1554
0,2,0.0,0.0,uniform,uniform,0.3,2,0.03140632209461039,0.006924898441260059,0.4671019318857839,0.14013057956573513,True,747,2331
0,2,0.0,0.0,uniform,uniform,0.3,3,0.03140620854853583,0.006924829523389538,0.3269703411225307,0.0980911023367593,True,951,3108
0,2,0.0,0.0,uniform,uniform,0.3,4,0.03140632298432694,0.006924903408313791,0.2288803228624771,0.06866409685874314,True,1152,3885
0,2,0.0,0.0,uniform,uniform,0.3,5,0.03140632897711196,0.0069249052709589405,0.16021625333343228,0.04806487600002962,True,1374,4662
0,2,0.0,0.0,dirichlet,optimization,0.0,0,0.013602253025599309,0.005405483757193183,1.4324820776166591,0.0,True,126,903
0,2,0.0,0.0,dirichlet,optimization,0.3,0,0.03140632298432694,0.004050183362302249,0.2836178943471199,0.08508536830413599,True,195,825
0,2,0.0,0.0,dirichlet,optimization,0.3,1,0.03140632387404349,0.003569456137916989,0.34298784645610425,0.10289635393683116,True,393,1683
0,2,0.0,0.0,dirichlet,optimization,0.3,2,0.03140632209461039,0.003158225870177524,0.1910357069793912,0.057310712093817384,True,588,2712
0,2,0.0,0.0,dirichlet,optimization,0.3,3,0.031406324763760034,0.0029142166865773218,0.20745328270954277,0.06223598481286287,True,801,3534
0,2,0.0,0.0,dirichlet,optimization,0.3,4,0.031406312761121116,0.0027051051645328237,0.1529724222450467,0.045891726673513954,True,1020,5079
0,2,0.0,0.0,dirichlet,optimization,0.3,5,0.03140633387908737,0.0025594385970446444,0.1049032324031324,0.03147096972093969,True,1245,6108
0,2,0.0,0.0,dirichlet,uniform,0.0,0,0.022954431664799428,0.0017937840117762487,1.0500316539985879,0.0,True,315,777
0,2,0.0,0.0,dirichlet,uniform,0.3,0,0.02547704687915415,0.005167474038898945,0.7796974400410406,0.2339092320123121,True,156,777
0,2,0.0,0.0,dirichlet,uniform,0.3,1,0.02593670835647592,0.0019030703697353601,0.5027187672204654,0.1508156301661397,True,429,1554
0,2,0.0,0.0,dirichlet,uniform,0.3,2,0.03140624272581216,0.006924860567475359,0.420044368505059,0.12601331055151774,True,624,2331
0,2,0.0,0.0,dirichlet,uniform,0.3,3,0.02512361079618972,0.0018694508665551741,0.22546815773982193,0.0676404473219466,True,915,3108
0,2,0.0,0.0,dirichlet,uniform,0.3,4,0.03140632296725819,0.00692490014868478,0.22639119138723396,0.06791735741617011,True,1137,3885
0,2,0.0,0.0,dirichlet,uniform,0.3,5,0.03140631653814921,0.006924894095088045,0.15847374514956492,0.047542123544869516,True,1320,4662
0,2,0.0,0.0,reversed,optimization,0.0,0,0.025426293838736402,0.00449001152834701,1.0500913825779148,0.0,True,180,759
0,2,0.0,0.0,reversed,optimization,0.3,0,0.025426293838736402,0.00449001152834701,1.0500913825779148,0.3150274147733745,True,180,759
0,2,0.0,0.0,reversed,optimization,0.3,1,0.025452930845358157,0.0048832537587612974,0.6815500133505297,0.204465004005159,True,333,1554
0,2,0.0,0.0,reversed,optimization,0.3,2,0.025768149399760555,0.0012989182633832551,0.609418195766353,0.18282545872990597,True,576,2592
0,2,0.0,0.0,reversed,optimization,0.3,3,0.03140632298432694,0.00409596807611487,0.2033281214498406,0.0609984364349522,True,792,3090
0,2,0.0,0.0,reversed,optimization,0.3,4,0.03140632009701541,0.0036682324935044487,0.18816335402260664,0.05644900620678203,True,1002,4374
0,2,0.0,0.0,reversed,optimization,0.3,5,0.03140632387404349,0.0033554448923891543,0.37495811113200916,0.11248743333960273,True,1191,5664
0,2,0.0,0.0,reversed,uniform,0.0,0,0.025426293838736402,0.004617943428456783,1.0281613830237086,0.0,True,180,777
0,2,0.0,0.0,reversed,uniform,0.3,0,0.025426293838736402,0.004617943428456783,1.0281613830237086,0.30844841490711256,True,180,777
0,2,0.0,0.0,reversed,uniform,0.3,1,0.025434319347980364,0.004890690557658672,0.7234477248034776,0.2170343174410433,True,321,1554
0,2,0.0,0.0,reversed,uniform,0.3,2,0.025791956351180888,0.0018981486403693755,0.46710502858436764,0.14013150857531032,True,582,2331
0,2,0.0,0.0,reversed,uniform,0.3,3,0.031406247627787834,0.006924858083948493,0.3951764717728462,0.11855294153185386,True,768,3108
0,2,0.0,0.0,reversed,uniform,0.3,4,0.031406335205127714,0.006924905115738511,0.27662422031536793,0.0829872660946104,True,978,3885
0,2,0.0,0.0,reversed,uniform,0.3,5,0.0314063396537104,0.0069249038739750786,0.19363693600095863,0.05809108080028755,True,1203,4662
0,2,0.3,0.0,stage0,optimization,0.0,0,0.0355186142344035,0.017057981559824267,1.16368595300426,0.0,True,384,1254
0,2,0.3,0.0,stage0,optimization,0.3,0,0.0355186142344035,0.017057981559824267,1.16368595300426,0.34910578590127794,True,384,1254
0,2,0.3,0.0,stage0,optimization,0.3,1,0.021053377839038045,0.018927687742654395,0.33614133888589826,0.1008424016657695,True,792,2433
0,2,0.3,0.0,stage0,optimization,0.3,2,0.005234042809928563,0.012438662298441311,0.4601226715705865,0.13803680147117597,True,1119,3774
0,2,0.3,0.0,stage0,optimization,0.3,3,0.0012403502707916125,0.01391540372215164,0.19087407605981996,0.05726222281794596,True,1353,4875
0,2,0.3,0.0,stage0,optimization,0.3,4,0.021876766040410445,0.025377522779772503,0.1907927576235223,0.057237827287056744,True,1533,5679
0,2,0.3,0.0,stage0,optimization,0.3,5,0.021903801888938368,0.0251587436643645,0.7739782368303019,0.23219347104909058,True,1704,7335
0,2,0.3,0.0,stage0,uniform,0.0,0,0.0355186142344035,0.01754673368607958,1.04178298299905,0.0,True,384,714
0,2,0.3,0.0,stage0,uniform,0.3,0,0.0355186142344035,0.01754673368607958,1.04178298299905,0.31253489489971487,True,384,714
0,2,0.3,0.0,stage0,uniform,0.3,1,0.023842181637613813,0.010603274373958508,0.6616875138882856,0.19850625416648568,True,786,1428
0,2,0.3,0.0,stage0,uniform,0.3,2,0.013390954845911525,0.005606017153089245,0.41991040650385303,0.1259731219511559,True,1134,2142
0,2,0.3,0.0,stage0,uniform,0.3,3,0.0018258505470156727,0.018743224442005157,0.41740480142976677,0.12522144042892994,True,1323,2856
0,2,0.3,0.0,stage0,uniform,0.3,4,0.06546810506529965,0.04360016683737437,0.5794748820438153,0.17384246461314462,True,1554,3570
0,2,0.3,0.0,stage0,uniform,0.3,5,0.06546810506529965,0.04360016683737437,0.4056324174306707,0.12168972522920125,True,1785,4284
0,2,0.3,0.0,uniform,optimization,0.0,0,0.032838576052871105,0.017331295801947512,1.1297898624972595,0.0,True,231,912
0,2,0.3,0.0,uniform,optimization,0.3,0,0.032838576052871105,0.017331295801947512,1.1297898624972595,0.3389369587491779,True,231,912
0,2,0.3,0.0,uniform,optimization,0.3,1,0.022379555956047348,0.014667261139365931,0.41138303202892396,0.12341490960867713,True,687,2040
0,2,0.3,0.0,uniform,optimization,0.3,2,0.005492324180274288,0.011744670893698878,0.5489251010837182,0.16467753032511553,True,1014,3168
0,2,0.3,0.0,uniform,optimization,0.3,3,0.05377185864726641,0.0134078838840568,0.27374549863926956,0.08212364959178087,True,1302,4458
0,2,0.3,0.0,uniform,optimization,0.3,4,0.02765829069539727,0.02754292842191934,0.2387880576782787,0.07163641730348361,True,1446,5568
0,2,0.3,0.0,uniform,optimization,0.3,5,0.026750663794928187,0.027115086416508408,0.20464821894100121,0.061394465682300434,True,1626,6513
0,2,0.3,0.0,uniform,uniform,0.0,0,0.032838576052871105,0.017331295801947515,1.004497033312403,0.0,True,231,714
0,2,0.3,0.0,uniform,uniform,0.3,0,0.032838576052871105,0.017331295801947515,1.004497033312403,0.30134910999372094,True,231,714
0,2,0.3,0.0,uniform,uniform,0.3,1,0.022791849017961496,0.012525354356815418,0.6556065904361875,0.1966819771308563,True,408,1428
0,2,0.3,0.0,uniform,uniform,0.3,2,0.06546782654058703,0.04360003272692362,0.8086355795420894,0.24259067386262687,True,588,2142
0,2,0.3,0.0,uniform,uniform,0.3,3,0.06546810506529965,0.04360016683737437,0.5660449056794625,0.1698134717038387,True,819,2856
0,2,0.3,0.0,uniform,uniform,0.3,4,0.06546822332572333,0.043600221474965416,0.3962314339756238,0.11886943019268711,True,1002,3570
0,2,0.3,0.0,uniform,uniform,0.3,5,0.06546823657698297,0.043600231409072876,0.27736200378293674,0.08320860113488096,True,1212,4284
0,2,0.3,0.0,dirichlet,optimization,0.0,0,0.03446077737380726,0.0053204342406684875,1.664703601447467,0.0,True,231,813
0,2,0.3,0.0,dirichlet,optimization,0.3,0,0.06546810506529965,0.029220208883330923,0.5752686309108792,0.17258058927326378,True,222,606
0,2,0.3,0.0,dirichlet,optimization,0.3,1,0.02505587871030457,0.02583517499346833,0.40006770885552545,0.12002031265665766,True,453,1692
0,2,0.3,0.0,dirichlet,optimization,0.3,2,0.023992242609406134,0.0218122369300576,0.6380659889450827,0.19141979668352477,True,663,3033
0,2,0.3,0.0,dirichlet,optimization,0.3,3,0.06546823657698297,0.016234153649248195,0.4528558909636877,0.13585676728910628,True,855,4131
0,2,0.3,0.0,dirichlet,optimization,0.3,4,0.06546823657698297,0.011948833037047723,0.5702244571952811,0.1710673371585844,True,1095,5106
0,2,0.3,0.0,dirichlet,optimization,0.3,5,0.06546829183190539,0.014442527615926582,0.394191578568897,0.11825747357066912,True,1338,6000
0,2,0.3,0.0,dirichlet,uniform,0.0,0,0.0023025976787570124,0.017984325687090557,0.47227470779431846,0.0,True,180,714
0,2,0.3,0.0,dirichlet,uniform,0.3,0,0.03908447882569277,0.017930006065095466,1.564531143757268,0.46935934312718036,True,210,714
0,2,0.3,0.0,dirichlet,uniform,0.3,1,0.03328094529650283,0.01743524909640352,1.0899968674995506,0.3269990602498652,True,360,1428
0,2,0.3,0.0,dirichlet,uniform,0.3,2,0.02377247950789929,0.01203932287171483,0.7098173495364777,0.2129452048609433,True,702,2142
0,2,0.3,0.0,dirichlet,uniform,0.3,3,0.01449932634875023,0.0038847931815932193,0.4263874431507189,0.12791623294521562,True,948,2856
0,2,0.3,0.0,dirichlet,uniform,0.3,4,0.02524223587275287,0.043825109799702965,0.7232254278460106,0.2169676283538032,True,1098,3570
0,2,0.3,0.0,dirichlet,uniform,0.3,5,0.06546823657698297,0.043600231409072876,0.5062577994922073,0.15187733984766216,True,1308,4284
0,2,0.3,0.0,reversed,optimization,0.0,0,0.03111901407550377,0.015775698375821264,0.7402523441821685,0.0,True,222,912
0,2,0.3,0.0,reversed,optimization,0.3,0,0.03111901407550377,0.015775698375821264,0.7402523441821685,0.22207570325465048,True,222,912
0,2,0.3,0.0,reversed,optimization,0.3,1,0.030051689057223996,0.019104497652291347,0.4924443422297134,0.14773330266891402,True,471,2040
0,2,0.3,0.0,reversed,optimization,0.3,2,0.022215029638328332,0.01943533861583464,0.36636844944749236,0.10991053483424773,True,702,2916
0,2,0.3,0.0,reversed,optimization,0.3,3,0.021046864699091117,0.019980970288130232,0.2747045808959021,0.08241137426877068,True,1029,3810
0,2,0.3,0.0,reversed,optimization,0.3,4,0.02239487663393519,0.013190586616900759,0.7960043956685374,0.2388013187005612,True,1428,5052
0,2,0.3,0.0,reversed,optimization,0.3,5,0.0651396279301899,0.019660491478597365,0.26967036862746774,0.08090111058824025,True,1692,6297
0,2,0.3,0.0,reversed,uniform,0.0,0,0.03111901407550377,0.017192501419534285,1.0381018337391996,0.0,True,222,714
0,2,0.3,0.0,reversed,uniform,0.3,0,0.03111901407550377,0.017192501419534285,1.0381018337391996,0.3114305501217598,True,222,714
0,2,0.3,0.0,reversed,uniform,0.3,1,0.021160500355092537,0.01675209201251467,0.7221319601555023,0.2166395880466507,True,576,1428
0,2,0.3,0.0,reversed,uniform,0.3,2,0.002547489449722329,0.017704833298921585,0.5153645364385371,0.1546093609315611,True,846,2142
0,2,0.3,0.0,reversed,uniform,0.3,3,0.06546810506529965,0.04360016683737437,0.6590310943901301,0.19770932831703908,True,1071,2856
0,2,0.3,0.0,reversed,uniform,0.3,4,0.06546829183190539,0.043600273629029594,0.46132176607309094,0.13839652982192724,True,1266,3570
0,2,0.3,0.0,reversed,uniform,0.3,5,0.06546823657698297,0.043600231409072876,0.3229252362511637,0.09687757087534911,True,1485,4284
1,2,0.0,0.0,stage0,optimization,0.0,0,0.014551338605549064,0.0014500775419274505,0.8976892052941523,0.0,True,255,360
1,2,0.0,0.0,stage0,optimization,0.3,0,0.014551338605549064,0.0014500775419274505,0.8976892052941523,0.2693067615882457,True,255,360
1,2,0.0,0.0,stage0,optimization,0.3,1,0.014140438806010285,0.0018773135451653961,0.722565446650102,0.21676963399503058,True,366,858
1,2,0.0,0.0,stage0,optimization,0.3,2,0.014386438038607015,0.00042194633934528134,0.30648614818080366,0.09194584445424112,True,792,1059
1,2,0.0,0.0,stage0,optimization,0.3,3,0.01482115546131349,0.0002028420190056163,0.3890274170425265,0.11670822511275804,True,1245,1494
1,2,0.0,0.0,stage0,optimization,0.3,4,0.014564335047879351,0.001618261564992045,0.19714735670383443,0.05914420701115036,True,1389,1596
1,2,0.0,0.0,stage0,optimization,0.3,5,0.014033476296538429,0.00015564653126265226,0.7102509821590135,0.21307529464770406,True,1845,2238
1,2,0.0,0.0,stage0,uniform,0.0,0,0.014551338605549064,0.0019731037318706512,0.8047783701815475,0.0,True,255,57
1,2,0.0,0.0,stage0,uniform,0.3,0,0.014551338605549064,0.0019731037318706512,0.8047783701815475,0.24143351105446428,True,255,57
1,2,0.0,0.0,stage0,uniform,0.3,1,0.01457582999770251,0.0017869298656781514,0.5597372890718848,0.16792118672156534,True,564,114
1,2,0.0,0.0,stage0,uniform,0.3,2,0.014779398696580293,0.0001948624849319458,0.3628612389174842,0.10885837167524526,True,927,171
1,2,0.0,0.0,stage0,uniform,0.3,3,0.014524541727388467,0.0011471261580785115,0.2709258044545973,0.08127774133637923,True,1209,228
1,2,0.0,0.0,stage0,uniform,0.3,4,0.014391247787212971,0.00033922741810480755,0.17521870654781863,0.05256561196434553,True,1482,285
1,2,0.0,0.0,stage0,uniform,0.3,5,0.014544305146591996,0.0006674068669478098,0.12841573841123616,0.03852472152337087,True,1920,342
1,2,0.0,0.0,uniform,optimization,0.0,0,0.014061642639210413,0.0020194388926029205,0.595631551265773,0.0,True,111,57
1,2,0.0,0.0,uniform,optimization,0.3,0,0.014061642639210413,0.0020194388926029205,0.595631551265773,0.17868946537973202,True,111,57
1,2,0.0,0.0,uniform,optimization,0.3,1,0.01421551158181699,0.0020038187165548776,0.4298534830707051,0.12895604492121154,True,231,696
1,2,0.0,0.0,uniform,optimization,0.3,2,0.014492093737538042,0.000994939406374074,0.289157553803451,0.08674726614103523,True,492,1635
1,2,0.0,0.0,uniform,optimization,0.3,3,0.014733744925317684,0.00019388689693756046,0.19301163929029475,0.05790349178708852,True,834,1692
1,2,0.0,0.0,uniform,optimization,0.3,4,0.014569501109838755,0.0016420251198039464,0.16690902767166765,0.05007270830150033,True,1011,2136
1,2,0.0,0.0,uniform,optimization,0.3,5,0.014776214479680028,0.0001858678618535712,0.09199968956795712,0.027599906870387117,True,1365,2193
1,2,0.0,0.0,uniform,uniform,0.0,0,0.014061642639210413,0.0020194388926029205,0.595631551265773,0.0,True,111,57
1,2,0.0,0.0,uniform,uniform,0.3,0,0.014061642639210413,0.0020194388926029205,0.595631551265773,0.17868946537973188,True,111,57
1,2,0.0,0.0,uniform,uniform,0.3,1,0.01421551158181699,0.0018762486676375072,0.41381376191432634,0.12414412857429791,True,231,114
1,2,0.0,0.0,uniform,uniform,0.3,2,0.014816338621567837,0.00017782673239707947,0.25492313342215245,0.07647694002664568,True,558,171
1,2,0.0,0.0,uniform,uniform,0.3,3,0.014533442545651407,0.0005774050951004028,0.1862490765429783,0.05587472296289352,True,999,228
1,2,0.0,0.0,uniform,uniform,0.3,4,0.014571716952797149,0.0015307193001111348,0.14990270352053592,0.04497081105616087,True,1185,285
1,2,0.0,0.0,uniform,uniform,0.3,5,0.01456295554620675,0.0014337611695130665,0.10288434494406962,0.030865303483220904,True,1332,342
1,2,0.0,0.0,dirichlet,optimization,0.0,0,0.014241765466269062,0.0020677370601418247,0.5662196826395189,0.0,True,123,480
1,2,0.0,0.0,dirichlet,optimization,0.3,0,0.01454868738837644,0.0011953563805123585,1.372673712817038,0.41180211384511145,True,132,417
1,2,0.0,0.0,dirichlet,optimization,0.3,1,0.014374509804557092,0.001765287921602157,0.4366103794158837,0.1309831138247651,True,255,474
1,2,0.0,0.0,dirichlet,optimization,0.3,2,0.0145931506268869,0.0018264062993263708,0.38714904655357996,0.116144713966074,True,495,1248
1,2,0.0,0.0,dirichlet,optimization,0.3,3,0.014557326494787243,0.0014380768019827412,0.1916062119035839,0.05748186357107514,True,696,1422
1,2,0.0,0.0,dirichlet,optimization,0.3,4,0.014518694699172257,0.0016205301926391095,0.13947155299561048,0.041841465898683206,True,822,1605
1,2,0.0,0.0,dirichlet,optimization,0.3,5,0.014695634618666409,0.00018274721812974656,0.07509326205709119,0.022527978617127388,True,1134,2022
1,2,0.0,0.0,dirichlet,uniform,0.0,0,0.014520595601486629,0.002264163146416346,0.9436831179983638,0.0,True,174,57
1,2,0.0,0.0,dirichlet,uniform,0.3,0,0.014422369504749613,0.002654793361822764,1.197436395113747,0.3592309185341241,True,222,57
1,2,0.0,0.0,dirichlet,uniform,0.3,1,0.014540008070869467,0.0021160791317621865,0.8273674772801431,0.24821024318404297,True,423,114
1,2,0.0,0.0,dirichlet,uniform,0.3,2,0.014580583020959822,0.001879046360651652,0.5745242458038117,0.17235727374114357,True,654,171
1,2,0.0,0.0,dirichlet,uniform,0.3,3,0.014555923903994095,0.0018299495180447896,0.40121739073969964,0.12036521722190988,True,777,228
1,2,0.0,0.0,dirichlet,uniform,0.3,4,0.014564684739925528,0.001464303582906723,0.27388620123289553,0.08216586036986864,True,1008,285
1,2,0.0,0.0,dirichlet,uniform,0.3,5,0.014487165481644734,0.0008618831634521484,0.1806364438770064,0.05419093316310199,True,1344,342
1,2,0.0,0.0,reversed,optimization,0.0,0,0.014813430607833938,0.00011320866748857646,0.5499201415841659,0.0,True,285,210
1,2,0.0,0.0,reversed,optimization,0.3,0,0.014813430607833938,0.00011320866748857646,0.5499201415841659,0.16497604247524972,True,285,210
1,2,0.0,0.0,reversed,optimization,0.3,1,0.014814421634260382,0.0001322982667319137,0.39538414248446,0.11861524274533808,True,690,438
1,2,0.0,0.0,reversed,optimization,0.3,2,0.014823504654682053,0.00015127958326515383,0.4472881601313877,0.1341864480394164,True,1008,522
1,2,0.0,0.0,reversed,optimization,0.3,3,0.014705880002742255,0.00015159461794434447,0.2279568762304477,0.06838706286913426,True,1356,1125
1,2,0.0,0.0,reversed,optimization,0.3,4,0.014800661525185721,0.00015742240049234295,0.5529197186584074,0.16587591559752224,True,1608,1689
1,2,0.0,0.0,reversed,optimization,0.3,5,0.014819675826806905,0.00012157789359471753,0.29233081472664735,0.08769924441799418,True,1881,1746
1,2,0.0,0.0,reversed,uniform,0.0,0,0.014813430607833938,0.00017948076128959656,0.5409193974397937,0.0,True,285,57
1,2,0.0,0.0,reversed,uniform,0.3,0,0.014813430607833938,0.00017948076128959656,0.5409193974397937,0.16227581923193807,True,285,57
1,2,0.0,0.0,reversed,uniform,0.3,1,0.0148137756878408,0.00017866616447766623,0.3786278890487181,0.11358836671461539,True,555,114
1,2,0.0,0.0,reversed,uniform,0.3,2,0.014560315755806592,0.001442467172940572,0.29049030762310923,0.08714709228693282,True,693,171
1,2,0.0,0.0,reversed,uniform,0.3,3,0.014811577232178907,0.00017901758352915445,0.17789919828043937,0.053369759484131765,True,1035,228
1,2,0.0,0.0,reversed,uniform,0.3,4,0.014749411546736167,0.0002109458049138387,0.12514505362660266,0.03754351608798079,True,1296,285
1,2,0.0,0.0,reversed,uniform,0.3,5,0.01450228932634139,0.0013044488926728566,0.10953807436183592,0.03286142230855085,True,1425,342
1,2,0.3,0.0,stage0,optimization,0.0,0,0.012872931032486434,0.011965497923398962,1.2118146203208275,0.0,True,189,48
1,2,0.3,0.0,stage0,optimization,0.3,0,0.012872931032486434,0.011965497923398962,1.2118146203208275,0.3635443860962483,True,189,48
1,2,0.3,0.0,stage0,optimization,0.3,1,0.009884546922004134,0.009347341139239525,1.053441940534049,0.3160325821602146,True,360,96
1,2,0.3,0.0,stage0,optimization,0.3,2,0.008487598216348147,0.009609972241484872,0.5483196850264589,0.16449590550793766,True,510,144
1,2,0.3,0.0,stage0,optimization,0.3,3,0.023376651848010965,0.009427502838090426,0.3132138612999909,0.09396415838999728,True,627,192
1,2,0.3,0.0,stage0,optimization,0.3,4,0.023670078316136767,0.008156307519055966,0.2149646635197121,0.06448939905591361,True,759,240
1,2,0.3,0.0,stage0,optimization,0.3,5,0.023803724958078476,0.00728251169619855,0.46834545050773013,0.14050363515231903,True,891,324
1,2,0.3,0.0,stage0,uniform,0.0,0,0.012872931032486434,0.010672445098559061,1.3533086714678337,0.0,True,189,75
1,2,0.3,0.0,stage0,uniform,0.3,0,0.012872931032486434,0.010672445098559061,1.3533086714678337,0.4059926014403501,True,189,75
1,2,0.3,0.0,stage0,uniform,0.3,1,0.005297299648304943,0.00432736799120903,0.9193792090138723,0.2758137627041617,True,327,150
1,2,0.3,0.0,stage0,uniform,0.3,2,0.008336789569922232,0.007569638391335805,0.6576398513361718,0.19729195540085148,True,531,225
1,2,0.3,0.0,stage0,uniform,0.3,3,0.023531362837463377,0.014015076061089834,0.4895943432637096,0.14687830297911292,True,669,300
1,2,0.3,0.0,stage0,uniform,0.3,4,0.023854525840294016,0.014182021220525106,0.3434970003273396,0.10304910009820188,True,834,375
1,2,0.3,0.0,stage0,uniform,0.3,5,0.02390413338282471,0.014210205525159836,0.24057986521923616,0.07217395956577087,True,1020,450
1,2,0.3,0.0,uniform,optimization,0.0,0,0.005341801071744534,0.005243753393491109,0.9603003745246994,0.0,True,282,75
1,2,0.3,0.0,uniform,optimization,0.3,0,0.005341801071744534,0.005243753393491109,0.9603003745246994,0.28809011235740983,True,282,75
1,2,0.3,0.0,uniform,optimization,0.3,1,0.010378109998260499,0.0056960711632335105,0.5754898548979042,0.17264695646937125,True,672,123
1,2,0.3,0.0,uniform,optimization,0.3,2,0.022781388178824358,0.009282309806282482,0.3365920587689278,0.10097761763067833,True,789,171
1,2,0.3,0.0,uniform,optimization,0.3,3,0.023905933386433986,0.007949174248468206,0.24074875361940246,0.07222462608582078,True,966,621
1,2,0.3,0.0,uniform,optimization,0.3,4,0.023781477736537937,0.007562825823053498,0.2143437807578973,0.06430313422736922,True,1083,669
1,2,0.3,0.0,uniform,optimization,0.3,5,0.023698789201381132,0.006909061216519622,0.09935923681393677,0.029807771044181045,True,1215,753
1,2,0.3,0.0,uniform,uniform,0.0,0,0.005341801071744534,0.005243753393491109,0.9603003745246994,0.0,True,282,75
1,2,0.3,0.0,uniform,uniform,0.3,0,0.005341801071744534,0.005243753393491109,0.9603003745246994,0.28809011235740983,True,282,75
1,2,0.3,0.0,uniform,uniform,0.3,1,0.010378109998260499,0.005448633184035619,0.6730947722425924,0.2019284316727777,True,672,150
1,2,0.3,0.0,uniform,uniform,0.3,2,0.023431480031009144,0.013970227291186651,0.5094567006842342,0.15283701020527027,True,789,225
1,2,0.3,0.0,uniform,uniform,0.3,3,0.023793194914658145,0.014149311929941177,0.35745713450107275,0.10723714035032175,True,942,300
1,2,0.3,0.0,uniform,uniform,0.3,4,0.02390598910377406,0.014211428662141165,0.2505107952364014,0.07515323857092042,True,1173,375
1,2,0.3,0.0,uniform,uniform,0.3,5,0.023905920665036717,0.014211403826872507,0.1753574403647431,0.052607232109422905,True,1383,450
1,2,0.3,0.0,dirichlet,optimization,0.0,0,0.02443667606086919,0.007186963727906774,1.1649870480013806,0.0,True,207,48
1,2,0.3,0.0,dirichlet,optimization,0.3,0,0.012021330992276091,0.013347175178794995,1.0458805409643557,0.3137641622893067,True,228,48
1,2,0.3,0.0,dirichlet,optimization,0.3,1,0.013331815237479283,0.0030472549340581174,0.5568947217051394,0.16706841651154195,True,525,96
1,2,0.3,0.0,dirichlet,optimization,0.3,2,0.023645968887367808,0.010001785996556547,0.41507378544361995,0.12452213563308598,True,747,144
1,2,0.3,0.0,dirichlet,optimization,0.3,3,0.023753740320277217,0.008751055465364387,0.2949474220733579,0.08848422662200736,True,879,192
1,2,0.3,0.0,dirichlet,optimization,0.3,4,0.023857089986570656,0.007704091377800117,0.20868264415931065,0.06260479324779322,True,1011,240
1,2,0.3,0.0,dirichlet,optimization,0.3,5,0.023811424400761894,0.007031735392639624,0.14756983128120704,0.044270949384362046,True,1164,288
1,2,0.3,0.0,dirichlet,uniform,0.0,0,0.023905940042716622,0.014211413760979971,0.3645472625283304,0.0,True,216,75
1,2,0.3,0.0,dirichlet,uniform,0.3,0,0.0068450278853724456,0.026526331901550293,1.6839200127451694,0.5051760038235509,True,258,75
1,2,0.3,0.0,dirichlet,uniform,0.3,1,0.00841693471747007,0.01954760526617368,1.1431764452913145,0.3429529335873943,True,396,150
1,2,0.3,0.0,dirichlet,uniform,0.3,2,0.009060808416277766,0.001815912624200185,0.754812943493295,0.22644388304798846,True,783,225
1,2,0.3,0.0,dirichlet,uniform,0.3,3,0.018250313908879434,0.009176472822825113,0.5438765238274097,0.16316295714822288,True,1002,300
1,2,0.3,0.0,dirichlet,uniform,0.3,4,0.02390587160400237,0.014211383958657583,0.3979832674485976,0.11939498023457926,True,1218,375
1,2,0.3,0.0,dirichlet,uniform,0.3,5,0.023904943765007403,0.014210786670446396,0.278585490189935,0.08357564705698041,True,1407,450
1,2,0.3,0.0,reversed,optimization,0.0,0,0.010659345547011867,0.009059289528924357,0.5141287332719185,0.0,True,201,48
1,2,0.3,0.0,reversed,optimization,0.3,0,0.010659345547011867,0.009059289528924357,0.5141287332719185,0.15423861998157554,True,201,48
1,2,0.3,0.0,reversed,optimization,0.3,1,0.02355373980320863,0.007792884163569702,0.2856934141280917,0.08570802423842754,True,333,96
1,2,0.3,0.0,reversed,optimization,0.3,2,0.023905387102272968,0.006942572247503094,0.16749735532633456,0.05024920659790036,True,519,144
1,2,0.3,0.0,reversed,optimization,0.3,3,0.023742529556004754,0.006473796202409287,0.10080532550784058,0.030241597652352167,True,651,192
1,2,0.3,0.0,reversed,optimization,0.3,4,0.02384694843783919,0.006125126834375137,0.22275348403984713,0.0668260452119542,True,783,573
1,2,0.3,0.0,reversed,optimization,0.3,5,0.02392105592626592,0.006367546070662338,0.12775972983847778,0.03832791895154333,True,921,621
1,2,0.3,0.0,reversed,uniform,0.0,0,0.010659345547011867,0.009402760614951452,0.6307898530924356,0.0,True,201,75
1,2,0.3,0.0,reversed,uniform,0.3,0,0.010659345547011867,0.009402760614951452,0.6307898530924356,0.1892369559277307,True,201,75
1,2,0.3,0.0,reversed,uniform,0.3,1,0.02350023121894651,0.013991791754961014,0.4625482458266835,0.13876447374800505,True,318,150
1,2,0.3,0.0,reversed,uniform,0.3,2,0.023794834641478246,0.014147385954856873,0.32451143580312825,0.0973534307409384,True,471,225
1,2,0.3,0.0,reversed,uniform,0.3,3,0.023892102465268295,0.014202055831750235,0.22741392996993084,0.06822417899097923,True,651,300
1,2,0.3,0.0,reversed,uniform,0.3,4,0.023905948523690768,0.01421143983801206,0.1592336932926366,0.04777010798779106,True,873,375
1,2,0.3,0.0,reversed,uniform,0.3,5,0.02390601637097234,0.014211407552162806,0.11146343411387573,0.033439030234162656,True,1110,450
2,2,0.0,0.0,stage0,optimization,0.0,0,0.00018347177996957953,0.007745206163452851,0.7422702471852152,0.0,True,216,768
2,2,0.0,0.0,stage0,optimization,0.3,0,0.00018347177996957953,0.007745206163452851,0.7422702471852152,0.22268107415556454,True,216,768
2,2,0.0,0.0,stage0,optimization,0.3,1,0.00018347177996957953,0.005761677406068969,0.8596368565571492,0.25789105696714476,True,414,1635
2,2,0.0,0.0,stage0,optimization,0.3,2,0.00018353634036660793,0.004446342213991202,0.1493630575109572,0.04480891725328712,True,630,2529
2,2,0.0,0.0,stage0,optimization,0.3,3,0.00018353634036660793,0.004366075387742438,0.9270896129810782,0.2781268838943235,True,888,3735
2,2,0.0,0.0,stage0,optimization,0.3,4,0.00018347177996957953,0.007559257212267295,0.5484569277191904,0.16453707831575703,True,1137,4512
2,2,0.0,0.0,stage0,optimization,0.3,5,0.00018347177996957953,0.005625768475533414,0.41119188356292646,0.12335756506887793,True,1356,5370
2,2,0.0,0.0,stage0,uniform,0.0,0,0.00018347177996957953,0.008319194739063581,0.6241742593475523,0.0,True,216,795
2,2,0.0,0.0,stage0,uniform,0.3,0,0.00018347177996957953,0.008319194739063581,0.6241742593475523,0.18725227780426573,True,216,795
2,2,0.0,0.0,stage0,uniform,0.3,1,0.00018347177996957953,0.008319194739063581,0.43692198154328665,0.131076594462986,True,480,1590
2,2,0.0,0.0,stage0,uniform,0.3,2,0.00018353634036660793,0.00831918977200985,0.30584534836080657,0.09175360450824196,True,705,2385
2,2,0.0,0.0,stage0,uniform,0.3,3,0.00018353634036660793,0.00831918977200985,0.2140917438525646,0.06422752315576946,True,969,3180
2,2,0.0,0.0,stage0,uniform,0.3,4,0.00018353634036660793,0.00831918977200985,0.14986422069679514,0.04495926620903856,True,1185,3975
2,2,0.0,0.0,stage0,uniform,0.3,5,0.00041309240381259826,0.008259362851579985,0.10443889879911217,0.03133166963973362,True,1500,4770
2,2,0.0,0.0,uniform,optimization,0.0,0,0.00018353634036660793,0.00831918977200985,0.6990789929081749,0.0,True,240,804
2,2,0.0,0.0,uniform,optimization,0.3,0,0.00018353634036660793,0.00831918977200985,0.6990789929081749,0.2097236978724525,True,240,804
2,2,0.0,0.0,uniform,optimization,0.3,1,0.00018353634036660793,0.006151182370293492,0.9389591569804784,0.28168774709414357,True,480,1644
2,2,0.0,0.0,uniform,optimization,0.3,2,0.00018353634036660793,0.004703784050150957,0.24499196843340432,0.07349759053002125,True,750,2289
2,2,0.0,0.0,uniform,optimization,0.3,3,0.00018353634036660793,0.005549333493059469,0.6211505137317472,0.18634515411952418,True,966,3138
2,2,0.0,0.0,uniform,optimization,0.3,4,0.00018353634036660793,0.004313611621890069,0.3389388275178821,0.10168164825536469,True,1209,4311
2,2,0.0,0.0,uniform,optimization,0.3,5,0.00018353634036660793,0.004266971727665764,0.47536971434264585,0.14261091430279374,True,1476,5232
2,2,0.0,0.0,uniform,uniform,0.0,0,0.00018353634036660793,0.00831918977200985,0.6990789929081749,0.0,True,240,795
2,2,0.0,0.0,uniform,uniform,0.3,0,0.00018353634036660793,0.00831918977200985,0.6990789929081749,0.2097236978724525,True,240,795
2,2,0.0,0.0,uniform,uniform,0.3,1,0.00018353634036660793,0.00831918977200985,0.48935529503572245,0.14680658851071676,True,480,1590
2,2,0.0,0.0,uniform,uniform,0.3,2,0.00018353634036660793,0.00831918977200985,0.3425487065250057,0.10276461195750167,True,732,2385
2,2,0.0,0.0,uniform,uniform,0.3,3,0.00018353634036660793,0.00831918977200985,0.23978409456750402,0.07193522837025122,True,972,3180
2,2,0.0,0.0,uniform,uniform,0.3,4,0.00018356123683815895,0.008319214607278505,0.16784905979476672,0.05035471793843005,True,1224,3975
2,2,0.0,0.0,uniform,uniform,0.3,5,0.0001835413661410712,0.008319209640224775,0.11749430313682516,0.03524829094104755,True,1497,4770
2,2,0.0,0.0,dirichlet,optimization,0.0,0,0.00018347177996957953,0.007634605101928401,0.5620218792609897,0.0,True,195,921
2,2,0.0,0.0,dirichlet,optimization,0.3,0,0.0208399494518261,0.0036280969064123383,1.6264430723087693,0.48793292169263075,True,273,885
2,2,0.0,0.0,dirichlet,optimization,0.3,1,0.027515523820485832,0.012334057213186601,1.1613703871956593,0.3484111161586979,True,477,1347
2,2,0.0,0.0,dirichlet,optimization,0.3,2,0.0001835164696721847,0.009880300429096614,0.9019390444499404,0.2705817133349821,True,687,2517
2,2,0.0,0.0,dirichlet,optimization,0.3,3,0.0001835164696721847,0.0070851481267557165,0.5196089368982932,0.15588268106948805,True,882,3411
2,2,0.0,0.0,dirichlet,optimization,0.3,4,0.00018351152136020232,0.005294835747734333,1.3674783836706352,0.4102435151011906,True,1095,4347
2,2,0.0,0.0,dirichlet,optimization,0.3,5,0.0006176849431902554,0.00859952973465783,0.7990538346141743,0.23971615038425234,True,1506,5160
2,2,0.0,0.0,dirichlet,uniform,0.0,0,0.0001835611593747899,0.00831920343140761,0.534564906355704,0.0,True,261,795
2,2,0.0,0.0,dirichlet,uniform,0.3,0,0.019364986359304837,0.014662684872746468,1.1408122177080378,0.3422436653124114,True,201,795
2,2,0.0,0.0,dirichlet,uniform,0.3,1,0.00018349165066489093,0.008319187288482984,0.7524406606717245,0.2257321982015174,True,426,1590
2,2,0.0,0.0,dirichlet,uniform,0.3,2,0.00018347177996957953,0.008319194739063581,0.5267085128161688,0.1580125538448506,True,648,2385
2,2,0.0,0.0,dirichlet,uniform,0.3,3,0.00018353634036660793,0.00831918977200985,0.36869592540734286,0.11060877762220289,True,891,3180
2,2,0.0,0.0,dirichlet,uniform,0.3,4,0.00018353634036660793,0.00831918977200985,0.25808714778513997,0.07742614433554194,True,1134,3975
2,2,0.0,0.0,dirichlet,uniform,0.3,5,0.00018356123683815895,0.008319214607278505,0.18066117126951187,0.05419835138085352,True,1362,4770
2,2,0.0,0.0,reversed,optimization,0.0,0,0.00018353634036660793,0.0078124294923155434,0.8511413105424117,0.0,True,240,660
2,2,0.0,0.0,reversed,optimization,0.3,0,0.00018353634036660793,0.0078124294923155434,0.8511413105424117,0.25534239316272345,True,240,660
2,2,0.0,0.0,reversed,optimization,0.3,1,0.00018353634036660793,0.005811454761067548,0.9523682864312562,0.28571048592937687,True,459,1392
2,2,0.0,0.0,reversed,optimization,0.3,2,0.00018353634036660793,0.004483432839568425,0.7241341372068213,0.2172402411620464,True,684,2142
2,2,0.0,0.0,reversed,optimization,0.3,3,0.00018349165066489093,0.003951399798439713,0.2609942603567308,0.0782982781070192,True,897,2550
2,2,0.0,0.0,reversed,optimization,0.3,4,0.00018348670235557307,0.0031367639182491402,0.48389338736274823,0.14516801620882452,True,1119,4065
2,2,0.0,0.0,reversed,optimization,0.3,5,0.00018353634036660793,0.0035389519862840217,1.009194645971985,0.3027583937915954,True,1392,5463
2,2,0.0,0.0,reversed,uniform,0.0,0,0.00018353634036660793,0.00831918977200985,0.7269861708911898,0.0,True,240,795
2,2,0.0,0.0,reversed,uniform,0.3,0,0.00018353634036660793,0.00831918977200985,0.7269861708911898,0.21809585126735692,True,240,795
2,2,0.0,0.0,reversed,uniform,0.3,1,0.0001834965989777615,0.00831918977200985,0.5088903196238329,0.1526670958871499,True,459,1590
2,2,0.0,0.0,reversed,uniform,0.3,2,0.00018353634036660793,0.00831918977200985,0.35622322373668297,0.10686696712100482,True,684,2385
2,2,0.0,0.0,reversed,uniform,0.3,3,0.0001834965989777615,0.00831918977200985,0.24935625661567815,0.07480687698470352,True,903,3180
2,2,0.0,0.0,reversed,uniform,0.3,4,0.0001835413661410712,0.008319209640224775,0.17454953450897703,0.05236486035269304,True,1176,3975
2,2,0.0,0.0,reversed,uniform,0.3,5,0.00018353634036660793,0.00831918977200985,0.12218451927828158,0.03665535578348443,True,1392,4770
2,2,0.3,0.0,stage0,optimization,0.0,0,0.01124452211078486,0.016857395479578277,0.5068158567302752,0.0,True,201,165
2,2,0.3,0.0,stage0,optimization,0.3,0,0.01124452211078486,0.016857395479578277,0.5068158567302752,0.15204475701908257,True,201,165
2,2,0.3,0.0,stage0,optimization,0.3,1,0.01136230763067081,0.013342426953824496,0.3846524828439427,0.11539574485318274,True,369,330
2,2,0.3,0.0,stage0,optimization,0.3,2,0.01160832095770259,0.010656904460614168,0.2828077933321922,0.08484233799965758,True,534,504
2,2,0.3,0.0,stage0,optimization,0.3,3,0.01461952973083469,0.008096033562791972,0.17662610131404705,0.05298783039421416,True,819,687
2,2,0.3,0.0,stage0,optimization,0.3,4,0.019116337094046143,0.005225001809705713,0.06378042206687629,0.019134126620062933,True,1281,861
2,2,0.3,0.0,stage0,optimization,0.3,5,0.018323613406306727,0.005035346329039149,0.056654955804323046,0.016996486741296973,True,1743,1026
2,2,0.3,0.0,stage0,uniform,0.0,0,0.01124452211078486,0.018521614993611973,0.4525484575093861,0.0,True,201,156
2,2,0.3,0.0,stage0,uniform,0.3,0,0.01124452211078486,0.018521614993611973,0.4525484575093861,0.1357645372528159,True,201,156
2,2,0.3,0.0,stage0,uniform,0.3,1,0.011306386298757687,0.018532730018099148,0.3177921935463024,0.09533765806389069,True,402,312
2,2,0.3,0.0,stage0,uniform,0.3,2,0.011392919056586681,0.018545218432943027,0.2235919289954779,0.06707757869864331,True,645,468
2,2,0.3,0.0,stage0,uniform,0.3,3,0.01155450476382569,0.018573520705103874,0.1591099288417157,0.04773297865251484,True,840,624
2,2,0.3,0.0,stage0,uniform,0.3,4,0.011813303090636218,0.01862987441321214,0.11662040963870085,0.03498612289161018,True,990,780
2,2,0.3,0.0,stage0,uniform,0.3,5,0.012293232616515604,0.018707122032841045,0.08898934170186021,0.02669680251055806,True,1209,936
2,2,0.3,0.0,uniform,optimization,0.0,0,0.011036091947952187,0.018488102282087006,0.5328176364868207,0.0,True,183,156
2,2,0.3,0.0,uniform,optimization,0.3,0,0.011036091947952187,0.018488102282087006,0.5328176364868207,0.15984529094604627,True,183,156
2,2,0.3,0.0,uniform,optimization,0.3,1,0.011053561663485922,0.014855979947273695,0.4293853058554865,0.12881559175664595,True,408,330
2,2,0.3,0.0,uniform,optimization,0.3,2,0.011277708675911047,0.011962359938980417,0.3292487442414771,0.09877462327244305,True,591,522
2,2,0.3,0.0,uniform,optimization,0.3,3,0.012160417429542436,0.009646652894920206,0.240956288384023,0.07228688651520701,True,786,705
2,2,0.3,0.0,uniform,optimization,0.3,4,0.012922506519227772,0.007799034281899158,0.16732292102927068,0.050196876308781224,True,1005,897
2,2,0.3,0.0,uniform,optimization,0.3,5,0.01919530629580002,0.004591017710722887,0.040561461879213875,0.012168438563764053,True,1413,1080
2,2,0.3,0.0,uniform,uniform,0.0,0,0.011036091947952187,0.01848810228208701,0.5328176364868211,0.0,True,183,156
2,2,0.3,0.0,uniform,uniform,0.3,0,0.011036091947952187,0.01848810228208701,0.5328176364868211,0.15984529094604627,True,183,156
2,2,0.3,0.0,uniform,uniform,0.3,1,0.011053561663485922,0.018486787254611652,0.37285464308586924,0.1118563929257608,True,408,312
2,2,0.3,0.0,uniform,uniform,0.3,2,0.011239738016970868,0.018524518236517906,0.2643961790488122,0.07931885371464362,True,579,468
2,2,0.3,0.0,uniform,uniform,0.3,3,0.011344116651686331,0.018541542813181877,0.1866247363687341,0.0559874209106202,True,750,624
2,2,0.3,0.0,uniform,uniform,0.3,4,0.01178613434012954,0.018621396894256275,0.1380163282573712,0.041404898477211335,True,933,780
2,2,0.3,0.0,uniform,uniform,0.3,5,0.011770166148878936,0.018617790813247364,0.09627384134306001,0.028882152402918054,True,1080,936
2,2,0.3,0.0,dirichlet,optimization,0.0,0,0.018155531582927042,0.012365331680889597,0.44528304428215726,0.0,True,177,441
2,2,0.3,0.0,dirichlet,optimization,0.3,0,0.009607721744454345,0.0074447176523393934,0.7985045632853701,0.2395513689856111,True,243,498
2,2,0.3,0.0,dirichlet,optimization,0.3,1,0.009824060289508108,0.007622615604290841,0.6007647673008424,0.18022943019025275,True,486,654
2,2,0.3,0.0,dirichlet,optimization,0.3,2,0.010179977195620804,0.007354386605299918,0.452493801141025,0.1357481403423075,True,645,828
2,2,0.3,0.0,dirichlet,optimization,0.3,3,0.010514722070490201,0.006842155868410657,0.3391280355364713,0.10173841066094139,True,822,1011
2,2,0.3,0.0,dirichlet,optimization,0.3,4,0.011048925613028615,0.006232630805730189,0.2517521506263522,0.07552564518790564,True,972,1176
2,2,0.3,0.0,dirichlet,optimization,0.3,5,0.012012559515541477,0.005533662639029405,0.18236776910474395,0.054710330731423104,True,1119,1341
2,2,0.3,0.0,dirichlet,uniform,0.0,0,0.03850975040825544,0.03570985607802868,,0.0,False,108,156
2,2,0.3,0.0,dirichlet,uniform,0.3,0,0.01881718589732162,0.02037453589340051,0.8289244412544452,0.24867733237633358,True,231,156
2,2,0.3,0.0,dirichlet,uniform,0.3,1,0.018763059326466935,0.020388396456837654,0.5803698491595111,0.1741109547478533,True,438,312
2,2,0.3,0.0,dirichlet,uniform,0.3,2,0.01816245521152271,0.020528517042597134,0.4075298581100825,0.12225895743302476,True,579,468
2,2,0.3,0.0,dirichlet,uniform,0.3,3,0.018105081787953115,0.020540755862991016,0.28538458666945027,0.08561537600083517,True,747,624
2,2,0.3,0.0,dirichlet,uniform,0.3,4,0.018049148839550666,0.02055468348165353,0.19989912018082956,0.05996973605424888,True,927,780
2,2,0.3,0.0,dirichlet,uniform,0.3,5,0.017998525282997946,0.020566532388329506,0.14004035669976583,0.04201210700992977,True,1092,936
2,2,0.3,0.0,reversed,optimization,0.0,0,0.010794174908365761,0.020665345302043454,0.5419867671278438,0.0,True,198,156
2,2,0.3,0.0,reversed,optimization,0.3,0,0.010794174908365761,0.020665345302043454,0.5419867671278438,0.1625960301383531,True,198,156
2,2,0.3,0.0,reversed,optimization,0.3,1,0.010924911961686767,0.017002714377793854,0.4838980158225641,0.14516940474676931,True,396,330
2,2,0.3,0.0,reversed,optimization,0.3,2,0.011014238116814568,0.013784109032089972,0.38957376644133834,0.11687212993240151,True,621,486
2,2,0.3,0.0,reversed,optimization,0.3,3,0.011232508329531488,0.011197708998511214,0.29941628654609104,0.08982488596382726,True,768,660
2,2,0.3,0.0,reversed,optimization,0.3,4,0.011753518362071391,0.009132429555165208,0.2208978112736671,0.06626934338210008,True,948,834
2,2,0.3,0.0,reversed,optimization,0.3,5,0.012546393605195938,0.007489219391820605,0.1556762363561238,0.04670287090683717,True,1095,1017
2,2,0.3,0.0,reversed,uniform,0.0,0,0.010794174908365761,0.018439724420507748,0.6335955669905873,0.0,True,198,156
2,2,0.3,0.0,reversed,uniform,0.3,0,0.010794174908365761,0.018439724420507748,0.6335955669905873,0.19007867009717622,True,198,156
2,2,0.3,0.0,reversed,uniform,0.3,1,0.011010170787236317,0.018481388067205746,0.4472126106481482,0.1341637831944444,True,411,312
2,2,0.3,0.0,reversed,uniform,0.3,2,0.011162133312830003,0.018512077008684475,0.31580427332499106,0.09474128199749732,True,558,468
2,2,0.3,0.0,reversed,uniform,0.3,3,0.011207003296898943,0.018514469886819523,0.2212790384965431,0.06638371154896294,True,705,624
2,2,0.3,0.0,reversed,uniform,0.3,4,0.01134947926990515,0.018539455408851307,0.15716167701054662,0.04714850310316403,True,870,780
2,2,0.3,0.0,reversed,uniform,0.3,5,0.011596497540741879,0.018583282207449276,0.11403526128958505,0.034210578386875495,True,1038,936
3,2,0.0,0.0,stage0,optimization,0.0,0,0.0056788381157097945,0.024204591333244947,1.0696489477062483,0.0,True,180,714
3,2,0.0,0.0,stage0,optimization,0.3,0,0.0056788381157097945,0.024204591333244947,1.0696489477062483,0.3208946843118745,True,180,714
3,2,0.0,0.0,stage0,optimization,0.3,1,0.02870468864068698,0.02383199211682739,0.2638411409423149,0.07915234228269447,True,312,1563
3,2,0.0,0.0,stage0,optimization,0.3,2,0.026337468853530055,0.020364181553000335,0.15403403886538636,0.04621021165961592,True,546,2421
3,2,0.0,0.0,stage0,optimization,0.3,3,0.02717920670327345,0.020546638728929884,0.11887019864426371,0.03566105959327914,True,774,3144
3,2,0.0,0.0,stage0,optimization,0.3,4,0.02754888911533726,0.020748883587994427,0.08923658965826708,0.02677097689748012,True,870,3822
3,2,0.0,0.0,stage0,optimization,0.3,5,0.027464259408649383,0.02071604005696158,0.06193806543311087,0.018581419629933316,True,966,4464
3,2,0.0,0.0,stage0,uniform,0.0,0,0.0056788381157097945,0.02759350339571635,0.6384143539837468,0.0,True,180,444
3,2,0.0,0.0,stage0,uniform,0.3,0,0.0056788381157097945,0.02759350339571635,0.6384143539837468,0.1915243061951241,True,180,444
3,2,0.0,0.0,stage0,uniform,0.3,1,0.006033096067913135,0.027669611076513927,0.4468900477886228,0.1340670143365868,True,303,888
3,2,0.0,0.0,stage0,uniform,0.3,2,0.006270179880118576,0.02774263670047124,0.3128230334520359,0.0938469100356108,True,501,1332
3,2,0.0,0.0,stage0,uniform,0.3,3,0.006765792796571191,0.027866410712401073,0.25218878565853226,0.0756566356975597,True,852,1776
3,2,0.0,0.0,stage0,uniform,0.3,4,0.006650223697187485,0.027839861810207367,0.1532832863914977,0.04598498591744933,True,1074,2220
3,2,0.0,0.0,stage0,uniform,0.3,5,0.006628311659328645,0.02782927205165227,0.10729830047404826,0.03218949014221444,True,1209,2664
3,2,0.0,0.0,uniform,optimization,0.0,0,0.005014975842373204,0.027393373350302376,0.6533333333333333,0.0,True,222,444
3,2,0.0,0.0,uniform,optimization,0.3,0,0.005014975842373204,0.027393373350302376,0.6533333333333333,0.19600000000000006,True,222,444
3,2,0.0,0.0,uniform,optimization,0.3,1,0.0058951423670805525,0.025468295609332718,1.216661684786156,0.36499850543584683,True,345,1248
3,2,0.0,0.0,uniform,optimization,0.3,2,0.014933661825276445,0.017821032797984845,0.1525991259069216,0.045779737772076445,True,810,1737
3,2,0.0,0.0,uniform,optimization,0.3,3,0.009233890150483148,0.011888102900008895,0.030787535956640466,0.009236260786992134,True,1263,2622
3,2,0.0,0.0,uniform,optimization,0.3,4,0.016646839343803066,0.018386290394777967,0.17122230652312592,0.05136669195693777,True,1641,3282
3,2,0.0,0.0,uniform,optimization,0.3,5,0.0293123840345757,0.02727317042545242,0.9287145292851864,0.27861435878555585,True,1818,4086
3,2,0.0,0.0,uniform,uniform,0.0,0,0.005014975842373204,0.02739337335030238,0.6533333333333333,0.0,True,222,444
3,2,0.0,0.0,uniform,uniform,0.3,0,0.005014975842373204,0.02739337335030238,0.6533333333333333,0.19600000000000006,True,222,444
3,2,0.0,0.0,uniform,uniform,0.3,1,0.0058951423670805525,0.027640844384829204,0.4573333333333332,0.13719999999999996,True,345,888
3,2,0.0,0.0,uniform,uniform,0.3,2,0.0062312220458338174,0.027720389266808827,0.3201333333333334,0.09604,True,588,1332
3,2,0.0,0.0,uniform,uniform,0.3,3,0.0066506917681827815,0.027847458918889362,0.2861561891473343,0.08584685674420035,True,792,1776
3,2,0.0,0.0,uniform,uniform,0.3,4,0.006556483443125316,0.02781488746404648,0.1612088793791301,0.04836266381373912,True,933,2220
3,2,0.0,0.0,uniform,uniform,0.3,5,0.00668229928677988,0.027843914926052094,0.14701578326287207,0.044104734978861714,True,1047,2664
3,2,0.0,0.0,dirichlet,optimization,0.0,0,0.05051061045506522,0.035546526085500144,1.1562919602190354,0.0,True,252,183
3,2,0.0,0.0,dirichlet,optimization,0.3,0,0.006416030738790823,0.01597374149673307,1.235877615410951,0.3707632846232852,True,168,966
3,2,0.0,0.0,dirichlet,optimization,0.3,1,0.006482850638811044,0.005056851656950008,0.45705381829886815,0.13711614548966047,True,639,1896
3,2,0.0,0.0,dirichlet,optimization,0.3,2,0.004807675425123392,0.02316205781182552,0.5611218870805611,0.1683365661241684,True,873,2835
3,2,0.0,0.0,dirichlet,optimization,0.3,3,0.02712141682895819,0.019372416399424365,0.26136437529431816,0.07840931258829537,True,999,3810
3,2,0.0,0.0,dirichlet,optimization,0.3,4,0.02638748485185971,0.018567718493437066,0.18742268773021253,0.05622680631906371,True,1158,4632
3,2,0.0,0.0,dirichlet,optimization,0.3,5,0.0268869961142002,0.019205583415843476,0.13980520912465996,0.04194156273739805,True,1278,5373
3,2,0.0,0.0,dirichlet,uniform,0.0,0,0.01116024005612637,0.029124905665715534,,0.0,False,192,444
3,2,0.0,0.0,dirichlet,uniform,0.3,0,0.05060352790617273,0.040084232886632286,,0.0,False,186,444
3,2,0.0,0.0,reversed,optimization,0.0,0,0.00483842331422224,0.030511227824677814,1.2928628245472673,0.0,True,198,273
3,2,0.0,0.0,reversed,optimization,0.3,0,0.00483842331422224,0.030511227824677814,1.2928628245472673,0.3878588473641802,True,198,273
3,2,0.0,0.0,reversed,optimization,0.3,1,0.02865016394354214,0.02709063746479771,0.19313774236323378,0.05794132270897012,True,318,1257
3,2,0.0,0.0,reversed,optimization,0.3,2,0.02607616335215468,0.02361385574567187,0.07424689035617749,0.02227406710685323,True,585,2124
3,2,0.0,0.0,reversed,optimization,0.3,3,0.026059273581976683,0.02286477885288226,0.05645533210723655,0.01693659963217095,True,768,2982
3,2,0.0,0.0,reversed,optimization,0.3,4,0.02574586846967719,0.022233104717254756,1.0884814726541685,0.32654444179625053,True,957,3630
3,2,0.0,0.0,reversed,optimization,0.3,5,0.0064717395024480595,0.01203751644036074,0.16089428705152242,0.04826828611545675,True,1425,4137
3,2,0.0,0.0,reversed,uniform,0.0,0,0.00483842331422224,0.027333468198776245,0.638414353983747,0.0,True,198,444
3,2,0.0,0.0,reversed,uniform,0.3,0,0.00483842331422224,0.027333468198776245,0.638414353983747,0.19152430619512414,True,198,444
3,2,0.0,0.0,reversed,uniform,0.3,1,0.005710329916952972,0.027580144504706066,0.44689004778862274,0.1340670143365868,True,339,888
3,2,0.0,0.0,reversed,uniform,0.3,2,0.006236149617889097,0.027721785008907318,0.3343185962807617,0.10029557888422855,True,480,1332
3,2,0.0,0.0,reversed,uniform,0.3,3,0.00657510334269773,0.027816566328207653,0.3014061842742581,0.09042185528227734,True,621,1776
3,2,0.0,0.0,reversed,uniform,0.3,4,0.006726391345278415,0.02785563717285792,0.2605255175093581,0.0781576552528075,True,795,2220
3,2,0.0,0.0,reversed,uniform,0.3,5,0.006740265950471169,0.027861530582110088,0.1918778166893194,0.05756334500679588,True,933,2664
3,2,0.3,0.0,stage0,optimization,0.0,0,0.003979209367912989,0.011867564630266874,0.6240067647657112,0.0,True,213,39
3,2,0.3,0.0,stage0,optimization,0.3,0,0.003979209367912989,0.011867564630266874,0.6240067647657112,0.18720202942971334,True,213,39
3,2,0.3,0.0,stage0,optimization,0.3,1,0.0039322442407970365,0.012264716998382857,0.4567717152523421,0.13703151457570262,True,390,78
3,2,0.3,0.0,stage0,optimization,0.3,2,0.003980553690442257,0.01262274833906834,0.33565774088255995,0.10069732226476794,True,576,117
3,2,0.3,0.0,stage0,optimization,0.3,3,0.00584094651328948,0.011355084881895036,0.23141664157445285,0.06942499247233584,True,924,156
3,2,0.3,0.0,stage0,optimization,0.3,4,0.00427456690599895,0.01322727404350815,0.18790389886230457,0.056371169658691364,True,1122,195
3,2,0.3,0.0,stage0,optimization,0.3,5,0.004271720321512351,0.013203230132361661,0.13675120515352518,0.041025361546057584,True,1278,234
3,2,0.3,0.0,stage0,uniform,0.0,0,0.003979209367912989,0.014852492759625116,0.6580102815108719,0.0,True,213,39
3,2,0.3,0.0,stage0,uniform,0.3,0,0.003979209367912989,0.014852492759625116,0.6580102815108719,0.19740308445326157,True,213,39
3,2,0.3,0.0,stage0,uniform,0.3,1,0.003936333577023526,0.014755157132943472,0.45963320409892483,0.1378899612296774,True,471,78
3,2,0.3,0.0,stage0,uniform,0.3,2,0.00398777624006387,0.014839867750803629,0.32259072846135056,0.09677721853840532,True,675,117
3,2,0.3,0.0,stage0,uniform,0.3,3,0.005588758167408392,0.019330189873774845,0.265432822463153,0.0796298467389458,True,828,156
3,2,0.3,0.0,stage0,uniform,0.3,4,0.0042736995229101585,0.015751365572214127,0.15545325962757692,0.046635977888273034,True,1035,195
3,2,0.3,0.0,stage0,uniform,0.3,5,0.004273839375341107,0.01575192188223203,0.10882302471075564,0.0326469074132267,True,1245,234
3,2,0.3,0.0,uniform,optimization,0.0,0,0.00384502237264793,0.014632616192102432,0.6116447106040852,0.0,True,216,39
3,2,0.3,0.0,uniform,optimization,0.3,0,0.00384502237264793,0.014632616192102432,0.6116447106040852,0.1834934131812255,True,216,39
3,2,0.3,0.0,uniform,optimization,0.3,1,0.003874708989151765,0.013932442757721973,0.43752288497796826,0.13125686549339055,True,498,78
3,2,0.3,0.0,uniform,optimization,0.3,2,0.004271545223919017,0.014531516021671631,0.32477917306764065,0.0974337519202921,True,657,117
3,2,0.3,0.0,uniform,optimization,0.3,3,0.004251460120763537,0.014131039408352163,0.2323481416842115,0.06970444250526352,True,792,156
3,2,0.3,0.0,uniform,optimization,0.3,4,0.00429260208758947,0.01383095345859886,0.16610677534480067,0.049832032603440185,True,933,195
3,2,0.3,0.0,uniform,optimization,0.3,5,0.004260495348369114,0.013592618129475176,0.11850092933757692,0.035550278801273066,True,1212,234
3,2,0.3,0.0,uniform,uniform,0.0,0,0.00384502237264793,0.014632616192102432,0.6116447106040852,0.0,True,216,39
3,2,0.3,0.0,uniform,uniform,0.3,0,0.00384502237264793,0.014632616192102432,0.6116447106040852,0.1834934131812255,True,216,39
3,2,0.3,0.0,uniform,uniform,0.3,1,0.003874708989151765,0.014276407659053802,0.4246271363994178,0.12738814091982542,True,498,78
3,2,0.3,0.0,uniform,uniform,0.3,2,0.0042741049697204575,0.015753270437320072,0.3121217281246675,0.09363651843740023,True,705,117
3,2,0.3,0.0,uniform,uniform,0.3,3,0.004264346511179934,0.015728602806727093,0.21823064794437386,0.06546919438331217,True,840,156
3,2,0.3,0.0,uniform,uniform,0.3,4,0.0043107932094502005,0.015771252413590748,0.15320171450790337,0.04596051435237104,True,1032,195
3,2,0.3,0.0,uniform,uniform,0.3,5,0.004259110076131903,0.0156959630548954,0.10646442739459921,0.03193932821837969,True,1191,234
3,2,0.3,0.0,dirichlet,optimization,0.0,0,0.004320349493078288,0.014691489395846928,0.2525180607735016,0.0,True,141,39
3,2,0.3,0.0,dirichlet,optimization,0.3,0,0.003998148072660634,0.010028087247409612,0.5102287961910529,0.15306863885731584,True,210,39
3,2,0.3,0.0,dirichlet,optimization,0.3,1,0.003984039195462558,0.01099957076949441,0.3640662806962392,0.1092198842088717,True,540,78
3,2,0.3,0.0,dirichlet,optimization,0.3,2,0.0032115105847900886,0.012825347548761403,0.2668318820427501,0.08004956461282509,True,657,117
3,2,0.3,0.0,dirichlet,optimization,0.3,3,0.004274227703145506,0.012344451167800669,0.1849191921502458,0.05547575764507376,True,876,156
3,2,0.3,0.0,dirichlet,optimization,0.3,4,0.0042737731578425114,0.012585642579836994,0.1316598087559427,0.03949794262678282,True,1050,195
3,2,0.3,0.0,dirichlet,optimization,0.3,5,0.004273882489711736,0.012741017690759781,0.0936952453608163,0.028108573608244876,True,1236,234
3,2,0.3,0.0,dirichlet,uniform,0.0,0,0.025547267121854067,0.019668225198984146,0.63811216344942,0.0,True,219,39
3,2,0.3,0.0,dirichlet,uniform,0.3,0,0.004237018090267608,0.015676668534676235,1.0187706600571562,0.3056311980171468,True,192,39
3,2,0.3,0.0,dirichlet,uniform,0.3,1,0.004055728073768569,0.01496869201461474,0.7088759375273985,0.21266278125821955,True,381,78
3,2,0.3,0.0,dirichlet,uniform,0.3,2,0.003954519556482974,0.01478500043352445,0.49512302950279646,0.14853690885083892,True,645,117
3,2,0.3,0.0,dirichlet,uniform,0.3,3,0.0040396123897563085,0.01493081326285998,0.34745091823202595,0.10423527546960776,True,915,156
3,2,0.3,0.0,dirichlet,uniform,0.3,4,0.005655923810433172,0.014276965210835138,0.2393696193912752,0.07181088581738257,True,1197,195
3,2,0.3,0.0,dirichlet,uniform,0.3,5,0.004273477795947833,0.015750796844561894,0.17634580614845796,0.05290374184453736,True,1410,234
3,2,0.3,0.0,reversed,optimization,0.0,0,0.005357521168287194,0.015782265112002158,0.6648661454176303,0.0,True,249,39
3,2,0.3,0.0,reversed,optimization,0.3,0,0.005357521168287194,0.015782265112002158,0.6648661454176303,0.19945984362528915,True,249,39
3,2,0.3,0.0,reversed,optimization,0.3,1,0.005794969362946212,0.013372779841344279,0.45860606632736894,0.1375818198982106,True,573,78
3,2,0.3,0.0,reversed,optimization,0.3,2,0.005760548872567606,0.012505166296994538,0.3242213704505534,0.09726641113516601,True,837,117
3,2,0.3,0.0,reversed,optimization,0.3,3,0.006196716706981076,0.01080033837422132,0.2184378688461885,0.06553136065385654,True,1071,156
3,2,0.3,0.0,reversed,optimization,0.3,4,0.0016828831134088063,0.006533591560704359,0.11889802610222222,0.03566940783066673,True,1422,195
3,2,0.3,0.0,reversed,optimization,0.3,5,0.005853597850644654,0.010613757192383487,0.123956673172189,0.037187001951656654,True,1701,234
3,2,0.3,0.0,reversed,uniform,0.0,0,0.005357521168287194,0.012980940441290537,0.6398089434317755,0.0,True,249,39
3,2,0.3,0.0,reversed,uniform,0.3,0,0.005357521168287194,0.012980940441290537,0.6398089434317755,0.19194268302953268,True,249,39
3,2,0.3,0.0,reversed,uniform,0.3,1,0.0006611511546381621,0.006937336176633835,0.39581714827602726,0.11874514448280812,True,579,78
3,2,0.3,0.0,reversed,uniform,0.3,2,0.005698914885911677,0.01153833419084549,0.3158115923196206,0.09474347769588612,True,879,117
3,2,0.3,0.0,reversed,uniform,0.3,3,0.005877584915938594,0.012017752975225449,0.22542476230644157,0.06762742869193251,True,1182,156
3,2,0.3,0.0,reversed,uniform,0.3,4,0.005618947301646637,0.012459142754475275,0.1618664345443893,0.048559930363316836,True,1323,195
3,2,0.3,0.0,reversed,uniform,0.3,5,0.005870484320552372,0.011153943836688995,0.10143412496057228,0.030430237488171613,True,1710,234
4,2,0.0,0.0,stage0,optimization,0.0,0,0.019001633870175283,0.01749102672078054,0.6322110157023599,0.0,True,120,138
4,2,0.0,0.0,stage0,optimization,0.3,0,0.019001633870175283,0.01749102672078054,0.6322110157023599,0.18966330471070805,True,120,138
4,2,0.0,0.0,stage0,optimization,0.3,1,0.03463985172303907,0.016631428014920804,1.0368525488412061,0.31105576465236184,True,546,285
4,2,0.0,0.0,stage0,optimization,0.3,2,0.01776243551715595,0.019147682907614778,0.5895305802327347,0.1768591740698204,True,837,477
4,2,0.0,0.0,stage0,optimization,0.3,3,0.022699578696267153,0.01438813452825059,0.322679550985295,0.09680386529558849,True,1059,660
4,2,0.0,0.0,stage0,optimization,0.3,4,0.046215253171112636,0.02015623667967491,0.286640246727418,0.08599207401822541,True,1218,753
4,2,0.0,0.0,stage0,optimization,0.3,5,0.04608686004233853,0.018833095282183236,0.19413473422875357,0.058240420268626095,True,1356,1125
4,2,0.0,0.0,stage0,uniform,0.0,0,0.019001633870175283,0.01725243280331294,0.6279705957945676,0.0,True,120,183
4,2,0.0,0.0,stage0,uniform,0.3,0,0.019001633870175283,0.01725243280331294,0.6279705957945676,0.18839117873837033,True,120,183
4,2,0.0,0.0,stage0,uniform,0.3,1,0.04454642708963874,0.02379928280909856,0.45952934407048834,0.13785880322114644,True,345,366
4,2,0.0,0.0,stage0,uniform,0.3,2,0.04580696870534773,0.024393575886885326,0.32167054084934193,0.09650116225480262,True,522,549
4,2,0.0,0.0,stage0,uniform,0.3,3,0.04543104739699899,0.024225694437821705,0.22516937859453928,0.06755081357836179,True,633,732
4,2,0.0,0.0,stage0,uniform,0.3,4,0.04526456397422862,0.02415197342634201,0.1576185650161775,0.04728556950485326,True,720,915
4,2,0.0,0.0,stage0,uniform,0.3,5,0.045421316161089464,0.024316494663556416,0.11033299551132433,0.03309989865339726,True,807,1098
4,2,0.0,0.0,uniform,optimization,0.0,0,0.019435003960637687,0.016787951191266377,0.687326377398064,0.0,True,213,183
4,2,0.0,0.0,uniform,optimization,0.3,0,0.019435003960637687,0.016787951191266377,0.687326377398064,0.20619791321941924,True,213,183
4,2,0.0,0.0,uniform,optimization,0.3,1,0.01944435689392776,0.019557559921095487,0.4525559745481682,0.13576679236445058,True,348,357
4,2,0.0,0.0,uniform,optimization,0.3,2,0.04606667777434481,0.019426756366391636,0.31841290768208924,0.09552387230462678,True,507,513
4,2,0.0,0.0,uniform,optimization,0.3,3,0.046066945611386245,0.0180235752499798,0.20883205033566063,0.06264961510069815,True,663,597
4,2,0.0,0.0,uniform,optimization,0.3,4,0.04606366101656789,0.017352748061176933,0.12027604043099362,0.03608281212929808,True,840,1014
4,2,0.0,0.0,uniform,optimization,0.3,5,0.04606377819031415,0.016968383558069913,0.08318278630620127,0.024954835891860358,True,1041,1098
4,2,0.0,0.0,uniform,uniform,0.0,0,0.019435003960637687,0.016787951191266377,0.687326377398064,0.0,True,213,183
4,2,0.0,0.0,uniform,uniform,0.3,0,0.019435003960637687,0.016787951191266377,0.687326377398064,0.20619791321941924,True,213,183
4,2,0.0,0.0,uniform,uniform,0.3,1,0.01944435689392776,0.016804620623588562,0.4813692544230392,0.1444107763269118,True,348,366
4,2,0.0,0.0,uniform,uniform,0.3,2,0.04606470796590045,0.02435345947742462,0.40040500451889954,0.12012150135566986,True,507,549
4,2,0.0,0.0,uniform,uniform,0.3,3,0.04695391642976077,0.024223268032073975,0.27940673245923914,0.08382201973777176,True,765,732
4,2,0.0,0.0,uniform,uniform,0.3,4,0.04624762149762773,0.02432225892941157,0.1962510335760973,0.058875310072829215,True,900,915
4,2,0.0,0.0,uniform,uniform,0.3,5,0.04590685028073693,0.024448367456595104,0.13822762001187894,0.041468286003563636,True,1005,1098
4,2,0.0,0.0,dirichlet,optimization,0.0,0,0.006255596035998678,0.006907802731356361,0.9609038496699207,0.0,True,156,507
4,2,0.0,0.0,dirichlet,optimization,0.3,0,0.006865682769221948,0.0019938626506406398,1.3413745497676297,0.40241236493028887,True,246,174
4,2,0.0,0.0,dirichlet,optimization,0.3,1,0.00027881579370259146,0.01125181027117999,0.9030119460311681,0.2709035838093504,True,462,339
4,2,0.0,0.0,dirichlet,optimization,0.3,2,0.0013323348495806187,0.018198684011618987,0.6196466973179671,0.18589400919539006,True,678,504
4,2,0.0,0.0,dirichlet,optimization,0.3,3,0.0011082302770262231,0.012918676141400957,0.7857088258706746,0.23571264776120238,True,987,669
4,2,0.0,0.0,dirichlet,optimization,0.3,4,0.0022813959921919036,0.020243002880049505,0.6285601897415201,0.188568056922456,True,1158,843
4,2,0.0,0.0,dirichlet,optimization,0.3,5,0.031234387708522604,0.012619443945132352,0.3259343975994862,0.09778031927984589,True,1434,1044
4,2,0.0,0.0,dirichlet,uniform,0.0,0,0.046066871707594714,0.024353891611099243,0.1890448068937956,0.0,True,138,183
4,2,0.0,0.0,dirichlet,uniform,0.3,0,0.015433883908823276,0.017385023335615795,1.0245554167080655,0.3073666250124196,True,171,183
4,2,0.0,0.0,dirichlet,uniform,0.3,1,0.005952794056419464,0.01269260048866272,0.6595327456219273,0.19785982368657812,True,390,366
4,2,0.0,0.0,dirichlet,uniform,0.3,2,0.04924385914586438,0.023044630885124207,0.537492142888738,0.16124764286662147,True,483,549
4,2,0.0,0.0,dirichlet,uniform,0.3,3,0.04639522546012209,0.024567005534966786,0.3762445000221165,0.1128733500066349,True,591,732
4,2,0.0,0.0,dirichlet,uniform,0.3,4,0.04588246477365132,0.02438837041457494,0.2633711500154815,0.07901134500464442,True,807,915
4,2,0.0,0.0,dirichlet,uniform,0.3,5,0.045493661809477004,0.02425071845451991,0.18435980501083718,0.05530794150325123,True,999,1098
4,2,0.0,0.0,reversed,optimization,0.0,0,0.017561055720122454,0.014802715688828467,0.806586565561441,0.0,True,144,174
4,2,0.0,0.0,reversed,optimization,0.3,0,0.017561055720122454,0.014802715688828467,0.806586565561441,0.24197596966843235,True,144,174
4,2,0.0,0.0,reversed,optimization,0.3,1,0.018826881037062648,0.018703562769920495,0.584653900336975,0.1753961701010925,True,363,339
4,2,0.0,0.0,reversed,optimization,0.3,2,0.013655632615078517,0.018034437047604365,0.37396857368948844,0.11219057210684652,True,531,495
4,2,0.0,0.0,reversed,optimization,0.3,3,0.04840734128051416,0.017739885784718933,0.25331306355050137,0.07599391906515052,True,969,588
4,2,0.0,0.0,reversed,optimization,0.3,4,0.04607002421150774,0.018549159862142447,0.9880426472499685,0.29641279417499056,True,1137,681
4,2,0.0,0.0,reversed,optimization,0.3,5,0.010170843952723274,0.01776037692695956,0.43769485662294816,0.13130845698688437,True,1455,873
4,2,0.0,0.0,reversed,uniform,0.0,0,0.017561055720122454,0.01607349266608556,0.8576274868650571,0.0,True,144,183
4,2,0.0,0.0,reversed,uniform,0.3,0,0.017561055720122454,0.01607349266608556,0.8576274868650571,0.25728824605951717,True,144,183
4,2,0.0,0.0,reversed,uniform,0.3,1,0.018667773196108683,0.01651853819688161,0.6066350112876395,0.18199050338629183,True,366,366
4,2,0.0,0.0,reversed,uniform,0.3,2,0.022900151272963853,0.014180665214856466,0.3928189989057681,0.11784569967173045,True,780,549
4,2,0.0,0.0,reversed,uniform,0.3,3,0.046063744755089786,0.024353029827276867,0.3743516425382283,0.11230549276146844,True,990,732
4,2,0.0,0.0,reversed,uniform,0.3,4,0.04606374460456664,0.024353037277857464,0.26204620005569446,0.0786138600167084,True,1209,915
4,2,0.0,0.0,reversed,uniform,0.3,5,0.046112856312072736,0.02435152729352315,0.18342215041836474,0.0550266451255095,True,1350,1098
4,2,0.3,0.0,stage0,optimization,0.0,0,0.0026949937854023713,0.008098883545005747,0.6679060281852519,0.0,True,126,435
4,2,0.3,0.0,stage0,optimization,0.3,0,0.0026949937854023713,0.008098883545005747,0.6679060281852519,0.20037180845557553,True,126,435
4,2,0.3,0.0,stage0,optimization,0.3,1,0.0070457377188896525,0.008484707520725438,0.4635904057445157,0.13907712172335482,True,441,618
4,2,0.3,0.0,stage0,optimization,0.3,2,0.007086495139380431,0.009338376776955972,0.3342038020592967,0.1002611406177889,True,582,900
4,2,0.3,0.0,stage0,optimization,0.3,3,0.007088234379486996,0.009651299053493883,0.23394266144150777,0.07018279843245227,True,738,1452
4,2,0.3,0.0,stage0,optimization,0.3,4,0.007087534092185347,0.010019969748111172,0.1802886858544355,0.054086605756330564,True,939,1761
4,2,0.3,0.0,stage0,optimization,0.3,5,0.007096881879715805,0.010409199474126319,0.16173163105673447,0.04851948931702036,True,1077,2268
4,2,0.3,0.0,stage0,uniform,0.0,0,0.0026949937854023713,0.008873198181390762,0.673652732238227,0.0,True,126,462
4,2,0.3,0.0,stage0,uniform,0.3,0,0.0026949937854023713,0.008873198181390762,0.673652732238227,0.20209581967146806,True,126,462
4,2,0.3,0.0,stage0,uniform,0.3,1,0.005932017376864884,0.006579166899124782,0.3199197439141858,0.09597592317425582,True,375,924
4,2,0.3,0.0,stage0,uniform,0.3,2,0.0010710774576666582,0.008618291467428207,0.37098274249456886,0.11129482274837063,True,522,1386
4,2,0.3,0.0,stage0,uniform,0.3,3,0.007367567996707791,0.01118389144539833,0.2642861666441324,0.07928584999323968,True,825,1848
4,2,0.3,0.0,stage0,uniform,0.3,4,0.00708823733379506,0.011881827066342035,0.18500031665089273,0.05550009499526788,True,1008,2310
4,2,0.3,0.0,stage0,uniform,0.3,5,0.007088551963364236,0.011882539838552475,0.12950022165562491,0.038850066496687395,True,1194,2772
4,2,0.3,0.0,uniform,optimization,0.0,0,0.003036737312272393,0.00869031623005867,0.6533333333333334,0.0,True,201,462
4,2,0.3,0.0,uniform,optimization,0.3,0,0.003036737312272393,0.00869031623005867,0.6533333333333334,0.19600000000000006,True,201,462
4,2,0.3,0.0,uniform,optimization,0.3,1,0.003042625902380294,0.009870593441937756,0.4573333333333332,0.13719999999999996,True,381,1248
4,2,0.3,0.0,uniform,optimization,0.3,2,0.003267575750250575,0.010565116767867654,0.3201333333333334,0.09604000000000001,True,651,1989
4,2,0.3,0.0,uniform,optimization,0.3,3,0.016519368741473528,0.00559757027623173,0.04995971558833574,0.014987914676500763,True,813,2523
4,2,0.3,0.0,uniform,optimization,0.3,4,0.005266783800111918,0.009602051668268257,0.22373944859574768,0.06712183457872437,True,1281,3210
4,2,0.3,0.0,uniform,optimization,0.3,5,0.016165733887442357,0.005052808184354905,0.1011024592764756,0.030330737782942638,True,1680,4050
4,2,0.3,0.0,uniform,uniform,0.0,0,0.003036737312272393,0.00869031623005867,0.6533333333333334,0.0,True,201,462
4,2,0.3,0.0,uniform,uniform,0.3,0,0.003036737312272393,0.00869031623005867,0.6533333333333334,0.19600000000000006,True,201,462
4,2,0.3,0.0,uniform,uniform,0.3,1,0.003042625902380294,0.008699992050727209,0.45733333333333337,0.1372,True,381,924
4,2,0.3,0.0,uniform,uniform,0.3,2,0.003194575297027826,0.008598048239946365,0.31365302783359655,0.09409590835007897,True,561,1386
4,2,0.3,0.0,uniform,uniform,0.3,3,0.013942567487605029,0.009710226207971573,0.22603742498325435,0.06781122749497633,True,870,1848
4,2,0.3,0.0,uniform,uniform,0.3,4,0.013914193144234366,0.010977967331806818,0.15822619748827796,0.04746785924648338,True,1095,2310
4,2,0.3,0.0,uniform,uniform,0.3,5,0.013374051837249601,0.010946359485387802,0.11075833824179462,0.03322750147253834,True,1404,2772
4,2,0.3,0.0,dirichlet,optimization,0.0,0,0.007020510786813816,0.00527919153226637,0.1520281104206578,0.0,True,300,345
4,2,0.3,0.0,dirichlet,optimization,0.3,0,0.004002798678713438,0.006440020267793313,0.7932781669295872,0.23798345007887614,True,258,687
4,2,0.3,0.0,dirichlet,optimization,0.3,1,0.006772502020936988,0.005482730477623788,0.4776962654645371,0.14330887963936106,True,483,1122
4,2,0.3,0.0,dirichlet,optimization,0.3,2,0.0031556244950488345,0.009312611610004332,0.5575023046298808,0.16725069138896423,True,678,1647
4,2,0.3,0.0,dirichlet,optimization,0.3,3,0.003109566434786687,0.010359860396219193,0.3902516132409165,0.11707548397227491,True,798,2496
4,2,0.3,0.0,dirichlet,optimization,0.3,4,0.003071239563372019,0.011048102731801356,0.27317612926864154,0.08195283878059247,True,975,3048
4,2,0.3,0.0,dirichlet,optimization,0.3,5,0.016722144738307243,0.00523897307144969,0.06686207556934327,0.02005862267080305,True,1431,3609
4,2,0.3,0.0,dirichlet,uniform,0.0,0,0.005900881864005281,0.006845838079849879,0.8105540596661034,0.0,True,471,462
4,2,0.3,0.0,dirichlet,uniform,0.3,0,0.007095249624307,0.011890583982070288,0.8243376725308379,0.24730130175925136,True,126,462
4,2,0.3,0.0,dirichlet,uniform,0.3,1,0.007087451447546666,0.011879986772934595,0.5770363707715864,0.1731109112314759,True,264,924
4,2,0.3,0.0,dirichlet,uniform,0.3,2,0.007087432785489262,0.011880731830994288,0.4039254595401107,0.12117763786203331,True,378,1386
4,2,0.3,0.0,dirichlet,uniform,0.3,3,0.007087581294092208,0.01188044622540474,0.2827478216780774,0.08482434650342316,True,567,1848
4,2,0.3,0.0,dirichlet,uniform,0.3,4,0.007086777793607578,0.011874902993440628,0.19792347517465414,0.05937704255239616,True,690,2310
4,2,0.3,0.0,dirichlet,uniform,0.3,5,0.007093554333831589,0.011888843029737473,0.138546432622258,0.041563929786677514,True,819,2772
4,2,0.3,0.0,reversed,optimization,0.0,0,0.005918497738561013,0.005175680375613483,0.4344619277739761,0.0,True,468,498
4,2,0.3,0.0,reversed,optimization,0.3,0,0.005918497738561013,0.005175680375613483,0.4344619277739761,0.13033857833219284,True,468,498
4,2,0.3,0.0,reversed,optimization,0.3,1,0.0067950518336862276,0.005340752163327564,0.3133962018351199,0.09401886055053593,True,801,1032
4,2,0.3,0.0,reversed,optimization,0.3,2,0.0049580010930432294,0.0068109593977430235,0.28114885949669,0.084344657849007,True,1032,1827
4,2,0.3,0.0,reversed,optimization,0.3,3,0.006849136993410887,0.006854490645711338,0.20110233199132593,0.06033069959739776,True,1215,2514
4,2,0.3,0.0,reversed,optimization,0.3,4,0.008450607795199794,0.005710747228469484,0.08798021862131583,0.026394065586394705,True,1515,3048
4,2,0.3,0.0,reversed,optimization,0.3,5,0.00812891563748619,0.005592381397010747,0.05905581985044145,0.01771674595513245,True,1719,3384
4,2,0.3,0.0,reversed,uniform,0.0,0,0.005918497738561013,0.006573201467593511,0.6089295115221509,0.0,True,468,462
4,2,0.3,0.0,reversed,uniform,0.3,0,0.005918497738561013,0.006573201467593511,0.6089295115221509,0.18267885345664533,True,468,462
4,2,0.3,0.0,reversed,uniform,0.3,1,0.00606694505066252,0.0066263514260451,0.4284454225019032,0.12853362675057095,True,642,924
4,2,0.3,0.0,reversed,uniform,0.3,2,0.00706252451521161,0.008103871097167334,0.3734230189986156,0.11202690569958462,True,900,1386
4,2,0.3,0.0,reversed,uniform,0.3,3,0.006038456260150427,0.00637370968858401,0.17767851669535595,0.05330355500860687,True,1344,1848
4,2,0.3,0.0,reversed,uniform,0.3,4,0.003088252464908684,0.008658867329359055,0.25768748239928146,0.07730624471978444,True,1485,2310
4,2,0.3,0.0,reversed,uniform,0.3,5,0.012838390699875468,0.009352362404266993,0.18222391821553707,0.05466717546466114,True,1791,2772
5,2,0.0,0.0,stage0,optimization,0.0,0,0.020687201551179868,0.020659672989402158,1.2276254861541585,0.0,True,222,1152
5,2,0.0,0.0,stage0,optimization,0.3,0,0.020687201551179868,0.020659672989402158,1.2276254861541585,0.3682876458462474,True,222,1152
5,2,0.0,0.0,stage0,optimization,0.3,1,0.0206872425988065,0.014586190996860154,0.8593378403079108,0.2578013520923732,True,420,1605
5,2,0.0,0.0,stage0,optimization,0.3,2,0.0206872425988065,0.010334752388602774,,0.0,False,591,3186
5,2,0.0,0.0,stage0,uniform,0.0,0,0.020687201551179868,0.020736179624994595,1.0416085049701036,0.0,True,222,894
5,2,0.0,0.0,stage0,uniform,0.3,0,0.020687201551179868,0.020736179624994595,1.0416085049701036,0.312482551491031,True,222,894
5,2,0.0,0.0,stage0,uniform,0.3,1,0.0206872425988065,0.020736174657940865,0.7291258582478981,0.21873775747436933,True,426,1788
5,2,0.0,0.0,stage0,uniform,0.3,2,0.0206872425988065,0.020736174657940865,0.5103881007735288,0.15311643023205873,True,657,2682
5,2,0.0,0.0,stage0,uniform,0.3,3,0.0206872425988065,0.020736174657940865,0.3572716705414701,0.10718150116244096,True,891,3576
5,2,0.0,0.0,stage0,uniform,0.3,4,0.0206872425988065,0.020736174657940865,0.2500901693790291,0.07502705081370871,True,1116,4470
5,2,0.0,0.0,stage0,uniform,0.3,5,0.0206872425988065,0.020736174657940865,0.17506311856532042,0.0525189355695961,True,1278,5364
5,2,0.0,0.0,uniform,optimization,0.0,0,0.020118267428521186,0.020471783354878426,1.3066666666666666,0.0,True,219,156
5,2,0.0,0.0,uniform,optimization,0.3,0,0.020118267428521186,0.020471783354878426,1.3066666666666666,0.392,True,219,156
5,2,0.0,0.0,uniform,optimization,0.3,1,0.03486096547035977,0.01773261838033795,0.7673084139137922,0.23019252417413763,True,363,645
5,2,0.0,0.0,uniform,optimization,0.3,2,0.02067061891951738,0.015544701453393001,0.5404647649502794,0.16213942948508392,True,558,1404
5,2,0.0,0.0,uniform,optimization,0.3,3,0.0206872425988065,0.012800211856196383,0.5709709123561288,0.17129127370683866,True,795,2415
5,2,0.0,0.0,uniform,optimization,0.3,4,0.0206872425988065,0.010435748260811634,1.0209565606993936,0.3062869682098181,True,1002,3747
5,2,0.0,0.0,uniform,optimization,0.3,5,0.03488171715073385,0.010916908397803276,0.8096872817946119,0.24290618453838358,True,1353,4419
5,2,0.0,0.0,uniform,uniform,0.0,0,0.020118267428521186,0.020471783354878426,1.1156126879870334,0.0,True,219,894
5,2,0.0,0.0,uniform,uniform,0.3,0,0.020118267428521186,0.020471783354878426,1.1156126879870334,0.33468380639611006,True,219,894
5,2,0.0,0.0,uniform,uniform,0.3,1,0.0206872425988065,0.020736174657940865,0.7859657838553276,0.2357897351565982,True,405,1788
5,2,0.0,0.0,uniform,uniform,0.3,2,0.0205560313734523,0.020673242087165516,0.5489713006623713,0.16469139019871137,True,537,2682
5,2,0.0,0.0,uniform,uniform,0.3,3,0.0206872425988065,0.020736174657940865,0.38548465850001795,0.11564539755000543,True,744,3576
5,2,0.0,0.0,uniform,uniform,0.3,4,0.0206872425988065,0.020736174657940865,0.26983926095001254,0.08095177828500368,True,954,4470
5,2,0.0,0.0,uniform,uniform,0.3,5,0.0206872425988065,0.020736174657940865,0.18888748266500882,0.05666624479950261,True,1152,5364
5,2,0.0,0.0,dirichlet,optimization,0.0,0,0.020687181693682888,0.007940029549785685,1.8791782893368878,0.0,True,240,1038
5,2,0.0,0.0,dirichlet,optimization,0.3,0,0.031757029149982685,0.025726825796021185,1.17444904024542,0.35233471207362593,True,306,993
5,2,0.0,0.0,dirichlet,optimization,0.3,1,0.0206872425988065,0.024751743955022464,0.822114328171794,0.24663429845153811,True,528,1914
5,2,0.0,0.0,dirichlet,optimization,0.3,2,0.02021820278862574,0.01977359002584293,0.5754800297202558,0.17264400891607676,True,711,2817
5,2,0.0,0.0,dirichlet,optimization,0.3,3,0.0206872425988065,0.016879285804535304,0.4028360208041791,0.12085080624125383,True,939,3729
5,2,0.0,0.0,dirichlet,optimization,0.3,4,0.0206872425988065,0.014181680252214748,0.33901081528246235,0.10170324458473874,True,1179,4515
5,2,0.0,0.0,dirichlet,optimization,0.3,5,0.0206872425988065,0.012102332656739097,0.21578829280153772,0.06473648784046135,True,1404,5199
5,2,0.0,0.0,dirichlet,uniform,0.0,0,0.03218954320666523,0.02453043746451537,1.1536822104088253,0.0,True,222,894
5,2,0.0,0.0,dirichlet,uniform,0.3,0,0.023324219297915505,0.021222220733761787,0.8017522753385031,0.240525682601551,True,186,894
5,2,0.0,0.0,dirichlet,uniform,0.3,1,0.020687179028422875,0.02073618955910206,0.5517974577918273,0.16553923733754822,True,384,1788
5,2,0.0,0.0,dirichlet,uniform,0.3,2,0.0206872425988065,0.020736174657940865,0.38625793476068715,0.11587738042820611,True,597,2682
5,2,0.0,0.0,dirichlet,uniform,0.3,3,0.0206872425988065,0.020736174657940865,0.2703805543324811,0.0811141662997443,True,825,3576
5,2,0.0,0.0,dirichlet,uniform,0.3,4,0.0206872425988065,0.020736174657940865,0.18926638803273677,0.05677991640982101,True,1023,4470
5,2,0.0,0.0,dirichlet,uniform,0.3,5,0.0206872425988065,0.020736174657940865,0.13248647162291577,0.03974594148687477,True,1227,5364
5,2,0.0,0.0,reversed,optimization,0.0,0,0.0206872425988065,0.02226856195504205,,0.0,False,201,1620
5,2,0.0,0.0,reversed,optimization,0.3,0,0.0206872425988065,0.02226856195504205,,0.0,False,201,1620
5,2,0.0,0.0,reversed,uniform,0.0,0,0.0206872425988065,0.020736174657940865,1.2383354415761971,0.0,True,201,894
5,2,0.0,0.0,reversed,uniform,0.3,0,0.0206872425988065,0.020736174657940865,1.2383354415761971,0.3715006324728591,True,201,894
5,2,0.0,0.0,reversed,uniform,0.3,1,0.0206872425988065,0.020736174657940865,0.866834809103338,0.2600504427310014,True,414,1788
5,2,0.0,0.0,reversed,uniform,0.3,2,0.0206872425988065,0.020736174657940865,0.6067843663723367,0.18203530991170105,True,621,2682
5,2,0.0,0.0,reversed,uniform,0.3,3,0.0206872425988065,0.020736174657940865,0.4247490564606356,0.12742471693819066,True,834,3576
5,2,0.0,0.0,reversed,uniform,0.3,4,0.0206872425988065,0.020736174657940865,0.29732433952244497,0.08919730185673351,True,1056,4470
5,2,0.0,0.0,reversed,uniform,0.3,5,0.0206872425988065,0.020736174657940865,0.20812703766571145,0.062438111299713425,True,1257,5364
5,2,0.3,0.0,stage0,optimization,0.0,0,0.011941635763757397,0.00045451938624381646,0.3481332148329148,0.0,True,342,75
5,2,0.3,0.0,stage0,optimization,0.3,0,0.011941635763757397,0.00045451938624381646,0.3481332148329148,0.10443996444987447,True,342,75
5,2,0.3,0.0,stage0,optimization,0.3,1,0.011589873803583117,0.0005561611049490006,0.2182635984155208,0.06547907952465626,True,711,168
5,2,0.3,0.0,stage0,optimization,0.3,2,0.011809612552445614,0.00043404865202707277,0.1362059233223832,0.040861776996715005,True,1050,243
5,2,0.3,0.0,stage0,optimization,0.3,3,0.00553990951409844,0.0070993264552236856,0.1958144057929548,0.05874432173788646,True,1227,318
5,2,0.3,0.0,stage0,optimization,0.3,4,0.005139162267770558,0.007052634397500525,0.11852870428981752,0.03555861128694526,True,1350,690
5,2,0.3,0.0,stage0,optimization,0.3,5,0.004991669045290692,0.006967095148596342,0.07581145314530796,0.02274343594359235,True,1476,783
5,2,0.3,0.0,stage0,uniform,0.0,0,0.011941635763757397,0.0005611640711625417,0.3744481826112843,0.0,True,342,93
5,2,0.3,0.0,stage0,uniform,0.3,0,0.011941635763757397,0.0005611640711625417,0.3744481826112843,0.11233445478338522,True,342,93
5,2,0.3,0.0,stage0,uniform,0.3,1,0.011827396569374926,0.0005857131133476893,0.26251198365792205,0.07875359509737662,True,657,186
5,2,0.3,0.0,stage0,uniform,0.3,2,0.01169388164484264,0.0006135261307160059,0.1842104185063374,0.055263125551901215,True,1062,279
5,2,0.3,0.0,stage0,uniform,0.3,3,0.005254526472367793,0.008763408288359642,0.3141008311055396,0.09423024933166185,True,1254,372
5,2,0.3,0.0,stage0,uniform,0.3,4,0.004829420669135942,0.00909042793015639,0.23041349468873928,0.06912404840662181,True,1428,465
5,2,0.3,0.0,stage0,uniform,0.3,5,0.004509529674532331,0.009359071031212807,0.1702088150634537,0.051062644519036055,True,1548,558
5,2,0.3,0.0,uniform,optimization,0.0,0,0.013584153072989658,0.006839662790298462,0.596312967624328,0.0,True,174,93
5,2,0.3,0.0,uniform,optimization,0.3,0,0.013584153072989658,0.006839662790298462,0.596312967624328,0.17889389028729835,True,174,93
5,2,0.3,0.0,uniform,optimization,0.3,1,0.011587933985669707,0.0005573580516715613,0.23785148741728618,0.07135544622518586,True,486,177
5,2,0.3,0.0,uniform,optimization,0.3,2,0.011414354352382361,0.000579502175593122,0.151645152487743,0.045493545746322916,True,879,252
5,2,0.3,0.0,uniform,optimization,0.3,3,0.011740709034432584,0.0004517021992244048,0.09650949575951642,0.028952848727854974,True,1209,336
5,2,0.3,0.0,uniform,optimization,0.3,4,0.00534988150473481,0.007037767230991157,0.1708161974606343,0.05124485923819022,True,1356,411
5,2,0.3,0.0,uniform,optimization,0.3,5,0.005080826036653718,0.0069722813603419025,0.18790850065664286,0.05637255019699294,True,1503,495
5,2,0.3,0.0,uniform,uniform,0.0,0,0.013584153072989658,0.006839662790298462,0.5963129676243277,0.0,True,174,93
5,2,0.3,0.0,uniform,uniform,0.3,0,0.013584153072989658,0.006839662790298462,0.5963129676243277,0.1788938902872983,True,174,93
5,2,0.3,0.0,uniform,uniform,0.3,1,0.011587933985669707,0.0006364540507396063,0.2884490727452412,0.08653472182357236,True,486,186
5,2,0.3,0.0,uniform,uniform,0.3,2,0.011655053418134553,0.0006225177397330602,0.2016873797856314,0.06050621393568939,True,879,279
5,2,0.3,0.0,uniform,uniform,0.3,3,0.005294750166918938,0.00873232570787271,0.3252037294275576,0.09756111882826735,True,1074,372
5,2,0.3,0.0,uniform,uniform,0.3,4,0.004834693813762669,0.009086734925707182,0.23904921192136347,0.07171476357640905,True,1215,465
5,2,0.3,0.0,uniform,uniform,0.3,5,0.0045128060476526954,0.00935595544675986,0.1762699618939615,0.052880988568188514,True,1335,558
5,2,0.3,0.0,dirichlet,optimization,0.0,0,0.013847219466832428,0.0013953290940818938,1.5909112255694655,0.0,True,222,432
5,2,0.3,0.0,dirichlet,optimization,0.3,0,0.011607742507859342,0.0007011735525766839,0.8049296721082104,0.2414789016324632,True,348,390
5,2,0.3,0.0,dirichlet,optimization,0.3,1,0.013536661335598943,0.007061920089284308,0.6258585109840595,0.18775755329521787,True,465,528
5,2,0.3,0.0,dirichlet,optimization,0.3,2,0.011550874074411688,0.000576161830380085,0.2450957167452933,0.07352871502358793,True,825,927
5,2,0.3,0.0,dirichlet,optimization,0.3,3,0.011625261688896327,0.0005165747092518445,0.2187063521638973,0.06561190564916908,True,1311,1038
5,2,0.3,0.0,dirichlet,optimization,0.3,4,0.005411586964425119,0.00698313341617323,0.18212877003439065,0.054638631010317185,True,1503,1131
5,2,0.3,0.0,dirichlet,optimization,0.3,5,0.005106108256967445,0.006947001083300115,0.12377663017751694,0.03713298905325502,True,1683,1206
5,2,0.3,0.0,dirichlet,uniform,0.0,0,0.009440259754202263,0.004598053793112437,1.1545721962628726,0.0,True,102,93
5,2,0.3,0.0,dirichlet,uniform,0.3,0,0.013741405468609358,0.006476794059077899,1.0191996776799654,0.30575990330398967,True,120,93
5,2,0.3,0.0,dirichlet,uniform,0.3,1,0.01367819044955354,0.006649295488993327,0.7179054397714625,0.2153716319314387,True,324,186
5,2,0.3,0.0,dirichlet,uniform,0.3,2,0.013630130016984765,0.0066517846037944155,0.5025987427781258,0.15077962283343777,True,489,279
5,2,0.3,0.0,dirichlet,uniform,0.3,3,0.011920458643474241,0.0005664248019456863,0.22665361473824525,0.06799608442147356,True,819,372
5,2,0.3,0.0,dirichlet,uniform,0.3,4,0.005376032493431104,0.008669042959809303,0.3415958711729265,0.10247876135187794,True,993,465
5,2,0.3,0.0,dirichlet,uniform,0.3,5,0.004852772877502964,0.009072613591949144,0.2520571239900917,0.07561713719702753,True,1158,558
5,2,0.3,0.0,reversed,optimization,0.0,0,0.013488205920999974,0.006840061999349637,0.48200132619133584,0.0,True,192,93
5,2,0.3,0.0,reversed,optimization,0.3,0,0.013488205920999974,0.006840061999349637,0.48200132619133584,0.1446003978574008,True,192,93
5,2,0.3,0.0,reversed,optimization,0.3,1,0.011913397914916857,0.0004759913641628079,0.22691514648536945,0.06807454394561077,True,489,168
5,2,0.3,0.0,reversed,optimization,0.3,2,0.011803724268798277,0.0004526388241810881,0.14299353985793564,0.04289806195738066,True,816,252
5,2,0.3,0.0,reversed,optimization,0.3,3,0.005370786689812945,0.006937193732471718,0.3358876240208621,0.10076628720625871,True,996,435
5,2,0.3,0.0,reversed,optimization,0.3,4,0.005734607123774715,0.007320159601073894,0.2438657680400784,0.07315973041202359,True,1143,564
5,2,0.3,0.0,reversed,optimization,0.3,5,0.005187230445816482,0.007134466759528741,0.5245897020455621,0.15737691061366865,True,1314,666
5,2,0.3,0.0,reversed,uniform,0.0,0,0.013488205920999974,0.006998977313439052,0.5088982928931041,0.0,True,192,93
5,2,0.3,0.0,reversed,uniform,0.3,0,0.013488205920999974,0.006998977313439052,0.5088982928931041,0.15266948786793122,True,192,93
5,2,0.3,0.0,reversed,uniform,0.3,1,0.011545325140772444,0.0006440654397010803,0.22312632947591732,0.06693789884277512,True,438,186
5,2,0.3,0.0,reversed,uniform,0.3,2,0.005315276277519487,0.008716284607847532,0.339352971856734,0.1018058915570203,True,594,279
5,2,0.3,0.0,reversed,uniform,0.3,3,0.004822786854131067,0.00909549929201603,0.2497478237244738,0.07492434711734203,True,765,372
5,2,0.3,0.0,reversed,uniform,0.3,4,0.004554989778445595,0.009310994918147722,0.18196286377879797,0.05458885913363942,True,885,465
5,2,0.3,0.0,reversed,uniform,0.3,5,0.004476700488249996,0.0093580378840367,0.12895304172187444,0.03868591251656231,True,1068,558
6,2,0.0,0.0,stage0,optimization,0.0,0,0.004334737187232207,0.013784620609494726,1.119694980415927,0.0,True,189,552
6,2,0.0,0.0,stage0,optimization,0.3,0,0.004334737187232207,0.013784620609494726,1.119694980415927,0.3359084941247781,True,189,552
6,2,0.0,0.0,stage0,optimization,0.3,1,0.004354502717287545,0.02122750675137142,0.9705375293616079,0.2911612588084823,True,507,978
6,2,0.0,0.0,stage0,optimization,0.3,2,0.049579145207468756,0.01978094960856942,0.33361685670662833,0.1000850570119885,True,666,1386
6,2,0.0,0.0,stage0,optimization,0.3,3,0.04925722299967994,0.017654872179818506,0.6063963569374461,0.18191890708123382,True,897,1830
6,2,0.0,0.0,stage0,optimization,0.3,4,0.04850303486006169,0.013085387542768065,0.3732915020525255,0.11198745061575759,True,1077,2274
6,2,0.0,0.0,stage0,optimization,0.3,5,0.04898629241237984,0.010590369243965303,0.6270446239039618,0.18811338717118864,True,1263,2763
6,2,0.0,0.0,stage0,uniform,0.0,0,0.004334737187232207,0.016194588815172512,1.367786966135228,0.0,True,189,948
6,2,0.0,0.0,stage0,uniform,0.3,0,0.004334737187232207,0.016194588815172512,1.367786966135228,0.41033608984056835,True,189,948
6,2,0.0,0.0,stage0,uniform,0.3,1,0.005184219499442477,0.012545118108391762,0.9112967636033673,0.27338902908101015,True,519,1896
6,2,0.0,0.0,stage0,uniform,0.3,2,0.04937499481792429,0.032254459957281746,0.7330459351268082,0.21991378053804247,True,753,2844
6,2,0.0,0.0,stage0,uniform,0.3,3,0.04932982225807869,0.03222466136018435,0.5131321545887657,0.15393964637662977,True,957,3792
6,2,0.0,0.0,stage0,uniform,0.3,4,0.04936703510190554,0.032248321920633316,0.3591925082121359,0.10775775246364071,True,1116,4740
6,2,0.0,0.0,stage0,uniform,0.3,5,0.04946326214366081,0.032446163396040596,0.2514347557484952,0.07543042672454861,True,1242,5688
6,2,0.0,0.0,uniform,optimization,0.0,0,0.004461738390917347,0.01571028120815754,1.2513562876508058,0.0,True,264,804
6,2,0.0,0.0,uniform,optimization,0.3,0,0.004461738390917347,0.01571028120815754,1.2513562876508058,0.37540688629524177,True,264,804
6,2,0.0,0.0,uniform,optimization,0.3,1,0.047962010897059315,0.022372958068298785,0.9264615835022867,0.27793847505068603,True,474,1284
6,2,0.0,0.0,uniform,optimization,0.3,2,0.04854759839246725,0.01612114316479531,0.6057062703694033,0.1817118811108209,True,705,2070
6,2,0.0,0.0,uniform,optimization,0.3,3,0.05003930025236336,0.01266883091662972,0.4019469091667413,0.1205840727500224,True,816,2739
6,2,0.0,0.0,uniform,optimization,0.3,4,0.049307975662507886,0.009190623518860836,0.10926427390495397,0.03277928217148615,True,948,3201
6,2,0.0,0.0,uniform,optimization,0.3,5,0.04934664585833559,0.00842169104819257,1.048183431641746,0.3144550294925238,True,1080,3321
6,2,0.0,0.0,uniform,uniform,0.0,0,0.004461738390917347,0.01571028120815754,1.2513562876508058,0.0,True,264,948
6,2,0.0,0.0,uniform,uniform,0.3,0,0.004461738390917347,0.01571028120815754,1.2513562876508058,0.37540688629524177,True,264,948
6,2,0.0,0.0,uniform,uniform,0.3,1,0.047962010897059315,0.031126756221055984,0.9312597803714249,0.27937793411142753,True,474,1896
6,2,0.0,0.0,uniform,uniform,0.3,2,0.0485510257626629,0.03159612541397413,0.6518818462599975,0.1955645538779992,True,729,2844
6,2,0.0,0.0,uniform,uniform,0.3,3,0.05006807850232775,0.03293784335255623,0.4563172923819982,0.13689518771459944,True,840,3792
6,2,0.0,0.0,uniform,uniform,0.3,4,0.04933415616699577,0.032238839815060295,0.3194221046673988,0.09582663140021971,True,972,4740
6,2,0.0,0.0,uniform,uniform,0.3,5,0.04887238096384294,0.03185680011908213,0.22359547326717905,0.06707864198015359,True,1098,5688
6,2,0.0,0.0,dirichlet,optimization,0.0,0,0.004386181025580527,0.0099150641721561,0.6533205248176606,0.0,True,99,453
6,2,0.0,0.0,dirichlet,optimization,0.3,0,0.004333164533509404,0.018248045500287132,0.577745683614014,0.17332370508420425,True,189,453
6,2,0.0,0.0,dirichlet,optimization,0.3,1,0.004079626474460696,0.020744539683950805,0.41451129624397615,0.1243533888731928,True,303,861
6,2,0.0,0.0,dirichlet,optimization,0.3,2,0.004384476027347262,0.0215269530788132,1.060045891329572,0.3180137673988716,True,432,1296
6,2,0.0,0.0,dirichlet,optimization,0.3,3,0.04929977014448994,0.01855463941640526,0.7209897711152791,0.2162969313345837,True,702,2118
6,2,0.0,0.0,dirichlet,optimization,0.3,4,0.04862913242240552,0.013216753585653112,0.469960462398918,0.1409881387196754,True,888,2931
6,2,0.0,0.0,dirichlet,optimization,0.3,5,0.048942832145909776,0.01001845819069524,0.29722518667256415,0.08916755600176916,True,1104,3420
6,2,0.0,0.0,dirichlet,uniform,0.0,0,0.0017302867510373687,0.016875627761085827,1.3135384150804437,0.0,True,276,948
6,2,0.0,0.0,dirichlet,uniform,0.3,0,0.004216599985539915,0.01668950729072094,1.8290193125637635,0.548705793769129,True,183,948
6,2,0.0,0.0,dirichlet,uniform,0.3,1,0.004108035319561054,0.01710956854124864,1.28307556590787,0.38492266977236095,True,360,1896
6,2,0.0,0.0,dirichlet,uniform,0.3,2,0.047901477734129116,0.031079241385062534,0.938072284239686,0.2814216852719057,True,564,2844
6,2,0.0,0.0,dirichlet,uniform,0.3,3,0.04878676111878377,0.03178458039959272,0.6566505989677804,0.19699517969033412,True,702,3792
6,2,0.0,0.0,dirichlet,uniform,0.3,4,0.04732175661572491,0.030617840588092804,0.45965541927744624,0.13789662578323392,True,942,4740
6,2,0.0,0.0,dirichlet,uniform,0.3,5,0.04836060252681662,0.03144895782073339,0.3217587934942123,0.09652763804826366,True,1086,5688
6,2,0.0,0.0,reversed,optimization,0.0,0,0.00445773124008042,0.016497784119299693,0.5208283678251047,0.0,True,210,858
6,2,0.0,0.0,reversed,optimization,0.3,0,0.00445773124008042,0.016497784119299693,0.5208283678251047,0.1562485103475313,True,210,858
6,2,0.0,0.0,reversed,optimization,0.3,1,0.004370227580320574,0.018746092226919208,1.0315171933230305,0.30945515799690915,True,444,1311
6,2,0.0,0.0,reversed,optimization,0.3,2,0.04862716301634151,0.021232958319032057,0.3604977055826952,0.10814931167480858,True,567,1728
6,2,0.0,0.0,reversed,optimization,0.3,3,0.04951684603543427,0.019023173528665952,0.7406545158045528,0.2221963547413659,True,798,2271
6,2,0.0,0.0,reversed,optimization,0.3,4,0.048684399997764416,0.013456130814656577,0.4820624005276978,0.14461872015830937,True,957,2976
6,2,0.0,0.0,reversed,optimization,0.3,5,0.04894268771164789,0.010141970708709478,0.3170268631286492,0.0951080589385947,True,1155,3537
6,2,0.0,0.0,reversed,uniform,0.0,0,0.00445773124008042,0.015682876730958622,1.2189594227387952,0.0,True,210,948
6,2,0.0,0.0,reversed,uniform,0.3,0,0.00445773124008042,0.015682876730958622,1.2189594227387952,0.3656878268216386,True,210,948
6,2,0.0,0.0,reversed,uniform,0.3,1,0.048135486572832065,0.03126441563169161,0.9089380452267068,0.27268141356801207,True,378,1896
6,2,0.0,0.0,reversed,uniform,0.3,2,0.04918628092581123,0.03210435435175896,0.6362566316586948,0.19087698949760845,True,564,2844
6,2,0.0,0.0,reversed,uniform,0.3,3,0.04924046812683258,0.03214920312166214,0.44537964216108633,0.1336138926483259,True,795,3792
6,2,0.0,0.0,reversed,uniform,0.3,4,0.04938920441146166,0.03227395564317703,0.31176574951276037,0.09352972485382807,True,933,4740
6,2,0.0,0.0,reversed,uniform,0.3,5,0.04936907183599715,0.03235252946615219,0.21823602465893233,0.0654708073976796,True,1059,5688
6,2,0.3,0.0,stage0,optimization,0.0,0,0.010281588128313146,0.0002686762972465411,0.09546181337273871,0.0,True,249,174
6,2,0.3,0.0,stage0,optimization,0.3,0,0.010281588128313146,0.0002686762972465411,0.09546181337273871,0.028638544011821587,True,249,174
6,2,0.3,0.0,stage0,optimization,0.3,1,0.007901510657726263,0.0012859678994202694,0.09970141855135281,0.02991042556540585,True,534,627
6,2,0.3,0.0,stage0,optimization,0.3,2,0.007775526022394175,0.0012624730584461959,0.08207787184735643,0.024623361554206996,True,735,900
6,2,0.3,0.0,stage0,optimization,0.3,3,0.008059825420325684,0.0007085900970983663,0.054590650214450476,0.016377195064335187,True,1158,1299
6,2,0.3,0.0,stage0,optimization,0.3,4,0.008443647763012319,0.0011855720590239057,0.0632286045367842,0.018968581361035186,True,1401,1725
6,2,0.3,0.0,stage0,optimization,0.3,5,0.0041574787391587265,0.008102369695536677,0.6123737841875587,0.1837121352562676,True,1497,1881
6,2,0.3,0.0,stage0,uniform,0.0,0,0.010281588128313146,0.00025210777918497723,0.07752792733311431,0.0,True,249,642
6,2,0.3,0.0,stage0,uniform,0.3,0,0.010281588128313146,0.00025210777918497723,0.07752792733311431,0.023258378199934315,True,249,642
6,2,0.3,0.0,stage0,uniform,0.3,1,0.007890201381618667,0.0012934406598409016,0.07333454056138022,0.022000362168414,True,537,1284
6,2,0.3,0.0,stage0,uniform,0.3,2,0.007947476810241216,0.001288910706837972,0.0512412509638889,0.015372375289166629,True,681,1926
6,2,0.3,0.0,stage0,uniform,0.3,3,0.008426718057584992,0.0007431035240491232,0.02534551158968168,0.007603653476904559,True,1083,2568
6,2,0.3,0.0,stage0,uniform,0.3,4,0.008046490472958023,0.0006460398435592651,0.01600051670797492,0.004800155012392504,True,1470,3210
6,2,0.3,0.0,stage0,uniform,0.3,5,0.00860763411039045,0.0006765549381573995,0.01174385626643043,0.003523156879929157,True,1824,3852
6,2,0.3,0.0,uniform,optimization,0.0,0,0.007618496419191434,0.001207083463668823,0.1758520152002994,0.0,True,321,642
6,2,0.3,0.0,uniform,optimization,0.3,0,0.007618496419191434,0.001207083463668823,0.1758520152002994,0.052755604560089764,True,321,642
6,2,0.3,0.0,uniform,optimization,0.3,1,0.00952326949561666,0.0007118163848408651,0.12547674481170523,0.03764302344351156,True,486,1068
6,2,0.3,0.0,uniform,optimization,0.3,2,0.00968132550981693,0.0007341215983929684,0.09885826304792308,0.029657478914376867,True,615,1467
6,2,0.3,0.0,uniform,optimization,0.3,3,0.007446588442633129,0.0009582571468018645,0.0849326450782367,0.025479793523471073,True,900,1974
6,2,0.3,0.0,uniform,optimization,0.3,4,0.007895003868626738,0.0012836453372962779,0.07974266540773145,0.023922799622319357,True,1101,2355
6,2,0.3,0.0,uniform,optimization,0.3,5,0.00795297160634556,0.0012963806752247639,0.08090935594661533,0.024272806783984663,True,1392,2808
6,2,0.3,0.0,uniform,uniform,0.0,0,0.007618496419191434,0.0012070834636688232,0.1758520152002994,0.0,True,321,642
6,2,0.3,0.0,uniform,uniform,0.3,0,0.007618496419191434,0.0012070834636688232,0.1758520152002994,0.052755604560089764,True,321,642
6,2,0.3,0.0,uniform,uniform,0.3,1,0.00952326949561666,0.0007070948680241903,0.1135265414355835,0.03405796243067499,True,486,1284
6,2,0.3,0.0,uniform,uniform,0.3,2,0.009584843561431633,0.0006812637050946554,0.07900238271234689,0.02370071481370406,True,753,1926
6,2,0.3,0.0,uniform,uniform,0.3,3,0.009602983325892822,0.000726488729317983,0.05611960776434155,0.016835882329302443,True,945,2568
6,2,0.3,0.0,uniform,uniform,0.3,4,0.008009052732646182,0.0013084287444750469,0.050577468035082895,0.015173240410524924,True,1089,3210
6,2,0.3,0.0,uniform,uniform,0.3,5,0.008069224492238014,0.0006463304162025452,0.022666217672113798,0.006799865301634123,True,1440,3852
6,2,0.3,0.0,dirichlet,optimization,0.0,0,0.006989916287182041,0.0004631832955641693,1.1923694258442246,0.0,True,201,138
6,2,0.3,0.0,dirichlet,optimization,0.3,0,0.00554613736439058,0.006093235567938841,0.34472865668565456,0.10341859700569642,True,171,462
6,2,0.3,0.0,dirichlet,optimization,0.3,1,0.005529506148154617,0.006046066685407747,0.19304606116651493,0.05791381834995449,True,288,906
6,2,0.3,0.0,dirichlet,optimization,0.3,2,0.005542567557605627,0.00638047263749876,0.28701302552277574,0.08610390765683278,True,492,1035
6,2,0.3,0.0,dirichlet,optimization,0.3,3,0.005558152661358007,0.006352246509369232,0.15810937087971505,0.04743281126391445,True,696,1128
6,2,0.3,0.0,dirichlet,optimization,0.3,4,0.005542560181779954,0.006622134746556303,0.15261223335936333,0.04578367000780903,True,873,1545
6,2,0.3,0.0,dirichlet,optimization,0.3,5,0.005555441029415353,0.006676838543958751,0.028418546901112188,0.008525564070333641,True,1101,2025
6,2,0.3,0.0,dirichlet,uniform,0.0,0,0.005450124129288192,0.009727167586485544,0.13555987266831288,0.0,True,192,642
6,2,0.3,0.0,dirichlet,uniform,0.3,0,0.004974202334114608,0.009755867222944895,0.08823802454941504,0.026471407364824555,True,174,642
6,2,0.3,0.0,dirichlet,uniform,0.3,1,0.005174772739760247,0.009737459321816763,0.06176661718459041,0.01852998515537714,True,336,1284
6,2,0.3,0.0,dirichlet,uniform,0.3,2,0.005207905533486545,0.009736306965351105,0.04323663202921332,0.01297098960876402,True,558,1926
6,2,0.3,0.0,dirichlet,uniform,0.3,3,0.005096170980460946,0.00973985344171524,0.030265642420449275,0.009079692726134764,True,765,2568
6,2,0.3,0.0,dirichlet,uniform,0.3,4,0.005091195544541183,0.0097421333193779,0.021185949694314497,0.006355784908294257,True,972,3210
6,2,0.3,0.0,dirichlet,uniform,0.3,5,0.005060440472178351,0.009752179185549418,0.017090911231637418,0.0051272733694912725,True,1173,3852
6,2,0.3,0.0,reversed,optimization,0.0,0,0.009598695422754489,0.0006328334222991907,0.11864807110170322,0.0,True,180,399
6,2,0.3,0.0,reversed,optimization,0.3,0,0.009598695422754489,0.0006328334222991907,0.11864807110170322,0.035594421330510995,True,180,399
6,2,0.3,0.0,reversed,optimization,0.3,1,0.007952661076927825,0.0006748700490750169,0.0952401885840018,0.028572056575200566,True,432,555
6,2,0.3,0.0,reversed,optimization,0.3,2,0.00745411904000548,0.0011305233696492069,0.08516779160186472,0.025550337480559404,True,735,945
6,2,0.3,0.0,reversed,optimization,0.3,3,0.009578141023309783,0.0007600433518847685,0.06488929611474165,0.019466788834422433,True,912,1461
6,2,0.3,0.0,reversed,optimization,0.3,4,0.007854456681968713,0.0012110387967455703,0.07707501282588519,0.023122503847765596,True,1128,1995
6,2,0.3,0.0,reversed,optimization,0.3,5,0.00851982883434177,0.0006936565958660998,0.044832948366153036,0.013449884509845855,True,1506,2376
6,2,0.3,0.0,reversed,uniform,0.0,0,0.009598695422754489,0.0007104799151420593,0.17063766296258076,0.0,True,180,642
6,2,0.3,0.0,reversed,uniform,0.3,0,0.009598695422754489,0.0007104799151420593,0.17063766296258076,0.05119129888877422,True,180,642
6,2,0.3,0.0,reversed,uniform,0.3,1,0.009927948743886361,0.000295129915078481,0.11224907527154226,0.03367472258146276,True,267,1284
6,2,0.3,0.0,reversed,uniform,0.3,2,0.009596924644238669,0.0007262751460075378,0.08605821615259779,0.025817464845779348,True,489,1926
6,2,0.3,0.0,reversed,uniform,0.3,3,0.0073031172006512435,0.0009648924072583517,0.06469335324320949,0.019408005972962827,True,765,2568
6,2,0.3,0.0,reversed,uniform,0.3,4,0.008001706883559834,0.0013284931580225627,0.05254712614180926,0.01576413784254277,True,996,3210
6,2,0.3,0.0,reversed,uniform,0.3,5,0.007878705415347298,0.0012899686892827351,0.035984516230106844,0.010795354869032103,True,1293,3852
7,2,0.0,0.0,stage0,optimization,0.0,0,0.01705999326801333,0.006078603760091401,0.3943174145015422,0.0,True,471,165
7,2,0.0,0.0,stage0,optimization,0.3,0,0.01705999326801333,0.006078603760091401,0.3943174145015422,0.11829522435046269,True,471,165
7,2,0.0,0.0,stage0,optimization,0.3,1,0.0013972705469100788,0.014252570539298142,,0.0,False,660,339
7,2,0.0,0.0,stage0,uniform,0.0,0,0.01705999326801333,0.007912501071890196,0.4390252049007737,0.0,True,471,183
7,2,0.0,0.0,stage0,uniform,0.3,0,0.01705999326801333,0.007912501071890196,0.4390252049007737,0.1317075614702321,True,471,183
7,2,0.0,0.0,stage0,uniform,0.3,1,0.017185752258242815,0.007857086136937141,0.30564300167432773,0.09169290050229834,True,837,366
7,2,0.0,0.0,stage0,uniform,0.3,2,0.001447589957830786,0.012479700768987337,0.6952375792366576,0.20857127377099735,True,1026,549
7,2,0.0,0.0,stage0,uniform,0.3,3,0.0004479320946391141,0.012513563657800356,0.4866663054656602,0.14599989163969804,True,1206,732
7,2,0.0,0.0,stage0,uniform,0.3,4,0.001210089798073355,0.012471741065382957,0.34066641382596224,0.10219992414778861,True,1386,915
7,2,0.0,0.0,stage0,uniform,0.3,5,0.0013468671700067603,0.012471996868650118,0.23846648967817358,0.07153994690345213,True,1518,1098
7,2,0.0,0.0,uniform,optimization,0.0,0,0.0011964693563868423,0.012479365492860476,0.6533333333333333,0.0,True,228,183
7,2,0.0,0.0,uniform,optimization,0.3,0,0.0011964693563868423,0.012479365492860476,0.6533333333333333,0.19599999999999998,True,228,183
7,2,0.0,0.0,uniform,optimization,0.3,1,0.0008430316193326348,0.009773372894533693,0.07934149152825501,0.023802447458476483,True,462,348
7,2,0.0,0.0,uniform,optimization,0.3,2,0.0005796944493674516,0.009886127105652126,0.3428702829351354,0.10286108488054066,True,600,531
7,2,0.0,0.0,uniform,optimization,0.3,3,0.002001780108734863,0.010170257569255204,0.13974733417444993,0.04192420025233501,True,864,714
7,2,0.0,0.0,uniform,optimization,0.3,4,0.0019615330886395554,0.01049473376675372,0.03827334784249531,0.011482004352748598,True,1053,897
7,2,0.0,0.0,uniform,optimization,0.3,5,0.001906293635224543,0.010621349087647345,0.15916011350740805,0.04774803405222239,True,1260,1422
7,2,0.0,0.0,uniform,uniform,0.0,0,0.0011964693563868423,0.012479365492860476,0.6533333333333333,0.0,True,228,183
7,2,0.0,0.0,uniform,uniform,0.3,0,0.0011964693563868423,0.012479365492860476,0.6533333333333333,0.19599999999999998,True,228,183
7,2,0.0,0.0,uniform,uniform,0.3,1,0.0008430316193326348,0.0124911746631066,0.4573333333333333,0.13720000000000007,True,462,366
7,2,0.0,0.0,uniform,uniform,0.3,2,0.0013002657256073746,0.012499524280428886,0.32013333333333327,0.0960399999999999,True,588,549
7,2,0.0,0.0,uniform,uniform,0.3,3,0.001338214203794763,0.012466369196772575,0.22409333333333342,0.06722800000000008,True,732,732
7,2,0.0,0.0,uniform,uniform,0.3,4,0.001481486108145802,0.012499948963522911,0.15686533333333327,0.04705959999999994,True,846,915
7,2,0.0,0.0,uniform,uniform,0.3,5,0.0013904354249660855,0.012463605031371117,0.10980573333333345,0.03294171999999998,True,1092,1098
7,2,0.0,0.0,dirichlet,optimization,0.0,0,0.005962035711718272,0.007789272315342714,0.3412085746655625,0.0,True,204,219
7,2,0.0,0.0,dirichlet,optimization,0.3,0,0.01674295577268481,0.007832281813097827,0.48498690181808685,0.14549607054542613,True,456,435
7,2,0.0,0.0,dirichlet,optimization,0.3,1,0.0016509442566601251,0.013119802820081773,0.7060146549417293,0.2118043964825188,True,711,609
7,2,0.0,0.0,dirichlet,optimization,0.3,2,0.00015699414589143146,0.01014029655816179,0.4663937853532424,0.13991813560597272,True,993,801
7,2,0.0,0.0,dirichlet,optimization,0.3,3,0.0019309550262178732,0.010449034351558039,0.5503850605539984,0.1651155181661995,True,1170,1002
7,2,0.0,0.0,dirichlet,optimization,0.3,4,0.0004774520635777435,0.011337282568788753,0.3188390085959599,0.095651702578788,True,1524,1509
7,2,0.0,0.0,dirichlet,optimization,0.3,5,0.01714882488056446,0.0035873589284986596,0.22430694578456134,0.06729208373536838,True,1767,1674
7,2,0.0,0.0,dirichlet,uniform,0.0,0,0.005962049923269319,0.014881143967310587,,0.0,False,195,183
7,2,0.0,0.0,dirichlet,uniform,0.3,0,0.005962042817472479,0.014881163835525513,,0.0,False,171,183
7,2,0.0,0.0,reversed,optimization,0.0,0,0.0017784752300862294,0.010214724935024894,0.1892538422181194,0.0,True,219,183
7,2,0.0,0.0,reversed,optimization,0.3,0,0.0017784752300862294,0.010214724935024894,0.1892538422181194,0.056776152665435814,True,219,183
7,2,0.0,0.0,reversed,optimization,0.3,1,0.0016076822011754643,0.0107913420418196,0.356614185330555,0.10698425559916655,True,402,339
7,2,0.0,0.0,reversed,optimization,0.3,2,0.002096195876781337,0.010773171109931116,0.20618873810839577,0.06185662143251877,True,639,513
7,2,0.0,0.0,reversed,optimization,0.3,3,0.0018485094174689465,0.010924822619498018,0.4863583642851454,0.14590750928554352,True,828,804
7,2,0.0,0.0,reversed,optimization,0.3,4,0.003633548062339287,0.012192323971962063,0.16708415912820987,0.050125247738463,True,1017,969
7,2,0.0,0.0,reversed,optimization,0.3,5,0.010313454802286515,0.007077072384968892,0.4290715427254937,0.1287214628176482,True,1476,1125
7,2,0.0,0.0,reversed,uniform,0.0,0,0.0017784752300862294,0.012447111929456392,0.5433550760068786,0.0,True,219,183
7,2,0.0,0.0,reversed,uniform,0.3,0,0.0017784752300862294,0.012447111929456392,0.5433550760068786,0.16300652280206354,True,219,183
7,2,0.0,0.0,reversed,uniform,0.3,1,0.0012513067130726085,0.012477244560917219,0.3803485532048151,0.11410456596144455,True,504,366
7,2,0.0,0.0,reversed,uniform,0.3,2,0.0013818977796375975,0.012464571123321852,0.2662439872433705,0.07987319617301109,True,645,549
7,2,0.0,0.0,reversed,uniform,0.3,3,0.001528555223954342,0.012498679881294569,0.18637079107035948,0.05591123732110791,True,759,732
7,2,0.0,0.0,reversed,uniform,0.3,4,0.0014354768548656693,0.012461469198266665,0.1304595537492516,0.0391378661247754,True,1011,915
7,2,0.0,0.0,reversed,uniform,0.3,5,0.0014471446022916723,0.012460925305883089,0.09132168762447615,0.02739650628734276,True,1302,1098
7,2,0.3,0.0,stage0,optimization,0.0,0,0.00483633746416956,0.009454836699483885,0.3931667293115865,0.0,True,198,354
7,2,0.3,0.0,stage0,optimization,0.3,0,0.00483633746416956,0.009454836699483885,0.3931667293115865,0.11795001879347591,True,198,354
7,2,0.3,0.0,stage0,optimization,0.3,1,0.0024221402188997487,0.01056477635801965,0.28880786101169287,0.0866423583035078,True,552,429
7,2,0.3,0.0,stage0,optimization,0.3,2,0.01878247900315344,0.019195043454817522,0.7605302695536449,0.22815908086609343,True,723,576
7,2,0.3,0.0,stage0,optimization,0.3,3,0.0009993785925797027,0.01283596873098948,0.28666614501865784,0.08599984350559745,True,1020,642
7,2,0.3,0.0,stage0,optimization,0.3,4,0.012915311309233957,0.009020810386889594,0.1285102943884765,0.038553088316542944,True,1302,708
7,2,0.3,0.0,stage0,optimization,0.3,5,0.004842309019176483,0.0060994606519505865,0.23047597097321285,0.0691427912919639,True,1509,774
7,2,0.3,0.0,stage0,uniform,0.0,0,0.00483633746416956,0.008749597705900669,0.3476689340118406,0.0,True,198,183
7,2,0.3,0.0,stage0,uniform,0.3,0,0.00483633746416956,0.008749597705900669,0.3476689340118406,0.10430068020355218,True,198,183
7,2,0.3,0.0,stage0,uniform,0.3,1,0.004167499024273269,0.008835227228701115,0.24610182379781326,0.07383054713934398,True,417,366
7,2,0.3,0.0,stage0,uniform,0.3,2,0.004683804923381274,0.022445740799109142,0.9900152770422238,0.29700458311266714,True,873,549
7,2,0.3,0.0,stage0,uniform,0.3,3,0.0105151220712969,0.025690825035174687,0.6930106939295567,0.2079032081788671,True,1095,732
7,2,0.3,0.0,stage0,uniform,0.3,4,0.011945114795940626,0.026209710786739986,0.4851074857506896,0.1455322457252069,True,1179,915
7,2,0.3,0.0,stage0,uniform,0.3,5,0.011563284116107297,0.026076799879471462,0.3395752400254827,0.10187257200764478,True,1371,1098
7,2,0.3,0.0,uniform,optimization,0.0,0,0.003141786493352283,0.0040832071875532465,0.3726493435393561,0.0,True,312,183
7,2,0.3,0.0,uniform,optimization,0.3,0,0.003141786493352283,0.0040832071875532465,0.3726493435393561,0.11179480306180689,True,312,183
7,2,0.3,0.0,uniform,optimization,0.3,1,0.0016356495748350852,0.005346518735180241,0.27614531253843577,0.08284359376153061,True,597,348
7,2,0.3,0.0,uniform,optimization,0.3,2,0.0036146928746667584,0.010425697072281637,0.3150855691494252,0.0945256707448276,True,783,423
7,2,0.3,0.0,uniform,optimization,0.3,3,0.0008184067118346405,0.011091698613848986,0.27478273638339124,0.08243482091501744,True,1101,489
7,2,0.3,0.0,uniform,optimization,0.3,4,0.019104745045158467,0.019299309043411435,0.7336135632651979,0.22008406897955934,True,1242,555
7,2,0.3,0.0,uniform,optimization,0.3,5,0.002753975013595422,0.0022916593081218173,0.18118178358993287,0.05435453507697979,True,1494,621
7,2,0.3,0.0,uniform,uniform,0.0,0,0.003141786493352283,0.0040832071875532465,0.3726493435393562,0.0,True,312,183
7,2,0.3,0.0,uniform,uniform,0.3,0,0.003141786493352283,0.0040832071875532465,0.3726493435393562,0.11179480306180689,True,312,183
7,2,0.3,0.0,uniform,uniform,0.3,1,0.0016356495748350852,0.005822587447861831,0.29638561591095414,0.08891568477328615,True,597,366
7,2,0.3,0.0,uniform,uniform,0.3,2,0.001993149775973979,0.009495661593973637,0.31037497986575174,0.09311249395972554,True,783,549
7,2,0.3,0.0,uniform,uniform,0.3,3,0.0009258265647336117,0.00961090965817372,0.22133751782966266,0.06640125534889874,True,1122,732
7,2,0.3,0.0,uniform,uniform,0.3,4,0.018991214148559088,0.026523342976967495,0.9464424295229494,0.2839327288568848,True,1236,915
7,2,0.3,0.0,uniform,uniform,0.3,5,0.010554291637740576,0.025715575863917668,0.6625097006660645,0.1987529101998194,True,1464,1098
7,2,0.3,0.0,dirichlet,optimization,0.0,0,0.026182719523824893,0.008900007920869509,1.3153700191311752,0.0,True,225,219
7,2,0.3,0.0,dirichlet,optimization,0.3,0,0.0024990194300897883,0.016608751629541493,1.2314218636475727,0.36942655909427174,True,468,399
7,2,0.3,0.0,dirichlet,optimization,0.3,1,0.004912568833790765,0.010533934333660172,0.3006192468862005,0.09018577406586012,True,750,483
7,2,0.3,0.0,dirichlet,optimization,0.3,2,0.0044531635304352335,0.011217434808178064,0.2736746187250718,0.08210238561752153,True,1074,549
7,2,0.3,0.0,dirichlet,optimization,0.3,3,0.01890608449829756,0.01971588797275862,0.7775821497188622,0.23327464491565866,True,1185,624
7,2,0.3,0.0,dirichlet,optimization,0.3,4,0.019332191761122886,0.008205222023832191,0.11130190942399926,0.033390572827199816,True,1356,708
7,2,0.3,0.0,dirichlet,optimization,0.3,5,0.00037309101395521793,0.013565998617169683,0.20790360021792362,0.06237108006537706,True,1479,801
7,2,0.3,0.0,dirichlet,uniform,0.0,0,0.010584478810272913,0.02572292337814967,0.5926969748682822,0.0,True,204,183
7,2,0.3,0.0,dirichlet,uniform,0.3,0,0.0243551800984374,0.0242650896931688,1.2017060799853239,0.3605118239955972,True,105,183
7,2,0.3,0.0,dirichlet,uniform,0.3,1,0.01872090388638803,0.02659401297569275,0.8411942559897267,0.252358276796918,True,366,366
7,2,0.3,0.0,dirichlet,uniform,0.3,2,0.010482343563495533,0.02567812552054723,0.5888359791928086,0.17665079375784254,True,582,549
7,2,0.3,0.0,dirichlet,uniform,0.3,3,0.01213093011392985,0.02627214416861534,0.41218518543496613,0.12365555563048977,True,666,732
7,2,0.3,0.0,dirichlet,uniform,0.3,4,0.01201367502777373,0.02624373013774554,0.2885296298044764,0.08655888894134289,True,792,915
7,2,0.3,0.0,dirichlet,uniform,0.3,5,0.011730501142514171,0.026127945631742477,0.20197074086313344,0.06059122225893999,True,897,1098
7,2,0.3,0.0,reversed,optimization,0.0,0,0.003330781507030256,0.0026732418074709146,0.256636506091224,0.0,True,183,84
7,2,0.3,0.0,reversed,optimization,0.3,0,0.003330781507030256,0.0026732418074709146,0.256636506091224,0.07699095182736712,True,183,84
7,2,0.3,0.0,reversed,optimization,0.3,1,0.006862517715448657,0.004100380194827628,0.18013026315168262,0.05403907894550472,True,402,159
7,2,0.3,0.0,reversed,optimization,0.3,2,0.001259928303994684,0.011016532436673249,0.2911926299015906,0.08735778897047711,True,615,225
7,2,0.3,0.0,reversed,optimization,0.3,3,0.0012277115432066665,0.011443889038245596,0.25578478231251356,0.07673543469375407,True,996,291
7,2,0.3,0.0,reversed,optimization,0.3,4,0.019398309249511136,0.019093771672390746,0.682651564828081,0.20479546944842433,True,1179,366
7,2,0.3,0.0,reversed,optimization,0.3,5,0.01994207351530264,0.008220541078109819,0.21311062950894316,0.06393318885268293,True,1317,441
7,2,0.3,0.0,reversed,uniform,0.0,0,0.003330781507030256,0.003898525300125281,0.26488301146648674,0.0,True,183,183
7,2,0.3,0.0,reversed,uniform,0.3,0,0.003330781507030256,0.003898525300125281,0.26488301146648674,0.07946490343994594,True,183,183
7,2,0.3,0.0,reversed,uniform,0.3,1,0.004824207515362389,0.008750535237292448,0.2784837359391326,0.08354512078173978,True,570,366
7,2,0.3,0.0,reversed,uniform,0.3,2,0.0009401743933565854,0.009619462924698988,0.2241852800062341,0.06725558400187023,True,909,549
7,2,0.3,0.0,reversed,uniform,0.3,3,0.018723364397995823,0.02659322073062261,0.9481308380204838,0.2844392514061451,True,1092,732
7,2,0.3,0.0,reversed,uniform,0.3,4,0.0105232104852373,0.025691810995340347,0.6636915866143387,0.1991074759843016,True,1296,915
7,2,0.3,0.0,reversed,uniform,0.3,5,0.011907079860876024,0.026196913172801334,0.464584110630037,0.13937523318901113,True,1380,1098
