{
    "acc_all_avg": [
        0.05584958217270195,
        0.7228412256267409,
        0.6554317548746518,
        0.6644846796657382,
        0.6002785515320335,
        0.655849582172702,
        0.6601671309192201,
        0.7667130919220055,
        0.7722841225626741,
        0.747075208913649,
        0.7445682451253481,
        0.7296657381615599,
        0.7188022284122563,
        0.7391364902506964,
        0.7525069637883008,
        0.7512534818941504,
        0.7844011142061281,
        0.7288300835654596,
        0.7495821727019498,
        0.7473537604456825,
        0.7448467966573816,
        0.7207520891364902,
        0.7495821727019498,
        0.7341225626740947,
        0.7455431754874652,
        0.7403899721448468,
        0.7463788300835654,
        0.7288300835654596,
        0.7885793871866296,
        0.7686629526462395,
        0.7526462395543175,
        0.7522284122562675,
        0.7483286908077994,
        0.7707520891364903,
        0.7543175487465181,
        0.7522284122562675,
        0.7825905292479108,
        0.7825905292479108,
        0.7653203342618384,
        0.7760445682451254,
        0.7409470752089137,
        0.7341225626740947,
        0.7502785515320334,
        0.7559888579387186,
        0.7694986072423399,
        0.7512534818941504,
        0.7647632311977716,
        0.7623955431754874,
        0.7823119777158775,
        0.8072423398328691,
        0.7919220055710307
    ],
    "acc_all_median": [
        0.14721448467966575,
        0.3103064066852368,
        0.5948467966573816,
        0.6346796657381616,
        0.6270194986072424,
        0.6005571030640668,
        0.53983286908078,
        0.434958217270195,
        0.5544568245125349,
        0.6181058495821727,
        0.5511142061281337,
        0.6201949860724234,
        0.5579387186629526,
        0.5951253481894151,
        0.6811977715877438,
        0.6104456824512535,
        0.5715877437325906,
        0.6515320334261838,
        0.5727019498607242,
        0.504874651810585,
        0.643175487465181,
        0.6486072423398329,
        0.6367688022284123,
        0.7721448467966574,
        0.7004178272980501,
        0.7622562674094707,
        0.7481894150417827,
        0.7274373259052925,
        0.6740947075208914,
        0.6892757660167131,
        0.7495821727019498,
        0.6920612813370474,
        0.7644846796657382,
        0.7763231197771587,
        0.748050139275766,
        0.6285515320334262,
        0.7706128133704735,
        0.743175487465181,
        0.6979108635097493,
        0.8023676880222841,
        0.8151810584958217,
        0.7321727019498607,
        0.6926183844011142,
        0.742757660167131,
        0.7360724233983287,
        0.724233983286908,
        0.7740947075208914,
        0.8033426183844011,
        0.6444289693593315,
        0.6866295264623955,
        0.6175487465181059
    ],
    "acc_all_prox": [
        0.17047353760445683,
        0.6962395543175487,
        0.746100278551532,
        0.6913649025069638,
        0.7059888579387187,
        0.7149025069637883,
        0.7690807799442897,
        0.7005571030640668,
        0.692200557103064,
        0.7665738161559889,
        0.7561281337047354,
        0.7715877437325905,
        0.7176880222841225,
        0.7065459610027855,
        0.7317548746518105,
        0.7172701949860725,
        0.7342618384401114,
        0.727158774373259,
        0.7208913649025069,
        0.7735376044568245,
        0.765041782729805,
        0.7178272980501392,
        0.7447075208913649,
        0.7513927576601671,
        0.7133704735376044,
        0.7204735376044569,
        0.7662952646239555,
        0.7364902506963789,
        0.7275766016713092,
        0.742757660167131,
        0.7552924791086351,
        0.7406685236768802,
        0.7913649025069638,
        0.7263231197771588,
        0.7693593314763231,
        0.7522284122562675,
        0.7745125348189416,
        0.7931754874651811,
        0.7715877437325905,
        0.7753481894150418,
        0.7558495821727019,
        0.766016713091922,
        0.7165738161559888,
        0.756824512534819,
        0.7724233983286908,
        0.7857938718662952,
        0.7772980501392758,
        0.7864902506963788,
        0.782033426183844,
        0.7523676880222842,
        0.7931754874651811
    ],
    "acc_all_krum": [
        0.17172701949860725,
        0.754874651810585,
        0.8123955431754875,
        0.8181058495821727,
        0.8193593314763231,
        0.8350974930362117,
        0.8225626740947075,
        0.8317548746518106,
        0.8335654596100278,
        0.8206128133704735,
        0.8235376044568246,
        0.8229805013927577,
        0.8410863509749303,
        0.8434540389972145,
        0.8447075208913649,
        0.8384401114206128,
        0.824791086350975,
        0.843175487465181,
        0.8526462395543175,
        0.8362116991643455,
        0.8467966573816156,
        0.8288300835654596,
        0.8576601671309192,
        0.8525069637883008,
        0.833008356545961,
        0.8217270194986073,
        0.8476323119777158,
        0.838857938718663,
        0.8409470752089137,
        0.8285515320334261,
        0.8538997214484679,
        0.8108635097493037,
        0.8115598885793872,
        0.8206128133704735,
        0.8232590529247911,
        0.8104456824512535,
        0.8100278551532033,
        0.834958217270195,
        0.83008356545961,
        0.846100278551532,
        0.8438718662952647,
        0.8413649025069638,
        0.8376044568245126,
        0.8335654596100278,
        0.8263231197771588,
        0.835933147632312,
        0.8398328690807799,
        0.831058495821727,
        0.8586350974930362,
        0.8395543175487465,
        0.8466573816155989
    ],
    "acc_filtered_avg": [
        0.11727019498607243,
        0.6676880222841226,
        0.833983286908078,
        0.8161559888579387,
        0.817966573816156,
        0.8128133704735376,
        0.825208913649025,
        0.8298050139275766,
        0.8203342618384402,
        0.8389972144846797,
        0.81991643454039,
        0.833983286908078,
        0.835933147632312,
        0.8162952646239554,
        0.8227019498607242,
        0.814066852367688,
        0.8217270194986073,
        0.7919220055710307,
        0.8286908077994429,
        0.8200557103064067,
        0.8126740947075209,
        0.815041782729805,
        0.833008356545961,
        0.832033426183844,
        0.8352367688022284,
        0.8263231197771588,
        0.822841225626741,
        0.8277158774373259,
        0.8238161559888579,
        0.8057103064066853,
        0.8235376044568246,
        0.8165738161559889,
        0.8242339832869081,
        0.7958217270194986,
        0.8299442896935934,
        0.8094707520891364,
        0.8213091922005571,
        0.8020891364902507,
        0.8282729805013928,
        0.8004178272980501,
        0.829108635097493,
        0.7998607242339832,
        0.8196378830083565,
        0.8292479108635098,
        0.8165738161559889,
        0.8296657381615599,
        0.8192200557103064,
        0.813091922005571,
        0.8327298050139276,
        0.8264623955431755,
        0.8389972144846797
    ]
}