seed,dimension,poison_ratio,target,initialization,initialization_replicate,evaluator,update_rate,update_policy,coalition_mode,controlled_coalition_size,controlled_poison_count,coalition_round,round,target_error,stage3_engine,stage3_engine_losses,evaluation_loss,delivered_solution_evaluation_loss,full_solution_source,loo_search_objective,consistency_l1,raw_consistency_l1,update_l1,eta_used,update_accepted,current_state_accepted,proposal_generated,gate_triggered,eval_loss_delta,informative,solver_audit_status,solver_audit_agent_id,solver_audit_full_loss,solver_audit_best_loo_loss,solver_audit_improvement,solver_recovery_attempts,solver_recovery_success,stage3_requests_cumulative,contribution_requests_cumulative
0,2,0.0,0.0,uniform,0,uniform,0.5,guarded,stage1,,,0,0,0.025548551012645616,custom,"{""bfgs"": 0.012106880933667222, ""custom"": 0.001886578509584069}",0.0018865785095840693,0.0018865785095840693,stage3_l_opt,l_opt_current_alpha,0.43741500332952454,0.44634184013216793,0.2187075016647623,0.5,False,True,True,False,,True,not_needed,,,,,0,False,564,1362
0,2,0.0,0.0,uniform,0,uniform,0.5,guarded,stage1,,,0,1,0.0253367554236994,custom,"{""bfgs"": 0.023853178706508285, ""custom"": 0.004257455719508701}",0.004981793773670991,0.004981793773670991,stage3_l_opt,l_opt_current_alpha,1.1713367071428562,1.1980033738095228,0.10935375083238114,0.25,False,False,True,True,0.0030952152640869217,True,not_needed,,,,,0,False,1401,2883
0,2,0.0,0.0,uniform,0,uniform,0.5,guarded,stage1,,,0,2,0.025272133052689494,custom,"{""bfgs"": 0.015283139262536922, ""custom"": 0.004635964261975338}",0.004990705909828345,0.004990705909828345,stage3_l_opt,l_opt_current_alpha,1.2390016869047615,1.2656683535714282,0.054676875416190596,0.125,False,False,True,True,0.003104127400244276,True,not_needed,,,,,0,False,2148,4119
0,2,0.0,0.0,uniform,0,uniform,0.5,guarded,stage1,,,0,3,0.025795166566551696,custom,"{""bfgs"": 0.05815499069667586, ""custom"": 0.0019335302215385609}",0.0020820763117323318,0.0020820763117323318,stage3_l_opt,l_opt_current_alpha,0.8254421847418183,0.8427133392372683,0.027338437708095353,0.0625,False,False,True,True,0.00019549780214826252,True,not_needed,,,,,0,False,3516,6453
0,2,0.0,0.0,uniform,0,uniform,0.5,guarded,stage1,,,0,4,0.025902990657465187,custom,"{""bfgs"": 0.08157564515001808, ""custom"": 0.0018244909224279082}",0.001901015251254042,0.001901015251254042,stage3_l_opt,l_opt_current_alpha,0.4132211611935734,0.4222121734160565,0.02582632257459838,0.0625,True,True,True,False,1.4436741669972665e-05,True,not_needed,,,,,0,False,4380,7425
0,2,0.0,0.0,uniform,0,uniform,0.5,guarded,stage1,,,0,5,0.025226067150815094,custom,"{""bfgs"": 0.01610000513050351, ""custom"": 0.0017670344600246265}",0.0018774229877938826,0.0018774229877938826,stage3_l_opt,l_opt_current_alpha,0.3822975740927516,0.3911845605085771,0.023893598380796965,0.0625,True,True,True,False,-2.3592263460159302e-05,True,not_needed,,,,,0,False,4860,8532
0,2,0.0,0.0,uniform,0,uniform,0.5,guarded,stage1,,,0,6,0.025454455640875298,custom,"{""bfgs"": 0.05119673125935731, ""custom"": 0.004665086803572142}",0.00492857675999403,0.00492857675999403,stage3_l_opt,l_opt_current_alpha,1.2590307311781836,1.2856973978448503,0.019114878704637572,0.05,False,False,True,True,0.0030511537722001476,True,not_needed,,,,,0,False,5946,9744
0,2,0.0,0.0,uniform,0,uniform,0.5,guarded,stage1,,,0,7,0.02545393658989254,custom,"{""bfgs"": 0.00842324593033657, ""custom"": 0.004680717294909109}",0.004927823009590308,0.004927823009590308,stage3_l_opt,l_opt_current_alpha,1.2619785510366364,1.2886452177033032,0.019114878704637572,0.05,False,False,True,True,0.0030504000217964258,True,not_needed,,,,,0,False,6657,11514
0,2,0.0,0.0,uniform,0,uniform,0.5,guarded,stage1,,,0,8,0.02545393658989254,custom,"{""bfgs"": 0.00842324593033657, ""custom"": 0.004680717294909109}",0.004927823009590308,0.004927823009590308,stage3_l_opt,l_opt_current_alpha,1.2619785510366364,1.2886452177033032,0.019114878704637572,0.05,False,False,True,True,0.0030504000217964258,True,not_needed,,,,,0,False,7368,13284
0,2,0.0,0.0,uniform,0,uniform,0.5,guarded,stage1,,,0,9,0.02545393658989254,custom,"{""bfgs"": 0.00842324593033657, ""custom"": 0.004680717294909109}",0.004927823009590308,0.004927823009590308,stage3_l_opt,l_opt_current_alpha,1.2619785510366364,1.2886452177033032,0.019114878704637572,0.05,False,False,True,True,0.0030504000217964258,True,not_needed,,,,,0,False,8079,15054
0,2,0.0,0.0,uniform,0,uniform,0.5,guarded,stage1,,,0,10,0.02545393658989254,custom,"{""bfgs"": 0.00842324593033657, ""custom"": 0.004680717294909109}",0.004927823009590308,0.004927823009590308,stage3_l_opt,l_opt_current_alpha,1.2619785510366364,1.2886452177033032,0.019114878704637572,0.05,False,False,True,True,0.0030504000217964258,True,not_needed,,,,,0,False,8790,16824
0,2,0.0,0.0,uniform,0,uniform,0.5,guarded,stage1,,,0,11,0.02545393658989254,custom,"{""bfgs"": 0.00842324593033657, ""custom"": 0.004680717294909109}",0.004927823009590308,0.004927823009590308,stage3_l_opt,l_opt_current_alpha,1.2619785510366364,1.2886452177033032,0.019114878704637572,0.05,False,False,True,True,0.0030504000217964258,True,not_needed,,,,,0,False,9501,18594
0,2,0.0,0.0,uniform,0,uniform,0.5,guarded,stage1,,,0,12,0.02545393658989254,custom,"{""bfgs"": 0.00842324593033657, ""custom"": 0.004680717294909109}",0.004927823009590308,0.004927823009590308,stage3_l_opt,l_opt_current_alpha,1.2619785510366364,1.2886452177033032,0.019114878704637572,0.05,False,False,True,True,0.0030504000217964258,True,not_needed,,,,,0,False,10212,20364
0,2,0.0,0.0,uniform,0,uniform,0.5,guarded,stage1,,,0,13,0.02545393658989254,custom,"{""bfgs"": 0.00842324593033657, ""custom"": 0.004680717294909109}",0.004927823009590308,0.004927823009590308,stage3_l_opt,l_opt_current_alpha,1.2619785510366364,1.2886452177033032,0.019114878704637572,0.05,False,False,True,True,0.0030504000217964258,True,not_needed,,,,,0,False,10923,22134
0,2,0.0,0.0,uniform,0,uniform,0.5,guarded,stage1,,,0,14,0.02545393658989254,custom,"{""bfgs"": 0.00842324593033657, ""custom"": 0.004680717294909109}",0.004927823009590308,0.004927823009590308,stage3_l_opt,l_opt_current_alpha,1.2619785510366364,1.2886452177033032,0.019114878704637572,0.05,False,False,True,True,0.0030504000217964258,True,not_needed,,,,,0,False,11634,23904
0,2,0.0,0.0,uniform,0,uniform,0.5,guarded,stage1,,,0,15,0.02545393658989254,custom,"{""bfgs"": 0.00842324593033657, ""custom"": 0.004680717294909109}",0.004927823009590308,0.004927823009590308,stage3_l_opt,l_opt_current_alpha,1.2619785510366364,1.2886452177033032,0.019114878704637572,0.05,False,False,True,True,0.0030504000217964258,True,not_needed,,,,,0,False,12345,25674
0,2,0.0,0.0,uniform,0,uniform,0.5,guarded,stage1,,,0,16,0.02545393658989254,custom,"{""bfgs"": 0.00842324593033657, ""custom"": 0.004680717294909109}",0.004927823009590308,0.004927823009590308,stage3_l_opt,l_opt_current_alpha,1.2619785510366364,1.2886452177033032,0.019114878704637572,0.05,False,False,True,True,0.0030504000217964258,True,not_needed,,,,,0,False,13056,27444
0,2,0.0,0.0,uniform,0,uniform,0.5,guarded,stage1,,,0,17,0.02545393658989254,custom,"{""bfgs"": 0.00842324593033657, ""custom"": 0.004680717294909109}",0.004927823009590308,0.004927823009590308,stage3_l_opt,l_opt_current_alpha,1.2619785510366364,1.2886452177033032,0.019114878704637572,0.05,False,False,True,True,0.0030504000217964258,True,not_needed,,,,,0,False,13767,29214
0,2,0.0,0.0,uniform,0,uniform,0.5,guarded,stage1,,,0,18,0.02545393658989254,custom,"{""bfgs"": 0.00842324593033657, ""custom"": 0.004680717294909109}",0.004927823009590308,0.004927823009590308,stage3_l_opt,l_opt_current_alpha,1.2619785510366364,1.2886452177033032,0.019114878704637572,0.05,False,False,True,True,0.0030504000217964258,True,not_needed,,,,,0,False,14478,30984
0,2,0.0,0.0,uniform,0,uniform,0.5,guarded,stage1,,,0,19,0.02545393658989254,custom,"{""bfgs"": 0.00842324593033657, ""custom"": 0.004680717294909109}",0.004927823009590308,0.004927823009590308,stage3_l_opt,l_opt_current_alpha,1.2619785510366364,1.2886452177033032,0.019114878704637572,0.05,False,False,True,True,0.0030504000217964258,True,not_needed,,,,,0,False,15189,32754
1,2,0.0,0.0,uniform,0,uniform,0.5,guarded,stage1,,,0,0,0.014061640698106457,custom,"{""bfgs"": 0.013039099673430124, ""custom"": 0.0020194388926029205}",0.0020194388926029205,0.0020194388926029205,stage3_l_opt,l_opt_current_alpha,0.17987244380254053,0.18354331000259233,0.08993622190127026,0.5,False,True,True,False,,True,not_needed,,,,,0,False,141,777
1,2,0.0,0.0,uniform,0,uniform,0.5,guarded,stage1,,,0,1,0.013795752469409435,custom,"{""bfgs"": 0.013856843287749311, ""custom"": 0.002005137504885856}",0.0020970813930034637,0.0020970813930034637,stage3_l_opt,l_opt_current_alpha,0.11079739177844222,0.11489399613925272,0.05539869588922108,0.5,True,True,True,False,7.764250040054321e-05,True,not_needed,,,,,0,False,282,1884
1,2,0.0,0.0,uniform,0,uniform,0.5,guarded,stage1,,,0,2,0.014592854701152727,custom,"{""bfgs"": 0.017986932815476184, ""custom"": 0.001653857139359863}",0.001859765499830246,0.001859765499830246,stage3_l_opt,l_opt_current_alpha,0.0027286925529221295,0.005750398886461172,0.0013643462764610925,0.5,True,True,True,False,-0.00023731589317321777,True,not_needed,,,,,0,False,654,3255
1,2,0.0,0.0,uniform,0,uniform,0.5,guarded,stage1,,,0,3,0.014586119518595907,custom,"{""bfgs"": 0.026318209223761317, ""custom"": 0.0016546030878708175}",0.001861979564030965,0.001861979564030965,stage3_l_opt,l_opt_current_alpha,0.0017275654996259937,0.00475668447037253,0.0008637827498129691,0.5,True,True,True,False,2.2140642007191253e-06,True,not_needed,,,,,0,False,906,4377
1,2,0.0,0.0,uniform,0,uniform,0.5,guarded,stage1,,,0,4,0.014580583883853814,custom,"{""bfgs"": 0.014369377674073243, ""custom"": 0.0016557806414899655}",0.0018640148142973583,0.0018640148142973583,stage3_l_opt,l_opt_current_alpha,0.0011992429139080496,0.004235208010452407,0.0005996214569539693,0.5,True,True,True,False,2.0352502663931703e-06,True,not_needed,,,,,0,False,1122,5451
1,2,0.0,0.0,uniform,0,uniform,0.5,guarded,stage1,,,0,5,0.014579331208975737,custom,"{""bfgs"": 0.014374646116719193, ""custom"": 0.001655325495147084}",0.0018643053869406383,0.0018643053869406383,stage3_l_opt,l_opt_current_alpha,0.0006476388370951769,0.003684583880173009,0.0,0.5,True,True,False,False,2.905726432800293e-07,True,not_needed,,,,,0,False,1338,6705
2,2,0.0,0.0,uniform,0,uniform,0.5,guarded,stage1,,,0,0,0.0001834626648221649,custom,"{""bfgs"": 0.21172869205474854, ""custom"": 0.00831919473906358}",0.008319194739063581,0.008319194739063581,stage3_l_opt,l_opt_current_alpha,1.3066637945288224,1.333330402580431,0.6533318972644111,0.5,False,True,True,False,,True,not_needed,,,,,0,False,822,1710
2,2,0.0,0.0,uniform,0,uniform,0.5,guarded,stage1,,,0,1,0.00018353781029140093,custom,"{""bfgs"": 0.19921873629940332, ""custom"": 0.00424281106661633}",0.00831918977200985,0.00831918977200985,stage3_l_opt,l_opt_current_alpha,0.6533347694022555,0.6800014360689222,0.3266673847011278,0.5,True,True,True,False,-4.967053731860793e-09,True,not_needed,,,,,0,False,1620,3708
2,2,0.0,0.0,uniform,0,uniform,0.5,guarded,stage1,,,0,2,0.00018353276108237782,custom,"{""bfgs"": 0.04833055353654723, ""custom"": 0.0022046018889589868}",0.008319199706117312,0.008319199706117312,stage3_l_opt,l_opt_current_alpha,0.7967165608431104,0.8029760824929697,0.3983582804215552,0.5,True,True,True,False,9.934107461986863e-09,True,not_needed,,,,,0,False,2385,5529
2,2,0.0,0.0,uniform,0,uniform,0.5,guarded,stage1,,,0,3,0.00018350522267440716,custom,"{""bfgs"": 0.19337845187139258, ""custom"": 0.0014994110896953427}",0.00831918977200985,0.00831918977200985,stage3_l_opt,l_opt_current_alpha,0.39224174383790394,0.398376438210546,0.19612087191895197,0.5,True,True,True,False,-9.934107461986863e-09,True,not_needed,,,,,0,False,3084,6843
2,2,0.0,0.0,uniform,0,uniform,0.5,guarded,stage1,,,0,4,0.00018356647375425417,custom,"{""bfgs"": 0.19248325629660296, ""custom"": 0.0012355032750561413}",0.00831920343140761,0.00831920343140761,stage3_l_opt,l_opt_current_alpha,0.16964969201733548,0.17524415822872008,0.08482484600866777,0.5,True,True,True,False,1.3659397760448777e-08,True,not_needed,,,,,0,False,4236,8514
2,2,0.0,0.0,uniform,0,uniform,0.5,guarded,stage1,,,0,5,0.0008503856171254154,custom,"{""bfgs"": 0.1919631919018484, ""custom"": 0.0008951722405018826}",0.008484503254294395,0.008484503254294395,stage3_l_opt,l_opt_current_alpha,0.11755483504938802,0.12381726022078733,0.04241242300433383,0.25,False,False,True,True,0.00016529982288678545,True,not_needed,,,,,0,False,4956,10326
2,2,0.0,0.0,uniform,0,uniform,0.5,guarded,stage1,,,0,6,0.0001851200930932384,custom,"{""bfgs"": 0.18708799484144417, ""custom"": 0.00117250009105561}",0.008319569751620293,0.008319569751620293,stage3_l_opt,l_opt_current_alpha,0.15161039447261954,0.15770227140766985,0.0379025986181549,0.25,True,True,True,False,3.6632021268266646e-07,True,not_needed,,,,,0,False,5688,11943
2,2,0.0,0.0,uniform,0,uniform,0.5,guarded,stage1,,,0,7,0.00018464769549442206,custom,"{""bfgs"": 0.19204030367554892, ""custom"": 0.0011312945797445511}",0.008319506421685219,0.008319506421685219,stage3_l_opt,l_opt_current_alpha,0.04960594301785948,0.0594604468212668,0.012401485754464845,0.25,True,True,True,False,-6.332993507385254e-08,True,not_needed,,,,,0,False,6624,13818
2,2,0.0,0.0,uniform,0,uniform,0.5,guarded,stage1,,,0,8,0.0004533559382628727,custom,"{""bfgs"": 0.2677439377271623, ""custom"": 0.0008650986421292642}",0.008351343994339308,0.008351343994339308,stage3_l_opt,l_opt_current_alpha,0.0379199002754925,0.04778900495669773,0.009479975068873155,0.25,True,True,True,False,3.1837572654088916e-05,True,not_needed,,,,,0,False,7464,15432
2,2,0.0,0.0,uniform,0,uniform,0.5,guarded,stage1,,,0,9,0.0001999428713340412,custom,"{""bfgs"": 0.19169969838951814, ""custom"": 0.0009974367921217486}",0.008318116888403893,0.008318116888403893,stage3_l_opt,l_opt_current_alpha,0.03417015357906157,0.04415620169643907,0.008542538394765407,0.25,True,True,True,False,-3.322710593541521e-05,True,not_needed,,,,,0,False,8241,17379
2,2,0.0,0.0,uniform,0,uniform,0.5,guarded,stage1,,,0,10,0.00018813776011636363,custom,"{""bfgs"": 0.023181932632831297, ""custom"": 0.0009985650735458154}",0.00831990254422029,0.00831990254422029,stage3_l_opt,l_opt_current_alpha,0.13411879442506974,0.1402077086703611,0.03352969860626745,0.25,True,True,True,False,1.7856558163966557e-06,True,not_needed,,,,,0,False,9081,18348
2,2,0.0,0.0,uniform,0,uniform,0.5,guarded,stage1,,,0,11,0.0008574975133601725,custom,"{""bfgs"": 0.013759270752753548, ""custom"": 0.0007775677456656968}",0.008482547476887703,0.008482547476887703,stage3_l_opt,l_opt_current_alpha,0.10909746540503604,0.11536001984596488,0.016764849303133676,0.125,False,False,True,True,0.00016264493266741377,True,not_needed,,,,,0,False,9789,19692
2,2,0.0,0.0,uniform,0,uniform,0.5,guarded,stage1,,,0,12,0.00036285562979207486,custom,"{""bfgs"": 0.17152103590741263, ""custom"": 0.0005216547241451896}",0.00829078567524751,0.00829078567524751,stage3_l_opt,l_opt_current_alpha,0.027010104020949173,0.03670008788728137,0.003376263002618684,0.125,True,True,True,False,-2.911686897277832e-05,True,not_needed,,,,,0,False,10131,21411
2,2,0.0,0.0,uniform,0,uniform,0.5,guarded,stage1,,,0,13,0.00020280482061660332,custom,"{""bfgs"": 0.19159192326105728, ""custom"": 0.00098871729205618}",0.00832432322204113,0.00832432322204113,stage3_l_opt,l_opt_current_alpha,0.12040901866026597,0.1265043098774137,0.015051127332533193,0.125,True,True,True,False,3.3537546793619213e-05,True,not_needed,,,,,0,False,10350,22686
2,2,0.0,0.0,uniform,0,uniform,0.5,guarded,stage1,,,0,14,0.0008582239388429114,custom,"{""bfgs"": 0.1915628431141536, ""custom"": 0.0007815338934609579}",0.008496717239419619,0.008496717239419619,stage3_l_opt,l_opt_current_alpha,0.1135078055989438,0.11976942159713667,0.007525563666266572,0.0625,False,False,True,True,0.0001723940173784886,True,not_needed,,,,,0,False,11106,23928
2,2,0.0,0.0,uniform,0,uniform,0.5,guarded,stage1,,,0,15,0.0008536040477784557,custom,"{""bfgs"": 0.19157742163159738, ""custom"": 0.0007777953269362288}",0.008482657993833223,0.008482657993833223,stage3_l_opt,l_opt_current_alpha,0.12107899513430061,0.12734154227267894,0.006020450933013257,0.05,False,False,True,True,0.00015833477179209333,True,not_needed,,,,,0,False,11775,25323
2,2,0.0,0.0,uniform,0,uniform,0.5,guarded,stage1,,,0,16,0.0005367855468962346,custom,"{""bfgs"": 0.1915803328165629, ""custom"": 0.0005679859522695925}",0.008341392502188683,0.008341392502188683,stage3_l_opt,l_opt_current_alpha,0.1156012620116472,0.12172130209174174,0.0057800631005823985,0.05,True,True,True,False,1.706928014755249e-05,True,not_needed,,,,,0,False,12516,26316
2,2,0.0,0.0,uniform,0,uniform,0.5,guarded,stage1,,,0,17,0.00018353695198486397,custom,"{""bfgs"": 0.1915641649689428, ""custom"": 0.0009917007800154633}",0.008319164936741194,0.008319164936741194,stage3_l_opt,l_opt_current_alpha,0.10979257991153177,0.11591203593041138,0.005489628995576611,0.05,True,True,True,False,-2.2227565447488842e-05,True,not_needed,,,,,0,False,13218,27354
2,2,0.0,0.0,uniform,0,uniform,0.5,guarded,stage1,,,0,18,0.0008589056012230922,custom,"{""bfgs"": 0.19154909257809521, ""custom"": 0.0007737543344772917}",0.008491643394033114,0.008491643394033114,stage3_l_opt,l_opt_current_alpha,0.11128528006333885,0.11754723259543029,0.005489628995576611,0.05,False,False,True,True,0.00017247845729191982,True,not_needed,,,,,0,False,13878,28668
2,2,0.0,0.0,uniform,0,uniform,0.5,guarded,stage1,,,0,19,0.0008589056012230922,custom,"{""bfgs"": 0.19154909257809521, ""custom"": 0.0007737543344772917}",0.008491643394033114,0.008491643394033114,stage3_l_opt,l_opt_current_alpha,0.11128528006333885,0.11754723259543029,0.005489628995576611,0.05,False,False,True,True,0.00017247845729191982,True,not_needed,,,,,0,False,14538,29982
3,2,0.0,0.0,uniform,0,uniform,0.5,guarded,stage1,,,0,0,0.0038328517974509915,custom,"{""bfgs"": 0.01634019861618678, ""custom"": 0.014723318318525951}",0.01472331831852595,0.01472331831852595,stage3_l_opt,l_opt_current_alpha,0.4791972373869806,0.4889767728438578,0.23959861869349028,0.5,False,True,True,False,,True,recovered_informative,1,0.02738967289527257,0.01634019861618678,0.011049474279085793,1,True,465,2352
3,2,0.0,0.0,uniform,0,uniform,0.5,guarded,stage1,,,0,1,0.0038446985750615523,custom,"{""bfgs"": 0.0152779192590757, ""custom"": 0.012837848609384212}",0.014721522728602091,0.014721522728602091,stage3_l_opt,l_opt_current_alpha,0.3164913637214249,0.325395256373188,0.1582456818607124,0.5,True,True,True,False,-1.7955899238586426e-06,True,recovered_informative,1,0.025553309676342693,0.0152779192590757,0.010275390417266994,1,True,852,4746
3,2,0.0,0.0,uniform,0,uniform,0.5,guarded,stage1,,,0,2,0.014666714302656203,custom,"{""bfgs"": 0.02647136634312687, ""custom"": 0.025454709179358635}",0.029883372286955517,0.029883372286955517,stage3_l_opt,l_opt_current_alpha,1.2123865677538619,1.2294534883985422,0.07912284093035621,0.25,False,False,True,True,0.015161849558353426,True,not_needed,,,,,0,False,1032,5481
3,2,0.0,0.0,uniform,0,uniform,0.5,guarded,stage1,,,0,3,0.006014977553248035,custom,"{""bfgs"": 0.027284612643290112, ""custom"": 0.02595736144823323}",0.02768077204624812,0.02768077204624812,stage3_l_opt,l_opt_current_alpha,1.042483187307986,1.0574756393463325,0.03956142046517808,0.125,False,False,True,True,0.012959249317646028,True,not_needed,,,,,0,False,1143,6384
3,2,0.0,0.0,uniform,0,uniform,0.5,guarded,stage1,,,0,4,0.006004000029254608,custom,"{""bfgs"": 0.02769123579337173, ""custom"": 0.025746314309154788}",0.027658740679423015,0.027658740679423015,stage3_l_opt,l_opt_current_alpha,1.1473058699865168,1.1739725366531832,0.019780710232589094,0.0625,False,False,True,True,0.012937217950820925,True,not_needed,,,,,0,False,1320,7527
3,2,0.0,0.0,uniform,0,uniform,0.5,guarded,stage1,,,0,5,0.003798273470504108,custom,"{""bfgs"": 0.013918032982814842, ""custom"": 0.012883389486566282}",0.014799478153387705,0.014799478153387705,stage3_l_opt,l_opt_current_alpha,0.2925166319639234,0.3013349323396679,0.018282289497745213,0.0625,True,True,True,False,7.795542478561401e-05,True,recovered_informative,1,0.025650525487424188,0.013918032982814842,0.011732492504609346,1,True,2511,11037
3,2,0.0,0.0,uniform,0,uniform,0.5,guarded,stage1,,,0,6,0.006001607236709061,custom,"{""bfgs"": 0.027713930547514184, ""custom"": 0.02574569500237259}",0.027658042808373768,0.027658042808373768,stage3_l_opt,l_opt_current_alpha,1.1488042907213605,1.1754709573880273,0.014625831598196248,0.05,False,False,True,True,0.012858564654986063,True,not_needed,,,,,0,False,2685,12501
3,2,0.0,0.0,uniform,0,uniform,0.5,guarded,stage1,,,0,7,0.003790735514389325,custom,"{""bfgs"": 0.01341323031794266, ""custom"": 0.012878635047738318}",0.014812116821606955,0.014812116821606955,stage3_l_opt,l_opt_current_alpha,0.24970032181770987,0.2579433063047194,0.012485016090885481,0.05,True,True,True,False,1.263866821924961e-05,True,recovered_informative,1,0.025756146298949234,0.014186451841968244,0.01156969445698099,1,True,3768,15525
3,2,0.0,0.0,uniform,0,uniform,0.5,guarded,stage1,,,0,8,0.003794371765468456,custom,"{""bfgs"": 0.013074312014451292, ""custom"": 0.012855194112240103}",0.014777936041355133,0.014777936041355133,stage3_l_opt,l_opt_current_alpha,0.33364567414476265,0.34613275745736716,0.016682283707238094,0.05,True,True,True,False,-3.418078025182146e-05,True,recovered_informative,1,0.02581777289792117,0.013074318854518102,0.012743454043403069,1,True,4794,18693
3,2,0.0,0.0,uniform,0,uniform,0.5,guarded,stage1,,,0,9,0.006027236435004801,custom,"{""bfgs"": 0.02743308917718549, ""custom"": 0.025851812878689116}",0.027667356034119923,0.027667356034119923,stage3_l_opt,l_opt_current_alpha,0.9572697298993111,0.9707874041446012,0.016682283707238094,0.05,False,False,True,True,0.01288941999276479,True,not_needed,,,,,0,False,4932,19884
3,2,0.0,0.0,uniform,0,uniform,0.5,guarded,stage1,,,0,10,0.006027236435004801,custom,"{""bfgs"": 0.02743308917718549, ""custom"": 0.025851812878689116}",0.027667356034119923,0.027667356034119923,stage3_l_opt,l_opt_current_alpha,0.9572697298993111,0.9707874041446012,0.016682283707238094,0.05,False,False,True,True,0.01288941999276479,True,not_needed,,,,,0,False,5070,21075
3,2,0.0,0.0,uniform,0,uniform,0.5,guarded,stage1,,,0,11,0.006027236435004801,custom,"{""bfgs"": 0.02743308917718549, ""custom"": 0.025851812878689116}",0.027667356034119923,0.027667356034119923,stage3_l_opt,l_opt_current_alpha,0.9572697298993111,0.9707874041446012,0.016682283707238094,0.05,False,False,True,True,0.01288941999276479,True,not_needed,,,,,0,False,5208,22266
3,2,0.0,0.0,uniform,0,uniform,0.5,guarded,stage1,,,0,12,0.006027236435004801,custom,"{""bfgs"": 0.02743308917718549, ""custom"": 0.025851812878689116}",0.027667356034119923,0.027667356034119923,stage3_l_opt,l_opt_current_alpha,0.9572697298993111,0.9707874041446012,0.016682283707238094,0.05,False,False,True,True,0.01288941999276479,True,not_needed,,,,,0,False,5346,23457
3,2,0.0,0.0,uniform,0,uniform,0.5,guarded,stage1,,,0,13,0.006027236435004801,custom,"{""bfgs"": 0.02743308917718549, ""custom"": 0.025851812878689116}",0.027667356034119923,0.027667356034119923,stage3_l_opt,l_opt_current_alpha,0.9572697298993111,0.9707874041446012,0.016682283707238094,0.05,False,False,True,True,0.01288941999276479,True,not_needed,,,,,0,False,5484,24648
3,2,0.0,0.0,uniform,0,uniform,0.5,guarded,stage1,,,0,14,0.006027236435004801,custom,"{""bfgs"": 0.02743308917718549, ""custom"": 0.025851812878689116}",0.027667356034119923,0.027667356034119923,stage3_l_opt,l_opt_current_alpha,0.9572697298993111,0.9707874041446012,0.016682283707238094,0.05,False,False,True,True,0.01288941999276479,True,not_needed,,,,,0,False,5622,25839
3,2,0.0,0.0,uniform,0,uniform,0.5,guarded,stage1,,,0,15,0.006027236435004801,custom,"{""bfgs"": 0.02743308917718549, ""custom"": 0.025851812878689116}",0.027667356034119923,0.027667356034119923,stage3_l_opt,l_opt_current_alpha,0.9572697298993111,0.9707874041446012,0.016682283707238094,0.05,False,False,True,True,0.01288941999276479,True,not_needed,,,,,0,False,5760,27030
3,2,0.0,0.0,uniform,0,uniform,0.5,guarded,stage1,,,0,16,0.006027236435004801,custom,"{""bfgs"": 0.02743308917718549, ""custom"": 0.025851812878689116}",0.027667356034119923,0.027667356034119923,stage3_l_opt,l_opt_current_alpha,0.9572697298993111,0.9707874041446012,0.016682283707238094,0.05,False,False,True,True,0.01288941999276479,True,not_needed,,,,,0,False,5898,28221
3,2,0.0,0.0,uniform,0,uniform,0.5,guarded,stage1,,,0,17,0.006027236435004801,custom,"{""bfgs"": 0.02743308917718549, ""custom"": 0.025851812878689116}",0.027667356034119923,0.027667356034119923,stage3_l_opt,l_opt_current_alpha,0.9572697298993111,0.9707874041446012,0.016682283707238094,0.05,False,False,True,True,0.01288941999276479,True,not_needed,,,,,0,False,6036,29412
3,2,0.0,0.0,uniform,0,uniform,0.5,guarded,stage1,,,0,18,0.006027236435004801,custom,"{""bfgs"": 0.02743308917718549, ""custom"": 0.025851812878689116}",0.027667356034119923,0.027667356034119923,stage3_l_opt,l_opt_current_alpha,0.9572697298993111,0.9707874041446012,0.016682283707238094,0.05,False,False,True,True,0.01288941999276479,True,not_needed,,,,,0,False,6174,30603
3,2,0.0,0.0,uniform,0,uniform,0.5,guarded,stage1,,,0,19,0.006027236435004801,custom,"{""bfgs"": 0.02743308917718549, ""custom"": 0.025851812878689116}",0.027667356034119923,0.027667356034119923,stage3_l_opt,l_opt_current_alpha,0.9572697298993111,0.9707874041446012,0.016682283707238094,0.05,False,False,True,True,0.01288941999276479,True,not_needed,,,,,0,False,6312,31794
4,2,0.0,0.0,uniform,0,uniform,0.5,guarded,stage1,,,0,0,0.005233680411240965,bfgs,"{""bfgs"": 0.007703421016534169, ""custom"": 0.007703421016534169}",0.007703421016534169,0.007703421016534169,stage3_l_opt,l_opt_current_alpha,1.3066661113415519,1.3333327666750532,0.653333055670776,0.5,False,True,True,False,,True,recovered_informative,20,0.016788107653458915,0.007703421016534169,0.009084686636924747,1,True,762,1698
4,2,0.0,0.0,uniform,0,uniform,0.5,guarded,stage1,,,0,1,0.005233694292354636,bfgs,"{""bfgs"": 0.003928758393892416, ""custom"": 0.003928758393892416}",0.007703435917695363,0.007703435917695363,stage3_l_opt,l_opt_current_alpha,0.6533319450186591,0.6799985776857904,0.3266659725093295,0.5,True,True,True,False,1.4901161193847656e-08,True,recovered_informative,20,0.009188434457946287,0.003928758393892416,0.005259676064053871,1,True,1467,3726
4,2,0.0,0.0,uniform,0,uniform,0.5,guarded,stage1,,,0,2,0.005233693247601737,bfgs,"{""bfgs"": 0.0020414153552091876, ""custom"": 0.002041417329627527}",0.007703435917695363,0.007703435917695363,stage3_l_opt,l_opt_current_alpha,0.3266643040956362,0.3533309027135084,0.1633321520478181,0.5,True,True,True,False,0.0,True,recovered_informative,10,0.004386632116789258,0.002041417329627527,0.0023452147871617307,1,True,2205,5400
4,2,0.0,0.0,uniform,0,uniform,0.5,guarded,stage1,,,0,3,0.002104821619511502,bfgs,"{""bfgs"": 0.0010609714297436872, ""custom"": 0.0010615878154773754}",0.007445134222507477,0.007445134222507477,stage3_l_opt,l_opt_current_alpha,0.10868465009895956,0.13423599357501828,0.05434232504947982,0.5,True,True,True,False,-0.00025830169518788627,True,recovered_informative,10,0.002399817246093167,0.0010615878154773754,0.0013382294306157915,1,True,3294,8430
4,2,0.0,0.0,uniform,0,uniform,0.5,guarded,stage1,,,0,4,0.005233663417157696,bfgs,"{""bfgs"": 0.0008823891052172554, ""custom"": 0.0008823891052172554}",0.00770344336827596,0.00770344336827596,stage3_l_opt,l_opt_current_alpha,0.10899316138926324,0.13565982805592988,0.027171162524739924,0.25,False,False,True,True,0.0002583091457684832,True,recovered_informative,10,0.0017223275362905333,0.0008823891052172554,0.0008399384310732779,1,True,4062,11160
4,2,0.0,0.0,uniform,0,uniform,0.5,guarded,stage1,,,0,5,0.005233692399648484,bfgs,"{""bfgs"": 0.000990071376430394, ""custom"": 0.0009900718307303692}",0.007703438401222229,0.007703438401222229,stage3_l_opt,l_opt_current_alpha,0.136162099914725,0.16282872119365122,0.013585581262369958,0.125,False,False,True,True,0.0002583041787147522,True,recovered_informative,10,0.0020890017047821017,0.0009900718307303692,0.0010989298740517325,1,True,5220,14328
4,2,0.0,0.0,uniform,0,uniform,0.5,guarded,stage1,,,0,6,0.005233667615642433,bfgs,"{""bfgs"": 0.0010439125109027653, ""custom"": 0.0010439131934869262}",0.007703438401222229,0.007703438401222229,stage3_l_opt,l_opt_current_alpha,0.14974768224719903,0.17641430354796417,0.006792790631185035,0.0625,False,False,True,True,0.0002583041787147522,True,recovered_informative,10,0.0022541031088216023,0.0010439131934869262,0.001210189915334676,1,True,6090,15924
4,2,0.0,0.0,uniform,0,uniform,0.5,guarded,stage1,,,0,7,0.00523366341715769,bfgs,"{""bfgs"": 0.0010708338748652046, ""custom"": 0.0010708338748652046}",0.00770344336827596,0.00770344336827596,stage3_l_opt,l_opt_current_alpha,0.15654269580755803,0.18320936247422465,0.005434232504947942,0.05,False,False,True,True,0.0002583091457684832,True,recovered_informative,10,0.0023286420647182756,0.0010708338748652046,0.001257808189853071,1,True,7089,18228
4,2,0.0,0.0,uniform,0,uniform,0.5,guarded,stage1,,,0,8,0.005233692061715923,bfgs,"{""bfgs"": 0.0010762173540259789, ""custom"": 0.0010762180111408605}",0.007703438401222229,0.007703438401222229,stage3_l_opt,l_opt_current_alpha,0.15789903100462105,0.1845656523053862,0.005434232504947942,0.05,False,False,True,True,0.0002583041787147522,True,recovered_informative,10,0.0023476755960822717,0.0010762180111408605,0.0012714575849414112,1,True,8250,19944
4,2,0.0,0.0,uniform,0,uniform,0.5,guarded,stage1,,,0,9,0.005233692061715923,bfgs,"{""bfgs"": 0.0010762173540259789, ""custom"": 0.0010762180111408605}",0.007703438401222229,0.007703438401222229,stage3_l_opt,l_opt_current_alpha,0.15789903100462105,0.1845656523053862,0.005434232504947942,0.05,False,False,True,True,0.0002583041787147522,True,recovered_informative,10,0.0023476755960822717,0.0010762180111408605,0.0012714575849414112,1,True,9411,21660
4,2,0.0,0.0,uniform,0,uniform,0.5,guarded,stage1,,,0,10,0.005233692061715923,bfgs,"{""bfgs"": 0.0010762173540259789, ""custom"": 0.0010762180111408605}",0.007703438401222229,0.007703438401222229,stage3_l_opt,l_opt_current_alpha,0.15789903100462105,0.1845656523053862,0.005434232504947942,0.05,False,False,True,True,0.0002583041787147522,True,recovered_informative,10,0.0023476755960822717,0.0010762180111408605,0.0012714575849414112,1,True,10572,23376
4,2,0.0,0.0,uniform,0,uniform,0.5,guarded,stage1,,,0,11,0.005233692061715923,bfgs,"{""bfgs"": 0.0010762173540259789, ""custom"": 0.0010762180111408605}",0.007703438401222229,0.007703438401222229,stage3_l_opt,l_opt_current_alpha,0.15789903100462105,0.1845656523053862,0.005434232504947942,0.05,False,False,True,True,0.0002583041787147522,True,recovered_informative,10,0.0023476755960822717,0.0010762180111408605,0.0012714575849414112,1,True,11733,25092
4,2,0.0,0.0,uniform,0,uniform,0.5,guarded,stage1,,,0,12,0.005233692061715923,bfgs,"{""bfgs"": 0.0010762173540259789, ""custom"": 0.0010762180111408605}",0.007703438401222229,0.007703438401222229,stage3_l_opt,l_opt_current_alpha,0.15789903100462105,0.1845656523053862,0.005434232504947942,0.05,False,False,True,True,0.0002583041787147522,True,recovered_informative,10,0.0023476755960822717,0.0010762180111408605,0.0012714575849414112,1,True,12894,26808
4,2,0.0,0.0,uniform,0,uniform,0.5,guarded,stage1,,,0,13,0.005233692061715923,bfgs,"{""bfgs"": 0.0010762173540259789, ""custom"": 0.0010762180111408605}",0.007703438401222229,0.007703438401222229,stage3_l_opt,l_opt_current_alpha,0.15789903100462105,0.1845656523053862,0.005434232504947942,0.05,False,False,True,True,0.0002583041787147522,True,recovered_informative,10,0.0023476755960822717,0.0010762180111408605,0.0012714575849414112,1,True,14055,28524
4,2,0.0,0.0,uniform,0,uniform,0.5,guarded,stage1,,,0,14,0.005233692061715923,bfgs,"{""bfgs"": 0.0010762173540259789, ""custom"": 0.0010762180111408605}",0.007703438401222229,0.007703438401222229,stage3_l_opt,l_opt_current_alpha,0.15789903100462105,0.1845656523053862,0.005434232504947942,0.05,False,False,True,True,0.0002583041787147522,True,recovered_informative,10,0.0023476755960822717,0.0010762180111408605,0.0012714575849414112,1,True,15216,30240
4,2,0.0,0.0,uniform,0,uniform,0.5,guarded,stage1,,,0,15,0.005233692061715923,bfgs,"{""bfgs"": 0.0010762173540259789, ""custom"": 0.0010762180111408605}",0.007703438401222229,0.007703438401222229,stage3_l_opt,l_opt_current_alpha,0.15789903100462105,0.1845656523053862,0.005434232504947942,0.05,False,False,True,True,0.0002583041787147522,True,recovered_informative,10,0.0023476755960822717,0.0010762180111408605,0.0012714575849414112,1,True,16377,31956
4,2,0.0,0.0,uniform,0,uniform,0.5,guarded,stage1,,,0,16,0.005233692061715923,bfgs,"{""bfgs"": 0.0010762173540259789, ""custom"": 0.0010762180111408605}",0.007703438401222229,0.007703438401222229,stage3_l_opt,l_opt_current_alpha,0.15789903100462105,0.1845656523053862,0.005434232504947942,0.05,False,False,True,True,0.0002583041787147522,True,recovered_informative,10,0.0023476755960822717,0.0010762180111408605,0.0012714575849414112,1,True,17538,33672
4,2,0.0,0.0,uniform,0,uniform,0.5,guarded,stage1,,,0,17,0.005233692061715923,bfgs,"{""bfgs"": 0.0010762173540259789, ""custom"": 0.0010762180111408605}",0.007703438401222229,0.007703438401222229,stage3_l_opt,l_opt_current_alpha,0.15789903100462105,0.1845656523053862,0.005434232504947942,0.05,False,False,True,True,0.0002583041787147522,True,recovered_informative,10,0.0023476755960822717,0.0010762180111408605,0.0012714575849414112,1,True,18699,35388
4,2,0.0,0.0,uniform,0,uniform,0.5,guarded,stage1,,,0,18,0.005233692061715923,bfgs,"{""bfgs"": 0.0010762173540259789, ""custom"": 0.0010762180111408605}",0.007703438401222229,0.007703438401222229,stage3_l_opt,l_opt_current_alpha,0.15789903100462105,0.1845656523053862,0.005434232504947942,0.05,False,False,True,True,0.0002583041787147522,True,recovered_informative,10,0.0023476755960822717,0.0010762180111408605,0.0012714575849414112,1,True,19860,37104
4,2,0.0,0.0,uniform,0,uniform,0.5,guarded,stage1,,,0,19,0.005233692061715923,bfgs,"{""bfgs"": 0.0010762173540259789, ""custom"": 0.0010762180111408605}",0.007703438401222229,0.007703438401222229,stage3_l_opt,l_opt_current_alpha,0.15789903100462105,0.1845656523053862,0.005434232504947942,0.05,False,False,True,True,0.0002583041787147522,True,recovered_informative,10,0.0023476755960822717,0.0010762180111408605,0.0012714575849414112,1,True,21021,38820
5,2,0.0,0.0,uniform,0,uniform,0.5,guarded,stage1,,,0,0,0.026431987300693793,bfgs,"{""bfgs"": 0.008244013413786886, ""custom"": 0.008244028314948082}",0.008244013413786888,0.008244013413786888,stage3_l_opt,l_opt_current_alpha,1.2555759693543376,1.2811999687289157,0.6277879846771688,0.5,False,True,True,False,,True,recovered_informative,3,0.020472523445884384,0.008244028314948082,0.012228495130936302,1,True,924,1680
5,2,0.0,0.0,uniform,0,uniform,0.5,guarded,stage1,,,0,1,0.03302526775214859,bfgs,"{""bfgs"": 0.005545249428159667, ""custom"": 0.005545249428159667}",0.010242216909925142,0.010242216909925142,stage3_l_opt,l_opt_current_alpha,0.6788535320199613,0.7055196854219434,0.31389399233858445,0.25,False,False,True,True,0.0019982034961382542,True,recovered_informative,3,0.021910515583455713,0.005545249428159667,0.016365266155296047,1,True,1767,4524
5,2,0.0,0.0,uniform,0,uniform,0.5,guarded,stage1,,,0,2,0.026993596111706042,bfgs,"{""bfgs"": 0.007843981899308558, ""custom"": 0.007843981899308558}",0.008281176909804344,0.008281176909804344,stage3_l_opt,l_opt_current_alpha,0.9927726743280822,1.0194393409947489,0.2481931685820206,0.25,True,True,True,False,3.7163496017456055e-05,True,recovered_informative,20,0.013861004189147423,0.007843981899308558,0.006017022289838865,1,True,2649,9762
5,2,0.0,0.0,uniform,0,uniform,0.5,guarded,stage1,,,0,3,0.03302531508250839,bfgs,"{""bfgs"": 0.005971516508837877, ""custom"": 0.005971517784903975}",0.010242216909925142,0.010242216909925142,stage3_l_opt,l_opt_current_alpha,0.7445543557765251,0.7712205091785073,0.12409658429101028,0.125,False,False,True,True,0.001961040000120798,True,recovered_informative,20,0.023859718613515157,0.005971517784903975,0.017888200828611183,1,True,3405,13050
5,2,0.0,0.0,uniform,0,uniform,0.5,guarded,stage1,,,0,4,0.03302521491664029,bfgs,"{""bfgs"": 0.0069326192633697055, ""custom"": 0.0069326192633697055}",0.010242179657022158,0.010242179657022158,stage3_l_opt,l_opt_current_alpha,0.8686760900370719,0.8953427567037386,0.06204829214550517,0.0625,False,False,True,True,0.0019610027472178135,True,recovered_informative,3,0.017786603832574834,0.0069326192633697055,0.010853984569205128,1,True,4230,15720
5,2,0.0,0.0,uniform,0,uniform,0.5,guarded,stage1,,,0,5,0.033025216173628136,bfgs,"{""bfgs"": 0.007413168931439023, ""custom"": 0.007413168931439023}",0.010242179657022158,0.010242179657022158,stage3_l_opt,l_opt_current_alpha,0.930724382182577,0.9573910488492438,0.049638633716404146,0.05,False,False,True,True,0.0019610027472178135,True,recovered_informative,3,0.01745969014062922,0.007413168931439023,0.010046521209190197,1,True,4998,19056
5,2,0.0,0.0,uniform,0,uniform,0.5,guarded,stage1,,,0,6,0.03302486773261487,bfgs,"{""bfgs"": 0.007509296440735379, ""custom"": 0.007509298609701658}",0.0102420753488938,0.0102420753488938,stage3_l_opt,l_opt_current_alpha,0.9421293310355283,0.9687754934251307,0.049638633716404146,0.05,False,False,True,True,0.0019608984390894566,True,recovered_informative,20,0.02628442266637631,0.007509298609701658,0.018775124056674652,1,True,5814,23040
5,2,0.0,0.0,uniform,0,uniform,0.5,guarded,stage1,,,0,7,0.03302486773261487,bfgs,"{""bfgs"": 0.007509296440735379, ""custom"": 0.007509298609701658}",0.0102420753488938,0.0102420753488938,stage3_l_opt,l_opt_current_alpha,0.9421293310355283,0.9687754934251307,0.049638633716404146,0.05,False,False,True,True,0.0019608984390894566,True,recovered_informative,20,0.02628442266637631,0.007509298609701658,0.018775124056674652,1,True,6630,27024
5,2,0.0,0.0,uniform,0,uniform,0.5,guarded,stage1,,,0,8,0.03302486773261487,bfgs,"{""bfgs"": 0.007509296440735379, ""custom"": 0.007509298609701658}",0.0102420753488938,0.0102420753488938,stage3_l_opt,l_opt_current_alpha,0.9421293310355283,0.9687754934251307,0.049638633716404146,0.05,False,False,True,True,0.0019608984390894566,True,recovered_informative,20,0.02628442266637631,0.007509298609701658,0.018775124056674652,1,True,7446,31008
5,2,0.0,0.0,uniform,0,uniform,0.5,guarded,stage1,,,0,9,0.03302486773261487,bfgs,"{""bfgs"": 0.007509296440735379, ""custom"": 0.007509298609701658}",0.0102420753488938,0.0102420753488938,stage3_l_opt,l_opt_current_alpha,0.9421293310355283,0.9687754934251307,0.049638633716404146,0.05,False,False,True,True,0.0019608984390894566,True,recovered_informative,20,0.02628442266637631,0.007509298609701658,0.018775124056674652,1,True,8262,34992
5,2,0.0,0.0,uniform,0,uniform,0.5,guarded,stage1,,,0,10,0.03302486773261487,bfgs,"{""bfgs"": 0.007509296440735379, ""custom"": 0.007509298609701658}",0.0102420753488938,0.0102420753488938,stage3_l_opt,l_opt_current_alpha,0.9421293310355283,0.9687754934251307,0.049638633716404146,0.05,False,False,True,True,0.0019608984390894566,True,recovered_informative,20,0.02628442266637631,0.007509298609701658,0.018775124056674652,1,True,9078,38976
5,2,0.0,0.0,uniform,0,uniform,0.5,guarded,stage1,,,0,11,0.03302486773261487,bfgs,"{""bfgs"": 0.007509296440735379, ""custom"": 0.007509298609701658}",0.0102420753488938,0.0102420753488938,stage3_l_opt,l_opt_current_alpha,0.9421293310355283,0.9687754934251307,0.049638633716404146,0.05,False,False,True,True,0.0019608984390894566,True,recovered_informative,20,0.02628442266637631,0.007509298609701658,0.018775124056674652,1,True,9894,42960
5,2,0.0,0.0,uniform,0,uniform,0.5,guarded,stage1,,,0,12,0.03302486773261487,bfgs,"{""bfgs"": 0.007509296440735379, ""custom"": 0.007509298609701658}",0.0102420753488938,0.0102420753488938,stage3_l_opt,l_opt_current_alpha,0.9421293310355283,0.9687754934251307,0.049638633716404146,0.05,False,False,True,True,0.0019608984390894566,True,recovered_informative,20,0.02628442266637631,0.007509298609701658,0.018775124056674652,1,True,10710,46944
5,2,0.0,0.0,uniform,0,uniform,0.5,guarded,stage1,,,0,13,0.03302486773261487,bfgs,"{""bfgs"": 0.007509296440735379, ""custom"": 0.007509298609701658}",0.0102420753488938,0.0102420753488938,stage3_l_opt,l_opt_current_alpha,0.9421293310355283,0.9687754934251307,0.049638633716404146,0.05,False,False,True,True,0.0019608984390894566,True,recovered_informative,20,0.02628442266637631,0.007509298609701658,0.018775124056674652,1,True,11526,50928
5,2,0.0,0.0,uniform,0,uniform,0.5,guarded,stage1,,,0,14,0.03302486773261487,bfgs,"{""bfgs"": 0.007509296440735379, ""custom"": 0.007509298609701658}",0.0102420753488938,0.0102420753488938,stage3_l_opt,l_opt_current_alpha,0.9421293310355283,0.9687754934251307,0.049638633716404146,0.05,False,False,True,True,0.0019608984390894566,True,recovered_informative,20,0.02628442266637631,0.007509298609701658,0.018775124056674652,1,True,12342,54912
5,2,0.0,0.0,uniform,0,uniform,0.5,guarded,stage1,,,0,15,0.03302486773261487,bfgs,"{""bfgs"": 0.007509296440735379, ""custom"": 0.007509298609701658}",0.0102420753488938,0.0102420753488938,stage3_l_opt,l_opt_current_alpha,0.9421293310355283,0.9687754934251307,0.049638633716404146,0.05,False,False,True,True,0.0019608984390894566,True,recovered_informative,20,0.02628442266637631,0.007509298609701658,0.018775124056674652,1,True,13158,58896
5,2,0.0,0.0,uniform,0,uniform,0.5,guarded,stage1,,,0,16,0.03302486773261487,bfgs,"{""bfgs"": 0.007509296440735379, ""custom"": 0.007509298609701658}",0.0102420753488938,0.0102420753488938,stage3_l_opt,l_opt_current_alpha,0.9421293310355283,0.9687754934251307,0.049638633716404146,0.05,False,False,True,True,0.0019608984390894566,True,recovered_informative,20,0.02628442266637631,0.007509298609701658,0.018775124056674652,1,True,13974,62880
5,2,0.0,0.0,uniform,0,uniform,0.5,guarded,stage1,,,0,17,0.03302486773261487,bfgs,"{""bfgs"": 0.007509296440735379, ""custom"": 0.007509298609701658}",0.0102420753488938,0.0102420753488938,stage3_l_opt,l_opt_current_alpha,0.9421293310355283,0.9687754934251307,0.049638633716404146,0.05,False,False,True,True,0.0019608984390894566,True,recovered_informative,20,0.02628442266637631,0.007509298609701658,0.018775124056674652,1,True,14790,66864
5,2,0.0,0.0,uniform,0,uniform,0.5,guarded,stage1,,,0,18,0.03302486773261487,bfgs,"{""bfgs"": 0.007509296440735379, ""custom"": 0.007509298609701658}",0.0102420753488938,0.0102420753488938,stage3_l_opt,l_opt_current_alpha,0.9421293310355283,0.9687754934251307,0.049638633716404146,0.05,False,False,True,True,0.0019608984390894566,True,recovered_informative,20,0.02628442266637631,0.007509298609701658,0.018775124056674652,1,True,15606,70848
5,2,0.0,0.0,uniform,0,uniform,0.5,guarded,stage1,,,0,19,0.03302486773261487,bfgs,"{""bfgs"": 0.007509296440735379, ""custom"": 0.007509298609701658}",0.0102420753488938,0.0102420753488938,stage3_l_opt,l_opt_current_alpha,0.9421293310355283,0.9687754934251307,0.049638633716404146,0.05,False,False,True,True,0.0019608984390894566,True,recovered_informative,20,0.02628442266637631,0.007509298609701658,0.018775124056674652,1,True,16422,74832
5,2,0.0,0.0,uniform,0,uniform,0.5,guarded,stage1,,,1,0,0.016154373146065215,custom,"{""bfgs"": 0.02457054704427719, ""custom"": 0.011828691698610783}",0.011828691698610783,0.011828691698610783,stage3_l_opt,l_opt_current_alpha,0.853149960526417,0.8705611842106296,0.42657498026320845,0.5,False,True,True,False,,True,not_needed,,,,,0,False,294,38
5,2,0.0,0.0,uniform,0,uniform,0.5,guarded,stage1,,,1,1,0.03302530269747084,custom,"{""bfgs"": 0.02027545708605311, ""custom"": 0.007223206988697988}",0.012596585787832737,0.012596585787832737,stage3_l_opt,l_opt_current_alpha,0.5534221922511062,0.5734221345473167,0.2132874901316042,0.25,False,False,True,True,0.0007678940892219543,True,not_needed,,,,,0,False,538,76
5,2,0.0,0.0,uniform,0,uniform,0.5,guarded,stage1,,,1,2,0.0330252252187333,custom,"{""bfgs"": 0.15834340919096543, ""custom"": 0.009909897378260524}",0.012596570886671543,0.012596570886671543,stage3_l_opt,l_opt_current_alpha,0.7667068549133407,0.7867067395060945,0.10664374506580215,0.125,False,False,True,True,0.0007678791880607605,True,not_needed,,,,,0,False,678,114
5,2,0.0,0.0,uniform,0,uniform,0.5,guarded,stage1,,,1,3,0.03302509901807005,custom,"{""bfgs"": 0.028571403029040314, ""custom"": 0.011253264924783584}",0.012596585787832737,0.012596585787832737,stage3_l_opt,l_opt_current_alpha,0.8733534274485124,0.8933533697447229,0.05332187253290105,0.0625,False,False,True,True,0.0007678940892219543,True,not_needed,,,,,0,False,1092,152
5,2,0.0,0.0,uniform,0,uniform,0.5,guarded,stage1,,,1,4,0.03300311393723321,custom,"{""bfgs"": 0.039709007797844295, ""custom"": 0.011925190716313115}",0.012595557607710361,0.012595557607710361,stage3_l_opt,l_opt_current_alpha,0.9264802428636065,0.9464762044023107,0.04265749802632085,0.05,False,False,True,True,0.0007668659090995789,True,not_needed,,,,,0,False,1464,190
5,2,0.0,0.0,uniform,0,uniform,0.5,guarded,stage1,,,1,5,0.03208656553806294,custom,"{""bfgs"": 0.10100169326384796, ""custom"": 0.012059558627462951}",0.012552806176245213,0.012552806176245213,stage3_l_opt,l_opt_current_alpha,0.929102370556483,0.9489342046091933,0.04265749802632085,0.05,False,False,True,True,0.0007241144776344299,True,not_needed,,,,,0,False,1564,228
5,2,0.0,0.0,uniform,0,uniform,0.5,guarded,stage1,,,1,6,0.03208656553806294,custom,"{""bfgs"": 0.10100169326384796, ""custom"": 0.012059558627462951}",0.012552806176245213,0.012552806176245213,stage3_l_opt,l_opt_current_alpha,0.929102370556483,0.9489342046091933,0.04265749802632085,0.05,False,False,True,True,0.0007241144776344299,True,not_needed,,,,,0,False,1664,266
5,2,0.0,0.0,uniform,0,uniform,0.5,guarded,stage1,,,1,7,0.03208656553806294,custom,"{""bfgs"": 0.10100169326384796, ""custom"": 0.012059558627462951}",0.012552806176245213,0.012552806176245213,stage3_l_opt,l_opt_current_alpha,0.929102370556483,0.9489342046091933,0.04265749802632085,0.05,False,False,True,True,0.0007241144776344299,True,not_needed,,,,,0,False,1764,304
5,2,0.0,0.0,uniform,0,uniform,0.5,guarded,stage1,,,1,8,0.03208656553806294,custom,"{""bfgs"": 0.10100169326384796, ""custom"": 0.012059558627462951}",0.012552806176245213,0.012552806176245213,stage3_l_opt,l_opt_current_alpha,0.929102370556483,0.9489342046091933,0.04265749802632085,0.05,False,False,True,True,0.0007241144776344299,True,not_needed,,,,,0,False,1864,342
5,2,0.0,0.0,uniform,0,uniform,0.5,guarded,stage1,,,1,9,0.03208656553806294,custom,"{""bfgs"": 0.10100169326384796, ""custom"": 0.012059558627462951}",0.012552806176245213,0.012552806176245213,stage3_l_opt,l_opt_current_alpha,0.929102370556483,0.9489342046091933,0.04265749802632085,0.05,False,False,True,True,0.0007241144776344299,True,not_needed,,,,,0,False,1964,380
5,2,0.0,0.0,uniform,0,uniform,0.5,guarded,stage1,,,1,10,0.03208656553806294,custom,"{""bfgs"": 0.10100169326384796, ""custom"": 0.012059558627462951}",0.012552806176245213,0.012552806176245213,stage3_l_opt,l_opt_current_alpha,0.929102370556483,0.9489342046091933,0.04265749802632085,0.05,False,False,True,True,0.0007241144776344299,True,not_needed,,,,,0,False,2064,418
5,2,0.0,0.0,uniform,0,uniform,0.5,guarded,stage1,,,1,11,0.03208656553806294,custom,"{""bfgs"": 0.10100169326384796, ""custom"": 0.012059558627462951}",0.012552806176245213,0.012552806176245213,stage3_l_opt,l_opt_current_alpha,0.929102370556483,0.9489342046091933,0.04265749802632085,0.05,False,False,True,True,0.0007241144776344299,True,not_needed,,,,,0,False,2164,456
5,2,0.0,0.0,uniform,0,uniform,0.5,guarded,stage1,,,1,12,0.03208656553806294,custom,"{""bfgs"": 0.10100169326384796, ""custom"": 0.012059558627462951}",0.012552806176245213,0.012552806176245213,stage3_l_opt,l_opt_current_alpha,0.929102370556483,0.9489342046091933,0.04265749802632085,0.05,False,False,True,True,0.0007241144776344299,True,not_needed,,,,,0,False,2264,494
5,2,0.0,0.0,uniform,0,uniform,0.5,guarded,stage1,,,1,13,0.03208656553806294,custom,"{""bfgs"": 0.10100169326384796, ""custom"": 0.012059558627462951}",0.012552806176245213,0.012552806176245213,stage3_l_opt,l_opt_current_alpha,0.929102370556483,0.9489342046091933,0.04265749802632085,0.05,False,False,True,True,0.0007241144776344299,True,not_needed,,,,,0,False,2364,532
5,2,0.0,0.0,uniform,0,uniform,0.5,guarded,stage1,,,1,14,0.03208656553806294,custom,"{""bfgs"": 0.10100169326384796, ""custom"": 0.012059558627462951}",0.012552806176245213,0.012552806176245213,stage3_l_opt,l_opt_current_alpha,0.929102370556483,0.9489342046091933,0.04265749802632085,0.05,False,False,True,True,0.0007241144776344299,True,not_needed,,,,,0,False,2464,570
5,2,0.0,0.0,uniform,0,uniform,0.5,guarded,stage1,,,1,15,0.03208656553806294,custom,"{""bfgs"": 0.10100169326384796, ""custom"": 0.012059558627462951}",0.012552806176245213,0.012552806176245213,stage3_l_opt,l_opt_current_alpha,0.929102370556483,0.9489342046091933,0.04265749802632085,0.05,False,False,True,True,0.0007241144776344299,True,not_needed,,,,,0,False,2564,608
5,2,0.0,0.0,uniform,0,uniform,0.5,guarded,stage1,,,1,16,0.03208656553806294,custom,"{""bfgs"": 0.10100169326384796, ""custom"": 0.012059558627462951}",0.012552806176245213,0.012552806176245213,stage3_l_opt,l_opt_current_alpha,0.929102370556483,0.9489342046091933,0.04265749802632085,0.05,False,False,True,True,0.0007241144776344299,True,not_needed,,,,,0,False,2664,646
5,2,0.0,0.0,uniform,0,uniform,0.5,guarded,stage1,,,1,17,0.03208656553806294,custom,"{""bfgs"": 0.10100169326384796, ""custom"": 0.012059558627462951}",0.012552806176245213,0.012552806176245213,stage3_l_opt,l_opt_current_alpha,0.929102370556483,0.9489342046091933,0.04265749802632085,0.05,False,False,True,True,0.0007241144776344299,True,not_needed,,,,,0,False,2764,684
5,2,0.0,0.0,uniform,0,uniform,0.5,guarded,stage1,,,1,18,0.03208656553806294,custom,"{""bfgs"": 0.10100169326384796, ""custom"": 0.012059558627462951}",0.012552806176245213,0.012552806176245213,stage3_l_opt,l_opt_current_alpha,0.929102370556483,0.9489342046091933,0.04265749802632085,0.05,False,False,True,True,0.0007241144776344299,True,not_needed,,,,,0,False,2864,722
5,2,0.0,0.0,uniform,0,uniform,0.5,guarded,stage1,,,1,19,0.03208656553806294,custom,"{""bfgs"": 0.10100169326384796, ""custom"": 0.012059558627462951}",0.012552806176245213,0.012552806176245213,stage3_l_opt,l_opt_current_alpha,0.929102370556483,0.9489342046091933,0.04265749802632085,0.05,False,False,True,True,0.0007241144776344299,True,not_needed,,,,,0,False,2964,760
6,2,0.0,0.0,uniform,0,uniform,0.5,guarded,stage1,,,0,0,0.00632532611649772,bfgs,"{""bfgs"": 0.011468042309085527, ""custom"": 0.015709962074955303}",0.011468042309085527,0.011468042309085527,stage3_l_opt,l_opt_current_alpha,0.8552660695538767,0.8727204791366089,0.42763303477693837,0.5,False,True,True,False,,True,not_needed,,,,,0,False,690,1473
6,2,0.0,0.0,uniform,0,uniform,0.5,guarded,stage1,,,0,1,0.0021054256683335736,bfgs,"{""bfgs"": 0.006747053809239659, ""custom"": 0.01139730421124947}",0.007810634250442187,0.007810634250442187,stage3_l_opt,l_opt_current_alpha,0.5414063549417543,0.5437282594349139,0.27070317747087713,0.5,True,True,True,False,-0.00365740805864334,True,not_needed,,,,,0,False,1401,3387
6,2,0.0,0.0,uniform,0,uniform,0.5,guarded,stage1,,,0,2,0.008347829252372957,bfgs,"{""bfgs"": 0.012794681409916017, ""custom"": 0.012795046608786408}",0.012055467193325361,0.012055467193325361,stage3_l_opt,l_opt_current_alpha,1.1438810780498854,1.1704282399959252,0.13535158873543854,0.25,False,False,True,True,0.004244832942883174,True,recovered_informative,3,0.013797164103941289,0.012795046608786408,0.001002117495154881,1,True,1959,7365
6,2,0.0,0.0,uniform,0,uniform,0.5,guarded,stage1,,,0,3,0.004524719499461705,bfgs,"{""bfgs"": 0.012041369498078089, ""custom"": 0.0120439743950303}",0.01543354926009973,0.01543354926009973,stage3_l_opt,l_opt_current_alpha,1.014385220625167,1.0410518872918333,0.06767579436771928,0.125,False,False,True,True,0.007622915009657542,True,recovered_informative,18,0.012808841160464159,0.0120439743950303,0.0007648667654338581,1,True,3375,9981
6,2,0.0,0.0,uniform,0,uniform,0.5,guarded,stage1,,,0,4,0.0016673056221178763,bfgs,"{""bfgs"": 0.010264481530894263, ""custom"": 0.01201598805456497}",0.008617976680397987,0.008617976680397987,stage3_l_opt,l_opt_current_alpha,0.038402952318986106,0.031840619908981294,0.03383789718385971,0.0625,False,False,True,True,0.0008073424299558001,True,not_needed,,,,,0,False,4416,11220
6,2,0.0,0.0,uniform,0,uniform,0.5,guarded,stage1,,,0,5,0.0045300767140734055,bfgs,"{""bfgs"": 0.0108623164478804, ""custom"": 0.010863276337802968}",0.015434696649511656,0.015434696649511656,stage3_l_opt,l_opt_current_alpha,0.912871529073588,0.9395381957402547,0.027070317747087652,0.05,False,False,True,True,0.0076240623990694685,True,recovered_informative,18,0.01170285056956716,0.010863276337802968,0.0008395742317641921,1,True,5682,14142
6,2,0.0,0.0,uniform,0,uniform,0.5,guarded,stage1,,,0,6,0.006270770137538663,bfgs,"{""bfgs"": 0.007935320817947202, ""custom"": 0.011641158555772838}",0.010835460697611174,0.010835460697611174,stage3_l_opt,l_opt_current_alpha,0.6694793794822508,0.6790392378794909,0.027070317747087652,0.05,False,False,True,True,0.0030248264471689863,True,not_needed,,,,,0,False,6273,15627
6,2,0.0,0.0,uniform,0,uniform,0.5,guarded,stage1,,,0,7,0.006270770137538663,bfgs,"{""bfgs"": 0.007935320817947202, ""custom"": 0.011641158555772838}",0.010835460697611174,0.010835460697611174,stage3_l_opt,l_opt_current_alpha,0.6694793794822508,0.6790392378794909,0.027070317747087652,0.05,False,False,True,True,0.0030248264471689863,True,not_needed,,,,,0,False,6864,17112
6,2,0.0,0.0,uniform,0,uniform,0.5,guarded,stage1,,,0,8,0.006270770137538663,bfgs,"{""bfgs"": 0.007935320817947202, ""custom"": 0.011641158555772838}",0.010835460697611174,0.010835460697611174,stage3_l_opt,l_opt_current_alpha,0.6694793794822508,0.6790392378794909,0.027070317747087652,0.05,False,False,True,True,0.0030248264471689863,True,not_needed,,,,,0,False,7455,18597
6,2,0.0,0.0,uniform,0,uniform,0.5,guarded,stage1,,,0,9,0.006270770137538663,bfgs,"{""bfgs"": 0.007935320817947202, ""custom"": 0.011641158555772838}",0.010835460697611174,0.010835460697611174,stage3_l_opt,l_opt_current_alpha,0.6694793794822508,0.6790392378794909,0.027070317747087652,0.05,False,False,True,True,0.0030248264471689863,True,not_needed,,,,,0,False,8046,20082
6,2,0.0,0.0,uniform,0,uniform,0.5,guarded,stage1,,,0,10,0.006270770137538663,bfgs,"{""bfgs"": 0.007935320817947202, ""custom"": 0.011641158555772838}",0.010835460697611174,0.010835460697611174,stage3_l_opt,l_opt_current_alpha,0.6694793794822508,0.6790392378794909,0.027070317747087652,0.05,False,False,True,True,0.0030248264471689863,True,not_needed,,,,,0,False,8637,21567
6,2,0.0,0.0,uniform,0,uniform,0.5,guarded,stage1,,,0,11,0.006270770137538663,bfgs,"{""bfgs"": 0.007935320817947202, ""custom"": 0.011641158555772838}",0.010835460697611174,0.010835460697611174,stage3_l_opt,l_opt_current_alpha,0.6694793794822508,0.6790392378794909,0.027070317747087652,0.05,False,False,True,True,0.0030248264471689863,True,not_needed,,,,,0,False,9228,23052
6,2,0.0,0.0,uniform,0,uniform,0.5,guarded,stage1,,,0,12,0.006270770137538663,bfgs,"{""bfgs"": 0.007935320817947202, ""custom"": 0.011641158555772838}",0.010835460697611174,0.010835460697611174,stage3_l_opt,l_opt_current_alpha,0.6694793794822508,0.6790392378794909,0.027070317747087652,0.05,False,False,True,True,0.0030248264471689863,True,not_needed,,,,,0,False,9819,24537
6,2,0.0,0.0,uniform,0,uniform,0.5,guarded,stage1,,,0,13,0.006270770137538663,bfgs,"{""bfgs"": 0.007935320817947202, ""custom"": 0.011641158555772838}",0.010835460697611174,0.010835460697611174,stage3_l_opt,l_opt_current_alpha,0.6694793794822508,0.6790392378794909,0.027070317747087652,0.05,False,False,True,True,0.0030248264471689863,True,not_needed,,,,,0,False,10410,26022
6,2,0.0,0.0,uniform,0,uniform,0.5,guarded,stage1,,,0,14,0.006270770137538663,bfgs,"{""bfgs"": 0.007935320817947202, ""custom"": 0.011641158555772838}",0.010835460697611174,0.010835460697611174,stage3_l_opt,l_opt_current_alpha,0.6694793794822508,0.6790392378794909,0.027070317747087652,0.05,False,False,True,True,0.0030248264471689863,True,not_needed,,,,,0,False,11001,27507
6,2,0.0,0.0,uniform,0,uniform,0.5,guarded,stage1,,,0,15,0.006270770137538663,bfgs,"{""bfgs"": 0.007935320817947202, ""custom"": 0.011641158555772838}",0.010835460697611174,0.010835460697611174,stage3_l_opt,l_opt_current_alpha,0.6694793794822508,0.6790392378794909,0.027070317747087652,0.05,False,False,True,True,0.0030248264471689863,True,not_needed,,,,,0,False,11592,28992
6,2,0.0,0.0,uniform,0,uniform,0.5,guarded,stage1,,,0,16,0.006270770137538663,bfgs,"{""bfgs"": 0.007935320817947202, ""custom"": 0.011641158555772838}",0.010835460697611174,0.010835460697611174,stage3_l_opt,l_opt_current_alpha,0.6694793794822508,0.6790392378794909,0.027070317747087652,0.05,False,False,True,True,0.0030248264471689863,True,not_needed,,,,,0,False,12183,30477
6,2,0.0,0.0,uniform,0,uniform,0.5,guarded,stage1,,,0,17,0.006270770137538663,bfgs,"{""bfgs"": 0.007935320817947202, ""custom"": 0.011641158555772838}",0.010835460697611174,0.010835460697611174,stage3_l_opt,l_opt_current_alpha,0.6694793794822508,0.6790392378794909,0.027070317747087652,0.05,False,False,True,True,0.0030248264471689863,True,not_needed,,,,,0,False,12774,31962
6,2,0.0,0.0,uniform,0,uniform,0.5,guarded,stage1,,,0,18,0.006270770137538663,bfgs,"{""bfgs"": 0.007935320817947202, ""custom"": 0.011641158555772838}",0.010835460697611174,0.010835460697611174,stage3_l_opt,l_opt_current_alpha,0.6694793794822508,0.6790392378794909,0.027070317747087652,0.05,False,False,True,True,0.0030248264471689863,True,not_needed,,,,,0,False,13365,33447
6,2,0.0,0.0,uniform,0,uniform,0.5,guarded,stage1,,,0,19,0.006270770137538663,bfgs,"{""bfgs"": 0.007935320817947202, ""custom"": 0.011641158555772838}",0.010835460697611174,0.010835460697611174,stage3_l_opt,l_opt_current_alpha,0.6694793794822508,0.6790392378794909,0.027070317747087652,0.05,False,False,True,True,0.0030248264471689863,True,not_needed,,,,,0,False,13956,34932
7,2,0.0,0.0,uniform,0,uniform,0.5,guarded,stage1,,,0,0,0.001179535245689145,custom,"{""bfgs"": 0.015688052400946617, ""custom"": 0.012473986173669495}",0.012473986173669497,0.012473986173669497,stage3_l_opt,l_opt_current_alpha,0.9720869590002725,0.991925468367625,0.4860434795001362,0.5,False,True,True,False,,True,not_needed,,,,,0,False,723,912
7,2,0.0,0.0,uniform,0,uniform,0.5,guarded,stage1,,,0,1,0.005962089028590745,custom,"{""bfgs"": 0.014007755171707206, ""custom"": 0.008259555996222873}",0.014881163835525513,0.014881163835525513,stage3_l_opt,l_opt_current_alpha,1.4660434795001362,1.4927101461668029,0.24302173975006808,0.25,False,False,True,True,0.002407177661856016,True,not_needed,,,,,0,False,1287,1833
7,2,0.0,0.0,uniform,0,uniform,0.5,guarded,stage1,,,0,2,0.0006867532555094313,custom,"{""bfgs"": 0.011199733529253823, ""custom"": 0.010832911567222813}",0.012495570505658785,0.012495570505658785,stage3_l_opt,l_opt_current_alpha,1.3863550730834016,1.4130217397500682,0.3465887682708504,0.25,True,True,True,False,2.158433198928833e-05,True,not_needed,,,,,0,False,1602,2682
7,2,0.0,0.0,uniform,0,uniform,0.5,guarded,stage1,,,0,3,0.0014160997273838793,custom,"{""bfgs"": 0.01339785687643626, ""custom"": 0.008408737920424311}",0.012568417315681776,0.012568417315681776,stage3_l_opt,l_opt_current_alpha,0.4675004745763287,0.4824882467483784,0.11687511864408215,0.25,True,True,True,False,7.284681002299107e-05,True,not_needed,,,,,0,False,1779,3975
7,2,0.0,0.0,uniform,0,uniform,0.5,guarded,stage1,,,0,4,0.0014647281038228654,custom,"{""bfgs"": 0.014308947090309778, ""custom"": 0.006872169251088679}",0.012499531731009483,0.012499531731009483,stage3_l_opt,l_opt_current_alpha,0.44479352931486205,0.46170310094369993,0.11119838232871553,0.25,True,True,True,False,-6.888558467229265e-05,True,not_needed,,,,,0,False,1959,4914
7,2,0.0,0.0,uniform,0,uniform,0.5,guarded,stage1,,,0,5,0.0017375085908947763,custom,"{""bfgs"": 0.024148064340385304, ""custom"": 0.005885005227385233}",0.012584098304311434,0.012584098304311434,stage3_l_opt,l_opt_current_alpha,0.8116928038397535,0.8383594705064201,0.20292320095993838,0.25,True,True,True,False,8.456657330195051e-05,True,not_needed,,,,,0,False,2136,5898
7,2,0.0,0.0,uniform,0,uniform,0.5,guarded,stage1,,,0,6,0.00047665163318150183,custom,"{""bfgs"": 0.018520796751314076, ""custom"": 0.004034675576164878}",0.0125479723016421,0.0125479723016421,stage3_l_opt,l_opt_current_alpha,0.8556216447852207,0.8690097846185209,0.21390541119630518,0.25,True,True,True,False,-3.612600266933441e-05,True,not_needed,,,,,0,False,2472,6732
7,2,0.0,0.0,uniform,0,uniform,0.5,guarded,stage1,,,0,7,0.0015832903807946885,custom,"{""bfgs"": 0.013271153994319912, ""custom"": 0.004554742484416759}",0.012455098951856295,0.012455098951856295,stage3_l_opt,l_opt_current_alpha,0.8189169509745298,0.8359214319789647,0.2047292377436324,0.25,True,True,True,False,-9.287334978580475e-05,True,not_needed,,,,,0,False,2673,7719
7,2,0.0,0.0,uniform,0,uniform,0.5,guarded,stage1,,,0,8,0.001404310461504077,custom,"{""bfgs"": 0.012209976702403728, ""custom"": 0.00484979256195504}",0.012463063622514406,0.012463063622514406,stage3_l_opt,l_opt_current_alpha,0.9595746619760026,0.9862413286426692,0.23989366549400068,0.25,True,True,True,False,7.964670658111572e-06,True,not_needed,,,,,0,False,2970,8820
7,2,0.0,0.0,uniform,0,uniform,0.5,guarded,stage1,,,0,9,0.0016691810537540208,custom,"{""bfgs"": 0.01572240026413345, ""custom"": 0.003793299719576658}",0.012463761493563652,0.012463761493563652,stage3_l_opt,l_opt_current_alpha,0.435771057731141,0.456643644015137,0.10894276443278525,0.25,True,True,True,False,6.978710492457768e-07,True,not_needed,,,,,0,False,3156,10188
7,2,0.0,0.0,uniform,0,uniform,0.5,guarded,stage1,,,0,10,0.0015258173907302663,custom,"{""bfgs"": 0.014063051333399624, ""custom"": 0.003142314717171604}",0.012461809441447258,0.012461809441447258,stage3_l_opt,l_opt_current_alpha,0.7427059212902681,0.7559927680583703,0.1856764803225671,0.25,True,True,True,False,-1.952052116394043e-06,True,not_needed,,,,,0,False,3435,11061
7,2,0.0,0.0,uniform,0,uniform,0.5,guarded,stage1,,,0,11,0.0016213524212075892,custom,"{""bfgs"": 0.014413821458447964, ""custom"": 0.0036994636261532842}",0.012454065804680189,0.012454065804680189,stage3_l_opt,l_opt_current_alpha,0.4351355986130222,0.45467950442935257,0.1087838996532556,0.25,True,True,True,False,-7.74363676706892e-06,True,not_needed,,,,,0,False,3702,12201
7,2,0.0,0.0,uniform,0,uniform,0.5,guarded,stage1,,,0,12,0.001684499797388217,custom,"{""bfgs"": 0.005879443403843072, ""custom"": 0.0031968456163223983}",0.01245227518181006,0.01245227518181006,stage3_l_opt,l_opt_current_alpha,0.4322546346773844,0.4539598248961151,0.10806365866934617,0.25,True,True,True,False,-1.7906228701285165e-06,True,not_needed,,,,,0,False,3996,13266
7,2,0.0,0.0,uniform,0,uniform,0.5,guarded,stage1,,,0,13,0.0014494705331263846,custom,"{""bfgs"": 0.017945465522480473, ""custom"": 0.0027429719633849784}",0.012520770852764448,0.012520770852764448,stage3_l_opt,l_opt_current_alpha,0.7610608899870421,0.7744146790065294,0.19026522249676056,0.25,True,True,True,False,6.849567095438755e-05,True,not_needed,,,,,0,False,4629,14154
7,2,0.0,0.0,uniform,0,uniform,0.5,guarded,stage1,,,0,14,0.0016754054132741003,custom,"{""bfgs"": 0.014729942873214176, ""custom"": 0.0033627718154050183}",0.012451708937684694,0.012451708937684694,stage3_l_opt,l_opt_current_alpha,0.4342965095011979,0.4544713755395273,0.1085741273752995,0.25,True,True,True,False,-6.906191507975376e-05,True,not_needed,,,,,0,False,4893,15081
7,2,0.0,0.0,uniform,0,uniform,0.5,guarded,stage1,,,0,15,0.0017093171458339995,custom,"{""bfgs"": 0.014892828926837345, ""custom"": 0.0029130012854447}",0.0124542818715175,0.0124542818715175,stage3_l_opt,l_opt_current_alpha,0.6438206129144252,0.6704872795810918,0.16095515322860626,0.25,True,True,True,False,2.5729338328055185e-06,True,not_needed,,,,,0,False,5088,16047
7,2,0.0,0.0,uniform,0,uniform,0.5,guarded,stage1,,,0,16,0.002221296839538589,custom,"{""bfgs"": 0.012343588577430958, ""custom"": 0.002359261022509653}",0.012360655392209688,0.012360655392209688,stage3_l_opt,l_opt_current_alpha,0.8244172809122817,0.8375850077028557,0.20610432022807038,0.25,True,True,True,False,-9.362647930781162e-05,True,not_needed,,,,,0,False,5343,17010
7,2,0.0,0.0,uniform,0,uniform,0.5,guarded,stage1,,,0,17,0.0018029589186017714,custom,"{""bfgs"": 0.015725202924908054, ""custom"": 0.003129454432389981}",0.01249471865594387,0.01249471865594387,stage3_l_opt,l_opt_current_alpha,0.6867870812822301,0.7134537479488967,0.10305216011403513,0.125,False,False,True,True,0.0001340632637341823,True,not_needed,,,,,0,False,5511,18111
7,2,0.0,0.0,uniform,0,uniform,0.5,guarded,stage1,,,0,18,0.0017706541471028125,custom,"{""bfgs"": 0.012878637808203905, ""custom"": 0.002647306728012859}",0.012447074676553408,0.012447074676553408,stage3_l_opt,l_opt_current_alpha,0.72637179973733,0.7396417036491099,0.09079647496716625,0.125,True,True,True,False,8.641928434371948e-05,True,not_needed,,,,,0,False,5949,18957
7,2,0.0,0.0,uniform,0,uniform,0.5,guarded,stage1,,,0,19,0.0017050674110513642,custom,"{""bfgs"": 0.015930822332875762, ""custom"": 0.002978761222531356}",0.012454299256205559,0.012454299256205559,stage3_l_opt,l_opt_current_alpha,0.8183362997606296,0.8353360194885414,0.1022920374700787,0.125,True,True,True,False,7.22457965215105e-06,True,not_needed,,,,,0,False,6117,19971
7,2,0.0,0.0,uniform,0,uniform,0.5,guarded,stage1,,,1,0,0.0026839389698786187,custom,"{""bfgs"": 0.004005998373031616, ""custom"": 0.0016040876507759094}",0.0016040876507759094,0.0016040876507759094,stage3_l_opt,l_opt_current_alpha,0.3592891612837947,0.3666215931467293,0.17964458064189737,0.5,False,True,True,False,,True,recovered_informative,9,0.006787009537220001,0.004005998373031616,0.002781011164188385,1,True,332,76
7,2,0.0,0.0,uniform,0,uniform,0.5,guarded,stage1,,,1,1,0.0026831933515309436,custom,"{""bfgs"": 0.01328373317284685, ""custom"": 0.0018926766896810812}",0.0016046836972236633,0.0016046836972236633,stage3_l_opt,l_opt_current_alpha,0.17970106118687856,0.18703464571399642,0.08985053059343923,0.5,True,True,True,False,5.960464477539062e-07,True,not_needed,,,,,0,False,484,114
7,2,0.0,0.0,uniform,0,uniform,0.5,guarded,stage1,,,1,2,0.0026820039518326566,custom,"{""bfgs"": 0.0029264194669383035, ""custom"": 0.0020379316477248566}",0.0016063004732131958,0.0016063004732131958,stage3_l_opt,l_opt_current_alpha,0.09000382352061564,0.09734053647481872,0.04500191176030777,0.5,True,True,True,False,1.6167759895324707e-06,True,recovered_informative,9,0.006679807871372135,0.0029264194669383035,0.0037533884044338318,1,True,748,190
7,2,0.0,0.0,uniform,0,uniform,0.5,guarded,stage1,,,1,3,0.0026833700345559874,custom,"{""bfgs"": 0.0027461448992565337, ""custom"": 0.0021086794034323258}",0.0016044341027736664,0.0016044341027736664,stage3_l_opt,l_opt_current_alpha,0.044824965443980014,0.05215806724887034,0.02241248272198998,0.5,True,True,True,False,-1.866370439529419e-06,True,recovered_informative,9,0.006268650025248555,0.0027461448992565337,0.003522505125992021,1,True,1008,266
7,2,0.0,0.0,uniform,0,uniform,0.5,guarded,stage1,,,1,4,0.0026833700345559874,custom,"{""bfgs"": 0.002656362032810723, ""custom"": 0.0021446142080960044}",0.0016044341027736664,0.0016044341027736664,stage3_l_opt,l_opt_current_alpha,0.022412482721990035,0.029745584526880364,0.011206241360995017,0.5,True,True,True,False,0.0,True,recovered_informative,9,0.006063857382020794,0.002656362032810723,0.003407495349210071,1,True,1268,342
7,2,0.0,0.0,uniform,0,uniform,0.5,guarded,stage1,,,1,5,0.0026833700345559874,custom,"{""bfgs"": 0.0026114705995878176, ""custom"": 0.0021625816104278435}",0.0016044341027736664,0.0016044341027736664,stage3_l_opt,l_opt_current_alpha,0.011206241360995017,0.018539343165885347,0.005603120680497564,0.5,True,True,True,False,0.0,True,recovered_informative,9,0.0059614610604069125,0.0026114705995878176,0.003349990460819095,1,True,1528,418
7,2,0.0,0.0,uniform,0,uniform,0.5,guarded,stage1,,,1,6,0.0026833700345559874,custom,"{""bfgs"": 0.0025890248829763644, ""custom"": 0.0021715653115937632}",0.0016044341027736664,0.0016044341027736664,stage3_l_opt,l_opt_current_alpha,0.005603120680497453,0.012936222485387783,0.0028015603402487543,0.5,True,True,True,False,0.0,True,recovered_informative,9,0.005910262899599971,0.0025890248829763644,0.003321238016623607,1,True,1788,494
7,2,0.0,0.0,uniform,0,uniform,0.5,guarded,stage1,,,1,7,0.0026833700345559874,custom,"{""bfgs"": 0.002577802024670638, ""custom"": 0.002176057162176723}",0.0016044341027736664,0.0016044341027736664,stage3_l_opt,l_opt_current_alpha,0.002801560340248699,0.010134662145139028,0.0014007801701243494,0.5,True,True,True,False,0.0,True,recovered_informative,9,0.005885089341814582,0.002577802024670638,0.0033072873171439443,1,True,2002,570
7,2,0.0,0.0,uniform,0,uniform,0.5,guarded,stage1,,,1,8,0.0026833700345559874,custom,"{""bfgs"": 0.0025721905955177747, ""custom"": 0.002178303087468203}",0.0016044341027736664,0.0016044341027736664,stage3_l_opt,l_opt_current_alpha,0.0014007801701243494,0.008733881975014679,0.0007003900850621747,0.5,True,True,True,False,0.0,True,recovered_informative,9,0.005872292702994753,0.0025721905955177747,0.0033001021074769783,1,True,2216,646
7,2,0.0,0.0,uniform,0,uniform,0.5,guarded,stage1,,,1,9,0.0026833700345559874,custom,"{""bfgs"": 0.0025693848809413434, ""custom"": 0.002179426050113943}",0.0016044341027736664,0.0016044341027736664,stage3_l_opt,l_opt_current_alpha,0.0007003900850621747,0.008033491889952504,0.0,0.5,True,True,False,False,0.0,True,recovered_informative,9,0.0058658943835848375,0.0025693848809413434,0.003296509502643494,1,True,2430,722
8,2,0.0,0.0,uniform,0,uniform,0.5,guarded,stage1,,,0,0,0.0017346442926347233,bfgs,"{""bfgs"": 0.0012262606372435887, ""custom"": 0.0012293277929226556}",0.0012262606372435887,0.0012262606372435887,stage3_l_opt,l_opt_current_alpha,1.1178732685665604,1.1406870087413878,0.5589366342832801,0.5,False,True,True,False,,True,recovered_informative,1,0.006946955497066179,0.0012293277929226556,0.005717627704143524,1,True,1536,2148
8,2,0.0,0.0,uniform,0,uniform,0.5,guarded,stage1,,,0,1,0.025819761515401607,bfgs,"{""bfgs"": 0.0014815947317844548, ""custom"": 0.0014815947317844548}",0.0027567452440659204,0.0027567452440659204,stage3_l_opt,l_opt_current_alpha,,,0.0,0.5,False,False,False,True,0.0015304846068223317,False,audited_uninformative,9,0.0014815947317844548,0.0014815947317844548,0.0,1,False,2079,4764
8,2,0.0,0.0,uniform,0,uniform,0.5,guarded,stage1,,,1,0,0.0017402658602230225,custom,"{""bfgs"": 0.045284016989171505, ""custom"": 0.0017267568036913872}",0.0017267568036913872,0.0017267568036913872,stage3_l_opt,l_opt_current_alpha,0.6259692521512465,0.6387441348482108,0.3129846260756233,0.5,False,True,True,False,,True,not_needed,,,,,0,False,200,38
8,2,0.0,0.0,uniform,0,uniform,0.5,guarded,stage1,,,1,1,0.0017345441067327938,custom,"{""bfgs"": 0.04076259342530636, ""custom"": 0.0022587465172146373}",0.001720326952636242,0.001720326952636242,stage3_l_opt,l_opt_current_alpha,0.3122067529926624,0.3249657607287498,0.1561033764963311,0.5,True,True,True,False,-6.429851055145264e-06,True,not_needed,,,,,0,False,624,76
8,2,0.0,0.0,uniform,0,uniform,0.5,guarded,stage1,,,1,2,0.0030723729162602685,custom,"{""bfgs"": 0.038507492847808786, ""custom"": 0.0019079210277457577}",0.003593665547668934,0.003593665547668934,stage3_l_opt,l_opt_current_alpha,0.5109119974280456,0.5309119974280456,0.07805168824816561,0.25,False,False,True,True,0.001873338595032692,True,not_needed,,,,,0,False,1062,114
8,2,0.0,0.0,uniform,0,uniform,0.5,guarded,stage1,,,1,3,0.0030723317635644194,custom,"{""bfgs"": 0.03963504313655757, ""custom"": 0.002188393095580993}",0.0035936264321208,0.0035936264321208,stage3_l_opt,l_opt_current_alpha,0.5889559437552893,0.6089557857569031,0.03902584412408272,0.125,False,False,True,True,0.001873299479484558,True,not_needed,,,,,0,False,1486,152
8,2,0.0,0.0,uniform,0,uniform,0.5,guarded,stage1,,,1,4,0.0017232976347467382,custom,"{""bfgs"": 0.04019881828093197, ""custom"": 0.002325889189119298}",0.001724827103316784,0.001724827103316784,stage3_l_opt,l_opt_current_alpha,0.2737251266749179,0.2864952408968491,0.034215640834364736,0.125,True,True,True,False,4.500150680541992e-06,True,not_needed,,,,,0,False,1886,190
8,2,0.0,0.0,uniform,0,uniform,0.5,guarded,stage1,,,1,5,0.003072331763564402,custom,"{""bfgs"": 0.039704532294703866, ""custom"": 0.0022056791065488864}",0.0035936264321208,0.0035936264321208,stage3_l_opt,l_opt_current_alpha,0.5937661470450074,0.6137659890466213,0.01710782041718234,0.0625,False,False,True,True,0.0018687993288040161,True,not_needed,,,,,0,False,2304,228
8,2,0.0,0.0,uniform,0,uniform,0.5,guarded,stage1,,,1,6,0.0030723529172383543,custom,"{""bfgs"": 0.039951675287817914, ""custom"": 0.002267177200803612}",0.0035936525091528893,0.0035936525091528893,stage3_l_opt,l_opt_current_alpha,0.6108817093831116,0.6308817093831116,0.013686256333745817,0.05,False,False,True,True,0.0018688254058361053,True,not_needed,,,,,0,False,2700,266
8,2,0.0,0.0,uniform,0,uniform,0.5,guarded,stage1,,,1,7,0.0030721328310870898,custom,"{""bfgs"": 0.04000110388644073, ""custom"": 0.002279463012709582}",0.0035935593768954277,0.0035935593768954277,stage3_l_opt,l_opt_current_alpha,0.6142756243106373,0.6342750600421494,0.013686256333745817,0.05,False,False,True,True,0.0018687322735786438,True,not_needed,,,,,0,False,3102,304
8,2,0.0,0.0,uniform,0,uniform,0.5,guarded,stage1,,,1,8,0.0030721328310870898,custom,"{""bfgs"": 0.04000110388644073, ""custom"": 0.002279463012709582}",0.0035935593768954277,0.0035935593768954277,stage3_l_opt,l_opt_current_alpha,0.6142756243106373,0.6342750600421494,0.013686256333745817,0.05,False,False,True,True,0.0018687322735786438,True,not_needed,,,,,0,False,3504,342
8,2,0.0,0.0,uniform,0,uniform,0.5,guarded,stage1,,,1,9,0.0030721328310870898,custom,"{""bfgs"": 0.04000110388644073, ""custom"": 0.002279463012709582}",0.0035935593768954277,0.0035935593768954277,stage3_l_opt,l_opt_current_alpha,0.6142756243106373,0.6342750600421494,0.013686256333745817,0.05,False,False,True,True,0.0018687322735786438,True,not_needed,,,,,0,False,3906,380
8,2,0.0,0.0,uniform,0,uniform,0.5,guarded,stage1,,,1,10,0.0030721328310870898,custom,"{""bfgs"": 0.04000110388644073, ""custom"": 0.002279463012709582}",0.0035935593768954277,0.0035935593768954277,stage3_l_opt,l_opt_current_alpha,0.6142756243106373,0.6342750600421494,0.013686256333745817,0.05,False,False,True,True,0.0018687322735786438,True,not_needed,,,,,0,False,4308,418
8,2,0.0,0.0,uniform,0,uniform,0.5,guarded,stage1,,,1,11,0.0030721328310870898,custom,"{""bfgs"": 0.04000110388644073, ""custom"": 0.002279463012709582}",0.0035935593768954277,0.0035935593768954277,stage3_l_opt,l_opt_current_alpha,0.6142756243106373,0.6342750600421494,0.013686256333745817,0.05,False,False,True,True,0.0018687322735786438,True,not_needed,,,,,0,False,4710,456
8,2,0.0,0.0,uniform,0,uniform,0.5,guarded,stage1,,,1,12,0.0030721328310870898,custom,"{""bfgs"": 0.04000110388644073, ""custom"": 0.002279463012709582}",0.0035935593768954277,0.0035935593768954277,stage3_l_opt,l_opt_current_alpha,0.6142756243106373,0.6342750600421494,0.013686256333745817,0.05,False,False,True,True,0.0018687322735786438,True,not_needed,,,,,0,False,5112,494
8,2,0.0,0.0,uniform,0,uniform,0.5,guarded,stage1,,,1,13,0.0030721328310870898,custom,"{""bfgs"": 0.04000110388644073, ""custom"": 0.002279463012709582}",0.0035935593768954277,0.0035935593768954277,stage3_l_opt,l_opt_current_alpha,0.6142756243106373,0.6342750600421494,0.013686256333745817,0.05,False,False,True,True,0.0018687322735786438,True,not_needed,,,,,0,False,5514,532
8,2,0.0,0.0,uniform,0,uniform,0.5,guarded,stage1,,,1,14,0.0030721328310870898,custom,"{""bfgs"": 0.04000110388644073, ""custom"": 0.002279463012709582}",0.0035935593768954277,0.0035935593768954277,stage3_l_opt,l_opt_current_alpha,0.6142756243106373,0.6342750600421494,0.013686256333745817,0.05,False,False,True,True,0.0018687322735786438,True,not_needed,,,,,0,False,5916,570
8,2,0.0,0.0,uniform,0,uniform,0.5,guarded,stage1,,,1,15,0.0030721328310870898,custom,"{""bfgs"": 0.04000110388644073, ""custom"": 0.002279463012709582}",0.0035935593768954277,0.0035935593768954277,stage3_l_opt,l_opt_current_alpha,0.6142756243106373,0.6342750600421494,0.013686256333745817,0.05,False,False,True,True,0.0018687322735786438,True,not_needed,,,,,0,False,6318,608
8,2,0.0,0.0,uniform,0,uniform,0.5,guarded,stage1,,,1,16,0.0030721328310870898,custom,"{""bfgs"": 0.04000110388644073, ""custom"": 0.002279463012709582}",0.0035935593768954277,0.0035935593768954277,stage3_l_opt,l_opt_current_alpha,0.6142756243106373,0.6342750600421494,0.013686256333745817,0.05,False,False,True,True,0.0018687322735786438,True,not_needed,,,,,0,False,6720,646
8,2,0.0,0.0,uniform,0,uniform,0.5,guarded,stage1,,,1,17,0.0030721328310870898,custom,"{""bfgs"": 0.04000110388644073, ""custom"": 0.002279463012709582}",0.0035935593768954277,0.0035935593768954277,stage3_l_opt,l_opt_current_alpha,0.6142756243106373,0.6342750600421494,0.013686256333745817,0.05,False,False,True,True,0.0018687322735786438,True,not_needed,,,,,0,False,7122,684
8,2,0.0,0.0,uniform,0,uniform,0.5,guarded,stage1,,,1,18,0.0030721328310870898,custom,"{""bfgs"": 0.04000110388644073, ""custom"": 0.002279463012709582}",0.0035935593768954277,0.0035935593768954277,stage3_l_opt,l_opt_current_alpha,0.6142756243106373,0.6342750600421494,0.013686256333745817,0.05,False,False,True,True,0.0018687322735786438,True,not_needed,,,,,0,False,7524,722
8,2,0.0,0.0,uniform,0,uniform,0.5,guarded,stage1,,,1,19,0.0030721328310870898,custom,"{""bfgs"": 0.04000110388644073, ""custom"": 0.002279463012709582}",0.0035935593768954277,0.0035935593768954277,stage3_l_opt,l_opt_current_alpha,0.6142756243106373,0.6342750600421494,0.013686256333745817,0.05,False,False,True,True,0.0018687322735786438,True,not_needed,,,,,0,False,7926,760
9,2,0.0,0.0,uniform,0,uniform,0.5,guarded,stage1,,,0,0,0.00979288672676772,custom,"{""bfgs"": 0.05481658379236857, ""custom"": 0.00694693997502327}",0.00694693997502327,0.00694693997502327,stage3_l_opt,l_opt_current_alpha,1.3066666666666666,1.3333333333333335,0.6533333333333333,0.5,False,True,True,False,,True,not_needed,,,,,0,False,165,1614
9,2,0.0,0.0,uniform,0,uniform,0.5,guarded,stage1,,,0,1,0.00876242191050066,custom,"{""bfgs"": 0.03429622754454613, ""custom"": 0.0071955151483416545}",0.014108803123235703,0.014108803123235703,stage3_l_opt,l_opt_current_alpha,1.3066666666666666,1.3199999999999998,0.3266666666666667,0.25,False,False,True,True,0.007161863148212433,True,not_needed,,,,,0,False,480,3018
9,2,0.0,0.0,uniform,0,uniform,0.5,guarded,stage1,,,0,2,0.004061848492427212,bfgs,"{""bfgs"": 0.006776235109815995, ""custom"": 0.006776235109815995}",0.008975104739268621,0.008975104739268621,stage3_l_opt,l_opt_current_alpha,,,0.0,0.25,False,False,False,True,0.0020281647642453517,False,audited_uninformative,8,0.006776235109815995,0.006776235109815995,0.0,1,False,1323,5886
9,2,0.0,0.0,uniform,0,uniform,0.5,guarded,stage1,,,1,0,0.004863450352803007,custom,"{""bfgs"": 0.12188730761408806, ""custom"": 0.009473726153373718}",0.009473726153373718,0.009473726153373718,stage3_l_opt,l_opt_current_alpha,0.9551322556048034,0.9746247506171464,0.4775661278024017,0.5,False,True,True,False,,True,not_needed,,,,,0,False,148,38
9,2,0.0,0.0,uniform,0,uniform,0.5,guarded,stage1,,,1,1,0.02425270668065519,custom,"{""bfgs"": 0.07307531940936002, ""custom"": 0.005091233179512129}",0.00974520668387413,0.00974520668387413,stage3_l_opt,l_opt_current_alpha,0.5024321217068357,0.5224320859825344,0.2387830639012009,0.25,False,False,True,True,0.000271480530500412,True,not_needed,,,,,0,False,314,76
9,2,0.0,0.0,uniform,0,uniform,0.5,guarded,stage1,,,1,2,0.024252707364607263,custom,"{""bfgs"": 0.07809633773793495, ""custom"": 0.007418217095939063}",0.009745202958583832,0.009745202958583832,stage3_l_opt,l_opt_current_alpha,0.7412148355106344,0.7612147926414882,0.11939153195060048,0.125,False,False,True,True,0.0002714768052101135,True,not_needed,,,,,0,False,462,114
9,2,0.0,0.0,uniform,0,uniform,0.5,guarded,stage1,,,1,3,0.024252599402234086,custom,"{""bfgs"": 0.07309660999922751, ""custom"": 0.008581707579607491}",0.009745188057422638,0.009745188057422638,stage3_l_opt,l_opt_current_alpha,0.8606049670741278,0.8806048956256529,0.059695765975300186,0.0625,False,False,True,True,0.0002714619040489197,True,not_needed,,,,,0,False,614,152
9,2,0.0,0.0,uniform,0,uniform,0.5,guarded,stage1,,,1,4,0.023921749896081333,custom,"{""bfgs"": 0.0706121613874335, ""custom"": 0.009179037367407312}",0.009740360081195831,0.009740360081195831,stage3_l_opt,l_opt_current_alpha,0.919847218246179,0.9398378913935561,0.04775661278024018,0.05,False,False,True,True,0.00026663392782211304,True,not_needed,,,,,0,False,926,190
9,2,0.0,0.0,uniform,0,uniform,0.5,guarded,stage1,,,1,5,0.024217393409093214,custom,"{""bfgs"": 0.1234939639377431, ""custom"": 0.009281038734390264}",0.009744692593812943,0.009744692593812943,stage3_l_opt,l_opt_current_alpha,0.9321933256519618,0.9521923039873128,0.04775661278024018,0.05,False,False,True,True,0.00027096644043922424,True,not_needed,,,,,0,False,1056,228
9,2,0.0,0.0,uniform,0,uniform,0.5,guarded,stage1,,,1,6,0.024217393409093214,custom,"{""bfgs"": 0.1234939639377431, ""custom"": 0.009281038734390264}",0.009744692593812943,0.009744692593812943,stage3_l_opt,l_opt_current_alpha,0.9321933256519618,0.9521923039873128,0.04775661278024018,0.05,False,False,True,True,0.00027096644043922424,True,not_needed,,,,,0,False,1186,266
9,2,0.0,0.0,uniform,0,uniform,0.5,guarded,stage1,,,1,7,0.024217393409093214,custom,"{""bfgs"": 0.1234939639377431, ""custom"": 0.009281038734390264}",0.009744692593812943,0.009744692593812943,stage3_l_opt,l_opt_current_alpha,0.9321933256519618,0.9521923039873128,0.04775661278024018,0.05,False,False,True,True,0.00027096644043922424,True,not_needed,,,,,0,False,1316,304
9,2,0.0,0.0,uniform,0,uniform,0.5,guarded,stage1,,,1,8,0.024217393409093214,custom,"{""bfgs"": 0.1234939639377431, ""custom"": 0.009281038734390264}",0.009744692593812943,0.009744692593812943,stage3_l_opt,l_opt_current_alpha,0.9321933256519618,0.9521923039873128,0.04775661278024018,0.05,False,False,True,True,0.00027096644043922424,True,not_needed,,,,,0,False,1446,342
9,2,0.0,0.0,uniform,0,uniform,0.5,guarded,stage1,,,1,9,0.024217393409093214,custom,"{""bfgs"": 0.1234939639377431, ""custom"": 0.009281038734390264}",0.009744692593812943,0.009744692593812943,stage3_l_opt,l_opt_current_alpha,0.9321933256519618,0.9521923039873128,0.04775661278024018,0.05,False,False,True,True,0.00027096644043922424,True,not_needed,,,,,0,False,1576,380
9,2,0.0,0.0,uniform,0,uniform,0.5,guarded,stage1,,,1,10,0.024217393409093214,custom,"{""bfgs"": 0.1234939639377431, ""custom"": 0.009281038734390264}",0.009744692593812943,0.009744692593812943,stage3_l_opt,l_opt_current_alpha,0.9321933256519618,0.9521923039873128,0.04775661278024018,0.05,False,False,True,True,0.00027096644043922424,True,not_needed,,,,,0,False,1706,418
9,2,0.0,0.0,uniform,0,uniform,0.5,guarded,stage1,,,1,11,0.024217393409093214,custom,"{""bfgs"": 0.1234939639377431, ""custom"": 0.009281038734390264}",0.009744692593812943,0.009744692593812943,stage3_l_opt,l_opt_current_alpha,0.9321933256519618,0.9521923039873128,0.04775661278024018,0.05,False,False,True,True,0.00027096644043922424,True,not_needed,,,,,0,False,1836,456
9,2,0.0,0.0,uniform,0,uniform,0.5,guarded,stage1,,,1,12,0.024217393409093214,custom,"{""bfgs"": 0.1234939639377431, ""custom"": 0.009281038734390264}",0.009744692593812943,0.009744692593812943,stage3_l_opt,l_opt_current_alpha,0.9321933256519618,0.9521923039873128,0.04775661278024018,0.05,False,False,True,True,0.00027096644043922424,True,not_needed,,,,,0,False,1966,494
9,2,0.0,0.0,uniform,0,uniform,0.5,guarded,stage1,,,1,13,0.024217393409093214,custom,"{""bfgs"": 0.1234939639377431, ""custom"": 0.009281038734390264}",0.009744692593812943,0.009744692593812943,stage3_l_opt,l_opt_current_alpha,0.9321933256519618,0.9521923039873128,0.04775661278024018,0.05,False,False,True,True,0.00027096644043922424,True,not_needed,,,,,0,False,2096,532
9,2,0.0,0.0,uniform,0,uniform,0.5,guarded,stage1,,,1,14,0.024217393409093214,custom,"{""bfgs"": 0.1234939639377431, ""custom"": 0.009281038734390264}",0.009744692593812943,0.009744692593812943,stage3_l_opt,l_opt_current_alpha,0.9321933256519618,0.9521923039873128,0.04775661278024018,0.05,False,False,True,True,0.00027096644043922424,True,not_needed,,,,,0,False,2226,570
9,2,0.0,0.0,uniform,0,uniform,0.5,guarded,stage1,,,1,15,0.024217393409093214,custom,"{""bfgs"": 0.1234939639377431, ""custom"": 0.009281038734390264}",0.009744692593812943,0.009744692593812943,stage3_l_opt,l_opt_current_alpha,0.9321933256519618,0.9521923039873128,0.04775661278024018,0.05,False,False,True,True,0.00027096644043922424,True,not_needed,,,,,0,False,2356,608
9,2,0.0,0.0,uniform,0,uniform,0.5,guarded,stage1,,,1,16,0.024217393409093214,custom,"{""bfgs"": 0.1234939639377431, ""custom"": 0.009281038734390264}",0.009744692593812943,0.009744692593812943,stage3_l_opt,l_opt_current_alpha,0.9321933256519618,0.9521923039873128,0.04775661278024018,0.05,False,False,True,True,0.00027096644043922424,True,not_needed,,,,,0,False,2486,646
9,2,0.0,0.0,uniform,0,uniform,0.5,guarded,stage1,,,1,17,0.024217393409093214,custom,"{""bfgs"": 0.1234939639377431, ""custom"": 0.009281038734390264}",0.009744692593812943,0.009744692593812943,stage3_l_opt,l_opt_current_alpha,0.9321933256519618,0.9521923039873128,0.04775661278024018,0.05,False,False,True,True,0.00027096644043922424,True,not_needed,,,,,0,False,2616,684
9,2,0.0,0.0,uniform,0,uniform,0.5,guarded,stage1,,,1,18,0.024217393409093214,custom,"{""bfgs"": 0.1234939639377431, ""custom"": 0.009281038734390264}",0.009744692593812943,0.009744692593812943,stage3_l_opt,l_opt_current_alpha,0.9321933256519618,0.9521923039873128,0.04775661278024018,0.05,False,False,True,True,0.00027096644043922424,True,not_needed,,,,,0,False,2746,722
9,2,0.0,0.0,uniform,0,uniform,0.5,guarded,stage1,,,1,19,0.024217393409093214,custom,"{""bfgs"": 0.1234939639377431, ""custom"": 0.009281038734390264}",0.009744692593812943,0.009744692593812943,stage3_l_opt,l_opt_current_alpha,0.9321933256519618,0.9521923039873128,0.04775661278024018,0.05,False,False,True,True,0.00027096644043922424,True,not_needed,,,,,0,False,2876,760
10,2,0.0,0.0,uniform,0,uniform,0.5,guarded,stage1,,,0,0,0.0023854643988938107,custom,"{""bfgs"": 0.02271431932846705, ""custom"": 0.01384574423233668}",0.01384574423233668,0.01384574423233668,stage3_l_opt,l_opt_current_alpha,1.3066666666666666,1.3333333333333333,0.6533333333333333,0.5,False,True,True,False,,True,not_needed,,,,,0,False,216,564
10,2,0.0,0.0,uniform,0,uniform,0.5,guarded,stage1,,,0,1,0.007237570187525844,custom,"{""bfgs"": 0.0026687239482998844, ""custom"": 0.002651295997202396}",0.005196686834096909,0.005196686834096909,stage3_l_opt,l_opt_current_alpha,0.5450760463572301,0.5695333806366293,0.2725380231786149,0.5,True,True,True,False,-0.008649057398239771,True,recovered_informative,18,0.012954353727400301,0.0026935318857431406,0.01026082184165716,1,True,1629,2292
10,2,0.0,0.0,uniform,0,uniform,0.5,guarded,stage1,,,0,2,0.005885527842620131,custom,"{""bfgs"": 0.0018374905231433667, ""custom"": 0.001831702392211199}",0.005482517182826996,0.005482517182826996,stage3_l_opt,l_opt_current_alpha,0.333516703809263,0.35921850095867547,0.13626901158930746,0.25,False,False,True,True,0.0002858303487300873,True,recovered_informative,18,0.007788406950014395,0.0018374905231433667,0.005950916426871028,1,True,2556,3948
10,2,0.0,0.0,uniform,0,uniform,0.5,guarded,stage1,,,0,3,0.007240925381789661,bfgs,"{""bfgs"": 0.002264219702176132, ""custom"": 0.002264219702176132}",0.00520948941508929,0.00520948941508929,stage3_l_opt,l_opt_current_alpha,0.41447982247223586,0.4390529279292742,0.10361995561805891,0.25,True,True,True,False,1.2802580992381067e-05,True,recovered_informative,18,0.0103998906340352,0.002264219702176132,0.008135670931859067,1,True,3789,5538
10,2,0.0,0.0,uniform,0,uniform,0.5,guarded,stage1,,,0,4,0.006511800051203397,custom,"{""bfgs"": 0.0019398702466134543, ""custom"": 0.0019173144006842074}",0.0053426337738831835,0.0053426337738831835,stage3_l_opt,l_opt_current_alpha,0.33698634345591894,0.36209264231299276,0.05180997780902938,0.125,False,False,True,True,0.00013314435879389387,True,recovered_informative,18,0.00841705605659057,0.0019398702466134543,0.006477185809977116,1,True,5145,7170
10,2,0.0,0.0,uniform,0,uniform,0.5,guarded,stage1,,,0,5,0.007240925381789661,bfgs,"{""bfgs"": 0.0021020449743947935, ""custom"": 0.0021020449743947935}",0.00520948941508929,0.00520948941508929,stage3_l_opt,l_opt_current_alpha,0.3626698446632065,0.3872429501202448,0.04533373058290084,0.125,True,True,True,False,0.0,True,recovered_informative,18,0.009388704522793914,0.0021020449743947935,0.00728665954839912,1,True,6471,8760
10,2,0.0,0.0,uniform,0,uniform,0.5,guarded,stage1,,,0,6,0.006511706427725369,custom,"{""bfgs"": 0.0019601420875861217, ""custom"": 0.001939005777111478}",0.0053425754110018415,0.0053425754110018415,stage3_l_opt,l_opt_current_alpha,0.34345079731419936,0.3685568554902966,0.022666865291450483,0.0625,False,False,True,True,0.00013308599591255188,True,recovered_informative,18,0.008530281923294712,0.0019601420875861217,0.00657013983570859,1,True,7428,10392
10,2,0.0,0.0,uniform,0,uniform,0.5,guarded,stage1,,,0,7,0.007240925381789661,bfgs,"{""bfgs"": 0.0020310935309904576, ""custom"": 0.0020310935309904576}",0.00520948941508929,0.00520948941508929,stage3_l_opt,l_opt_current_alpha,0.340002979371756,0.36457608482879433,0.021250186210734795,0.0625,True,True,True,False,0.0,True,recovered_informative,18,0.008968772295852575,0.0020310935309904576,0.006937678764862117,1,True,8499,12720
10,2,0.0,0.0,uniform,0,uniform,0.5,guarded,stage1,,,0,8,0.0065127031729613665,custom,"{""bfgs"": 0.0019645765527988926, ""custom"": 0.001944505339218085}",0.0053428250054518385,0.0053428250054518385,stage3_l_opt,l_opt_current_alpha,0.34491816870133585,0.37002526141429914,0.017000148968587814,0.05,False,False,True,True,0.00013333559036254883,True,recovered_informative,18,0.008558274020250159,0.0019645765527988926,0.006593697467451266,1,True,9837,14334
10,2,0.0,0.0,uniform,0,uniform,0.5,guarded,stage1,,,0,9,0.006512504089596789,custom,"{""bfgs"": 0.0019778799484372056, ""custom"": 0.0019586810569059924}",0.005342775334914525,0.005342775334914525,stage3_l_opt,l_opt_current_alpha,0.3491581681872203,0.37426505604801474,0.017000148968587814,0.05,False,False,True,True,0.00013328591982523542,True,recovered_informative,18,0.008650457678914196,0.0019778799484372056,0.00667257773047699,1,True,11232,15924
10,2,0.0,0.0,uniform,0,uniform,0.5,guarded,stage1,,,0,10,0.006512504089596789,custom,"{""bfgs"": 0.0019778799484372056, ""custom"": 0.0019586810569059924}",0.005342775334914525,0.005342775334914525,stage3_l_opt,l_opt_current_alpha,0.3491581681872203,0.37426505604801474,0.017000148968587814,0.05,False,False,True,True,0.00013328591982523542,True,recovered_informative,18,0.008650457678914196,0.0019778799484372056,0.00667257773047699,1,True,12627,17514
10,2,0.0,0.0,uniform,0,uniform,0.5,guarded,stage1,,,0,11,0.006512504089596789,custom,"{""bfgs"": 0.0019778799484372056, ""custom"": 0.0019586810569059924}",0.005342775334914525,0.005342775334914525,stage3_l_opt,l_opt_current_alpha,0.3491581681872203,0.37426505604801474,0.017000148968587814,0.05,False,False,True,True,0.00013328591982523542,True,recovered_informative,18,0.008650457678914196,0.0019778799484372056,0.00667257773047699,1,True,14022,19104
10,2,0.0,0.0,uniform,0,uniform,0.5,guarded,stage1,,,0,12,0.006512504089596789,custom,"{""bfgs"": 0.0019778799484372056, ""custom"": 0.0019586810569059924}",0.005342775334914525,0.005342775334914525,stage3_l_opt,l_opt_current_alpha,0.3491581681872203,0.37426505604801474,0.017000148968587814,0.05,False,False,True,True,0.00013328591982523542,True,recovered_informative,18,0.008650457678914196,0.0019778799484372056,0.00667257773047699,1,True,15417,20694
10,2,0.0,0.0,uniform,0,uniform,0.5,guarded,stage1,,,0,13,0.006512504089596789,custom,"{""bfgs"": 0.0019778799484372056, ""custom"": 0.0019586810569059924}",0.005342775334914525,0.005342775334914525,stage3_l_opt,l_opt_current_alpha,0.3491581681872203,0.37426505604801474,0.017000148968587814,0.05,False,False,True,True,0.00013328591982523542,True,recovered_informative,18,0.008650457678914196,0.0019778799484372056,0.00667257773047699,1,True,16812,22284
10,2,0.0,0.0,uniform,0,uniform,0.5,guarded,stage1,,,0,14,0.006512504089596789,custom,"{""bfgs"": 0.0019778799484372056, ""custom"": 0.0019586810569059924}",0.005342775334914525,0.005342775334914525,stage3_l_opt,l_opt_current_alpha,0.3491581681872203,0.37426505604801474,0.017000148968587814,0.05,False,False,True,True,0.00013328591982523542,True,recovered_informative,18,0.008650457678914196,0.0019778799484372056,0.00667257773047699,1,True,18207,23874
10,2,0.0,0.0,uniform,0,uniform,0.5,guarded,stage1,,,0,15,0.006512504089596789,custom,"{""bfgs"": 0.0019778799484372056, ""custom"": 0.0019586810569059924}",0.005342775334914525,0.005342775334914525,stage3_l_opt,l_opt_current_alpha,0.3491581681872203,0.37426505604801474,0.017000148968587814,0.05,False,False,True,True,0.00013328591982523542,True,recovered_informative,18,0.008650457678914196,0.0019778799484372056,0.00667257773047699,1,True,19602,25464
10,2,0.0,0.0,uniform,0,uniform,0.5,guarded,stage1,,,0,16,0.006512504089596789,custom,"{""bfgs"": 0.0019778799484372056, ""custom"": 0.0019586810569059924}",0.005342775334914525,0.005342775334914525,stage3_l_opt,l_opt_current_alpha,0.3491581681872203,0.37426505604801474,0.017000148968587814,0.05,False,False,True,True,0.00013328591982523542,True,recovered_informative,18,0.008650457678914196,0.0019778799484372056,0.00667257773047699,1,True,20997,27054
10,2,0.0,0.0,uniform,0,uniform,0.5,guarded,stage1,,,0,17,0.006512504089596789,custom,"{""bfgs"": 0.0019778799484372056, ""custom"": 0.0019586810569059924}",0.005342775334914525,0.005342775334914525,stage3_l_opt,l_opt_current_alpha,0.3491581681872203,0.37426505604801474,0.017000148968587814,0.05,False,False,True,True,0.00013328591982523542,True,recovered_informative,18,0.008650457678914196,0.0019778799484372056,0.00667257773047699,1,True,22392,28644
10,2,0.0,0.0,uniform,0,uniform,0.5,guarded,stage1,,,0,18,0.006512504089596789,custom,"{""bfgs"": 0.0019778799484372056, ""custom"": 0.0019586810569059924}",0.005342775334914525,0.005342775334914525,stage3_l_opt,l_opt_current_alpha,0.3491581681872203,0.37426505604801474,0.017000148968587814,0.05,False,False,True,True,0.00013328591982523542,True,recovered_informative,18,0.008650457678914196,0.0019778799484372056,0.00667257773047699,1,True,23787,30234
10,2,0.0,0.0,uniform,0,uniform,0.5,guarded,stage1,,,0,19,0.006512504089596789,custom,"{""bfgs"": 0.0019778799484372056, ""custom"": 0.0019586810569059924}",0.005342775334914525,0.005342775334914525,stage3_l_opt,l_opt_current_alpha,0.3491581681872203,0.37426505604801474,0.017000148968587814,0.05,False,False,True,True,0.00013328591982523542,True,recovered_informative,18,0.008650457678914196,0.0019778799484372056,0.00667257773047699,1,True,25182,31824
11,2,0.0,0.0,uniform,0,uniform,0.5,guarded,stage1,,,0,0,0.009162961009462227,custom,"{""bfgs"": 0.04470833266774813, ""custom"": 0.0036158470126489797}",0.0036158470126489797,0.0036158470126489797,stage3_l_opt,l_opt_current_alpha,1.3066639905540356,1.3333306026061584,0.6533319952770177,0.5,False,True,True,False,,True,not_needed,,,,,0,False,756,1572
11,2,0.0,0.0,uniform,0,uniform,0.5,guarded,stage1,,,0,1,0.00916296184027135,custom,"{""bfgs"": 0.012978684819423908, ""custom"": 0.00184408345633154}",0.0036158408038318157,0.0036158408038318157,stage3_l_opt,l_opt_current_alpha,0.6533321739912624,0.6799987896906151,0.3266660869956311,0.5,True,True,True,False,-6.20881716395863e-09,True,not_needed,,,,,0,False,1665,3234
11,2,0.0,0.0,uniform,0,uniform,0.5,guarded,stage1,,,0,2,0.009162975786887961,custom,"{""bfgs"": 0.002406286708549541, ""custom"": 0.0009582063614488419}",0.0036158470126489797,0.0036158470126489797,stage3_l_opt,l_opt_current_alpha,0.32666722240374124,0.35333386127468797,0.16333361120187068,0.5,True,True,True,False,6.20881716395863e-09,True,not_needed,,,,,0,False,2514,4575
11,2,0.0,0.0,uniform,0,uniform,0.5,guarded,stage1,,,0,3,0.00916296202466712,custom,"{""bfgs"": 0.036752593012861406, ""custom"": 0.0005152794708475199}",0.003615853221466144,0.003615853221466144,stage3_l_opt,l_opt_current_alpha,0.16333474619702754,0.19000140823114092,0.08166737309851382,0.5,True,True,True,False,6.208817164392311e-09,True,not_needed,,,,,0,False,3282,5850
11,2,0.0,0.0,uniform,0,uniform,0.5,guarded,stage1,,,0,4,0.009162950177540805,custom,"{""bfgs"": 0.007977064088252163, ""custom"": 0.00029380930444204624}",0.003615853221466144,0.003615853221466144,stage3_l_opt,l_opt_current_alpha,0.08166737309851373,0.10833403513262713,0.04083368654925691,0.5,True,True,True,False,0.0,True,not_needed,,,,,0,False,4260,7068
11,2,0.0,0.0,uniform,0,uniform,0.5,guarded,stage1,,,0,5,0.009162955690052571,custom,"{""bfgs"": 0.002114744348407779, ""custom"": 0.00018307422123930937}",0.003615853221466144,0.003615853221466144,stage3_l_opt,l_opt_current_alpha,0.04083368657441294,0.06750034860903939,0.02041684328720647,0.5,True,True,True,False,0.0,True,not_needed,,,,,0,False,5163,8976
11,2,0.0,0.0,uniform,0,uniform,0.5,guarded,stage1,,,0,6,0.009162962150293712,custom,"{""bfgs"": 0.0893578290045435, ""custom"": 0.0001276918661624202}",0.0036158408038318157,0.0036158408038318157,stage3_l_opt,l_opt_current_alpha,0.020414573593352955,0.047081189307696794,0.010207286796676478,0.5,True,True,True,False,-1.241763432835094e-08,True,not_needed,,,,,0,False,5913,10014
11,2,0.0,0.0,uniform,0,uniform,0.5,guarded,stage1,,,0,7,0.009163023975043046,custom,"{""bfgs"": 0.020640286749557726, ""custom"": 0.00010003810484500104}",0.0036158482544124126,0.0036158482544124126,stage3_l_opt,l_opt_current_alpha,0.010208648611726975,0.03687529211821472,0.005104324305863488,0.5,True,True,True,False,7.450580596923828e-09,True,not_needed,,,,,0,False,6738,11373
11,2,0.0,0.0,uniform,0,uniform,0.5,guarded,stage1,,,0,8,0.009163023209058256,custom,"{""bfgs"": 0.0008239230704147343, ""custom"": 8.621111221883658e-05}",0.0036158631555736065,0.0036158631555736065,stage3_l_opt,l_opt_current_alpha,0.005105459154630013,0.031772125821296654,0.002552729577315062,0.5,True,True,True,False,1.4901161193847656e-08,True,not_needed,,,,,0,False,7755,12849
11,2,0.0,0.0,uniform,0,uniform,0.5,guarded,stage1,,,0,9,0.009163026484863175,custom,"{""bfgs"": 0.009225842107699962, ""custom"": 7.928974315660179e-05}",0.0036158631555736065,0.0036158631555736065,stage3_l_opt,l_opt_current_alpha,0.002552729577314951,0.029219396243981594,0.0012763647886574192,0.5,True,True,True,False,0.0,True,not_needed,,,,,0,False,8544,14109
11,2,0.0,0.0,uniform,0,uniform,0.5,guarded,stage1,,,0,10,0.009163028019750302,custom,"{""bfgs"": 0.08783919351785698, ""custom"": 7.582905862548441e-05}",0.0036158631555736065,0.0036158631555736065,stage3_l_opt,l_opt_current_alpha,0.001276364788657532,0.027943031455324174,0.0006381823943288224,0.5,True,True,True,False,0.0,True,not_needed,,,,,0,False,9441,16011
11,2,0.0,0.0,uniform,0,uniform,0.5,guarded,stage1,,,0,11,0.00916302876149079,custom,"{""bfgs"": 0.005036085598156987, ""custom"": 7.409871635992573e-05}",0.0036158631555736065,0.0036158631555736065,stage3_l_opt,l_opt_current_alpha,0.0006381823943287096,0.027304849060995354,0.0,0.5,True,True,False,False,0.0,True,not_needed,,,,,0,False,9786,17541
12,2,0.0,0.0,uniform,0,uniform,0.5,guarded,stage1,,,0,0,0.004929630114647164,custom,"{""bfgs"": 0.17662130296230316, ""custom"": 0.006175747762123743}",0.006175747762123744,0.006175747762123744,stage3_l_opt,l_opt_current_alpha,1.2632588800470679,1.2890396735174163,0.6316294400235339,0.5,False,True,True,False,,True,not_needed,,,,,0,False,357,1299
12,2,0.0,0.0,uniform,0,uniform,0.5,guarded,stage1,,,0,1,0.014275374777977738,custom,"{""bfgs"": 0.18261793595069933, ""custom"": 0.004377168332514472}",0.008257795125246048,0.008257795125246048,stage3_l_opt,l_opt_current_alpha,0.7716951401414642,0.7808136082610535,0.31581472001176697,0.25,False,False,True,True,0.002082047363122304,True,not_needed,,,,,0,False,822,2076
12,2,0.0,0.0,uniform,0,uniform,0.5,guarded,stage1,,,0,2,0.014275455665739116,custom,"{""bfgs"": 0.18612030471546606, ""custom"": 0.006317490199265543}",0.008257817476987839,0.008257817476987839,stage3_l_opt,l_opt_current_alpha,0.6093226605857445,0.6184426107784984,0.1579073600058834,0.125,False,False,True,True,0.0020820697148640948,True,not_needed,,,,,0,False,1536,3423
12,2,0.0,0.0,uniform,0,uniform,0.5,guarded,stage1,,,0,3,0.005106289816795111,custom,"{""bfgs"": 0.18769976388682852, ""custom"": 0.0067783270108920345}",0.006138306111097336,0.006138306111097336,stage3_l_opt,l_opt_current_alpha,1.0328295240142757,1.0571302767493809,0.12910369050178438,0.125,True,True,True,False,-3.744165102640817e-05,True,not_needed,,,,,0,False,2829,4794
12,2,0.0,0.0,uniform,0,uniform,0.5,guarded,stage1,,,0,4,0.014073832690450941,custom,"{""bfgs"": 0.18639463694074895, ""custom"": 0.006377576723502098}",0.008089059342940649,0.008089059342940649,stage3_l_opt,l_opt_current_alpha,0.5951384993184041,0.6041964424560304,0.06455184525089219,0.0625,False,False,True,True,0.0019507532318433132,True,not_needed,,,,,0,False,3720,6036
12,2,0.0,0.0,uniform,0,uniform,0.5,guarded,stage1,,,0,5,0.0083560729556214,custom,"{""bfgs"": 0.18708012199465657, ""custom"": 0.006052474684313865}",0.006088757266600926,0.006088757266600926,stage3_l_opt,l_opt_current_alpha,0.5892610021557612,0.6058267206743844,0.036828812634735086,0.0625,True,True,True,False,-4.954884449640939e-05,True,not_needed,,,,,0,False,5070,7686
12,2,0.0,0.0,uniform,0,uniform,0.5,guarded,stage1,,,0,6,0.01425288561761092,custom,"{""bfgs"": 0.18683761940770516, ""custom"": 0.006619864832213482}",0.008239434411128363,0.008239434411128363,stage3_l_opt,l_opt_current_alpha,1.041114108987749,1.0676529279036524,0.029463050107788047,0.05,False,False,True,True,0.002150677144527436,True,not_needed,,,,,0,False,5316,9063
12,2,0.0,0.0,uniform,0,uniform,0.5,guarded,stage1,,,0,7,0.014278064103031632,custom,"{""bfgs"": 0.18688100733008017, ""custom"": 0.006689267746346355}",0.008260119706392288,0.008260119706392288,stage3_l_opt,l_opt_current_alpha,1.054744411302103,1.0814110779687698,0.029463050107788047,0.05,False,False,True,True,0.0021713624397913618,True,not_needed,,,,,0,False,6567,10791
12,2,0.0,0.0,uniform,0,uniform,0.5,guarded,stage1,,,0,8,0.014278064103031632,custom,"{""bfgs"": 0.18688100733008017, ""custom"": 0.006689267746346355}",0.008260119706392288,0.008260119706392288,stage3_l_opt,l_opt_current_alpha,1.054744411302103,1.0814110779687698,0.029463050107788047,0.05,False,False,True,True,0.0021713624397913618,True,not_needed,,,,,0,False,7818,12519
12,2,0.0,0.0,uniform,0,uniform,0.5,guarded,stage1,,,0,9,0.014278064103031632,custom,"{""bfgs"": 0.18688100733008017, ""custom"": 0.006689267746346355}",0.008260119706392288,0.008260119706392288,stage3_l_opt,l_opt_current_alpha,1.054744411302103,1.0814110779687698,0.029463050107788047,0.05,False,False,True,True,0.0021713624397913618,True,not_needed,,,,,0,False,9069,14247
12,2,0.0,0.0,uniform,0,uniform,0.5,guarded,stage1,,,0,10,0.014278064103031632,custom,"{""bfgs"": 0.18688100733008017, ""custom"": 0.006689267746346355}",0.008260119706392288,0.008260119706392288,stage3_l_opt,l_opt_current_alpha,1.054744411302103,1.0814110779687698,0.029463050107788047,0.05,False,False,True,True,0.0021713624397913618,True,not_needed,,,,,0,False,10320,15975
12,2,0.0,0.0,uniform,0,uniform,0.5,guarded,stage1,,,0,11,0.014278064103031632,custom,"{""bfgs"": 0.18688100733008017, ""custom"": 0.006689267746346355}",0.008260119706392288,0.008260119706392288,stage3_l_opt,l_opt_current_alpha,1.054744411302103,1.0814110779687698,0.029463050107788047,0.05,False,False,True,True,0.0021713624397913618,True,not_needed,,,,,0,False,11571,17703
12,2,0.0,0.0,uniform,0,uniform,0.5,guarded,stage1,,,0,12,0.014278064103031632,custom,"{""bfgs"": 0.18688100733008017, ""custom"": 0.006689267746346355}",0.008260119706392288,0.008260119706392288,stage3_l_opt,l_opt_current_alpha,1.054744411302103,1.0814110779687698,0.029463050107788047,0.05,False,False,True,True,0.0021713624397913618,True,not_needed,,,,,0,False,12822,19431
12,2,0.0,0.0,uniform,0,uniform,0.5,guarded,stage1,,,0,13,0.014278064103031632,custom,"{""bfgs"": 0.18688100733008017, ""custom"": 0.006689267746346355}",0.008260119706392288,0.008260119706392288,stage3_l_opt,l_opt_current_alpha,1.054744411302103,1.0814110779687698,0.029463050107788047,0.05,False,False,True,True,0.0021713624397913618,True,not_needed,,,,,0,False,14073,21159
12,2,0.0,0.0,uniform,0,uniform,0.5,guarded,stage1,,,0,14,0.014278064103031632,custom,"{""bfgs"": 0.18688100733008017, ""custom"": 0.006689267746346355}",0.008260119706392288,0.008260119706392288,stage3_l_opt,l_opt_current_alpha,1.054744411302103,1.0814110779687698,0.029463050107788047,0.05,False,False,True,True,0.0021713624397913618,True,not_needed,,,,,0,False,15324,22887
12,2,0.0,0.0,uniform,0,uniform,0.5,guarded,stage1,,,0,15,0.014278064103031632,custom,"{""bfgs"": 0.18688100733008017, ""custom"": 0.006689267746346355}",0.008260119706392288,0.008260119706392288,stage3_l_opt,l_opt_current_alpha,1.054744411302103,1.0814110779687698,0.029463050107788047,0.05,False,False,True,True,0.0021713624397913618,True,not_needed,,,,,0,False,16575,24615
12,2,0.0,0.0,uniform,0,uniform,0.5,guarded,stage1,,,0,16,0.014278064103031632,custom,"{""bfgs"": 0.18688100733008017, ""custom"": 0.006689267746346355}",0.008260119706392288,0.008260119706392288,stage3_l_opt,l_opt_current_alpha,1.054744411302103,1.0814110779687698,0.029463050107788047,0.05,False,False,True,True,0.0021713624397913618,True,not_needed,,,,,0,False,17826,26343
12,2,0.0,0.0,uniform,0,uniform,0.5,guarded,stage1,,,0,17,0.014278064103031632,custom,"{""bfgs"": 0.18688100733008017, ""custom"": 0.006689267746346355}",0.008260119706392288,0.008260119706392288,stage3_l_opt,l_opt_current_alpha,1.054744411302103,1.0814110779687698,0.029463050107788047,0.05,False,False,True,True,0.0021713624397913618,True,not_needed,,,,,0,False,19077,28071
12,2,0.0,0.0,uniform,0,uniform,0.5,guarded,stage1,,,0,18,0.014278064103031632,custom,"{""bfgs"": 0.18688100733008017, ""custom"": 0.006689267746346355}",0.008260119706392288,0.008260119706392288,stage3_l_opt,l_opt_current_alpha,1.054744411302103,1.0814110779687698,0.029463050107788047,0.05,False,False,True,True,0.0021713624397913618,True,not_needed,,,,,0,False,20328,29799
12,2,0.0,0.0,uniform,0,uniform,0.5,guarded,stage1,,,0,19,0.014278064103031632,custom,"{""bfgs"": 0.18688100733008017, ""custom"": 0.006689267746346355}",0.008260119706392288,0.008260119706392288,stage3_l_opt,l_opt_current_alpha,1.054744411302103,1.0814110779687698,0.029463050107788047,0.05,False,False,True,True,0.0021713624397913618,True,not_needed,,,,,0,False,21579,31527
13,2,0.0,0.0,uniform,0,uniform,0.5,guarded,stage1,,,0,0,0.0222433746635311,custom,"{""bfgs"": 0.0306148004407684, ""custom"": 0.012428870735069115}",0.012428870735069117,0.012428870735069117,stage3_l_opt,l_opt_current_alpha,0.9841121314079255,1.0041960524570668,0.49205606570396276,0.5,False,True,True,False,,True,not_needed,,,,,0,False,315,912
13,2,0.0,0.0,uniform,0,uniform,0.5,guarded,stage1,,,0,1,0.02224359979410473,custom,"{""bfgs"": 0.05898727780686652, ""custom"": 0.008203926702997848}",0.01242883720745643,0.01242883720745643,stage3_l_opt,l_opt_current_alpha,0.8146031048156233,0.8412696184996966,0.40730155240781163,0.5,True,True,True,False,-3.3527612686157227e-08,True,not_needed,,,,,0,False,591,1773
13,2,0.0,0.0,uniform,0,uniform,0.5,guarded,stage1,,,0,2,0.02224348475389981,custom,"{""bfgs"": 0.048615706789299766, ""custom"": 0.0042263478788495965}",0.012428859559198221,0.012428859559198221,stage3_l_opt,l_opt_current_alpha,0.16333708140687356,0.1766704147402069,0.08166854070343672,0.5,True,True,True,False,2.2351741790771484e-08,True,not_needed,,,,,0,False,825,3129
13,2,0.0,0.0,uniform,0,uniform,0.5,guarded,stage1,,,0,3,0.02224344349080115,custom,"{""bfgs"": 0.052037890795932115, ""custom"": 0.004434925852220516}",0.012428862042725086,0.012428862042725086,stage3_l_opt,l_opt_current_alpha,0.08166854070343683,0.09500187403677018,0.04083427035171836,0.5,True,True,True,False,2.483526865063035e-09,True,not_needed,,,,,0,False,1056,4257
13,2,0.0,0.0,uniform,0,uniform,0.5,guarded,stage1,,,0,4,0.022243424431120873,custom,"{""bfgs"": 0.05374931105728212, ""custom"": 0.004539340493249643}",0.012428862042725086,0.012428862042725086,stage3_l_opt,l_opt_current_alpha,0.38683947165779886,0.41350613832446553,0.1934197358288995,0.5,True,True,True,False,0.0,True,not_needed,,,,,0,False,1296,5364
13,2,0.0,0.0,uniform,0,uniform,0.5,guarded,stage1,,,0,5,0.022243439690539546,custom,"{""bfgs"": 0.04599673905102046, ""custom"": 0.0023939891099738347}",0.012428862042725086,0.012428862042725086,stage3_l_opt,l_opt_current_alpha,0.19341973582889938,0.22008640249556602,0.09670986791444974,0.5,True,True,True,False,0.0,True,not_needed,,,,,0,False,1518,6789
13,2,0.0,0.0,uniform,0,uniform,0.5,guarded,stage1,,,0,6,0.022243627376924535,custom,"{""bfgs"": 0.04212045304788963, ""custom"": 0.0013212568228683145}",0.01242883720745643,0.01242883720745643,stage3_l_opt,l_opt_current_alpha,0.09670469913739686,0.1233712603188176,0.04835234956869843,0.5,True,True,True,False,-2.483526865583452e-08,True,not_needed,,,,,0,False,1731,8157
13,2,0.0,0.0,uniform,0,uniform,0.5,guarded,stage1,,,0,7,0.02224353573392851,custom,"{""bfgs"": 0.040182299264565506, ""custom"": 0.0007849981119670635}",0.012428857075671354,0.012428857075671354,stage3_l_opt,l_opt_current_alpha,0.04835648458597848,0.07502313015550711,0.024178242292989295,0.5,True,True,True,False,1.9868214923973726e-08,True,not_needed,,,,,0,False,1965,9582
13,2,0.0,0.0,uniform,0,uniform,0.5,guarded,stage1,,,0,8,0.02224353834702497,custom,"{""bfgs"": 0.03921323099830131, ""custom"": 0.0005168277930575729}",0.012428857075671354,0.012428857075671354,stage3_l_opt,l_opt_current_alpha,0.02413818494162203,0.050804013014183816,0.01206909247081096,0.5,True,True,True,False,0.0,True,not_needed,,,,,0,False,2172,11325
13,2,0.0,0.0,uniform,0,uniform,0.5,guarded,stage1,,,0,9,0.022243546512425827,custom,"{""bfgs"": 0.03872962982213271, ""custom"": 0.00038297658818896887}",0.012428857075671354,0.012428857075671354,stage3_l_opt,l_opt_current_alpha,0.01206909247081107,0.03873492054337285,0.006034546235405588,0.5,True,True,True,False,0.0,True,not_needed,,,,,0,False,2388,13452
13,2,0.0,0.0,uniform,0,uniform,0.5,guarded,stage1,,,0,10,0.022243555471631038,custom,"{""bfgs"": 0.03848782923404843, ""custom"": 0.0003160509857546669}",0.012428857075671354,0.012428857075671354,stage3_l_opt,l_opt_current_alpha,0.0060345462354054824,0.03270037430796727,0.0030172731177027417,0.5,True,True,True,False,0.0,True,not_needed,,,,,0,False,2583,14988
13,2,0.0,0.0,uniform,0,uniform,0.5,guarded,stage1,,,0,11,0.02224354327839434,custom,"{""bfgs"": 0.03836692894000627, ""custom"": 0.00028258818453751587}",0.012428857075671354,0.012428857075671354,stage3_l_opt,l_opt_current_alpha,0.003017273117702741,0.029683101190264523,0.0015086365588514242,0.5,True,True,True,False,0.0,True,not_needed,,,,,0,False,2778,16716
13,2,0.0,0.0,uniform,0,uniform,0.5,guarded,stage1,,,0,12,0.022243537146860004,custom,"{""bfgs"": 0.0383064787929852, ""custom"": 0.0002658567839289404}",0.012428857075671354,0.012428857075671354,stage3_l_opt,l_opt_current_alpha,0.0015086365588513166,0.028174464631413102,0.0007543182794256583,0.5,True,True,True,False,0.0,True,not_needed,,,,,0,False,2973,18225
13,2,0.0,0.0,uniform,0,uniform,0.5,guarded,stage1,,,0,13,0.022243534072541704,custom,"{""bfgs"": 0.038276253719474664, ""custom"": 0.0002574910836246526}",0.012428857075671354,0.012428857075671354,stage3_l_opt,l_opt_current_alpha,0.0007512171334140135,0.027416981917281598,0.0,0.5,True,True,False,False,0.0,True,not_needed,,,,,0,False,3168,19938
14,2,0.0,0.0,uniform,0,uniform,0.5,guarded,stage1,,,0,0,0.001376563846582331,custom,"{""bfgs"": 0.04410124942660331, ""custom"": 0.008076924830675125}",0.008076924830675125,0.008076924830675125,stage3_l_opt,l_opt_current_alpha,1.3036843612208724,1.3302901645110943,0.6518421806104363,0.5,False,True,True,False,,True,not_needed,,,,,0,False,204,1668
14,2,0.0,0.0,uniform,0,uniform,0.5,guarded,stage1,,,0,1,0.001464440486181589,custom,"{""bfgs"": 0.0495151268727751, ""custom"": 0.004120255264718685}",0.00806168963511785,0.00806168963511785,stage3_l_opt,l_opt_current_alpha,0.6243532477134472,0.6503980523731183,0.3121766238567236,0.5,True,True,True,False,-1.523519555727583e-05,True,not_needed,,,,,0,False,357,3312
14,2,0.0,0.0,uniform,0,uniform,0.5,guarded,stage1,,,0,2,0.001376629151017968,custom,"{""bfgs"": 0.052096788644767786, ""custom"": 0.0022363410676426395}",0.008076902478933334,0.008076902478933334,stage3_l_opt,l_opt_current_alpha,0.34263767455319805,0.36930413330871553,0.17131883727659902,0.5,True,True,True,False,1.5212843815485058e-05,True,not_needed,,,,,0,False,585,5535
14,2,0.0,0.0,uniform,0,uniform,0.5,guarded,stage1,,,0,3,0.0013766050197814902,custom,"{""bfgs"": 0.05351390417690476, ""custom"": 0.0011989755617908312}",0.008076897511879602,0.008076897511879602,stage3_l_opt,l_opt_current_alpha,0.1713188373030738,0.1979852960591315,0.0856594186515369,0.5,True,True,True,False,-4.967053731860793e-09,True,not_needed,,,,,0,False,795,7086
14,2,0.0,0.0,uniform,0,uniform,0.5,guarded,stage1,,,0,4,0.0013766091016727457,custom,"{""bfgs"": 0.05422246194318302, ""custom"": 0.0006802937014863306}",0.00807689999540647,0.00807689999540647,stage3_l_opt,l_opt_current_alpha,0.08566196553663888,0.11232847626994368,0.042830982768319495,0.5,True,True,True,False,2.4835268667977584e-09,True,not_needed,,,,,0,False,1026,8595
14,2,0.0,0.0,uniform,0,uniform,0.5,guarded,stage1,,,0,5,0.0013766070507909775,custom,"{""bfgs"": 0.05457676100594398, ""custom"": 0.00042094340320078224}",0.00807689999540647,0.00807689999540647,stage3_l_opt,l_opt_current_alpha,0.042830982768319384,0.0694974935016242,0.02141549138415953,0.5,True,True,True,False,0.0,True,not_needed,,,,,0,False,1275,10965
14,2,0.0,0.0,uniform,0,uniform,0.5,guarded,stage1,,,0,6,0.0013766068193171617,custom,"{""bfgs"": 0.05475391053732446, ""custom"": 0.0002912681645549665}",0.008076897511879602,0.008076897511879602,stage3_l_opt,l_opt_current_alpha,0.021412944499057875,0.04807940325511561,0.010706472249528991,0.5,True,True,True,False,-2.4835268667977584e-09,True,not_needed,,,,,0,False,1506,12444
14,2,0.0,0.0,uniform,0,uniform,0.5,guarded,stage1,,,0,7,0.0013766783843677712,custom,"{""bfgs"": 0.054842465123392865, ""custom"": 0.0002264401416687843}",0.008076909929513931,0.008076909929513931,stage3_l_opt,l_opt_current_alpha,0.010716659869362877,0.03738332653602952,0.005358329934681494,0.5,True,True,True,False,1.2417634328784621e-08,True,not_needed,,,,,0,False,1731,14775
14,2,0.0,0.0,uniform,0,uniform,0.5,guarded,stage1,,,0,8,0.0013766835421430024,custom,"{""bfgs"": 0.05488682313554373, ""custom"": 0.0001939888718865619}",0.008076897511879602,0.008076897511879602,stage3_l_opt,l_opt_current_alpha,0.005348142314847387,0.032014601070905126,0.00267407115742353,0.5,True,True,True,False,-1.2417634328784621e-08,True,not_needed,,,,,0,False,1944,16950
14,2,0.0,0.0,uniform,0,uniform,0.5,guarded,stage1,,,0,9,0.0013766819227367076,custom,"{""bfgs"": 0.0549089214225025, ""custom"": 0.0001778001477708413}",0.008076897511879602,0.008076897511879602,stage3_l_opt,l_opt_current_alpha,0.002674071157423857,0.029340529913481593,0.0013370355787119823,0.5,True,True,True,False,0.0,True,not_needed,,,,,0,False,2169,18801
14,2,0.0,0.0,uniform,0,uniform,0.5,guarded,stage1,,,0,10,0.001376609141319653,custom,"{""bfgs"": 0.054919970565981885, ""custom"": 0.00016970583772838777}",0.00807689999540647,0.00807689999540647,stage3_l_opt,l_opt_current_alpha,0.0013395824638138517,0.028006093197118664,0.0006697912319069254,0.5,True,True,True,False,2.4835268667977584e-09,True,not_needed,,,,,0,False,2415,20928
14,2,0.0,0.0,uniform,0,uniform,0.5,guarded,stage1,,,0,11,0.001376671898484099,custom,"{""bfgs"": 0.05492551531734342, ""custom"": 0.00016564977709233105}",0.008076914896567663,0.008076914896567663,stage3_l_opt,l_opt_current_alpha,0.0006774319666389469,0.02734409863330559,0.0,0.5,True,True,False,False,1.4901161193847656e-08,True,not_needed,,,,,0,False,2640,23151
15,2,0.0,0.0,uniform,0,uniform,0.5,guarded,stage1,,,0,0,0.010581442761669377,bfgs,"{""bfgs"": 0.005644686209658781, ""custom"": 0.005890503215293089}",0.005644686209658782,0.005644686209658782,stage3_l_opt,l_opt_current_alpha,0.7709516133319066,0.7866853197264353,0.38547580666595327,0.5,False,True,True,False,,True,not_needed,,,,,0,False,861,1062
15,2,0.0,0.0,uniform,0,uniform,0.5,guarded,stage1,,,0,1,0.01640873592404271,custom,"{""bfgs"": 0.005171662766238744, ""custom"": 0.0030843447150185276}",0.006037524590889613,0.006037524590889613,stage3_l_opt,l_opt_current_alpha,1.6333333333333333,1.6600000000000001,0.19273790333297663,0.25,False,False,True,True,0.00039283838123083115,True,not_needed,,,,,0,False,1764,3312
15,2,0.0,0.0,uniform,0,uniform,0.5,guarded,stage1,,,0,2,0.014073908384160791,custom,"{""bfgs"": 0.014481525464741025, ""custom"": 0.0048315802577566505}",0.0058649651085337,0.0058649651085337,stage3_l_opt,l_opt_current_alpha,0.7433315233252582,0.7551682210801953,0.09636895166648834,0.125,False,False,True,True,0.00022027889887491804,True,not_needed,,,,,0,False,2115,4485
15,2,0.0,0.0,uniform,0,uniform,0.5,guarded,stage1,,,0,3,0.013237877250079425,custom,"{""bfgs"": 0.005535577910871177, ""custom"": 0.005410352000042869}",0.005842007386187713,0.005842007386187713,stage3_l_opt,l_opt_current_alpha,0.949506689730401,0.9708510905752354,0.048184475833244145,0.0625,False,False,True,True,0.00019732117652893066,True,not_needed,,,,,0,False,3144,6000
15,2,0.0,0.0,uniform,0,uniform,0.5,guarded,stage1,,,0,4,0.013689022836338612,custom,"{""bfgs"": 0.04068863672827507, ""custom"": 0.005603045284010351}",0.005841752824683984,0.005841752824683984,stage3_l_opt,l_opt_current_alpha,1.0653837593826871,1.0881096417340326,0.038547580666595305,0.05,False,False,True,True,0.00019706661502520186,True,not_needed,,,,,0,False,3801,7059
15,2,0.0,0.0,uniform,0,uniform,0.5,guarded,stage1,,,0,5,0.013616919869047131,custom,"{""bfgs"": 0.03818908006610237, ""custom"": 0.005697290654901346}",0.0058862389996647835,0.0058862389996647835,stage3_l_opt,l_opt_current_alpha,1.2350854561913436,1.261077967147628,0.038547580666595305,0.05,False,False,True,True,0.0002415527900060015,True,not_needed,,,,,0,False,4470,8412
15,2,0.0,0.0,uniform,0,uniform,0.5,guarded,stage1,,,0,6,0.013616919869047131,custom,"{""bfgs"": 0.03818908006610237, ""custom"": 0.005697290654901346}",0.0058862389996647835,0.0058862389996647835,stage3_l_opt,l_opt_current_alpha,1.2350854561913436,1.261077967147628,0.038547580666595305,0.05,False,False,True,True,0.0002415527900060015,True,not_needed,,,,,0,False,5139,9765
15,2,0.0,0.0,uniform,0,uniform,0.5,guarded,stage1,,,0,7,0.013616919869047131,custom,"{""bfgs"": 0.03818908006610237, ""custom"": 0.005697290654901346}",0.0058862389996647835,0.0058862389996647835,stage3_l_opt,l_opt_current_alpha,1.2350854561913436,1.261077967147628,0.038547580666595305,0.05,False,False,True,True,0.0002415527900060015,True,not_needed,,,,,0,False,5808,11118
15,2,0.0,0.0,uniform,0,uniform,0.5,guarded,stage1,,,0,8,0.013616919869047131,custom,"{""bfgs"": 0.03818908006610237, ""custom"": 0.005697290654901346}",0.0058862389996647835,0.0058862389996647835,stage3_l_opt,l_opt_current_alpha,1.2350854561913436,1.261077967147628,0.038547580666595305,0.05,False,False,True,True,0.0002415527900060015,True,not_needed,,,,,0,False,6477,12471
15,2,0.0,0.0,uniform,0,uniform,0.5,guarded,stage1,,,0,9,0.013616919869047131,custom,"{""bfgs"": 0.03818908006610237, ""custom"": 0.005697290654901346}",0.0058862389996647835,0.0058862389996647835,stage3_l_opt,l_opt_current_alpha,1.2350854561913436,1.261077967147628,0.038547580666595305,0.05,False,False,True,True,0.0002415527900060015,True,not_needed,,,,,0,False,7146,13824
15,2,0.0,0.0,uniform,0,uniform,0.5,guarded,stage1,,,0,10,0.013616919869047131,custom,"{""bfgs"": 0.03818908006610237, ""custom"": 0.005697290654901346}",0.0058862389996647835,0.0058862389996647835,stage3_l_opt,l_opt_current_alpha,1.2350854561913436,1.261077967147628,0.038547580666595305,0.05,False,False,True,True,0.0002415527900060015,True,not_needed,,,,,0,False,7815,15177
15,2,0.0,0.0,uniform,0,uniform,0.5,guarded,stage1,,,0,11,0.013616919869047131,custom,"{""bfgs"": 0.03818908006610237, ""custom"": 0.005697290654901346}",0.0058862389996647835,0.0058862389996647835,stage3_l_opt,l_opt_current_alpha,1.2350854561913436,1.261077967147628,0.038547580666595305,0.05,False,False,True,True,0.0002415527900060015,True,not_needed,,,,,0,False,8484,16530
15,2,0.0,0.0,uniform,0,uniform,0.5,guarded,stage1,,,0,12,0.013616919869047131,custom,"{""bfgs"": 0.03818908006610237, ""custom"": 0.005697290654901346}",0.0058862389996647835,0.0058862389996647835,stage3_l_opt,l_opt_current_alpha,1.2350854561913436,1.261077967147628,0.038547580666595305,0.05,False,False,True,True,0.0002415527900060015,True,not_needed,,,,,0,False,9153,17883
15,2,0.0,0.0,uniform,0,uniform,0.5,guarded,stage1,,,0,13,0.013616919869047131,custom,"{""bfgs"": 0.03818908006610237, ""custom"": 0.005697290654901346}",0.0058862389996647835,0.0058862389996647835,stage3_l_opt,l_opt_current_alpha,1.2350854561913436,1.261077967147628,0.038547580666595305,0.05,False,False,True,True,0.0002415527900060015,True,not_needed,,,,,0,False,9822,19236
15,2,0.0,0.0,uniform,0,uniform,0.5,guarded,stage1,,,0,14,0.013616919869047131,custom,"{""bfgs"": 0.03818908006610237, ""custom"": 0.005697290654901346}",0.0058862389996647835,0.0058862389996647835,stage3_l_opt,l_opt_current_alpha,1.2350854561913436,1.261077967147628,0.038547580666595305,0.05,False,False,True,True,0.0002415527900060015,True,not_needed,,,,,0,False,10491,20589
15,2,0.0,0.0,uniform,0,uniform,0.5,guarded,stage1,,,0,15,0.013616919869047131,custom,"{""bfgs"": 0.03818908006610237, ""custom"": 0.005697290654901346}",0.0058862389996647835,0.0058862389996647835,stage3_l_opt,l_opt_current_alpha,1.2350854561913436,1.261077967147628,0.038547580666595305,0.05,False,False,True,True,0.0002415527900060015,True,not_needed,,,,,0,False,11160,21942
15,2,0.0,0.0,uniform,0,uniform,0.5,guarded,stage1,,,0,16,0.013616919869047131,custom,"{""bfgs"": 0.03818908006610237, ""custom"": 0.005697290654901346}",0.0058862389996647835,0.0058862389996647835,stage3_l_opt,l_opt_current_alpha,1.2350854561913436,1.261077967147628,0.038547580666595305,0.05,False,False,True,True,0.0002415527900060015,True,not_needed,,,,,0,False,11829,23295
15,2,0.0,0.0,uniform,0,uniform,0.5,guarded,stage1,,,0,17,0.013616919869047131,custom,"{""bfgs"": 0.03818908006610237, ""custom"": 0.005697290654901346}",0.0058862389996647835,0.0058862389996647835,stage3_l_opt,l_opt_current_alpha,1.2350854561913436,1.261077967147628,0.038547580666595305,0.05,False,False,True,True,0.0002415527900060015,True,not_needed,,,,,0,False,12498,24648
15,2,0.0,0.0,uniform,0,uniform,0.5,guarded,stage1,,,0,18,0.013616919869047131,custom,"{""bfgs"": 0.03818908006610237, ""custom"": 0.005697290654901346}",0.0058862389996647835,0.0058862389996647835,stage3_l_opt,l_opt_current_alpha,1.2350854561913436,1.261077967147628,0.038547580666595305,0.05,False,False,True,True,0.0002415527900060015,True,not_needed,,,,,0,False,13167,26001
15,2,0.0,0.0,uniform,0,uniform,0.5,guarded,stage1,,,0,19,0.013616919869047131,custom,"{""bfgs"": 0.03818908006610237, ""custom"": 0.005697290654901346}",0.0058862389996647835,0.0058862389996647835,stage3_l_opt,l_opt_current_alpha,1.2350854561913436,1.261077967147628,0.038547580666595305,0.05,False,False,True,True,0.0002415527900060015,True,not_needed,,,,,0,False,13836,27354
15,2,0.0,0.0,uniform,0,uniform,0.5,guarded,stage1,,,1,0,0.01623147482807915,custom,"{""bfgs"": 0.004301493056118488, ""custom"": 0.0015350980684161186}",0.0015350980684161186,0.0015350980684161186,stage3_l_opt,l_opt_current_alpha,0.98,1.0,0.49,0.5,False,True,True,False,,True,not_needed,,,,,0,False,170,38
15,2,0.0,0.0,uniform,0,uniform,0.5,guarded,stage1,,,1,1,0.016231410404764012,custom,"{""bfgs"": 0.006328923916444182, ""custom"": 0.0007828903663903475}",0.0015350719913840294,0.0015350719913840294,stage3_l_opt,l_opt_current_alpha,0.48999262562241475,0.509992475124913,0.24499631281120735,0.5,True,True,True,False,-2.60770320892334e-08,True,not_needed,,,,,0,False,358,76
15,2,0.0,0.0,uniform,0,uniform,0.5,guarded,stage1,,,1,2,0.016231410404764016,custom,"{""bfgs"": 0.007360506453476316, ""custom"": 0.0004068052139662774}",0.0015350719913840294,0.0015350719913840294,stage3_l_opt,l_opt_current_alpha,0.24499631281120737,0.2649961623137056,0.12249815640560374,0.5,True,True,True,False,0.0,True,not_needed,,,,,0,False,546,114
15,2,0.0,0.0,uniform,0,uniform,0.5,guarded,stage1,,,1,3,0.016231408239997677,custom,"{""bfgs"": 0.007878996929212281, ""custom"": 0.0002187634340659493}",0.001535077579319477,0.001535077579319477,stage3_l_opt,l_opt_current_alpha,0.12249973662002896,0.14249961837180114,0.06124986831001448,0.5,True,True,True,False,5.587935447692871e-09,True,not_needed,,,,,0,False,704,152
15,2,0.0,0.0,uniform,0,uniform,0.5,guarded,stage1,,,1,4,0.016231408239997677,custom,"{""bfgs"": 0.008132787065371988, ""custom"": 0.0001247405908340559}",0.001535077579319477,0.001535077579319477,stage3_l_opt,l_opt_current_alpha,0.06124986831001448,0.08124975006178667,0.030624934155007295,0.5,True,True,True,False,0.0,True,not_needed,,,,,0,False,868,190
15,2,0.0,0.0,uniform,0,uniform,0.5,guarded,stage1,,,1,5,0.016231408239997677,custom,"{""bfgs"": 0.008260848046875574, ""custom"": 7.772916921810917e-05}",0.001535077579319477,0.001535077579319477,stage3_l_opt,l_opt_current_alpha,0.03062493415500718,0.05062481590677938,0.01531246707750359,0.5,True,True,True,False,0.0,True,not_needed,,,,,0,False,1074,228
15,2,0.0,0.0,uniform,0,uniform,0.5,guarded,stage1,,,1,6,0.016231408239997677,custom,"{""bfgs"": 0.008322873551450593, ""custom"": 5.422345841013582e-05}",0.001535077579319477,0.001535077579319477,stage3_l_opt,l_opt_current_alpha,0.015312467077503592,0.03531234882927579,0.007656233538751795,0.5,True,True,True,False,0.0,True,not_needed,,,,,0,False,1286,266
15,2,0.0,0.0,uniform,0,uniform,0.5,guarded,stage1,,,1,7,0.016231408239997674,custom,"{""bfgs"": 0.008353864935333605, ""custom"": 4.2470603006149135e-05}",0.001535077579319477,0.001535077579319477,stage3_l_opt,l_opt_current_alpha,0.007656233538751797,0.027656115290523992,0.0038281167693758993,0.5,True,True,True,False,0.0,True,not_needed,,,,,0,False,1720,304
15,2,0.0,0.0,uniform,0,uniform,0.5,guarded,stage1,,,1,8,0.016231408239997677,custom,"{""bfgs"": 0.008369380589792398, ""custom"": 3.659417530415579e-05}",0.001535077579319477,0.001535077579319477,stage3_l_opt,l_opt_current_alpha,0.0038281167693758975,0.023827998521148093,0.001914058384687948,0.5,True,True,True,False,0.0,True,not_needed,,,,,0,False,1926,342
15,2,0.0,0.0,uniform,0,uniform,0.5,guarded,stage1,,,1,9,0.016231408239997677,custom,"{""bfgs"": 0.008377132991892435, ""custom"": 3.365596145315913e-05}",0.001535077579319477,0.001535077579319477,stage3_l_opt,l_opt_current_alpha,0.0019140583846879496,0.021913940136460145,0.0009570291923439757,0.5,True,True,True,False,0.0,True,not_needed,,,,,0,False,2132,380
15,2,0.0,0.0,uniform,0,uniform,0.5,guarded,stage1,,,1,10,0.016231408239997677,custom,"{""bfgs"": 0.008381023539177166, ""custom"": 3.218685452766079e-05}",0.001535077579319477,0.001535077579319477,stage3_l_opt,l_opt_current_alpha,0.000957029192343974,0.02095691094411617,0.0,0.5,True,True,False,False,0.0,True,not_needed,,,,,0,False,2344,418
16,2,0.0,0.0,uniform,0,uniform,0.5,guarded,stage1,,,0,0,0.01686086315518137,custom,"{""bfgs"": 0.08547457804282506, ""custom"": 0.010718292246262234}",0.010718292246262232,0.010718292246262232,stage3_l_opt,l_opt_current_alpha,0.320283175652886,0.3268195669927408,0.16014158782644305,0.5,False,True,True,False,,True,not_needed,,,,,0,False,249,753
16,2,0.0,0.0,uniform,0,uniform,0.5,guarded,stage1,,,0,1,0.016337569941493574,custom,"{""bfgs"": 0.08541113638148354, ""custom"": 0.009485493753157246}",0.010793687154849371,0.010793687154849371,stage3_l_opt,l_opt_current_alpha,0.18901188926717485,0.19613747043235064,0.09450594463358747,0.5,True,True,True,False,7.539490858713901e-05,True,not_needed,,,,,0,False,522,1866
16,2,0.0,0.0,uniform,0,uniform,0.5,guarded,stage1,,,0,2,0.01670071940532461,custom,"{""bfgs"": 0.08537369692421587, ""custom"": 0.008628283407865322}",0.01072577511270841,0.01072577511270841,stage3_l_opt,l_opt_current_alpha,0.37584300181111935,0.3783163787366518,0.1879215009055597,0.5,True,True,True,False,-6.79120421409607e-05,True,not_needed,,,,,0,False,774,3330
16,2,0.0,0.0,uniform,0,uniform,0.5,guarded,stage1,,,0,3,0.01698589194560704,custom,"{""bfgs"": 0.08649211647255936, ""custom"": 0.010046704724114668}",0.010681158552567164,0.010681158552567164,stage3_l_opt,l_opt_current_alpha,0.34439050729341497,0.3527806407392901,0.17219525364670754,0.5,True,True,True,False,-4.461656014124668e-05,True,not_needed,,,,,0,False,1017,4746
16,2,0.0,0.0,uniform,0,uniform,0.5,guarded,stage1,,,0,4,0.016891572770678126,custom,"{""bfgs"": 0.08565716561231562, ""custom"": 0.008698366850164976}",0.010693654417991638,0.010693654417991638,stage3_l_opt,l_opt_current_alpha,0.07276513800551915,0.0791260854179007,0.036382569002759546,0.5,True,True,True,False,1.2495865424474659e-05,True,not_needed,,,,,0,False,1245,5940
16,2,0.0,0.0,uniform,0,uniform,0.5,guarded,stage1,,,0,5,0.015531064508819248,custom,"{""bfgs"": 0.08550229278756916, ""custom"": 0.008736673327440402}",0.010938263187805811,0.010938263187805811,stage3_l_opt,l_opt_current_alpha,1.2449107321631963,1.2690275407232336,0.018191284501379773,0.25,False,False,True,True,0.0002446087698141728,True,not_needed,,,,,0,False,1533,7245
16,2,0.0,0.0,uniform,0,uniform,0.5,guarded,stage1,,,0,6,0.016688264481620113,custom,"{""bfgs"": 0.08557972919994239, ""custom"": 0.008621681090746016}",0.010746020823717117,0.010746020823717117,stage3_l_opt,l_opt_current_alpha,0.07303227072581184,0.07976992053047244,0.018258067681452994,0.25,True,True,True,False,5.2366405725479126e-05,True,not_needed,,,,,0,False,1800,8190
16,2,0.0,0.0,uniform,0,uniform,0.5,guarded,stage1,,,0,7,0.015531795762192685,custom,"{""bfgs"": 0.0855197692798724, ""custom"": 0.008741589621627324}",0.010941984752813974,0.010941984752813974,stage3_l_opt,l_opt_current_alpha,1.236907563487842,1.2608845541302465,0.009129033840726442,0.125,False,False,True,True,0.00019596392909685713,True,not_needed,,,,,0,False,2085,9060
16,2,0.0,0.0,uniform,0,uniform,0.5,guarded,stage1,,,0,8,0.01558096654359703,custom,"{""bfgs"": 0.08554974923990738, ""custom"": 0.008804367941783905}",0.010933385541041693,0.010933385541041693,stage3_l_opt,l_opt_current_alpha,1.301564736629665,1.3269461614474696,0.004564516920363276,0.0625,False,False,True,True,0.00018736471732457537,True,not_needed,,,,,0,False,2286,10008
16,2,0.0,0.0,uniform,0,uniform,0.5,guarded,stage1,,,0,9,0.015802197500561166,custom,"{""bfgs"": 0.08556473921992488, ""custom"": 0.008790931047144906}",0.01089660202463468,0.01089660202463468,stage3_l_opt,l_opt_current_alpha,0.13622782680395254,0.1443483352412356,0.0036516135362905655,0.05,False,False,True,True,0.00015058120091756243,True,not_needed,,,,,0,False,2526,11502
16,2,0.0,0.0,uniform,0,uniform,0.5,guarded,stage1,,,0,10,0.015705436299705555,custom,"{""bfgs"": 0.08556773721592838, ""custom"": 0.008815299778256033}",0.010908408711353937,0.010908408711353937,stage3_l_opt,l_opt_current_alpha,0.14364879270219513,0.15190211874180826,0.0036516135362905655,0.05,False,False,True,True,0.0001623878876368199,True,not_needed,,,,,0,False,2808,12360
16,2,0.0,0.0,uniform,0,uniform,0.5,guarded,stage1,,,0,11,0.015705436299705555,custom,"{""bfgs"": 0.08556773721592838, ""custom"": 0.008815299778256033}",0.010908408711353937,0.010908408711353937,stage3_l_opt,l_opt_current_alpha,0.14364879270219513,0.15190211874180826,0.0036516135362905655,0.05,False,False,True,True,0.0001623878876368199,True,not_needed,,,,,0,False,3090,13218
16,2,0.0,0.0,uniform,0,uniform,0.5,guarded,stage1,,,0,12,0.015705436299705555,custom,"{""bfgs"": 0.08556773721592838, ""custom"": 0.008815299778256033}",0.010908408711353937,0.010908408711353937,stage3_l_opt,l_opt_current_alpha,0.14364879270219513,0.15190211874180826,0.0036516135362905655,0.05,False,False,True,True,0.0001623878876368199,True,not_needed,,,,,0,False,3372,14076
16,2,0.0,0.0,uniform,0,uniform,0.5,guarded,stage1,,,0,13,0.015705436299705555,custom,"{""bfgs"": 0.08556773721592838, ""custom"": 0.008815299778256033}",0.010908408711353937,0.010908408711353937,stage3_l_opt,l_opt_current_alpha,0.14364879270219513,0.15190211874180826,0.0036516135362905655,0.05,False,False,True,True,0.0001623878876368199,True,not_needed,,,,,0,False,3654,14934
16,2,0.0,0.0,uniform,0,uniform,0.5,guarded,stage1,,,0,14,0.015705436299705555,custom,"{""bfgs"": 0.08556773721592838, ""custom"": 0.008815299778256033}",0.010908408711353937,0.010908408711353937,stage3_l_opt,l_opt_current_alpha,0.14364879270219513,0.15190211874180826,0.0036516135362905655,0.05,False,False,True,True,0.0001623878876368199,True,not_needed,,,,,0,False,3936,15792
16,2,0.0,0.0,uniform,0,uniform,0.5,guarded,stage1,,,0,15,0.015705436299705555,custom,"{""bfgs"": 0.08556773721592838, ""custom"": 0.008815299778256033}",0.010908408711353937,0.010908408711353937,stage3_l_opt,l_opt_current_alpha,0.14364879270219513,0.15190211874180826,0.0036516135362905655,0.05,False,False,True,True,0.0001623878876368199,True,not_needed,,,,,0,False,4218,16650
16,2,0.0,0.0,uniform,0,uniform,0.5,guarded,stage1,,,0,16,0.015705436299705555,custom,"{""bfgs"": 0.08556773721592838, ""custom"": 0.008815299778256033}",0.010908408711353937,0.010908408711353937,stage3_l_opt,l_opt_current_alpha,0.14364879270219513,0.15190211874180826,0.0036516135362905655,0.05,False,False,True,True,0.0001623878876368199,True,not_needed,,,,,0,False,4500,17508
16,2,0.0,0.0,uniform,0,uniform,0.5,guarded,stage1,,,0,17,0.015705436299705555,custom,"{""bfgs"": 0.08556773721592838, ""custom"": 0.008815299778256033}",0.010908408711353937,0.010908408711353937,stage3_l_opt,l_opt_current_alpha,0.14364879270219513,0.15190211874180826,0.0036516135362905655,0.05,False,False,True,True,0.0001623878876368199,True,not_needed,,,,,0,False,4782,18366
16,2,0.0,0.0,uniform,0,uniform,0.5,guarded,stage1,,,0,18,0.015705436299705555,custom,"{""bfgs"": 0.08556773721592838, ""custom"": 0.008815299778256033}",0.010908408711353937,0.010908408711353937,stage3_l_opt,l_opt_current_alpha,0.14364879270219513,0.15190211874180826,0.0036516135362905655,0.05,False,False,True,True,0.0001623878876368199,True,not_needed,,,,,0,False,5064,19224
16,2,0.0,0.0,uniform,0,uniform,0.5,guarded,stage1,,,0,19,0.015705436299705555,custom,"{""bfgs"": 0.08556773721592838, ""custom"": 0.008815299778256033}",0.010908408711353937,0.010908408711353937,stage3_l_opt,l_opt_current_alpha,0.14364879270219513,0.15190211874180826,0.0036516135362905655,0.05,False,False,True,True,0.0001623878876368199,True,not_needed,,,,,0,False,5346,20082
17,2,0.0,0.0,uniform,0,uniform,0.5,guarded,stage1,,,0,0,0.0006508197613193899,bfgs,"{""bfgs"": 0.013297389571865399, ""custom"": 0.014302661642432213}",0.0132973895718654,0.0132973895718654,stage3_l_opt,l_opt_current_alpha,1.0755186027893653,1.0974679620299645,0.5377593013946826,0.5,False,True,True,False,,True,not_needed,,,,,0,False,441,1191
17,2,0.0,0.0,uniform,0,uniform,0.5,guarded,stage1,,,0,1,0.007295076548421209,bfgs,"{""bfgs"": 0.007723570530913049, ""custom"": 0.007723570530913049}",0.01230244276424249,0.01230244276424249,stage3_l_opt,l_opt_current_alpha,1.191092634728016,1.2044259680613494,0.5955463173640081,0.5,True,True,True,False,-0.0009949468076229095,True,recovered_informative,15,0.0111655540994692,0.007723570530913049,0.003441983568556151,1,True,1548,2613
17,2,0.0,0.0,uniform,0,uniform,0.5,guarded,stage1,,,0,2,0.0009205412698821427,bfgs,"{""bfgs"": 0.011857023155680897, ""custom"": 0.013776269842968224}",0.012858986233671507,0.012858986233671507,stage3_l_opt,l_opt_current_alpha,0.5999541275263357,0.6121980639434024,0.29777315868200405,0.25,False,False,True,True,0.0005565434694290161,True,not_needed,,,,,0,False,2646,3603
17,2,0.0,0.0,uniform,0,uniform,0.5,guarded,stage1,,,0,3,0.019043096085413075,custom,"{""bfgs"": 0.04871470369024211, ""custom"": 0.013917965125197686}",0.013810799146691958,0.013810799146691958,stage3_l_opt,l_opt_current_alpha,1.3833200975910462,1.4099867642577126,0.14888657934100194,0.125,False,False,True,True,0.0015083563824494668,True,not_needed,,,,,0,False,3453,4185
17,2,0.0,0.0,uniform,0,uniform,0.5,guarded,stage1,,,0,4,0.007295076548421209,bfgs,"{""bfgs"": 0.009049432041360592, ""custom"": 0.009049432041360592}",0.01230244276424249,0.01230244276424249,stage3_l_opt,l_opt_current_alpha,1.1477279227266899,1.1661509479001428,0.14346599034083624,0.125,True,True,True,False,0.0,True,recovered_informative,15,0.013503767651348334,0.009049432041360592,0.004454335609987743,1,True,3858,5595
17,2,0.0,0.0,uniform,0,uniform,0.5,guarded,stage1,,,0,5,0.019239280921895793,custom,"{""bfgs"": 0.017406858046507923, ""custom"": 0.014721488726245556}",0.013739813740054766,0.013739813740054766,stage3_l_opt,l_opt_current_alpha,0.9040193551702396,0.9277462188498424,0.07173299517041809,0.0625,False,False,True,True,0.001437370975812275,True,not_needed,,,,,0,False,4788,6264
17,2,0.0,0.0,uniform,0,uniform,0.5,guarded,stage1,,,0,6,0.02228707102423646,custom,"{""bfgs"": 0.061839687439619886, ""custom"": 0.01314977317594657}",0.014232439920306206,0.014232439920306206,stage3_l_opt,l_opt_current_alpha,1.4571348162015942,1.4838014828682609,0.057386396136334505,0.05,False,False,True,True,0.001929997156063715,True,not_needed,,,,,0,False,5295,7242
17,2,0.0,0.0,uniform,0,uniform,0.5,guarded,stage1,,,0,7,0.02129738409146116,custom,"{""bfgs"": 0.019110278283195413, ""custom"": 0.013322315487171475}",0.014110362157225609,0.014110362157225609,stage3_l_opt,l_opt_current_alpha,1.4409724487768703,1.4665512070561708,0.057386396136334505,0.05,False,False,True,True,0.0018079193929831181,True,not_needed,,,,,0,False,6381,8034
17,2,0.0,0.0,uniform,0,uniform,0.5,guarded,stage1,,,0,8,0.02129738409146116,custom,"{""bfgs"": 0.019110278283195413, ""custom"": 0.013322315487171475}",0.014110362157225609,0.014110362157225609,stage3_l_opt,l_opt_current_alpha,1.4409724487768703,1.4665512070561708,0.057386396136334505,0.05,False,False,True,True,0.0018079193929831181,True,not_needed,,,,,0,False,7467,8826
17,2,0.0,0.0,uniform,0,uniform,0.5,guarded,stage1,,,0,9,0.02129738409146116,custom,"{""bfgs"": 0.019110278283195413, ""custom"": 0.013322315487171475}",0.014110362157225609,0.014110362157225609,stage3_l_opt,l_opt_current_alpha,1.4409724487768703,1.4665512070561708,0.057386396136334505,0.05,False,False,True,True,0.0018079193929831181,True,not_needed,,,,,0,False,8553,9618
17,2,0.0,0.0,uniform,0,uniform,0.5,guarded,stage1,,,0,10,0.02129738409146116,custom,"{""bfgs"": 0.019110278283195413, ""custom"": 0.013322315487171475}",0.014110362157225609,0.014110362157225609,stage3_l_opt,l_opt_current_alpha,1.4409724487768703,1.4665512070561708,0.057386396136334505,0.05,False,False,True,True,0.0018079193929831181,True,not_needed,,,,,0,False,9639,10410
17,2,0.0,0.0,uniform,0,uniform,0.5,guarded,stage1,,,0,11,0.02129738409146116,custom,"{""bfgs"": 0.019110278283195413, ""custom"": 0.013322315487171475}",0.014110362157225609,0.014110362157225609,stage3_l_opt,l_opt_current_alpha,1.4409724487768703,1.4665512070561708,0.057386396136334505,0.05,False,False,True,True,0.0018079193929831181,True,not_needed,,,,,0,False,10725,11202
17,2,0.0,0.0,uniform,0,uniform,0.5,guarded,stage1,,,0,12,0.02129738409146116,custom,"{""bfgs"": 0.019110278283195413, ""custom"": 0.013322315487171475}",0.014110362157225609,0.014110362157225609,stage3_l_opt,l_opt_current_alpha,1.4409724487768703,1.4665512070561708,0.057386396136334505,0.05,False,False,True,True,0.0018079193929831181,True,not_needed,,,,,0,False,11811,11994
17,2,0.0,0.0,uniform,0,uniform,0.5,guarded,stage1,,,0,13,0.02129738409146116,custom,"{""bfgs"": 0.019110278283195413, ""custom"": 0.013322315487171475}",0.014110362157225609,0.014110362157225609,stage3_l_opt,l_opt_current_alpha,1.4409724487768703,1.4665512070561708,0.057386396136334505,0.05,False,False,True,True,0.0018079193929831181,True,not_needed,,,,,0,False,12897,12786
17,2,0.0,0.0,uniform,0,uniform,0.5,guarded,stage1,,,0,14,0.02129738409146116,custom,"{""bfgs"": 0.019110278283195413, ""custom"": 0.013322315487171475}",0.014110362157225609,0.014110362157225609,stage3_l_opt,l_opt_current_alpha,1.4409724487768703,1.4665512070561708,0.057386396136334505,0.05,False,False,True,True,0.0018079193929831181,True,not_needed,,,,,0,False,13983,13578
17,2,0.0,0.0,uniform,0,uniform,0.5,guarded,stage1,,,0,15,0.02129738409146116,custom,"{""bfgs"": 0.019110278283195413, ""custom"": 0.013322315487171475}",0.014110362157225609,0.014110362157225609,stage3_l_opt,l_opt_current_alpha,1.4409724487768703,1.4665512070561708,0.057386396136334505,0.05,False,False,True,True,0.0018079193929831181,True,not_needed,,,,,0,False,15069,14370
17,2,0.0,0.0,uniform,0,uniform,0.5,guarded,stage1,,,0,16,0.02129738409146116,custom,"{""bfgs"": 0.019110278283195413, ""custom"": 0.013322315487171475}",0.014110362157225609,0.014110362157225609,stage3_l_opt,l_opt_current_alpha,1.4409724487768703,1.4665512070561708,0.057386396136334505,0.05,False,False,True,True,0.0018079193929831181,True,not_needed,,,,,0,False,16155,15162
17,2,0.0,0.0,uniform,0,uniform,0.5,guarded,stage1,,,0,17,0.02129738409146116,custom,"{""bfgs"": 0.019110278283195413, ""custom"": 0.013322315487171475}",0.014110362157225609,0.014110362157225609,stage3_l_opt,l_opt_current_alpha,1.4409724487768703,1.4665512070561708,0.057386396136334505,0.05,False,False,True,True,0.0018079193929831181,True,not_needed,,,,,0,False,17241,15954
17,2,0.0,0.0,uniform,0,uniform,0.5,guarded,stage1,,,0,18,0.02129738409146116,custom,"{""bfgs"": 0.019110278283195413, ""custom"": 0.013322315487171475}",0.014110362157225609,0.014110362157225609,stage3_l_opt,l_opt_current_alpha,1.4409724487768703,1.4665512070561708,0.057386396136334505,0.05,False,False,True,True,0.0018079193929831181,True,not_needed,,,,,0,False,18327,16746
17,2,0.0,0.0,uniform,0,uniform,0.5,guarded,stage1,,,0,19,0.02129738409146116,custom,"{""bfgs"": 0.019110278283195413, ""custom"": 0.013322315487171475}",0.014110362157225609,0.014110362157225609,stage3_l_opt,l_opt_current_alpha,1.4409724487768703,1.4665512070561708,0.057386396136334505,0.05,False,False,True,True,0.0018079193929831181,True,not_needed,,,,,0,False,19413,17538
18,2,0.0,0.0,uniform,0,uniform,0.5,guarded,stage1,,,0,0,0.012021430458405287,bfgs,"{""bfgs"": 0.002055108547210693, ""custom"": 0.002055108547210693}",0.0020551085472106934,0.0020551085472106934,stage3_l_opt,l_opt_current_alpha,0.9853854188969118,1.005495325405012,0.4926927094484559,0.5,False,True,True,False,,True,recovered_informative,10,0.0025246466199556985,0.002055108547210693,0.0004695380727450056,1,True,216,1050
18,2,0.0,0.0,uniform,0,uniform,0.5,guarded,stage1,,,0,1,0.011434369803148738,custom,"{""bfgs"": 0.004194211218993818, ""custom"": 0.001517693808492148}",0.002528215448061625,0.002528215448061625,stage3_l_opt,l_opt_current_alpha,1.6333333333333333,1.6600000000000001,0.24634635472422794,0.25,False,False,True,True,0.00047310690085093166,True,not_needed,,,,,0,False,333,1749
18,2,0.0,0.0,uniform,0,uniform,0.5,guarded,stage1,,,0,2,0.012021430458405287,bfgs,"{""bfgs"": 0.0018070057207973695, ""custom"": 0.0018070057207973695}",0.0020551085472106934,0.0020551085472106934,stage3_l_opt,l_opt_current_alpha,0.746563692323273,0.7668271626711812,0.18664092308081823,0.25,True,True,True,False,0.0,True,recovered_informative,10,0.0020058576234662727,0.0018070057207973695,0.00019885190266890327,1,True,549,2943
18,2,0.0,0.0,uniform,0,uniform,0.5,guarded,stage1,,,0,3,0.011426793638311046,custom,"{""bfgs"": 0.004144581842227223, ""custom"": 0.0016376825724627288}",0.0025255034367243447,0.0025255034367243447,stage3_l_opt,l_opt_current_alpha,1.5924999999999998,1.6191666666666666,0.09332046154040913,0.125,False,False,True,True,0.0004703948895136514,True,not_needed,,,,,0,False,666,3624
18,2,0.0,0.0,uniform,0,uniform,0.5,guarded,stage1,,,0,4,0.011412459379310682,custom,"{""bfgs"": 0.004071536257825256, ""custom"": 0.0018192305547307954}",0.0025203165908654532,0.0025203165908654532,stage3_l_opt,l_opt_current_alpha,1.53125,1.5579166666666668,0.046660230770204564,0.0625,False,False,True,True,0.00046520804365475987,True,not_needed,,,,,0,False,783,4359
18,2,0.0,0.0,uniform,0,uniform,0.5,guarded,stage1,,,0,5,0.011489843835478256,bfgs,"{""bfgs"": 0.0017200261647976893, ""custom"": 0.0017200261647976893}",0.002375150720278422,0.002375150720278422,stage3_l_opt,l_opt_current_alpha,,,0.0,0.0625,False,False,False,True,0.00032004217306772853,False,audited_uninformative,6,0.0017200261647976893,0.0017200261647976893,0.0,1,False,999,5553
18,2,0.0,0.0,uniform,0,uniform,0.5,guarded,stage1,,,1,0,0.010048886995687633,custom,"{""bfgs"": 0.002827603369951248, ""custom"": 0.0006168950349092484}",0.0006168950349092484,0.0006168950349092484,stage3_l_opt,l_opt_current_alpha,0.9799837235110711,0.9999833913378278,0.4899918617555356,0.5,False,True,True,False,,True,not_needed,,,,,0,False,144,38
18,2,0.0,0.0,uniform,0,uniform,0.5,guarded,stage1,,,1,1,0.010048885945989294,custom,"{""bfgs"": 0.0036962200974486365, ""custom"": 0.00031462703889854703}",0.0006168987601995468,0.0006168987601995468,stage3_l_opt,l_opt_current_alpha,0.48999482107694436,0.5099945492980154,0.24499741053847224,0.5,True,True,True,False,3.725290298461914e-09,True,not_needed,,,,,0,False,284,76
18,2,0.0,0.0,uniform,0,uniform,0.5,guarded,stage1,,,1,2,0.01004888673451277,custom,"{""bfgs"": 0.004130531084216485, ""custom"": 0.00016348380211951338}",0.0006168950349092484,0.0006168950349092484,stage3_l_opt,l_opt_current_alpha,0.2449944512170633,0.2649941190438199,0.12249722560853159,0.5,True,True,True,False,-3.725290298461914e-09,True,not_needed,,,,,0,False,434,114
18,2,0.0,0.0,uniform,0,uniform,0.5,guarded,stage1,,,1,3,0.010048888088283203,custom,"{""bfgs"": 0.004347683954581254, ""custom"": 8.791587185145215e-05}",0.0006168950349092484,0.0006168950349092484,stage3_l_opt,l_opt_current_alpha,0.12249722560853171,0.14249689343528832,0.06124861280426591,0.5,True,True,True,False,0.0,True,not_needed,,,,,0,False,570,152
18,2,0.0,0.0,uniform,0,uniform,0.5,guarded,stage1,,,1,4,0.010048888088283203,custom,"{""bfgs"": 0.00445626038976364, ""custom"": 5.013190671742153e-05}",0.0006168950349092484,0.0006168950349092484,stage3_l_opt,l_opt_current_alpha,0.0612486128042658,0.08124828063102241,0.030624306402132956,0.5,True,True,True,False,0.0,True,not_needed,,,,,0,False,706,190
18,2,0.0,0.0,uniform,0,uniform,0.5,guarded,stage1,,,1,5,0.010048888088283203,custom,"{""bfgs"": 0.004510548607354833, ""custom"": 3.1239924150406215e-05}",0.0006168950349092484,0.0006168950349092484,stage3_l_opt,l_opt_current_alpha,0.030624306402132845,0.05062397422888945,0.015312153201066367,0.5,True,True,True,False,0.0,True,not_needed,,,,,0,False,842,228
18,2,0.0,0.0,uniform,0,uniform,0.5,guarded,stage1,,,1,6,0.010048888088283203,custom,"{""bfgs"": 0.004537692716150428, ""custom"": 2.1793932866898562e-05}",0.0006168950349092484,0.0006168950349092484,stage3_l_opt,l_opt_current_alpha,0.015312153201066476,0.035311821027823084,0.0076560766005332945,0.5,True,True,True,False,0.0,True,not_needed,,,,,0,False,978,266
18,2,0.0,0.0,uniform,0,uniform,0.5,guarded,stage1,,,1,7,0.010048888088283203,custom,"{""bfgs"": 0.004551264770548227, ""custom"": 1.7070937225144736e-05}",0.0006168950349092484,0.0006168950349092484,stage3_l_opt,l_opt_current_alpha,0.007656076600533182,0.02765574442728979,0.0038280383002666455,0.5,True,True,True,False,0.0,True,not_needed,,,,,0,False,1114,304
18,2,0.0,0.0,uniform,0,uniform,0.5,guarded,stage1,,,1,8,0.010048888088283203,custom,"{""bfgs"": 0.004558050797747125, ""custom"": 1.4709439404267823e-05}",0.0006168950349092484,0.0006168950349092484,stage3_l_opt,l_opt_current_alpha,0.003828038300266536,0.023827706127023146,0.001914019150133268,0.5,True,True,True,False,0.0,True,not_needed,,,,,0,False,1250,342
18,2,0.0,0.0,uniform,0,uniform,0.5,guarded,stage1,,,1,9,0.010048888088283203,custom,"{""bfgs"": 0.004561443811346575, ""custom"": 1.3528690493829367e-05}",0.0006168950349092484,0.0006168950349092484,stage3_l_opt,l_opt_current_alpha,0.001914019150133268,0.021913686976889876,0.0009570095750666349,0.5,True,True,True,False,0.0,True,not_needed,,,,,0,False,1386,380
18,2,0.0,0.0,uniform,0,uniform,0.5,guarded,stage1,,,1,10,0.010048888088283203,custom,"{""bfgs"": 0.0045631403181462995, ""custom"": 1.2938316038610137e-05}",0.0006168950349092484,0.0006168950349092484,stage3_l_opt,l_opt_current_alpha,0.0009570095750666332,0.02095667740182324,0.0,0.5,True,True,False,False,0.0,True,not_needed,,,,,0,False,1522,418
19,2,0.0,0.0,uniform,0,uniform,0.5,guarded,stage1,,,0,0,0.02030142701241855,bfgs,"{""bfgs"": 0.011026526490847267, ""custom"": 0.011140468219916025}",0.011026526490847269,0.011026526490847269,stage3_l_opt,l_opt_current_alpha,0.3161089870016342,0.32256019081799414,0.15805449350081713,0.5,False,True,True,False,,True,not_needed,,,,,0,False,300,609
19,2,0.0,0.0,uniform,0,uniform,0.5,guarded,stage1,,,0,1,0.022742773287349305,custom,"{""bfgs"": 0.01400567261528922, ""custom"": 0.011464626974006142}",0.011149375389019648,0.011149375389019648,stage3_l_opt,l_opt_current_alpha,0.2471746999601972,0.2554446835002179,0.07902724675040856,0.25,False,False,True,True,0.00012284889817237854,True,not_needed,,,,,0,False,627,1248
19,2,0.0,0.0,uniform,0,uniform,0.5,guarded,stage1,,,0,2,0.022517399639644498,custom,"{""bfgs"": 0.012881476057506693, ""custom"": 0.011219430988182282}",0.01111942653854688,0.01111942653854688,stage3_l_opt,l_opt_current_alpha,0.3001157323658097,0.30785334418450805,0.07502893309145237,0.25,True,True,True,False,9.290004769961155e-05,True,not_needed,,,,,0,False,942,1857
19,2,0.0,0.0,uniform,0,uniform,0.5,guarded,stage1,,,0,3,0.018881715281486355,bfgs,"{""bfgs"": 0.01104724833996477, ""custom"": 0.011462510907350676}",0.01162784919142723,0.01162784919142723,stage3_l_opt,l_opt_current_alpha,0.5160389251783554,0.5284518647529413,0.03751446654572621,0.125,False,False,True,True,0.0005084226528803502,True,not_needed,,,,,0,False,1248,2466
19,2,0.0,0.0,uniform,0,uniform,0.5,guarded,stage1,,,0,4,0.020626603976590052,bfgs,"{""bfgs"": 0.010510386955988604, ""custom"": 0.011629683850294168}",0.01096365600824356,0.01096365600824356,stage3_l_opt,l_opt_current_alpha,0.16759787957740385,0.17339664677890454,0.02094973494717539,0.125,True,True,True,False,-0.00015577053030331987,True,not_needed,,,,,0,False,1545,3075
19,2,0.0,0.0,uniform,0,uniform,0.5,guarded,stage1,,,0,5,0.02322805299616948,custom,"{""bfgs"": 0.012858207387290153, ""custom"": 0.011687037765256215}",0.011211624989906946,0.011211624989906946,stage3_l_opt,l_opt_current_alpha,0.3351964336611525,0.34484312512859056,0.010474867473587723,0.0625,False,False,True,True,0.00024796898166338545,True,not_needed,,,,,0,False,1899,3684
19,2,0.0,0.0,uniform,0,uniform,0.5,guarded,stage1,,,0,6,0.023258884650042277,custom,"{""bfgs"": 0.012792170858768048, ""custom"": 0.011666186290458671}",0.011216911176840464,0.011216911176840464,stage3_l_opt,l_opt_current_alpha,0.3524539275932571,0.36223904000882823,0.008379893978870179,0.05,False,False,True,True,0.0002532551685969029,True,not_needed,,,,,0,False,2169,4293
19,2,0.0,0.0,uniform,0,uniform,0.5,guarded,stage1,,,0,7,0.023252667281329187,custom,"{""bfgs"": 0.013122207288989378, ""custom"": 0.01165547860931542}",0.011214487254619598,0.011214487254619598,stage3_l_opt,l_opt_current_alpha,0.35141479734190956,0.3611359484565405,0.008379893978870179,0.05,False,False,True,True,0.0002508312463760376,True,not_needed,,,,,0,False,2427,4902
19,2,0.0,0.0,uniform,0,uniform,0.5,guarded,stage1,,,0,8,0.023252667281329187,custom,"{""bfgs"": 0.013122207288989378, ""custom"": 0.01165547860931542}",0.011214487254619598,0.011214487254619598,stage3_l_opt,l_opt_current_alpha,0.35141479734190956,0.3611359484565405,0.008379893978870179,0.05,False,False,True,True,0.0002508312463760376,True,not_needed,,,,,0,False,2685,5511
19,2,0.0,0.0,uniform,0,uniform,0.5,guarded,stage1,,,0,9,0.023252667281329187,custom,"{""bfgs"": 0.013122207288989378, ""custom"": 0.01165547860931542}",0.011214487254619598,0.011214487254619598,stage3_l_opt,l_opt_current_alpha,0.35141479734190956,0.3611359484565405,0.008379893978870179,0.05,False,False,True,True,0.0002508312463760376,True,not_needed,,,,,0,False,2943,6120
19,2,0.0,0.0,uniform,0,uniform,0.5,guarded,stage1,,,0,10,0.023252667281329187,custom,"{""bfgs"": 0.013122207288989378, ""custom"": 0.01165547860931542}",0.011214487254619598,0.011214487254619598,stage3_l_opt,l_opt_current_alpha,0.35141479734190956,0.3611359484565405,0.008379893978870179,0.05,False,False,True,True,0.0002508312463760376,True,not_needed,,,,,0,False,3201,6729
19,2,0.0,0.0,uniform,0,uniform,0.5,guarded,stage1,,,0,11,0.023252667281329187,custom,"{""bfgs"": 0.013122207288989378, ""custom"": 0.01165547860931542}",0.011214487254619598,0.011214487254619598,stage3_l_opt,l_opt_current_alpha,0.35141479734190956,0.3611359484565405,0.008379893978870179,0.05,False,False,True,True,0.0002508312463760376,True,not_needed,,,,,0,False,3459,7338
19,2,0.0,0.0,uniform,0,uniform,0.5,guarded,stage1,,,0,12,0.023252667281329187,custom,"{""bfgs"": 0.013122207288989378, ""custom"": 0.01165547860931542}",0.011214487254619598,0.011214487254619598,stage3_l_opt,l_opt_current_alpha,0.35141479734190956,0.3611359484565405,0.008379893978870179,0.05,False,False,True,True,0.0002508312463760376,True,not_needed,,,,,0,False,3717,7947
19,2,0.0,0.0,uniform,0,uniform,0.5,guarded,stage1,,,0,13,0.023252667281329187,custom,"{""bfgs"": 0.013122207288989378, ""custom"": 0.01165547860931542}",0.011214487254619598,0.011214487254619598,stage3_l_opt,l_opt_current_alpha,0.35141479734190956,0.3611359484565405,0.008379893978870179,0.05,False,False,True,True,0.0002508312463760376,True,not_needed,,,,,0,False,3975,8556
19,2,0.0,0.0,uniform,0,uniform,0.5,guarded,stage1,,,0,14,0.023252667281329187,custom,"{""bfgs"": 0.013122207288989378, ""custom"": 0.01165547860931542}",0.011214487254619598,0.011214487254619598,stage3_l_opt,l_opt_current_alpha,0.35141479734190956,0.3611359484565405,0.008379893978870179,0.05,False,False,True,True,0.0002508312463760376,True,not_needed,,,,,0,False,4233,9165
19,2,0.0,0.0,uniform,0,uniform,0.5,guarded,stage1,,,0,15,0.023252667281329187,custom,"{""bfgs"": 0.013122207288989378, ""custom"": 0.01165547860931542}",0.011214487254619598,0.011214487254619598,stage3_l_opt,l_opt_current_alpha,0.35141479734190956,0.3611359484565405,0.008379893978870179,0.05,False,False,True,True,0.0002508312463760376,True,not_needed,,,,,0,False,4491,9774
19,2,0.0,0.0,uniform,0,uniform,0.5,guarded,stage1,,,0,16,0.023252667281329187,custom,"{""bfgs"": 0.013122207288989378, ""custom"": 0.01165547860931542}",0.011214487254619598,0.011214487254619598,stage3_l_opt,l_opt_current_alpha,0.35141479734190956,0.3611359484565405,0.008379893978870179,0.05,False,False,True,True,0.0002508312463760376,True,not_needed,,,,,0,False,4749,10383
19,2,0.0,0.0,uniform,0,uniform,0.5,guarded,stage1,,,0,17,0.023252667281329187,custom,"{""bfgs"": 0.013122207288989378, ""custom"": 0.01165547860931542}",0.011214487254619598,0.011214487254619598,stage3_l_opt,l_opt_current_alpha,0.35141479734190956,0.3611359484565405,0.008379893978870179,0.05,False,False,True,True,0.0002508312463760376,True,not_needed,,,,,0,False,5007,10992
19,2,0.0,0.0,uniform,0,uniform,0.5,guarded,stage1,,,0,18,0.023252667281329187,custom,"{""bfgs"": 0.013122207288989378, ""custom"": 0.01165547860931542}",0.011214487254619598,0.011214487254619598,stage3_l_opt,l_opt_current_alpha,0.35141479734190956,0.3611359484565405,0.008379893978870179,0.05,False,False,True,True,0.0002508312463760376,True,not_needed,,,,,0,False,5265,11601
19,2,0.0,0.0,uniform,0,uniform,0.5,guarded,stage1,,,0,19,0.023252667281329187,custom,"{""bfgs"": 0.013122207288989378, ""custom"": 0.01165547860931542}",0.011214487254619598,0.011214487254619598,stage3_l_opt,l_opt_current_alpha,0.35141479734190956,0.3611359484565405,0.008379893978870179,0.05,False,False,True,True,0.0002508312463760376,True,not_needed,,,,,0,False,5523,12210
20,2,0.0,0.0,uniform,0,uniform,0.5,guarded,stage1,,,0,0,0.012060551566270283,bfgs,"{""bfgs"": 0.005774158984422683, ""custom"": 0.005774158984422683}",0.005774158984422684,0.005774158984422684,stage3_l_opt,l_opt_current_alpha,1.3066666666666666,1.3333333333333333,0.6533333333333333,0.5,False,True,True,False,,True,recovered_informative,11,0.011514744410912195,0.005774158984422683,0.005740585426489512,1,True,234,3018
20,2,0.0,0.0,uniform,0,uniform,0.5,guarded,stage1,,,0,1,0.012060777595585714,bfgs,"{""bfgs"": 0.0029448184743523596, ""custom"": 0.0029448184743523596}",0.0057740894456704455,0.0057740894456704455,stage3_l_opt,l_opt_current_alpha,0.6533303059462927,0.6799969108295503,0.32666515297314636,0.5,True,True,True,False,-6.953875223824485e-08,True,recovered_informative,10,0.009072597809135913,0.0029448184743523596,0.006127779334783553,1,True,1119,5502
20,2,0.0,0.0,uniform,0,uniform,0.5,guarded,stage1,,,0,2,0.012060732483084813,bfgs,"{""bfgs"": 0.0015301570243965485, ""custom"": 0.0015301570243965485}",0.0057740795115629835,0.0057740795115629835,stage3_l_opt,l_opt_current_alpha,0.3266626301634715,0.3533291835608176,0.16333131508173587,0.5,True,True,True,False,-9.934107461986863e-09,True,recovered_informative,11,0.004746138129669892,0.0015301570243965485,0.003215981105273343,1,True,2052,8328
20,2,0.0,0.0,uniform,0,uniform,0.5,guarded,stage1,,,0,3,0.012060738056514808,bfgs,"{""bfgs"": 0.0008228368320187267, ""custom"": 0.0008228368320187267}",0.0057740795115629835,0.0057740795115629835,stage3_l_opt,l_opt_current_alpha,0.16333131508173565,0.1899978684790818,0.08166565754086788,0.5,True,True,True,False,0.0,True,recovered_informative,11,0.002572113059867406,0.0008228368320187267,0.0017492762278486795,1,True,2862,11172
20,2,0.0,0.0,uniform,0,uniform,0.5,guarded,stage1,,,0,4,0.012060738056514586,bfgs,"{""bfgs"": 0.00046917673582981567, ""custom"": 0.00046917673582981567}",0.0057740795115629835,0.0057740795115629835,stage3_l_opt,l_opt_current_alpha,0.0816656575408678,0.1083322109382139,0.04083282877043389,0.5,True,True,True,False,0.0,True,recovered_informative,11,0.00146751819879126,0.00046917673582981567,0.0009983414629614444,1,True,3348,15138
20,2,0.0,0.0,uniform,0,uniform,0.5,guarded,stage1,,,0,5,0.012060738056514586,bfgs,"{""bfgs"": 0.0002923466877353601, ""custom"": 0.0002923466877353601}",0.0057740795115629835,0.0057740795115629835,stage3_l_opt,l_opt_current_alpha,0.0408328287704339,0.06749938216777998,0.020416414385217,0.5,True,True,True,False,0.0,True,recovered_informative,11,0.0009358485346951375,0.0002923466877353601,0.0006435018469597774,1,True,4161,18618
20,2,0.0,0.0,uniform,0,uniform,0.5,guarded,stage1,,,0,6,0.012060738056514808,bfgs,"{""bfgs"": 0.00020393166368813233, ""custom"": 0.00020393166368813233}",0.0057740795115629835,0.0057740795115629835,stage3_l_opt,l_opt_current_alpha,0.020416414385216894,0.04708296778256299,0.010208207192608447,0.5,True,True,True,False,0.0,True,recovered_informative,11,0.0006399775551133877,0.00020393166368813233,0.00043604589142525537,1,True,5007,21582
20,2,0.0,0.0,uniform,0,uniform,0.5,guarded,stage1,,,0,7,0.012060738056514808,bfgs,"{""bfgs"": 0.00015972415166451846, ""custom"": 0.00015972415166451846}",0.0057740795115629835,0.0057740795115629835,stage3_l_opt,l_opt_current_alpha,0.010208207192608447,0.03687476058995454,0.005104103596304331,0.5,True,True,True,False,0.0,True,recovered_informative,11,0.0005074625469227705,0.00015972415166451846,0.000347738395258252,1,True,5406,24576
20,2,0.0,0.0,uniform,0,uniform,0.5,guarded,stage1,,,0,8,0.012060738056514586,bfgs,"{""bfgs"": 0.00013762039565271152, ""custom"": 0.00013762039565271152}",0.0057740795115629835,0.0057740795115629835,stage3_l_opt,l_opt_current_alpha,0.005104103596304117,0.03177065699365021,0.0025520517981521135,0.5,True,True,True,False,0.0,True,recovered_informative,11,0.00044552974854993906,0.00013762039565271152,0.00030790935289722754,1,True,5760,27630
20,2,0.0,0.0,uniform,0,uniform,0.5,guarded,stage1,,,0,9,0.012060738056514808,bfgs,"{""bfgs"": 0.00012656851764680804, ""custom"": 0.00012656851764680804}",0.0057740795115629835,0.0057740795115629835,stage3_l_opt,l_opt_current_alpha,0.0025520517981520033,0.029218605195498095,0.0012760258990760567,0.5,True,True,True,False,0.0,True,recovered_informative,11,0.0004063359481056702,0.00012656851764680804,0.0002797674304588622,1,True,6774,31122
20,2,0.0,0.0,uniform,0,uniform,0.5,guarded,stage1,,,0,10,0.012060738056514586,bfgs,"{""bfgs"": 0.0001210425786438563, ""custom"": 0.0001210425786438563}",0.0057740795115629835,0.0057740795115629835,stage3_l_opt,l_opt_current_alpha,0.0012760258990759466,0.027942579296422042,0.0006380129495380275,0.5,True,True,True,False,0.0,True,recovered_informative,11,0.0003782355702765568,0.0001210425786438563,0.0002571929916327005,1,True,7341,34554
20,2,0.0,0.0,uniform,0,uniform,0.5,guarded,stage1,,,0,11,0.012060738056514808,bfgs,"{""bfgs"": 0.00011827960914238044, ""custom"": 0.00011827960914238044}",0.0057740795115629835,0.0057740795115629835,stage3_l_opt,l_opt_current_alpha,0.0006380129495379191,0.027304566346884013,0.0,0.5,True,True,False,False,0.0,True,recovered_informative,11,0.00037590188560058407,0.00011827960914238044,0.00025762227645820365,1,True,7821,37986
21,2,0.0,0.0,uniform,0,uniform,0.5,guarded,stage1,,,0,0,0.023977897795143116,custom,"{""bfgs"": 0.027638830244541168, ""custom"": 0.017993309224645294}",0.017993309224645298,0.017993309224645298,stage3_l_opt,l_opt_current_alpha,1.3066666666666666,1.3333333333333333,0.6533333333333333,0.5,False,True,True,False,,True,not_needed,,,,,0,False,243,1233
21,2,0.0,0.0,uniform,0,uniform,0.5,guarded,stage1,,,0,1,0.02386629213191671,custom,"{""bfgs"": 0.025113122612237932, ""custom"": 0.009155829716473817}",0.017944224799672764,0.017944224799672764,stage3_l_opt,l_opt_current_alpha,0.6533333333333333,0.6799999999999999,0.32666666666666666,0.5,True,True,True,False,-4.908442497253418e-05,True,not_needed,,,,,0,False,486,2394
21,2,0.0,0.0,uniform,0,uniform,0.5,guarded,stage1,,,0,2,0.02331531914905577,custom,"{""bfgs"": 0.023850268796086312, ""custom"": 0.004722390389069914}",0.01774284802377224,0.01774284802377224,stage3_l_opt,l_opt_current_alpha,0.32666666666666666,0.3533333333333333,0.16333333333333333,0.5,True,True,True,False,-0.00020137677590052402,True,not_needed,,,,,0,False,702,3561
21,2,0.0,0.0,uniform,0,uniform,0.5,guarded,stage1,,,0,3,0.02412856491041196,custom,"{""bfgs"": 0.023218841888010502, ""custom"": 0.0025880374526605007}",0.018052181228995323,0.018052181228995323,stage3_l_opt,l_opt_current_alpha,0.16333333333333333,0.18999999999999995,0.08166666666666672,0.25,False,False,True,True,0.0003093332052230835,True,not_needed,,,,,0,False,882,4722
21,2,0.0,0.0,uniform,0,uniform,0.5,guarded,stage1,,,0,4,0.022702449720597345,custom,"{""bfgs"": 0.02353455534204841, ""custom"": 0.003575835134057948}",0.017487976079185803,0.017487976079185803,stage3_l_opt,l_opt_current_alpha,0.24499999999999988,0.27166666666666656,0.06125000000000001,0.25,True,True,True,False,-0.0002548719445864371,True,not_needed,,,,,0,False,1128,5883
21,2,0.0,0.0,uniform,0,uniform,0.5,guarded,stage1,,,0,5,0.019058835377253835,custom,"{""bfgs"": 0.023297770251519977, ""custom"": 0.0025098992831772186}",0.015849163755774498,0.015849163755774498,stage3_l_opt,l_opt_current_alpha,0.1837499999999999,0.21041666666666653,0.04593749999999998,0.25,True,True,True,False,-0.0016388123234113046,True,not_needed,,,,,0,False,1503,7053
21,2,0.0,0.0,uniform,0,uniform,0.5,guarded,stage1,,,0,6,0.024109557824426114,custom,"{""bfgs"": 0.023120181433623658, ""custom"": 0.002243912789029612}",0.018046402061978977,0.018046402061978977,stage3_l_opt,l_opt_current_alpha,0.13781249999999992,0.16447916666666657,0.022968749999999996,0.125,False,False,True,True,0.002197238306204479,True,not_needed,,,,,0,False,1686,8307
21,2,0.0,0.0,uniform,0,uniform,0.5,guarded,stage1,,,0,7,0.024118404370540164,custom,"{""bfgs"": 0.02320897584257182, ""custom"": 0.0025507622225510803}",0.01804659826060136,0.01804659826060136,stage3_l_opt,l_opt_current_alpha,0.1607812499999999,0.18744791666666655,0.011484374999999991,0.0625,False,False,True,True,0.0021974345048268625,True,not_needed,,,,,0,False,1899,9459
21,2,0.0,0.0,uniform,0,uniform,0.5,guarded,stage1,,,0,8,0.020432131850373597,custom,"{""bfgs"": 0.023253373047045896, ""custom"": 0.002472802978821467}",0.016506747032205265,0.016506747032205265,stage3_l_opt,l_opt_current_alpha,0.17226562499999992,0.19893229166666654,0.00918749999999996,0.05,False,False,True,True,0.0006575832764307669,True,not_needed,,,,,0,False,2109,10647
21,2,0.0,0.0,uniform,0,uniform,0.5,guarded,stage1,,,0,9,0.02040383396940293,custom,"{""bfgs"": 0.023262252487940713, ""custom"": 0.0024936966597548836}",0.016489143793781597,0.016489143793781597,stage3_l_opt,l_opt_current_alpha,0.17456249999999995,0.20122916666666657,0.00918749999999996,0.05,False,False,True,True,0.0006399800380070993,True,not_needed,,,,,0,False,2352,11826
21,2,0.0,0.0,uniform,0,uniform,0.5,guarded,stage1,,,0,10,0.02040383396940293,custom,"{""bfgs"": 0.023262252487940713, ""custom"": 0.0024936966597548836}",0.016489143793781597,0.016489143793781597,stage3_l_opt,l_opt_current_alpha,0.17456249999999995,0.20122916666666657,0.00918749999999996,0.05,False,False,True,True,0.0006399800380070993,True,not_needed,,,,,0,False,2595,13005
21,2,0.0,0.0,uniform,0,uniform,0.5,guarded,stage1,,,0,11,0.02040383396940293,custom,"{""bfgs"": 0.023262252487940713, ""custom"": 0.0024936966597548836}",0.016489143793781597,0.016489143793781597,stage3_l_opt,l_opt_current_alpha,0.17456249999999995,0.20122916666666657,0.00918749999999996,0.05,False,False,True,True,0.0006399800380070993,True,not_needed,,,,,0,False,2838,14184
21,2,0.0,0.0,uniform,0,uniform,0.5,guarded,stage1,,,0,12,0.02040383396940293,custom,"{""bfgs"": 0.023262252487940713, ""custom"": 0.0024936966597548836}",0.016489143793781597,0.016489143793781597,stage3_l_opt,l_opt_current_alpha,0.17456249999999995,0.20122916666666657,0.00918749999999996,0.05,False,False,True,True,0.0006399800380070993,True,not_needed,,,,,0,False,3081,15363
21,2,0.0,0.0,uniform,0,uniform,0.5,guarded,stage1,,,0,13,0.02040383396940293,custom,"{""bfgs"": 0.023262252487940713, ""custom"": 0.0024936966597548836}",0.016489143793781597,0.016489143793781597,stage3_l_opt,l_opt_current_alpha,0.17456249999999995,0.20122916666666657,0.00918749999999996,0.05,False,False,True,True,0.0006399800380070993,True,not_needed,,,,,0,False,3324,16542
21,2,0.0,0.0,uniform,0,uniform,0.5,guarded,stage1,,,0,14,0.02040383396940293,custom,"{""bfgs"": 0.023262252487940713, ""custom"": 0.0024936966597548836}",0.016489143793781597,0.016489143793781597,stage3_l_opt,l_opt_current_alpha,0.17456249999999995,0.20122916666666657,0.00918749999999996,0.05,False,False,True,True,0.0006399800380070993,True,not_needed,,,,,0,False,3567,17721
21,2,0.0,0.0,uniform,0,uniform,0.5,guarded,stage1,,,0,15,0.02040383396940293,custom,"{""bfgs"": 0.023262252487940713, ""custom"": 0.0024936966597548836}",0.016489143793781597,0.016489143793781597,stage3_l_opt,l_opt_current_alpha,0.17456249999999995,0.20122916666666657,0.00918749999999996,0.05,False,False,True,True,0.0006399800380070993,True,not_needed,,,,,0,False,3810,18900
21,2,0.0,0.0,uniform,0,uniform,0.5,guarded,stage1,,,0,16,0.02040383396940293,custom,"{""bfgs"": 0.023262252487940713, ""custom"": 0.0024936966597548836}",0.016489143793781597,0.016489143793781597,stage3_l_opt,l_opt_current_alpha,0.17456249999999995,0.20122916666666657,0.00918749999999996,0.05,False,False,True,True,0.0006399800380070993,True,not_needed,,,,,0,False,4053,20079
21,2,0.0,0.0,uniform,0,uniform,0.5,guarded,stage1,,,0,17,0.02040383396940293,custom,"{""bfgs"": 0.023262252487940713, ""custom"": 0.0024936966597548836}",0.016489143793781597,0.016489143793781597,stage3_l_opt,l_opt_current_alpha,0.17456249999999995,0.20122916666666657,0.00918749999999996,0.05,False,False,True,True,0.0006399800380070993,True,not_needed,,,,,0,False,4296,21258
21,2,0.0,0.0,uniform,0,uniform,0.5,guarded,stage1,,,0,18,0.02040383396940293,custom,"{""bfgs"": 0.023262252487940713, ""custom"": 0.0024936966597548836}",0.016489143793781597,0.016489143793781597,stage3_l_opt,l_opt_current_alpha,0.17456249999999995,0.20122916666666657,0.00918749999999996,0.05,False,False,True,True,0.0006399800380070993,True,not_needed,,,,,0,False,4539,22437
21,2,0.0,0.0,uniform,0,uniform,0.5,guarded,stage1,,,0,19,0.02040383396940293,custom,"{""bfgs"": 0.023262252487940713, ""custom"": 0.0024936966597548836}",0.016489143793781597,0.016489143793781597,stage3_l_opt,l_opt_current_alpha,0.17456249999999995,0.20122916666666657,0.00918749999999996,0.05,False,False,True,True,0.0006399800380070993,True,not_needed,,,,,0,False,4782,23616
21,2,0.0,0.0,uniform,0,uniform,0.5,guarded,stage1,,,1,0,0.00972868012749549,custom,"{""bfgs"": 0.012811128981411457, ""custom"": 0.0011627832427620888}",0.0011627832427620888,0.0011627832427620888,stage3_l_opt,l_opt_current_alpha,0.98,1.0,0.49,0.5,False,True,True,False,,True,not_needed,,,,,0,False,130,38
21,2,0.0,0.0,uniform,0,uniform,0.5,guarded,stage1,,,1,1,0.009730218294782197,custom,"{""bfgs"": 0.01378765313886106, ""custom"": 0.0005928614642471075}",0.0011624591425061226,0.0011624591425061226,stage3_l_opt,l_opt_current_alpha,0.48999583086777115,0.5099957457834399,0.24499791543388552,0.5,True,True,True,False,-3.241002559661865e-07,True,not_needed,,,,,0,False,266,76
21,2,0.0,0.0,uniform,0,uniform,0.5,guarded,stage1,,,1,2,0.009730240134387835,custom,"{""bfgs"": 0.01427591106324062, ""custom"": 0.00030806396808400746}",0.0011624963954091072,0.0011624963954091072,stage3_l_opt,l_opt_current_alpha,0.2450020845661145,0.2650020845661145,0.12250104228305723,0.5,True,True,True,False,3.725290298461914e-08,True,not_needed,,,,,0,False,410,114
21,2,0.0,0.0,uniform,0,uniform,0.5,guarded,stage1,,,1,3,0.009730240134387988,custom,"{""bfgs"": 0.014520044179775642, ""custom"": 0.00016565694799609482}",0.0011624963954091072,0.0011624963954091072,stage3_l_opt,l_opt_current_alpha,0.12250104228305725,0.14250104228305727,0.061250521141528624,0.5,True,True,True,False,0.0,True,not_needed,,,,,0,False,554,152
21,2,0.0,0.0,uniform,0,uniform,0.5,guarded,stage1,,,1,4,0.009730165856386863,custom,"{""bfgs"": 0.014642110738043152, ""custom"": 9.45075943249071e-05}",0.0011624889448285103,0.0011624889448285103,stage3_l_opt,l_opt_current_alpha,0.06125052114152862,0.08125052114152863,0.030625260570764364,0.5,True,True,True,False,-7.450580596923828e-09,True,not_needed,,,,,0,False,686,190
21,2,0.0,0.0,uniform,0,uniform,0.5,guarded,stage1,,,1,5,0.009730165856386863,custom,"{""bfgs"": 0.014703144017176907, ""custom"": 5.89078928866786e-05}",0.0011624889448285103,0.0011624889448285103,stage3_l_opt,l_opt_current_alpha,0.030625260570764257,0.05062526057076426,0.015312630285382128,0.5,True,True,True,False,0.0,True,not_needed,,,,,0,False,818,228
21,2,0.0,0.0,uniform,0,uniform,0.5,guarded,stage1,,,1,6,0.009730165856386863,custom,"{""bfgs"": 0.014733660656743785, ""custom"": 4.1108042167564335e-05}",0.0011624889448285103,0.0011624889448285103,stage3_l_opt,l_opt_current_alpha,0.015312630285382127,0.03531263028538213,0.00765631514269112,0.5,True,True,True,False,0.0,True,not_needed,,,,,0,False,950,266
21,2,0.0,0.0,uniform,0,uniform,0.5,guarded,stage1,,,1,7,0.009730165856386863,custom,"{""bfgs"": 0.014748918976527225, ""custom"": 3.220811680800722e-05}",0.0011624889448285103,0.0011624889448285103,stage3_l_opt,l_opt_current_alpha,0.007656315142691007,0.027656315142691016,0.0038281575713455043,0.5,True,True,True,False,0.0,True,not_needed,,,,,0,False,1082,304
21,2,0.0,0.0,uniform,0,uniform,0.5,guarded,stage1,,,1,8,0.009730165856386863,custom,"{""bfgs"": 0.014756548136418945, ""custom"": 2.775815412822865e-05}",0.0011624889448285103,0.0011624889448285103,stage3_l_opt,l_opt_current_alpha,0.0038281575713455026,0.02382815757134551,0.0019140787856726967,0.5,True,True,True,False,0.0,True,not_needed,,,,,0,False,1214,342
21,2,0.0,0.0,uniform,0,uniform,0.5,guarded,stage1,,,1,9,0.009730165856386835,custom,"{""bfgs"": 0.014760362716364802, ""custom"": 2.5533172788339366e-05}",0.0011624889448285103,0.0011624889448285103,stage3_l_opt,l_opt_current_alpha,0.001914078785672806,0.021914078785672815,0.0009570393928364021,0.5,True,True,True,False,0.0,True,not_needed,,,,,0,False,1346,380
21,2,0.0,0.0,uniform,0,uniform,0.5,guarded,stage1,,,1,10,0.009730165856386863,custom,"{""bfgs"": 0.014762270006337732, ""custom"": 2.442068211839473e-05}",0.0011624889448285103,0.0011624889448285103,stage3_l_opt,l_opt_current_alpha,0.0009570393928364038,0.020957039392836413,0.0,0.5,True,True,False,False,0.0,True,not_needed,,,,,0,False,1478,418
22,2,0.0,0.0,uniform,0,uniform,0.5,guarded,stage1,,,0,0,0.00841400321158365,custom,"{""bfgs"": 0.2047429730494817, ""custom"": 0.01162319133679072}",0.01162319133679072,0.01162319133679072,stage3_l_opt,l_opt_current_alpha,1.3066666666666666,1.3333333333333333,0.6533333333333333,0.5,False,True,True,False,,True,not_needed,,,,,0,False,288,816
22,2,0.0,0.0,uniform,0,uniform,0.5,guarded,stage1,,,0,1,0.0020374265449875917,custom,"{""bfgs"": 0.18952656373381616, ""custom"": 0.0014327761158347129}",0.002809318403402964,0.002809318403402964,stage3_l_opt,l_opt_current_alpha,0.6532905574163927,0.6799563511051627,0.3266452787081964,0.5,True,True,True,False,-0.008813872933387756,True,not_needed,,,,,0,False,510,2190
22,2,0.0,0.0,uniform,0,uniform,0.5,guarded,stage1,,,0,2,0.003561755745838835,custom,"{""bfgs"": 0.1838788772159358, ""custom"": 0.0012634123431253747}",0.004692643880844116,0.004692643880844116,stage3_l_opt,l_opt_current_alpha,0.32668805462513695,0.35335472129180356,0.16332263935409808,0.25,False,False,True,True,0.001883325477441152,True,not_needed,,,,,0,False,723,3555
22,2,0.0,0.0,uniform,0,uniform,0.5,guarded,stage1,,,0,3,0.0020382669663573383,custom,"{""bfgs"": 0.18670272047487596, ""custom"": 0.0010892194192460684}",0.0028092662493387857,0.0028092662493387857,stage3_l_opt,l_opt_current_alpha,0.4899566900028664,0.5166222545475663,0.12248917250071664,0.25,True,True,True,False,-5.21540641784668e-08,True,not_needed,,,,,0,False,924,4365
22,2,0.0,0.0,uniform,0,uniform,0.5,guarded,stage1,,,0,4,0.0005815613871704983,custom,"{""bfgs"": 0.18458489079181534, ""custom"": 0.0020408337955621597}",0.006863328317801158,0.006863328317801158,stage3_l_opt,l_opt_current_alpha,0.3675215214785186,0.39418818814518525,0.06124458625035831,0.125,False,False,True,True,0.004054062068462372,True,not_needed,,,,,0,False,1134,5706
22,2,0.0,0.0,uniform,0,uniform,0.5,guarded,stage1,,,0,5,0.002110183917277353,custom,"{""bfgs"": 0.18564380563334565, ""custom"": 0.0009762680188820411}",0.0027470663189888,0.0027470663189888,stage3_l_opt,l_opt_current_alpha,0.4024967960212344,0.4286273542857042,0.050312099502654264,0.125,True,True,True,False,-6.219993034998561e-05,True,not_needed,,,,,0,False,1368,6642
22,2,0.0,0.0,uniform,0,uniform,0.5,guarded,stage1,,,0,6,0.002037565213164727,custom,"{""bfgs"": 0.18477391842145008, ""custom"": 0.0008537083836978169}",0.0028092612822850547,0.0028092612822850547,stage3_l_opt,l_opt_current_alpha,0.3783989349242798,0.40506447764600884,0.047299866865535015,0.125,True,True,True,False,6.219496329625462e-05,True,not_needed,,,,,0,False,1608,7836
22,2,0.0,0.0,uniform,0,uniform,0.5,guarded,stage1,,,0,7,0.003805614273683533,custom,"{""bfgs"": 0.18395610634900197, ""custom"": 0.0014363605547018602}",0.004814354081948598,0.004814354081948598,stage3_l_opt,l_opt_current_alpha,0.33115414136068766,0.3578208080273543,0.023649933432767417,0.0625,False,False,True,True,0.0020050927996635433,True,not_needed,,,,,0,False,1737,9264
22,2,0.0,0.0,uniform,0,uniform,0.5,guarded,stage1,,,0,8,0.0020315572287158135,custom,"{""bfgs"": 0.184365012385226, ""custom"": 0.0008120606738418063}",0.002831819156805674,0.002831819156805674,stage3_l_opt,l_opt_current_alpha,0.3548040747934552,0.3814707414601219,0.022175254674590972,0.0625,True,True,True,False,2.255787452061942e-05,True,not_needed,,,,,0,False,1980,10890
22,2,0.0,0.0,uniform,0,uniform,0.5,guarded,stage1,,,0,9,0.0037168223195235828,custom,"{""bfgs"": 0.18398159827829963, ""custom"": 0.0013717698079884302}",0.00479211409886678,0.00479211409886678,stage3_l_opt,l_opt_current_alpha,0.3326288201188643,0.3592954867855309,0.017740203739672764,0.05,False,False,True,True,0.0019602949420611062,True,not_needed,,,,,0,False,2109,12135
22,2,0.0,0.0,uniform,0,uniform,0.5,guarded,stage1,,,0,10,0.0035603218743805454,custom,"{""bfgs"": 0.18405828109968492, ""custom"": 0.001333092859844953}",0.0046292270223299665,0.0046292270223299665,stage3_l_opt,l_opt_current_alpha,0.33706387105378244,0.3637305377204491,0.017740203739672764,0.05,False,False,True,True,0.0017974078655242924,True,not_needed,,,,,0,False,2259,13467
22,2,0.0,0.0,uniform,0,uniform,0.5,guarded,stage1,,,0,11,0.0035603218743805454,custom,"{""bfgs"": 0.18405828109968492, ""custom"": 0.001333092859844953}",0.0046292270223299665,0.0046292270223299665,stage3_l_opt,l_opt_current_alpha,0.33706387105378244,0.3637305377204491,0.017740203739672764,0.05,False,False,True,True,0.0017974078655242924,True,not_needed,,,,,0,False,2409,14799
22,2,0.0,0.0,uniform,0,uniform,0.5,guarded,stage1,,,0,12,0.0035603218743805454,custom,"{""bfgs"": 0.18405828109968492, ""custom"": 0.001333092859844953}",0.0046292270223299665,0.0046292270223299665,stage3_l_opt,l_opt_current_alpha,0.33706387105378244,0.3637305377204491,0.017740203739672764,0.05,False,False,True,True,0.0017974078655242924,True,not_needed,,,,,0,False,2559,16131
22,2,0.0,0.0,uniform,0,uniform,0.5,guarded,stage1,,,0,13,0.0035603218743805454,custom,"{""bfgs"": 0.18405828109968492, ""custom"": 0.001333092859844953}",0.0046292270223299665,0.0046292270223299665,stage3_l_opt,l_opt_current_alpha,0.33706387105378244,0.3637305377204491,0.017740203739672764,0.05,False,False,True,True,0.0017974078655242924,True,not_needed,,,,,0,False,2709,17463
22,2,0.0,0.0,uniform,0,uniform,0.5,guarded,stage1,,,0,14,0.0035603218743805454,custom,"{""bfgs"": 0.18405828109968492, ""custom"": 0.001333092859844953}",0.0046292270223299665,0.0046292270223299665,stage3_l_opt,l_opt_current_alpha,0.33706387105378244,0.3637305377204491,0.017740203739672764,0.05,False,False,True,True,0.0017974078655242924,True,not_needed,,,,,0,False,2859,18795
22,2,0.0,0.0,uniform,0,uniform,0.5,guarded,stage1,,,0,15,0.0035603218743805454,custom,"{""bfgs"": 0.18405828109968492, ""custom"": 0.001333092859844953}",0.0046292270223299665,0.0046292270223299665,stage3_l_opt,l_opt_current_alpha,0.33706387105378244,0.3637305377204491,0.017740203739672764,0.05,False,False,True,True,0.0017974078655242924,True,not_needed,,,,,0,False,3009,20127
22,2,0.0,0.0,uniform,0,uniform,0.5,guarded,stage1,,,0,16,0.0035603218743805454,custom,"{""bfgs"": 0.18405828109968492, ""custom"": 0.001333092859844953}",0.0046292270223299665,0.0046292270223299665,stage3_l_opt,l_opt_current_alpha,0.33706387105378244,0.3637305377204491,0.017740203739672764,0.05,False,False,True,True,0.0017974078655242924,True,not_needed,,,,,0,False,3159,21459
22,2,0.0,0.0,uniform,0,uniform,0.5,guarded,stage1,,,0,17,0.0035603218743805454,custom,"{""bfgs"": 0.18405828109968492, ""custom"": 0.001333092859844953}",0.0046292270223299665,0.0046292270223299665,stage3_l_opt,l_opt_current_alpha,0.33706387105378244,0.3637305377204491,0.017740203739672764,0.05,False,False,True,True,0.0017974078655242924,True,not_needed,,,,,0,False,3309,22791
22,2,0.0,0.0,uniform,0,uniform,0.5,guarded,stage1,,,0,18,0.0035603218743805454,custom,"{""bfgs"": 0.18405828109968492, ""custom"": 0.001333092859844953}",0.0046292270223299665,0.0046292270223299665,stage3_l_opt,l_opt_current_alpha,0.33706387105378244,0.3637305377204491,0.017740203739672764,0.05,False,False,True,True,0.0017974078655242924,True,not_needed,,,,,0,False,3459,24123
22,2,0.0,0.0,uniform,0,uniform,0.5,guarded,stage1,,,0,19,0.0035603218743805454,custom,"{""bfgs"": 0.18405828109968492, ""custom"": 0.001333092859844953}",0.0046292270223299665,0.0046292270223299665,stage3_l_opt,l_opt_current_alpha,0.33706387105378244,0.3637305377204491,0.017740203739672764,0.05,False,False,True,True,0.0017974078655242924,True,not_needed,,,,,0,False,3609,25455
22,2,0.0,0.0,uniform,0,uniform,0.5,guarded,stage1,,,1,0,0.0075210474368848645,custom,"{""bfgs"": 0.06589244864881039, ""custom"": 0.0028046444058418274}",0.0028046444058418274,0.0028046444058418274,stage3_l_opt,l_opt_current_alpha,0.9473853960489242,0.9667197918866575,0.47369269802446207,0.5,False,True,True,False,,True,not_needed,,,,,0,False,160,38
22,2,0.0,0.0,uniform,0,uniform,0.5,guarded,stage1,,,1,1,0.002038715752542164,custom,"{""bfgs"": 0.016514324213664177, ""custom"": 0.0016357868456976115}",0.0031068213284015656,0.0031068213284015656,stage3_l_opt,l_opt_current_alpha,0.5062251571332341,0.5262234807078809,0.23684634901223106,0.25,False,False,True,True,0.00030217692255973816,True,not_needed,,,,,0,False,312,76
22,2,0.0,0.0,uniform,0,uniform,0.5,guarded,stage1,,,1,2,0.0020387637343619314,custom,"{""bfgs"": 0.014546907899169202, ""custom"": 0.0023713381049743332}",0.003106847405433655,0.003106847405433655,stage3_l_opt,l_opt_current_alpha,0.7430744100212308,0.7630727928586483,0.1184231745061155,0.125,False,False,True,True,0.0003022029995918274,True,not_needed,,,,,0,False,818,114
22,2,0.0,0.0,uniform,0,uniform,0.5,guarded,stage1,,,1,3,0.0020721601443552395,custom,"{""bfgs"": 0.09614920645720143, ""custom"": 0.0027400282264273324}",0.0031033046543598175,0.0031033046543598175,stage3_l_opt,l_opt_current_alpha,0.8611032298596513,0.8810935646426261,0.05921158725305781,0.0625,False,False,True,True,0.0002986602485179901,True,not_needed,,,,,0,False,944,152
22,2,0.0,0.0,uniform,0,uniform,0.5,guarded,stage1,,,1,4,0.0022002660521587836,custom,"{""bfgs"": 0.03746685826554121, ""custom"": 0.0029194181582065997}",0.003092624247074127,0.003092624247074127,stage3_l_opt,l_opt_current_alpha,0.9191278661658214,0.9390939774600843,0.04736926980244621,0.05,False,False,True,True,0.0002879798412322998,True,not_needed,,,,,0,False,1462,190
22,2,0.0,0.0,uniform,0,uniform,0.5,guarded,stage1,,,1,5,0.007521047436884809,custom,"{""bfgs"": 0.027990327636691233, ""custom"": 0.0029374971281521016}",0.0028046444058418274,0.0028046444058418274,stage3_l_opt,l_opt_current_alpha,0.9000161262464781,0.9193505220842113,0.04500080631232395,0.05,True,True,True,False,0.0,True,not_needed,,,,,0,False,1634,228
22,2,0.0,0.0,uniform,0,uniform,0.5,guarded,stage1,,,1,6,0.002129529193446139,custom,"{""bfgs"": 0.0726243842274682, ""custom"": 0.002819904615405445}",0.0030972473323345184,0.0030972473323345184,stage3_l_opt,l_opt_current_alpha,0.8864828036322125,0.9064593930148039,0.04500080631232395,0.05,False,False,True,True,0.00029260292649269104,True,not_needed,,,,,0,False,1788,266
22,2,0.0,0.0,uniform,0,uniform,0.5,guarded,stage1,,,1,7,0.002129529193446139,custom,"{""bfgs"": 0.0726243842274682, ""custom"": 0.002819904615405445}",0.0030972473323345184,0.0030972473323345184,stage3_l_opt,l_opt_current_alpha,0.8864828036322125,0.9064593930148039,0.04500080631232395,0.05,False,False,True,True,0.00029260292649269104,True,not_needed,,,,,0,False,1942,304
22,2,0.0,0.0,uniform,0,uniform,0.5,guarded,stage1,,,1,8,0.002129529193446139,custom,"{""bfgs"": 0.0726243842274682, ""custom"": 0.002819904615405445}",0.0030972473323345184,0.0030972473323345184,stage3_l_opt,l_opt_current_alpha,0.8864828036322125,0.9064593930148039,0.04500080631232395,0.05,False,False,True,True,0.00029260292649269104,True,not_needed,,,,,0,False,2096,342
22,2,0.0,0.0,uniform,0,uniform,0.5,guarded,stage1,,,1,9,0.002129529193446139,custom,"{""bfgs"": 0.0726243842274682, ""custom"": 0.002819904615405445}",0.0030972473323345184,0.0030972473323345184,stage3_l_opt,l_opt_current_alpha,0.8864828036322125,0.9064593930148039,0.04500080631232395,0.05,False,False,True,True,0.00029260292649269104,True,not_needed,,,,,0,False,2250,380
22,2,0.0,0.0,uniform,0,uniform,0.5,guarded,stage1,,,1,10,0.002129529193446139,custom,"{""bfgs"": 0.0726243842274682, ""custom"": 0.002819904615405445}",0.0030972473323345184,0.0030972473323345184,stage3_l_opt,l_opt_current_alpha,0.8864828036322125,0.9064593930148039,0.04500080631232395,0.05,False,False,True,True,0.00029260292649269104,True,not_needed,,,,,0,False,2404,418
22,2,0.0,0.0,uniform,0,uniform,0.5,guarded,stage1,,,1,11,0.002129529193446139,custom,"{""bfgs"": 0.0726243842274682, ""custom"": 0.002819904615405445}",0.0030972473323345184,0.0030972473323345184,stage3_l_opt,l_opt_current_alpha,0.8864828036322125,0.9064593930148039,0.04500080631232395,0.05,False,False,True,True,0.00029260292649269104,True,not_needed,,,,,0,False,2558,456
22,2,0.0,0.0,uniform,0,uniform,0.5,guarded,stage1,,,1,12,0.002129529193446139,custom,"{""bfgs"": 0.0726243842274682, ""custom"": 0.002819904615405445}",0.0030972473323345184,0.0030972473323345184,stage3_l_opt,l_opt_current_alpha,0.8864828036322125,0.9064593930148039,0.04500080631232395,0.05,False,False,True,True,0.00029260292649269104,True,not_needed,,,,,0,False,2712,494
22,2,0.0,0.0,uniform,0,uniform,0.5,guarded,stage1,,,1,13,0.002129529193446139,custom,"{""bfgs"": 0.0726243842274682, ""custom"": 0.002819904615405445}",0.0030972473323345184,0.0030972473323345184,stage3_l_opt,l_opt_current_alpha,0.8864828036322125,0.9064593930148039,0.04500080631232395,0.05,False,False,True,True,0.00029260292649269104,True,not_needed,,,,,0,False,2866,532
22,2,0.0,0.0,uniform,0,uniform,0.5,guarded,stage1,,,1,14,0.002129529193446139,custom,"{""bfgs"": 0.0726243842274682, ""custom"": 0.002819904615405445}",0.0030972473323345184,0.0030972473323345184,stage3_l_opt,l_opt_current_alpha,0.8864828036322125,0.9064593930148039,0.04500080631232395,0.05,False,False,True,True,0.00029260292649269104,True,not_needed,,,,,0,False,3020,570
22,2,0.0,0.0,uniform,0,uniform,0.5,guarded,stage1,,,1,15,0.002129529193446139,custom,"{""bfgs"": 0.0726243842274682, ""custom"": 0.002819904615405445}",0.0030972473323345184,0.0030972473323345184,stage3_l_opt,l_opt_current_alpha,0.8864828036322125,0.9064593930148039,0.04500080631232395,0.05,False,False,True,True,0.00029260292649269104,True,not_needed,,,,,0,False,3174,608
22,2,0.0,0.0,uniform,0,uniform,0.5,guarded,stage1,,,1,16,0.002129529193446139,custom,"{""bfgs"": 0.0726243842274682, ""custom"": 0.002819904615405445}",0.0030972473323345184,0.0030972473323345184,stage3_l_opt,l_opt_current_alpha,0.8864828036322125,0.9064593930148039,0.04500080631232395,0.05,False,False,True,True,0.00029260292649269104,True,not_needed,,,,,0,False,3328,646
22,2,0.0,0.0,uniform,0,uniform,0.5,guarded,stage1,,,1,17,0.002129529193446139,custom,"{""bfgs"": 0.0726243842274682, ""custom"": 0.002819904615405445}",0.0030972473323345184,0.0030972473323345184,stage3_l_opt,l_opt_current_alpha,0.8864828036322125,0.9064593930148039,0.04500080631232395,0.05,False,False,True,True,0.00029260292649269104,True,not_needed,,,,,0,False,3482,684
22,2,0.0,0.0,uniform,0,uniform,0.5,guarded,stage1,,,1,18,0.002129529193446139,custom,"{""bfgs"": 0.0726243842274682, ""custom"": 0.002819904615405445}",0.0030972473323345184,0.0030972473323345184,stage3_l_opt,l_opt_current_alpha,0.8864828036322125,0.9064593930148039,0.04500080631232395,0.05,False,False,True,True,0.00029260292649269104,True,not_needed,,,,,0,False,3636,722
22,2,0.0,0.0,uniform,0,uniform,0.5,guarded,stage1,,,1,19,0.002129529193446139,custom,"{""bfgs"": 0.0726243842274682, ""custom"": 0.002819904615405445}",0.0030972473323345184,0.0030972473323345184,stage3_l_opt,l_opt_current_alpha,0.8864828036322125,0.9064593930148039,0.04500080631232395,0.05,False,False,True,True,0.00029260292649269104,True,not_needed,,,,,0,False,3790,760
23,2,0.0,0.0,uniform,0,uniform,0.5,guarded,stage1,,,0,0,0.008365745529336378,custom,"{""bfgs"": 0.08226757993300755, ""custom"": 0.0029726848006248474}",0.0029726848006248474,0.0029726848006248474,stage3_l_opt,l_opt_current_alpha,1.2238396829943665,1.248816003055476,0.6119198414971833,0.5,False,True,True,False,,True,not_needed,,,,,0,False,138,780
23,2,0.0,0.0,uniform,0,uniform,0.5,guarded,stage1,,,0,1,0.007653309445088866,custom,"{""bfgs"": 0.07741906800975346, ""custom"": 0.001412649779647228}",0.002579296628634135,0.002579296628634135,stage3_l_opt,l_opt_current_alpha,0.08167908374953048,0.09583416385660623,0.04083954187476524,0.5,True,True,True,False,-0.00039338817199071263,True,not_needed,,,,,0,False,381,1926
23,2,0.0,0.0,uniform,0,uniform,0.5,guarded,stage1,,,0,2,0.00780129963420356,custom,"{""bfgs"": 0.07701655900950334, ""custom"": 0.0012907152259158219}",0.00252616157134374,0.00252616157134374,stage3_l_opt,l_opt_current_alpha,0.013176796213674041,0.01989498574417123,0.00658839810683709,0.5,True,True,True,False,-5.313505729039481e-05,True,not_needed,,,,,0,False,675,3036
23,2,0.0,0.0,uniform,0,uniform,0.5,guarded,stage1,,,0,3,0.008388633470695545,custom,"{""bfgs"": 0.07695868289328443, ""custom"": 0.0016658578324502}",0.002698001762231191,0.002698001762231191,stage3_l_opt,l_opt_current_alpha,0.13200315867454457,0.14807640050914425,0.0032941990534184895,0.25,False,False,True,True,0.00017184019088745117,True,not_needed,,,,,0,False,804,3816
23,2,0.0,0.0,uniform,0,uniform,0.5,guarded,stage1,,,0,4,0.007804054623689165,custom,"{""bfgs"": 0.07698762095139389, ""custom"": 0.0012878687814637441}",0.0025250365336736045,0.0025250365336736045,stage3_l_opt,l_opt_current_alpha,0.009529487431012645,0.01695577703849685,0.002382371857753196,0.25,True,True,True,False,-1.125037670135498e-06,True,not_needed,,,,,0,False,1068,5319
23,2,0.0,0.0,uniform,0,uniform,0.5,guarded,stage1,,,0,5,0.008400514510064693,custom,"{""bfgs"": 0.07696735658610332, ""custom"": 0.0016742400693171137}",0.0027016401290893555,0.0027016401290893555,stage3_l_opt,l_opt_current_alpha,0.13581831783659482,0.151958606771716,0.0011911859288765703,0.125,False,False,True,True,0.000176603595415751,True,not_needed,,,,,0,False,1197,6099
23,2,0.0,0.0,uniform,0,uniform,0.5,guarded,stage1,,,0,6,0.008430350938914463,custom,"{""bfgs"": 0.0769774887687486, ""custom"": 0.0016942059648814662}",0.002710754672686259,0.002710754672686259,stage3_l_opt,l_opt_current_alpha,0.14461166145704651,0.16092239309168763,0.0005955929644383684,0.0625,False,False,True,True,0.00018571813901265433,True,not_needed,,,,,0,False,1326,7260
23,2,0.0,0.0,uniform,0,uniform,0.5,guarded,stage1,,,0,7,0.008445343906380218,custom,"{""bfgs"": 0.07698255486007125, ""custom"": 0.0017042052006518214}",0.00271532932917277,0.00271532932917277,stage3_l_opt,l_opt_current_alpha,0.1490910998181595,0.1654887419158439,0.00047647437155060035,0.05,False,False,True,True,0.00019029279549916556,True,not_needed,,,,,0,False,1455,8433
23,2,0.0,0.0,uniform,0,uniform,0.5,guarded,stage1,,,0,8,0.00844834627590529,custom,"{""bfgs"": 0.07698356807833577, ""custom"": 0.0017062422241894077}",0.0027162755529085794,0.0027162755529085794,stage3_l_opt,l_opt_current_alpha,0.15002178868997065,0.16643752310882687,0.00047647437155060035,0.05,False,False,True,True,0.0001912390192349749,True,not_needed,,,,,0,False,1584,9555
23,2,0.0,0.0,uniform,0,uniform,0.5,guarded,stage1,,,0,9,0.00844834627590529,custom,"{""bfgs"": 0.07698356807833577, ""custom"": 0.0017062422241894077}",0.0027162755529085794,0.0027162755529085794,stage3_l_opt,l_opt_current_alpha,0.15002178868997065,0.16643752310882687,0.00047647437155060035,0.05,False,False,True,True,0.0001912390192349749,True,not_needed,,,,,0,False,1713,10677
23,2,0.0,0.0,uniform,0,uniform,0.5,guarded,stage1,,,0,10,0.00844834627590529,custom,"{""bfgs"": 0.07698356807833577, ""custom"": 0.0017062422241894077}",0.0027162755529085794,0.0027162755529085794,stage3_l_opt,l_opt_current_alpha,0.15002178868997065,0.16643752310882687,0.00047647437155060035,0.05,False,False,True,True,0.0001912390192349749,True,not_needed,,,,,0,False,1842,11799
23,2,0.0,0.0,uniform,0,uniform,0.5,guarded,stage1,,,0,11,0.00844834627590529,custom,"{""bfgs"": 0.07698356807833577, ""custom"": 0.0017062422241894077}",0.0027162755529085794,0.0027162755529085794,stage3_l_opt,l_opt_current_alpha,0.15002178868997065,0.16643752310882687,0.00047647437155060035,0.05,False,False,True,True,0.0001912390192349749,True,not_needed,,,,,0,False,1971,12921
23,2,0.0,0.0,uniform,0,uniform,0.5,guarded,stage1,,,0,12,0.00844834627590529,custom,"{""bfgs"": 0.07698356807833577, ""custom"": 0.0017062422241894077}",0.0027162755529085794,0.0027162755529085794,stage3_l_opt,l_opt_current_alpha,0.15002178868997065,0.16643752310882687,0.00047647437155060035,0.05,False,False,True,True,0.0001912390192349749,True,not_needed,,,,,0,False,2100,14043
23,2,0.0,0.0,uniform,0,uniform,0.5,guarded,stage1,,,0,13,0.00844834627590529,custom,"{""bfgs"": 0.07698356807833577, ""custom"": 0.0017062422241894077}",0.0027162755529085794,0.0027162755529085794,stage3_l_opt,l_opt_current_alpha,0.15002178868997065,0.16643752310882687,0.00047647437155060035,0.05,False,False,True,True,0.0001912390192349749,True,not_needed,,,,,0,False,2229,15165
23,2,0.0,0.0,uniform,0,uniform,0.5,guarded,stage1,,,0,14,0.00844834627590529,custom,"{""bfgs"": 0.07698356807833577, ""custom"": 0.0017062422241894077}",0.0027162755529085794,0.0027162755529085794,stage3_l_opt,l_opt_current_alpha,0.15002178868997065,0.16643752310882687,0.00047647437155060035,0.05,False,False,True,True,0.0001912390192349749,True,not_needed,,,,,0,False,2358,16287
23,2,0.0,0.0,uniform,0,uniform,0.5,guarded,stage1,,,0,15,0.00844834627590529,custom,"{""bfgs"": 0.07698356807833577, ""custom"": 0.0017062422241894077}",0.0027162755529085794,0.0027162755529085794,stage3_l_opt,l_opt_current_alpha,0.15002178868997065,0.16643752310882687,0.00047647437155060035,0.05,False,False,True,True,0.0001912390192349749,True,not_needed,,,,,0,False,2487,17409
23,2,0.0,0.0,uniform,0,uniform,0.5,guarded,stage1,,,0,16,0.00844834627590529,custom,"{""bfgs"": 0.07698356807833577, ""custom"": 0.0017062422241894077}",0.0027162755529085794,0.0027162755529085794,stage3_l_opt,l_opt_current_alpha,0.15002178868997065,0.16643752310882687,0.00047647437155060035,0.05,False,False,True,True,0.0001912390192349749,True,not_needed,,,,,0,False,2616,18531
23,2,0.0,0.0,uniform,0,uniform,0.5,guarded,stage1,,,0,17,0.00844834627590529,custom,"{""bfgs"": 0.07698356807833577, ""custom"": 0.0017062422241894077}",0.0027162755529085794,0.0027162755529085794,stage3_l_opt,l_opt_current_alpha,0.15002178868997065,0.16643752310882687,0.00047647437155060035,0.05,False,False,True,True,0.0001912390192349749,True,not_needed,,,,,0,False,2745,19653
23,2,0.0,0.0,uniform,0,uniform,0.5,guarded,stage1,,,0,18,0.00844834627590529,custom,"{""bfgs"": 0.07698356807833577, ""custom"": 0.0017062422241894077}",0.0027162755529085794,0.0027162755529085794,stage3_l_opt,l_opt_current_alpha,0.15002178868997065,0.16643752310882687,0.00047647437155060035,0.05,False,False,True,True,0.0001912390192349749,True,not_needed,,,,,0,False,2874,20775
23,2,0.0,0.0,uniform,0,uniform,0.5,guarded,stage1,,,0,19,0.00844834627590529,custom,"{""bfgs"": 0.07698356807833577, ""custom"": 0.0017062422241894077}",0.0027162755529085794,0.0027162755529085794,stage3_l_opt,l_opt_current_alpha,0.15002178868997065,0.16643752310882687,0.00047647437155060035,0.05,False,False,True,True,0.0001912390192349749,True,not_needed,,,,,0,False,3003,21897
24,2,0.0,0.0,uniform,0,uniform,0.5,guarded,stage1,,,0,0,0.024665167353697344,custom,"{""bfgs"": 0.07595532884200414, ""custom"": 0.0026645331333080926}",0.0026645331333080926,0.0026645331333080926,stage3_l_opt,l_opt_current_alpha,0.9043892114364347,0.9228461341188108,0.45219460571821735,0.5,False,True,True,False,,True,not_needed,,,,,0,False,162,1317
24,2,0.0,0.0,uniform,0,uniform,0.5,guarded,stage1,,,0,1,0.024475975296246424,custom,"{""bfgs"": 0.0838177340207561, ""custom"": 0.005810070186391258}",0.008677711710333824,0.008677711710333824,stage3_l_opt,l_opt_current_alpha,0.8544720609484493,0.881138727615116,0.22609730285910873,0.25,False,False,True,True,0.006013178577025732,True,not_needed,,,,,0,False,642,2511
24,2,0.0,0.0,uniform,0,uniform,0.5,guarded,stage1,,,0,2,0.01512360751353338,custom,"{""bfgs"": 0.07988653143138011, ""custom"": 0.0057986909926689345}",0.004939497138063113,0.004939497138063113,stage3_l_opt,l_opt_current_alpha,1.080569363807558,1.1072360304742246,0.11304865142955434,0.125,False,False,True,True,0.0022749640047550206,True,not_needed,,,,,0,False,939,3741
24,2,0.0,0.0,uniform,0,uniform,0.5,guarded,stage1,,,0,3,0.022491937208398743,custom,"{""bfgs"": 0.07792093013669213, ""custom"": 0.003774948127271094}",0.004116281246145566,0.004116281246145566,stage3_l_opt,l_opt_current_alpha,1.1936180152371123,1.2202846819037791,0.05652432571477711,0.0625,False,False,True,True,0.0014517481128374734,True,not_needed,,,,,0,False,1134,5187
24,2,0.0,0.0,uniform,0,uniform,0.5,guarded,stage1,,,0,4,0.022727414022238414,custom,"{""bfgs"": 0.07693812948934814, ""custom"": 0.0036682120441959625}",0.0038216430693864822,0.0038216430693864822,stage3_l_opt,l_opt_current_alpha,1.2305583612357975,1.2568253548470336,0.045219460571821746,0.05,False,False,True,True,0.0011571099360783896,True,not_needed,,,,,0,False,1407,6297
24,2,0.0,0.0,uniform,0,uniform,0.5,guarded,stage1,,,0,5,0.022525805294397436,custom,"{""bfgs"": 0.07674156935987933, ""custom"": 0.0038369375010921555}",0.003967614844441414,0.003967614844441414,stage3_l_opt,l_opt_current_alpha,1.2614472060948447,1.2881138727615116,0.045219460571821746,0.05,False,False,True,True,0.0013030817111333213,True,not_needed,,,,,0,False,1704,7560
24,2,0.0,0.0,uniform,0,uniform,0.5,guarded,stage1,,,0,6,0.022525805294397436,custom,"{""bfgs"": 0.07674156935987933, ""custom"": 0.0038369375010921555}",0.003967614844441414,0.003967614844441414,stage3_l_opt,l_opt_current_alpha,1.2614472060948447,1.2881138727615116,0.045219460571821746,0.05,False,False,True,True,0.0013030817111333213,True,not_needed,,,,,0,False,2001,8823
24,2,0.0,0.0,uniform,0,uniform,0.5,guarded,stage1,,,0,7,0.022525805294397436,custom,"{""bfgs"": 0.07674156935987933, ""custom"": 0.0038369375010921555}",0.003967614844441414,0.003967614844441414,stage3_l_opt,l_opt_current_alpha,1.2614472060948447,1.2881138727615116,0.045219460571821746,0.05,False,False,True,True,0.0013030817111333213,True,not_needed,,,,,0,False,2298,10086
24,2,0.0,0.0,uniform,0,uniform,0.5,guarded,stage1,,,0,8,0.022525805294397436,custom,"{""bfgs"": 0.07674156935987933, ""custom"": 0.0038369375010921555}",0.003967614844441414,0.003967614844441414,stage3_l_opt,l_opt_current_alpha,1.2614472060948447,1.2881138727615116,0.045219460571821746,0.05,False,False,True,True,0.0013030817111333213,True,not_needed,,,,,0,False,2595,11349
24,2,0.0,0.0,uniform,0,uniform,0.5,guarded,stage1,,,0,9,0.022525805294397436,custom,"{""bfgs"": 0.07674156935987933, ""custom"": 0.0038369375010921555}",0.003967614844441414,0.003967614844441414,stage3_l_opt,l_opt_current_alpha,1.2614472060948447,1.2881138727615116,0.045219460571821746,0.05,False,False,True,True,0.0013030817111333213,True,not_needed,,,,,0,False,2892,12612
24,2,0.0,0.0,uniform,0,uniform,0.5,guarded,stage1,,,0,10,0.022525805294397436,custom,"{""bfgs"": 0.07674156935987933, ""custom"": 0.0038369375010921555}",0.003967614844441414,0.003967614844441414,stage3_l_opt,l_opt_current_alpha,1.2614472060948447,1.2881138727615116,0.045219460571821746,0.05,False,False,True,True,0.0013030817111333213,True,not_needed,,,,,0,False,3189,13875
24,2,0.0,0.0,uniform,0,uniform,0.5,guarded,stage1,,,0,11,0.022525805294397436,custom,"{""bfgs"": 0.07674156935987933, ""custom"": 0.0038369375010921555}",0.003967614844441414,0.003967614844441414,stage3_l_opt,l_opt_current_alpha,1.2614472060948447,1.2881138727615116,0.045219460571821746,0.05,False,False,True,True,0.0013030817111333213,True,not_needed,,,,,0,False,3486,15138
24,2,0.0,0.0,uniform,0,uniform,0.5,guarded,stage1,,,0,12,0.022525805294397436,custom,"{""bfgs"": 0.07674156935987933, ""custom"": 0.0038369375010921555}",0.003967614844441414,0.003967614844441414,stage3_l_opt,l_opt_current_alpha,1.2614472060948447,1.2881138727615116,0.045219460571821746,0.05,False,False,True,True,0.0013030817111333213,True,not_needed,,,,,0,False,3783,16401
24,2,0.0,0.0,uniform,0,uniform,0.5,guarded,stage1,,,0,13,0.022525805294397436,custom,"{""bfgs"": 0.07674156935987933, ""custom"": 0.0038369375010921555}",0.003967614844441414,0.003967614844441414,stage3_l_opt,l_opt_current_alpha,1.2614472060948447,1.2881138727615116,0.045219460571821746,0.05,False,False,True,True,0.0013030817111333213,True,not_needed,,,,,0,False,4080,17664
24,2,0.0,0.0,uniform,0,uniform,0.5,guarded,stage1,,,0,14,0.022525805294397436,custom,"{""bfgs"": 0.07674156935987933, ""custom"": 0.0038369375010921555}",0.003967614844441414,0.003967614844441414,stage3_l_opt,l_opt_current_alpha,1.2614472060948447,1.2881138727615116,0.045219460571821746,0.05,False,False,True,True,0.0013030817111333213,True,not_needed,,,,,0,False,4377,18927
24,2,0.0,0.0,uniform,0,uniform,0.5,guarded,stage1,,,0,15,0.022525805294397436,custom,"{""bfgs"": 0.07674156935987933, ""custom"": 0.0038369375010921555}",0.003967614844441414,0.003967614844441414,stage3_l_opt,l_opt_current_alpha,1.2614472060948447,1.2881138727615116,0.045219460571821746,0.05,False,False,True,True,0.0013030817111333213,True,not_needed,,,,,0,False,4674,20190
24,2,0.0,0.0,uniform,0,uniform,0.5,guarded,stage1,,,0,16,0.022525805294397436,custom,"{""bfgs"": 0.07674156935987933, ""custom"": 0.0038369375010921555}",0.003967614844441414,0.003967614844441414,stage3_l_opt,l_opt_current_alpha,1.2614472060948447,1.2881138727615116,0.045219460571821746,0.05,False,False,True,True,0.0013030817111333213,True,not_needed,,,,,0,False,4971,21453
24,2,0.0,0.0,uniform,0,uniform,0.5,guarded,stage1,,,0,17,0.022525805294397436,custom,"{""bfgs"": 0.07674156935987933, ""custom"": 0.0038369375010921555}",0.003967614844441414,0.003967614844441414,stage3_l_opt,l_opt_current_alpha,1.2614472060948447,1.2881138727615116,0.045219460571821746,0.05,False,False,True,True,0.0013030817111333213,True,not_needed,,,,,0,False,5268,22716
24,2,0.0,0.0,uniform,0,uniform,0.5,guarded,stage1,,,0,18,0.022525805294397436,custom,"{""bfgs"": 0.07674156935987933, ""custom"": 0.0038369375010921555}",0.003967614844441414,0.003967614844441414,stage3_l_opt,l_opt_current_alpha,1.2614472060948447,1.2881138727615116,0.045219460571821746,0.05,False,False,True,True,0.0013030817111333213,True,not_needed,,,,,0,False,5565,23979
24,2,0.0,0.0,uniform,0,uniform,0.5,guarded,stage1,,,0,19,0.022525805294397436,custom,"{""bfgs"": 0.07674156935987933, ""custom"": 0.0038369375010921555}",0.003967614844441414,0.003967614844441414,stage3_l_opt,l_opt_current_alpha,1.2614472060948447,1.2881138727615116,0.045219460571821746,0.05,False,False,True,True,0.0013030817111333213,True,not_needed,,,,,0,False,5862,25242
25,2,0.0,0.0,uniform,0,uniform,0.5,guarded,stage1,,,0,0,0.003103267579252991,custom,"{""bfgs"": 0.009208498833080132, ""custom"": 0.009039748149613539}",0.009039748149613539,0.009039748149613539,stage3_l_opt,l_opt_current_alpha,0.6533333333333334,0.6666666666666667,0.32666666666666666,0.5,False,True,True,False,,True,not_needed,,,,,0,False,1164,843
25,2,0.0,0.0,uniform,0,uniform,0.5,guarded,stage1,,,0,1,0.008882302573417183,custom,"{""bfgs"": 0.00823714220687826, ""custom"": 0.007576377756517048}",0.008072560963531336,0.008072560963531336,stage3_l_opt,l_opt_current_alpha,0.7175553861299002,0.7324214113855134,0.35877769306495005,0.5,True,True,True,False,-0.000967187186082203,True,not_needed,,,,,0,False,2310,2013
25,2,0.0,0.0,uniform,0,uniform,0.5,guarded,stage1,,,0,2,0.002764055459538191,custom,"{""bfgs"": 0.02935437787050875, ""custom"": 0.005260157364798424}",0.0041942090416948,0.0041942090416948,stage3_l_opt,l_opt_current_alpha,0.333543573862704,0.3353599691780357,0.166771786931352,0.5,True,True,True,False,-0.0038783519218365354,True,not_needed,,,,,0,False,3015,3282
25,2,0.0,0.0,uniform,0,uniform,0.5,guarded,stage1,,,0,3,0.007455989461346969,custom,"{""bfgs"": 0.012644432805347994, ""custom"": 0.00828966709473918}",0.006942343898117542,0.006942343898117542,stage3_l_opt,l_opt_current_alpha,0.16698215992284676,0.18031549325618015,0.08338589346567597,0.25,False,False,True,True,0.002748134856422742,True,not_needed,,,,,0,False,3906,4521
25,2,0.0,0.0,uniform,0,uniform,0.5,guarded,stage1,,,0,4,0.005398914489446471,custom,"{""bfgs"": 0.01081775356579446, ""custom"": 0.008819538761843498}",0.006271640149255593,0.006271640149255593,stage3_l_opt,l_opt_current_alpha,0.19489656211709752,0.20299453146052443,0.041692946732838035,0.125,False,False,True,True,0.002077431107560793,True,not_needed,,,,,0,False,4983,5526
25,2,0.0,0.0,uniform,0,uniform,0.5,guarded,stage1,,,0,5,0.005561845284645646,custom,"{""bfgs"": 0.011264574872824026, ""custom"": 0.009416003842865157}",0.006500823733707269,0.006500823733707269,stage3_l_opt,l_opt_current_alpha,0.4730419875109317,0.4859841341055499,0.020846473366418927,0.0625,False,False,True,True,0.0023066146920124684,True,not_needed,,,,,0,False,5907,6981
25,2,0.0,0.0,uniform,0,uniform,0.5,guarded,stage1,,,0,6,0.005325970564525842,custom,"{""bfgs"": 0.04036769816640785, ""custom"": 0.009435761911944958}",0.006363977678120136,0.006363977678120136,stage3_l_opt,l_opt_current_alpha,0.5951761045989459,0.6101946541944883,0.01667717869313516,0.05,False,False,True,True,0.002169768636425336,True,not_needed,,,,,0,False,6579,8736
25,2,0.0,0.0,uniform,0,uniform,0.5,guarded,stage1,,,0,7,0.005349981829024588,custom,"{""bfgs"": 0.011081269269863388, ""custom"": 0.009236642073211246}",0.006215101418395837,0.006215101418395837,stage3_l_opt,l_opt_current_alpha,0.552632348700136,0.5666994323792017,0.01667717869313516,0.05,False,False,True,True,0.0020208923767010365,True,not_needed,,,,,0,False,7272,10095
25,2,0.0,0.0,uniform,0,uniform,0.5,guarded,stage1,,,0,8,0.005349981829024588,custom,"{""bfgs"": 0.011081269269863388, ""custom"": 0.009236642073211246}",0.006215101418395837,0.006215101418395837,stage3_l_opt,l_opt_current_alpha,0.552632348700136,0.5666994323792017,0.01667717869313516,0.05,False,False,True,True,0.0020208923767010365,True,not_needed,,,,,0,False,7965,11454
25,2,0.0,0.0,uniform,0,uniform,0.5,guarded,stage1,,,0,9,0.005349981829024588,custom,"{""bfgs"": 0.011081269269863388, ""custom"": 0.009236642073211246}",0.006215101418395837,0.006215101418395837,stage3_l_opt,l_opt_current_alpha,0.552632348700136,0.5666994323792017,0.01667717869313516,0.05,False,False,True,True,0.0020208923767010365,True,not_needed,,,,,0,False,8658,12813
25,2,0.0,0.0,uniform,0,uniform,0.5,guarded,stage1,,,0,10,0.005349981829024588,custom,"{""bfgs"": 0.011081269269863388, ""custom"": 0.009236642073211246}",0.006215101418395837,0.006215101418395837,stage3_l_opt,l_opt_current_alpha,0.552632348700136,0.5666994323792017,0.01667717869313516,0.05,False,False,True,True,0.0020208923767010365,True,not_needed,,,,,0,False,9351,14172
25,2,0.0,0.0,uniform,0,uniform,0.5,guarded,stage1,,,0,11,0.005349981829024588,custom,"{""bfgs"": 0.011081269269863388, ""custom"": 0.009236642073211246}",0.006215101418395837,0.006215101418395837,stage3_l_opt,l_opt_current_alpha,0.552632348700136,0.5666994323792017,0.01667717869313516,0.05,False,False,True,True,0.0020208923767010365,True,not_needed,,,,,0,False,10044,15531
25,2,0.0,0.0,uniform,0,uniform,0.5,guarded,stage1,,,0,12,0.005349981829024588,custom,"{""bfgs"": 0.011081269269863388, ""custom"": 0.009236642073211246}",0.006215101418395837,0.006215101418395837,stage3_l_opt,l_opt_current_alpha,0.552632348700136,0.5666994323792017,0.01667717869313516,0.05,False,False,True,True,0.0020208923767010365,True,not_needed,,,,,0,False,10737,16890
25,2,0.0,0.0,uniform,0,uniform,0.5,guarded,stage1,,,0,13,0.005349981829024588,custom,"{""bfgs"": 0.011081269269863388, ""custom"": 0.009236642073211246}",0.006215101418395837,0.006215101418395837,stage3_l_opt,l_opt_current_alpha,0.552632348700136,0.5666994323792017,0.01667717869313516,0.05,False,False,True,True,0.0020208923767010365,True,not_needed,,,,,0,False,11430,18249
25,2,0.0,0.0,uniform,0,uniform,0.5,guarded,stage1,,,0,14,0.005349981829024588,custom,"{""bfgs"": 0.011081269269863388, ""custom"": 0.009236642073211246}",0.006215101418395837,0.006215101418395837,stage3_l_opt,l_opt_current_alpha,0.552632348700136,0.5666994323792017,0.01667717869313516,0.05,False,False,True,True,0.0020208923767010365,True,not_needed,,,,,0,False,12123,19608
25,2,0.0,0.0,uniform,0,uniform,0.5,guarded,stage1,,,0,15,0.005349981829024588,custom,"{""bfgs"": 0.011081269269863388, ""custom"": 0.009236642073211246}",0.006215101418395837,0.006215101418395837,stage3_l_opt,l_opt_current_alpha,0.552632348700136,0.5666994323792017,0.01667717869313516,0.05,False,False,True,True,0.0020208923767010365,True,not_needed,,,,,0,False,12816,20967
25,2,0.0,0.0,uniform,0,uniform,0.5,guarded,stage1,,,0,16,0.005349981829024588,custom,"{""bfgs"": 0.011081269269863388, ""custom"": 0.009236642073211246}",0.006215101418395837,0.006215101418395837,stage3_l_opt,l_opt_current_alpha,0.552632348700136,0.5666994323792017,0.01667717869313516,0.05,False,False,True,True,0.0020208923767010365,True,not_needed,,,,,0,False,13509,22326
25,2,0.0,0.0,uniform,0,uniform,0.5,guarded,stage1,,,0,17,0.005349981829024588,custom,"{""bfgs"": 0.011081269269863388, ""custom"": 0.009236642073211246}",0.006215101418395837,0.006215101418395837,stage3_l_opt,l_opt_current_alpha,0.552632348700136,0.5666994323792017,0.01667717869313516,0.05,False,False,True,True,0.0020208923767010365,True,not_needed,,,,,0,False,14202,23685
25,2,0.0,0.0,uniform,0,uniform,0.5,guarded,stage1,,,0,18,0.005349981829024588,custom,"{""bfgs"": 0.011081269269863388, ""custom"": 0.009236642073211246}",0.006215101418395837,0.006215101418395837,stage3_l_opt,l_opt_current_alpha,0.552632348700136,0.5666994323792017,0.01667717869313516,0.05,False,False,True,True,0.0020208923767010365,True,not_needed,,,,,0,False,14895,25044
25,2,0.0,0.0,uniform,0,uniform,0.5,guarded,stage1,,,0,19,0.005349981829024588,custom,"{""bfgs"": 0.011081269269863388, ""custom"": 0.009236642073211246}",0.006215101418395837,0.006215101418395837,stage3_l_opt,l_opt_current_alpha,0.552632348700136,0.5666994323792017,0.01667717869313516,0.05,False,False,True,True,0.0020208923767010365,True,not_needed,,,,,0,False,15588,26403
26,2,0.0,0.0,uniform,0,uniform,0.5,guarded,stage1,,,0,0,0.03602305573937403,custom,"{""bfgs"": 0.014661685718844334, ""custom"": 0.006435994029743597}",0.006435994029743597,0.006435994029743597,stage3_l_opt,l_opt_current_alpha,0.2803265407504447,0.28604749056167833,0.14016327037522236,0.5,False,True,True,False,,True,not_needed,,,,,0,False,369,1203
26,2,0.0,0.0,uniform,0,uniform,0.5,guarded,stage1,,,0,1,0.020998141115932123,custom,"{""bfgs"": 0.014172029802292938, ""custom"": 0.011356542663025684}",0.010277572990162298,0.010277572990162298,stage3_l_opt,l_opt_current_alpha,1.4468299370418891,1.4734966037085557,0.07008163518761118,0.25,False,False,True,True,0.003841578960418701,True,not_needed,,,,,0,False,642,2358
26,2,0.0,0.0,uniform,0,uniform,0.5,guarded,stage1,,,0,2,0.034641330240733126,custom,"{""bfgs"": 0.14330159037865148, ""custom"": 0.006516499391657528}",0.00625650704993556,0.00625650704993556,stage3_l_opt,l_opt_current_alpha,0.19020938983483232,0.19552145156998424,0.047552347458708066,0.25,True,True,True,False,-0.0001794869798080372,True,not_needed,,,,,0,False,909,3468
26,2,0.0,0.0,uniform,0,uniform,0.5,guarded,stage1,,,0,3,0.03558918193889976,custom,"{""bfgs"": 0.04868840989333803, ""custom"": 0.006896522279565632}",0.006371688068611547,0.006371688068611547,stage3_l_opt,l_opt_current_alpha,0.6838727888659082,0.6954286828703895,0.023776173729354033,0.125,False,False,True,True,0.00011518101867598763,True,not_needed,,,,,0,False,1179,4734
26,2,0.0,0.0,uniform,0,uniform,0.5,guarded,stage1,,,0,4,0.03504987909027696,custom,"{""bfgs"": 0.21522143768405227, ""custom"": 0.006680195233323358}",0.006302094669081271,0.006302094669081271,stage3_l_opt,l_opt_current_alpha,0.6524702340764231,0.6638704876511058,0.08155877925955296,0.125,True,True,True,False,4.5587619145710974e-05,True,not_needed,,,,,0,False,1407,5973
26,2,0.0,0.0,uniform,0,uniform,0.5,guarded,stage1,,,0,5,0.03391880121450341,custom,"{""bfgs"": 0.21763127149602698, ""custom"": 0.00628932689242769}",0.006252764413754146,0.006252764413754146,stage3_l_opt,l_opt_current_alpha,0.24754871890063856,0.2528517341773335,0.030943589862579834,0.125,True,True,True,False,-4.93302553271251e-05,True,not_needed,,,,,0,False,1698,7329
26,2,0.0,0.0,uniform,0,uniform,0.5,guarded,stage1,,,0,6,0.03378028611546435,custom,"{""bfgs"": 0.025911136008192965, ""custom"": 0.0064205721350662276}",0.0062988437712192535,0.0062988437712192535,stage3_l_opt,l_opt_current_alpha,0.22146898966389622,0.2268712674023429,0.02768362370798705,0.125,True,True,True,False,4.6079357465107947e-05,True,not_needed,,,,,0,False,1932,8667
26,2,0.0,0.0,uniform,0,uniform,0.5,guarded,stage1,,,0,7,0.03466763143785273,custom,"{""bfgs"": 0.24468937645242114, ""custom"": 0.00651608512733193}",0.006252282570737104,0.006252282570737104,stage3_l_opt,l_opt_current_alpha,0.1889265208433409,0.1942296384774494,0.02361581510541766,0.125,True,True,True,False,-4.656120048214963e-05,True,not_needed,,,,,0,False,2229,9768
26,2,0.0,0.0,uniform,0,uniform,0.5,guarded,stage1,,,0,8,0.035062825714426704,custom,"{""bfgs"": 0.1123790674622259, ""custom"": 0.006685847464091143}",0.006304228018658857,0.006304228018658857,stage3_l_opt,l_opt_current_alpha,0.6533852128105292,0.6647901751467972,0.08167315160131616,0.125,True,True,True,False,5.194544792175293e-05,True,not_needed,,,,,0,False,2616,11043
26,2,0.0,0.0,uniform,0,uniform,0.5,guarded,stage1,,,0,9,0.03405179734702013,custom,"{""bfgs"": 0.21761040162005274, ""custom"": 0.006371016867347579}",0.006331656128168106,0.006331656128168106,stage3_l_opt,l_opt_current_alpha,0.25541752241565086,0.26089275566356374,0.03192719030195634,0.125,True,True,True,False,2.742810950924924e-05,True,not_needed,,,,,0,False,2790,12345
26,2,0.0,0.0,uniform,0,uniform,0.5,guarded,stage1,,,0,10,0.03379095661125098,custom,"{""bfgs"": 0.06820645771048557, ""custom"": 0.006392823244557557}",0.00626573587457339,0.00626573587457339,stage3_l_opt,l_opt_current_alpha,0.21640314281268713,0.22173373954425288,0.027050392851585836,0.125,True,True,True,False,-6.59202535947161e-05,True,not_needed,,,,,0,False,2994,13647
26,2,0.0,0.0,uniform,0,uniform,0.5,guarded,stage1,,,0,11,0.03464298099139579,custom,"{""bfgs"": 0.049357057514958703, ""custom"": 0.006524664280774713}",0.006258377145665388,0.006258377145665388,stage3_l_opt,l_opt_current_alpha,0.18863901724955745,0.19395504800741822,0.02357987715619464,0.125,True,True,True,False,-7.3587289080023766e-06,True,not_needed,,,,,0,False,3288,14748
26,2,0.0,0.0,uniform,0,uniform,0.5,guarded,stage1,,,0,12,0.03508796095955308,custom,"{""bfgs"": 0.0120426314654258, ""custom"": 0.006698615898318265}",0.0063112986196453376,0.0063112986196453376,stage3_l_opt,l_opt_current_alpha,0.6550355966467479,0.6664561931692975,0.08187944958084348,0.125,True,True,True,False,5.292147397994995e-05,True,not_needed,,,,,0,False,3534,16023
26,2,0.0,0.0,uniform,0,uniform,0.5,guarded,stage1,,,0,13,0.03388875339406211,custom,"{""bfgs"": 0.12481786331215383, ""custom"": 0.006319476428132031}",0.006280229737361272,0.006280229737361272,stage3_l_opt,l_opt_current_alpha,0.24917776608404907,0.25453949431966183,0.03114722076050619,0.125,True,True,True,False,-3.1068882284065666e-05,True,not_needed,,,,,0,False,3756,17271
26,2,0.0,0.0,uniform,0,uniform,0.5,guarded,stage1,,,0,14,0.033785480714131566,custom,"{""bfgs"": 0.2825309179441561, ""custom"": 0.006391798359410443}",0.006265365829070409,0.006265365829070409,stage3_l_opt,l_opt_current_alpha,0.21646637066760963,0.2217961769714686,0.027058296333451193,0.125,True,True,True,False,-1.4863908290863037e-05,True,not_needed,,,,,0,False,4407,18510
26,2,0.0,0.0,uniform,0,uniform,0.5,guarded,stage1,,,0,15,0.034658368281979546,custom,"{""bfgs"": 0.039468929071751084, ""custom"": 0.006517528382083306}",0.006251430721022189,0.006251430721022189,stage3_l_opt,l_opt_current_alpha,0.1880121346504275,0.1933134523893124,0.023501516831303415,0.125,True,True,True,False,-1.3935108048220186e-05,True,not_needed,,,,,0,False,4728,19611
26,2,0.0,0.0,uniform,0,uniform,0.5,guarded,stage1,,,0,16,0.03506893753290424,custom,"{""bfgs"": 0.21517665891264115, ""custom"": 0.006701722776874553}",0.006315980067787071,0.006315980067787071,stage3_l_opt,l_opt_current_alpha,0.6553715564032334,0.6668025279341925,0.08192144455040418,0.125,True,True,True,False,6.454934676488212e-05,True,not_needed,,,,,0,False,4926,20697
26,2,0.0,0.0,uniform,0,uniform,0.5,guarded,stage1,,,0,17,0.033942722398991376,custom,"{""bfgs"": 0.32283287429180785, ""custom"": 0.006336448785682648}",0.006297224511702855,0.006297224511702855,stage3_l_opt,l_opt_current_alpha,0.2512044686339498,0.25660318241904734,0.03140055857924379,0.125,True,True,True,False,-1.875555608421564e-05,True,not_needed,,,,,0,False,5112,21972
26,2,0.0,0.0,uniform,0,uniform,0.5,guarded,stage1,,,0,18,0.033787556814341146,custom,"{""bfgs"": 0.15851174068927737, ""custom"": 0.006392372388989806}",0.006265800446271896,0.006265800446271896,stage3_l_opt,l_opt_current_alpha,0.2164729340310111,0.2218036687135842,0.0270591167538764,0.125,True,True,True,False,-3.142406543095878e-05,True,not_needed,,,,,0,False,5343,23310
26,2,0.0,0.0,uniform,0,uniform,0.5,guarded,stage1,,,0,19,0.034658360333260696,custom,"{""bfgs"": 0.22167235231893795, ""custom"": 0.006517596199697294}",0.006251410852807264,0.006251410852807264,stage3_l_opt,l_opt_current_alpha,0.1879703307277336,0.1932716065011353,0.023496291340966646,0.125,True,True,True,False,-1.438959346463254e-05,True,not_needed,,,,,0,False,5652,24510
27,2,0.0,0.0,uniform,0,uniform,0.5,guarded,stage1,,,0,0,0.0010614058146671823,custom,"{""bfgs"": 0.004985239977637926, ""custom"": 0.004832751428087551}",0.004832751428087552,0.004832751428087552,stage3_l_opt,l_opt_current_alpha,0.4706454484134629,0.4802504575647581,0.23532272420673145,0.5,False,True,True,False,,True,recovered_informative,13,0.008671447013815243,0.004985239977637926,0.0036862070361773167,1,True,459,1440
27,2,0.0,0.0,uniform,0,uniform,0.5,guarded,stage1,,,0,1,0.0013999121795303937,custom,"{""bfgs"": 0.005862408290092875, ""custom"": 0.005267945150860042}",0.004478812838594119,0.004478812838594119,stage3_l_opt,l_opt_current_alpha,0.0556392711215076,0.0615772710261655,0.027819635560753786,0.5,True,True,True,False,-0.00035393858949343306,True,recovered_informative,13,0.009502520926816077,0.005862408290092875,0.003640112636723203,1,True,927,2784
27,2,0.0,0.0,uniform,0,uniform,0.5,guarded,stage1,,,0,2,0.003351245502710487,custom,"{""bfgs"": 0.0059689906387768, ""custom"": 0.0044195853115310815}",0.0036916577567656836,0.0036916577567656836,stage3_l_opt,l_opt_current_alpha,0.10676662928931352,0.10357528785098347,0.05338331464465673,0.5,True,True,True,False,-0.0007871550818284354,True,recovered_informative,13,0.00921332261511003,0.0059689906387768,0.00324433197633323,1,True,1461,4128
27,2,0.0,0.0,uniform,0,uniform,0.5,guarded,stage1,,,0,3,0.0032805080975173984,custom,"{""bfgs"": 0.005770308986437874, ""custom"": 0.005165116474812598}",0.004464214667677879,0.004464214667677879,stage3_l_opt,l_opt_current_alpha,0.07655247229860773,0.08239556449088198,0.026691657322328366,0.25,False,False,True,True,0.0007725569109121957,True,recovered_informative,13,0.00937934795233721,0.005770308986437874,0.0036090389658993364,1,True,2034,5556
27,2,0.0,0.0,uniform,0,uniform,0.5,guarded,stage1,,,0,4,0.0012525175584657822,custom,"{""bfgs"": 0.005869649812607337, ""custom"": 0.005276196152963758}",0.0044829317679007845,0.0044829317679007845,stage3_l_opt,l_opt_current_alpha,0.055827584078179754,0.06179244706845194,0.013345828661164183,0.125,False,False,True,True,0.0007912740111351009,True,recovered_informative,13,0.009525445565314754,0.005869649812607337,0.003655795752707417,1,True,2511,6900
27,2,0.0,0.0,uniform,0,uniform,0.5,guarded,stage1,,,0,5,0.00344841958603187,custom,"{""bfgs"": 0.005919320225692069, ""custom"": 0.004419663666272581}",0.003723376120130221,0.003723376120130221,stage3_l_opt,l_opt_current_alpha,0.09045080813539247,0.08719885460537347,0.011306351016924093,0.125,True,True,True,False,3.171836336453727e-05,True,recovered_informative,13,0.00959935534711607,0.005919320225692069,0.003680035121424002,1,True,3003,8244
27,2,0.0,0.0,uniform,0,uniform,0.5,guarded,stage1,,,0,6,0.0013956762020280733,custom,"{""bfgs"": 0.005877248721555243, ""custom"": 0.005281200612866946}",0.004481224343180656,0.004481224343180656,stage3_l_opt,l_opt_current_alpha,0.05324102016422971,0.059194718128589396,0.005653175508462088,0.0625,False,False,True,True,0.0007578482230504355,True,recovered_informative,13,0.009538126349724656,0.005877248721555243,0.003660877628169413,1,True,3420,9612
27,2,0.0,0.0,uniform,0,uniform,0.5,guarded,stage1,,,0,7,0.0013290820211427357,custom,"{""bfgs"": 0.005898284473623656, ""custom"": 0.0052984455994595815}",0.00447821927567323,0.00447821927567323,stage3_l_opt,l_opt_current_alpha,0.04662993084313191,0.05256407954600931,0.004522540406769637,0.05,False,False,True,True,0.0007548431555430093,True,recovered_informative,13,0.00958214246177649,0.005898284473623656,0.0036838579881528343,1,True,3900,10956
27,2,0.0,0.0,uniform,0,uniform,0.5,guarded,stage1,,,0,8,0.003412541932174662,custom,"{""bfgs"": 0.0059024916240373385, ""custom"": 0.004289313330269396}",0.003622325137257576,0.003622325137257576,stage3_l_opt,l_opt_current_alpha,0.09501990424728951,0.09195349431969235,0.004750995212364495,0.05,True,True,True,False,-0.00010105098287264492,True,recovered_informative,13,0.009589455179216444,0.0059024916240373385,0.0036869635551791055,1,True,4374,12300
27,2,0.0,0.0,uniform,0,uniform,0.5,guarded,stage1,,,0,9,0.0014074557351591022,custom,"{""bfgs"": 0.005884802313428113, ""custom"": 0.005285414201850682}",0.004477474217613538,0.004477474217613538,stage3_l_opt,l_opt_current_alpha,0.05001376405937072,0.05594308568276979,0.004750995212364495,0.05,False,False,True,True,0.0008551490803559618,True,recovered_informative,13,0.00956167956240776,0.005884802313428113,0.003676877248979646,1,True,4965,13644
27,2,0.0,0.0,uniform,0,uniform,0.5,guarded,stage1,,,0,10,0.0014074557351591022,custom,"{""bfgs"": 0.005884802313428113, ""custom"": 0.005285414201850682}",0.004477474217613538,0.004477474217613538,stage3_l_opt,l_opt_current_alpha,0.05001376405937072,0.05594308568276979,0.004750995212364495,0.05,False,False,True,True,0.0008551490803559618,True,recovered_informative,13,0.00956167956240776,0.005884802313428113,0.003676877248979646,1,True,5556,14988
27,2,0.0,0.0,uniform,0,uniform,0.5,guarded,stage1,,,0,11,0.0014074557351591022,custom,"{""bfgs"": 0.005884802313428113, ""custom"": 0.005285414201850682}",0.004477474217613538,0.004477474217613538,stage3_l_opt,l_opt_current_alpha,0.05001376405937072,0.05594308568276979,0.004750995212364495,0.05,False,False,True,True,0.0008551490803559618,True,recovered_informative,13,0.00956167956240776,0.005884802313428113,0.003676877248979646,1,True,6147,16332
27,2,0.0,0.0,uniform,0,uniform,0.5,guarded,stage1,,,0,12,0.0014074557351591022,custom,"{""bfgs"": 0.005884802313428113, ""custom"": 0.005285414201850682}",0.004477474217613538,0.004477474217613538,stage3_l_opt,l_opt_current_alpha,0.05001376405937072,0.05594308568276979,0.004750995212364495,0.05,False,False,True,True,0.0008551490803559618,True,recovered_informative,13,0.00956167956240776,0.005884802313428113,0.003676877248979646,1,True,6738,17676
27,2,0.0,0.0,uniform,0,uniform,0.5,guarded,stage1,,,0,13,0.0014074557351591022,custom,"{""bfgs"": 0.005884802313428113, ""custom"": 0.005285414201850682}",0.004477474217613538,0.004477474217613538,stage3_l_opt,l_opt_current_alpha,0.05001376405937072,0.05594308568276979,0.004750995212364495,0.05,False,False,True,True,0.0008551490803559618,True,recovered_informative,13,0.00956167956240776,0.005884802313428113,0.003676877248979646,1,True,7329,19020
27,2,0.0,0.0,uniform,0,uniform,0.5,guarded,stage1,,,0,14,0.0014074557351591022,custom,"{""bfgs"": 0.005884802313428113, ""custom"": 0.005285414201850682}",0.004477474217613538,0.004477474217613538,stage3_l_opt,l_opt_current_alpha,0.05001376405937072,0.05594308568276979,0.004750995212364495,0.05,False,False,True,True,0.0008551490803559618,True,recovered_informative,13,0.00956167956240776,0.005884802313428113,0.003676877248979646,1,True,7920,20364
27,2,0.0,0.0,uniform,0,uniform,0.5,guarded,stage1,,,0,15,0.0014074557351591022,custom,"{""bfgs"": 0.005884802313428113, ""custom"": 0.005285414201850682}",0.004477474217613538,0.004477474217613538,stage3_l_opt,l_opt_current_alpha,0.05001376405937072,0.05594308568276979,0.004750995212364495,0.05,False,False,True,True,0.0008551490803559618,True,recovered_informative,13,0.00956167956240776,0.005884802313428113,0.003676877248979646,1,True,8511,21708
27,2,0.0,0.0,uniform,0,uniform,0.5,guarded,stage1,,,0,16,0.0014074557351591022,custom,"{""bfgs"": 0.005884802313428113, ""custom"": 0.005285414201850682}",0.004477474217613538,0.004477474217613538,stage3_l_opt,l_opt_current_alpha,0.05001376405937072,0.05594308568276979,0.004750995212364495,0.05,False,False,True,True,0.0008551490803559618,True,recovered_informative,13,0.00956167956240776,0.005884802313428113,0.003676877248979646,1,True,9102,23052
27,2,0.0,0.0,uniform,0,uniform,0.5,guarded,stage1,,,0,17,0.0014074557351591022,custom,"{""bfgs"": 0.005884802313428113, ""custom"": 0.005285414201850682}",0.004477474217613538,0.004477474217613538,stage3_l_opt,l_opt_current_alpha,0.05001376405937072,0.05594308568276979,0.004750995212364495,0.05,False,False,True,True,0.0008551490803559618,True,recovered_informative,13,0.00956167956240776,0.005884802313428113,0.003676877248979646,1,True,9693,24396
27,2,0.0,0.0,uniform,0,uniform,0.5,guarded,stage1,,,0,18,0.0014074557351591022,custom,"{""bfgs"": 0.005884802313428113, ""custom"": 0.005285414201850682}",0.004477474217613538,0.004477474217613538,stage3_l_opt,l_opt_current_alpha,0.05001376405937072,0.05594308568276979,0.004750995212364495,0.05,False,False,True,True,0.0008551490803559618,True,recovered_informative,13,0.00956167956240776,0.005884802313428113,0.003676877248979646,1,True,10284,25740
27,2,0.0,0.0,uniform,0,uniform,0.5,guarded,stage1,,,0,19,0.0014074557351591022,custom,"{""bfgs"": 0.005884802313428113, ""custom"": 0.005285414201850682}",0.004477474217613538,0.004477474217613538,stage3_l_opt,l_opt_current_alpha,0.05001376405937072,0.05594308568276979,0.004750995212364495,0.05,False,False,True,True,0.0008551490803559618,True,recovered_informative,13,0.00956167956240776,0.005884802313428113,0.003676877248979646,1,True,10875,27084
28,2,0.0,0.0,uniform,0,uniform,0.5,guarded,stage1,,,0,0,0.0004162951191339567,custom,"{""bfgs"": 0.1379910558462143, ""custom"": 0.011424590212603409}",0.01142459021260341,0.01142459021260341,stage3_l_opt,l_opt_current_alpha,1.3066666666666666,1.3333333333333335,0.6533333333333333,0.5,False,True,True,False,,True,not_needed,,,,,0,False,927,1212
28,2,0.0,0.0,uniform,0,uniform,0.5,guarded,stage1,,,0,1,0.021939605214982113,custom,"{""bfgs"": 0.13056482940912245, ""custom"": 0.011785580553114414}",0.02310897968709469,0.02310897968709469,stage3_l_opt,l_opt_current_alpha,0.6533333333333333,0.6799999999999999,0.3266666666666667,0.25,False,False,True,True,0.011684389474491278,True,not_needed,,,,,0,False,1755,2007
28,2,0.0,0.0,uniform,0,uniform,0.5,guarded,stage1,,,0,2,0.012862464364777615,bfgs,"{""bfgs"": 0.004022616383930047, ""custom"": 0.004022616383930047}",0.004843379060427348,0.004843379060427348,stage3_l_opt,l_opt_current_alpha,0.98,1.0066666666666666,0.24500000000000005,0.25,True,True,True,False,-0.0065812111521760626,True,recovered_informative,20,0.017274454552680254,0.004022616383930047,0.013251838168750207,1,True,2583,3807
28,2,0.0,0.0,uniform,0,uniform,0.5,guarded,stage1,,,0,3,0.02009265412059773,custom,"{""bfgs"": 0.1314931029205521, ""custom"": 0.012272655097767711}",0.021483656018972397,0.021483656018972397,stage3_l_opt,l_opt_current_alpha,0.7349999999999999,0.7616666666666665,0.12250000000000005,0.125,False,False,True,True,0.016640276958545048,True,not_needed,,,,,0,False,3441,5103
28,2,0.0,0.0,uniform,0,uniform,0.5,guarded,stage1,,,0,4,0.01775398547683355,custom,"{""bfgs"": 0.13288549053793153, ""custom"": 0.011759214328291514}",0.017688338955243427,0.017688338955243427,stage3_l_opt,l_opt_current_alpha,0.8574999999999999,0.8841666666666665,0.06124999999999997,0.0625,False,False,True,True,0.012844959894816078,True,not_needed,,,,,0,False,3879,5904
28,2,0.0,0.0,uniform,0,uniform,0.5,guarded,stage1,,,0,5,0.01764526117796829,custom,"{""bfgs"": 0.13358173717589428, ""custom"": 0.012438812215114014}",0.017542613670229912,0.017542613670229912,stage3_l_opt,l_opt_current_alpha,0.91875,0.9454166666666666,0.04899999999999999,0.05,False,False,True,True,0.012699234609802563,True,not_needed,,,,,0,False,4761,6636
28,2,0.0,0.0,uniform,0,uniform,0.5,guarded,stage1,,,0,6,0.01769587455349672,custom,"{""bfgs"": 0.13372098295266427, ""custom"": 0.012693575011255839}",0.017672918116052944,0.017672918116052944,stage3_l_opt,l_opt_current_alpha,0.931,0.9576666666666667,0.04899999999999999,0.05,False,False,True,True,0.012829539055625595,True,not_needed,,,,,0,False,5652,7803
28,2,0.0,0.0,uniform,0,uniform,0.5,guarded,stage1,,,0,7,0.01769587455349672,custom,"{""bfgs"": 0.13372098295266427, ""custom"": 0.012693575011255839}",0.017672918116052944,0.017672918116052944,stage3_l_opt,l_opt_current_alpha,0.931,0.9576666666666667,0.04899999999999999,0.05,False,False,True,True,0.012829539055625595,True,not_needed,,,,,0,False,6543,8970
28,2,0.0,0.0,uniform,0,uniform,0.5,guarded,stage1,,,0,8,0.01769587455349672,custom,"{""bfgs"": 0.13372098295266427, ""custom"": 0.012693575011255839}",0.017672918116052944,0.017672918116052944,stage3_l_opt,l_opt_current_alpha,0.931,0.9576666666666667,0.04899999999999999,0.05,False,False,True,True,0.012829539055625595,True,not_needed,,,,,0,False,7434,10137
28,2,0.0,0.0,uniform,0,uniform,0.5,guarded,stage1,,,0,9,0.01769587455349672,custom,"{""bfgs"": 0.13372098295266427, ""custom"": 0.012693575011255839}",0.017672918116052944,0.017672918116052944,stage3_l_opt,l_opt_current_alpha,0.931,0.9576666666666667,0.04899999999999999,0.05,False,False,True,True,0.012829539055625595,True,not_needed,,,,,0,False,8325,11304
28,2,0.0,0.0,uniform,0,uniform,0.5,guarded,stage1,,,0,10,0.01769587455349672,custom,"{""bfgs"": 0.13372098295266427, ""custom"": 0.012693575011255839}",0.017672918116052944,0.017672918116052944,stage3_l_opt,l_opt_current_alpha,0.931,0.9576666666666667,0.04899999999999999,0.05,False,False,True,True,0.012829539055625595,True,not_needed,,,,,0,False,9216,12471
28,2,0.0,0.0,uniform,0,uniform,0.5,guarded,stage1,,,0,11,0.01769587455349672,custom,"{""bfgs"": 0.13372098295266427, ""custom"": 0.012693575011255839}",0.017672918116052944,0.017672918116052944,stage3_l_opt,l_opt_current_alpha,0.931,0.9576666666666667,0.04899999999999999,0.05,False,False,True,True,0.012829539055625595,True,not_needed,,,,,0,False,10107,13638
28,2,0.0,0.0,uniform,0,uniform,0.5,guarded,stage1,,,0,12,0.01769587455349672,custom,"{""bfgs"": 0.13372098295266427, ""custom"": 0.012693575011255839}",0.017672918116052944,0.017672918116052944,stage3_l_opt,l_opt_current_alpha,0.931,0.9576666666666667,0.04899999999999999,0.05,False,False,True,True,0.012829539055625595,True,not_needed,,,,,0,False,10998,14805
28,2,0.0,0.0,uniform,0,uniform,0.5,guarded,stage1,,,0,13,0.01769587455349672,custom,"{""bfgs"": 0.13372098295266427, ""custom"": 0.012693575011255839}",0.017672918116052944,0.017672918116052944,stage3_l_opt,l_opt_current_alpha,0.931,0.9576666666666667,0.04899999999999999,0.05,False,False,True,True,0.012829539055625595,True,not_needed,,,,,0,False,11889,15972
28,2,0.0,0.0,uniform,0,uniform,0.5,guarded,stage1,,,0,14,0.01769587455349672,custom,"{""bfgs"": 0.13372098295266427, ""custom"": 0.012693575011255839}",0.017672918116052944,0.017672918116052944,stage3_l_opt,l_opt_current_alpha,0.931,0.9576666666666667,0.04899999999999999,0.05,False,False,True,True,0.012829539055625595,True,not_needed,,,,,0,False,12780,17139
28,2,0.0,0.0,uniform,0,uniform,0.5,guarded,stage1,,,0,15,0.01769587455349672,custom,"{""bfgs"": 0.13372098295266427, ""custom"": 0.012693575011255839}",0.017672918116052944,0.017672918116052944,stage3_l_opt,l_opt_current_alpha,0.931,0.9576666666666667,0.04899999999999999,0.05,False,False,True,True,0.012829539055625595,True,not_needed,,,,,0,False,13671,18306
28,2,0.0,0.0,uniform,0,uniform,0.5,guarded,stage1,,,0,16,0.01769587455349672,custom,"{""bfgs"": 0.13372098295266427, ""custom"": 0.012693575011255839}",0.017672918116052944,0.017672918116052944,stage3_l_opt,l_opt_current_alpha,0.931,0.9576666666666667,0.04899999999999999,0.05,False,False,True,True,0.012829539055625595,True,not_needed,,,,,0,False,14562,19473
28,2,0.0,0.0,uniform,0,uniform,0.5,guarded,stage1,,,0,17,0.01769587455349672,custom,"{""bfgs"": 0.13372098295266427, ""custom"": 0.012693575011255839}",0.017672918116052944,0.017672918116052944,stage3_l_opt,l_opt_current_alpha,0.931,0.9576666666666667,0.04899999999999999,0.05,False,False,True,True,0.012829539055625595,True,not_needed,,,,,0,False,15453,20640
28,2,0.0,0.0,uniform,0,uniform,0.5,guarded,stage1,,,0,18,0.01769587455349672,custom,"{""bfgs"": 0.13372098295266427, ""custom"": 0.012693575011255839}",0.017672918116052944,0.017672918116052944,stage3_l_opt,l_opt_current_alpha,0.931,0.9576666666666667,0.04899999999999999,0.05,False,False,True,True,0.012829539055625595,True,not_needed,,,,,0,False,16344,21807
28,2,0.0,0.0,uniform,0,uniform,0.5,guarded,stage1,,,0,19,0.01769587455349672,custom,"{""bfgs"": 0.13372098295266427, ""custom"": 0.012693575011255839}",0.017672918116052944,0.017672918116052944,stage3_l_opt,l_opt_current_alpha,0.931,0.9576666666666667,0.04899999999999999,0.05,False,False,True,True,0.012829539055625595,True,not_needed,,,,,0,False,17235,22974
28,2,0.0,0.0,uniform,0,uniform,0.5,guarded,stage1,,,1,0,0.013850430742510883,custom,"{""bfgs"": 0.021293931640684605, ""custom"": 0.0007623587734997272}",0.0007623587734997272,0.0007623587734997272,stage3_l_opt,l_opt_current_alpha,0.98,1.0,0.49,0.5,False,True,True,False,,True,not_needed,,,,,0,False,582,38
28,2,0.0,0.0,uniform,0,uniform,0.5,guarded,stage1,,,1,1,0.014260271044817863,custom,"{""bfgs"": 0.010378767400979996, ""custom"": 0.00038667047861963506}",0.0007581613026559353,0.0007581613026559353,stage3_l_opt,l_opt_current_alpha,0.4899986334874952,0.509998605599485,0.2449993167437476,0.5,True,True,True,False,-4.197470843791962e-06,True,not_needed,,,,,0,False,1044,76
28,2,0.0,0.0,uniform,0,uniform,0.5,guarded,stage1,,,1,2,0.014260263391150524,custom,"{""bfgs"": 0.1215654385561193, ""custom"": 0.00020092558460848143}",0.0007581613026559353,0.0007581613026559353,stage3_l_opt,l_opt_current_alpha,0.2449993167437476,0.2649992888557373,0.1224996583718738,0.5,True,True,True,False,0.0,True,not_needed,,,,,0,False,1234,114
28,2,0.0,0.0,uniform,0,uniform,0.5,guarded,stage1,,,1,3,0.01426030012039406,custom,"{""bfgs"": 0.0872014750961502, ""custom"": 0.00010804647402233614}",0.0007581817917525768,0.0007581817917525768,stage3_l_opt,l_opt_current_alpha,0.12250102488437858,0.1425010248843786,0.06125051244218924,0.5,True,True,True,False,2.0489096641540527e-08,True,not_needed,,,,,0,False,1814,152
28,2,0.0,0.0,uniform,0,uniform,0.5,guarded,stage1,,,1,4,0.01426030012039406,custom,"{""bfgs"": 0.12649704163936648, ""custom"": 6.16077930170632e-05}",0.0007581817917525768,0.0007581817917525768,stage3_l_opt,l_opt_current_alpha,0.06125051244218934,0.08125051244218935,0.03062525622109467,0.5,True,True,True,False,0.0,True,not_needed,,,,,0,False,2244,190
28,2,0.0,0.0,uniform,0,uniform,0.5,guarded,stage1,,,1,5,0.01426026365591393,custom,"{""bfgs"": 0.1263066625876619, ""custom"": 3.839802533822733e-05}",0.0007581613026559353,0.0007581613026559353,stage3_l_opt,l_opt_current_alpha,0.030623889708589896,0.05062386182057958,0.015311944854294893,0.5,True,True,True,False,-2.0489096641540527e-08,True,not_needed,,,,,0,False,2706,228
28,2,0.0,0.0,uniform,0,uniform,0.5,guarded,stage1,,,1,6,0.01426026365591393,custom,"{""bfgs"": 0.12621147730920845, ""custom"": 2.678935796777754e-05}",0.0007581613026559353,0.0007581613026559353,stage3_l_opt,l_opt_current_alpha,0.015311944854295004,0.03531191696628469,0.007655972427147446,0.5,True,True,True,False,0.0,True,not_needed,,,,,0,False,3114,266
28,2,0.0,0.0,uniform,0,uniform,0.5,guarded,stage1,,,1,7,0.01426026365591393,custom,"{""bfgs"": 0.1261638846699817, ""custom"": 2.098502428255264e-05}",0.0007581613026559353,0.0007581613026559353,stage3_l_opt,l_opt_current_alpha,0.007655972427147557,0.027655944539137244,0.003827986213573723,0.5,True,True,True,False,0.0,True,not_needed,,,,,0,False,3510,304
28,2,0.0,0.0,uniform,0,uniform,0.5,guarded,stage1,,,1,8,0.01426026365591393,custom,"{""bfgs"": 0.12614008835036836, ""custom"": 1.8082857439940187e-05}",0.0007581613026559353,0.0007581613026559353,stage3_l_opt,l_opt_current_alpha,0.003827986213573834,0.023827958325563517,0.0019139931067869726,0.5,True,True,True,False,0.0,True,not_needed,,,,,0,False,3912,342
28,2,0.0,0.0,uniform,0,uniform,0.5,guarded,stage1,,,1,9,0.01426026365591393,custom,"{""bfgs"": 0.12612819019056168, ""custom"": 1.6631774018633964e-05}",0.0007581613026559353,0.0007581613026559353,stage3_l_opt,l_opt_current_alpha,0.0019139931067868616,0.021913965218776546,0.0009569965533932669,0.5,True,True,True,False,0.0,True,not_needed,,,,,0,False,4326,380
28,2,0.0,0.0,uniform,0,uniform,0.5,guarded,stage1,,,1,10,0.01426026365591393,custom,"{""bfgs"": 0.12612224111065834, ""custom"": 1.590623230798085e-05}",0.0007581613026559353,0.0007581613026559353,stage3_l_opt,l_opt_current_alpha,0.0009569965533935947,0.02095696866538328,0.0,0.5,True,True,False,False,0.0,True,not_needed,,,,,0,False,4728,418
29,2,0.0,0.0,uniform,0,uniform,0.5,guarded,stage1,,,0,0,0.008316854230900408,custom,"{""bfgs"": 0.01216188631951809, ""custom"": 0.0067322446654240285}",0.006732244665424029,0.006732244665424029,stage3_l_opt,l_opt_current_alpha,0.6533333333333333,0.6666666666666667,0.3266666666666667,0.5,False,True,True,False,,True,not_needed,,,,,0,False,159,1569
29,2,0.0,0.0,uniform,0,uniform,0.5,guarded,stage1,,,0,1,0.002183960733538534,custom,"{""bfgs"": 0.011120746098844073, ""custom"": 0.007678563851068325}",0.006391638889908791,0.006391638889908791,stage3_l_opt,l_opt_current_alpha,0.45795289960555996,0.4712780227926605,0.22897644980277998,0.5,True,True,True,False,-0.00034060577551523873,True,not_needed,,,,,0,False,432,2832
29,2,0.0,0.0,uniform,0,uniform,0.5,guarded,stage1,,,0,2,0.0014140844452708162,custom,"{""bfgs"": 0.01140269755674819, ""custom"": 0.005832155982026727}",0.00666962501903375,0.00666962501903375,stage3_l_opt,l_opt_current_alpha,0.3164278842992936,0.3214183590486789,0.11448822490139002,0.25,False,False,True,True,0.000277986129124959,True,not_needed,,,,,0,False,1335,4008
29,2,0.0,0.0,uniform,0,uniform,0.5,guarded,stage1,,,0,3,0.0014304426645421059,custom,"{""bfgs"": 0.013195074866207315, ""custom"": 0.006771395747522257}",0.006616624072194099,0.006616624072194099,stage3_l_opt,l_opt_current_alpha,0.3369735936644778,0.34446074770380264,0.05724411245069505,0.125,False,False,True,True,0.00022498518228530884,True,not_needed,,,,,0,False,1677,5400
29,2,0.0,0.0,uniform,0,uniform,0.5,guarded,stage1,,,0,4,0.00215699369606015,custom,"{""bfgs"": 0.06166182945649812, ""custom"": 0.007239584089306286}",0.006401838734745979,0.006401838734745979,stage3_l_opt,l_opt_current_alpha,0.6487171640319251,0.6671036826654964,0.08108964550399059,0.125,True,True,True,False,1.019984483718872e-05,True,not_needed,,,,,0,False,2490,6573
29,2,0.0,0.0,uniform,0,uniform,0.5,guarded,stage1,,,0,5,0.0014302725740937966,custom,"{""bfgs"": 0.0870980720035458, ""custom"": 0.00665883150837702}",0.00661624160905679,0.00661624160905679,stage3_l_opt,l_opt_current_alpha,0.21811460471736607,0.2229461623893517,0.04054482275199531,0.0625,False,False,True,True,0.00021440287431081107,True,not_needed,,,,,0,False,3303,7830
29,2,0.0,0.0,uniform,0,uniform,0.5,guarded,stage1,,,0,6,0.0014263569475496257,custom,"{""bfgs"": 0.012354812643175419, ""custom"": 0.00695468829803353}",0.006610425189137459,0.006610425189137459,stage3_l_opt,l_opt_current_alpha,0.3156670332832221,0.3231237529766888,0.032435858201596224,0.05,False,False,True,True,0.0002085864543914795,True,not_needed,,,,,0,False,3753,9153
29,2,0.0,0.0,uniform,0,uniform,0.5,guarded,stage1,,,0,7,0.001427752437503177,custom,"{""bfgs"": 0.012555172510587395, ""custom"": 0.007013943926811931}",0.006608800962567329,0.006608800962567329,stage3_l_opt,l_opt_current_alpha,0.3090515203685296,0.3165000888208259,0.032435858201596224,0.05,False,False,True,True,0.0002069622278213501,True,not_needed,,,,,0,False,4605,10440
29,2,0.0,0.0,uniform,0,uniform,0.5,guarded,stage1,,,0,8,0.001427752437503177,custom,"{""bfgs"": 0.012555172510587395, ""custom"": 0.007013943926811931}",0.006608800962567329,0.006608800962567329,stage3_l_opt,l_opt_current_alpha,0.3090515203685296,0.3165000888208259,0.032435858201596224,0.05,False,False,True,True,0.0002069622278213501,True,not_needed,,,,,0,False,5457,11727
29,2,0.0,0.0,uniform,0,uniform,0.5,guarded,stage1,,,0,9,0.001427752437503177,custom,"{""bfgs"": 0.012555172510587395, ""custom"": 0.007013943926811931}",0.006608800962567329,0.006608800962567329,stage3_l_opt,l_opt_current_alpha,0.3090515203685296,0.3165000888208259,0.032435858201596224,0.05,False,False,True,True,0.0002069622278213501,True,not_needed,,,,,0,False,6309,13014
29,2,0.0,0.0,uniform,0,uniform,0.5,guarded,stage1,,,0,10,0.001427752437503177,custom,"{""bfgs"": 0.012555172510587395, ""custom"": 0.007013943926811931}",0.006608800962567329,0.006608800962567329,stage3_l_opt,l_opt_current_alpha,0.3090515203685296,0.3165000888208259,0.032435858201596224,0.05,False,False,True,True,0.0002069622278213501,True,not_needed,,,,,0,False,7161,14301
29,2,0.0,0.0,uniform,0,uniform,0.5,guarded,stage1,,,0,11,0.001427752437503177,custom,"{""bfgs"": 0.012555172510587395, ""custom"": 0.007013943926811931}",0.006608800962567329,0.006608800962567329,stage3_l_opt,l_opt_current_alpha,0.3090515203685296,0.3165000888208259,0.032435858201596224,0.05,False,False,True,True,0.0002069622278213501,True,not_needed,,,,,0,False,8013,15588
29,2,0.0,0.0,uniform,0,uniform,0.5,guarded,stage1,,,0,12,0.001427752437503177,custom,"{""bfgs"": 0.012555172510587395, ""custom"": 0.007013943926811931}",0.006608800962567329,0.006608800962567329,stage3_l_opt,l_opt_current_alpha,0.3090515203685296,0.3165000888208259,0.032435858201596224,0.05,False,False,True,True,0.0002069622278213501,True,not_needed,,,,,0,False,8865,16875
29,2,0.0,0.0,uniform,0,uniform,0.5,guarded,stage1,,,0,13,0.001427752437503177,custom,"{""bfgs"": 0.012555172510587395, ""custom"": 0.007013943926811931}",0.006608800962567329,0.006608800962567329,stage3_l_opt,l_opt_current_alpha,0.3090515203685296,0.3165000888208259,0.032435858201596224,0.05,False,False,True,True,0.0002069622278213501,True,not_needed,,,,,0,False,9717,18162
29,2,0.0,0.0,uniform,0,uniform,0.5,guarded,stage1,,,0,14,0.001427752437503177,custom,"{""bfgs"": 0.012555172510587395, ""custom"": 0.007013943926811931}",0.006608800962567329,0.006608800962567329,stage3_l_opt,l_opt_current_alpha,0.3090515203685296,0.3165000888208259,0.032435858201596224,0.05,False,False,True,True,0.0002069622278213501,True,not_needed,,,,,0,False,10569,19449
29,2,0.0,0.0,uniform,0,uniform,0.5,guarded,stage1,,,0,15,0.001427752437503177,custom,"{""bfgs"": 0.012555172510587395, ""custom"": 0.007013943926811931}",0.006608800962567329,0.006608800962567329,stage3_l_opt,l_opt_current_alpha,0.3090515203685296,0.3165000888208259,0.032435858201596224,0.05,False,False,True,True,0.0002069622278213501,True,not_needed,,,,,0,False,11421,20736
29,2,0.0,0.0,uniform,0,uniform,0.5,guarded,stage1,,,0,16,0.001427752437503177,custom,"{""bfgs"": 0.012555172510587395, ""custom"": 0.007013943926811931}",0.006608800962567329,0.006608800962567329,stage3_l_opt,l_opt_current_alpha,0.3090515203685296,0.3165000888208259,0.032435858201596224,0.05,False,False,True,True,0.0002069622278213501,True,not_needed,,,,,0,False,12273,22023
29,2,0.0,0.0,uniform,0,uniform,0.5,guarded,stage1,,,0,17,0.001427752437503177,custom,"{""bfgs"": 0.012555172510587395, ""custom"": 0.007013943926811931}",0.006608800962567329,0.006608800962567329,stage3_l_opt,l_opt_current_alpha,0.3090515203685296,0.3165000888208259,0.032435858201596224,0.05,False,False,True,True,0.0002069622278213501,True,not_needed,,,,,0,False,13125,23310
29,2,0.0,0.0,uniform,0,uniform,0.5,guarded,stage1,,,0,18,0.001427752437503177,custom,"{""bfgs"": 0.012555172510587395, ""custom"": 0.007013943926811931}",0.006608800962567329,0.006608800962567329,stage3_l_opt,l_opt_current_alpha,0.3090515203685296,0.3165000888208259,0.032435858201596224,0.05,False,False,True,True,0.0002069622278213501,True,not_needed,,,,,0,False,13977,24597
29,2,0.0,0.0,uniform,0,uniform,0.5,guarded,stage1,,,0,19,0.001427752437503177,custom,"{""bfgs"": 0.012555172510587395, ""custom"": 0.007013943926811931}",0.006608800962567329,0.006608800962567329,stage3_l_opt,l_opt_current_alpha,0.3090515203685296,0.3165000888208259,0.032435858201596224,0.05,False,False,True,True,0.0002069622278213501,True,not_needed,,,,,0,False,14829,25884
