seed,dimension,poison_ratio,target,initialization,initialization_replicate,evaluator,update_rate,update_policy,coalition_mode,controlled_coalition_size,controlled_poison_count,round,target_error,evaluation_loss,consistency_l1,update_l1,eta_used,update_accepted,gate_triggered,eval_loss_delta,informative,stage3_requests_cumulative,contribution_requests_cumulative
0,2,0.0,0.0,uniform,0,uniform,0.0,fixed,stage1,,,0,0.025550440028532184,0.0018870764567206304,0.8377785543617249,0.0,0.0,False,False,,True,342,777
0,2,0.0,0.0,uniform,0,uniform,0.3,fixed,stage1,,,0,0.025550440028532184,0.0018870764567206304,0.8377785543617249,0.2513335663085175,0.3,True,False,,True,342,777
0,2,0.0,0.0,uniform,0,uniform,0.3,fixed,stage1,,,1,0.025453291870388292,0.0048707639798521996,0.6256183269198298,0.18768549807594898,0.3,True,False,0.002983687523131569,True,540,1554
0,2,0.0,0.0,uniform,0,uniform,0.3,fixed,stage1,,,2,0.03140632209461039,0.006924898441260059,0.4671019318857839,0.14013057956573513,0.3,True,False,0.00205413446140786,True,747,2331
0,2,0.0,0.0,uniform,0,uniform,0.3,fixed,stage1,,,3,0.03140620854853583,0.006924829523389538,0.3269703411225307,0.0980911023367593,0.3,True,False,-6.891787052154541e-08,True,951,3108
0,2,0.0,0.0,uniform,0,uniform,0.3,fixed,stage1,,,4,0.03140632298432694,0.006924903408313791,0.2288803228624771,0.06866409685874314,0.3,True,False,7.38849242534062e-08,True,1152,3885
0,2,0.0,0.0,uniform,0,uniform,0.3,fixed,stage1,,,5,0.03140632897711196,0.0069249052709589405,0.16021625333343228,0.04806487600002962,0.3,True,False,1.862645149230957e-09,True,1374,4662
0,2,0.0,0.0,uniform,0,uniform,0.3,fixed,stage1,,,6,0.03140632298432694,0.006924903408313791,0.11215135000370433,0.03364540500111128,0.3,True,False,-1.862645149230957e-09,True,1554,5439
0,2,0.0,0.0,uniform,0,uniform,0.3,fixed,stage1,,,7,0.03140633765611542,0.006924905736620228,0.07850597916471633,0.023551793749414976,0.3,True,False,2.3283064365386963e-09,True,1728,6216
0,2,0.0,0.0,uniform,0,uniform,0.3,fixed,stage1,,,8,0.03140632563640779,0.006924900303905209,0.05495410570368445,0.016486231711105276,0.3,True,False,-5.4327150191685325e-09,True,1950,6993
0,2,0.0,0.0,uniform,0,uniform,0.3,fixed,stage1,,,9,0.025590139534063153,0.0018973950451860826,0.029745152383083853,0.008923545714925207,0.3,True,False,-0.005027505258719126,True,2244,7770
0,2,0.0,0.0,uniform,0,uniform,0.3,fixed,stage1,,,10,0.0314063203151773,0.006924895957733194,0.047391355938221066,0.014217406781466393,0.3,True,False,0.0050275009125471115,True,2505,8547
0,2,0.0,0.0,uniform,0,uniform,0.3,fixed,stage1,,,11,0.03140632298432694,0.006924903408313791,0.033174058475531606,0.009952217542659514,0.3,True,False,7.450580596923828e-09,True,2727,9324
0,2,0.0,0.0,uniform,0,uniform,0.3,fixed,stage1,,,12,0.031406335205127714,0.006924905115738511,0.023221865985095513,0.006966559795528571,0.3,True,False,1.7074247198392567e-09,True,2970,10101
0,2,0.0,0.0,uniform,0,uniform,0.3,fixed,stage1,,,13,0.03140633765611542,0.006924905736620228,0.016255315299466805,0.00487659458984005,0.3,True,False,6.208817166994396e-10,True,3201,10878
0,2,0.0,0.0,uniform,0,uniform,0.3,fixed,stage1,,,14,0.03140633765611542,0.006924905736620228,0.011378720709626755,0.0034136162128879932,0.3,True,False,0.0,True,3420,11655
0,2,0.0,0.0,uniform,0,uniform,0.3,fixed,stage1,,,15,0.03140632387404349,0.006924903408313791,0.007965070334615479,0.002389521100384581,0.3,True,False,-2.3283064365386963e-09,True,3669,12432
0,2,0.0,0.0,uniform,0,uniform,0.3,fixed,stage1,,,16,0.031406335205127714,0.006924905115738511,0.005575574286454318,0.0016726722859362192,0.3,True,False,1.7074247198392567e-09,True,3909,13209
0,2,0.0,0.0,uniform,0,uniform,0.3,fixed,stage1,,,17,0.03140632387404349,0.006924903408313791,0.0039028769482946785,0.0011708630844884244,0.3,True,False,-1.7074247198392567e-09,True,4116,13986
0,2,0.0,0.0,uniform,0,uniform,0.3,fixed,stage1,,,18,0.03140633431541118,0.006924905115738511,0.002732038916029675,0.0008196116748089288,0.3,True,False,1.7074247198392567e-09,True,4326,14763
0,2,0.0,0.0,uniform,0,uniform,0.3,fixed,stage1,,,19,0.03140632387404349,0.006924903408313791,0.0019124021889973253,0.0005737206566992642,0.3,True,False,-1.7074247198392567e-09,True,4527,15540
0,2,0.0,0.0,uniform,0,uniform,0.5,fixed,stage1,,,0,0.025550440028532184,0.0018870764567206304,0.8377785543617249,0.41888927718086244,0.5,True,False,,True,342,777
0,2,0.0,0.0,uniform,0,uniform,0.5,fixed,stage1,,,1,0.031406293623680887,0.006924894095088045,0.4872316553201085,0.24361582766005418,0.5,True,False,0.0050378176383674145,True,537,1554
0,2,0.0,0.0,uniform,0,uniform,0.5,fixed,stage1,,,2,0.03140617103055865,0.006924814622228344,0.24361466159481127,0.12180733079740563,0.5,True,False,-7.947285970109907e-08,True,735,2331
0,2,0.0,0.0,uniform,0,uniform,0.5,fixed,stage1,,,3,0.03140631920729886,0.006924894095088045,0.12180849686264869,0.060904248431324415,0.5,True,False,7.947285970109907e-08,True,945,3108
0,2,0.0,0.0,uniform,0,uniform,0.5,fixed,stage1,,,4,0.03140631631998733,0.006924893474206328,0.06090423932142777,0.0304521196607139,0.5,True,False,-6.208817166994396e-10,True,1140,3885
0,2,0.0,0.0,uniform,0,uniform,0.5,fixed,stage1,,,5,0.03140630144710632,0.006924881677453716,0.030451946572718172,0.015225973286359024,0.5,True,False,-1.1796752612085182e-08,True,1377,4662
0,2,0.0,0.0,uniform,0,uniform,0.5,fixed,stage1,,,6,0.03140633431541118,0.006924905115738511,0.015226317184941815,0.0076131585924709005,0.5,True,False,2.3438284794778663e-08,True,1611,5439
0,2,0.0,0.0,uniform,0,uniform,0.5,fixed,stage1,,,7,0.03140632387404349,0.006924903408313791,0.007613133540247494,0.00380656677012374,0.5,True,False,-1.7074247198392567e-09,True,1860,6216
0,2,0.0,0.0,uniform,0,uniform,0.5,fixed,stage1,,,8,0.03140633186442353,0.0069249052709589405,0.0038065940998220915,0.0019032970499111013,0.5,True,False,1.862645149230957e-09,True,2073,6993
0,2,0.0,0.0,uniform,0,uniform,0.5,fixed,stage1,,,9,0.03140632209461039,0.006924898441260059,0.001903196841025065,0.0009515984205125533,0.5,True,False,-6.82969888109175e-09,True,2295,7770
0,2,0.0,0.0,uniform,0,uniform,0.5,fixed,stage1,,,10,0.031406330084990455,0.0069249052709589405,0.000951698629398437,0.0004758493146991699,0.5,True,False,6.82969888109175e-09,True,2499,8547
0,2,0.0,0.0,uniform,0,uniform,1.0,fixed,stage1,,,0,0.025550440028532184,0.0018870764567206304,0.8377785543617249,0.8377785543617249,1.0,True,False,,True,342,777
0,2,0.0,0.0,uniform,0,uniform,1.0,fixed,stage1,,,1,0.03140632387404349,0.006924903408313791,0.06834251478771305,0.06834251478771305,1.0,True,False,0.005037826951593161,True,540,1554
0,2,0.0,0.0,uniform,0,uniform,1.0,fixed,stage1,,,2,0.03140632187644851,0.006924900924786925,3.64395953134089e-08,3.643959524401996e-08,1.0,True,False,-2.4835268659303966e-09,True,744,2331
1,2,0.0,0.0,uniform,0,uniform,0.0,fixed,stage1,,,0,0.014061642639210413,0.0020194388926029205,0.595631551265773,0.0,0.0,False,False,,True,111,57
1,2,0.0,0.0,uniform,0,uniform,0.3,fixed,stage1,,,0,0.014061642639210413,0.0020194388926029205,0.595631551265773,0.17868946537973188,0.3,True,False,,True,111,57
1,2,0.0,0.0,uniform,0,uniform,0.3,fixed,stage1,,,1,0.01421551158181699,0.0018762486676375072,0.41381376191432634,0.12414412857429791,0.3,True,False,-0.00014319022496541334,True,231,114
1,2,0.0,0.0,uniform,0,uniform,0.3,fixed,stage1,,,2,0.014816338621567837,0.00017782673239707947,0.25492313342215245,0.07647694002664568,0.3,True,False,-0.0016984219352404277,True,558,171
1,2,0.0,0.0,uniform,0,uniform,0.3,fixed,stage1,,,3,0.014533442545651407,0.0005774050951004028,0.1862490765429783,0.05587472296289352,0.3,True,False,0.00039957836270332336,True,999,228
1,2,0.0,0.0,uniform,0,uniform,0.3,fixed,stage1,,,4,0.014571716952797149,0.0015307193001111348,0.14990270352053592,0.04497081105616087,0.3,True,False,0.0009533142050107319,True,1185,285
1,2,0.0,0.0,uniform,0,uniform,0.3,fixed,stage1,,,5,0.01456295554620675,0.0014337611695130665,0.10288434494406962,0.030865303483220904,0.3,True,False,-9.695813059806824e-05,True,1332,342
1,2,0.0,0.0,uniform,0,uniform,0.3,fixed,stage1,,,6,0.014613065607934926,0.0002816605071226756,0.04874222036024103,0.01462266610807221,0.3,True,False,-0.0011521006623903909,True,1599,399
1,2,0.0,0.0,uniform,0,uniform,0.3,fixed,stage1,,,7,0.014553075189225273,0.0013214349746704102,0.05504213323475825,0.016512639970427498,0.3,True,False,0.0010397744675477345,True,1803,456
1,2,0.0,0.0,uniform,0,uniform,0.3,fixed,stage1,,,8,0.014548320063311769,0.0012759876747926076,0.03758235790778167,0.011274707372334505,0.3,True,False,-4.54472998778026e-05,True,1992,513
1,2,0.0,0.0,uniform,0,uniform,0.3,fixed,stage1,,,9,0.014736413263434694,0.00021581724286079407,0.005057938804762248,0.0015173816414287833,0.3,True,False,-0.0010601704319318135,True,2334,570
1,2,0.0,0.0,uniform,0,uniform,0.3,fixed,stage1,,,10,0.014784388497691175,0.00019234046339988708,0.0030876117738430978,0.0009262835321528565,0.3,True,False,-2.3476779460906982e-05,True,2598,627
1,2,0.0,0.0,uniform,0,uniform,0.3,fixed,stage1,,,11,0.014787054216032262,0.00019120673338572183,0.002139473403548371,0.0006418420210645148,0.3,True,False,-1.1337300141652515e-06,True,2958,684
1,2,0.0,0.0,uniform,0,uniform,0.3,fixed,stage1,,,12,0.014777166985060042,0.0001948376496632894,0.001567630352860061,0.0004702891058579253,0.3,True,False,3.6309162775675636e-06,True,3171,741
1,2,0.0,0.0,uniform,0,uniform,0.3,fixed,stage1,,,13,0.014773294799922496,0.00019706661502520242,0.0011403212713897437,0.0003420963814170855,0.3,True,False,2.228965361913027e-06,True,3408,798
1,2,0.0,0.0,uniform,0,uniform,0.3,fixed,stage1,,,14,0.014780836454324438,0.00019460543990135193,0.0007507676615977482,0.00022523029847928283,0.3,True,False,-2.4611751238504955e-06,True,3699,855
1,2,0.0,0.0,uniform,0,uniform,0.5,fixed,stage1,,,0,0.014061642639210413,0.0020194388926029205,0.595631551265773,0.29781577563288664,0.5,True,False,,True,111,57
1,2,0.0,0.0,uniform,0,uniform,0.5,fixed,stage1,,,1,0.014816238462205991,0.00017793849110603333,0.2599431040423884,0.1299715520211942,0.5,True,False,-0.0018415004014968872,True,516,114
1,2,0.0,0.0,uniform,0,uniform,0.5,fixed,stage1,,,2,0.014509755947617291,0.001551626871029536,0.15774404215700308,0.07887202107850154,0.5,True,False,0.0013736883799235027,True,624,171
1,2,0.0,0.0,uniform,0,uniform,0.5,fixed,stage1,,,3,0.014800746190915912,0.00018421808878580728,0.051220492931468874,0.025610246465734357,0.5,True,False,-0.0013674087822437286,True,1071,228
1,2,0.0,0.0,uniform,0,uniform,0.5,fixed,stage1,,,4,0.014550706311564358,0.0013035113612810771,0.04804267280888923,0.024021336404444586,0.5,True,False,0.0011192932724952698,True,1230,285
1,2,0.0,0.0,uniform,0,uniform,0.5,fixed,stage1,,,5,0.014795007818279665,0.0001875994106133779,0.001654065174048286,0.0008270325870241152,0.5,True,False,-0.0011159119506676993,True,1467,342
1,2,0.0,0.0,uniform,0,uniform,0.5,fixed,stage1,,,6,0.014785181387582613,0.0001919331649939219,0.0009105624979367372,0.00045528124896831307,0.5,True,False,4.333754380544009e-06,True,1680,399
1,2,0.0,0.0,uniform,0,uniform,1.0,fixed,stage1,,,0,0.014061642639210413,0.0020194388926029205,0.595631551265773,0.595631551265773,1.0,True,False,,True,111,57
1,2,0.0,0.0,uniform,0,uniform,1.0,fixed,stage1,,,1,0.014723592247826156,0.00022291267911593118,0.03700518816090663,0.03700518816090663,1.0,True,False,-0.0017965262134869893,True,426,114
1,2,0.0,0.0,uniform,0,uniform,1.0,fixed,stage1,,,2,0.014759121591031175,0.00020560001333554587,0.00033425414239306867,0.00033425414239306867,1.0,True,False,-1.7312665780385317e-05,True,672,171
2,2,0.0,0.0,uniform,0,uniform,0.0,fixed,stage1,,,0,0.00018353634036660793,0.00831918977200985,0.6990789929081749,0.0,0.0,False,False,,True,240,795
2,2,0.0,0.0,uniform,0,uniform,0.3,fixed,stage1,,,0,0.00018353634036660793,0.00831918977200985,0.6990789929081749,0.2097236978724525,0.3,True,False,,True,240,795
2,2,0.0,0.0,uniform,0,uniform,0.3,fixed,stage1,,,1,0.00018353634036660793,0.00831918977200985,0.48935529503572245,0.14680658851071676,0.3,True,False,0.0,True,480,1590
2,2,0.0,0.0,uniform,0,uniform,0.3,fixed,stage1,,,2,0.00018353634036660793,0.00831918977200985,0.3425487065250057,0.10276461195750167,0.3,True,False,0.0,True,732,2385
2,2,0.0,0.0,uniform,0,uniform,0.3,fixed,stage1,,,3,0.00018353634036660793,0.00831918977200985,0.23978409456750402,0.07193522837025122,0.3,True,False,0.0,True,972,3180
2,2,0.0,0.0,uniform,0,uniform,0.3,fixed,stage1,,,4,0.00018356123683815895,0.008319214607278505,0.16784905979476672,0.05035471793843005,0.3,True,False,2.483526865583452e-08,True,1224,3975
2,2,0.0,0.0,uniform,0,uniform,0.3,fixed,stage1,,,5,0.0001835413661410712,0.008319209640224775,0.11749430313682516,0.03524829094104755,0.3,True,False,-4.96705373012607e-09,True,1497,4770
2,2,0.0,0.0,uniform,0,uniform,0.3,fixed,stage1,,,6,0.00018353634036660793,0.00831918977200985,0.0822458573177752,0.024673757195332477,0.3,True,False,-1.986821492570845e-08,True,1722,5565
2,2,0.0,0.0,uniform,0,uniform,0.3,fixed,stage1,,,7,0.00018353634036660793,0.00831918977200985,0.057572100122442724,0.01727163003673285,0.3,True,False,0.0,True,1950,6360
2,2,0.0,0.0,uniform,0,uniform,0.3,fixed,stage1,,,8,0.00018353634036660793,0.00831918977200985,0.040300470085709875,0.012090141025712979,0.3,True,False,0.0,True,2169,7155
2,2,0.0,0.0,uniform,0,uniform,0.3,fixed,stage1,,,9,0.00018349165066489093,0.008319187288482984,0.028210309700251363,0.008463092910075451,0.3,True,False,-2.483526865063035e-09,True,2394,7950
2,2,0.0,0.0,uniform,0,uniform,0.3,fixed,stage1,,,10,0.00018359115920674185,0.008319209640224775,0.01974739102792385,0.0059242173083771665,0.3,True,False,2.2351741790771484e-08,True,2652,8745
2,2,0.0,0.0,uniform,0,uniform,0.3,fixed,stage1,,,11,0.00018349165066489093,0.008319187288482984,0.013822999481798746,0.00414689984453967,0.3,True,False,-2.2351741790771484e-08,True,2898,9540
2,2,0.0,0.0,uniform,0,uniform,0.3,fixed,stage1,,,12,0.00018359115920674185,0.008319209640224775,0.009676273875007014,0.002902882162502042,0.3,True,False,2.2351741790771484e-08,True,3156,10335
2,2,0.0,0.0,uniform,0,uniform,0.3,fixed,stage1,,,13,0.00018349165066489093,0.008319187288482984,0.006773217474757034,0.0020319652424271514,0.3,True,False,-2.2351741790771484e-08,True,3390,11130
2,2,0.0,0.0,uniform,0,uniform,0.3,fixed,stage1,,,14,0.00018349165066489093,0.008319187288482984,0.004741252232329882,0.0014223756696989595,0.3,True,False,0.0,True,3624,11925
2,2,0.0,0.0,uniform,0,uniform,0.3,fixed,stage1,,,15,0.0004400124455692378,0.008267144983013472,0.0029134283934364458,0.0008740285180309851,0.3,True,False,-5.204230546951294e-05,True,3999,12720
2,2,0.0,0.0,uniform,0,uniform,0.3,fixed,stage1,,,16,0.0001848619078330671,0.008319197222590446,0.0024449254835884233,0.0007334776450764954,0.3,True,False,5.2052239576974926e-05,True,4194,13515
2,2,0.0,0.0,uniform,0,uniform,0.3,fixed,stage1,,,17,0.0005311421318801024,0.008376718188325563,0.0021601267744247275,0.0006480380323273874,0.3,True,False,5.7520965735117016e-05,True,4368,14310
2,2,0.0,0.0,uniform,0,uniform,0.3,fixed,stage1,,,18,0.00018356123683815895,0.008319214607278505,0.0010635453244554928,0.000319063597336678,0.3,True,False,-5.7503581047058105e-05,True,4611,15105
2,2,0.0,0.0,uniform,0,uniform,0.3,fixed,stage1,,,19,0.00018356123683815895,0.008319214607278505,0.0007444817271188148,0.00022334451813565276,0.3,True,False,0.0,True,4830,15900
2,2,0.0,0.0,uniform,0,uniform,0.5,fixed,stage1,,,0,0.00018353634036660793,0.00831918977200985,0.6990789929081749,0.34953949645408755,0.5,True,False,,True,240,795
2,2,0.0,0.0,uniform,0,uniform,0.5,fixed,stage1,,,1,0.00018348670235557307,0.008319184804956118,0.34953945773459755,0.17476972886729886,0.5,True,False,-4.967053731860793e-09,True,489,1590
2,2,0.0,0.0,uniform,0,uniform,0.5,fixed,stage1,,,2,0.0001835413661410712,0.008319209640224775,0.17476992246479098,0.08738496123239552,0.5,True,False,2.4835268657569243e-08,True,762,2385
2,2,0.0,0.0,uniform,0,uniform,0.5,fixed,stage1,,,3,0.00018353634036660793,0.00831918977200985,0.08738480635439305,0.04369240317719658,0.5,True,False,-1.986821492570845e-08,True,963,3180
2,2,0.0,0.0,uniform,0,uniform,0.5,fixed,stage1,,,4,0.00018353634036660793,0.00831918977200985,0.04369240317719647,0.02184620158859829,0.5,True,False,0.0,True,1215,3975
2,2,0.0,0.0,uniform,0,uniform,0.5,fixed,stage1,,,5,0.00018353634036660793,0.00831918977200985,0.021846201588598183,0.010923100794299118,0.5,True,False,0.0,True,1449,4770
2,2,0.0,0.0,uniform,0,uniform,0.5,fixed,stage1,,,6,0.00018359115920674185,0.008319209640224775,0.010923255672301468,0.005461627836150652,0.5,True,False,1.986821492570845e-08,True,1707,5565
2,2,0.0,0.0,uniform,0,uniform,0.5,fixed,stage1,,,7,0.00040937873810165115,0.00825568102300167,0.004966755877202134,0.002483377938601039,0.5,True,False,-6.352861722310442e-05,True,2058,6360
2,2,0.0,0.0,uniform,0,uniform,0.5,fixed,stage1,,,8,0.00018353634036660793,0.00831918977200985,0.002978095019547374,0.0014890475097737443,0.5,True,False,6.350874900817871e-05,True,2262,7155
2,2,0.0,0.0,uniform,0,uniform,0.5,fixed,stage1,,,9,0.00042477899088133597,0.008259089663624763,0.0010208650940427624,0.000510432547021409,0.5,True,False,-6.010010838508606e-05,True,2676,7950
2,2,0.0,0.0,uniform,0,uniform,0.5,fixed,stage1,,,10,0.0001834965989777615,0.00831918977200985,0.0009786149627522209,0.0004893074813761104,0.5,True,False,6.010010838508606e-05,True,2910,8745
2,2,0.0,0.0,uniform,0,uniform,1.0,fixed,stage1,,,0,0.00018353634036660793,0.00831918977200985,0.6990789929081749,0.6990789929081749,1.0,True,False,,True,240,795
2,2,0.0,0.0,uniform,0,uniform,1.0,fixed,stage1,,,1,0.0001834965989777615,0.00831918977200985,0.0,0.0,1.0,True,False,0.0,True,444,1590
3,2,0.0,0.0,uniform,0,uniform,0.0,fixed,stage1,,,0,0.005014975842373204,0.02739337335030238,0.6533333333333333,0.0,0.0,False,False,,True,222,444
3,2,0.0,0.0,uniform,0,uniform,0.3,fixed,stage1,,,0,0.005014975842373204,0.02739337335030238,0.6533333333333333,0.19600000000000006,0.3,True,False,,True,222,444
3,2,0.0,0.0,uniform,0,uniform,0.3,fixed,stage1,,,1,0.0058951423670805525,0.027640844384829204,0.4573333333333332,0.13719999999999996,0.3,True,False,0.00024747103452682495,True,345,888
3,2,0.0,0.0,uniform,0,uniform,0.3,fixed,stage1,,,2,0.0062312220458338174,0.027720389266808827,0.3201333333333334,0.09604,0.3,True,False,7.954488197962212e-05,True,588,1332
3,2,0.0,0.0,uniform,0,uniform,0.3,fixed,stage1,,,3,0.0066506917681827815,0.027847458918889362,0.2861561891473343,0.08584685674420035,0.3,True,False,0.0001270696520805359,True,792,1776
3,2,0.0,0.0,uniform,0,uniform,0.3,fixed,stage1,,,4,0.006556483443125316,0.02781488746404648,0.1612088793791301,0.04836266381373912,0.3,True,False,-3.257145484288418e-05,True,933,2220
3,2,0.0,0.0,uniform,0,uniform,0.3,fixed,stage1,,,5,0.00668229928677988,0.027843914926052094,0.14701578326287207,0.044104734978861714,0.3,True,False,2.9027462005615234e-05,True,1047,2664
3,2,0.0,0.0,uniform,0,uniform,0.3,fixed,stage1,,,6,0.006739977281927878,0.02785933514436086,0.12589032102906164,0.03776709630871852,0.3,True,False,1.5420218308765526e-05,True,1224,3108
3,2,0.0,0.0,uniform,0,uniform,0.3,fixed,stage1,,,7,0.00676516924837145,0.027866239349047344,0.09984542875186375,0.02995362862555908,0.3,True,False,6.90420468648506e-06,True,1404,3552
3,2,0.0,0.0,uniform,0,uniform,0.3,fixed,stage1,,,8,0.006769705750102162,0.027872174978256226,0.08080817669240196,0.024242453007720596,0.3,True,False,5.935629208881493e-06,True,1542,3996
3,2,0.0,0.0,uniform,0,uniform,0.3,fixed,stage1,,,9,0.006784184207978328,0.027871708075205486,0.055676685572786475,0.016703005671835868,0.3,True,False,-4.669030507394034e-07,True,1692,4440
3,2,0.0,0.0,uniform,0,uniform,0.3,fixed,stage1,,,10,0.006790372719031268,0.027873399357000988,0.0422198386479569,0.012665951594387066,0.3,True,False,1.691281795501709e-06,True,1827,4884
3,2,0.0,0.0,uniform,0,uniform,0.3,fixed,stage1,,,11,0.006794778704804827,0.027874377866586048,0.03146495648194182,0.009439486944582569,0.3,True,False,9.785095850603498e-07,True,1995,5328
3,2,0.0,0.0,uniform,0,uniform,0.3,fixed,stage1,,,12,0.006791234687955949,0.027876968185106914,0.027205237556594344,0.008161571266978288,0.3,True,False,2.590318520866164e-06,True,2112,5772
3,2,0.0,0.0,uniform,0,uniform,0.3,fixed,stage1,,,13,0.006786727991837438,0.027878915270169575,0.023056915150568614,0.006917074545170557,0.3,True,False,1.9470850626604475e-06,True,2229,6216
3,2,0.0,0.0,uniform,0,uniform,0.3,fixed,stage1,,,14,0.006785638613546752,0.02787943184375763,0.017222420625068655,0.005166726187520662,0.3,True,False,5.165735880545419e-07,True,2346,6660
3,2,0.0,0.0,uniform,0,uniform,0.3,fixed,stage1,,,15,0.006784687685296831,0.02787988136212031,0.013003956037084808,0.0039011868111254646,0.3,True,False,4.4951836268222745e-07,True,2463,7104
3,2,0.0,0.0,uniform,0,uniform,0.3,fixed,stage1,,,16,0.006784133871406084,0.027880147099494934,0.009666084051188985,0.002899825215356735,0.3,True,False,2.6573737462246005e-07,True,2580,7548
3,2,0.0,0.0,uniform,0,uniform,0.3,fixed,stage1,,,17,0.0067836854678713365,0.027880358199278515,0.007215212365667845,0.002164563709700337,0.3,True,False,2.1109978358066495e-07,True,2697,7992
3,2,0.0,0.0,uniform,0,uniform,0.3,fixed,stage1,,,18,0.0067834626847655954,0.027880482375621796,0.005315345498574168,0.0015946036495722996,0.3,True,False,1.2417634328090732e-07,True,2814,8436
3,2,0.0,0.0,uniform,0,uniform,0.3,fixed,stage1,,,19,0.006783324230775989,0.02788055936495463,0.003885080158461479,0.0011655240475384387,0.3,True,False,7.698933283603604e-08,True,2931,8880
3,2,0.0,0.0,uniform,0,uniform,0.5,fixed,stage1,,,0,0.005014975842373204,0.02739337335030238,0.6533333333333333,0.32666666666666677,0.5,True,False,,True,222,444
3,2,0.0,0.0,uniform,0,uniform,0.5,fixed,stage1,,,1,0.006183443298123592,0.02771354963382085,0.32666666666666666,0.16333333333333327,0.5,True,False,0.000320176283518471,True,396,888
3,2,0.0,0.0,uniform,0,uniform,0.5,fixed,stage1,,,2,0.0066346193701321,0.02783053865035375,0.22311887927544194,0.11155943963772103,0.5,True,False,0.00011698901653289795,True,558,1332
3,2,0.0,0.0,uniform,0,uniform,0.5,fixed,stage1,,,3,0.0067791228558711225,0.027870746950308483,0.17147859849076907,0.08573929924538456,0.5,True,False,4.020829995473457e-05,True,708,1776
3,2,0.0,0.0,uniform,0,uniform,0.5,fixed,stage1,,,4,0.0067752518016135355,0.027870550751686096,0.08537188769369006,0.04268594384684511,0.5,True,False,-1.961986223868173e-07,True,855,2220
3,2,0.0,0.0,uniform,0,uniform,0.5,fixed,stage1,,,5,0.0067890555300742506,0.027873851358890533,0.04899255826766298,0.02449627913383149,0.5,True,False,3.300607204437256e-06,True,990,2664
3,2,0.0,0.0,uniform,0,uniform,0.5,fixed,stage1,,,6,0.006792585554229902,0.027876401940981548,0.029559812973641224,0.014779906486820584,0.5,True,False,2.550582091014747e-06,True,1107,3108
3,2,0.0,0.0,uniform,0,uniform,0.5,fixed,stage1,,,7,0.006782399045095033,0.0278807133436203,0.023742068803451633,0.011871034401725761,0.5,True,False,4.311402638752099e-06,True,1224,3552
3,2,0.0,0.0,uniform,0,uniform,0.5,fixed,stage1,,,8,0.006785788421140637,0.02787948151429494,0.00925676708185474,0.004628383540927287,0.5,True,False,-1.2318293253592294e-06,True,1341,3996
3,2,0.0,0.0,uniform,0,uniform,0.5,fixed,stage1,,,9,0.006782761901604317,0.027880720794200897,0.0072585974133509675,0.0036292987066754556,0.5,True,False,1.2392799059561532e-06,True,1458,4440
3,2,0.0,0.0,uniform,0,uniform,0.5,fixed,stage1,,,10,0.006783378355457614,0.027880549430847168,0.0032629400052011223,0.0016314700026005893,0.5,True,False,-1.7136335372924805e-07,True,1575,4884
3,2,0.0,0.0,uniform,0,uniform,0.5,fixed,stage1,,,11,0.006783197736696778,0.0278806338707606,0.0018118869777225882,0.0009059434888613214,0.5,True,False,8.443991343295987e-08,True,1692,5328
3,2,0.0,0.0,uniform,0,uniform,0.5,fixed,stage1,,,12,0.006783188614306823,0.02788066367308299,0.0009696699618152622,0.000484834980907658,0.5,True,False,2.9802322387695312e-08,True,1809,5772
3,2,0.0,0.0,uniform,0,uniform,1.0,fixed,stage1,,,0,0.005014975842373204,0.02739337335030238,0.6533333333333333,0.6533333333333333,1.0,True,False,,True,222,444
3,2,0.0,0.0,uniform,0,uniform,1.0,fixed,stage1,,,1,0.016384718371085683,0.03044891854127248,,0.0,1.0,False,False,0.0030555451909701006,False,405,888
4,2,0.0,0.0,uniform,0,uniform,0.0,fixed,stage1,,,0,0.019435003960637687,0.016787951191266377,0.687326377398064,0.0,0.0,False,False,,True,213,183
4,2,0.0,0.0,uniform,0,uniform,0.3,fixed,stage1,,,0,0.019435003960637687,0.016787951191266377,0.687326377398064,0.20619791321941924,0.3,True,False,,True,213,183
4,2,0.0,0.0,uniform,0,uniform,0.3,fixed,stage1,,,1,0.01944435689392776,0.016804620623588562,0.4813692544230392,0.1444107763269118,0.3,True,False,1.66694323221854e-05,True,348,366
4,2,0.0,0.0,uniform,0,uniform,0.3,fixed,stage1,,,2,0.04606470796590045,0.02435345947742462,0.40040500451889954,0.12012150135566986,0.3,True,False,0.00754883885383606,True,507,549
4,2,0.0,0.0,uniform,0,uniform,0.3,fixed,stage1,,,3,0.04695391642976077,0.024223268032073975,0.27940673245923914,0.08382201973777176,0.3,True,False,-0.00013019144535064697,True,765,732
4,2,0.0,0.0,uniform,0,uniform,0.3,fixed,stage1,,,4,0.04624762149762773,0.02432225892941157,0.1962510335760973,0.058875310072829215,0.3,True,False,9.899089733759678e-05,True,900,915
4,2,0.0,0.0,uniform,0,uniform,0.3,fixed,stage1,,,5,0.04590685028073693,0.024448367456595104,0.13822762001187894,0.041468286003563636,0.3,True,False,0.00012610852718353271,True,1005,1098
4,2,0.0,0.0,uniform,0,uniform,0.3,fixed,stage1,,,6,0.047258566241680455,0.0221150740981102,0.081531563985316,0.02445946919559478,0.3,True,False,-0.002333293358484905,True,1275,1281
4,2,0.0,0.0,uniform,0,uniform,0.3,fixed,stage1,,,7,0.045440093695880535,0.02422421673933665,0.07078802338760261,0.02123640701628076,0.3,True,False,0.0021091426412264518,True,1419,1464
4,2,0.0,0.0,uniform,0,uniform,0.3,fixed,stage1,,,8,0.04524529190332771,0.02413349101940791,0.048942747237782545,0.01468282417133468,0.3,True,False,-9.072571992874146e-05,True,1506,1647
4,2,0.0,0.0,uniform,0,uniform,0.3,fixed,stage1,,,9,0.04539922046975775,0.02429310480753581,0.03533227911772213,0.010599683735316699,0.3,True,False,0.00015961378812789917,True,1593,1830
4,2,0.0,0.0,uniform,0,uniform,0.3,fixed,stage1,,,10,0.045513216915900045,0.02441280831893285,0.025540392260742912,0.007662117678222825,0.3,True,False,0.00011970351139704155,True,1680,2013
4,2,0.0,0.0,uniform,0,uniform,0.3,fixed,stage1,,,11,0.045598217674388763,0.024502103527386982,0.018482874277813394,0.0055448622833440125,0.3,True,False,8.929520845413208e-05,True,1767,2196
4,2,0.0,0.0,uniform,0,uniform,0.3,fixed,stage1,,,12,0.045661810565128746,0.024568910400072735,0.01339147452652541,0.004017442357957578,0.3,True,False,6.680687268575264e-05,True,1854,2379
4,2,0.0,0.0,uniform,0,uniform,0.3,fixed,stage1,,,13,0.04570963896397018,0.024619127313296,0.009715524683862026,0.0029146574051586143,0.3,True,False,5.02169132232666e-05,True,1941,2562
4,2,0.0,0.0,uniform,0,uniform,0.3,fixed,stage1,,,14,0.04577954916638838,0.024381029109160107,0.00518655645271779,0.001555966935815365,0.3,True,False,-0.00023809820413589478,True,2184,2745
4,2,0.0,0.0,uniform,0,uniform,0.3,fixed,stage1,,,15,0.04579417688069043,0.024388030171394348,0.0036778823202686635,0.0011033646960805828,0.3,True,False,7.001062234241601e-06,True,2409,2928
4,2,0.0,0.0,uniform,0,uniform,0.3,fixed,stage1,,,16,0.04582868042568222,0.024403666456540424,0.0026801801884097564,0.0008040540565228778,0.3,True,False,1.5636285146076317e-05,True,2643,3111
4,2,0.0,0.0,uniform,0,uniform,0.3,fixed,stage1,,,17,0.04574376953419268,0.024365149438381195,0.0016159412033037827,0.000484782360991122,0.3,True,False,-3.8517018159229394e-05,True,2835,3294
4,2,0.0,0.0,uniform,0,uniform,0.3,fixed,stage1,,,18,0.04575700184027198,0.024371159573396046,0.0011717366960518373,0.00035152100881558415,0.3,True,False,6.0101350148507315e-06,True,3093,3477
4,2,0.0,0.0,uniform,0,uniform,0.3,fixed,stage1,,,19,0.04574438559345495,0.02436490108569463,0.00077796122959925,0.00023338836887973075,0.3,True,False,-6.258487701416016e-06,True,3357,3660
4,2,0.0,0.0,uniform,0,uniform,0.5,fixed,stage1,,,0,0.019435003960637687,0.016787951191266377,0.687326377398064,0.343663188699032,0.5,True,False,,True,213,183
4,2,0.0,0.0,uniform,0,uniform,0.5,fixed,stage1,,,1,0.04606500851855344,0.02435288081566493,0.40734660035197123,0.20367330017598562,0.5,True,False,0.007564929624398552,True,411,366
4,2,0.0,0.0,uniform,0,uniform,0.5,fixed,stage1,,,2,0.046399259348287814,0.024489738047122955,0.20459886711166747,0.10229943355583379,0.5,True,False,0.000136857231458027,True,525,549
4,2,0.0,0.0,uniform,0,uniform,0.5,fixed,stage1,,,3,0.04563272911025251,0.02431356410185496,0.1011087117587873,0.05055435587939357,0.5,True,False,-0.00017617394526799404,True,648,732
4,2,0.0,0.0,uniform,0,uniform,0.5,fixed,stage1,,,4,0.04530565072251136,0.024194863935311634,0.0497558396840035,0.02487791984200183,0.5,True,False,-0.0001187001665433271,True,735,915
4,2,0.0,0.0,uniform,0,uniform,0.5,fixed,stage1,,,5,0.04553452342330999,0.024435197313626606,0.026497814767560367,0.01324890738378024,0.5,True,False,0.00024033337831497192,True,822,1098
4,2,0.0,0.0,uniform,0,uniform,0.5,fixed,stage1,,,6,0.04566674408683724,0.024574071168899536,0.01419060957860594,0.007095304789302915,0.5,True,False,0.00013887385527293003,True,909,1281
4,2,0.0,0.0,uniform,0,uniform,0.5,fixed,stage1,,,7,0.045775816007775916,0.024381592869758606,0.005791224550137686,0.002895612275068871,0.5,True,False,-0.00019247829914093018,True,1077,1464
4,2,0.0,0.0,uniform,0,uniform,0.5,fixed,stage1,,,8,0.04582167531435033,0.024400311211744945,0.0030220822022455013,0.0015110411011227502,0.5,True,False,1.8718341986339454e-05,True,1365,1647
4,2,0.0,0.0,uniform,0,uniform,0.5,fixed,stage1,,,9,0.045834825153491465,0.02441026270389557,0.0015783087488020322,0.0007891543744010156,0.5,True,False,9.951492150623437e-06,True,1596,1830
4,2,0.0,0.0,uniform,0,uniform,0.5,fixed,stage1,,,10,0.045740213994648116,0.024362968901793163,0.0006635390305857946,0.00033176951529289775,0.5,True,False,-4.729380210240566e-05,True,1854,2013
4,2,0.0,0.0,uniform,0,uniform,1.0,fixed,stage1,,,0,0.019435003960637687,0.016787951191266377,0.687326377398064,0.687326377398064,1.0,True,False,,True,213,183
4,2,0.0,0.0,uniform,0,uniform,1.0,fixed,stage1,,,1,0.04608277821684226,0.02463063100973765,0.06556606671145526,0.06556606671145526,1.0,True,False,0.007842679818471275,True,318,366
4,2,0.0,0.0,uniform,0,uniform,1.0,fixed,stage1,,,2,0.04575856775201004,0.024371417860190075,0.001757524789145648,0.001757524789145648,1.0,True,False,-0.0002592131495475769,True,567,549
4,2,0.0,0.0,uniform,0,uniform,1.0,fixed,stage1,,,3,0.04575707265140139,0.0243709534406662,3.135863806846828e-06,3.135863806846828e-06,1.0,True,False,-4.644195238760751e-07,True,798,732
5,2,0.0,0.0,uniform,0,uniform,0.0,fixed,stage1,,,0,0.020118267428521186,0.020471783354878426,1.1156126879870334,0.0,0.0,False,False,,True,219,894
5,2,0.0,0.0,uniform,0,uniform,0.3,fixed,stage1,,,0,0.020118267428521186,0.020471783354878426,1.1156126879870334,0.33468380639611006,0.3,True,False,,True,219,894
5,2,0.0,0.0,uniform,0,uniform,0.3,fixed,stage1,,,1,0.0206872425988065,0.020736174657940865,0.7859657838553276,0.2357897351565982,0.3,True,False,0.00026439130306243896,True,405,1788
5,2,0.0,0.0,uniform,0,uniform,0.3,fixed,stage1,,,2,0.0205560313734523,0.020673242087165516,0.5489713006623713,0.16469139019871137,0.3,True,False,-6.293257077534878e-05,True,537,2682
5,2,0.0,0.0,uniform,0,uniform,0.3,fixed,stage1,,,3,0.0206872425988065,0.020736174657940865,0.38548465850001795,0.11564539755000543,0.3,True,False,6.293257077534878e-05,True,744,3576
5,2,0.0,0.0,uniform,0,uniform,0.3,fixed,stage1,,,4,0.0206872425988065,0.020736174657940865,0.26983926095001254,0.08095177828500368,0.3,True,False,0.0,True,954,4470
5,2,0.0,0.0,uniform,0,uniform,0.3,fixed,stage1,,,5,0.0206872425988065,0.020736174657940865,0.18888748266500882,0.05666624479950261,0.3,True,False,0.0,True,1152,5364
5,2,0.0,0.0,uniform,0,uniform,0.3,fixed,stage1,,,6,0.0206872425988065,0.020736174657940865,0.1322212378655062,0.039666371359651946,0.3,True,False,0.0,True,1380,6258
5,2,0.0,0.0,uniform,0,uniform,0.3,fixed,stage1,,,7,0.0206872425988065,0.020736174657940865,0.09255486650585429,0.02776645995175625,0.3,True,False,0.0,True,1569,7152
5,2,0.0,0.0,uniform,0,uniform,0.3,fixed,stage1,,,8,0.0206872425988065,0.020736174657940865,0.06478840655409804,0.019436521966229393,0.3,True,False,0.0,True,1818,8046
5,2,0.0,0.0,uniform,0,uniform,0.3,fixed,stage1,,,9,0.0206872425988065,0.020736174657940865,0.04535188458786864,0.01360556537636064,0.3,True,False,0.0,True,2049,8940
5,2,0.0,0.0,uniform,0,uniform,0.3,fixed,stage1,,,10,0.0206872425988065,0.020736174657940865,0.031746319211508,0.009523895763452337,0.3,True,False,0.0,True,2256,9834
5,2,0.0,0.0,uniform,0,uniform,0.3,fixed,stage1,,,11,0.0206872425988065,0.020736174657940865,0.02222242344805566,0.006666727034416809,0.3,True,False,0.0,True,2475,10728
5,2,0.0,0.0,uniform,0,uniform,0.3,fixed,stage1,,,12,0.0206872425988065,0.020736174657940865,0.015555696413638853,0.004666708924091609,0.3,True,False,0.0,True,2667,11622
5,2,0.0,0.0,uniform,0,uniform,0.3,fixed,stage1,,,13,0.0206872425988065,0.020736174657940865,0.010888987489547242,0.0032666962468641675,0.3,True,False,0.0,True,2871,12516
5,2,0.0,0.0,uniform,0,uniform,0.3,fixed,stage1,,,14,0.0206872425988065,0.020736174657940865,0.007622291242683076,0.002286687372804923,0.3,True,False,0.0,True,3087,13410
5,2,0.0,0.0,uniform,0,uniform,0.3,fixed,stage1,,,15,0.0206872425988065,0.020736174657940865,0.0053356038698781525,0.0016006811609635303,0.3,True,False,0.0,True,3285,14304
5,2,0.0,0.0,uniform,0,uniform,0.3,fixed,stage1,,,16,0.0206872425988065,0.020736174657940865,0.003734922708914622,0.0011204768126743345,0.3,True,False,0.0,True,3492,15198
5,2,0.0,0.0,uniform,0,uniform,0.3,fixed,stage1,,,17,0.0206872425988065,0.020736174657940865,0.0026144458962402877,0.000784333768872051,0.3,True,False,0.0,True,3684,16092
5,2,0.0,0.0,uniform,0,uniform,0.3,fixed,stage1,,,18,0.0206872425988065,0.020736174657940865,0.0018301121273682367,0.0005490336382105174,0.3,True,False,0.0,True,3873,16986
5,2,0.0,0.0,uniform,0,uniform,0.3,fixed,stage1,,,19,0.0206872425988065,0.020736174657940865,0.0012810784891577193,0.00038432354674732515,0.3,True,False,0.0,True,4059,17880
5,2,0.0,0.0,uniform,0,uniform,0.5,fixed,stage1,,,0,0.020118267428521186,0.020471783354878426,1.1156126879870334,0.5578063439935167,0.5,True,False,,True,219,894
5,2,0.0,0.0,uniform,0,uniform,0.5,fixed,stage1,,,1,0.0206872425988065,0.020736174657940865,0.5628432462579209,0.28142162312896046,0.5,True,False,0.00026439130306243896,True,408,1788
5,2,0.0,0.0,uniform,0,uniform,0.5,fixed,stage1,,,2,0.0206872425988065,0.020736174657940865,0.28142162312896035,0.1407108115644802,0.5,True,False,0.0,True,621,2682
5,2,0.0,0.0,uniform,0,uniform,0.5,fixed,stage1,,,3,0.0206872425988065,0.020736174657940865,0.14071081156448018,0.07035540578224014,0.5,True,False,0.0,True,885,3576
5,2,0.0,0.0,uniform,0,uniform,0.5,fixed,stage1,,,4,0.0206872425988065,0.020736174657940865,0.07035540578224003,0.035177702891120016,0.5,True,False,0.0,True,1107,4470
5,2,0.0,0.0,uniform,0,uniform,0.5,fixed,stage1,,,5,0.0206872425988065,0.020736174657940865,0.035177702891120016,0.017588851445560015,0.5,True,False,0.0,True,1344,5364
5,2,0.0,0.0,uniform,0,uniform,0.5,fixed,stage1,,,6,0.0206872425988065,0.020736174657940865,0.01758885144556,0.008794425722779945,0.5,True,False,0.0,True,1581,6258
5,2,0.0,0.0,uniform,0,uniform,0.5,fixed,stage1,,,7,0.0206872425988065,0.020736174657940865,0.008794425722780056,0.004397212861390035,0.5,True,False,0.0,True,1782,7152
5,2,0.0,0.0,uniform,0,uniform,0.5,fixed,stage1,,,8,0.0206872425988065,0.020736174657940865,0.00439721286139002,0.002198606430695065,0.5,True,False,0.0,True,1980,8046
5,2,0.0,0.0,uniform,0,uniform,0.5,fixed,stage1,,,9,0.0206872425988065,0.020736174657940865,0.002198606430694955,0.001099303215347484,0.5,True,False,0.0,True,2160,8940
5,2,0.0,0.0,uniform,0,uniform,0.5,fixed,stage1,,,10,0.0206872425988065,0.020736174657940865,0.001099303215347471,0.0005496516076737359,0.5,True,False,0.0,True,2358,9834
5,2,0.0,0.0,uniform,0,uniform,0.5,fixed,stage1,,,11,0.0206872425988065,0.020736174657940865,0.0005496516076737351,0.00027482580383690874,0.5,True,False,0.0,True,2562,10728
5,2,0.0,0.0,uniform,0,uniform,1.0,fixed,stage1,,,0,0.020118267428521186,0.020471783354878426,1.1156126879870334,1.1156126879870334,1.0,True,False,,True,219,894
5,2,0.0,0.0,uniform,0,uniform,1.0,fixed,stage1,,,1,0.0206872425988065,0.020736174657940865,0.005036902264404147,0.005036902264404147,1.0,True,False,0.00026439130306243896,True,438,1788
5,2,0.0,0.0,uniform,0,uniform,1.0,fixed,stage1,,,2,0.0206872425988065,0.020736174657940865,0.0,0.0,1.0,True,False,0.0,True,645,2682
6,2,0.0,0.0,uniform,0,uniform,0.0,fixed,stage1,,,0,0.004461738390917347,0.01571028120815754,1.2513562876508058,0.0,0.0,False,False,,True,264,948
6,2,0.0,0.0,uniform,0,uniform,0.3,fixed,stage1,,,0,0.004461738390917347,0.01571028120815754,1.2513562876508058,0.37540688629524177,0.3,True,False,,True,264,948
6,2,0.0,0.0,uniform,0,uniform,0.3,fixed,stage1,,,1,0.047962010897059315,0.031126756221055984,0.9312597803714249,0.27937793411142753,0.3,True,False,0.015416475012898445,True,474,1896
6,2,0.0,0.0,uniform,0,uniform,0.3,fixed,stage1,,,2,0.0485510257626629,0.03159612541397413,0.6518818462599975,0.1955645538779992,0.3,True,False,0.000469369192918144,True,729,2844
6,2,0.0,0.0,uniform,0,uniform,0.3,fixed,stage1,,,3,0.05006807850232775,0.03293784335255623,0.4563172923819982,0.13689518771459944,0.3,True,False,0.0013417179385821001,True,840,3792
6,2,0.0,0.0,uniform,0,uniform,0.3,fixed,stage1,,,4,0.04933415616699577,0.032238839815060295,0.3194221046673988,0.09582663140021971,0.3,True,False,-0.0006990035374959333,True,972,4740
6,2,0.0,0.0,uniform,0,uniform,0.3,fixed,stage1,,,5,0.04887238096384294,0.03185680011908213,0.22359547326717905,0.06707864198015359,0.3,True,False,-0.00038203969597816467,True,1098,5688
6,2,0.0,0.0,uniform,0,uniform,0.3,fixed,stage1,,,6,0.04793195291154717,0.031102074931065243,0.15651683128702545,0.04695504938610767,0.3,True,False,-0.000754725188016888,True,1332,6636
6,2,0.0,0.0,uniform,0,uniform,0.3,fixed,stage1,,,7,0.04793191833622856,0.031102002908786137,0.10956178190091778,0.032868534570275304,0.3,True,False,-7.202227910590997e-08,True,1575,7584
6,2,0.0,0.0,uniform,0,uniform,0.3,fixed,stage1,,,8,0.047932009081929294,0.03110208734869957,0.07669324733064248,0.0230079741991928,0.3,True,False,8.443991343295987e-08,True,1803,8532
6,2,0.0,0.0,uniform,0,uniform,0.3,fixed,stage1,,,9,0.0479318211003843,0.031101913501818974,0.05368527313144968,0.016105581939434906,0.3,True,False,-1.738468805960458e-07,True,2031,9480
6,2,0.0,0.0,uniform,0,uniform,0.3,fixed,stage1,,,10,0.04793189025103928,0.03110198552409808,0.03757969119201478,0.011273907357604458,0.3,True,False,7.202227910590997e-08,True,2262,10428
6,2,0.0,0.0,uniform,0,uniform,0.3,fixed,stage1,,,11,0.04793186541090044,0.031101960688829422,0.02630578383441032,0.007891735150323131,0.3,True,False,-2.4835268657569243e-08,True,2454,11376
6,2,0.0,0.0,uniform,0,uniform,0.3,fixed,stage1,,,12,0.047931949666484286,0.031102022777001064,0.018414048684087192,0.005524214605226145,0.3,True,False,6.208817164218838e-08,True,2673,12324
6,2,0.0,0.0,uniform,0,uniform,0.3,fixed,stage1,,,13,0.047932009081929294,0.03110208734869957,0.012889834078861045,0.0038669502236582266,0.3,True,False,6.45716985055167e-08,True,2880,13272
6,2,0.0,0.0,uniform,0,uniform,0.3,fixed,stage1,,,14,0.04793210307270179,0.031102186689774197,0.009022883855202819,0.002706865156560878,0.3,True,False,9.934107462680752e-08,True,3069,14220
6,2,0.0,0.0,uniform,0,uniform,0.3,fixed,stage1,,,15,0.0479321063177629,0.031102182964483898,0.006316018698641941,0.0018948056095926145,0.3,True,False,-3.725290298461914e-09,True,3264,15168
6,2,0.0,0.0,uniform,0,uniform,0.3,fixed,stage1,,,16,0.04793207498750718,0.0311021755139033,0.004421213089049326,0.0013263639267147532,0.3,True,False,-7.450580596923828e-09,True,3447,16116
6,2,0.0,0.0,uniform,0,uniform,0.3,fixed,stage1,,,17,0.047932015572055064,0.031102098524570465,0.003094849162334573,0.0009284547487003287,0.3,True,False,-7.698933283603604e-08,True,3621,17064
6,2,0.0,0.0,uniform,0,uniform,0.3,fixed,stage1,,,18,0.04793189349609861,0.03110200787583987,0.0021663944136342443,0.0006499183240902401,0.3,True,False,-9.064873059475009e-08,True,3801,18012
6,2,0.0,0.0,uniform,0,uniform,0.3,fixed,stage1,,,19,0.04793189025103928,0.03110198552409808,0.0015164760895440043,0.0004549428268631915,0.3,True,False,-2.2351741790771484e-08,True,3993,18960
6,2,0.0,0.0,uniform,0,uniform,0.5,fixed,stage1,,,0,0.004461738390917347,0.01571028120815754,1.2513562876508058,0.6256781438254029,0.5,True,False,,True,264,948
6,2,0.0,0.0,uniform,0,uniform,0.5,fixed,stage1,,,1,0.048294164159695896,0.03139130771160126,0.6809885228412638,0.3404942614206319,0.5,True,False,0.015681026503443718,True,567,1896
6,2,0.0,0.0,uniform,0,uniform,0.5,fixed,stage1,,,2,0.04931264968564264,0.03220634659131368,0.3404942614206319,0.17024713071031594,0.5,True,False,0.000815038879712425,True,714,2844
6,2,0.0,0.0,uniform,0,uniform,0.5,fixed,stage1,,,3,0.047931977751671795,0.031102076172828674,0.17024713071031594,0.08512356535515803,0.5,True,False,-0.001104270418485008,True,933,3792
6,2,0.0,0.0,uniform,0,uniform,0.5,fixed,stage1,,,4,0.04793189025103928,0.03110198552409808,0.08512356535515792,0.0425617826775789,0.5,True,False,-9.064873059475009e-08,True,1146,4740
6,2,0.0,0.0,uniform,0,uniform,0.5,fixed,stage1,,,5,0.04793199610159249,0.031102101008097332,0.04256178267757901,0.02128089133878945,0.5,True,False,1.1548399925231934e-07,True,1374,5688
6,2,0.0,0.0,uniform,0,uniform,0.5,fixed,stage1,,,6,0.047931827590531384,0.031101949512958527,0.021280891338789562,0.010640445669394833,0.5,True,False,-1.5149513880527432e-07,True,1599,6636
6,2,0.0,0.0,uniform,0,uniform,0.5,fixed,stage1,,,7,0.04793197126151405,0.03110206623872121,0.010640445669394729,0.0053202228346973645,0.5,True,False,1.1672576268398349e-07,True,1797,7584
6,2,0.0,0.0,uniform,0,uniform,0.5,fixed,stage1,,,8,0.04793192482635078,0.031102026502291363,0.0053202228346973645,0.0026601114173487386,0.5,True,False,-3.973642984794745e-08,True,1983,8532
6,2,0.0,0.0,uniform,0,uniform,0.5,fixed,stage1,,,9,0.04793192482635078,0.031102026502291363,0.002660111417348626,0.001330055708674149,0.5,True,False,0.0,True,2157,9480
6,2,0.0,0.0,uniform,0,uniform,0.5,fixed,stage1,,,10,0.04793178003484755,0.031101891150077183,0.0013300557086744769,0.0006650278543372922,0.5,True,False,-1.353522141797625e-07,True,2340,10428
6,2,0.0,0.0,uniform,0,uniform,0.5,fixed,stage1,,,11,0.04793207498750718,0.0311021755139033,0.0006650278543371847,0.00033251392716859233,0.5,True,False,2.8436382611823907e-07,True,2511,11376
6,2,0.0,0.0,uniform,0,uniform,1.0,fixed,stage1,,,0,0.004461738390917347,0.01571028120815754,1.2513562876508058,1.2513562876508058,1.0,True,False,,True,264,948
6,2,0.0,0.0,uniform,0,uniform,1.0,fixed,stage1,,,1,0.04793189025103928,0.03110198552409808,0.05531037901586088,0.05531037901586088,1.0,True,False,0.01539170431594054,True,495,1896
6,2,0.0,0.0,uniform,0,uniform,1.0,fixed,stage1,,,2,0.04793198424180112,0.031102086106936138,0.0,0.0,1.0,True,False,1.0058283805847168e-07,True,678,2844
7,2,0.0,0.0,uniform,0,uniform,0.0,fixed,stage1,,,0,0.0011964693563868423,0.012479365492860476,0.6533333333333333,0.0,0.0,False,False,,True,228,183
7,2,0.0,0.0,uniform,0,uniform,0.3,fixed,stage1,,,0,0.0011964693563868423,0.012479365492860476,0.6533333333333333,0.19599999999999998,0.3,True,False,,True,228,183
7,2,0.0,0.0,uniform,0,uniform,0.3,fixed,stage1,,,1,0.0008430316193326348,0.0124911746631066,0.4573333333333333,0.13720000000000007,0.3,True,False,1.1809170246124268e-05,True,462,366
7,2,0.0,0.0,uniform,0,uniform,0.3,fixed,stage1,,,2,0.0013002657256073746,0.012499524280428886,0.32013333333333327,0.0960399999999999,0.3,True,False,8.349617322286548e-06,True,588,549
7,2,0.0,0.0,uniform,0,uniform,0.3,fixed,stage1,,,3,0.001338214203794763,0.012466369196772575,0.22409333333333342,0.06722800000000008,0.3,True,False,-3.3155083656311035e-05,True,732,732
7,2,0.0,0.0,uniform,0,uniform,0.3,fixed,stage1,,,4,0.001481486108145802,0.012499948963522911,0.15686533333333327,0.04705959999999994,0.3,True,False,3.357976675033569e-05,True,846,915
7,2,0.0,0.0,uniform,0,uniform,0.3,fixed,stage1,,,5,0.0013904354249660855,0.012463605031371117,0.10980573333333345,0.03294171999999998,0.3,True,False,-3.6343932151794434e-05,True,1092,1098
7,2,0.0,0.0,uniform,0,uniform,0.3,fixed,stage1,,,6,0.001806830583664265,0.012447109445929527,0.07686401333333341,0.02305920400000013,0.3,True,False,-1.6495585441589355e-05,True,1296,1281
7,2,0.0,0.0,uniform,0,uniform,0.3,fixed,stage1,,,7,0.00170345878302669,0.012449198092023531,0.053804809333333335,0.016141442799999933,0.3,True,False,2.088646094003735e-06,True,1524,1464
7,2,0.0,0.0,uniform,0,uniform,0.3,fixed,stage1,,,8,0.0017943372017015236,0.012465457742412886,0.0376633665333334,0.011299009959999946,0.3,True,False,1.625965038935459e-05,True,1644,1647
7,2,0.0,0.0,uniform,0,uniform,0.3,fixed,stage1,,,9,0.0016902542283077082,0.012449846292535463,0.0263643565733334,0.007909306971999992,0.3,True,False,-1.5611449877422218e-05,True,1803,1830
7,2,0.0,0.0,uniform,0,uniform,0.3,fixed,stage1,,,10,0.0016536493529031304,0.012452985470493635,0.018455049601333408,0.005536514880400094,0.3,True,False,3.1391779581717294e-06,True,1959,2013
7,2,0.0,0.0,uniform,0,uniform,0.3,fixed,stage1,,,11,0.0016222987168248437,0.012452918415268263,0.01291853472093326,0.0038755604162800054,0.3,True,False,-6.705522537231445e-08,True,2136,2196
7,2,0.0,0.0,uniform,0,uniform,0.3,fixed,stage1,,,12,0.0016026738043368738,0.012453847254316011,0.009042974304653308,0.002712892291395966,0.3,True,False,9.288390477486808e-07,True,2292,2379
7,2,0.0,0.0,uniform,0,uniform,0.3,fixed,stage1,,,13,0.0015890393967872285,0.012454443300763765,0.006330082013257343,0.0018990246039772406,0.3,True,False,5.960464477539062e-07,True,2490,2562
7,2,0.0,0.0,uniform,0,uniform,0.3,fixed,stage1,,,14,0.0015796189007986072,0.01245495987435182,0.004431057409280102,0.0013293172227839423,0.3,True,False,5.165735880545419e-07,True,2664,2745
7,2,0.0,0.0,uniform,0,uniform,0.3,fixed,stage1,,,15,0.0015727721144358497,0.012455198292930921,0.003101740186496271,0.0009305220559489204,0.3,True,False,2.384185791015625e-07,True,2862,2928
7,2,0.0,0.0,uniform,0,uniform,0.3,fixed,stage1,,,16,0.0015805440530698434,0.012460252270102501,0.002171218130547295,0.0006513654391640889,0.3,True,False,5.0539771715794185e-06,True,3006,3111
7,2,0.0,0.0,uniform,0,uniform,0.3,fixed,stage1,,,17,0.0015651629855071292,0.012455536052584648,0.0015198526913831507,0.00045595580741495095,0.3,True,False,-4.716217517852783e-06,True,3180,3294
7,2,0.0,0.0,uniform,0,uniform,0.3,fixed,stage1,,,18,0.0015627931898141156,0.012455650294820467,0.0010638968839682544,0.0003191690651904045,0.3,True,False,1.1424223581892046e-07,True,3378,3477
7,2,0.0,0.0,uniform,0,uniform,0.3,fixed,stage1,,,19,0.0015612992437752382,0.012455821658174196,0.0007447278187777398,0.000223418345633432,0.3,True,False,1.7136335372924805e-07,True,3549,3660
7,2,0.0,0.0,uniform,0,uniform,0.5,fixed,stage1,,,0,0.0011964693563868423,0.012479365492860476,0.6533333333333333,0.3266666666666667,0.5,True,False,,True,228,183
7,2,0.0,0.0,uniform,0,uniform,0.5,fixed,stage1,,,1,0.0012591949756171061,0.012486917898058891,0.32666666666666666,0.16333333333333333,0.5,True,False,7.552405198415699e-06,True,354,366
7,2,0.0,0.0,uniform,0,uniform,0.5,fixed,stage1,,,2,0.00146022507853516,0.012493576233585676,0.16333333333333333,0.08166666666666661,0.5,True,False,6.658335526784839e-06,True,468,549
7,2,0.0,0.0,uniform,0,uniform,0.5,fixed,stage1,,,3,0.0014118770778068779,0.012462542081872622,0.08166666666666672,0.04083333333333336,0.5,True,False,-3.103415171305454e-05,True,708,732
7,2,0.0,0.0,uniform,0,uniform,0.5,fixed,stage1,,,4,0.0018726565385520644,0.012487844253579775,0.04083333333333347,0.020416666666666708,0.5,True,False,2.530217170715332e-05,True,828,915
7,2,0.0,0.0,uniform,0,uniform,0.5,fixed,stage1,,,5,0.001662385861592952,0.012451065704226494,0.020416666666666704,0.010208333333333408,0.5,True,False,-3.677854935328108e-05,True,1026,1098
7,2,0.0,0.0,uniform,0,uniform,0.5,fixed,stage1,,,6,0.0016106099653221406,0.012453909342487654,0.010208333333333243,0.0051041666666666215,0.5,True,False,2.8436382611598393e-06,True,1185,1281
7,2,0.0,0.0,uniform,0,uniform,0.5,fixed,stage1,,,7,0.0015833742186153188,0.012454689169923464,0.005104166666666621,0.002552083333333283,0.5,True,False,7.798274358102042e-07,True,1377,1464
7,2,0.0,0.0,uniform,0,uniform,0.5,fixed,stage1,,,8,0.001591576741835965,0.012463572745521864,0.002552083333333282,0.0012760416666666406,0.5,True,False,8.883575598400001e-06,True,1521,1647
7,2,0.0,0.0,uniform,0,uniform,0.5,fixed,stage1,,,9,0.0015642573677698834,0.012455578272541365,0.0012760416666666415,0.0006380208333334305,0.5,True,False,-7.994472980499268e-06,True,1710,1830
7,2,0.0,0.0,uniform,0,uniform,0.5,fixed,stage1,,,10,0.0015607039033369574,0.012455744668841362,0.0006380208333332665,0.00031901041666663327,0.5,True,False,1.6639629999738725e-07,True,1893,2013
7,2,0.0,0.0,uniform,0,uniform,1.0,fixed,stage1,,,0,0.0011964693563868423,0.012479365492860476,0.6533333333333333,0.6533333333333333,1.0,True,False,,True,228,183
7,2,0.0,0.0,uniform,0,uniform,1.0,fixed,stage1,,,1,0.0016260509350320973,0.012481531128287315,8.760000167057358e-05,8.760000167057358e-05,1.0,True,False,2.165635426839771e-06,True,363,366
8,2,0.0,0.0,uniform,0,uniform,0.0,fixed,stage1,,,0,0.0007172738854874794,0.007523282741506894,0.40248835052879517,0.0,0.0,False,False,,True,453,372
8,2,0.0,0.0,uniform,0,uniform,0.3,fixed,stage1,,,0,0.0007172738854874794,0.007523282741506894,0.40248835052879517,0.1207465051586386,0.3,True,False,,True,453,372
8,2,0.0,0.0,uniform,0,uniform,0.3,fixed,stage1,,,1,0.004416012601005548,0.012722148870428404,0.33807283970663293,0.10142185191198988,0.3,True,False,0.00519886612892151,True,636,744
8,2,0.0,0.0,uniform,0,uniform,0.3,fixed,stage1,,,2,0.004416101194166799,0.012722148870428404,0.23665098779464303,0.07099529633839291,0.3,True,False,0.0,True,831,1116
8,2,0.0,0.0,uniform,0,uniform,0.3,fixed,stage1,,,3,0.004416100372264253,0.012722148870428404,0.16565569145625011,0.04969670743687504,0.3,True,False,0.0,True,1059,1488
8,2,0.0,0.0,uniform,0,uniform,0.3,fixed,stage1,,,4,0.004416100372264253,0.012722148870428404,0.11595898401937507,0.03478769520581251,0.3,True,False,0.0,True,1308,1860
8,2,0.0,0.0,uniform,0,uniform,0.3,fixed,stage1,,,5,0.0044159707701592055,0.012722143903374672,0.08117122746194912,0.024351368238584747,0.3,True,False,-4.967053731860793e-09,True,1554,2232
8,2,0.0,0.0,uniform,0,uniform,0.3,fixed,stage1,,,6,0.00441601506674516,0.01272213396926721,0.056819736520186764,0.01704592095605613,0.3,True,False,-9.934107461986863e-09,True,1767,2604
8,2,0.0,0.0,uniform,0,uniform,0.3,fixed,stage1,,,7,0.004416100372264253,0.012722148870428404,0.03977399961892168,0.011932199885676467,0.3,True,False,1.4901161193847656e-08,True,2001,2976
8,2,0.0,0.0,uniform,0,uniform,0.3,fixed,stage1,,,8,0.004415994151319325,0.012722119068106016,0.027841431623810697,0.008352429487143265,0.3,True,False,-2.9802322387695312e-08,True,2211,3348
8,2,0.0,0.0,uniform,0,uniform,0.3,fixed,stage1,,,9,0.004416100372264253,0.012722148870428404,0.01948937024610195,0.005846811073830588,0.3,True,False,2.9802322387695312e-08,True,2442,3720
8,2,0.0,0.0,uniform,0,uniform,0.3,fixed,stage1,,,10,0.004415992507498245,0.01272213893632094,0.013642436469060895,0.004092730940718228,0.3,True,False,-9.934107463721586e-09,True,2643,4092
8,2,0.0,0.0,uniform,0,uniform,0.3,fixed,stage1,,,11,0.004416057719504707,0.01272213893632094,0.009549705528342667,0.002864911658502889,0.3,True,False,0.0,True,2850,4464
8,2,0.0,0.0,uniform,0,uniform,0.3,fixed,stage1,,,12,0.004416101194166799,0.012722148870428404,0.006684916573050245,0.0020054749719151804,0.3,True,False,9.934107463721586e-09,True,3072,4836
8,2,0.0,0.0,uniform,0,uniform,0.3,fixed,stage1,,,13,0.004416057719504707,0.01272213893632094,0.0046793188979245975,0.0014037956693772752,0.3,True,False,-9.934107463721586e-09,True,3264,5208
8,2,0.0,0.0,uniform,0,uniform,0.3,fixed,stage1,,,14,0.00441601506674516,0.01272213396926721,0.0032754618769667426,0.0009826385630900963,0.3,True,False,-4.96705373012607e-09,True,3441,5580
8,2,0.0,0.0,uniform,0,uniform,0.3,fixed,stage1,,,15,0.004415994151319325,0.012722119068106016,0.0022926392592331757,0.0006877917777698972,0.3,True,False,-1.4901161193847656e-08,True,3642,5952
8,2,0.0,0.0,uniform,0,uniform,0.3,fixed,stage1,,,16,0.004416101194166799,0.012722148870428404,0.001605215590897796,0.00048156467726938323,0.3,True,False,2.9802322387695312e-08,True,3831,6324
8,2,0.0,0.0,uniform,0,uniform,0.3,fixed,stage1,,,17,0.00441601506674516,0.01272213396926721,0.0011234668588373659,0.0003370400576511168,0.3,True,False,-1.4901161193847656e-08,True,4026,6696
8,2,0.0,0.0,uniform,0,uniform,0.3,fixed,stage1,,,18,0.004415994151319325,0.012722119068106016,0.0007862427465427785,0.00023587282396285436,0.3,True,False,-1.4901161193847656e-08,True,4221,7068
8,2,0.0,0.0,uniform,0,uniform,0.5,fixed,stage1,,,0,0.0007172738854874794,0.007523282741506894,0.40248835052879517,0.20124417526439758,0.5,True,False,,True,453,372
8,2,0.0,0.0,uniform,0,uniform,0.5,fixed,stage1,,,1,0.004416100372264253,0.012722148870428404,0.2575751696008739,0.12878758480043695,0.5,True,False,0.00519886612892151,True,699,744
8,2,0.0,0.0,uniform,0,uniform,0.5,fixed,stage1,,,2,0.004415992507498245,0.01272213893632094,0.12878746209722652,0.06439373104861332,0.5,True,False,-9.934107463721586e-09,True,942,1116
8,2,0.0,0.0,uniform,0,uniform,0.5,fixed,stage1,,,3,0.00441601506674516,0.01272213396926721,0.06439366969703261,0.032196834848516306,0.5,True,False,-4.96705373012607e-09,True,1146,1488
8,2,0.0,0.0,uniform,0,uniform,0.5,fixed,stage1,,,4,0.00441601506674516,0.01272213396926721,0.032196834848516306,0.01609841742425809,0.5,True,False,0.0,True,1365,1860
8,2,0.0,0.0,uniform,0,uniform,0.5,fixed,stage1,,,5,0.004415994151319325,0.012722119068106016,0.016098233369614745,0.008049116684807442,0.5,True,False,-1.4901161193847656e-08,True,1575,2232
8,2,0.0,0.0,uniform,0,uniform,0.5,fixed,stage1,,,6,0.004416057719504707,0.01272213893632094,0.008049362091031353,0.0040246810455157045,0.5,True,False,1.9868214923973726e-08,True,1773,2604
8,2,0.0,0.0,uniform,0,uniform,0.5,fixed,stage1,,,7,0.004415994151319325,0.012722119068106016,0.004024435639291599,0.0020122178196457924,0.5,True,False,-1.9868214923973726e-08,True,1983,2976
8,2,0.0,0.0,uniform,0,uniform,0.5,fixed,stage1,,,8,0.004416057719504707,0.01272213893632094,0.0020124632258698566,0.0010062316129349769,0.5,True,False,1.9868214923973726e-08,True,2163,3348
8,2,0.0,0.0,uniform,0,uniform,0.5,fixed,stage1,,,9,0.00441601506674516,0.01272213396926721,0.0010061702613543,0.0005030851306771777,0.5,True,False,-4.96705373012607e-09,True,2358,3720
8,2,0.0,0.0,uniform,0,uniform,0.5,fixed,stage1,,,10,0.004415992507498245,0.01272213893632094,0.000503146482257702,0.00025157324112878854,0.5,True,False,4.96705373012607e-09,True,2553,4092
8,2,0.0,0.0,uniform,0,uniform,1.0,fixed,stage1,,,0,0.0007172738854874794,0.007523282741506894,0.40248835052879517,0.40248835052879517,1.0,True,False,,True,453,372
8,2,0.0,0.0,uniform,0,uniform,1.0,fixed,stage1,,,1,0.004416100372264253,0.012722148870428404,0.056330994336476314,0.056330994336476314,1.0,True,False,0.00519886612892151,True,696,744
8,2,0.0,0.0,uniform,0,uniform,1.0,fixed,stage1,,,2,0.004416101194166799,0.012722148870428404,0.0,0.0,1.0,True,False,0.0,True,879,1116
9,2,0.0,0.0,uniform,0,uniform,0.0,fixed,stage1,,,0,0.009792884123761364,0.006946942458550136,0.6003625705145359,0.0,0.0,False,False,,True,135,849
9,2,0.0,0.0,uniform,0,uniform,0.3,fixed,stage1,,,0,0.009792884123761364,0.006946942458550136,0.6003625705145359,0.1801087711543607,0.3,True,False,,True,135,849
9,2,0.0,0.0,uniform,0,uniform,0.3,fixed,stage1,,,1,0.010782382304594718,0.006896725545326869,0.4196204426150484,0.12588613278451463,0.3,True,False,-5.02169132232666e-05,True,276,1698
9,2,0.0,0.0,uniform,0,uniform,0.3,fixed,stage1,,,2,0.02184364184050163,0.005113304903109868,0.2720762347916057,0.08162287043748168,0.3,True,False,-0.001783420642217001,True,696,2547
9,2,0.0,0.0,uniform,0,uniform,0.3,fixed,stage1,,,3,0.01565533591909018,0.006569804002841313,0.2080206134931053,0.062406184047931634,0.3,True,False,0.0014564990997314453,True,936,3396
9,2,0.0,0.0,uniform,0,uniform,0.3,fixed,stage1,,,4,0.018139827980303218,0.006383442630370458,0.14330733481938165,0.042992200445814574,0.3,True,False,-0.0001863613724708557,True,1320,4245
9,2,0.0,0.0,uniform,0,uniform,0.3,fixed,stage1,,,5,0.018386067600713946,0.00626195843021075,0.09882079683408782,0.029646239050226092,0.3,True,False,-0.00012148420015970808,True,1491,5094
9,2,0.0,0.0,uniform,0,uniform,0.3,fixed,stage1,,,6,0.021816620375487084,0.005061473697423935,0.054802663695959514,0.016440799108787985,0.3,True,False,-0.0012004847327868147,True,1914,5943
9,2,0.0,0.0,uniform,0,uniform,0.3,fixed,stage1,,,7,0.01968129842788019,0.005437422543764114,0.042786984793955006,0.012836095438186562,0.3,True,False,0.00037594884634017944,True,2229,6792
9,2,0.0,0.0,uniform,0,uniform,0.3,fixed,stage1,,,8,0.021690475238496137,0.005012881010770798,0.024958714080604454,0.007487614224181288,0.3,True,False,-0.00042454153299331665,True,2496,7641
9,2,0.0,0.0,uniform,0,uniform,0.3,fixed,stage1,,,9,0.02008538991282549,0.005178383241097133,0.019407015535894363,0.005822104660768296,0.3,True,False,0.00016550223032633492,True,2817,8490
9,2,0.0,0.0,uniform,0,uniform,0.3,fixed,stage1,,,10,0.02159410660278909,0.004989543308814366,0.011377050264582508,0.003413115079374855,0.3,True,False,-0.00018883993228276628,True,3285,9339
9,2,0.0,0.0,uniform,0,uniform,0.3,fixed,stage1,,,11,0.021642947160981488,0.005000560233990352,0.008092279064211713,0.002427683719263607,0.3,True,False,1.1016925175985279e-05,True,3681,10188
9,2,0.0,0.0,uniform,0,uniform,0.3,fixed,stage1,,,12,0.0215076257453658,0.0049730949103832245,0.005344738818150695,0.001603421645445087,0.3,True,False,-2.746532360712716e-05,True,3900,11037
9,2,0.0,0.0,uniform,0,uniform,0.3,fixed,stage1,,,13,0.021423492858155105,0.004957699527343114,0.003562180257168479,0.0010686540771506353,0.3,True,False,-1.539538304011056e-05,True,4194,11886
9,2,0.0,0.0,uniform,0,uniform,0.3,fixed,stage1,,,14,0.021795926784474808,0.005057880034049352,0.0036612011178440013,0.0010983603353531476,0.3,True,False,0.00010018050670623779,True,4611,12735
9,2,0.0,0.0,uniform,0,uniform,0.3,fixed,stage1,,,15,0.02179045020591453,0.005051850030819575,0.002492422984475544,0.0007477268953426444,0.3,True,False,-6.03000322977644e-06,True,5052,13584
9,2,0.0,0.0,uniform,0,uniform,0.3,fixed,stage1,,,16,0.021758885420172704,0.005034120132525762,0.0015377474973072638,0.0004613242491921937,0.3,True,False,-1.7729898293813648e-05,True,5508,14433
9,2,0.0,0.0,uniform,0,uniform,0.3,fixed,stage1,,,17,0.022022178119843007,0.005234126001596451,0.0034195884239037397,0.0010258765271712253,0.3,True,False,0.00020000586907068917,True,5910,15282
9,2,0.0,0.0,uniform,0,uniform,0.3,fixed,stage1,,,18,0.02127736531599775,0.004935424774885178,0.0010987484098391592,0.00032962452295177275,0.3,True,False,-0.0002987012267112732,True,6276,16131
9,2,0.0,0.0,uniform,0,uniform,0.3,fixed,stage1,,,19,0.02182248991859858,0.005076173692941666,0.0008712743662377467,0.00026138230987130667,0.3,True,False,0.00014074891805648804,True,6666,16980
9,2,0.0,0.0,uniform,0,uniform,0.5,fixed,stage1,,,0,0.009792884123761364,0.006946942458550136,0.6003625705145359,0.30018128525726795,0.5,True,False,,True,135,849
9,2,0.0,0.0,uniform,0,uniform,0.5,fixed,stage1,,,1,0.021719164802726752,0.005212221294641495,0.2790500489631938,0.1395250244815969,0.5,True,False,-0.0017347211639086408,True,432,1698
9,2,0.0,0.0,uniform,0,uniform,0.5,fixed,stage1,,,2,0.021788414888818816,0.00504540279507637,0.13757108825164494,0.06878554412582252,0.5,True,False,-0.0001668184995651245,True,834,2547
9,2,0.0,0.0,uniform,0,uniform,0.5,fixed,stage1,,,3,0.021789465482891457,0.00505610927939415,0.06891055264260232,0.03445527632130119,0.5,True,False,1.0706484317779541e-05,True,1185,3396
9,2,0.0,0.0,uniform,0,uniform,0.5,fixed,stage1,,,4,0.019037232712776707,0.006177041679620743,0.047849753968141194,0.023924876984070573,0.5,True,False,0.001120932400226593,True,1404,4245
9,2,0.0,0.0,uniform,0,uniform,0.5,fixed,stage1,,,5,0.02157556100677635,0.004986717055241267,0.009721138644826932,0.004860569322413494,0.5,True,False,-0.0011903246243794756,True,1743,5094
9,2,0.0,0.0,uniform,0,uniform,0.5,fixed,stage1,,,6,0.02151598304188823,0.004973919441302617,0.004711569659114491,0.002355784829557242,0.5,True,False,-1.2797613938650074e-05,True,2088,5943
9,2,0.0,0.0,uniform,0,uniform,0.5,fixed,stage1,,,7,0.021782060608265992,0.0050433290501435595,0.003164829956217842,0.0015824149781089175,0.5,True,False,6.940960884094238e-05,True,2526,6792
9,2,0.0,0.0,uniform,0,uniform,0.5,fixed,stage1,,,8,0.02178796060679672,0.0050461577872435255,0.001615435177161527,0.0008077175885807947,0.5,True,False,2.8287370999659917e-06,True,3003,7641
9,2,0.0,0.0,uniform,0,uniform,0.5,fixed,stage1,,,9,0.021824977645892422,0.005100782960653305,0.001446105665837659,0.0007230528329188052,0.5,True,False,5.462517340977958e-05,True,3435,8490
9,2,0.0,0.0,uniform,0,uniform,0.5,fixed,stage1,,,10,0.021789136296615774,0.005046418557564418,8.770895014120761e-05,4.3854475070659316e-05,0.5,True,False,-5.4364403088887243e-05,True,3858,9339
9,2,0.0,0.0,uniform,0,uniform,1.0,fixed,stage1,,,0,0.009792884123761364,0.006946942458550136,0.6003625705145359,0.6003625705145359,1.0,True,False,,True,135,849
9,2,0.0,0.0,uniform,0,uniform,1.0,fixed,stage1,,,1,0.021055646344413703,0.004906404763460159,0.02470320915410091,0.02470320915410091,1.0,True,False,-0.0020405376950899763,True,417,1698
9,2,0.0,0.0,uniform,0,uniform,1.0,fixed,stage1,,,2,0.021840149594145132,0.0051072028776009875,0.0023403585768670826,0.0023403585768670826,1.0,True,False,0.00020079811414082816,True,834,2547
9,2,0.0,0.0,uniform,0,uniform,1.0,fixed,stage1,,,3,0.021788039420054292,0.005045911918083827,0.0007163786711047934,0.0007163786711047934,1.0,True,False,-6.129095951716047e-05,True,1185,3396
10,2,0.0,0.0,uniform,0,uniform,0.0,fixed,stage1,,,0,0.0023850733366685972,0.013845899452765783,0.24875922074375129,0.0,0.0,False,False,,True,186,57
10,2,0.0,0.0,uniform,0,uniform,0.3,fixed,stage1,,,0,0.0023850733366685972,0.013845899452765783,0.24875922074375129,0.07462776622312539,0.3,True,False,,True,186,57
10,2,0.0,0.0,uniform,0,uniform,0.3,fixed,stage1,,,1,0.0021943716333776564,0.013802015533049902,0.17098000927167073,0.05129400278150115,0.3,True,False,-4.388391971588135e-05,True,351,114
10,2,0.0,0.0,uniform,0,uniform,0.3,fixed,stage1,,,2,0.0021588884865795244,0.013799784084161123,0.11952789095387728,0.03585836728616315,0.3,True,False,-2.2314488887786865e-06,True,492,171
10,2,0.0,0.0,uniform,0,uniform,0.3,fixed,stage1,,,3,0.003237861642241935,0.013904991249243418,0.09135267250432252,0.027405801751296754,0.3,True,False,0.00010520716508229458,True,603,228
10,2,0.0,0.0,uniform,0,uniform,0.3,fixed,stage1,,,4,0.001346980445674717,0.013668686151504517,0.04731870821325948,0.01419561246397788,0.3,True,False,-0.0002363050977389012,True,900,285
10,2,0.0,0.0,uniform,0,uniform,0.3,fixed,stage1,,,5,0.002108158446405106,0.013773806393146515,0.04024225664944611,0.012072676994833859,0.3,True,False,0.00010512024164199829,True,1122,342
10,2,0.0,0.0,uniform,0,uniform,0.3,fixed,stage1,,,6,0.004696354154606119,0.01426739494005839,0.06827165088054565,0.02048149526416368,0.3,True,False,0.0004935885469118748,True,1236,399
10,2,0.0,0.0,uniform,0,uniform,0.3,fixed,stage1,,,7,0.0034678533606546935,0.013897006710370382,0.016597157845311516,0.004979147353593477,0.3,True,False,-0.00037038822968800747,True,1686,456
10,2,0.0,0.0,uniform,0,uniform,0.3,fixed,stage1,,,8,0.0036873472031757615,0.013907105972369513,0.012377308755446542,0.0037131926266339155,0.3,True,False,1.0099261999130249e-05,True,2139,513
10,2,0.0,0.0,uniform,0,uniform,0.3,fixed,stage1,,,9,0.0028107393252909674,0.013911465803782145,0.00899331655694291,0.002697994967082923,0.3,True,False,4.359831412632104e-06,True,2253,570
10,2,0.0,0.0,uniform,0,uniform,0.3,fixed,stage1,,,10,0.0033614252847007364,0.013914696872234344,0.006539844438725517,0.001961953331617694,0.3,True,False,3.2310684521998784e-06,True,2706,627
10,2,0.0,0.0,uniform,0,uniform,0.3,fixed,stage1,,,11,0.004362586216741349,0.013914120694001516,0.004534252187756105,0.0013602756563267648,0.3,True,False,-5.761782328281978e-07,True,3036,684
10,2,0.0,0.0,uniform,0,uniform,0.3,fixed,stage1,,,12,0.004368735250398714,0.01391136646270752,0.002965582068753636,0.0008896746206260575,0.3,True,False,-2.7542312939967534e-06,True,3465,741
10,2,0.0,0.0,uniform,0,uniform,0.3,fixed,stage1,,,13,0.0027158829281841435,0.013900231570005417,0.001236880445806221,0.00037106413374177194,0.3,True,False,-1.1134892702102661e-05,True,3582,798
10,2,0.0,0.0,uniform,0,uniform,0.3,fixed,stage1,,,14,0.002700106194978069,0.013905481745799383,0.001260730348745548,0.00037821910462371156,0.3,True,False,5.250175793966236e-06,True,3699,855
10,2,0.0,0.0,uniform,0,uniform,0.3,fixed,stage1,,,15,0.002684326256211289,0.013910536964734396,0.0012639286177260622,0.0003791785853178298,0.3,True,False,5.055218935012817e-06,True,3816,912
10,2,0.0,0.0,uniform,0,uniform,0.3,fixed,stage1,,,16,0.0026689033792166583,0.013915484150250753,0.0012591305877560077,0.0003777391763268023,0.3,True,False,4.947185516357422e-06,True,3933,969
10,2,0.0,0.0,uniform,0,uniform,0.3,fixed,stage1,,,17,0.002653334211231595,0.013920504599809647,0.0012624482156951555,0.0003787344647085966,0.3,True,False,5.020449558893261e-06,True,4050,1026
10,2,0.0,0.0,uniform,0,uniform,0.3,fixed,stage1,,,18,0.0026380119828885995,0.013925410807132721,0.001257206020765178,0.00037716180622951456,0.3,True,False,4.906207323074341e-06,True,4167,1083
10,2,0.0,0.0,uniform,0,uniform,0.3,fixed,stage1,,,19,0.002704595740689264,0.013890032966931662,0.0017888371358626698,0.0005366511407587926,0.3,True,False,-3.53778402010594e-05,True,4296,1140
10,2,0.0,0.0,uniform,0,uniform,0.5,fixed,stage1,,,0,0.0023850733366685972,0.013845899452765783,0.24875922074375129,0.12437961037187567,0.5,True,False,,True,186,57
10,2,0.0,0.0,uniform,0,uniform,0.5,fixed,stage1,,,1,0.0021585292991015415,0.013800037403901419,0.12108798901908929,0.060543994509544674,0.5,True,False,-4.5862048864364624e-05,True,327,114
10,2,0.0,0.0,uniform,0,uniform,0.5,fixed,stage1,,,2,0.001843148567434394,0.01371286561091741,0.054521733208634376,0.027260866604317202,0.5,True,False,-8.717179298400879e-05,True,501,171
10,2,0.0,0.0,uniform,0,uniform,0.5,fixed,stage1,,,3,0.0037720843457442754,0.013907870898644129,0.04116540330904003,0.020582701654519975,0.5,True,False,0.00019500528772671902,True,945,228
10,2,0.0,0.0,uniform,0,uniform,0.5,fixed,stage1,,,4,0.004307072910979315,0.013945882519086203,0.023483281181507193,0.011741640590753638,0.5,True,False,3.801162044207371e-05,True,1215,285
10,2,0.0,0.0,uniform,0,uniform,0.5,fixed,stage1,,,5,0.002817221514550994,0.013909382124741873,0.008955125267721686,0.004477562633860871,0.5,True,False,-3.6500394344329834e-05,True,1329,342
10,2,0.0,0.0,uniform,0,uniform,0.5,fixed,stage1,,,6,0.003490644099604978,0.014141415556271872,0.023299992992307533,0.011649996496153725,0.5,True,False,0.00023203343152999878,True,1551,399
10,2,0.0,0.0,uniform,0,uniform,0.5,fixed,stage1,,,7,0.0007874309710302896,0.013222662111123403,0.05022081197578904,0.02511040598789449,0.5,True,False,-0.000918753445148468,True,1818,456
10,2,0.0,0.0,uniform,0,uniform,0.5,fixed,stage1,,,8,0.003000527645082407,0.013934080799420675,0.019816841186108658,0.009908420593054357,0.5,True,False,0.0007114186882972717,True,1929,513
10,2,0.0,0.0,uniform,0,uniform,0.5,fixed,stage1,,,9,0.002767269654453841,0.013925439367691675,0.009247892766740012,0.004623946383370048,0.5,True,False,-8.641431728999976e-06,True,2043,570
10,2,0.0,0.0,uniform,0,uniform,0.5,fixed,stage1,,,10,0.0027583175151169037,0.013890177011489868,0.0019636408182859277,0.0009818204091429639,0.5,True,False,-3.526235620180708e-05,True,2175,627
10,2,0.0,0.0,uniform,0,uniform,0.5,fixed,stage1,,,11,0.0027371705619061437,0.01389310508966446,0.0012006063445283155,0.0006003031722642271,0.5,True,False,2.9280781745910645e-06,True,2292,684
10,2,0.0,0.0,uniform,0,uniform,0.5,fixed,stage1,,,12,0.0027115669071746673,0.013901653389135996,0.0012412107383343862,0.0006206053691671654,0.5,True,False,8.548299471536694e-06,True,2409,741
10,2,0.0,0.0,uniform,0,uniform,0.5,fixed,stage1,,,13,0.002685521334823804,0.013910159468650818,0.001261588513354367,0.0006307942566771418,0.5,True,False,8.506079514821949e-06,True,2526,798
10,2,0.0,0.0,uniform,0,uniform,0.5,fixed,stage1,,,14,0.0026593714545626312,0.013918562481800715,0.0012672093529735862,0.0006336046764867653,0.5,True,False,8.40301314989668e-06,True,2643,855
10,2,0.0,0.0,uniform,0,uniform,0.5,fixed,stage1,,,15,0.0026337410783292547,0.01392681027452151,0.0012613787749655714,0.0006306893874828134,0.5,True,False,8.247792720794678e-06,True,2760,912
10,2,0.0,0.0,uniform,0,uniform,0.5,fixed,stage1,,,16,0.0027098644110536974,0.013884875923395157,0.0025293095905293828,0.0012646547952646359,0.5,True,False,-4.193435112635237e-05,True,2904,969
10,2,0.0,0.0,uniform,0,uniform,0.5,fixed,stage1,,,17,0.0026593714545626312,0.013918562481800715,0.0012675700842686433,0.0006337850421343216,0.5,True,False,3.368655840555769e-05,True,3021,1026
10,2,0.0,0.0,uniform,0,uniform,0.5,fixed,stage1,,,18,0.0026337410783292547,0.01392681027452151,0.0012615591406130722,0.0006307795703065222,0.5,True,False,8.247792720794678e-06,True,3138,1083
10,2,0.0,0.0,uniform,0,uniform,0.5,fixed,stage1,,,19,0.0027098644110536974,0.013884875923395157,0.0025292194077055907,0.0012646097038527815,0.5,True,False,-4.193435112635237e-05,True,3282,1140
10,2,0.0,0.0,uniform,0,uniform,1.0,fixed,stage1,,,0,0.0023850733366685972,0.013845899452765783,0.24875922074375129,0.24875922074375129,1.0,True,False,,True,186,57
10,2,0.0,0.0,uniform,0,uniform,1.0,fixed,stage1,,,1,0.002786332519221446,0.013886908690134684,0.003018992844469881,0.003018992844469881,1.0,True,False,4.1009237368900414e-05,True,375,114
10,2,0.0,0.0,uniform,0,uniform,1.0,fixed,stage1,,,2,0.0027057830361165713,0.013903595507144928,0.0012495189013147223,0.0012495189013147223,1.0,True,False,1.6686817010244312e-05,True,492,171
10,2,0.0,0.0,uniform,0,uniform,1.0,fixed,stage1,,,3,0.002653837572282214,0.013920327027638754,0.0012653806443481963,0.0012653806443481963,1.0,True,False,1.6731520493825855e-05,True,609,228
10,2,0.0,0.0,uniform,0,uniform,1.0,fixed,stage1,,,4,0.0027080657468876446,0.013884909451007843,0.002663776411890445,0.002663776411890445,1.0,True,False,-3.5417576630910816e-05,True,786,285
10,2,0.0,0.0,uniform,0,uniform,1.0,fixed,stage1,,,5,0.0027119889298048427,0.013901535421609879,0.0012434646864598886,0.0012434646864598886,1.0,True,False,1.6625970602035522e-05,True,903,342
10,2,0.0,0.0,uniform,0,uniform,1.0,fixed,stage1,,,6,0.0026602546443212916,0.013918279359738031,0.001264770308094243,0.001264770308094243,1.0,True,False,1.6743938128152905e-05,True,1020,399
10,2,0.0,0.0,uniform,0,uniform,1.0,fixed,stage1,,,7,0.002710224005463502,0.013884834945201874,0.002513779797899851,0.002513779797899851,1.0,True,False,-3.3444414536157666e-05,True,1209,456
10,2,0.0,0.0,uniform,0,uniform,1.0,fixed,stage1,,,8,0.0027121350973109415,0.013901468366384506,0.0012439697134374872,0.0012439697134374872,1.0,True,False,1.6633421182632446e-05,True,1326,513
10,2,0.0,0.0,uniform,0,uniform,1.0,fixed,stage1,,,9,0.00266045949930227,0.013918216029802958,0.0012650025585450864,0.0012650025585450864,1.0,True,False,1.6747663418451367e-05,True,1443,570
10,2,0.0,0.0,uniform,0,uniform,1.0,fixed,stage1,,,10,0.0027100135290241134,0.013884976506233215,0.002498436936683973,0.002498436936683973,1.0,True,False,-3.323952356974226e-05,True,1626,627
10,2,0.0,0.0,uniform,0,uniform,1.0,fixed,stage1,,,11,0.002711755276975758,0.013901597509781519,0.0012431407932309568,0.0012431407932309568,1.0,True,False,1.662100354830366e-05,True,1743,684
10,2,0.0,0.0,uniform,0,uniform,1.0,fixed,stage1,,,12,0.002660040546643039,0.013918356349070867,0.00126594835761773,0.00126594835761773,1.0,True,False,1.6758839289348487e-05,True,1860,741
10,2,0.0,0.0,uniform,0,uniform,1.0,fixed,stage1,,,13,0.002710124729743413,0.0138848548134168,0.0025181458958153657,0.0025181458958153657,1.0,True,False,-3.350153565406799e-05,True,2049,798
10,2,0.0,0.0,uniform,0,uniform,1.0,fixed,stage1,,,14,0.0027121320165246487,0.013901464641094208,0.0012422111414196746,0.0012422111414196746,1.0,True,False,1.6609827677408276e-05,True,2166,855
10,2,0.0,0.0,uniform,0,uniform,1.0,fixed,stage1,,,15,0.00266045949930227,0.013918216029802958,0.0012652825402309775,0.0012652825402309775,1.0,True,False,1.675138870874983e-05,True,2283,912
10,2,0.0,0.0,uniform,0,uniform,1.0,fixed,stage1,,,16,0.0027100135290241134,0.013884976506233215,0.002498436936683973,0.002498436936683973,1.0,True,False,-3.323952356974226e-05,True,2466,969
10,2,0.0,0.0,uniform,0,uniform,1.0,fixed,stage1,,,17,0.002711755276975758,0.013901597509781519,0.0012431407932309568,0.0012431407932309568,1.0,True,False,1.662100354830366e-05,True,2583,1026
10,2,0.0,0.0,uniform,0,uniform,1.0,fixed,stage1,,,18,0.002660040546643039,0.013918356349070867,0.00126594835761773,0.00126594835761773,1.0,True,False,1.6758839289348487e-05,True,2700,1083
10,2,0.0,0.0,uniform,0,uniform,1.0,fixed,stage1,,,19,0.002710124729743413,0.0138848548134168,0.0025181458958153657,0.0025181458958153657,1.0,True,False,-3.350153565406799e-05,True,2889,1140
11,2,0.0,0.0,uniform,0,uniform,0.0,fixed,stage1,,,0,0.009162977326902855,0.0036158408038318157,0.6951646846217108,0.0,0.0,False,False,,True,201,795
11,2,0.0,0.0,uniform,0,uniform,0.3,fixed,stage1,,,0,0.009162977326902855,0.0036158408038318157,0.6951646846217108,0.20854940538651323,0.3,True,False,,True,201,795
11,2,0.0,0.0,uniform,0,uniform,0.3,fixed,stage1,,,1,0.009162927901605222,0.003615850737939278,0.48661532063109036,0.1459845961893271,0.3,True,False,9.934107462420544e-09,True,405,1590
11,2,0.0,0.0,uniform,0,uniform,0.3,fixed,stage1,,,2,0.009163029285222946,0.0036158631555736065,0.3406307761866362,0.10218923285599085,0.3,True,False,1.241763432835094e-08,True,606,2385
11,2,0.0,0.0,uniform,0,uniform,0.3,fixed,stage1,,,3,0.009162958063388293,0.003615851979702711,0.2384414967602593,0.07153244902807784,0.3,True,False,-1.1175870895385742e-08,True,849,3180
11,2,0.0,0.0,uniform,0,uniform,0.3,fixed,stage1,,,4,0.009162977326902855,0.0036158408038318157,0.16690900116180177,0.0500727003485405,0.3,True,False,-1.1175870895385742e-08,True,1119,3975
11,2,0.0,0.0,uniform,0,uniform,0.3,fixed,stage1,,,5,0.009163029285222946,0.0036158631555736065,0.116836393954027,0.035050918186208174,0.3,True,False,2.2351741790771484e-08,True,1356,4770
11,2,0.0,0.0,uniform,0,uniform,0.3,fixed,stage1,,,6,0.009163029285222946,0.0036158631555736065,0.08178547576781883,0.024535642730345614,0.3,True,False,0.0,True,1605,5565
11,2,0.0,0.0,uniform,0,uniform,0.3,fixed,stage1,,,7,0.009162951156199028,0.003615853221466144,0.057249791641574316,0.017174937492472314,0.3,True,False,-9.934107462420544e-09,True,1878,6360
11,2,0.0,0.0,uniform,0,uniform,0.3,fixed,stage1,,,8,0.009162918078313265,0.003615850737939278,0.04007484380012791,0.012022453140038358,0.3,True,False,-2.4835268659303966e-09,True,2139,7155
11,2,0.0,0.0,uniform,0,uniform,0.3,fixed,stage1,,,9,0.009162968961658136,0.0036158408038318157,0.028052349264196808,0.008415704779259042,0.3,True,False,-9.934107462420544e-09,True,2388,7950
11,2,0.0,0.0,uniform,0,uniform,0.3,fixed,stage1,,,10,0.009162968961658136,0.0036158408038318157,0.019636644484937765,0.005890993345481349,0.3,True,False,0.0,True,2637,8745
11,2,0.0,0.0,uniform,0,uniform,0.3,fixed,stage1,,,11,0.009162968961658136,0.0036158408038318157,0.013745651139456416,0.004123695341836903,0.3,True,False,0.0,True,2886,9540
11,2,0.0,0.0,uniform,0,uniform,0.3,fixed,stage1,,,12,0.009162968961658136,0.0036158408038318157,0.009621955797619514,0.002886586739285879,0.3,True,False,0.0,True,3126,10335
11,2,0.0,0.0,uniform,0,uniform,0.3,fixed,stage1,,,13,0.009162975868846956,0.003615843287358681,0.006735379407306424,0.0020206138221919023,0.3,True,False,2.4835268654967158e-09,True,3375,11130
11,2,0.0,0.0,uniform,0,uniform,0.3,fixed,stage1,,,14,0.009162958063388293,0.003615851979702711,0.004714801806521424,0.0014144405419563855,0.3,True,False,8.692344029889026e-09,True,3612,11925
11,2,0.0,0.0,uniform,0,uniform,0.3,fixed,stage1,,,15,0.009162968961658136,0.0036158408038318157,0.0033003146941853467,0.0009900944082555652,0.3,True,False,-1.1175870895385742e-08,True,3861,12720
11,2,0.0,0.0,uniform,0,uniform,0.3,fixed,stage1,,,16,0.009162968961658136,0.0036158408038318157,0.0023102202859297816,0.0006930660857789595,0.3,True,False,0.0,True,4110,13515
11,2,0.0,0.0,uniform,0,uniform,0.3,fixed,stage1,,,17,0.009162968961658136,0.0036158408038318157,0.0016171542001508221,0.00048514626004525496,0.3,True,False,0.0,True,4359,14310
11,2,0.0,0.0,uniform,0,uniform,0.3,fixed,stage1,,,18,0.009162968961658136,0.0036158408038318157,0.0011320079401055672,0.0003396023820316785,0.3,True,False,0.0,True,4608,15105
11,2,0.0,0.0,uniform,0,uniform,0.3,fixed,stage1,,,19,0.009163029285222946,0.0036158631555736065,0.0007924986988396276,0.0002377496096519216,0.3,True,False,2.2351741790771484e-08,True,4863,15900
11,2,0.0,0.0,uniform,0,uniform,0.5,fixed,stage1,,,0,0.009162977326902855,0.0036158408038318157,0.6951646846217108,0.34758234231085533,0.5,True,False,,True,201,795
11,2,0.0,0.0,uniform,0,uniform,0.5,fixed,stage1,,,1,0.009163029285222946,0.0036158631555736065,0.34758243545162115,0.17379121772581055,0.5,True,False,2.2351741790771484e-08,True,402,1590
11,2,0.0,0.0,uniform,0,uniform,0.5,fixed,stage1,,,2,0.009163029285222946,0.0036158631555736065,0.17379121772581063,0.08689560886290532,0.5,True,False,0.0,True,633,2385
11,2,0.0,0.0,uniform,0,uniform,0.5,fixed,stage1,,,3,0.009162977326902855,0.0036158408038318157,0.08689551572213958,0.04344775786106975,0.5,True,False,-2.2351741790771484e-08,True,894,3180
11,2,0.0,0.0,uniform,0,uniform,0.5,fixed,stage1,,,4,0.009163215705042305,0.003615930210798979,0.043448130424282555,0.02172406521214129,0.5,True,False,8.940696716308594e-08,True,1101,3975
11,2,0.0,0.0,uniform,0,uniform,0.5,fixed,stage1,,,5,0.009162975868846956,0.003615843287358681,0.02172370299790133,0.010861851498950664,0.5,True,False,-8.692344029758922e-08,True,1359,4770
11,2,0.0,0.0,uniform,0,uniform,0.5,fixed,stage1,,,6,0.009162968961658136,0.0036158408038318157,0.010861841149977874,0.005430920574988923,0.5,True,False,-2.4835268654967158e-09,True,1599,5565
11,2,0.0,0.0,uniform,0,uniform,0.5,fixed,stage1,,,7,0.009162975868846956,0.003615843287358681,0.005430930923961741,0.0027154654619808982,0.5,True,False,2.4835268654967158e-09,True,1848,6360
11,2,0.0,0.0,uniform,0,uniform,0.5,fixed,stage1,,,8,0.009162958063388293,0.003615851979702711,0.0027155016833877443,0.0013577508416938722,0.5,True,False,8.692344029889026e-09,True,2085,7155
11,2,0.0,0.0,uniform,0,uniform,0.5,fixed,stage1,,,9,0.009162968961658136,0.0036158408038318157,0.0013577042713141807,0.0006788521356571042,0.5,True,False,-1.1175870895385742e-08,True,2334,7950
11,2,0.0,0.0,uniform,0,uniform,0.5,fixed,stage1,,,10,0.009163029285222946,0.0036158631555736065,0.0006789452764228154,0.0003394726382114077,0.5,True,False,2.2351741790771484e-08,True,2589,8745
11,2,0.0,0.0,uniform,0,uniform,1.0,fixed,stage1,,,0,0.009162977326902855,0.0036158408038318157,0.6951646846217108,0.6951646846217108,1.0,True,False,,True,201,795
11,2,0.0,0.0,uniform,0,uniform,1.0,fixed,stage1,,,1,0.009163029285222946,0.0036158631555736065,9.314076573896379e-08,9.314076573896379e-08,1.0,True,False,2.2351741790771484e-08,True,456,1590
12,2,0.0,0.0,uniform,0,uniform,0.0,fixed,stage1,,,0,0.004929653464029959,0.006175742795070012,1.0615316540078779,0.0,0.0,False,False,,True,135,57
12,2,0.0,0.0,uniform,0,uniform,0.3,fixed,stage1,,,0,0.004929653464029959,0.006175742795070012,1.0615316540078779,0.31845949620236336,0.3,True,False,,True,135,57
12,2,0.0,0.0,uniform,0,uniform,0.3,fixed,stage1,,,1,0.014275462517831183,0.00825780505935351,0.7604066086845059,0.2281219826053518,0.3,True,False,0.002082062264283498,True,372,114
12,2,0.0,0.0,uniform,0,uniform,0.3,fixed,stage1,,,2,0.014275462517831183,0.00825780505935351,0.5322846260791542,0.15968538782374628,0.3,True,False,0.0,True,606,171
12,2,0.0,0.0,uniform,0,uniform,0.3,fixed,stage1,,,3,0.014275462517831183,0.00825780505935351,0.3725992382554079,0.11177977147662241,0.3,True,False,0.0,True,825,228
12,2,0.0,0.0,uniform,0,uniform,0.3,fixed,stage1,,,4,0.014275462517831183,0.00825780505935351,0.2608194667787855,0.07824584003363565,0.3,True,False,0.0,True,1059,285
12,2,0.0,0.0,uniform,0,uniform,0.3,fixed,stage1,,,5,0.014275450514382948,0.008257810026407242,0.1825736687742267,0.05477210063226794,0.3,True,False,4.967053731860793e-09,True,1302,342
12,2,0.0,0.0,uniform,0,uniform,0.3,fixed,stage1,,,6,0.014275450514382948,0.008257810026407242,0.12780156814195875,0.038340470442587565,0.3,True,False,0.0,True,1512,399
12,2,0.0,0.0,uniform,0,uniform,0.3,fixed,stage1,,,7,0.014275450514382948,0.008257810026407242,0.08946109769937118,0.026838329309811337,0.3,True,False,0.0,True,1722,456
12,2,0.0,0.0,uniform,0,uniform,0.3,fixed,stage1,,,8,0.014275450514382948,0.008257810026407242,0.06262276838955984,0.0187868305168679,0.3,True,False,0.0,True,1923,513
12,2,0.0,0.0,uniform,0,uniform,0.3,fixed,stage1,,,9,0.014275450514382948,0.008257810026407242,0.04383593787269194,0.013150781361807612,0.3,True,False,0.0,True,2118,570
12,2,0.0,0.0,uniform,0,uniform,0.3,fixed,stage1,,,10,0.014275450514382948,0.008257810026407242,0.030685156510884326,0.009205546953265281,0.3,True,False,0.0,True,2313,627
12,2,0.0,0.0,uniform,0,uniform,0.3,fixed,stage1,,,11,0.014275450514382948,0.008257810026407242,0.021479609557619045,0.006443882867285693,0.3,True,False,0.0,True,2499,684
12,2,0.0,0.0,uniform,0,uniform,0.3,fixed,stage1,,,12,0.014275462517831183,0.00825780505935351,0.015035684661256495,0.004510705398376898,0.3,True,False,-4.967053731860793e-09,True,2715,741
12,2,0.0,0.0,uniform,0,uniform,0.3,fixed,stage1,,,13,0.014275462517831183,0.00825780505935351,0.010524979262879597,0.0031574937788638735,0.3,True,False,0.0,True,2925,798
12,2,0.0,0.0,uniform,0,uniform,0.3,fixed,stage1,,,14,0.014275462517831183,0.00825780505935351,0.007367485484015723,0.002210245645204681,0.3,True,False,0.0,True,3159,855
12,2,0.0,0.0,uniform,0,uniform,0.3,fixed,stage1,,,15,0.014275462517831183,0.00825780505935351,0.005157239838811042,0.001547171951643403,0.3,True,False,0.0,True,3375,912
12,2,0.0,0.0,uniform,0,uniform,0.3,fixed,stage1,,,16,0.014275462517831183,0.00825780505935351,0.0036100678871676395,0.0010830203661502877,0.3,True,False,0.0,True,3585,969
12,2,0.0,0.0,uniform,0,uniform,0.3,fixed,stage1,,,17,0.014275462517831183,0.00825780505935351,0.002527047521017352,0.0007581142563051826,0.3,True,False,0.0,True,3801,1026
12,2,0.0,0.0,uniform,0,uniform,0.3,fixed,stage1,,,18,0.014275450514382948,0.008257810026407242,0.0017689752937890268,0.000530692588136733,0.3,True,False,4.967053731860793e-09,True,3996,1083
12,2,0.0,0.0,uniform,0,uniform,0.3,fixed,stage1,,,19,0.014275462517831183,0.00825780505935351,0.0012382406765754361,0.00037147220297262945,0.3,True,False,-4.967053731860793e-09,True,4212,1140
12,2,0.0,0.0,uniform,0,uniform,0.5,fixed,stage1,,,0,0.004929653464029959,0.006175742795070012,1.0615316540078779,0.5307658270039389,0.5,True,False,,True,135,57
12,2,0.0,0.0,uniform,0,uniform,0.5,fixed,stage1,,,1,0.014275462517831183,0.00825780505935351,0.5481002778829305,0.2740501389414651,0.5,True,False,0.002082062264283498,True,375,114
12,2,0.0,0.0,uniform,0,uniform,0.5,fixed,stage1,,,2,0.014275450514382948,0.008257810026407242,0.2740501809705421,0.13702509048527112,0.5,True,False,4.967053731860793e-09,True,594,171
12,2,0.0,0.0,uniform,0,uniform,0.5,fixed,stage1,,,3,0.014275462517831183,0.00825780505935351,0.13702504845619412,0.06851252422809706,0.5,True,False,-4.967053731860793e-09,True,804,228
12,2,0.0,0.0,uniform,0,uniform,0.5,fixed,stage1,,,4,0.014275462517831183,0.00825780505935351,0.06851252422809707,0.034256262114048544,0.5,True,False,0.0,True,1062,285
12,2,0.0,0.0,uniform,0,uniform,0.5,fixed,stage1,,,5,0.014275450514382948,0.008257810026407242,0.03425630414312539,0.017128152071562493,0.5,True,False,4.967053731860793e-09,True,1248,342
12,2,0.0,0.0,uniform,0,uniform,0.5,fixed,stage1,,,6,0.014275462517831183,0.00825780505935351,0.017128110042486037,0.008564055021243015,0.5,True,False,-4.967053731860793e-09,True,1449,399
12,2,0.0,0.0,uniform,0,uniform,0.5,fixed,stage1,,,7,0.014275462517831183,0.00825780505935351,0.008564055021243022,0.004282027510621456,0.5,True,False,0.0,True,1683,456
12,2,0.0,0.0,uniform,0,uniform,0.5,fixed,stage1,,,8,0.014275462517831183,0.00825780505935351,0.004282027510621567,0.0021410137553107764,0.5,True,False,0.0,True,1926,513
12,2,0.0,0.0,uniform,0,uniform,0.5,fixed,stage1,,,9,0.014275462517831183,0.00825780505935351,0.0021410137553107902,0.0010705068776552598,0.5,True,False,0.0,True,2142,570
12,2,0.0,0.0,uniform,0,uniform,0.5,fixed,stage1,,,10,0.014275462517831183,0.00825780505935351,0.0010705068776555304,0.0005352534388277583,0.5,True,False,0.0,True,2358,627
12,2,0.0,0.0,uniform,0,uniform,0.5,fixed,stage1,,,11,0.014275462517831183,0.00825780505935351,0.0005352534388277722,0.00026762671941388955,0.5,True,False,0.0,True,2568,684
12,2,0.0,0.0,uniform,0,uniform,1.0,fixed,stage1,,,0,0.004929653464029959,0.006175742795070012,1.0615316540078779,1.0615316540078779,1.0,True,False,,True,135,57
12,2,0.0,0.0,uniform,0,uniform,1.0,fixed,stage1,,,1,0.014275462517831183,0.00825780505935351,0.017334450878991436,0.017334450878991436,1.0,True,False,0.002082062264283498,True,345,114
12,2,0.0,0.0,uniform,0,uniform,1.0,fixed,stage1,,,2,0.014275450514382948,0.008257810026407242,4.2029076857685865e-08,4.2029076857685865e-08,1.0,True,False,4.967053731860793e-09,True,564,171
13,2,0.0,0.0,uniform,0,uniform,0.0,fixed,stage1,,,0,0.022243574433021607,0.01242880616337061,1.2525299447834821,0.0,0.0,False,False,,True,234,147
13,2,0.0,0.0,uniform,0,uniform,0.3,fixed,stage1,,,0,0.022243574433021607,0.01242880616337061,1.2525299447834821,0.37575898343504477,0.3,True,False,,True,234,147
13,2,0.0,0.0,uniform,0,uniform,0.3,fixed,stage1,,,1,0.031615874742882966,0.020126991905272007,0.930907683231622,0.2792723049694866,0.3,True,False,0.007698185741901398,True,525,294
13,2,0.0,0.0,uniform,0,uniform,0.3,fixed,stage1,,,2,0.029530476157798802,0.019600858601431053,0.6516353782621354,0.19549061347864055,0.3,True,False,-0.0005261333038409539,True,819,441
13,2,0.0,0.0,uniform,0,uniform,0.3,fixed,stage1,,,3,0.029481358346977515,0.01814791839569807,0.4561447647834948,0.13684342943504846,0.3,True,False,-0.0014529402057329825,True,1053,588
13,2,0.0,0.0,uniform,0,uniform,0.3,fixed,stage1,,,4,0.03817006280318225,0.022298897616565228,0.31930133534844635,0.09579040060453395,0.3,True,False,0.004150979220867157,True,1284,735
13,2,0.0,0.0,uniform,0,uniform,0.3,fixed,stage1,,,5,0.03793131928793514,0.022219097552200157,0.2235109347439124,0.06705328042317367,0.3,True,False,-7.980006436507023e-05,True,1392,882
13,2,0.0,0.0,uniform,0,uniform,0.3,fixed,stage1,,,6,0.03465367117722096,0.02124695386737585,0.15645765432073874,0.046937296296221585,0.3,True,False,-0.0009721436848243066,True,1518,1029
13,2,0.0,0.0,uniform,0,uniform,0.3,fixed,stage1,,,7,0.036772709032753426,0.021873373227814834,0.10952035802451715,0.03285610740735519,0.3,True,False,0.0006264193604389838,True,1737,1176
13,2,0.0,0.0,uniform,0,uniform,0.3,fixed,stage1,,,8,0.036772709032753426,0.021873373227814834,0.07666425061716196,0.022999275185148618,0.3,True,False,0.0,True,1974,1323
13,2,0.0,0.0,uniform,0,uniform,0.3,fixed,stage1,,,9,0.03677261231896978,0.021873360810180504,0.053664975432013345,0.01609949262960405,0.3,True,False,-1.2417634330519345e-08,True,2193,1470
13,2,0.0,0.0,uniform,0,uniform,0.3,fixed,stage1,,,10,0.03677267679480423,0.02187339620043834,0.037565482802409296,0.01126964484072269,0.3,True,False,3.5390257835388184e-08,True,2397,1617
13,2,0.0,0.0,uniform,0,uniform,0.3,fixed,stage1,,,11,0.036772709032753426,0.021873373227814834,0.026295837961686608,0.007888751388505973,0.3,True,False,-2.297262350486884e-08,True,2616,1764
13,2,0.0,0.0,uniform,0,uniform,0.3,fixed,stage1,,,12,0.036772709032753426,0.021873373227814834,0.018407086573180634,0.005522125971954202,0.3,True,False,0.0,True,2826,1911
13,2,0.0,0.0,uniform,0,uniform,0.3,fixed,stage1,,,13,0.036772709032753426,0.021873373227814834,0.012884960601226432,0.0038654881803679205,0.3,True,False,0.0,True,3045,2058
13,2,0.0,0.0,uniform,0,uniform,0.3,fixed,stage1,,,14,0.036772644556876344,0.021873349013427894,0.009019472420858512,0.002705841726257539,0.3,True,False,-2.421438694000244e-08,True,3267,2205
13,2,0.0,0.0,uniform,0,uniform,0.3,fixed,stage1,,,15,0.036772709032753426,0.021873373227814834,0.006313630694600973,0.0018940892083802912,0.3,True,False,2.421438694000244e-08,True,3510,2352
13,2,0.0,0.0,uniform,0,uniform,0.3,fixed,stage1,,,16,0.036772709032753426,0.021873373227814834,0.004419541486220682,0.0013258624458661388,0.3,True,False,0.0,True,3720,2499
13,2,0.0,0.0,uniform,0,uniform,0.3,fixed,stage1,,,17,0.036772709032753426,0.021873373227814834,0.003093679040354543,0.0009281037121064159,0.3,True,False,0.0,True,3876,2646
13,2,0.0,0.0,uniform,0,uniform,0.3,fixed,stage1,,,18,0.036772709032753426,0.021873373227814834,0.002165575328248127,0.0006496725984744059,0.3,True,False,0.0,True,4089,2793
13,2,0.0,0.0,uniform,0,uniform,0.3,fixed,stage1,,,19,0.036772709032753426,0.021873373227814834,0.001515902729773721,0.00045477081893215057,0.3,True,False,0.0,True,4350,2940
13,2,0.0,0.0,uniform,0,uniform,0.5,fixed,stage1,,,0,0.022243574433021607,0.01242880616337061,1.2525299447834821,0.6262649723917411,0.5,True,False,,True,234,147
13,2,0.0,0.0,uniform,0,uniform,0.5,fixed,stage1,,,1,0.03142296468132599,0.02014762070029974,0.6804016942749256,0.34020084713746274,0.5,True,False,0.0077188145369291306,True,369,294
13,2,0.0,0.0,uniform,0,uniform,0.5,fixed,stage1,,,2,0.036772709032753426,0.021873373227814834,0.3402008471374628,0.17010042356873145,0.5,True,False,0.0017257525275150946,True,582,441
13,2,0.0,0.0,uniform,0,uniform,0.5,fixed,stage1,,,3,0.03487901092062273,0.02156555683662494,0.17010042356873137,0.08505021178436568,0.5,True,False,-0.0003078163911898954,True,678,588
13,2,0.0,0.0,uniform,0,uniform,0.5,fixed,stage1,,,4,0.036772709032753426,0.021873373227814834,0.08505021178436568,0.042525105892182904,0.5,True,False,0.0003078163911898954,True,897,735
13,2,0.0,0.0,uniform,0,uniform,0.5,fixed,stage1,,,5,0.036772709032753426,0.021873373227814834,0.04252510589218278,0.021262552946091334,0.5,True,False,0.0,True,1119,882
13,2,0.0,0.0,uniform,0,uniform,0.5,fixed,stage1,,,6,0.036772709032753426,0.021873373227814834,0.02126255294609145,0.01063127647304578,0.5,True,False,0.0,True,1338,1029
13,2,0.0,0.0,uniform,0,uniform,0.5,fixed,stage1,,,7,0.036772709032753426,0.021873373227814834,0.010631276473045669,0.005315638236522778,0.5,True,False,0.0,True,1566,1176
13,2,0.0,0.0,uniform,0,uniform,0.5,fixed,stage1,,,8,0.036772709032753426,0.021873373227814834,0.005315638236522891,0.0026578191182613908,0.5,True,False,0.0,True,1812,1323
13,2,0.0,0.0,uniform,0,uniform,0.5,fixed,stage1,,,9,0.036772709032753426,0.021873373227814834,0.0026578191182615,0.0013289095591308038,0.5,True,False,0.0,True,2022,1470
13,2,0.0,0.0,uniform,0,uniform,0.5,fixed,stage1,,,10,0.036772709032753426,0.021873373227814834,0.0013289095591306962,0.0006644547795653481,0.5,True,False,0.0,True,2241,1617
13,2,0.0,0.0,uniform,0,uniform,0.5,fixed,stage1,,,11,0.036772709032753426,0.021873373227814834,0.0006644547795653481,0.0003322273897827296,0.5,True,False,0.0,True,2454,1764
13,2,0.0,0.0,uniform,0,uniform,1.0,fixed,stage1,,,0,0.022243574433021607,0.01242880616337061,1.2525299447834821,1.2525299447834821,1.0,True,False,,True,234,147
13,2,0.0,0.0,uniform,0,uniform,1.0,fixed,stage1,,,1,0.036772709032753426,0.021873373227814834,0.054136721883184497,0.054136721883184497,1.0,True,False,0.009444567064444225,True,465,294
13,2,0.0,0.0,uniform,0,uniform,1.0,fixed,stage1,,,2,0.03677267679480423,0.02187339620043834,0.0,0.0,1.0,True,False,2.297262350486884e-08,True,675,441
14,2,0.0,0.0,uniform,0,uniform,0.0,fixed,stage1,,,0,0.0013767187007633908,0.008076916138331095,0.48944494478501827,0.0,0.0,False,False,,True,183,882
14,2,0.0,0.0,uniform,0,uniform,0.3,fixed,stage1,,,0,0.0013767187007633908,0.008076916138331095,0.48944494478501827,0.1468334834355055,0.3,True,False,,True,183,882
14,2,0.0,0.0,uniform,0,uniform,0.3,fixed,stage1,,,1,0.0013766742505817442,0.008076917380094528,0.342611497924399,0.10278344937731965,0.3,True,False,1.2417634333988792e-09,True,444,1764
14,2,0.0,0.0,uniform,0,uniform,0.3,fixed,stage1,,,2,0.001377062975098431,0.008076877643664679,0.23982687815343087,0.07194806344602922,0.3,True,False,-3.9736429849682176e-08,True,636,2646
14,2,0.0,0.0,uniform,0,uniform,0.3,fixed,stage1,,,3,0.0013766119269245092,0.00807689999540647,0.16787947305314008,0.05036384191594201,0.3,True,False,2.2351741790771484e-08,True,843,3528
14,2,0.0,0.0,uniform,0,uniform,0.3,fixed,stage1,,,4,0.0013766225255684716,0.0080769049624602,0.11751577743649165,0.03525473323094752,0.3,True,False,4.96705373012607e-09,True,1065,4410
14,2,0.0,0.0,uniform,0,uniform,0.3,fixed,stage1,,,5,0.0013766052304773346,0.008076897511879602,0.08226082475663662,0.024678247426990985,0.3,True,False,-7.450580596923828e-09,True,1257,5292
14,2,0.0,0.0,uniform,0,uniform,0.3,fixed,stage1,,,6,0.001376669770020822,0.008076893786589304,0.05758246760526578,0.017274740281579826,0.3,True,False,-3.725290298461914e-09,True,1458,6174
14,2,0.0,0.0,uniform,0,uniform,0.3,fixed,stage1,,,7,0.0013767397935876002,0.008076895028352737,0.04030776389847379,0.012092329169542143,0.3,True,False,1.2417634333988792e-09,True,1671,7056
14,2,0.0,0.0,uniform,0,uniform,0.3,fixed,stage1,,,8,0.0013766383433999607,0.008076924830675125,0.028216312525479792,0.008464893757643907,0.3,True,False,2.9802322387695312e-08,True,1872,7938
14,2,0.0,0.0,uniform,0,uniform,0.3,fixed,stage1,,,9,0.0013766052304773346,0.008076897511879602,0.019750614120879764,0.005925184236263856,0.3,True,False,-2.7318795522632278e-08,True,2076,8820
14,2,0.0,0.0,uniform,0,uniform,0.3,fixed,stage1,,,10,0.0013766119269245092,0.00807689999540647,0.01382550303422983,0.004147650910268946,0.3,True,False,2.4835268667977584e-09,True,2283,9702
14,2,0.0,0.0,uniform,0,uniform,0.3,fixed,stage1,,,11,0.0013766281140739078,0.008076907445987066,0.009678071572934016,0.002903421471880191,0.3,True,False,7.450580596923828e-09,True,2490,10584
14,2,0.0,0.0,uniform,0,uniform,0.3,fixed,stage1,,,12,0.001376669770020822,0.008076893786589304,0.0067742477780869115,0.0020322743334260374,0.3,True,False,-1.36593977621835e-08,True,2715,11466
14,2,0.0,0.0,uniform,0,uniform,0.3,fixed,stage1,,,13,0.0013766052304773346,0.008076897511879602,0.004742083169040734,0.0014226249507122007,0.3,True,False,3.725290298461914e-09,True,2925,12348
14,2,0.0,0.0,uniform,0,uniform,0.3,fixed,stage1,,,14,0.0013773493531393233,0.008076855291922888,0.00331821467823655,0.0009954644034709526,0.3,True,False,-4.221995671474521e-08,True,3117,13230
14,2,0.0,0.0,uniform,0,uniform,0.3,fixed,stage1,,,15,0.0013771723474085285,0.008076805621385574,0.002321287294512267,0.0006963861883537009,0.3,True,False,-4.967053731340376e-08,True,3273,14112
14,2,0.0,0.0,uniform,0,uniform,0.3,fixed,stage1,,,16,0.001376677205115251,0.008076903720696768,0.0016277905005797344,0.0004883371501739758,0.3,True,False,9.809931119340864e-08,True,3504,14994
14,2,0.0,0.0,uniform,0,uniform,0.3,fixed,stage1,,,17,0.0013766272709167526,0.008076902478933334,0.0011394167755797574,0.00034182503267392306,0.3,True,False,-1.2417634333988792e-09,True,3723,15876
14,2,0.0,0.0,uniform,0,uniform,0.3,fixed,stage1,,,18,0.0013766229994112145,0.008076917380094528,0.0007980306411799337,0.0002394091923539482,0.3,True,False,1.4901161193847656e-08,True,3942,16758
14,2,0.0,0.0,uniform,0,uniform,0.5,fixed,stage1,,,0,0.0013767187007633908,0.008076916138331095,0.48944494478501827,0.2447224723925091,0.5,True,False,,True,183,882
14,2,0.0,0.0,uniform,0,uniform,0.5,fixed,stage1,,,1,0.0013766052304773346,0.008076897511879602,0.24472192376987142,0.12236096188493567,0.5,True,False,-1.862645149230957e-08,True,393,1764
14,2,0.0,0.0,uniform,0,uniform,0.5,fixed,stage1,,,2,0.0013766052304773346,0.008076897511879602,0.12236096188493575,0.06118048094246786,0.5,True,False,0.0,True,600,2646
14,2,0.0,0.0,uniform,0,uniform,0.5,fixed,stage1,,,3,0.0013766119269245092,0.00807689999540647,0.06118055409208181,0.030590277046040892,0.5,True,False,2.4835268667977584e-09,True,822,3528
14,2,0.0,0.0,uniform,0,uniform,0.5,fixed,stage1,,,4,0.001376638608207248,0.00807691365480423,0.030590679369308496,0.015295339684654269,0.5,True,False,1.3659397760448777e-08,True,1032,4410
14,2,0.0,0.0,uniform,0,uniform,0.5,fixed,stage1,,,5,0.0013766052304773346,0.008076897511879602,0.01529486421177273,0.007647432105886365,0.5,True,False,-1.6142924627246535e-08,True,1263,5292
14,2,0.0,0.0,uniform,0,uniform,0.5,fixed,stage1,,,6,0.0013766119269245092,0.00807689999540647,0.0076475052555002865,0.00382375262775006,0.5,True,False,2.4835268667977584e-09,True,1479,6174
14,2,0.0,0.0,uniform,0,uniform,0.5,fixed,stage1,,,7,0.0013771066867906412,0.008076883852481842,0.0038232771556503953,0.0019116385778251838,0.5,True,False,-1.6142924627246535e-08,True,1668,7056
14,2,0.0,0.0,uniform,0,uniform,0.5,fixed,stage1,,,8,0.0013766052304773346,0.008076897511879602,0.001912040900311121,0.0009560204501555675,0.5,True,False,1.3659397760448777e-08,True,1875,7938
14,2,0.0,0.0,uniform,0,uniform,0.5,fixed,stage1,,,9,0.001376649415888609,0.0080769049624602,0.0009562398990630577,0.0004781199495315219,0.5,True,False,7.450580596923828e-09,True,2085,8820
14,2,0.0,0.0,uniform,0,uniform,1.0,fixed,stage1,,,0,0.0013767187007633908,0.008076916138331095,0.48944494478501827,0.48944494478501827,1.0,True,False,,True,183,882
14,2,0.0,0.0,uniform,0,uniform,1.0,fixed,stage1,,,1,0.0013766703483995002,0.0080769049624602,3.291737302318909e-07,3.291737302318909e-07,1.0,True,False,-1.1175870895385742e-08,True,372,1764
15,2,0.0,0.0,uniform,0,uniform,0.0,fixed,stage1,,,0,0.013651819589722447,0.00589050321529309,0.6533333333333333,0.0,0.0,False,False,,True,111,183
15,2,0.0,0.0,uniform,0,uniform,0.3,fixed,stage1,,,0,0.013651819589722447,0.00589050321529309,0.6533333333333333,0.19599999999999998,0.3,True,False,,True,111,183
15,2,0.0,0.0,uniform,0,uniform,0.3,fixed,stage1,,,1,0.014057047663392427,0.00586382020264864,0.4573333333333334,0.1372,0.3,True,False,-2.668301264445016e-05,True,342,366
15,2,0.0,0.0,uniform,0,uniform,0.3,fixed,stage1,,,2,0.014161764437521943,0.0058874522025386495,0.3201333333333335,0.09604000000000007,0.3,True,False,2.363199989000985e-05,True,462,549
15,2,0.0,0.0,uniform,0,uniform,0.3,fixed,stage1,,,3,0.016221548503967273,0.006016892691453298,0.22409333333333326,0.06722799999999997,0.3,True,False,0.00012944048891464811,True,804,732
15,2,0.0,0.0,uniform,0,uniform,0.3,fixed,stage1,,,4,0.016617082111094736,0.00629546989997228,0.15686533333333336,0.04705960000000009,0.3,True,False,0.00027857720851898193,True,933,915
15,2,0.0,0.0,uniform,0,uniform,0.3,fixed,stage1,,,5,0.016746638440929624,0.006348402549823125,0.10980573333333327,0.03294171999999992,0.3,True,False,5.293264985084534e-05,True,1062,1098
15,2,0.0,0.0,uniform,0,uniform,0.3,fixed,stage1,,,6,0.0164232709073813,0.006037530799706777,0.0768640133333334,0.023059204000000028,0.3,True,False,-0.00031087175011634827,True,1278,1281
15,2,0.0,0.0,uniform,0,uniform,0.3,fixed,stage1,,,7,0.01641519749187594,0.006035741418600082,0.05380480933333332,0.016141442799999982,0.3,True,False,-1.7893811066942503e-06,True,1548,1464
15,2,0.0,0.0,uniform,0,uniform,0.3,fixed,stage1,,,8,0.018666899402740713,0.007463670025269191,0.037663366533333284,0.01129900995999994,0.3,True,False,0.0014279286066691084,True,1737,1647
15,2,0.0,0.0,uniform,0,uniform,0.3,fixed,stage1,,,9,0.016411409724965215,0.006035357713699341,0.0263643565733334,0.0079093069720001,0.3,True,False,-0.00142831231156985,True,2112,1830
15,2,0.0,0.0,uniform,0,uniform,0.3,fixed,stage1,,,10,0.016416842675803196,0.006032196183999379,0.0184550496013333,0.005536514880399929,0.3,True,False,-3.1615296999616335e-06,True,2385,2013
15,2,0.0,0.0,uniform,0,uniform,0.3,fixed,stage1,,,11,0.016415253256270173,0.0060342227419217425,0.012918534720933426,0.003875560416280007,0.3,True,False,2.0265579223632812e-06,True,2610,2196
15,2,0.0,0.0,uniform,0,uniform,0.3,fixed,stage1,,,12,0.01642634489410151,0.006038756420214971,0.00904297430465342,0.0027128922913960754,0.3,True,False,4.533678293228149e-06,True,2925,2379
15,2,0.0,0.0,uniform,0,uniform,0.3,fixed,stage1,,,13,0.016415126141586293,0.006031590203444163,0.006330082013257289,0.0018990246039770758,0.3,True,False,-7.166216770807324e-06,True,3276,2562
15,2,0.0,0.0,uniform,0,uniform,0.3,fixed,stage1,,,14,0.016420177247192316,0.006035055965185165,0.004431057409280269,0.0013293172227840534,0.3,True,False,3.4657617410021116e-06,True,3495,2745
15,2,0.0,0.0,uniform,0,uniform,0.3,fixed,stage1,,,15,0.016425937529677796,0.006038388858238856,0.00310174018649616,0.0009305220559489187,0.3,True,False,3.3328930536908816e-06,True,3777,2928
15,2,0.0,0.0,uniform,0,uniform,0.3,fixed,stage1,,,16,0.016424811815741625,0.006036496410767238,0.0021712181305473524,0.0006513654391641453,0.3,True,False,-1.8924474716186523e-06,True,4074,3111
15,2,0.0,0.0,uniform,0,uniform,0.3,fixed,stage1,,,17,0.01642841991282952,0.0060391003886858625,0.001519852691383096,0.0004559558074148963,0.3,True,False,2.603977918624878e-06,True,4401,3294
15,2,0.0,0.0,uniform,0,uniform,0.3,fixed,stage1,,,18,0.016419869127603855,0.006035135438044866,0.0010638968839681998,0.00031916906519046,0.3,True,False,-3.9649506409968754e-06,True,4701,3477
15,2,0.0,0.0,uniform,0,uniform,0.3,fixed,stage1,,,19,0.01641940732183573,0.006034915645917256,0.0007447278187776843,0.0002234183456333227,0.3,True,False,-2.1979212760925293e-07,True,4944,3660
15,2,0.0,0.0,uniform,0,uniform,0.5,fixed,stage1,,,0,0.013651819589722447,0.00589050321529309,0.6533333333333333,0.3266666666666667,0.5,True,False,,True,111,183
15,2,0.0,0.0,uniform,0,uniform,0.5,fixed,stage1,,,1,0.01419730698839694,0.005873635100821654,0.3266666666666667,0.16333333333333339,0.5,True,False,-1.6868114471435547e-05,True,372,366
15,2,0.0,0.0,uniform,0,uniform,0.5,fixed,stage1,,,2,0.016444125537284304,0.00605240340034167,0.16333333333333327,0.08166666666666661,0.5,True,False,0.00017876829952001572,True,513,549
15,2,0.0,0.0,uniform,0,uniform,0.5,fixed,stage1,,,3,0.016415305054991777,0.006030149757862091,0.08166666666666661,0.04083333333333325,0.5,True,False,-2.2253642479578943e-05,True,933,732
15,2,0.0,0.0,uniform,0,uniform,0.5,fixed,stage1,,,4,0.018652969428787084,0.007458860675493876,0.040833333333333416,0.020416666666666763,0.5,True,False,0.0014287109176317854,True,1095,915
15,2,0.0,0.0,uniform,0,uniform,0.5,fixed,stage1,,,5,0.016427863545877615,0.006038854519526164,0.020416666666666704,0.010208333333333297,0.5,True,False,-0.0014200061559677124,True,1515,1098
15,2,0.0,0.0,uniform,0,uniform,0.5,fixed,stage1,,,6,0.016409952246549203,0.0060390618940194445,0.010208333333333465,0.0051041666666667325,0.5,True,False,2.073744932804683e-07,True,1875,1281
15,2,0.0,0.0,uniform,0,uniform,0.5,fixed,stage1,,,7,0.01642392205049108,0.006036183486382167,0.005104166666666676,0.002552083333333283,0.5,True,False,-2.8784076372776607e-06,True,2106,1464
15,2,0.0,0.0,uniform,0,uniform,0.5,fixed,stage1,,,8,0.016417951385801627,0.006035204976797104,0.002552083333333393,0.0012760416666666406,0.5,True,False,-9.785095850629519e-07,True,2424,1647
15,2,0.0,0.0,uniform,0,uniform,0.5,fixed,stage1,,,9,0.016420414735139867,0.006034941722949346,0.001276041666666808,0.0006380208333333758,0.5,True,False,-2.632538477582644e-07,True,2745,1830
15,2,0.0,0.0,uniform,0,uniform,0.5,fixed,stage1,,,10,0.01641519837686876,0.006032684197028478,0.0006380208333333212,0.00031901041666663327,0.5,True,False,-2.25752592086792e-06,True,2973,2013
15,2,0.0,0.0,uniform,0,uniform,1.0,fixed,stage1,,,0,0.013651819589722447,0.00589050321529309,0.6533333333333333,0.6533333333333333,1.0,True,False,,True,111,183
15,2,0.0,0.0,uniform,0,uniform,1.0,fixed,stage1,,,1,0.01641879961311561,0.006035865594943364,0.0006016534598973222,0.0006016534598973222,1.0,True,False,0.00014536237965027433,True,393,366
16,2,0.0,0.0,uniform,0,uniform,0.0,fixed,stage1,,,0,0.01685283628733103,0.010716158896684647,0.029710928535655157,0.0,0.0,False,False,,True,231,120
16,2,0.0,0.0,uniform,0,uniform,0.3,fixed,stage1,,,0,0.01685283628733103,0.010716158896684647,0.029710928535655157,0.00891327856069657,0.3,True,False,,True,231,120
16,2,0.0,0.0,uniform,0,uniform,0.3,fixed,stage1,,,1,0.01684617017186607,0.010721294830242792,0.020803110764273103,0.006240933229281875,0.3,True,False,5.135933558145581e-06,True,462,240
16,2,0.0,0.0,uniform,0,uniform,0.3,fixed,stage1,,,2,0.016772757354114987,0.010725567738215128,0.014566722240980878,0.004370016672294197,0.3,True,False,4.2729079723358154e-06,True,675,360
16,2,0.0,0.0,uniform,0,uniform,0.3,fixed,stage1,,,3,0.016761956185135318,0.010726039608319601,0.010197207539499598,0.0030591622618498238,0.3,True,False,4.7187010447299893e-07,True,888,480
16,2,0.0,0.0,uniform,0,uniform,0.3,fixed,stage1,,,4,0.0167517220526614,0.010725668321053186,0.0071376503044565665,0.0021412950913369255,0.3,True,False,-3.7128726641452725e-07,True,1101,600
16,2,0.0,0.0,uniform,0,uniform,0.3,fixed,stage1,,,5,0.0167434475488335,0.010725124428669611,0.004995776642578165,0.0014987329927733661,0.3,True,False,-5.438923835754395e-07,True,1314,720
16,2,0.0,0.0,uniform,0,uniform,0.3,fixed,stage1,,,6,0.01674460419744861,0.010726594676574072,0.00349860769143695,0.001049582307431074,0.3,True,False,1.470247904460792e-06,True,1527,840
16,2,0.0,0.0,uniform,0,uniform,0.3,fixed,stage1,,,7,0.016743771107361027,0.010727203140656153,0.0024496727129103,0.0007349018138730901,0.3,True,False,6.084640820809561e-07,True,1740,960
16,2,0.0,0.0,uniform,0,uniform,0.3,fixed,stage1,,,8,0.016742679071326982,0.010727494955062866,0.0017150813626998218,0.0005145244088099465,0.3,True,False,2.918144067134282e-07,True,1953,1080
16,2,0.0,0.0,uniform,0,uniform,0.3,fixed,stage1,,,9,0.016746853333083678,0.010729016115268072,0.0012021754333306212,0.0003606526299991808,0.3,True,False,1.5211602052058598e-06,True,2166,1200
16,2,0.0,0.0,uniform,0,uniform,0.3,fixed,stage1,,,10,0.016735469889094468,0.010726201037565867,0.0008385277641758115,0.00025155832925277677,0.3,True,False,-2.815077702205543e-06,True,2379,1320
16,2,0.0,0.0,uniform,0,uniform,0.5,fixed,stage1,,,0,0.01685283628733103,0.010716158896684647,0.029710928535655157,0.014855464267827578,0.5,True,False,,True,231,120
16,2,0.0,0.0,uniform,0,uniform,0.5,fixed,stage1,,,1,0.016767913797876233,0.010724041610956192,0.01486384639993732,0.007431923199968715,0.5,True,False,7.88271427154541e-06,True,444,240
16,2,0.0,0.0,uniform,0,uniform,0.5,fixed,stage1,,,2,0.01676134778780014,0.010728063682715097,0.007436201916940222,0.003718100958470083,0.5,True,False,4.022071758905468e-06,True,657,360
16,2,0.0,0.0,uniform,0,uniform,0.5,fixed,stage1,,,3,0.016744150726587748,0.010726337631543478,0.0037162646184398795,0.0018581323092199398,0.5,True,False,-1.7260511716195304e-06,True,870,480
16,2,0.0,0.0,uniform,0,uniform,0.5,fixed,stage1,,,4,0.01674205291531905,0.010727188239494959,0.0018590372397982446,0.0009295186198990946,0.5,True,False,8.506079514809806e-07,True,1083,600
16,2,0.0,0.0,uniform,0,uniform,0.5,fixed,stage1,,,5,0.016740079905938288,0.010727391888697943,0.0009297352829870653,0.0004648676414935049,0.5,True,False,2.0364920298374112e-07,True,1296,720
16,2,0.0,0.0,uniform,0,uniform,1.0,fixed,stage1,,,0,0.01685283628733103,0.010716158896684647,0.029710928535655157,0.029710928535655157,1.0,True,False,,True,231,120
16,2,0.0,0.0,uniform,0,uniform,1.0,fixed,stage1,,,1,0.01674149128022062,0.010728519409894943,1.3145733559594142e-05,1.3145733559594142e-05,1.0,True,False,1.2360513210296631e-05,True,444,240
17,2,0.0,0.0,uniform,0,uniform,0.0,fixed,stage1,,,0,0.02214459596669327,0.014301481967171034,0.6324467209225075,0.0,0.0,False,False,,True,261,417
17,2,0.0,0.0,uniform,0,uniform,0.3,fixed,stage1,,,0,0.02214459596669327,0.014301481967171034,0.6324467209225075,0.18973401627675224,0.3,True,False,,True,261,417
17,2,0.0,0.0,uniform,0,uniform,0.3,fixed,stage1,,,1,0.01918369727598268,0.013734323903918266,0.4186949397936195,0.12560848193808585,0.3,True,False,-0.0005671580632527675,True,519,834
17,2,0.0,0.0,uniform,0,uniform,0.3,fixed,stage1,,,2,0.025556218077782855,0.01532964843014876,0.36585180054497757,0.10975554016349326,0.3,True,False,0.0015953245262304936,True,981,1251
17,2,0.0,0.0,uniform,0,uniform,0.3,fixed,stage1,,,3,0.03276160656781846,0.018149566526214283,0.438702507502969,0.13161075225089072,0.3,True,False,0.002819918096065523,True,1332,1668
17,2,0.0,0.0,uniform,0,uniform,0.3,fixed,stage1,,,4,0.03551765663833972,0.019890789563457172,0.4627902912054941,0.13883708736164813,0.3,True,False,0.0017412230372428894,True,1509,2085
17,2,0.0,0.0,uniform,0,uniform,0.3,fixed,stage1,,,5,0.035514594410218314,0.019889356568455696,0.3238785096068112,0.09716355288204347,0.3,True,False,-1.4329950014761728e-06,True,1719,2502
17,2,0.0,0.0,uniform,0,uniform,0.3,fixed,stage1,,,6,0.03551460459096045,0.01988937022785346,0.2267156686388675,0.06801470059166029,0.3,True,False,1.36593977621835e-08,True,1944,2919
17,2,0.0,0.0,uniform,0,uniform,0.3,fixed,stage1,,,7,0.035514594410218314,0.019889356568455696,0.15870025613310748,0.04761007683993231,0.3,True,False,-1.36593977621835e-08,True,2136,3336
17,2,0.0,0.0,uniform,0,uniform,0.3,fixed,stage1,,,8,0.03551460459096045,0.01988937022785346,0.11109089120727489,0.033327267362182514,0.3,True,False,1.36593977621835e-08,True,2379,3753
17,2,0.0,0.0,uniform,0,uniform,0.3,fixed,stage1,,,9,0.03551460459096045,0.01988937022785346,0.07776362384509238,0.02332908715352767,0.3,True,False,0.0,True,2595,4170
17,2,0.0,0.0,uniform,0,uniform,0.3,fixed,stage1,,,10,0.03551460459096045,0.01988937022785346,0.0544345366915647,0.016330361007469447,0.3,True,False,0.0,True,2805,4587
17,2,0.0,0.0,uniform,0,uniform,0.3,fixed,stage1,,,11,0.03551460459096045,0.01988937022785346,0.03810417568409526,0.011431252705228639,0.3,True,False,0.0,True,3003,5004
17,2,0.0,0.0,uniform,0,uniform,0.3,fixed,stage1,,,12,0.03551460459096045,0.01988937022785346,0.026672922978866618,0.008001876893659905,0.3,True,False,0.0,True,3210,5421
17,2,0.0,0.0,uniform,0,uniform,0.3,fixed,stage1,,,13,0.03551460459096045,0.01988937022785346,0.018671046085206713,0.005601313825561966,0.3,True,False,0.0,True,3408,5838
17,2,0.0,0.0,uniform,0,uniform,0.3,fixed,stage1,,,14,0.03551460459096045,0.01988937022785346,0.013069732259644747,0.00392091967789346,0.3,True,False,0.0,True,3624,6255
17,2,0.0,0.0,uniform,0,uniform,0.3,fixed,stage1,,,15,0.03551460459096045,0.01988937022785346,0.009148812581751289,0.0027446437745253602,0.3,True,False,0.0,True,3852,6672
17,2,0.0,0.0,uniform,0,uniform,0.3,fixed,stage1,,,16,0.03551460459096045,0.01988937022785346,0.006404168807225928,0.0019212506421677437,0.3,True,False,0.0,True,4083,7089
17,2,0.0,0.0,uniform,0,uniform,0.3,fixed,stage1,,,17,0.035514594410218314,0.019889356568455696,0.004482206250958457,0.001344661875287487,0.3,True,False,-1.36593977621835e-08,True,4305,7506
17,2,0.0,0.0,uniform,0,uniform,0.3,fixed,stage1,,,18,0.03551460459096045,0.01988937022785346,0.003138256289770697,0.0009414768869311953,0.3,True,False,1.36593977621835e-08,True,4521,7923
17,2,0.0,0.0,uniform,0,uniform,0.3,fixed,stage1,,,19,0.035514594410218314,0.019889356568455696,0.0021960674887397747,0.0006588202466219651,0.3,True,False,-1.36593977621835e-08,True,4725,8340
17,2,0.0,0.0,uniform,0,uniform,0.5,fixed,stage1,,,0,0.02214459596669327,0.014301481967171034,0.6324467209225075,0.3162233604612537,0.5,True,False,,True,261,417
17,2,0.0,0.0,uniform,0,uniform,0.5,fixed,stage1,,,1,0.022460601012952663,0.014241250231862068,0.3135830738591203,0.15679153692956022,0.5,True,False,-6.0231735308965625e-05,True,723,834
17,2,0.0,0.0,uniform,0,uniform,0.5,fixed,stage1,,,2,0.03551353108773658,0.0198892696450154,0.5464049598786972,0.27320247993934865,0.5,True,False,0.005648019413153332,True,867,1251
17,2,0.0,0.0,uniform,0,uniform,0.5,fixed,stage1,,,3,0.03551460459096045,0.01988937022785346,0.2732077221816186,0.13660386109080935,0.5,True,False,1.0058283805847168e-07,True,1095,1668
17,2,0.0,0.0,uniform,0,uniform,0.5,fixed,stage1,,,4,0.03551460459096045,0.01988937022785346,0.13660386109080924,0.06830193054540468,0.5,True,False,0.0,True,1305,2085
17,2,0.0,0.0,uniform,0,uniform,0.5,fixed,stage1,,,5,0.03551460459096045,0.01988937022785346,0.06830193054540457,0.03415096527270223,0.5,True,False,0.0,True,1533,2502
17,2,0.0,0.0,uniform,0,uniform,0.5,fixed,stage1,,,6,0.03551460459096045,0.01988937022785346,0.03415096527270234,0.01707548263635118,0.5,True,False,0.0,True,1746,2919
17,2,0.0,0.0,uniform,0,uniform,0.5,fixed,stage1,,,7,0.03551460459096045,0.01988937022785346,0.017075482636351155,0.008537741318175564,0.5,True,False,0.0,True,1944,3336
17,2,0.0,0.0,uniform,0,uniform,0.5,fixed,stage1,,,8,0.03551460459096045,0.01988937022785346,0.008537741318175592,0.00426887065908774,0.5,True,False,0.0,True,2172,3753
17,2,0.0,0.0,uniform,0,uniform,0.5,fixed,stage1,,,9,0.035514594410218314,0.019889356568455696,0.004268158744988125,0.0021340793724941177,0.5,True,False,-1.36593977621835e-08,True,2394,4170
17,2,0.0,0.0,uniform,0,uniform,0.5,fixed,stage1,,,10,0.035514594410218314,0.019889356568455696,0.0021340793724940075,0.0010670396862470597,0.5,True,False,0.0,True,2598,4587
17,2,0.0,0.0,uniform,0,uniform,0.5,fixed,stage1,,,11,0.03551460459096045,0.01988937022785346,0.0010677516003466747,0.0005338758001732676,0.5,True,False,1.36593977621835e-08,True,2805,5004
17,2,0.0,0.0,uniform,0,uniform,0.5,fixed,stage1,,,12,0.035514594410218314,0.019889356568455696,0.0005331638860736803,0.0002665819430367842,0.5,True,False,-1.36593977621835e-08,True,3027,5421
17,2,0.0,0.0,uniform,0,uniform,1.0,fixed,stage1,,,0,0.02214459596669327,0.014301481967171034,0.6324467209225075,0.6324467209225075,1.0,True,False,,True,261,417
17,2,0.0,0.0,uniform,0,uniform,1.0,fixed,stage1,,,1,0.035511461989184534,0.019887929782271385,0.3869033120693429,0.3869033120693429,1.0,True,False,0.005586447815100351,True,483,834
17,2,0.0,0.0,uniform,0,uniform,1.0,fixed,stage1,,,2,0.035514594410218314,0.019889356568455696,7.435460583102294e-05,7.435460583102294e-05,1.0,True,False,1.426786184310913e-06,True,708,1251
18,2,0.0,0.0,uniform,0,uniform,0.0,fixed,stage1,,,0,0.011424449820495397,0.0025246466199556985,0.5578285388811667,0.0,0.0,False,False,,True,99,39
18,2,0.0,0.0,uniform,0,uniform,0.3,fixed,stage1,,,0,0.011424449820495397,0.0025246466199556985,0.5578285388811667,0.16734856166435003,0.3,True,False,,True,99,39
18,2,0.0,0.0,uniform,0,uniform,0.3,fixed,stage1,,,1,0.011197049242934187,0.002438583721717199,0.36189513189346084,0.10856853956803825,0.3,True,False,-8.606289823849967e-05,True,234,78
18,2,0.0,0.0,uniform,0,uniform,0.3,fixed,stage1,,,2,0.01121550456294007,0.0024405568838119507,0.2539491049105438,0.07618473147316307,0.3,True,False,1.9731620947518493e-06,True,354,117
18,2,0.0,0.0,uniform,0,uniform,0.3,fixed,stage1,,,3,0.011204082388629799,0.0024355625112851462,0.1761915290142823,0.05285745870428471,0.3,True,False,-4.9943725268044616e-06,True,531,156
18,2,0.0,0.0,uniform,0,uniform,0.3,fixed,stage1,,,4,0.011802891930785986,0.0023942080636819205,0.11066074390879369,0.0331982231726381,0.3,True,False,-4.135444760322571e-05,True,957,195
18,2,0.0,0.0,uniform,0,uniform,0.3,fixed,stage1,,,5,0.01004830043672389,0.0028963287671407065,0.2893731039703968,0.08681193119111899,0.3,True,False,0.000502120703458786,True,1149,234
18,2,0.0,0.0,uniform,0,uniform,0.3,fixed,stage1,,,6,0.010048888136992562,0.00289611021677653,0.2024310540349675,0.0607293162104903,0.3,True,False,-2.185503641767214e-07,True,1338,273
18,2,0.0,0.0,uniform,0,uniform,0.3,fixed,stage1,,,7,0.010048928521493583,0.002896081656217575,0.14168473710892976,0.04250542113267883,0.3,True,False,-2.8560558954730114e-08,True,1542,312
18,2,0.0,0.0,uniform,0,uniform,0.3,fixed,stage1,,,8,0.010048777381811147,0.0028961474696795144,0.09921849273249839,0.029765547819749535,0.3,True,False,6.581346193934925e-08,True,1740,351
18,2,0.0,0.0,uniform,0,uniform,0.3,fixed,stage1,,,9,0.010049763759833463,0.0028957724571228027,0.06922976779015598,0.020768930337046826,0.3,True,False,-3.750125567116881e-07,True,1938,390
18,2,0.0,0.0,uniform,0,uniform,0.3,fixed,stage1,,,10,0.010048784060086247,0.0028961338102817535,0.048675883203781065,0.014602764961134287,0.3,True,False,3.6135315895080566e-07,True,2160,429
18,2,0.0,0.0,uniform,0,uniform,0.3,fixed,stage1,,,11,0.010048808949801202,0.0028961201508839927,0.03406498705251407,0.010219496115754192,0.3,True,False,-1.3659397760882458e-08,True,2343,468
18,2,0.0,0.0,uniform,0,uniform,0.3,fixed,stage1,,,12,0.010049225625420932,0.002896031985680262,0.02379301217347131,0.007137903652041408,0.3,True,False,-8.816520373055442e-08,True,2559,507
18,2,0.0,0.0,uniform,0,uniform,0.3,fixed,stage1,,,13,0.01004898606294441,0.0028960580627123513,0.016670629620535615,0.005001188886160676,0.3,True,False,2.60770320892334e-08,True,2784,546
18,2,0.0,0.0,uniform,0,uniform,0.3,fixed,stage1,,,14,0.01004889040700685,0.0028961114585399628,0.011701224099484278,0.0035103672298452127,0.3,True,False,5.3395827611431995e-08,True,3006,585
18,2,0.0,0.0,uniform,0,uniform,0.3,fixed,stage1,,,15,0.010048910097678776,0.002896102766195933,0.008185682644178141,0.0024557047932534104,0.3,True,False,-8.692344029889026e-09,True,3210,624
18,2,0.0,0.0,uniform,0,uniform,0.3,fixed,stage1,,,16,0.010048805888955292,0.0028961350520451865,0.005749196773709109,0.0017247590321126799,0.3,True,False,3.228584925362571e-08,True,3429,663
18,2,0.0,0.0,uniform,0,uniform,0.3,fixed,stage1,,,17,0.01004888346511379,0.0028961139420668283,0.004011871407925152,0.0012035614223775415,0.3,True,False,-2.1109978358239967e-08,True,3663,702
18,2,0.0,0.0,uniform,0,uniform,0.3,fixed,stage1,,,18,0.010048900753920675,0.0028961002826690674,0.002800179059823396,0.0008400537179469869,0.3,True,False,-1.3659397760882458e-08,True,3912,741
18,2,0.0,0.0,uniform,0,uniform,0.3,fixed,stage1,,,19,0.010048900753920675,0.0028961002826690674,0.001960125341876409,0.0005880376025629019,0.3,True,False,0.0,True,4161,780
18,2,0.0,0.0,uniform,0,uniform,0.5,fixed,stage1,,,0,0.011424449820495397,0.0025246466199556985,0.5578285388811667,0.2789142694405834,0.5,True,False,,True,99,39
18,2,0.0,0.0,uniform,0,uniform,0.5,fixed,stage1,,,1,0.011214624419583319,0.002440220365921656,0.2508456651688205,0.12542283258441025,0.5,True,False,-8.442625403404236e-05,True,219,78
18,2,0.0,0.0,uniform,0,uniform,0.5,fixed,stage1,,,2,0.011810793118902096,0.0023921914398670197,0.11068045671251694,0.05534022835625843,0.5,True,False,-4.802892605463649e-05,True,705,117
18,2,0.0,0.0,uniform,0,uniform,0.5,fixed,stage1,,,3,0.010048760620156916,0.002896143744389216,0.2677431278030921,0.133871563901546,0.5,True,False,0.0005039523045221963,True,891,156
18,2,0.0,0.0,uniform,0,uniform,0.5,fixed,stage1,,,4,0.010048896213892766,0.0028961127003033957,0.13385308388641043,0.06692654194320519,0.5,True,False,-3.104408582022683e-08,True,1095,195
18,2,0.0,0.0,uniform,0,uniform,0.5,fixed,stage1,,,5,0.010049620172361051,0.002895874281724294,0.06678464671766743,0.03339232335883377,0.5,True,False,-2.384185791015625e-07,True,1293,234
18,2,0.0,0.0,uniform,0,uniform,0.5,fixed,stage1,,,6,0.010048786725530612,0.002896136293808619,0.03354826331023933,0.01677413165511961,0.5,True,False,2.620120843248655e-07,True,1512,273
18,2,0.0,0.0,uniform,0,uniform,0.5,fixed,stage1,,,7,0.01004898606294441,0.0028960580627123513,0.01672756438306748,0.008363782191533789,0.5,True,False,-7.82310962677002e-08,True,1737,312
18,2,0.0,0.0,uniform,0,uniform,0.5,fixed,stage1,,,8,0.01004890088577104,0.0028961127003033957,0.00839630473771806,0.004198152368859037,0.5,True,False,5.4637591044397193e-08,True,1950,351
18,2,0.0,0.0,uniform,0,uniform,0.5,fixed,stage1,,,9,0.01004888346511379,0.0028961139420668283,0.004198891551436171,0.002099445775718023,0.5,True,False,1.2417634325315174e-09,True,2193,390
18,2,0.0,0.0,uniform,0,uniform,0.5,fixed,stage1,,,10,0.010048900753920675,0.0028961002826690674,0.0020913148499939332,0.0010456574249970152,0.5,True,False,-1.3659397760882458e-08,True,2442,429
18,2,0.0,0.0,uniform,0,uniform,0.5,fixed,stage1,,,11,0.01004888586697783,0.00289611021677653,0.0010515708074961272,0.0005257854037480775,0.5,True,False,9.934107462420544e-09,True,2664,468
18,2,0.0,0.0,uniform,0,uniform,0.5,fixed,stage1,,,12,0.01004888586697783,0.00289611021677653,0.0005257854037480497,0.0002628927018740318,0.5,True,False,0.0,True,2886,507
18,2,0.0,0.0,uniform,0,uniform,1.0,fixed,stage1,,,0,0.011424449820495397,0.0025246466199556985,0.5578285388811667,0.5578285388811667,1.0,True,False,,True,99,39
18,2,0.0,0.0,uniform,0,uniform,1.0,fixed,stage1,,,1,0.01004890429079297,0.002896102766195933,0.16956752588150587,0.16956752588150587,1.0,True,False,0.0003714561462402344,True,288,78
18,2,0.0,0.0,uniform,0,uniform,1.0,fixed,stage1,,,2,0.01004891123268603,0.002896097799142202,2.956667213116493e-06,2.956667213116493e-06,1.0,True,False,-4.9670537309934315e-09,True,510,117
19,2,0.0,0.0,uniform,0,uniform,0.0,fixed,stage1,,,0,0.022678107423880434,0.011140599846839905,0.5949991559683515,0.0,0.0,False,False,,True,237,39
19,2,0.0,0.0,uniform,0,uniform,0.3,fixed,stage1,,,0,0.022678107423880434,0.011140599846839905,0.5949991559683515,0.17849974679050545,0.3,True,False,,True,237,39
19,2,0.0,0.0,uniform,0,uniform,0.3,fixed,stage1,,,1,0.022068398542103296,0.011055073390404383,0.41337416369537094,0.12401224910861128,0.3,True,False,-8.552645643552202e-05,True,372,78
19,2,0.0,0.0,uniform,0,uniform,0.3,fixed,stage1,,,2,0.02027832852636635,0.01089514916141828,0.2836053136912906,0.08508159410738711,0.3,True,False,-0.00015992422898610317,True,702,117
19,2,0.0,0.0,uniform,0,uniform,0.3,fixed,stage1,,,3,0.0058267696346092634,0.01559583842754364,0.4331613827182316,0.12994841481546948,0.3,True,False,0.0047006892661253605,True,1155,156
19,2,0.0,0.0,uniform,0,uniform,0.3,fixed,stage1,,,4,0.008377957056653784,0.022770798454682033,0.7891246618446934,0.23673739855340803,0.3,True,False,0.007174960027138393,True,1398,195
19,2,0.0,0.0,uniform,0,uniform,0.3,fixed,stage1,,,5,0.01912590429411143,0.01998017355799675,0.4370333409606465,0.13111000228819392,0.3,True,False,-0.0027906248966852835,True,1659,234
19,2,0.0,0.0,uniform,0,uniform,0.3,fixed,stage1,,,6,0.02312401435349365,0.018240867803494137,0.17400329794665448,0.05220098938399639,0.3,True,False,-0.0017393057545026132,True,1989,273
19,2,0.0,0.0,uniform,0,uniform,0.3,fixed,stage1,,,7,0.023304206446406184,0.01809774587551753,0.10539343227958885,0.031618029683876614,0.3,True,False,-0.00014312192797660828,True,2238,312
19,2,0.0,0.0,uniform,0,uniform,0.3,fixed,stage1,,,8,0.020274627935380707,0.02521443118651708,0.3374582419352184,0.10123747258056545,0.3,True,False,0.00711668531099955,True,2352,351
19,2,0.0,0.0,uniform,0,uniform,0.3,fixed,stage1,,,9,0.020274126919131774,0.02433338885505994,0.23622076935465294,0.07086623080639587,0.3,True,False,-0.0008810423314571381,True,2544,390
19,2,0.0,0.0,uniform,0,uniform,0.3,fixed,stage1,,,10,0.02114002320294439,0.018519097318251927,0.09315190292698186,0.027945570878094576,0.3,True,False,-0.005814291536808014,True,2823,429
19,2,0.0,0.0,uniform,0,uniform,0.3,fixed,stage1,,,11,0.020278242087790943,0.024333074688911438,0.17990347102235432,0.05397104130670627,0.3,True,False,0.0058139773706595115,True,3066,468
19,2,0.0,0.0,uniform,0,uniform,0.3,fixed,stage1,,,12,0.020315165799530632,0.024710241705179214,0.12593242971564805,0.037779728914694395,0.3,True,False,0.0003771670162677765,True,3171,507
19,2,0.0,0.0,uniform,0,uniform,0.3,fixed,stage1,,,13,0.02031512304629679,0.024708308279514313,0.08815270080095368,0.026445810240286062,0.3,True,False,-1.9334256649017334e-06,True,3306,546
19,2,0.0,0.0,uniform,0,uniform,0.3,fixed,stage1,,,14,0.020278242087790943,0.024333074688911438,0.06170689056066761,0.018512067168200336,0.3,True,False,-0.00037523359060287476,True,3501,585
19,2,0.0,0.0,uniform,0,uniform,0.3,fixed,stage1,,,15,0.020278233119318756,0.0243330883483092,0.043194823392467274,0.01295844701774019,0.3,True,False,1.36593977621835e-08,True,3705,624
19,2,0.0,0.0,uniform,0,uniform,0.3,fixed,stage1,,,16,0.020278242087790943,0.024333074688911438,0.03023637637472709,0.009070912912418072,0.3,True,False,-1.36593977621835e-08,True,3873,663
19,2,0.0,0.0,uniform,0,uniform,0.3,fixed,stage1,,,17,0.020278233119318756,0.0243330883483092,0.021165463462309016,0.006349639038692741,0.3,True,False,1.36593977621835e-08,True,4092,702
19,2,0.0,0.0,uniform,0,uniform,0.3,fixed,stage1,,,18,0.020278242087790943,0.024333074688911438,0.014815824423616277,0.004444747327084826,0.3,True,False,-1.36593977621835e-08,True,4293,741
19,2,0.0,0.0,uniform,0,uniform,0.3,fixed,stage1,,,19,0.020278233119318756,0.0243330883483092,0.010371077096531452,0.003111323128959437,0.3,True,False,1.36593977621835e-08,True,4512,780
19,2,0.0,0.0,uniform,0,uniform,0.5,fixed,stage1,,,0,0.022678107423880434,0.011140599846839905,0.5949991559683515,0.2974995779841757,0.5,True,False,,True,237,39
19,2,0.0,0.0,uniform,0,uniform,0.5,fixed,stage1,,,1,0.02030943569246091,0.010897175719340643,0.28868997859597034,0.1443449892979851,0.5,True,False,-0.00024342412749926191,True,483,78
19,2,0.0,0.0,uniform,0,uniform,0.5,fixed,stage1,,,2,0.005262015747462101,0.0159404290219148,0.4037248359480055,0.20186241797400276,0.5,True,False,0.005043253302574156,True,717,117
19,2,0.0,0.0,uniform,0,uniform,0.5,fixed,stage1,,,3,0.02025182759624755,0.024117516974608105,0.6629596814105032,0.3314798407052516,0.5,True,False,0.008177087952693306,True,927,156
19,2,0.0,0.0,uniform,0,uniform,0.5,fixed,stage1,,,4,0.020279501574519188,0.02426479384303093,0.3314798407052515,0.16573992035262575,0.5,True,False,0.00014727686842282497,True,1125,195
19,2,0.0,0.0,uniform,0,uniform,0.5,fixed,stage1,,,5,0.020278242087790943,0.024333074688911438,0.16573992035262575,0.08286996017631282,0.5,True,False,6.828084588050842e-05,True,1335,234
19,2,0.0,0.0,uniform,0,uniform,0.5,fixed,stage1,,,6,0.019963076735841412,0.022654462605714798,0.08286996017631293,0.04143498008815652,0.5,True,False,-0.00167861208319664,True,1533,273
19,2,0.0,0.0,uniform,0,uniform,0.5,fixed,stage1,,,7,0.02131513651153938,0.01852396751443545,0.18588559533256022,0.0929427976662801,0.5,True,False,-0.004130495091279347,True,1812,312
19,2,0.0,0.0,uniform,0,uniform,0.5,fixed,stage1,,,8,0.020278233119318756,0.0243330883483092,0.12734106258865754,0.06367053129432872,0.5,True,False,0.005809120833873749,True,1998,351
19,2,0.0,0.0,uniform,0,uniform,0.5,fixed,stage1,,,9,0.020278242087790943,0.024333074688911438,0.06367053129432883,0.03183526564716436,0.5,True,False,-1.36593977621835e-08,True,2193,390
19,2,0.0,0.0,uniform,0,uniform,0.5,fixed,stage1,,,10,0.020278233119318756,0.0243330883483092,0.03183526564716447,0.01591763282358229,0.5,True,False,1.36593977621835e-08,True,2379,429
19,2,0.0,0.0,uniform,0,uniform,0.5,fixed,stage1,,,11,0.020278238018017092,0.024333149194717407,0.015917632823582183,0.007958816411791036,0.5,True,False,6.084640820705478e-08,True,2538,468
19,2,0.0,0.0,uniform,0,uniform,0.5,fixed,stage1,,,12,0.020278233119318756,0.0243330883483092,0.007958816411791145,0.003979408205895516,0.5,True,False,-6.084640820705478e-08,True,2727,507
19,2,0.0,0.0,uniform,0,uniform,0.5,fixed,stage1,,,13,0.020278253505676247,0.024333109458287556,0.003979408205895629,0.001989704102947869,0.5,True,False,2.1109978355637882e-08,True,2946,546
19,2,0.0,0.0,uniform,0,uniform,0.5,fixed,stage1,,,14,0.020278313835440542,0.024333111941814423,0.00198970410294776,0.0009948520514738244,0.5,True,False,2.4835268667977584e-09,True,3174,585
19,2,0.0,0.0,uniform,0,uniform,0.5,fixed,stage1,,,15,0.020278242087790943,0.024333074688911438,0.0009948520514739354,0.0004974260257370241,0.5,True,False,-3.725290298461914e-08,True,3387,624
19,2,0.0,0.0,uniform,0,uniform,1.0,fixed,stage1,,,0,0.022678107423880434,0.011140599846839905,0.5949991559683515,0.5949991559683515,1.0,True,False,,True,237,39
19,2,0.0,0.0,uniform,0,uniform,1.0,fixed,stage1,,,1,0.020208087887331416,0.023823365569114685,0.7116675106983152,0.7116675106983152,1.0,True,False,0.01268276572227478,True,456,78
19,2,0.0,0.0,uniform,0,uniform,1.0,fixed,stage1,,,2,0.020278242087790943,0.024333074688911438,0.0,0.0,1.0,True,False,0.0005097091197967529,True,684,117
20,2,0.0,0.0,uniform,0,uniform,0.0,fixed,stage1,,,0,0.003687130118014359,0.011514739443858465,1.2465637385508066,0.0,0.0,False,False,,True,93,507
20,2,0.0,0.0,uniform,0,uniform,0.3,fixed,stage1,,,0,0.003687130118014359,0.011514739443858465,1.2465637385508066,0.37396912156524204,0.3,True,False,,True,93,507
20,2,0.0,0.0,uniform,0,uniform,0.3,fixed,stage1,,,1,0.01648743254633689,0.015083309262990952,0.9326975451014247,0.27980926353042734,0.3,True,False,0.0035685698191324864,True,381,1014
20,2,0.0,0.0,uniform,0,uniform,0.3,fixed,stage1,,,2,0.024341980700190557,0.018268335610628128,0.6528882815709973,0.1958664844712992,0.3,True,False,0.0031850263476371765,True,564,1521
20,2,0.0,0.0,uniform,0,uniform,0.3,fixed,stage1,,,3,0.024203305098304817,0.018305533876021702,0.4570217970996981,0.13710653912990944,0.3,True,False,3.7198265393573876e-05,True,687,2028
20,2,0.0,0.0,uniform,0,uniform,0.3,fixed,stage1,,,4,0.023530517121420402,0.01822293425599734,0.31991525796978865,0.09597457739093662,0.3,True,False,-8.259962002436089e-05,True,780,2535
20,2,0.0,0.0,uniform,0,uniform,0.3,fixed,stage1,,,5,0.023937647760239322,0.018464919179677963,0.22394068057885202,0.06718220417365561,0.3,True,False,0.00024198492368062222,True,897,3042
20,2,0.0,0.0,uniform,0,uniform,0.3,fixed,stage1,,,6,0.024342134581646135,0.018268382797638576,0.15675847640519638,0.04702754292155884,0.3,True,False,-0.00019653638203938686,True,1107,3549
20,2,0.0,0.0,uniform,0,uniform,0.3,fixed,stage1,,,7,0.024342046979149767,0.018268365412950516,0.10973093348363755,0.03291928004509126,0.3,True,False,-1.7384688060645415e-08,True,1308,4056
20,2,0.0,0.0,uniform,0,uniform,0.3,fixed,stage1,,,8,0.024342071473220983,0.018268387764692307,0.07681165343854629,0.02304349603156381,0.3,True,False,2.2351741790771484e-08,True,1491,4563
20,2,0.0,0.0,uniform,0,uniform,0.3,fixed,stage1,,,9,0.024342119309142873,0.018268415083487827,0.053768157406982486,0.016130447222094797,0.3,True,False,2.7318795520897554e-08,True,1689,5070
20,2,0.0,0.0,uniform,0,uniform,0.3,fixed,stage1,,,10,0.024348405276329643,0.018269060800472896,0.03763771018488769,0.011291313055466342,0.3,True,False,6.457169850690447e-07,True,1830,5577
20,2,0.0,0.0,uniform,0,uniform,0.3,fixed,stage1,,,11,0.024342134581646135,0.018268382797638576,0.02634639712942135,0.007903919138826392,0.3,True,False,-6.780028343200684e-07,True,2022,6084
20,2,0.0,0.0,uniform,0,uniform,0.3,fixed,stage1,,,12,0.024342096543340297,0.01826836292942365,0.01844247799059496,0.005532743397178422,0.3,True,False,-1.9868214927443173e-08,True,2217,6591
20,2,0.0,0.0,uniform,0,uniform,0.3,fixed,stage1,,,13,0.024342001161220317,0.018268415083487827,0.012909734593416534,0.003872920378024969,0.3,True,False,5.21540641784668e-08,True,2406,7098
20,2,0.0,0.0,uniform,0,uniform,0.3,fixed,stage1,,,14,0.02434201816236925,0.018268343061208725,0.009036814215391566,0.0027110442646174435,0.3,True,False,-7.202227910244052e-08,True,2589,7605
20,2,0.0,0.0,uniform,0,uniform,0.3,fixed,stage1,,,15,0.024342046979149767,0.018268365412950516,0.006325769950774123,0.0018977309852323022,0.3,True,False,2.2351741790771484e-08,True,2811,8112
20,2,0.0,0.0,uniform,0,uniform,0.3,fixed,stage1,,,16,0.024342069744843542,0.018268422534068424,0.004428038965541821,0.001328411689662569,0.3,True,False,5.7121117908592867e-08,True,3015,8619
20,2,0.0,0.0,uniform,0,uniform,0.3,fixed,stage1,,,17,0.024342046403021733,0.018268382797638576,0.0030996272758792515,0.0009298881827637636,0.3,True,False,-3.973642984794745e-08,True,3237,9126
20,2,0.0,0.0,uniform,0,uniform,0.3,fixed,stage1,,,18,0.024342246101932474,0.01826844985286395,0.002169739093115488,0.000650921727934667,0.3,True,False,6.705522537231445e-08,True,3447,9633
20,2,0.0,0.0,uniform,0,uniform,0.3,fixed,stage1,,,19,0.024342036029225245,0.018268395215272903,0.001518817365180821,0.00045564520955428903,0.3,True,False,-5.4637591045264555e-08,True,3663,10140
20,2,0.0,0.0,uniform,0,uniform,0.5,fixed,stage1,,,0,0.003687130118014359,0.011514739443858465,1.2465637385508066,0.6232818692754033,0.5,True,False,,True,93,507
20,2,0.0,0.0,uniform,0,uniform,0.5,fixed,stage1,,,1,0.024342048131352545,0.018268355478843052,0.6833847973912635,0.3416923986956317,0.5,True,False,0.006753616034984587,True,297,1014
20,2,0.0,0.0,uniform,0,uniform,0.5,fixed,stage1,,,2,0.02332004752064165,0.01806190237402916,0.3416923986956317,0.17084619934781586,0.5,True,False,-0.00020645310481389248,True,390,1521
20,2,0.0,0.0,uniform,0,uniform,0.5,fixed,stage1,,,3,0.02434208501744317,0.018268410116434097,0.17084619934781586,0.08542309967390788,0.5,True,False,0.00020650774240493774,True,627,2028
20,2,0.0,0.0,uniform,0,uniform,0.5,fixed,stage1,,,4,0.024342119309142873,0.018268415083487827,0.08542309967390799,0.042711549836954035,0.5,True,False,4.96705373012607e-09,True,846,2535
20,2,0.0,0.0,uniform,0,uniform,0.5,fixed,stage1,,,5,0.024353073790587487,0.018269276867310207,0.04271154983695394,0.02135577491847697,0.5,True,False,8.617838223798358e-07,True,963,3042
20,2,0.0,0.0,uniform,0,uniform,0.5,fixed,stage1,,,6,0.024342723863497895,0.018268405149380367,0.02135577491847697,0.010677887459238429,0.5,True,False,-8.717179298400879e-07,True,1101,3549
20,2,0.0,0.0,uniform,0,uniform,0.5,fixed,stage1,,,7,0.024342036605379036,0.018268390248219173,0.01067788745923854,0.0053389437296193255,0.5,True,False,-1.4901161193847656e-08,True,1302,4056
20,2,0.0,0.0,uniform,0,uniform,0.5,fixed,stage1,,,8,0.024342036605379036,0.018268390248219173,0.005338943729619216,0.0026694718648095535,0.5,True,False,0.0,True,1533,4563
20,2,0.0,0.0,uniform,0,uniform,0.5,fixed,stage1,,,9,0.024342046979149767,0.018268365412950516,0.0026694718648096628,0.0013347359324048843,0.5,True,False,-2.4835268657569243e-08,True,1758,5070
20,2,0.0,0.0,uniform,0,uniform,0.5,fixed,stage1,,,10,0.024342085593556995,0.018268382797638576,0.0013347359324047785,0.0006673679662023892,0.5,True,False,1.7384688060645415e-08,True,1971,5577
20,2,0.0,0.0,uniform,0,uniform,0.5,fixed,stage1,,,11,0.024342007788589637,0.01826837534705798,0.0006673679662023892,0.0003336839831011946,0.5,True,False,-7.450580596923828e-09,True,2193,6084
20,2,0.0,0.0,uniform,0,uniform,1.0,fixed,stage1,,,0,0.003687130118014359,0.011514739443858465,1.2465637385508066,1.2465637385508066,1.0,True,False,,True,93,507
20,2,0.0,0.0,uniform,0,uniform,1.0,fixed,stage1,,,1,0.02434196254673182,0.01826838528116544,0.0601029281158601,0.0601029281158601,1.0,True,False,0.006753645837306975,True,297,1014
20,2,0.0,0.0,uniform,0,uniform,1.0,fixed,stage1,,,2,0.024342083865162234,0.01826842998464902,0.0,0.0,1.0,True,False,4.470348358154297e-08,True,513,1521
21,2,0.0,0.0,uniform,0,uniform,0.0,fixed,stage1,,,0,0.023951257892143474,0.017984855299194653,0.9015449600981302,0.0,0.0,False,False,,True,255,408
21,2,0.0,0.0,uniform,0,uniform,0.3,fixed,stage1,,,0,0.023951257892143474,0.017984855299194653,0.9015449600981302,0.2704634880294391,0.3,True,False,,True,255,408
21,2,0.0,0.0,uniform,0,uniform,0.3,fixed,stage1,,,1,0.02647159650310016,0.01889848771194617,0.6610111010740404,0.19830333032221215,0.3,True,False,0.000913632412751518,True,540,816
21,2,0.0,0.0,uniform,0,uniform,0.3,fixed,stage1,,,2,0.006799910368083584,0.00039291568100452423,0.06761591055839455,0.020284773167518394,0.3,True,False,-0.018505572030941646,True,870,1224
21,2,0.0,0.0,uniform,0,uniform,0.3,fixed,stage1,,,3,0.058174079106433574,0.02901328292985757,0.8581846214825339,0.2574553864447602,0.3,True,False,0.028620367248853047,True,987,1632
21,2,0.0,0.0,uniform,0,uniform,0.3,fixed,stage1,,,4,0.06008388799129705,0.02960580276946227,0.6007292350377738,0.18021877051133206,0.3,True,False,0.000592519839604698,True,1179,2040
21,2,0.0,0.0,uniform,0,uniform,0.3,fixed,stage1,,,5,0.06008565944492972,0.02960626594722271,0.4205104645264416,0.12615313935793254,0.3,True,False,4.631777604409415e-07,True,1365,2448
21,2,0.0,0.0,uniform,0,uniform,0.3,fixed,stage1,,,6,0.06008577869657472,0.029606280848383904,0.29435732516850904,0.08830719755055273,0.3,True,False,1.4901161193847656e-08,True,1572,2856
21,2,0.0,0.0,uniform,0,uniform,0.3,fixed,stage1,,,7,0.0600860033422812,0.029606458420554798,0.20605012761795632,0.06181503828538685,0.3,True,False,1.7757217089450772e-07,True,1794,3264
21,2,0.0,0.0,uniform,0,uniform,0.3,fixed,stage1,,,8,0.06008599557438288,0.0296064509699742,0.14423508933256945,0.04327052679977084,0.3,True,False,-7.450580596923828e-09,True,1986,3672
21,2,0.0,0.0,uniform,0,uniform,0.3,fixed,stage1,,,9,0.06008599557438288,0.0296064509699742,0.10096456253279862,0.030289368759839577,0.3,True,False,0.0,True,2178,4080
21,2,0.0,0.0,uniform,0,uniform,0.3,fixed,stage1,,,10,0.06008583139361079,0.02960631561776002,0.07067519377295906,0.02120255813188774,0.3,True,False,-1.353522141797625e-07,True,2364,4488
21,2,0.0,0.0,uniform,0,uniform,0.3,fixed,stage1,,,11,0.06008587632275386,0.029606347903609276,0.04947263564107131,0.014841790692321336,0.3,True,False,3.228584925449307e-08,True,2547,4896
21,2,0.0,0.0,uniform,0,uniform,0.3,fixed,stage1,,,12,0.060085749303219416,0.02960630568365256,0.034630844948749975,0.010389253484625017,0.3,True,False,-4.221995671474521e-08,True,2736,5304
21,2,0.0,0.0,uniform,0,uniform,0.3,fixed,stage1,,,13,0.060085749303219416,0.02960630568365256,0.024241591464124957,0.007272477439237457,0.3,True,False,0.0,True,2925,5712
21,2,0.0,0.0,uniform,0,uniform,0.3,fixed,stage1,,,14,0.06008570437407457,0.02960626098016898,0.016969114024887502,0.005090734207466216,0.3,True,False,-4.470348358154297e-08,True,3102,6120
21,2,0.0,0.0,uniform,0,uniform,0.3,fixed,stage1,,,15,0.06008570437407457,0.02960626098016898,0.011878379817421285,0.0035635139452263632,0.3,True,False,0.0,True,3279,6528
21,2,0.0,0.0,uniform,0,uniform,0.3,fixed,stage1,,,16,0.060085749303219416,0.02960630568365256,0.008314865872194922,0.002494459761658489,0.3,True,False,4.470348358154297e-08,True,3471,6936
21,2,0.0,0.0,uniform,0,uniform,0.3,fixed,stage1,,,17,0.060085749303219416,0.02960630568365256,0.005820406110536433,0.0017461218331609168,0.3,True,False,0.0,True,3663,7344
21,2,0.0,0.0,uniform,0,uniform,0.3,fixed,stage1,,,18,0.060085749303219416,0.02960630568365256,0.004074284277375516,0.0012222852832126556,0.3,True,False,0.0,True,3855,7752
21,2,0.0,0.0,uniform,0,uniform,0.3,fixed,stage1,,,19,0.060085749303219416,0.02960630568365256,0.0028519989941628602,0.0008555996982488696,0.3,True,False,0.0,True,4047,8160
21,2,0.0,0.0,uniform,0,uniform,0.5,fixed,stage1,,,0,0.023951257892143474,0.017984855299194653,0.9015449600981302,0.4507724800490651,0.5,True,False,,True,255,408
21,2,0.0,0.0,uniform,0,uniform,0.5,fixed,stage1,,,1,0.010047687543894845,0.0036675898979107537,0.02850727363411143,0.014253636817055687,0.5,True,False,-0.0143172654012839,True,588,816
21,2,0.0,0.0,uniform,0,uniform,0.5,fixed,stage1,,,2,0.05844891629568849,0.02912808395922184,0.8552210538073524,0.42761052690367624,0.5,True,False,0.025460494061311085,True,693,1224
21,2,0.0,0.0,uniform,0,uniform,0.5,fixed,stage1,,,3,0.06008577869657472,0.029606280848383904,0.42761052690367607,0.21380526345183798,0.5,True,False,0.0004781968891620636,True,879,1632
21,2,0.0,0.0,uniform,0,uniform,0.5,fixed,stage1,,,4,0.06008575707111774,0.029606303200125694,0.2138052634518381,0.10690263172591899,0.5,True,False,2.2351741790771484e-08,True,1080,2040
21,2,0.0,0.0,uniform,0,uniform,0.5,fixed,stage1,,,5,0.06008587632275386,0.029606347903609276,0.1069026317259191,0.053451315862959606,0.5,True,False,4.470348358154297e-08,True,1248,2448
21,2,0.0,0.0,uniform,0,uniform,0.5,fixed,stage1,,,6,0.06008599557438288,0.0296064509699742,0.053451315862959495,0.026725657931479803,0.5,True,False,1.0306636492526944e-07,True,1440,2856
21,2,0.0,0.0,uniform,0,uniform,0.5,fixed,stage1,,,7,0.060085749303219416,0.02960630568365256,0.026725657931479692,0.013362828965739683,0.5,True,False,-1.4528632164001465e-07,True,1629,3264
21,2,0.0,0.0,uniform,0,uniform,0.5,fixed,stage1,,,8,0.060085749303219416,0.02960630568365256,0.01336282896574001,0.00668141448287006,0.5,True,False,0.0,True,1821,3672
21,2,0.0,0.0,uniform,0,uniform,0.5,fixed,stage1,,,9,0.060085749303219416,0.02960630568365256,0.006681414482869951,0.0033407072414349207,0.5,True,False,0.0,True,2013,4080
21,2,0.0,0.0,uniform,0,uniform,0.5,fixed,stage1,,,10,0.0600860033422812,0.029606458420554798,0.00334070724143503,0.0016703536207175688,0.5,True,False,1.5273690223693848e-07,True,2196,4488
21,2,0.0,0.0,uniform,0,uniform,0.5,fixed,stage1,,,11,0.0600860033422812,0.029606458420554798,0.0016703536207174612,0.0008351768103587306,0.5,True,False,0.0,True,2379,4896
21,2,0.0,0.0,uniform,0,uniform,0.5,fixed,stage1,,,12,0.06008570437407457,0.02960626098016898,0.0008351768103587306,0.0004175884051793649,0.5,True,False,-1.9744038581848145e-07,True,2556,5304
21,2,0.0,0.0,uniform,0,uniform,1.0,fixed,stage1,,,0,0.023951257892143474,0.017984855299194653,0.9015449600981302,0.9015449600981302,1.0,True,False,,True,255,408
21,2,0.0,0.0,uniform,0,uniform,1.0,fixed,stage1,,,1,0.06008577869657472,0.029606280848383904,0.40512170656853647,0.40512170656853647,1.0,True,False,0.01162142554918925,True,450,816
21,2,0.0,0.0,uniform,0,uniform,1.0,fixed,stage1,,,2,0.060085749303219416,0.02960630568365256,0.0,0.0,1.0,True,False,2.4835268657569243e-08,True,642,1224
22,2,0.0,0.0,uniform,0,uniform,0.0,fixed,stage1,,,0,0.008413969116944697,0.011623198787371317,0.7913700087280686,0.0,0.0,False,False,,True,261,75
22,2,0.0,0.0,uniform,0,uniform,0.3,fixed,stage1,,,0,0.008413969116944697,0.011623198787371317,0.7913700087280686,0.23741100261842057,0.3,True,False,,True,261,75
22,2,0.0,0.0,uniform,0,uniform,0.3,fixed,stage1,,,1,0.008413926394116533,0.011623211205005646,0.5539591154076009,0.16618773462228023,0.3,True,False,1.2417634328784621e-08,True,498,150
22,2,0.0,0.0,uniform,0,uniform,0.3,fixed,stage1,,,2,0.00841401281175802,0.011623206237951914,0.3877713370661359,0.11633140111984075,0.3,True,False,-4.967053731860793e-09,True,732,225
22,2,0.0,0.0,uniform,0,uniform,0.3,fixed,stage1,,,3,0.00841398174003305,0.01162321368853251,0.2714400015250741,0.08143200045752222,0.3,True,False,7.450580596923828e-09,True,954,300
22,2,0.0,0.0,uniform,0,uniform,0.3,fixed,stage1,,,4,0.008413975914481231,0.011623218655586243,0.19000804478674369,0.05700241343602308,0.3,True,False,4.967053731860793e-09,True,1224,375
22,2,0.0,0.0,uniform,0,uniform,0.3,fixed,stage1,,,5,0.008413944842755372,0.011623218655586243,0.1330056313507206,0.039901689405216156,0.3,True,False,0.0,True,1458,450
22,2,0.0,0.0,uniform,0,uniform,0.3,fixed,stage1,,,6,0.008413975914481231,0.011623218655586243,0.09310394194550445,0.027931182583651328,0.3,True,False,0.0,True,1689,525
22,2,0.0,0.0,uniform,0,uniform,0.3,fixed,stage1,,,7,0.008413944842755372,0.011623218655586243,0.06517275936185313,0.01955182780855594,0.3,True,False,0.0,True,1929,600
22,2,0.0,0.0,uniform,0,uniform,0.3,fixed,stage1,,,8,0.008413975914481231,0.011623218655586243,0.04562093155329719,0.013686279465989097,0.3,True,False,0.0,True,2160,675
22,2,0.0,0.0,uniform,0,uniform,0.3,fixed,stage1,,,9,0.008413969602937943,0.01162321368853251,0.031934608368116235,0.00958038251043486,0.3,True,False,-4.967053731860793e-09,True,2376,750
22,2,0.0,0.0,uniform,0,uniform,0.3,fixed,stage1,,,10,0.008413944842755372,0.011623218655586243,0.02235426957687323,0.006706280873062007,0.3,True,False,4.967053731860793e-09,True,2601,825
22,2,0.0,0.0,uniform,0,uniform,0.3,fixed,stage1,,,11,0.008413944842755372,0.011623218655586243,0.015647988703811223,0.00469439661114332,0.3,True,False,0.0,True,2832,900
22,2,0.0,0.0,uniform,0,uniform,0.3,fixed,stage1,,,12,0.008414001646634972,0.011623196303844452,0.010953395356342193,0.003286018606902693,0.3,True,False,-2.2351741790771484e-08,True,3036,975
22,2,0.0,0.0,uniform,0,uniform,0.3,fixed,stage1,,,13,0.008413944842755372,0.011623218655586243,0.00766757348576521,0.0023002720457295407,0.3,True,False,2.2351741790771484e-08,True,3243,1050
22,2,0.0,0.0,uniform,0,uniform,0.3,fixed,stage1,,,14,0.008413944842755372,0.011623218655586243,0.005367301440035669,0.0016101904320106886,0.3,True,False,0.0,True,3447,1125
22,2,0.0,0.0,uniform,0,uniform,0.3,fixed,stage1,,,15,0.00841398174003305,0.01162321368853251,0.0037570672888331304,0.0011271201866498992,0.3,True,False,-4.967053731860793e-09,True,3666,1200
22,2,0.0,0.0,uniform,0,uniform,0.3,fixed,stage1,,,16,0.008413944842755372,0.011623218655586243,0.0026299908213750813,0.0007889972464125636,0.3,True,False,4.967053731860793e-09,True,3867,1275
22,2,0.0,0.0,uniform,0,uniform,0.3,fixed,stage1,,,17,0.008413944842755372,0.011623218655586243,0.0018409935749625177,0.0005522980724887716,0.3,True,False,0.0,True,4083,1350
22,2,0.0,0.0,uniform,0,uniform,0.3,fixed,stage1,,,18,0.008413944842755372,0.011623218655586243,0.001288695502473746,0.00038660865074212694,0.3,True,False,0.0,True,4302,1425
22,2,0.0,0.0,uniform,0,uniform,0.3,fixed,stage1,,,19,0.00841401281175802,0.011623206237951914,0.0009019775537608896,0.00027059326612819193,0.3,True,False,-1.2417634328784621e-08,True,4527,1500
22,2,0.0,0.0,uniform,0,uniform,0.5,fixed,stage1,,,0,0.008413969116944697,0.011623198787371317,0.7913700087280686,0.39568500436403437,0.5,True,False,,True,261,75
22,2,0.0,0.0,uniform,0,uniform,0.5,fixed,stage1,,,1,0.008414001646634972,0.011623196303844452,0.3956849825044474,0.19784249125222375,0.5,True,False,-2.483526865063035e-09,True,507,150
22,2,0.0,0.0,uniform,0,uniform,0.5,fixed,stage1,,,2,0.008414020581253512,0.011623203754425049,0.1978425568309881,0.09892127841549402,0.5,True,False,7.450580596923828e-09,True,732,225
22,2,0.0,0.0,uniform,0,uniform,0.5,fixed,stage1,,,3,0.00841398174003305,0.01162321368853251,0.09892136585386346,0.04946068292693173,0.5,True,False,9.934107461986863e-09,True,960,300
22,2,0.0,0.0,uniform,0,uniform,0.5,fixed,stage1,,,4,0.008414006986204425,0.011623198787371317,0.04946055176938479,0.024730275884692395,0.5,True,False,-1.4901161193847656e-08,True,1173,375
22,2,0.0,0.0,uniform,0,uniform,0.5,fixed,stage1,,,5,0.008413975914481231,0.011623218655586243,0.02473045076143119,0.012365225380715567,0.5,True,False,1.986821492570845e-08,True,1398,450
22,2,0.0,0.0,uniform,0,uniform,0.5,fixed,stage1,,,6,0.008413944842755372,0.011623218655586243,0.012365225380715623,0.006182612690357785,0.5,True,False,0.0,True,1608,525
22,2,0.0,0.0,uniform,0,uniform,0.5,fixed,stage1,,,7,0.008413944842755372,0.011623218655586243,0.006182612690357837,0.0030913063451789187,0.5,True,False,0.0,True,1845,600
22,2,0.0,0.0,uniform,0,uniform,0.5,fixed,stage1,,,8,0.00841401281175802,0.011623206237951914,0.003091197047208189,0.001545598523604013,0.5,True,False,-1.2417634328784621e-08,True,2034,675
22,2,0.0,0.0,uniform,0,uniform,0.5,fixed,stage1,,,9,0.00841401281175802,0.011623206237951914,0.001545598523604176,0.0007727992618020603,0.5,True,False,0.0,True,2235,750
22,2,0.0,0.0,uniform,0,uniform,0.5,fixed,stage1,,,10,0.008413944842755372,0.011623218655586243,0.0007729085597728454,0.00038645427988644523,0.5,True,False,1.2417634328784621e-08,True,2484,825
22,2,0.0,0.0,uniform,0,uniform,1.0,fixed,stage1,,,0,0.008413969116944697,0.011623198787371317,0.7913700087280686,0.7913700087280686,1.0,True,False,,True,261,75
22,2,0.0,0.0,uniform,0,uniform,1.0,fixed,stage1,,,1,0.00841401281175802,0.011623206237951914,6.557876806520535e-08,6.557876801316365e-08,1.0,True,False,7.450580596923828e-09,True,495,150
23,2,0.0,0.0,uniform,0,uniform,0.0,fixed,stage1,,,0,0.008365733889928118,0.002972679833571116,0.6452051876424538,0.0,0.0,False,False,,True,120,48
23,2,0.0,0.0,uniform,0,uniform,0.3,fixed,stage1,,,0,0.008365733889928118,0.002972679833571116,0.6452051876424538,0.19356155629273616,0.3,True,False,,True,120,48
23,2,0.0,0.0,uniform,0,uniform,0.3,fixed,stage1,,,1,0.008241971099018974,0.002945375939210256,0.4513489193258099,0.13540467579774298,0.3,True,False,-2.73038943608599e-05,True,237,96
23,2,0.0,0.0,uniform,0,uniform,0.3,fixed,stage1,,,2,0.00804160770381579,0.002882781128088633,0.31526962442398504,0.09458088732719556,0.3,True,False,-6.259481112162301e-05,True,432,144
23,2,0.0,0.0,uniform,0,uniform,0.3,fixed,stage1,,,3,0.006158138483089659,0.002706877887248993,0.21880046399670416,0.06564013919901127,0.3,True,False,-0.00017590324083964015,True,741,192
23,2,0.0,0.0,uniform,0,uniform,0.3,fixed,stage1,,,4,0.007182061289833008,0.0022545605897903442,0.14835526907130736,0.04450658072139223,0.3,True,False,-0.0004523172974586487,True,924,240
23,2,0.0,0.0,uniform,0,uniform,0.3,fixed,stage1,,,5,0.002812134028410407,0.004701179762681325,0.11963949399525516,0.035891848198576534,0.3,True,False,0.0024466191728909807,True,1095,288
23,2,0.0,0.0,uniform,0,uniform,0.3,fixed,stage1,,,6,0.0023408668880599004,0.005022428929805756,0.08374764579667857,0.0251242937390036,0.3,True,False,0.00032124916712443063,True,1296,336
23,2,0.0,0.0,uniform,0,uniform,0.3,fixed,stage1,,,7,0.003918166895714115,0.004054432113965352,0.05862335205767508,0.01758700561730247,0.3,True,False,-0.0009679968158404035,True,1461,384
23,2,0.0,0.0,uniform,0,uniform,0.3,fixed,stage1,,,8,0.002340921498158677,0.005022394160429637,0.041640913439365636,0.012492274031809691,0.3,True,False,0.0009679620464642848,True,1674,432
23,2,0.0,0.0,uniform,0,uniform,0.3,fixed,stage1,,,9,0.002341024469374675,0.005022319654623668,0.029148384424584874,0.008744515327375496,0.3,True,False,-7.450580596923828e-08,True,1881,480
23,2,0.0,0.0,uniform,0,uniform,0.3,fixed,stage1,,,10,0.0023408854597598006,0.005022414028644562,0.020404192075712986,0.006121257622713839,0.3,True,False,9.437402089407937e-08,True,2103,528
23,2,0.0,0.0,uniform,0,uniform,0.3,fixed,stage1,,,11,0.0023409623829956927,0.005022379259268443,0.01428281546083758,0.004284844638251307,0.3,True,False,-3.4769376118688744e-08,True,2298,576
23,2,0.0,0.0,uniform,0,uniform,0.3,fixed,stage1,,,12,0.0023408821447690187,0.005022414028644562,0.00999808981474784,0.002999426944424368,0.3,True,False,3.4769376118688744e-08,True,2511,624
23,2,0.0,0.0,uniform,0,uniform,0.3,fixed,stage1,,,13,0.0023408715212500653,0.00502242644627889,0.006998705367547158,0.0020996116102641425,0.3,True,False,1.241763432791726e-08,True,2712,672
23,2,0.0,0.0,uniform,0,uniform,0.3,fixed,stage1,,,14,0.0028195977220272783,0.004698316256205241,0.0048278851223633535,0.0014483655367090714,0.3,True,False,-0.0003241101900736485,True,2883,720
23,2,0.0,0.0,uniform,0,uniform,0.3,fixed,stage1,,,15,0.0055706482167168225,0.003324689964453379,0.004733407609608355,0.001420022282882561,0.3,True,False,-0.001373626291751862,True,3072,768
23,2,0.0,0.0,uniform,0,uniform,0.3,fixed,stage1,,,16,0.0023408682903074407,0.00502242644627889,0.0051809191814522195,0.001554275754435605,0.3,True,False,0.0016977364818255105,True,3264,816
23,2,0.0,0.0,uniform,0,uniform,0.3,fixed,stage1,,,17,0.0031951018203301706,0.00440610945224762,0.002559881067268994,0.0007679643201807746,0.3,True,False,-0.0006163169940312701,True,3432,864
23,2,0.0,0.0,uniform,0,uniform,0.3,fixed,stage1,,,18,0.002341056087692972,0.005022307236989339,0.003166573382944007,0.0009499720148831861,0.3,True,False,0.0006161977847417193,True,3627,912
23,2,0.0,0.0,uniform,0,uniform,0.3,fixed,stage1,,,19,0.004136720308452357,0.003968345622221629,0.0026016584238543793,0.0007804975271563349,0.3,True,False,-0.0010539616147677098,True,3792,960
23,2,0.0,0.0,uniform,0,uniform,0.5,fixed,stage1,,,0,0.008365733889928118,0.002972679833571116,0.6452051876424538,0.3226025938212269,0.5,True,False,,True,120,48
23,2,0.0,0.0,uniform,0,uniform,0.5,fixed,stage1,,,1,0.008041717386126468,0.0028833051522572837,0.3216389045347827,0.16081945226739136,0.5,True,False,-8.937468131383231e-05,True,282,96
23,2,0.0,0.0,uniform,0,uniform,0.5,fixed,stage1,,,2,0.0050010399754250034,0.0034872666001319885,0.16738828693721164,0.08369414346860587,0.5,True,False,0.0006039614478747049,True,423,144
23,2,0.0,0.0,uniform,0,uniform,0.5,fixed,stage1,,,3,0.0023413063593960004,0.00502219299475352,0.0863139168009964,0.04315695840049823,0.5,True,False,0.0015349263946215315,True,624,192
23,2,0.0,0.0,uniform,0,uniform,0.5,fixed,stage1,,,4,0.0023409816332382594,0.005022366841634114,0.0431575533597134,0.02157877667985676,0.5,True,False,1.7384688059431108e-07,True,828,240
23,2,0.0,0.0,uniform,0,uniform,0.5,fixed,stage1,,,5,0.002340879424260034,0.005022428929805756,0.021578989165865654,0.010789494582932855,0.5,True,False,6.208817164132102e-08,True,1017,288
23,2,0.0,0.0,uniform,0,uniform,0.5,fixed,stage1,,,6,0.005516171641542389,0.0031438792745272317,0.004503042016574225,0.002251521008287141,0.5,True,False,-0.001878549655278524,True,1179,336
23,2,0.0,0.0,uniform,0,uniform,0.5,fixed,stage1,,,7,0.0023408671853104024,0.005022428929805756,0.010577568104104335,0.005288784052052168,0.5,True,False,0.001878549655278524,True,1380,384
23,2,0.0,0.0,uniform,0,uniform,0.5,fixed,stage1,,,8,0.0023408821447690187,0.005022414028644562,0.005288733055382393,0.0026443665276911967,0.5,True,False,-1.4901161193847656e-08,True,1584,432
23,2,0.0,0.0,uniform,0,uniform,0.5,fixed,stage1,,,9,0.005280448563175555,0.0033806165059407554,0.005268765773269995,0.002634382886634942,0.5,True,False,-0.0016417975227038064,True,1746,480
23,2,0.0,0.0,uniform,0,uniform,0.5,fixed,stage1,,,10,0.006092398335601157,0.002750356992085775,0.009120656886547408,0.004560328443273675,0.5,True,False,-0.0006302595138549805,True,2232,528
23,2,0.0,0.0,uniform,0,uniform,0.5,fixed,stage1,,,11,0.00234092260315627,0.00502238670984904,0.009838984363750594,0.004919492181875299,0.5,True,False,0.002272029717763265,True,2442,576
23,2,0.0,0.0,uniform,0,uniform,0.5,fixed,stage1,,,12,0.002341005729925072,0.005022366841634114,0.00491942418638528,0.0024597120931926127,0.5,True,False,-1.986821492570845e-08,True,2616,624
23,2,0.0,0.0,uniform,0,uniform,0.5,fixed,stage1,,,13,0.00521873499440495,0.0034423048297564187,0.004810986828604466,0.0024054934143023163,0.5,True,False,-0.0015800620118776956,True,2778,672
23,2,0.0,0.0,uniform,0,uniform,0.5,fixed,stage1,,,14,0.007112094323883378,0.002249543865521749,0.014591721249651602,0.007295860624825746,0.5,True,False,-0.0011927609642346697,True,2970,720
23,2,0.0,0.0,uniform,0,uniform,0.5,fixed,stage1,,,15,0.003296090021550069,0.004367468257745107,0.009936497756168415,0.004968248878084235,0.5,True,False,0.0021179243922233577,True,3138,768
23,2,0.0,0.0,uniform,0,uniform,0.5,fixed,stage1,,,16,0.002340943171561083,0.005022371808687846,0.007192834253106084,0.003596417126553014,0.5,True,False,0.0006549035509427394,True,3339,816
23,2,0.0,0.0,uniform,0,uniform,0.5,fixed,stage1,,,17,0.0041225152644790986,0.003973913689454396,0.0022739393828158988,0.001136969691407922,0.5,True,False,-0.0010484581192334499,True,3504,864
23,2,0.0,0.0,uniform,0,uniform,0.5,fixed,stage1,,,18,0.0023409495043225093,0.005022376775741577,0.0035709928576707645,0.0017854964288354378,0.5,True,False,0.0010484630862871809,True,3699,912
23,2,0.0,0.0,uniform,0,uniform,0.5,fixed,stage1,,,19,0.005464632159100646,0.003195814788341522,0.008043615702132852,0.004021807851066424,0.5,True,False,-0.001826561987400055,True,3861,960
23,2,0.0,0.0,uniform,0,uniform,1.0,fixed,stage1,,,0,0.008365733889928118,0.002972679833571116,0.6452051876424538,0.6452051876424538,1.0,True,False,,True,120,48
23,2,0.0,0.0,uniform,0,uniform,1.0,fixed,stage1,,,1,0.006913767829581252,0.0021996026237805686,0.008241595743985976,0.008241595743985976,1.0,True,False,-0.0007730772097905474,True,531,96
23,2,0.0,0.0,uniform,0,uniform,1.0,fixed,stage1,,,2,0.0023409345448632823,0.005022381742795308,0.01995674168697479,0.01995674168697479,1.0,True,False,0.0028227791190147396,True,711,144
23,2,0.0,0.0,uniform,0,uniform,1.0,fixed,stage1,,,3,0.0023409713910122476,0.005022366841634114,5.099661476437589e-08,5.099661476437589e-08,1.0,True,False,-1.4901161193847656e-08,True,927,192
24,2,0.0,0.0,uniform,0,uniform,0.0,fixed,stage1,,,0,0.024665088115151446,0.0026645070562760034,0.4366746982225277,0.0,0.0,False,False,,True,144,615
24,2,0.0,0.0,uniform,0,uniform,0.3,fixed,stage1,,,0,0.024665088115151446,0.0026645070562760034,0.4366746982225277,0.13100240946675829,0.3,True,False,,True,144,615
24,2,0.0,0.0,uniform,0,uniform,0.3,fixed,stage1,,,1,0.023411575977982713,0.003708159551024437,0.3179697695273157,0.09539093085819472,0.3,True,False,0.0010436524947484336,True,414,1230
24,2,0.0,0.0,uniform,0,uniform,0.3,fixed,stage1,,,2,0.022002374869181357,0.0034341209878524146,0.21928324464095092,0.06578497339228531,0.3,True,False,-0.00027403856317202236,True,633,1845
24,2,0.0,0.0,uniform,0,uniform,0.3,fixed,stage1,,,3,0.024716326286101542,0.0025838284442822137,0.14357373095376588,0.04307211928612978,0.3,True,False,-0.0008502925435702009,True,1008,2460
24,2,0.0,0.0,uniform,0,uniform,0.3,fixed,stage1,,,4,0.022485583398070497,0.004186638320485751,0.11959431411958585,0.03587829423587574,0.3,True,False,0.0016028098762035374,True,1269,3075
24,2,0.0,0.0,uniform,0,uniform,0.3,fixed,stage1,,,5,0.022765019638882222,0.0038217163334290185,0.0792234149996447,0.023767024499893402,0.3,True,False,-0.0003649219870567326,True,1617,3690
24,2,0.0,0.0,uniform,0,uniform,0.3,fixed,stage1,,,6,0.02275370065139204,0.003820529207587242,0.055441920449212714,0.016632576134763766,0.3,True,False,-1.1871258417763854e-06,True,1890,4305
24,2,0.0,0.0,uniform,0,uniform,0.3,fixed,stage1,,,7,0.022711298423645276,0.003816479817032814,0.038759992695492296,0.011627997808647761,0.3,True,False,-4.049390554428101e-06,True,2334,4920
24,2,0.0,0.0,uniform,0,uniform,0.3,fixed,stage1,,,8,0.02278248383338788,0.0038242917507886887,0.027227211892454237,0.00816816356773628,0.3,True,False,7.811933755874634e-06,True,2637,5535
24,2,0.0,0.0,uniform,0,uniform,0.3,fixed,stage1,,,9,0.023003426921796688,0.00464336263636748,0.029270944779759805,0.008781283433927867,0.3,True,False,0.0008190708855787916,True,3060,6150
24,2,0.0,0.0,uniform,0,uniform,0.3,fixed,stage1,,,10,0.022469235713597158,0.0045045409351587296,0.01872641236212727,0.005617923708638228,0.3,True,False,-0.0001388217012087507,True,3381,6765
24,2,0.0,0.0,uniform,0,uniform,0.3,fixed,stage1,,,11,0.022469381929230536,0.004535541559259097,0.013501072470171724,0.004050321741051549,0.3,True,False,3.100062410036752e-05,True,3627,7380
24,2,0.0,0.0,uniform,0,uniform,0.3,fixed,stage1,,,12,0.022478351388318885,0.004598958417773247,0.010255941749023292,0.0030767825247069447,0.3,True,False,6.34168585141497e-05,True,3927,7995
24,2,0.0,0.0,uniform,0,uniform,0.3,fixed,stage1,,,13,0.022470942869168842,0.004591730112830798,0.007087240351303134,0.002126172105391025,0.3,True,False,-7.228304942448645e-06,True,4194,8610
24,2,0.0,0.0,uniform,0,uniform,0.3,fixed,stage1,,,14,0.022471689102624648,0.004609294856588046,0.005184494485533819,0.0015553483456601652,0.3,True,False,1.7564743757247925e-05,True,4515,9225
24,2,0.0,0.0,uniform,0,uniform,0.3,fixed,stage1,,,15,0.02247659800299945,0.004618552202979724,0.003746988381168645,0.0011240965143505116,0.3,True,False,9.257346391677856e-06,True,4761,9840
24,2,0.0,0.0,uniform,0,uniform,0.3,fixed,stage1,,,16,0.022475142495232192,0.004634058102965355,0.0028204109176189762,0.0008461232752857706,0.3,True,False,1.5505899985631018e-05,True,5022,10455
24,2,0.0,0.0,uniform,0,uniform,0.3,fixed,stage1,,,17,0.02336215823954868,0.005896652117371559,0.018647100936646233,0.005594130280993911,0.3,True,False,0.0012625940144062042,True,5397,11070
24,2,0.0,0.0,uniform,0,uniform,0.3,fixed,stage1,,,18,0.024747538672333036,0.009229373807708422,0.06347468859613074,0.01904240657883921,0.3,True,False,0.0033327216903368626,True,5784,11685
24,2,0.0,0.0,uniform,0,uniform,0.3,fixed,stage1,,,19,0.025013174100804392,0.009739947194854418,0.05311372135020549,0.015934116405061705,0.3,True,False,0.0005105733871459961,True,5979,12300
24,2,0.0,0.0,uniform,0,uniform,0.5,fixed,stage1,,,0,0.024665088115151446,0.0026645070562760034,0.4366746982225277,0.2183373491112639,0.5,True,False,,True,144,615
24,2,0.0,0.0,uniform,0,uniform,0.5,fixed,stage1,,,1,0.024305816962094884,0.0026481803506612778,0.21815031907989615,0.10907515953994806,0.5,True,False,-1.6326705614725604e-05,True,444,1230
24,2,0.0,0.0,uniform,0,uniform,0.5,fixed,stage1,,,2,0.022477026060718996,0.004225571329394977,0.127916845355884,0.063958422677942,0.5,True,False,0.0015773909787336988,True,705,1845
24,2,0.0,0.0,uniform,0,uniform,0.5,fixed,stage1,,,3,0.022763518056596155,0.003821810707449913,0.05898236128838115,0.02949118064419065,0.5,True,False,-0.00040376062194506356,True,1032,2460
24,2,0.0,0.0,uniform,0,uniform,0.5,fixed,stage1,,,4,0.022800835120725615,0.003826770310600599,0.029551644340467684,0.014775822170233932,0.5,True,False,4.959603150685773e-06,True,1272,3075
24,2,0.0,0.0,uniform,0,uniform,0.5,fixed,stage1,,,5,0.022847125403437918,0.004401293272773425,0.02189157616780789,0.010945788083903951,0.5,True,False,0.0005745229621728263,True,1725,3690
24,2,0.0,0.0,uniform,0,uniform,0.5,fixed,stage1,,,6,0.022469616878627252,0.004534030333161354,0.012621893286772684,0.006310946643386314,0.5,True,False,0.000132737060387929,True,2022,4305
24,2,0.0,0.0,uniform,0,uniform,0.5,fixed,stage1,,,7,0.022475538755644342,0.004593978946407636,0.007071965536099123,0.003535982768049506,0.5,True,False,5.994861324628165e-05,True,2286,4920
24,2,0.0,0.0,uniform,0,uniform,0.5,fixed,stage1,,,8,0.022472944505816328,0.004628041759133339,0.0039695186912649255,0.0019847593456324003,0.5,True,False,3.406281272570321e-05,True,2523,5535
24,2,0.0,0.0,uniform,0,uniform,0.5,fixed,stage1,,,9,0.023359053313747324,0.00589293676118056,0.018683397801461374,0.009341698900730638,0.5,True,False,0.0012648950020472212,True,2898,6150
24,2,0.0,0.0,uniform,0,uniform,0.5,fixed,stage1,,,10,0.024892161736360885,0.00950912448267142,0.06453581327028382,0.03226790663514191,0.5,True,False,0.003616187721490859,True,3198,6765
24,2,0.0,0.0,uniform,0,uniform,0.5,fixed,stage1,,,11,0.022809896001742436,0.004053270444273949,0.046832535117530286,0.023416267558765233,0.5,True,False,-0.0054558540383974705,True,3651,7380
24,2,0.0,0.0,uniform,0,uniform,0.5,fixed,stage1,,,12,0.02491777257915917,0.009564125910401344,0.0566224336957184,0.0283112168478592,0.5,True,False,0.005510855466127396,True,3954,7995
24,2,0.0,0.0,uniform,0,uniform,0.5,fixed,stage1,,,13,0.02304933350855265,0.0048287057628234225,0.04194915503056498,0.020974577515282575,0.5,True,False,-0.004735420147577922,True,4398,8610
24,2,0.0,0.0,uniform,0,uniform,0.5,fixed,stage1,,,14,0.024973830145665232,0.009667164956529936,0.05105245109900915,0.02552622554950458,0.5,True,False,0.004838459193706513,True,4710,9225
24,2,0.0,0.0,uniform,0,uniform,0.5,fixed,stage1,,,15,0.023143878457877465,0.005179332569241524,0.0419394573376215,0.020969728668810694,0.5,True,False,-0.004487832387288412,True,4992,9840
24,2,0.0,0.0,uniform,0,uniform,0.5,fixed,stage1,,,16,0.024963700059414506,0.00964629091322422,0.04613711324976992,0.02306855662488494,0.5,True,False,0.0044669583439826965,True,5316,10455
24,2,0.0,0.0,uniform,0,uniform,0.5,fixed,stage1,,,17,0.023109748499934968,0.005049346014857292,0.0457397416083294,0.022869870804164666,0.5,True,False,-0.004596944898366928,True,5619,11070
24,2,0.0,0.0,uniform,0,uniform,0.5,fixed,stage1,,,18,0.025083823774874725,0.009870584433277449,0.04981959244141829,0.02490979622070906,0.5,True,False,0.004821238418420156,True,5838,11685
24,2,0.0,0.0,uniform,0,uniform,0.5,fixed,stage1,,,19,0.023126220295329514,0.005110415940483411,0.046981838494469574,0.023490919247234815,0.5,True,False,-0.004760168492794038,True,6156,12300
24,2,0.0,0.0,uniform,0,uniform,1.0,fixed,stage1,,,0,0.024665088115151446,0.0026645070562760034,0.4366746982225277,0.4366746982225277,1.0,True,False,,True,144,615
24,2,0.0,0.0,uniform,0,uniform,1.0,fixed,stage1,,,1,0.02255738119520201,0.003837060804168383,0.01386456373984954,0.01386456373984954,1.0,True,False,0.0011725537478923798,True,426,1230
24,2,0.0,0.0,uniform,0,uniform,1.0,fixed,stage1,,,2,0.0224735501372606,0.004582642888029416,0.009283273290194585,0.009283273290194585,1.0,True,False,0.000745582083861033,True,699,1845
24,2,0.0,0.0,uniform,0,uniform,1.0,fixed,stage1,,,3,0.02487286106701392,0.009474442029992739,0.07188044176280822,0.07188044176280822,1.0,True,False,0.004891799141963323,True,1044,2460
24,2,0.0,0.0,uniform,0,uniform,1.0,fixed,stage1,,,4,0.024140302982609496,0.007941806688904762,0.024825265394705406,0.024825265394705406,1.0,True,False,-0.0015326353410879765,True,1395,3075
24,2,0.0,0.0,uniform,0,uniform,1.0,fixed,stage1,,,5,0.0230745155702603,0.004926233862837155,0.04264710572371584,0.04264710572371584,1.0,True,False,-0.003015572826067607,True,1731,3690
24,2,0.0,0.0,uniform,0,uniform,1.0,fixed,stage1,,,6,0.024752045733542172,0.009242098157604536,0.06355369329504335,0.06355369329504335,1.0,True,False,0.004315864294767381,True,2013,4305
24,2,0.0,0.0,uniform,0,uniform,1.0,fixed,stage1,,,7,0.02403894711653698,0.007713224117954572,0.024411833884339817,0.024411833884339817,1.0,True,False,-0.0015288740396499642,True,2277,4920
24,2,0.0,0.0,uniform,0,uniform,1.0,fixed,stage1,,,8,0.023088857725481304,0.004968538259466489,0.038593268341429315,0.038593268341429315,1.0,True,False,-0.002744685858488083,True,2622,5535
24,2,0.0,0.0,uniform,0,uniform,1.0,fixed,stage1,,,9,0.024688623578784874,0.009109223261475563,0.06078990698924322,0.06078990698924322,1.0,True,False,0.004140685002009074,True,3102,6150
24,2,0.0,0.0,uniform,0,uniform,1.0,fixed,stage1,,,10,0.02403870622020099,0.007709898675481479,0.02224727558604439,0.02224727558604439,1.0,True,False,-0.0013993245859940844,True,3393,6765
24,2,0.0,0.0,uniform,0,uniform,1.0,fixed,stage1,,,11,0.023100642780837788,0.005019143844644229,0.03788468738006706,0.03788468738006706,1.0,True,False,-0.0026907548308372498,True,3669,7380
24,2,0.0,0.0,uniform,0,uniform,1.0,fixed,stage1,,,12,0.02471551259219229,0.009165960674484571,0.06107556961907394,0.06107556961907394,1.0,True,False,0.0041468168298403425,True,4023,7995
24,2,0.0,0.0,uniform,0,uniform,1.0,fixed,stage1,,,13,0.023801288953463562,0.007123243684569995,0.03196730399199717,0.03196730399199717,1.0,True,False,-0.0020427169899145765,True,4488,8610
24,2,0.0,0.0,uniform,0,uniform,1.0,fixed,stage1,,,14,0.02499260515905677,0.009703023359179497,0.04106999226631966,0.04106999226631966,1.0,True,False,0.002579779674609502,True,4800,9225
24,2,0.0,0.0,uniform,0,uniform,1.0,fixed,stage1,,,15,0.02346454189890812,0.006210726375381152,0.05412911433861088,0.05412911433861088,1.0,True,False,-0.0034922969837983446,True,5127,9840
24,2,0.0,0.0,uniform,0,uniform,1.0,fixed,stage1,,,16,0.025010051676558342,0.009736795599261919,0.05471205072053717,0.05471205072053717,1.0,True,False,0.003526069223880767,True,5400,10455
24,2,0.0,0.0,uniform,0,uniform,1.0,fixed,stage1,,,17,0.023294441879915695,0.005683918173114459,0.061941952718782306,0.061941952718782306,1.0,True,False,-0.00405287742614746,True,5853,11070
24,2,0.0,0.0,uniform,0,uniform,1.0,fixed,stage1,,,18,0.02496283880153438,0.009644917522867521,0.06035902311199268,0.06035902311199268,1.0,True,False,0.003960999349753062,True,6078,11685
24,2,0.0,0.0,uniform,0,uniform,1.0,fixed,stage1,,,19,0.023243941638256604,0.005530179167787234,0.06242818399086543,0.06242818399086543,1.0,True,False,-0.004114738355080287,True,6528,12300
25,2,0.0,0.0,uniform,0,uniform,0.0,fixed,stage1,,,0,0.003103261429465407,0.009039750633140406,1.2772196098310198,0.0,0.0,False,False,,True,126,120
25,2,0.0,0.0,uniform,0,uniform,0.3,fixed,stage1,,,0,0.003103261429465407,0.009039750633140406,1.2772196098310198,0.383165882949306,0.3,True,False,,True,126,120
25,2,0.0,0.0,uniform,0,uniform,0.3,fixed,stage1,,,1,0.0030751789558958673,0.008767778364320597,0.8879942086177669,0.26639826258533017,0.3,True,False,-0.00027197226881980896,True,312,240
25,2,0.0,0.0,uniform,0,uniform,0.3,fixed,stage1,,,2,0.002781911996335625,0.009255319523314634,0.6324995174740747,0.1897498552422224,0.3,True,False,0.00048754115899403774,True,483,360
25,2,0.0,0.0,uniform,0,uniform,0.3,fixed,stage1,,,3,0.002548476647114946,0.009976882487535477,0.4521592704351395,0.13564778113054185,0.3,True,False,0.0007215629642208423,True,696,480
25,2,0.0,0.0,uniform,0,uniform,0.3,fixed,stage1,,,4,0.002686030482548868,0.009493786531190077,0.31102575488679735,0.09330772646603916,0.3,True,False,-0.0004830959563453998,True,843,600
25,2,0.0,0.0,uniform,0,uniform,0.3,fixed,stage1,,,5,0.002683156080439463,0.009485808201134205,0.21762795509043023,0.06528838652712901,0.3,True,False,-7.978330055872021e-06,True,1047,720
25,2,0.0,0.0,uniform,0,uniform,0.3,fixed,stage1,,,6,0.0026793286960548586,0.009499560731152693,0.15249484170450636,0.045748452511351866,0.3,True,False,1.3752530018487988e-05,True,1254,840
25,2,0.0,0.0,uniform,0,uniform,0.3,fixed,stage1,,,7,0.0026707203499365447,0.009511859156191349,0.1068852873242337,0.03206558619727018,0.3,True,False,1.2298425038656177e-05,True,1461,960
25,2,0.0,0.0,uniform,0,uniform,0.3,fixed,stage1,,,8,0.002663156306195823,0.009517090705533823,0.07487879831936492,0.02246363949580941,0.3,True,False,5.231549342473926e-06,True,1671,1080
25,2,0.0,0.0,uniform,0,uniform,0.3,fixed,stage1,,,9,0.002632425513826836,0.009582612353066603,0.05315592852774956,0.015946778558324885,0.3,True,False,6.552164753277981e-05,True,1794,1200
25,2,0.0,0.0,uniform,0,uniform,0.3,fixed,stage1,,,10,0.002793312094929303,0.009629187174141407,0.03773640788850663,0.011320922366552019,0.3,True,False,4.657482107480425e-05,True,1932,1320
25,2,0.0,0.0,uniform,0,uniform,0.3,fixed,stage1,,,11,0.0026896716581918563,0.00959301833063364,0.026005979976427965,0.007801793992928442,0.3,True,False,-3.6168843507766724e-05,True,2070,1440
25,2,0.0,0.0,uniform,0,uniform,0.3,fixed,stage1,,,12,0.003007005405316218,0.009691312598685423,0.019317894480856954,0.005795368344257083,0.3,True,False,9.829426805178267e-05,True,2205,1560
25,2,0.0,0.0,uniform,0,uniform,0.3,fixed,stage1,,,13,0.002954145110093523,0.00967152634014686,0.013298133311760364,0.003989439993528099,0.3,True,False,-1.978625853856289e-05,True,2340,1680
25,2,0.0,0.0,uniform,0,uniform,0.3,fixed,stage1,,,14,0.0029139233706681443,0.00965655812372764,0.009139010715784567,0.002741703214735408,0.3,True,False,-1.496821641921997e-05,True,2475,1800
25,2,0.0,0.0,uniform,0,uniform,0.3,fixed,stage1,,,15,0.002883572004143513,0.009645294087628523,0.006269655698829933,0.0018808967096489134,0.3,True,False,-1.1264036099117164e-05,True,2610,1920
25,2,0.0,0.0,uniform,0,uniform,0.3,fixed,stage1,,,16,0.0028611147795350733,0.009637012767295042,0.004294930998618456,0.00128847929958554,0.3,True,False,-8.281320333480835e-06,True,2745,2040
25,2,0.0,0.0,uniform,0,uniform,0.3,fixed,stage1,,,17,0.0028447520386230864,0.009631001390516758,0.0029383538177886514,0.000881506145336614,0.3,True,False,-6.01137677828413e-06,True,2880,2160
25,2,0.0,0.0,uniform,0,uniform,0.3,fixed,stage1,,,18,0.002832998428490401,0.009626716064910093,0.0020083086797462405,0.0006024926039238758,0.3,True,False,-4.2853256066646e-06,True,3015,2280
25,2,0.0,0.0,uniform,0,uniform,0.3,fixed,stage1,,,19,0.0028246331422267026,0.009623652634521326,0.0013711202421133935,0.00041133607263395353,0.3,True,False,-3.0634303887673575e-06,True,3150,2400
25,2,0.0,0.0,uniform,0,uniform,0.5,fixed,stage1,,,0,0.003103261429465407,0.009039750633140406,1.2772196098310198,0.6386098049155098,0.5,True,False,,True,126,120
25,2,0.0,0.0,uniform,0,uniform,0.5,fixed,stage1,,,1,0.0026379437013988143,0.009594902085761229,0.6485207684487264,0.3242603842243632,0.5,True,False,0.000555151452620823,True,345,240
25,2,0.0,0.0,uniform,0,uniform,0.5,fixed,stage1,,,2,0.002594734045620776,0.009724092669785023,0.3257247575823178,0.1628623787911589,0.5,True,False,0.00012919058402379412,True,573,360
25,2,0.0,0.0,uniform,0,uniform,0.5,fixed,stage1,,,3,0.00267894623765771,0.00949700145671765,0.16029126934178375,0.08014563467089182,0.5,True,False,-0.00022709121306737322,True,777,480
25,2,0.0,0.0,uniform,0,uniform,0.5,fixed,stage1,,,4,0.0026636266594533067,0.009516019063691298,0.08036042313752229,0.0401802115687612,0.5,True,False,1.901760697364807e-05,True,984,600
25,2,0.0,0.0,uniform,0,uniform,0.5,fixed,stage1,,,5,0.002835816177082586,0.009643779136240482,0.041625655219424296,0.020812827609712148,0.5,True,False,0.00012776007254918474,True,1122,720
25,2,0.0,0.0,uniform,0,uniform,0.5,fixed,stage1,,,6,0.0026455780891143227,0.009577326166133085,0.020060453267258596,0.010030226633629352,0.5,True,False,-6.645297010739702e-05,True,1260,840
25,2,0.0,0.0,uniform,0,uniform,0.5,fixed,stage1,,,7,0.0029290147383793114,0.009662169652680555,0.010991025022886961,0.005495512511443425,0.5,True,False,8.484348654747009e-05,True,1395,960
25,2,0.0,0.0,uniform,0,uniform,0.5,fixed,stage1,,,8,0.0028704801703594886,0.009640447484950224,0.005249339747261244,0.0026246698736306796,0.5,True,False,-2.172216773033142e-05,True,1530,1080
25,2,0.0,0.0,uniform,0,uniform,0.5,fixed,stage1,,,9,0.0028384685191856895,0.0096287177875638,0.002491792096751012,0.0012458960483755065,0.5,True,False,-1.1729697386423169e-05,True,1665,1200
25,2,0.0,0.0,uniform,0,uniform,0.5,fixed,stage1,,,10,0.0028218122159984777,0.009622635630269846,0.001177009884493231,0.0005885049422466714,0.5,True,False,-6.082157293954907e-06,True,1800,1320
25,2,0.0,0.0,uniform,0,uniform,0.5,fixed,stage1,,,11,0.002813198985243002,0.009619492727021376,0.000552912471326117,0.00027645623566300084,0.5,True,False,-3.1429032484701913e-06,True,1935,1440
25,2,0.0,0.0,uniform,0,uniform,1.0,fixed,stage1,,,0,0.003103261429465407,0.009039750633140406,1.2772196098310198,1.2772196098310198,1.0,True,False,,True,126,120
25,2,0.0,0.0,uniform,0,uniform,1.0,fixed,stage1,,,1,0.002903767083489349,0.009652763294676939,0.010566267845543563,0.010566267845543563,1.0,True,False,0.0006130126615365335,True,261,240
25,2,0.0,0.0,uniform,0,uniform,1.0,fixed,stage1,,,2,0.0028039222911205256,0.009616128789881865,0.0004150061096914598,0.0004150061096914598,1.0,True,False,-3.663450479507446e-05,True,396,360
26,2,0.0,0.0,uniform,0,uniform,0.0,fixed,stage1,,,0,0.036021762185839634,0.006432494740389909,0.6360600676785317,0.0,0.0,False,False,,True,282,435
26,2,0.0,0.0,uniform,0,uniform,0.3,fixed,stage1,,,0,0.036021762185839634,0.006432494740389909,0.6360600676785317,0.19081802030355952,0.3,True,False,,True,282,435
26,2,0.0,0.0,uniform,0,uniform,0.3,fixed,stage1,,,1,0.03416972361295656,0.006266498278516035,0.44484344191200265,0.1334530325736008,0.3,True,False,-0.00016599646187387407,True,417,870
26,2,0.0,0.0,uniform,0,uniform,0.3,fixed,stage1,,,2,0.034284196897027996,0.0062153525262450176,0.3112676942715591,0.09338030828146772,0.3,True,False,-5.114575227101702e-05,True,783,1305
26,2,0.0,0.0,uniform,0,uniform,0.3,fixed,stage1,,,3,0.03503631232129578,0.007940720795886591,0.22205342992052807,0.06661602897615841,0.3,True,False,0.0017253682696415735,True,960,1740
26,2,0.0,0.0,uniform,0,uniform,0.3,fixed,stage1,,,4,0.03416553204684902,0.006253757785695295,0.1513634991195445,0.04540904973586343,0.3,True,False,-0.0016869630101912962,True,1317,2175
26,2,0.0,0.0,uniform,0,uniform,0.3,fixed,stage1,,,5,0.023980141783312092,0.009561192399511734,0.11399115964005595,0.03419734789201686,0.3,True,False,0.0033074346138164392,True,1629,2610
26,2,0.0,0.0,uniform,0,uniform,0.3,fixed,stage1,,,6,0.019178493550203513,0.011100363141546646,0.08360353484953409,0.025081060454860186,0.3,True,False,0.0015391707420349121,True,1764,3045
26,2,0.0,0.0,uniform,0,uniform,0.3,fixed,stage1,,,7,0.015503709555177991,0.012345536146312952,0.06163765849239226,0.01849129754771754,0.3,True,False,0.0012451730047663059,True,1902,3480
26,2,0.0,0.0,uniform,0,uniform,0.3,fixed,stage1,,,8,0.01402995918499883,0.013757115695625544,0.04588718756808889,0.013766156270426759,0.3,True,False,0.0014115795493125916,True,2034,3915
26,2,0.0,0.0,uniform,0,uniform,0.3,fixed,stage1,,,9,0.013408721878295893,0.014097398612648249,0.032121031297662195,0.00963630938929869,0.3,True,False,0.0003402829170227051,True,2184,4350
26,2,0.0,0.0,uniform,0,uniform,0.3,fixed,stage1,,,10,0.014606514104420043,0.013257882092148066,0.022045505413907304,0.006613651624172181,0.3,True,False,-0.0008395165205001831,True,2349,4785
26,2,0.0,0.0,uniform,0,uniform,0.3,fixed,stage1,,,11,0.013473338966679904,0.01406016806140542,0.015871070284191265,0.004761321085257342,0.3,True,False,0.0008022859692573547,True,2619,5220
26,2,0.0,0.0,uniform,0,uniform,0.3,fixed,stage1,,,12,0.014028271719070062,0.013739428017288446,0.011109749198933868,0.0033329247596801167,0.3,True,False,-0.0003207400441169739,True,2772,5655
26,2,0.0,0.0,uniform,0,uniform,0.3,fixed,stage1,,,13,0.014219774397737694,0.01362077503775557,0.007776824439253919,0.0023330473317762137,0.3,True,False,-0.00011865297953287703,True,2973,6090
26,2,0.0,0.0,uniform,0,uniform,0.3,fixed,stage1,,,14,0.014223188689054922,0.013618641998618841,0.0054437771074775385,0.001633133132243201,0.3,True,False,-2.133039136728229e-06,True,3186,6525
26,2,0.0,0.0,uniform,0,uniform,0.3,fixed,stage1,,,15,0.01417292363821332,0.01366086412842075,0.0038106439752343376,0.0011431931925703995,0.3,True,False,4.222212980190855e-05,True,3336,6960
26,2,0.0,0.0,uniform,0,uniform,0.3,fixed,stage1,,,16,0.014084390184883944,0.013704618904739618,0.0026674507826641046,0.00080023523479916,0.3,True,False,4.375477631886858e-05,True,3498,7395
26,2,0.0,0.0,uniform,0,uniform,0.3,fixed,stage1,,,17,0.014011542182977621,0.01374855994557341,0.001867215547864889,0.0005601646643595224,0.3,True,False,4.3941040833791675e-05,True,3651,7830
26,2,0.0,0.0,uniform,0,uniform,0.3,fixed,stage1,,,18,0.013944837260831733,0.013785671287526688,0.0013070508835053658,0.0003921152650515321,0.3,True,False,3.711134195327759e-05,True,3858,8265
26,2,0.0,0.0,uniform,0,uniform,0.3,fixed,stage1,,,19,0.013901919589073941,0.013818128500133753,0.000914935618453779,0.00027448068553619434,0.3,True,False,3.245721260706526e-05,True,4014,8700
26,2,0.0,0.0,uniform,0,uniform,0.5,fixed,stage1,,,0,0.036021762185839634,0.006432494740389909,0.6360600676785317,0.3180300338392658,0.5,True,False,,True,282,435
26,2,0.0,0.0,uniform,0,uniform,0.5,fixed,stage1,,,1,0.034297010279193074,0.006211475740807752,0.3174994135893241,0.1587497067946621,0.5,True,False,-0.00022101899958215654,True,648,870
26,2,0.0,0.0,uniform,0,uniform,0.5,fixed,stage1,,,2,0.034139619562301604,0.006260296911932528,0.15886683998928286,0.0794334199946414,0.5,True,False,4.8821171124775915e-05,True,1062,1305
26,2,0.0,0.0,uniform,0,uniform,0.5,fixed,stage1,,,3,0.015432761578527021,0.01243026414886117,0.09459240890946975,0.047296204454734904,0.5,True,False,0.006169967236928642,True,1347,1740
26,2,0.0,0.0,uniform,0,uniform,0.5,fixed,stage1,,,4,0.015644616378722276,0.012233926759411892,0.046802693858472744,0.023401346929236427,0.5,True,False,-0.00019633738944927794,True,1740,2175
26,2,0.0,0.0,uniform,0,uniform,0.5,fixed,stage1,,,5,0.01433787635060213,0.013513749931007624,0.026422621320792705,0.01321131066039638,0.5,True,False,0.0012798231715957318,True,1908,2610
26,2,0.0,0.0,uniform,0,uniform,0.5,fixed,stage1,,,6,0.014019575232349979,0.013741126749664545,0.013211310660396325,0.006605655330198135,0.5,True,False,0.0002273768186569214,True,2139,3045
26,2,0.0,0.0,uniform,0,uniform,0.5,fixed,stage1,,,7,0.014234052284246346,0.013611479507138332,0.006605655330198191,0.0033028276650991784,0.5,True,False,-0.00012964724252621275,True,2346,3480
26,2,0.0,0.0,uniform,0,uniform,0.5,fixed,stage1,,,8,0.014297912769364984,0.013551653828471899,0.0033028276650990127,0.0016514138325493689,0.5,True,False,-5.982567866643328e-05,True,2619,3915
26,2,0.0,0.0,uniform,0,uniform,0.5,fixed,stage1,,,9,0.013996188194475678,0.013762651477009058,0.0016514138325496438,0.0008257069162748501,0.5,True,False,0.00021099764853715897,True,2772,4350
26,2,0.0,0.0,uniform,0,uniform,0.5,fixed,stage1,,,10,0.01388490620513494,0.013820950097093979,0.0008257069162747937,0.00041285345813736954,0.5,True,False,5.829862008492094e-05,True,2973,4785
26,2,0.0,0.0,uniform,0,uniform,1.0,fixed,stage1,,,0,0.036021762185839634,0.006432494740389909,0.6360600676785317,0.6360600676785315,1.0,True,False,,True,282,435
26,2,0.0,0.0,uniform,0,uniform,1.0,fixed,stage1,,,1,0.01296701973046055,0.014360441360622644,0.01727326565480182,0.01727326565480182,1.0,True,False,0.007927946620232735,True,420,870
26,2,0.0,0.0,uniform,0,uniform,1.0,fixed,stage1,,,2,0.013894697897871566,0.013815374268839756,8.845428905157604e-05,8.845428905157604e-05,1.0,True,False,-0.0005450670917828884,True,636,1305
27,2,0.0,0.0,uniform,0,uniform,0.0,fixed,stage1,,,0,0.005495941476294064,0.008671605959534645,1.2727441331741969,0.0,0.0,False,False,,True,237,75
27,2,0.0,0.0,uniform,0,uniform,0.3,fixed,stage1,,,0,0.005495941476294064,0.008671605959534645,1.2727441331741969,0.3818232399522591,0.3,True,False,,True,237,75
27,2,0.0,0.0,uniform,0,uniform,0.3,fixed,stage1,,,1,0.008345394630723035,0.007116998856266339,0.7712952617496026,0.2313885785248808,0.3,True,False,-0.0015546071032683057,True,441,150
27,2,0.0,0.0,uniform,0,uniform,0.3,fixed,stage1,,,2,0.009055847132350081,0.012375126903255781,0.6934548481895269,0.208036454456858,0.3,True,False,0.005258128046989442,True,651,225
27,2,0.0,0.0,uniform,0,uniform,0.3,fixed,stage1,,,3,0.009055884462085828,0.012375143046180407,0.4854183937326688,0.14562551811980057,0.3,True,False,1.6142924625511812e-08,True,870,300
27,2,0.0,0.0,uniform,0,uniform,0.3,fixed,stage1,,,4,0.009055894286994715,0.012375150496761004,0.3397928756128682,0.10193786268386057,0.3,True,False,7.450580596923828e-09,True,1098,375
27,2,0.0,0.0,uniform,0,uniform,0.3,fixed,stage1,,,5,0.009055884462085828,0.012375143046180407,0.23785501292900763,0.0713565038787022,0.3,True,False,-7.450580596923828e-09,True,1308,450
27,2,0.0,0.0,uniform,0,uniform,0.3,fixed,stage1,,,6,0.009055884462085828,0.012375143046180407,0.16649850905030544,0.04994955271509167,0.3,True,False,0.0,True,1518,525
27,2,0.0,0.0,uniform,0,uniform,0.3,fixed,stage1,,,7,0.009055884462085828,0.012375143046180407,0.11654895633521378,0.034964686900564056,0.3,True,False,0.0,True,1716,600
27,2,0.0,0.0,uniform,0,uniform,0.3,fixed,stage1,,,8,0.009055884462085828,0.012375143046180407,0.08158426943464972,0.02447528083039493,0.3,True,False,0.0,True,1923,675
27,2,0.0,0.0,uniform,0,uniform,0.3,fixed,stage1,,,9,0.009055884462085828,0.012375143046180407,0.05710898860425479,0.017132696581276502,0.3,True,False,0.0,True,2130,750
27,2,0.0,0.0,uniform,0,uniform,0.3,fixed,stage1,,,10,0.009055913936823146,0.012375151738524437,0.03997629202297829,0.011992887606893522,0.3,True,False,8.692344030322707e-09,True,2322,825
27,2,0.0,0.0,uniform,0,uniform,0.3,fixed,stage1,,,11,0.009055884462085828,0.012375143046180407,0.027983404416084767,0.00839502132482531,0.3,True,False,-8.692344030322707e-09,True,2529,900
27,2,0.0,0.0,uniform,0,uniform,0.3,fixed,stage1,,,12,0.009055884462085828,0.012375143046180407,0.01958838309125946,0.005876514927377828,0.3,True,False,0.0,True,2736,975
27,2,0.0,0.0,uniform,0,uniform,0.3,fixed,stage1,,,13,0.009055884462085828,0.012375143046180407,0.01371186816388163,0.004113560449164564,0.3,True,False,0.0,True,2943,1050
27,2,0.0,0.0,uniform,0,uniform,0.3,fixed,stage1,,,14,0.009055884462085828,0.012375143046180407,0.009598307714717067,0.0028794923144151094,0.3,True,False,0.0,True,3150,1125
27,2,0.0,0.0,uniform,0,uniform,0.3,fixed,stage1,,,15,0.009055884462085828,0.012375143046180407,0.006718815400301958,0.0020156446200905514,0.3,True,False,0.0,True,3357,1200
27,2,0.0,0.0,uniform,0,uniform,0.3,fixed,stage1,,,16,0.009055913936823146,0.012375151738524437,0.004703170780211406,0.0014109512340634203,0.3,True,False,8.692344030322707e-09,True,3549,1275
27,2,0.0,0.0,uniform,0,uniform,0.3,fixed,stage1,,,17,0.009055884462085828,0.012375143046180407,0.003292219546147986,0.0009876658638443732,0.3,True,False,-8.692344030322707e-09,True,3756,1350
27,2,0.0,0.0,uniform,0,uniform,0.3,fixed,stage1,,,18,0.009055884462085828,0.012375143046180407,0.002304553682303613,0.0006913661046910402,0.3,True,False,0.0,True,3963,1425
27,2,0.0,0.0,uniform,0,uniform,0.3,fixed,stage1,,,19,0.009055884462085828,0.012375143046180407,0.0016131875776125727,0.0004839562732838268,0.3,True,False,0.0,True,4170,1500
27,2,0.0,0.0,uniform,0,uniform,0.5,fixed,stage1,,,0,0.005495941476294064,0.008671605959534645,1.2727441331741969,0.6363720665870984,0.5,True,False,,True,237,75
27,2,0.0,0.0,uniform,0,uniform,0.5,fixed,stage1,,,1,0.0016829835875622479,0.005629568671186765,0.34412872810922646,0.17206436405461328,0.5,True,False,-0.0030420372883478803,True,651,150
27,2,0.0,0.0,uniform,0,uniform,0.5,fixed,stage1,,,2,0.009055847132350081,0.012375126903255781,0.4982302360249549,0.2491151180124774,0.5,True,False,0.006745558232069016,True,864,225
27,2,0.0,0.0,uniform,0,uniform,0.5,fixed,stage1,,,3,0.009055884462085828,0.012375143046180407,0.2491151180124775,0.1245575590062388,0.5,True,False,1.6142924625511812e-08,True,1068,300
27,2,0.0,0.0,uniform,0,uniform,0.5,fixed,stage1,,,4,0.009055864812278713,0.012375129386782646,0.12455755900623869,0.0622787795031194,0.5,True,False,-1.3659397760448777e-08,True,1263,375
27,2,0.0,0.0,uniform,0,uniform,0.5,fixed,stage1,,,5,0.009055884462085828,0.012375143046180407,0.06227877950311929,0.03113938975155959,0.5,True,False,1.3659397760448777e-08,True,1470,450
27,2,0.0,0.0,uniform,0,uniform,0.5,fixed,stage1,,,6,0.009055884462085828,0.012375143046180407,0.0311393897515597,0.015569694875779794,0.5,True,False,0.0,True,1677,525
27,2,0.0,0.0,uniform,0,uniform,0.5,fixed,stage1,,,7,0.009055884462085828,0.012375143046180407,0.015569694875779905,0.007784847437890008,0.5,True,False,0.0,True,1884,600
27,2,0.0,0.0,uniform,0,uniform,0.5,fixed,stage1,,,8,0.009055884462085828,0.012375143046180407,0.007784847437889897,0.0038924237189448922,0.5,True,False,0.0,True,2091,675
27,2,0.0,0.0,uniform,0,uniform,0.5,fixed,stage1,,,9,0.009055913936823146,0.012375151738524437,0.003892423718945005,0.0019462118594724478,0.5,True,False,8.692344030322707e-09,True,2283,750
27,2,0.0,0.0,uniform,0,uniform,0.5,fixed,stage1,,,10,0.009055884462085828,0.012375143046180407,0.0019462118594725571,0.0009731059297363315,0.5,True,False,-8.692344030322707e-09,True,2490,825
27,2,0.0,0.0,uniform,0,uniform,0.5,fixed,stage1,,,11,0.009055913936823146,0.012375151738524437,0.0009731059297362257,0.00048655296486811283,0.5,True,False,8.692344030322707e-09,True,2682,900
27,2,0.0,0.0,uniform,0,uniform,1.0,fixed,stage1,,,0,0.005495941476294064,0.008671605959534645,1.2727441331741969,1.2727441331741969,1.0,True,False,,True,237,75
27,2,0.0,0.0,uniform,0,uniform,1.0,fixed,stage1,,,1,0.009055884462085828,0.012375143046180407,0.03392253349246973,0.03392253349246973,1.0,True,False,0.0037035370866457615,True,435,150
27,2,0.0,0.0,uniform,0,uniform,1.0,fixed,stage1,,,2,0.009055884462085828,0.012375143046180407,0.0,0.0,1.0,True,False,0.0,True,642,225
28,2,0.0,0.0,uniform,0,uniform,0.0,fixed,stage1,,,0,0.00015746511486103287,0.011516109419365725,1.1059460812688968,0.0,0.0,False,False,,True,288,156
28,2,0.0,0.0,uniform,0,uniform,0.3,fixed,stage1,,,0,0.00015746511486103287,0.011516109419365725,1.1059460812688968,0.33178382438066895,0.3,True,False,,True,288,156
28,2,0.0,0.0,uniform,0,uniform,0.3,fixed,stage1,,,1,0.0025718966039152136,0.012639368884265423,0.7880234109169263,0.23640702327507782,0.3,True,False,0.0011232594648996983,True,531,312
28,2,0.0,0.0,uniform,0,uniform,0.3,fixed,stage1,,,2,0.0009389968061290777,0.011231456262369951,0.5343191858301992,0.16029575574905983,0.3,True,False,-0.0014079126218954716,True,780,468
28,2,0.0,0.0,uniform,0,uniform,0.3,fixed,stage1,,,3,0.00425238670189465,0.013456159581740698,0.40171363138244637,0.12051408941473395,0.3,True,False,0.0022247033193707466,True,1005,624
28,2,0.0,0.0,uniform,0,uniform,0.3,fixed,stage1,,,4,0.005395922594146896,0.02006161492317915,0.3764428840139784,0.1129328652041935,0.3,True,False,0.006605455341438452,True,1212,780
28,2,0.0,0.0,uniform,0,uniform,0.3,fixed,stage1,,,5,0.007846965107439985,0.01665976084768772,0.21180151121396038,0.06354045336418801,0.3,True,False,-0.0034018540754914284,True,1398,936
28,2,0.0,0.0,uniform,0,uniform,0.3,fixed,stage1,,,6,0.007827601036428433,0.023201983111600082,0.25364186938616046,0.07609256081584831,0.3,True,False,0.006542222263912361,True,1608,1092
28,2,0.0,0.0,uniform,0,uniform,0.3,fixed,stage1,,,7,0.007827564071769544,0.023201988078653812,0.1775493985321853,0.053264819559655535,0.3,True,False,4.96705373012607e-09,True,1830,1248
28,2,0.0,0.0,uniform,0,uniform,0.3,fixed,stage1,,,8,0.007827589259324697,0.023202030298610527,0.12428534364913654,0.0372856030947409,0.3,True,False,4.221995671474521e-08,True,2034,1404
28,2,0.0,0.0,uniform,0,uniform,0.3,fixed,stage1,,,9,0.00782764897604693,0.023202067551513512,0.08700041527006847,0.026100124581020675,0.3,True,False,3.725290298461914e-08,True,2250,1560
28,2,0.0,0.0,uniform,0,uniform,0.3,fixed,stage1,,,10,0.0078276765993337,0.023202050166825455,0.06089997582161484,0.01826999274648437,0.3,True,False,-1.7384688057175968e-08,True,2460,1716
28,2,0.0,0.0,uniform,0,uniform,0.3,fixed,stage1,,,11,0.007827575447642232,0.023202008567750454,0.0426292296431896,0.01278876889295699,0.3,True,False,-4.1599075000647856e-08,True,2673,1872
28,2,0.0,0.0,uniform,0,uniform,0.3,fixed,stage1,,,12,0.00782769488110091,0.023202112254997093,0.029842338709675634,0.008952701612902613,0.3,True,False,1.0368724663936679e-07,True,2865,2028
28,2,0.0,0.0,uniform,0,uniform,0.3,fixed,stage1,,,13,0.007827575447642232,0.023202008567750454,0.020887759137330004,0.006266327741198983,0.3,True,False,-1.0368724663936679e-07,True,3066,2184
28,2,0.0,0.0,uniform,0,uniform,0.3,fixed,stage1,,,14,0.007827589259324697,0.023202030298610527,0.014621824979831995,0.0043865474939496635,0.3,True,False,2.1730860073204683e-08,True,3270,2340
28,2,0.0,0.0,uniform,0,uniform,0.3,fixed,stage1,,,15,0.007827589259324697,0.023202030298610527,0.010235277485882332,0.003070583245764707,0.3,True,False,0.0,True,3465,2496
28,2,0.0,0.0,uniform,0,uniform,0.3,fixed,stage1,,,16,0.007827589259324697,0.023202030298610527,0.0071646942401176255,0.0021494082720352765,0.3,True,False,0.0,True,3669,2652
28,2,0.0,0.0,uniform,0,uniform,0.3,fixed,stage1,,,17,0.007827575447642232,0.023202008567750454,0.005014892384381375,0.0015044677153144247,0.3,True,False,-2.1730860073204683e-08,True,3882,2808
28,2,0.0,0.0,uniform,0,uniform,0.3,fixed,stage1,,,18,0.00782746982581628,0.02320197131484747,0.0035097499549077297,0.001052924986472339,0.3,True,False,-3.725290298461914e-08,True,4092,2964
28,2,0.0,0.0,uniform,0,uniform,0.3,fixed,stage1,,,19,0.007827589259324697,0.023202030298610527,0.0024578932662955855,0.0007373679798887301,0.3,True,False,5.8983763057823824e-08,True,4281,3120
28,2,0.0,0.0,uniform,0,uniform,0.5,fixed,stage1,,,0,0.00015746511486103287,0.011516109419365725,1.1059460812688968,0.5529730406344484,0.5,True,False,,True,288,156
28,2,0.0,0.0,uniform,0,uniform,0.5,fixed,stage1,,,1,0.0011297744880538474,0.011173880659043789,0.5488456787992536,0.27442283939962686,0.5,True,False,-0.0003422287603219356,True,498,312
28,2,0.0,0.0,uniform,0,uniform,0.5,fixed,stage1,,,2,0.007229520290868763,0.015576684847474098,0.3311025615493246,0.1655512807746623,0.5,True,False,0.004402804188430309,True,657,468
28,2,0.0,0.0,uniform,0,uniform,0.5,fixed,stage1,,,3,0.0078275876250391,0.02320194896310568,0.2861681014779279,0.14308405073896407,0.5,True,False,0.00762526411563158,True,891,624
28,2,0.0,0.0,uniform,0,uniform,0.5,fixed,stage1,,,4,0.00782766278769742,0.02320207500209411,0.1430863335237828,0.07154316676189151,0.5,True,False,1.2603898843013828e-07,True,1110,780
28,2,0.0,0.0,uniform,0,uniform,0.5,fixed,stage1,,,5,0.00847324466338828,0.0157020961244901,0.06775644625979932,0.03387822312989966,0.5,True,False,-0.007499978877604008,True,1422,936
28,2,0.0,0.0,uniform,0,uniform,0.5,fixed,stage1,,,6,0.00782746982581628,0.02320197131484747,0.09521117860167544,0.04760558930083778,0.5,True,False,0.007499875190357368,True,1665,1092
28,2,0.0,0.0,uniform,0,uniform,0.5,fixed,stage1,,,7,0.007827575447642232,0.023202008567750454,0.04760626401499689,0.023803132007498496,0.5,True,False,3.725290298461914e-08,True,1890,1248
28,2,0.0,0.0,uniform,0,uniform,0.5,fixed,stage1,,,8,0.00782763516438223,0.02320204519977172,0.023803795477353836,0.011901897738676918,0.5,True,False,3.663202126705234e-08,True,2067,1404
28,2,0.0,0.0,uniform,0,uniform,0.5,fixed,stage1,,,9,0.00782756854179567,0.02320201291392247,0.011901312985535595,0.005950656492767849,0.5,True,False,-3.2285849251023624e-08,True,2238,1560
28,2,0.0,0.0,uniform,0,uniform,0.5,fixed,stage1,,,10,0.007827687975272113,0.02320209238678217,0.005952095886406933,0.002976047943203518,0.5,True,False,7.947285969936435e-08,True,2403,1716
28,2,0.0,0.0,uniform,0,uniform,0.5,fixed,stage1,,,11,0.007827642070216356,0.023202055133879185,0.002975373226893511,0.0014876866134467572,0.5,True,False,-3.725290298461914e-08,True,2565,1872
28,2,0.0,0.0,uniform,0,uniform,0.5,fixed,stage1,,,12,0.007827575447642232,0.023202008567750454,0.0014868432194033512,0.0007434216097017294,0.5,True,False,-4.6566128730773926e-08,True,2766,2028
28,2,0.0,0.0,uniform,0,uniform,0.5,fixed,stage1,,,13,0.007827589259324697,0.023202030298610527,0.0007438151934025961,0.00037190759670129806,0.5,True,False,2.1730860073204683e-08,True,2970,2184
28,2,0.0,0.0,uniform,0,uniform,1.0,fixed,stage1,,,0,0.00015746511486103287,0.011516109419365725,1.1059460812688968,1.1059460812688968,1.0,True,False,,True,288,156
28,2,0.0,0.0,uniform,0,uniform,1.0,fixed,stage1,,,1,0.00782746982581628,0.02320197131484747,0.17316958584580552,0.17316958584580552,1.0,True,False,0.011685861895481745,True,531,312
28,2,0.0,0.0,uniform,0,uniform,1.0,fixed,stage1,,,2,0.007827642070216356,0.023202055133879185,1.5181082026229087e-06,1.5181082026229087e-06,1.0,True,False,8.381903171539307e-08,True,702,468
29,2,0.0,0.0,uniform,0,uniform,0.0,fixed,stage1,,,0,0.008316883224494642,0.006732224797209104,1.0165587238300828,0.0,0.0,False,False,,True,129,660
29,2,0.0,0.0,uniform,0,uniform,0.3,fixed,stage1,,,0,0.008316883224494642,0.006732224797209104,1.0165587238300828,0.30496761714902487,0.3,True,False,,True,129,660
29,2,0.0,0.0,uniform,0,uniform,0.3,fixed,stage1,,,1,0.0027931427649710017,0.006358372047543526,0.7058049124539727,0.2117414737361918,0.3,True,False,-0.0003738527496655779,True,411,1320
29,2,0.0,0.0,uniform,0,uniform,0.3,fixed,stage1,,,2,0.02072814214807739,0.013065785790483156,0.576070014434696,0.17282100433040887,0.3,True,False,0.0067074137429396306,True,618,1980
29,2,0.0,0.0,uniform,0,uniform,0.3,fixed,stage1,,,3,0.020728145187851155,0.01306578703224659,0.4032490206593833,0.12097470619781499,0.3,True,False,1.2417634333988792e-09,True,858,2640
29,2,0.0,0.0,uniform,0,uniform,0.3,fixed,stage1,,,4,0.020728208340715426,0.013065832977493605,0.2822747050003323,0.08468241150009952,0.3,True,False,4.594524701494185e-08,True,1065,3300
29,2,0.0,0.0,uniform,0,uniform,0.3,fixed,stage1,,,5,0.020728186276502747,0.013065820559859276,0.1975921879491761,0.05927765638475289,0.3,True,False,-1.2417634328784621e-08,True,1317,3960
29,2,0.0,0.0,uniform,0,uniform,0.3,fixed,stage1,,,6,0.020728183236727205,0.013065803175171217,0.13831438379299288,0.041494315137897884,0.3,True,False,-1.738468805891069e-08,True,1533,4620
29,2,0.0,0.0,uniform,0,uniform,0.3,fixed,stage1,,,7,0.020728186276502747,0.013065820559859276,0.09682021642652534,0.029046064927957603,0.3,True,False,1.738468805891069e-08,True,1776,5280
29,2,0.0,0.0,uniform,0,uniform,0.3,fixed,stage1,,,8,0.020728164212290068,0.01306579572459062,0.067773940396542,0.020332182118962584,0.3,True,False,-2.483526865583452e-08,True,2028,5940
29,2,0.0,0.0,uniform,0,uniform,0.3,fixed,stage1,,,9,0.020728164212290068,0.01306579572459062,0.04744175827757942,0.014232527483273874,0.3,True,False,0.0,True,2262,6600
29,2,0.0,0.0,uniform,0,uniform,0.3,fixed,stage1,,,10,0.020728205300940772,0.01306581807633241,0.033209420786123586,0.009962826235837002,0.3,True,False,2.2351741790771484e-08,True,2454,7260
29,2,0.0,0.0,uniform,0,uniform,0.3,fixed,stage1,,,11,0.02072814214807739,0.013065785790483156,0.023246320117690705,0.006973896035307292,0.3,True,False,-3.228584925449307e-08,True,2721,7920
29,2,0.0,0.0,uniform,0,uniform,0.3,fixed,stage1,,,12,0.02072809801965203,0.013065759713451067,0.016272202425430385,0.004881660727629066,0.3,True,False,-2.60770320892334e-08,True,2940,8580
29,2,0.0,0.0,uniform,0,uniform,0.3,fixed,stage1,,,13,0.020728140576186327,0.013065831735730171,0.011391153893507488,0.0034173461680522474,0.3,True,False,7.202227910417525e-08,True,3120,9240
29,2,0.0,0.0,uniform,0,uniform,0.3,fixed,stage1,,,14,0.02072809801965203,0.013065759713451067,0.00797319552974907,0.0023919586589247043,0.3,True,False,-7.202227910417525e-08,True,3339,9900
29,2,0.0,0.0,uniform,0,uniform,0.3,fixed,stage1,,,15,0.02072814214807739,0.013065785790483156,0.005581458527777395,0.0016744375583332667,0.3,True,False,2.60770320892334e-08,True,3594,10560
29,2,0.0,0.0,uniform,0,uniform,0.3,fixed,stage1,,,16,0.02072814214807739,0.013065785790483156,0.003907020969444128,0.0011721062908332238,0.3,True,False,0.0,True,3804,11220
29,2,0.0,0.0,uniform,0,uniform,0.3,fixed,stage1,,,17,0.020728186276502747,0.013065820559859276,0.0027352102214144814,0.0008205630664242939,0.3,True,False,3.4769376119556106e-08,True,4065,11880
29,2,0.0,0.0,uniform,0,uniform,0.3,fixed,stage1,,,18,0.020728202261162565,0.013065832977493605,0.0019147527060468465,0.000574425811814063,0.3,True,False,1.2417634328784621e-08,True,4326,12540
29,2,0.0,0.0,uniform,0,uniform,0.3,fixed,stage1,,,19,0.020728183236727205,0.013065803175171217,0.0013400735717457842,0.00040202207152384255,0.3,True,False,-2.9802322387695312e-08,True,4551,13200
29,2,0.0,0.0,uniform,0,uniform,0.5,fixed,stage1,,,0,0.008316883224494642,0.006732224797209104,1.0165587238300828,0.5082793619150414,0.5,True,False,,True,129,660
29,2,0.0,0.0,uniform,0,uniform,0.5,fixed,stage1,,,1,0.020728145187851155,0.01306578703224659,0.5844997539599674,0.2922498769799837,0.5,True,False,0.006333562235037486,True,345,1320
29,2,0.0,0.0,uniform,0,uniform,0.5,fixed,stage1,,,2,0.020728164212290068,0.01306579572459062,0.2922499508656653,0.14612497543283262,0.5,True,False,8.692344030322707e-09,True,603,1980
29,2,0.0,0.0,uniform,0,uniform,0.5,fixed,stage1,,,3,0.020728164212290068,0.01306579572459062,0.14612497543283265,0.07306248771641634,0.5,True,False,0.0,True,837,2640
29,2,0.0,0.0,uniform,0,uniform,0.5,fixed,stage1,,,4,0.020728186276502747,0.013065820559859276,0.07306269881844205,0.036531349409221016,0.5,True,False,2.483526865583452e-08,True,1080,3300
29,2,0.0,0.0,uniform,0,uniform,0.5,fixed,stage1,,,5,0.020728186276502747,0.013065820559859276,0.03653134940922102,0.018265674704610546,0.5,True,False,0.0,True,1335,3960
29,2,0.0,0.0,uniform,0,uniform,0.5,fixed,stage1,,,6,0.020728164212290068,0.01306579572459062,0.018265463602584745,0.00913273180129238,0.5,True,False,-2.483526865583452e-08,True,1578,4620
29,2,0.0,0.0,uniform,0,uniform,0.5,fixed,stage1,,,7,0.020728164212290068,0.01306579572459062,0.009132731801292367,0.004566365900646047,0.5,True,False,0.0,True,1782,5280
29,2,0.0,0.0,uniform,0,uniform,0.5,fixed,stage1,,,8,0.020728208340715426,0.013065832977493605,0.004566682553728714,0.002283341276864391,0.5,True,False,3.725290298461914e-08,True,1995,5940
29,2,0.0,0.0,uniform,0,uniform,0.5,fixed,stage1,,,9,0.020728186276502747,0.013065820559859276,0.0022832357258076637,0.0011416178629038319,0.5,True,False,-1.2417634328784621e-08,True,2262,6600
29,2,0.0,0.0,uniform,0,uniform,0.5,fixed,stage1,,,10,0.020728186276502747,0.013065820559859276,0.0011416178629038319,0.0005708089314519502,0.5,True,False,0.0,True,2523,7260
29,2,0.0,0.0,uniform,0,uniform,0.5,fixed,stage1,,,11,0.020728164212290068,0.01306579572459062,0.0005705978294261466,0.0002852989147130664,0.5,True,False,-2.483526865583452e-08,True,2784,7920
29,2,0.0,0.0,uniform,0,uniform,1.0,fixed,stage1,,,0,0.008316883224494642,0.006732224797209104,1.0165587238300828,1.0165587238300828,1.0,True,False,,True,129,660
29,2,0.0,0.0,uniform,0,uniform,1.0,fixed,stage1,,,1,0.020728186276502747,0.013065820559859276,0.07622067703263334,0.07622067703263334,1.0,True,False,0.006333595762650172,True,384,1320
29,2,0.0,0.0,uniform,0,uniform,1.0,fixed,stage1,,,2,0.020728186276502747,0.013065820559859276,0.0,0.0,1.0,True,False,0.0,True,645,1980
