seed,dimension,poison_ratio,target,initialization,initialization_replicate,evaluator,update_rate,update_policy,coalition_mode,controlled_coalition_size,controlled_poison_count,round,target_error,evaluation_loss,consistency_l1,update_l1,eta_used,update_accepted,gate_triggered,eval_loss_delta,informative,stage3_requests_cumulative,contribution_requests_cumulative
0,2,0.0,0.0,stage0,0,uniform,0.5,fixed,stage1,,,0,0.02341123766175328,0.0018032121006399393,0.7477336504902925,0.3738668252451463,0.5,True,False,,True,306,777
0,2,0.0,0.0,stage0,0,uniform,0.5,fixed,stage1,,,1,0.03140632387404349,0.006924903408313791,0.44325990567729956,0.22162995283864984,0.5,True,False,0.005121691307673852,True,513,1554
0,2,0.0,0.0,stage0,0,uniform,0.5,fixed,stage1,,,2,0.03140632387404349,0.006924903408313791,0.2216299528386497,0.1108149764193249,0.5,True,False,0.0,True,720,2331
0,2,0.0,0.0,stage0,0,uniform,0.5,fixed,stage1,,,3,0.03140631920729886,0.006924894095088045,0.11081483977085775,0.05540741988542887,0.5,True,False,-9.313225746154785e-09,True,912,3108
0,2,0.0,0.0,stage0,0,uniform,0.5,fixed,stage1,,,4,0.031406335205127714,0.006924905115738511,0.055407581586119345,0.027703790793059707,0.5,True,False,1.1020650465994042e-08,True,1176,3885
0,2,0.0,0.0,stage0,0,uniform,0.5,fixed,stage1,,,5,0.03140632298432694,0.006924903408313791,0.027703765740836217,0.013851882870418122,0.5,True,False,-1.7074247198392567e-09,True,1392,4662
0,2,0.0,0.0,stage0,0,uniform,0.5,fixed,stage1,,,6,0.03140632387404349,0.006924903408313791,0.013851882870418095,0.00692594143520904,0.5,True,False,0.0,True,1617,5439
0,2,0.0,0.0,stage0,0,uniform,0.5,fixed,stage1,,,7,0.0314063203151773,0.006924895957733194,0.006925832116432121,0.003462916058216081,0.5,True,False,-7.450580596923828e-09,True,1839,6216
0,2,0.0,0.0,stage0,0,uniform,0.5,fixed,stage1,,,8,0.03140633097470699,0.0069249052709589405,0.003463052706691311,0.0017315263533456693,0.5,True,False,9.313225746154785e-09,True,2052,6993
0,2,0.0,0.0,stage0,0,uniform,0.5,fixed,stage1,,,9,0.03140632563640779,0.006924900303905209,0.0017314534741536824,0.0008657267370768412,0.5,True,False,-4.967053731860793e-09,True,2274,7770
0,2,0.0,0.0,stage0,0,uniform,0.5,fixed,stage1,,,10,0.03140633097470699,0.0069249052709589405,0.0008657996162688003,0.0004328998081344765,0.5,True,False,4.967053731860793e-09,True,2487,8547
0,2,0.0,0.0,stage0,0,uniform,0.5,adaptive,stage1,,,0,0.02341123766175328,0.0018032121006399393,0.7477336504902925,0.3738668252451463,0.5,True,False,,True,306,777
0,2,0.0,0.0,stage0,0,uniform,0.5,adaptive,stage1,,,1,0.03140632387404349,0.006924903408313791,0.44325990567729956,0.22162995283864984,0.5,True,False,0.005121691307673852,True,513,1554
0,2,0.0,0.0,stage0,0,uniform,0.5,adaptive,stage1,,,2,0.03140632387404349,0.006924903408313791,0.2216299528386497,0.1108149764193249,0.5,True,False,0.0,True,720,2331
0,2,0.0,0.0,stage0,0,uniform,0.5,adaptive,stage1,,,3,0.03140631920729886,0.006924894095088045,0.11081483977085775,0.05540741988542887,0.5,True,False,-9.313225746154785e-09,True,912,3108
0,2,0.0,0.0,stage0,0,uniform,0.5,adaptive,stage1,,,4,0.031406335205127714,0.006924905115738511,0.055407581586119345,0.027703790793059707,0.5,True,False,1.1020650465994042e-08,True,1176,3885
0,2,0.0,0.0,stage0,0,uniform,0.5,adaptive,stage1,,,5,0.03140632298432694,0.006924903408313791,0.027703765740836217,0.013851882870418122,0.5,True,False,-1.7074247198392567e-09,True,1392,4662
0,2,0.0,0.0,stage0,0,uniform,0.5,adaptive,stage1,,,6,0.03140632387404349,0.006924903408313791,0.013851882870418095,0.00692594143520904,0.5,True,False,0.0,True,1617,5439
0,2,0.0,0.0,stage0,0,uniform,0.5,adaptive,stage1,,,7,0.0314063203151773,0.006924895957733194,0.006925832116432121,0.003462916058216081,0.5,True,False,-7.450580596923828e-09,True,1839,6216
0,2,0.0,0.0,stage0,0,uniform,0.5,adaptive,stage1,,,8,0.03140633097470699,0.0069249052709589405,0.003463052706691311,0.0017315263533456693,0.5,True,False,9.313225746154785e-09,True,2052,6993
0,2,0.0,0.0,stage0,0,uniform,0.5,adaptive,stage1,,,9,0.03140632563640779,0.006924900303905209,0.0017314534741536824,0.0008657267370768412,0.5,True,False,-4.967053731860793e-09,True,2274,7770
0,2,0.0,0.0,stage0,0,uniform,0.5,adaptive,stage1,,,10,0.03140633097470699,0.0069249052709589405,0.0008657996162688003,0.0004328998081344765,0.5,True,False,4.967053731860793e-09,True,2487,8547
0,2,0.0,0.0,uniform,0,uniform,0.5,fixed,stage1,,,0,0.025550440028532184,0.0018870764567206304,0.8377785543617249,0.41888927718086244,0.5,True,False,,True,342,777
0,2,0.0,0.0,uniform,0,uniform,0.5,fixed,stage1,,,1,0.031406293623680887,0.006924894095088045,0.4872316553201085,0.24361582766005418,0.5,True,False,0.0050378176383674145,True,537,1554
0,2,0.0,0.0,uniform,0,uniform,0.5,fixed,stage1,,,2,0.03140617103055865,0.006924814622228344,0.24361466159481127,0.12180733079740563,0.5,True,False,-7.947285970109907e-08,True,735,2331
0,2,0.0,0.0,uniform,0,uniform,0.5,fixed,stage1,,,3,0.03140631920729886,0.006924894095088045,0.12180849686264869,0.060904248431324415,0.5,True,False,7.947285970109907e-08,True,945,3108
0,2,0.0,0.0,uniform,0,uniform,0.5,fixed,stage1,,,4,0.03140631631998733,0.006924893474206328,0.06090423932142777,0.0304521196607139,0.5,True,False,-6.208817166994396e-10,True,1140,3885
0,2,0.0,0.0,uniform,0,uniform,0.5,fixed,stage1,,,5,0.03140630144710632,0.006924881677453716,0.030451946572718172,0.015225973286359024,0.5,True,False,-1.1796752612085182e-08,True,1377,4662
0,2,0.0,0.0,uniform,0,uniform,0.5,fixed,stage1,,,6,0.03140633431541118,0.006924905115738511,0.015226317184941815,0.0076131585924709005,0.5,True,False,2.3438284794778663e-08,True,1611,5439
0,2,0.0,0.0,uniform,0,uniform,0.5,fixed,stage1,,,7,0.03140632387404349,0.006924903408313791,0.007613133540247494,0.00380656677012374,0.5,True,False,-1.7074247198392567e-09,True,1860,6216
0,2,0.0,0.0,uniform,0,uniform,0.5,fixed,stage1,,,8,0.03140633186442353,0.0069249052709589405,0.0038065940998220915,0.0019032970499111013,0.5,True,False,1.862645149230957e-09,True,2073,6993
0,2,0.0,0.0,uniform,0,uniform,0.5,fixed,stage1,,,9,0.03140632209461039,0.006924898441260059,0.001903196841025065,0.0009515984205125533,0.5,True,False,-6.82969888109175e-09,True,2295,7770
0,2,0.0,0.0,uniform,0,uniform,0.5,fixed,stage1,,,10,0.031406330084990455,0.0069249052709589405,0.000951698629398437,0.0004758493146991699,0.5,True,False,6.82969888109175e-09,True,2499,8547
0,2,0.0,0.0,uniform,0,uniform,0.5,adaptive,stage1,,,0,0.025550440028532184,0.0018870764567206304,0.8377785543617249,0.41888927718086244,0.5,True,False,,True,342,777
0,2,0.0,0.0,uniform,0,uniform,0.5,adaptive,stage1,,,1,0.031406293623680887,0.006924894095088045,0.4872316553201085,0.24361582766005418,0.5,True,False,0.0050378176383674145,True,537,1554
0,2,0.0,0.0,uniform,0,uniform,0.5,adaptive,stage1,,,2,0.03140617103055865,0.006924814622228344,0.24361466159481127,0.12180733079740563,0.5,True,False,-7.947285970109907e-08,True,735,2331
0,2,0.0,0.0,uniform,0,uniform,0.5,adaptive,stage1,,,3,0.03140631920729886,0.006924894095088045,0.12180849686264869,0.060904248431324415,0.5,True,False,7.947285970109907e-08,True,945,3108
0,2,0.0,0.0,uniform,0,uniform,0.5,adaptive,stage1,,,4,0.03140631631998733,0.006924893474206328,0.06090423932142777,0.0304521196607139,0.5,True,False,-6.208817166994396e-10,True,1140,3885
0,2,0.0,0.0,uniform,0,uniform,0.5,adaptive,stage1,,,5,0.03140630144710632,0.006924881677453716,0.030451946572718172,0.015225973286359024,0.5,True,False,-1.1796752612085182e-08,True,1377,4662
0,2,0.0,0.0,uniform,0,uniform,0.5,adaptive,stage1,,,6,0.03140633431541118,0.006924905115738511,0.015226317184941815,0.0076131585924709005,0.5,True,False,2.3438284794778663e-08,True,1611,5439
0,2,0.0,0.0,uniform,0,uniform,0.5,adaptive,stage1,,,7,0.03140632387404349,0.006924903408313791,0.007613133540247494,0.00380656677012374,0.5,True,False,-1.7074247198392567e-09,True,1860,6216
0,2,0.0,0.0,uniform,0,uniform,0.5,adaptive,stage1,,,8,0.03140633186442353,0.0069249052709589405,0.0038065940998220915,0.0019032970499111013,0.5,True,False,1.862645149230957e-09,True,2073,6993
0,2,0.0,0.0,uniform,0,uniform,0.5,adaptive,stage1,,,9,0.03140632209461039,0.006924898441260059,0.001903196841025065,0.0009515984205125533,0.5,True,False,-6.82969888109175e-09,True,2295,7770
0,2,0.0,0.0,uniform,0,uniform,0.5,adaptive,stage1,,,10,0.031406330084990455,0.0069249052709589405,0.000951698629398437,0.0004758493146991699,0.5,True,False,6.82969888109175e-09,True,2499,8547
0,2,0.0,0.0,dirichlet,0,uniform,0.5,fixed,stage1,,,0,0.02541138688909629,0.004817876033484936,1.0540685523745668,0.5270342761872834,0.5,True,False,,True,237,777
0,2,0.0,0.0,dirichlet,0,uniform,0.5,fixed,stage1,,,1,0.02594397826369134,0.0019010965867588918,0.4887630652565571,0.24438153262827855,0.5,True,False,-0.0029167794467260437,True,489,1554
0,2,0.0,0.0,dirichlet,0,uniform,0.5,fixed,stage1,,,2,0.031406321204893846,0.006924895957733194,0.3125480510207892,0.15627402551039465,0.5,True,False,0.005023799370974302,True,690,2331
0,2,0.0,0.0,dirichlet,0,uniform,0.5,fixed,stage1,,,3,0.03140631920729886,0.006924894095088045,0.15627399818070445,0.07813699909035224,0.5,True,False,-1.862645149230957e-09,True,900,3108
0,2,0.0,0.0,dirichlet,0,uniform,0.5,fixed,stage1,,,4,0.031406297871170594,0.006924884781862299,0.07813686244192629,0.039068431220963096,0.5,True,False,-9.313225746154785e-09,True,1095,3885
0,2,0.0,0.0,dirichlet,0,uniform,0.5,fixed,stage1,,,5,0.031406334533573124,0.006924905115738511,0.03906872957007958,0.019534364785039726,0.5,True,False,2.0333876212148827e-08,True,1323,4662
0,2,0.0,0.0,dirichlet,0,uniform,0.5,fixed,stage1,,,6,0.03140632387404349,0.006924903408313791,0.01953433973281643,0.009767169866408229,0.5,True,False,-1.7074247198392567e-09,True,1524,5439
0,2,0.0,0.0,dirichlet,0,uniform,0.5,fixed,stage1,,,7,0.031406324763760034,0.006924904494856794,0.009767185808732023,0.004883592904366005,0.5,True,False,1.0865430031398171e-09,True,1758,6216
0,2,0.0,0.0,dirichlet,0,uniform,0.5,fixed,stage1,,,8,0.03140632387404349,0.006924903408313791,0.0048835769620421965,0.0024417884810210844,0.5,True,False,-1.0865430031398171e-09,True,1980,6993
0,2,0.0,0.0,dirichlet,0,uniform,0.5,fixed,stage1,,,9,0.03140632387404349,0.006924903408313791,0.002441788481021112,0.001220894240510556,0.5,True,False,0.0,True,2253,7770
0,2,0.0,0.0,dirichlet,0,uniform,0.5,fixed,stage1,,,10,0.026069415856739855,0.002130711218342185,0.06405459793145622,0.032027298965728174,0.5,True,False,-0.004794192189971606,True,2544,8547
0,2,0.0,0.0,dirichlet,0,uniform,0.5,fixed,stage1,,,11,0.03140632009701541,0.006924893474206328,0.033248047447875184,0.016624023723937648,0.5,True,False,0.004794182255864143,True,2778,9324
0,2,0.0,0.0,dirichlet,0,uniform,0.5,fixed,stage1,,,12,0.03140632387404349,0.006924903408313791,0.016624169482301082,0.008312084741150583,0.5,True,False,9.934107462854225e-09,True,3027,10101
0,2,0.0,0.0,dirichlet,0,uniform,0.5,fixed,stage1,,,13,0.031406321204893846,0.006924895957733194,0.008311975422373566,0.004155987711186804,0.5,True,False,-7.450580596923828e-09,True,3267,10878
0,2,0.0,0.0,dirichlet,0,uniform,0.5,fixed,stage1,,,14,0.025216450097050647,0.002293297788128257,0.0590601326840184,0.029530066342009248,0.5,True,False,-0.0046315981696049375,True,3555,11655
0,2,0.0,0.0,dirichlet,0,uniform,0.5,fixed,stage1,,,15,0.0314063203151773,0.006924895957733194,0.03368605405319601,0.016843027026598012,0.5,True,False,0.0046315981696049375,True,3792,12432
0,2,0.0,0.0,dirichlet,0,uniform,0.5,fixed,stage1,,,16,0.03140630144710632,0.006924881677453716,0.016842817499015686,0.008421408749507836,0.5,True,False,-1.4280279478015578e-08,True,4029,13209
0,2,0.0,0.0,dirichlet,0,uniform,0.5,fixed,stage1,,,17,0.03140632009701541,0.006924893474206328,0.00842158183750355,0.004210790918751817,0.5,True,False,1.1796752612085182e-08,True,4272,13986
0,2,0.0,0.0,dirichlet,0,uniform,0.5,fixed,stage1,,,18,0.03140633097470699,0.0069249052709589405,0.004210964006813617,0.0021054820034068084,0.5,True,False,1.1796752612085182e-08,True,4485,14763
0,2,0.0,0.0,dirichlet,0,uniform,0.5,fixed,stage1,,,19,0.03140632387404349,0.006924903408313791,0.0021054546737084706,0.0010527273368542839,0.5,True,False,-1.862645149230957e-09,True,4692,15540
0,2,0.0,0.0,dirichlet,0,uniform,0.5,adaptive,stage1,,,0,0.024972757046161455,0.0018656777683645487,0.6142579564577614,0.30712897822888074,0.5,True,False,,True,372,777
0,2,0.0,0.0,dirichlet,0,uniform,0.5,adaptive,stage1,,,1,0.02523886473669225,0.001873623812571168,0.3072285910237422,0.15361429551187109,0.5,True,False,7.946044206619263e-06,True,777,1554
0,2,0.0,0.0,dirichlet,0,uniform,0.5,adaptive,stage1,,,2,0.03140632298432694,0.006924903408313791,0.22212550868050887,0.11106275434025438,0.5,True,False,0.005051279595742623,True,975,2331
0,2,0.0,0.0,dirichlet,0,uniform,0.5,adaptive,stage1,,,3,0.031406321204893846,0.006924895957733194,0.11106264502147756,0.05553132251073878,0.5,True,False,-7.450580596923828e-09,True,1176,3108
0,2,0.0,0.0,dirichlet,0,uniform,0.5,adaptive,stage1,,,4,0.03140633473466676,0.006924907599265377,0.055531493321339276,0.027765746660669707,0.5,True,False,1.1641532182693481e-08,True,1392,3885
0,2,0.0,0.0,dirichlet,0,uniform,0.5,adaptive,stage1,,,5,0.031406327197678885,0.0069249052709589405,0.027765712498544343,0.013882856249272171,0.5,True,False,-2.3283064365386963e-09,True,1614,4662
0,2,0.0,0.0,dirichlet,0,uniform,0.5,adaptive,stage1,,,6,0.031406335205127714,0.006924905115738511,0.013882853971797254,0.006941426985898655,0.5,True,False,-1.5522042939170033e-10,True,1854,5439
0,2,0.0,0.0,dirichlet,0,uniform,0.5,adaptive,stage1,,,7,0.03140632298432694,0.006924903408313791,0.006941401933675179,0.0034707009668375755,0.5,True,False,-1.7074247198392567e-09,True,2070,6216
0,2,0.0,0.0,dirichlet,0,uniform,0.5,adaptive,stage1,,,8,0.0314063203151773,0.006924895957733194,0.0034705916480606697,0.0017352958240303973,0.5,True,False,-7.450580596923828e-09,True,2283,6993
0,2,0.0,0.0,dirichlet,0,uniform,0.5,adaptive,stage1,,,9,0.03140632209461039,0.006924898441260059,0.0017353322636196183,0.0008676661318097467,0.5,True,False,2.483526865063035e-09,True,2475,7770
0,2,0.0,0.0,dirichlet,0,uniform,0.5,adaptive,stage1,,,10,0.03140633208258551,0.0069249052709589405,0.0008677663406957969,0.00043388317034789847,0.5,True,False,6.82969888109175e-09,True,2682,8547
0,2,0.0,0.0,dirichlet,1,uniform,0.5,fixed,stage1,,,0,0.014703424529226794,0.010050735746820768,1.612175000171109,0.8060875000855546,0.5,True,False,,True,366,777
0,2,0.0,0.0,dirichlet,1,uniform,0.5,fixed,stage1,,,1,0.025334964499058844,0.004911144884924094,0.7291646078575265,0.3645823039287632,0.5,True,False,-0.005139590861896674,True,495,1554
0,2,0.0,0.0,dirichlet,1,uniform,0.5,fixed,stage1,,,2,0.0314062303039182,0.0069248493916044635,0.39319537824024314,0.19659768912012157,0.5,True,False,0.0020137045066803694,True,705,2331
0,2,0.0,0.0,dirichlet,1,uniform,0.5,fixed,stage1,,,3,0.031406328540788106,0.006924905115738511,0.1965985067328805,0.09829925336644027,0.5,True,False,5.572413404753701e-08,True,921,3108
0,2,0.0,0.0,dirichlet,1,uniform,0.5,fixed,stage1,,,4,0.031406321204893846,0.006924895957733194,0.09829911899543987,0.049149559497719875,0.5,True,False,-9.158005316763085e-09,True,1152,3885
0,2,0.0,0.0,dirichlet,1,uniform,0.5,fixed,stage1,,,5,0.0314063203151773,0.006924895957733194,0.04914955949772,0.02457477974886009,0.5,True,False,0.0,True,1380,4662
0,2,0.0,0.0,dirichlet,1,uniform,0.5,fixed,stage1,,,6,0.025768428367017496,0.0018937591618547838,0.04368379822823633,0.0218418991141182,0.5,True,False,-0.00503113679587841,True,1677,5439
0,2,0.0,0.0,dirichlet,1,uniform,0.5,fixed,stage1,,,7,0.03140632387404349,0.006924903408313791,0.04641678818175504,0.023208394090877577,0.5,True,False,0.005031144246459007,True,1926,6216
0,2,0.0,0.0,dirichlet,1,uniform,0.5,fixed,stage1,,,8,0.03140633609484425,0.006924905115738511,0.023208419143100886,0.011604209571550506,0.5,True,False,1.7074247198392567e-09,True,2166,6993
0,2,0.0,0.0,dirichlet,1,uniform,0.5,fixed,stage1,,,9,0.03140633431541118,0.006924905115738511,0.01160420957155038,0.005802104785775253,0.5,True,False,0.0,True,2409,7770
0,2,0.0,0.0,dirichlet,1,uniform,0.5,fixed,stage1,,,10,0.03140630186636057,0.006924891611561179,0.005801906645500357,0.0029009533227501716,0.5,True,False,-1.3504177331924438e-08,True,2646,8547
0,2,0.0,0.0,dirichlet,1,uniform,0.5,fixed,stage1,,,11,0.03140632387404349,0.006924903408313791,0.0029011264108015355,0.0014505632054007678,0.5,True,False,1.1796752612085182e-08,True,2856,9324
0,2,0.0,0.0,dirichlet,1,uniform,0.5,fixed,stage1,,,12,0.03140631454055423,0.006924893474206328,0.0014504174470372222,0.0007252087235186111,0.5,True,False,-9.934107462854225e-09,True,3066,10101
0,2,0.0,0.0,dirichlet,1,uniform,0.5,fixed,stage1,,,13,0.031406330084990455,0.0069249052709589405,0.0007253818115804944,0.0003626909057902472,0.5,True,False,1.1796752612085182e-08,True,3270,10878
0,2,0.0,0.0,dirichlet,1,uniform,0.5,adaptive,stage1,,,0,0.025453495449766612,0.004925551824271679,0.697141000461377,0.3485705002306885,0.5,True,False,,True,150,777
0,2,0.0,0.0,dirichlet,1,uniform,0.5,adaptive,stage1,,,1,0.031406335205127714,0.006924905115738511,0.3769861009388219,0.18849305046941098,0.5,True,False,0.001999353291466832,True,360,1554
0,2,0.0,0.0,dirichlet,1,uniform,0.5,adaptive,stage1,,,2,0.031406324763760034,0.006924904494856794,0.18849304135951137,0.09424652067975575,0.5,True,False,-6.208817166994396e-10,True,561,2331
0,2,0.0,0.0,dirichlet,1,uniform,0.5,adaptive,stage1,,,3,0.03140633431541118,0.006924905115738511,0.09424652978965521,0.04712326489482757,0.5,True,False,6.208817166994396e-10,True,786,3108
0,2,0.0,0.0,dirichlet,1,uniform,0.5,adaptive,stage1,,,4,0.031406310780595526,0.006924877952163418,0.04712286633689172,0.02356143316844586,0.5,True,False,-2.7163575093240577e-08,True,1026,3885
0,2,0.0,0.0,dirichlet,1,uniform,0.5,adaptive,stage1,,,5,0.03140632387404349,0.006924903408313791,0.02356180667415836,0.011780903337079221,0.5,True,False,2.545615037340132e-08,True,1269,4662
0,2,0.0,0.0,dirichlet,1,uniform,0.5,adaptive,stage1,,,6,0.03140633097470699,0.0069249052709589405,0.011780930666777475,0.005890465333388731,0.5,True,False,1.862645149230957e-09,True,1491,5439
0,2,0.0,0.0,dirichlet,1,uniform,0.5,adaptive,stage1,,,7,0.025008746756467796,0.0023452854560067258,0.05666520490153164,0.014166301225382844,0.25,True,False,-0.004579619814952215,True,1779,6216
0,2,0.0,0.0,dirichlet,1,uniform,0.5,adaptive,stage1,,,8,0.03140632298432694,0.006924903408313791,0.02005673922907325,0.005014184807268313,0.25,True,False,0.004579617952307066,True,2016,6993
0,2,0.0,0.0,dirichlet,1,uniform,0.5,adaptive,stage1,,,9,0.0314063396537104,0.0069249038739750786,0.01504256125422948,0.003760640313557412,0.25,True,False,4.656612873077393e-10,True,2277,7770
0,2,0.0,0.0,dirichlet,1,uniform,0.5,adaptive,stage1,,,10,0.03140633609484425,0.006924905115738511,0.011281939160470947,0.0028204847901177055,0.25,True,False,1.2417634325315174e-09,True,2541,8547
0,2,0.0,0.0,dirichlet,1,uniform,0.5,adaptive,stage1,,,11,0.03140632387404349,0.006924903408313791,0.00846142931812982,0.0021153573295324968,0.25,True,False,-1.7074247198392567e-09,True,2790,9324
0,2,0.0,0.0,dirichlet,1,uniform,0.5,adaptive,stage1,,,12,0.03140632387404349,0.006924903408313791,0.006346071988597324,0.001586517997149317,0.25,True,False,0.0,True,3039,10101
0,2,0.0,0.0,dirichlet,1,uniform,0.5,adaptive,stage1,,,13,0.03140633765611542,0.006924905736620228,0.00475958815357129,0.001189897038392812,0.25,True,False,2.3283064365386963e-09,True,3282,10878
0,2,0.0,0.0,dirichlet,1,uniform,0.5,adaptive,stage1,,,14,0.03140633765611542,0.006924905736620228,0.0035696911151784777,0.0008924227787946298,0.25,True,False,0.0,True,3525,11655
0,2,0.0,0.0,dirichlet,1,uniform,0.5,adaptive,stage1,,,15,0.03140633431541118,0.006924905115738511,0.0026772592264839856,0.0006693148066210242,0.25,True,False,-6.208817166994396e-10,True,3741,12432
0,2,0.0,0.0,dirichlet,1,uniform,0.5,adaptive,stage1,,,16,0.031406321204893846,0.006924895957733194,0.002007810048862607,0.0005019525122156449,0.25,True,False,-9.158005316763085e-09,True,3954,13209
0,2,0.0,0.0,dirichlet,1,uniform,0.5,adaptive,stage1,,,17,0.03140632387404349,0.006924903408313791,0.0015059668554238959,0.0003764917138559809,0.25,True,False,7.450580596923828e-09,True,4170,13986
0,2,0.0,0.0,dirichlet,1,uniform,0.5,adaptive,stage1,,,18,0.031406321204893846,0.006924895957733194,0.0011293658227909814,0.00028234145569767943,0.25,True,False,-7.450580596923828e-09,True,4383,14763
0,2,0.0,0.0,dirichlet,1,uniform,0.5,adaptive,stage1,,,19,0.031406321204893846,0.006924895957733194,0.000847024367093302,0.0002117560917733602,0.25,True,False,0.0,True,4596,15540
0,2,0.0,0.0,dirichlet,2,uniform,0.5,fixed,stage1,,,0,0.013602253025599309,0.010831565906604132,1.293380151301312,0.646690075650656,0.5,True,False,,True,126,777
0,2,0.0,0.0,dirichlet,2,uniform,0.5,fixed,stage1,,,1,0.023769970466483163,0.0018160500718901555,0.5328460026357804,0.2664230013178902,0.5,True,False,-0.009015515834713977,True,480,1554
0,2,0.0,0.0,dirichlet,2,uniform,0.5,fixed,stage1,,,2,0.031406324763760034,0.006924904494856794,0.3273655117705412,0.16368275588527054,0.5,True,False,0.005108854422966639,True,687,2331
0,2,0.0,0.0,dirichlet,2,uniform,0.5,fixed,stage1,,,3,0.03140632298432694,0.006924903408313791,0.16368273994294683,0.08184136997147336,0.5,True,False,-1.0865430031398171e-09,True,864,3108
0,2,0.0,0.0,dirichlet,2,uniform,0.5,fixed,stage1,,,4,0.031406321204893846,0.006924895957733194,0.08184126065269653,0.04092063032634834,0.5,True,False,-7.450580596923828e-09,True,1092,3885
0,2,0.0,0.0,dirichlet,2,uniform,0.5,fixed,stage1,,,5,0.03140632565347658,0.006924904494856794,0.040920755587448954,0.020460377793724463,0.5,True,False,8.537123600063645e-09,True,1296,4662
0,2,0.0,0.0,dirichlet,2,uniform,0.5,fixed,stage1,,,6,0.03140633431541118,0.006924905115738511,0.02046038690362409,0.010230193451811975,0.5,True,False,6.208817166994396e-10,True,1530,5439
0,2,0.0,0.0,dirichlet,2,uniform,0.5,fixed,stage1,,,7,0.03140633186442353,0.0069249052709589405,0.010230195729287031,0.005115097864643592,0.5,True,False,1.5522042939170033e-10,True,1767,6216
0,2,0.0,0.0,dirichlet,2,uniform,0.5,fixed,stage1,,,8,0.03140633431541118,0.006924905115738511,0.005115095587168522,0.002557547793584275,0.5,True,False,-1.5522042939170033e-10,True,2016,6993
0,2,0.0,0.0,dirichlet,2,uniform,0.5,fixed,stage1,,,9,0.03140632387404349,0.006924903408313791,0.0025575227413608265,0.0012787613706804063,0.5,True,False,-1.7074247198392567e-09,True,2238,7770
0,2,0.0,0.0,dirichlet,2,uniform,0.5,fixed,stage1,,,10,0.03140632009701541,0.006924893474206328,0.0012786156123168746,0.0006393078061584373,0.5,True,False,-9.934107462854225e-09,True,2457,8547
0,2,0.0,0.0,dirichlet,2,uniform,0.5,fixed,stage1,,,11,0.03140632298432694,0.006924903408313791,0.0006394535645219829,0.00031972678226101225,0.5,True,False,9.934107462854225e-09,True,2661,9324
0,2,0.0,0.0,dirichlet,2,uniform,0.5,adaptive,stage1,,,0,0.03140632298432694,0.006924903408313791,0.33582430630665094,0.1679121531533255,0.5,True,False,,True,195,777
0,2,0.0,0.0,dirichlet,2,uniform,0.5,adaptive,stage1,,,1,0.03140631742786576,0.006924894095088045,0.16791201650485846,0.0839560082524293,0.5,True,False,-9.313225746154785e-09,True,405,1554
0,2,0.0,0.0,dirichlet,2,uniform,0.5,adaptive,stage1,,,2,0.03140632808739542,0.0069249052709589405,0.08395617223059454,0.04197808611529727,0.5,True,False,1.1175870895385742e-08,True,642,2331
0,2,0.0,0.0,dirichlet,2,uniform,0.5,adaptive,stage1,,,3,0.03140631920729886,0.006924894095088045,0.04197792213713189,0.02098896106856596,0.5,True,False,-1.1175870895385742e-08,True,885,3108
0,2,0.0,0.0,dirichlet,2,uniform,0.5,adaptive,stage1,,,4,0.03140632387404349,0.006924903408313791,0.020989097717032973,0.010494548858516486,0.5,True,False,9.313225746154785e-09,True,1110,3885
0,2,0.0,0.0,dirichlet,2,uniform,0.5,adaptive,stage1,,,5,0.03140631631998733,0.006924893474206328,0.01049440310015294,0.005247201550076477,0.5,True,False,-9.934107462854225e-09,True,1362,4662
0,2,0.0,0.0,dirichlet,2,uniform,0.5,adaptive,stage1,,,6,0.031406335205127714,0.006924905115738511,0.00524737236066343,0.002623686180331805,0.5,True,False,1.1641532182693481e-08,True,1587,5439
0,2,0.0,0.0,dirichlet,2,uniform,0.5,adaptive,stage1,,,7,0.03140632387404349,0.006924903408313791,0.002623661128108204,0.0013118305640540812,0.5,True,False,-1.7074247198392567e-09,True,1809,6216
0,2,0.0,0.0,dirichlet,2,uniform,0.5,adaptive,stage1,,,8,0.03140632098673196,0.006924900924786925,0.0013117941244588094,0.0006558970622294463,0.5,True,False,-2.4835268659303966e-09,True,2028,6993
0,2,0.0,0.0,dirichlet,2,uniform,0.5,adaptive,stage1,,,9,0.03140633097470699,0.0069249052709589405,0.0006559608315230142,0.00032798041576150017,0.5,True,False,4.346172015161354e-09,True,2241,7770
0,2,0.0,0.0,dirichlet,3,uniform,0.5,fixed,stage1,,,0,0.022954431664799428,0.0017937840117762487,1.0500316539985879,0.5250158269992939,0.5,True,False,,True,315,777
0,2,0.0,0.0,dirichlet,3,uniform,0.5,fixed,stage1,,,1,0.025763482507585707,0.0018928730084250371,0.5262570438964037,0.2631285219482019,0.5,True,False,9.908899664878845e-05,True,693,1554
0,2,0.0,0.0,dirichlet,3,uniform,0.5,fixed,stage1,,,2,0.03140633431541118,0.006924905115738511,0.33139835112174676,0.16569917556087346,0.5,True,False,0.005032032107313474,True,864,2331
0,2,0.0,0.0,dirichlet,3,uniform,0.5,fixed,stage1,,,3,0.03140633387908737,0.006924901390448213,0.16569912090147862,0.0828495604507393,0.5,True,False,-3.725290298461914e-09,True,1077,3108
0,2,0.0,0.0,dirichlet,3,uniform,0.5,fixed,stage1,,,4,0.03140633876399386,0.006924906357501944,0.08284963332993381,0.041424816664966904,0.5,True,False,4.9670537309934315e-09,True,1296,3885
0,2,0.0,0.0,dirichlet,3,uniform,0.5,fixed,stage1,,,5,0.031406312761121116,0.006924893474206328,0.04142462763458017,0.020712313817290065,0.5,True,False,-1.2883295615224999e-08,True,1515,4662
0,2,0.0,0.0,dirichlet,3,uniform,0.5,fixed,stage1,,,6,0.03140632387404349,0.006924903408313791,0.020712459575653652,0.010356229787826826,0.5,True,False,9.934107462854225e-09,True,1764,5439
0,2,0.0,0.0,dirichlet,3,uniform,0.5,fixed,stage1,,,7,0.0314063203151773,0.006924895957733194,0.010356120469049893,0.005178060234524995,0.5,True,False,-7.450580596923828e-09,True,1980,6216
0,2,0.0,0.0,dirichlet,3,uniform,0.5,fixed,stage1,,,8,0.03140632298432694,0.006924903408313791,0.005178169553301831,0.002589084776650971,0.5,True,False,7.450580596923828e-09,True,2184,6993
0,2,0.0,0.0,dirichlet,3,uniform,0.5,fixed,stage1,,,9,0.03140630456964928,0.006924875468636553,0.002588674831373136,0.0012943374156866444,0.5,True,False,-2.7939677238464355e-08,True,2412,7770
0,2,0.0,0.0,dirichlet,3,uniform,0.5,fixed,stage1,,,10,0.03140631653814921,0.006924894095088045,0.001294610712497174,0.0006473053562486009,0.5,True,False,1.862645149230957e-08,True,2607,8547
0,2,0.0,0.0,dirichlet,3,uniform,0.5,fixed,stage1,,,11,0.03140632209461039,0.006924898441260059,0.0006473691255280273,0.0003236845627640761,0.5,True,False,4.346172014293992e-09,True,2829,9324
0,2,0.0,0.0,dirichlet,3,uniform,0.5,adaptive,stage1,,,0,0.02547704687915415,0.005167474038898945,0.7796974400410406,0.3898487200205203,0.5,True,False,,True,156,777
0,2,0.0,0.0,dirichlet,3,uniform,0.5,adaptive,stage1,,,1,0.03140632387404349,0.006924903408313791,0.4149211392455979,0.20746056962279896,0.5,True,False,0.0017574293694148464,True,372,1554
0,2,0.0,0.0,dirichlet,3,uniform,0.5,adaptive,stage1,,,2,0.023273971718300396,0.001802542790149649,0.15087402103359165,0.0754370105167959,0.5,True,False,-0.0051223606181641426,True,741,2331
0,2,0.0,0.0,dirichlet,3,uniform,0.5,adaptive,stage1,,,3,0.03140324915495904,0.0069220099442948895,0.13838855952364879,0.06919427976182438,0.5,True,False,0.005119467154145241,True,1011,3108
0,2,0.0,0.0,dirichlet,3,uniform,0.5,adaptive,stage1,,,4,0.03140632387404349,0.006924903408313791,0.069236732180466,0.034618366090232944,0.5,True,False,2.8934640189017674e-06,True,1209,3885
0,2,0.0,0.0,dirichlet,3,uniform,0.5,adaptive,stage1,,,5,0.031406337874277324,0.006924906357501944,0.03461840936225624,0.01730920468112808,0.5,True,False,2.949188152370774e-09,True,1437,4662
0,2,0.0,0.0,dirichlet,3,uniform,0.5,adaptive,stage1,,,6,0.031406337874277324,0.006924906357501944,0.017309204681128162,0.008654602340564088,0.5,True,False,0.0,True,1689,5439
0,2,0.0,0.0,dirichlet,3,uniform,0.5,adaptive,stage1,,,7,0.031406321204893846,0.006924895957733194,0.008654449749763954,0.004327224874882046,0.5,True,False,-1.0399768749294602e-08,True,1929,6216
0,2,0.0,0.0,dirichlet,3,uniform,0.5,adaptive,stage1,,,8,0.03140633431541118,0.006924905115738511,0.004327359245882262,0.0021636796229410893,0.5,True,False,9.158005316763085e-09,True,2178,6993
0,2,0.0,0.0,dirichlet,3,uniform,0.5,adaptive,stage1,,,9,0.03140632209461039,0.006924898441260059,0.0021635816915301642,0.001081790845765096,0.5,True,False,-6.67447845170005e-09,True,2406,7770
0,2,0.0,0.0,dirichlet,3,uniform,0.5,adaptive,stage1,,,10,0.03140633720272272,0.006924915049845974,0.0010820345355946198,0.000541017267797303,0.5,True,False,1.6608585914554275e-08,True,2667,8547
0,2,0.0,0.0,dirichlet,3,uniform,0.5,adaptive,stage1,,,11,0.03140633765611542,0.006924905736620228,0.0005408806192786358,0.00027044030963938037,0.5,True,False,-9.313225746154785e-09,True,2889,9324
0,2,0.0,0.0,dirichlet,4,uniform,0.5,fixed,stage1,,,0,0.01744916161583971,0.006692907772958279,1.491388260435133,0.7456941302175665,0.5,True,False,,True,201,777
0,2,0.0,0.0,dirichlet,4,uniform,0.5,fixed,stage1,,,1,0.02545263489637195,0.004868787092467149,0.7198890075940089,0.35994450379700443,0.5,True,False,-0.0018241206804911298,True,360,1554
0,2,0.0,0.0,dirichlet,4,uniform,0.5,fixed,stage1,,,2,0.03140632387404349,0.006924903408313791,0.38914084737961824,0.19457042368980917,0.5,True,False,0.0020561163158466424,True,558,2331
0,2,0.0,0.0,dirichlet,4,uniform,0.5,fixed,stage1,,,3,0.03140632209461039,0.006924898441260059,0.19457035081062143,0.09728517540531068,0.5,True,False,-4.967053731860793e-09,True,738,3108
0,2,0.0,0.0,dirichlet,4,uniform,0.5,fixed,stage1,,,4,0.0314063203151773,0.006924895957733194,0.09728513896572143,0.04864256948286072,0.5,True,False,-2.483526865063035e-09,True,975,3885
0,2,0.0,0.0,dirichlet,4,uniform,0.5,fixed,stage1,,,5,0.03140633765611542,0.006924905736620228,0.04864271296376092,0.02432135648188044,0.5,True,False,9.778887033462524e-09,True,1182,4662
0,2,0.0,0.0,dirichlet,4,uniform,0.5,fixed,stage1,,,6,0.03140633765611542,0.006924905736620228,0.024321356481880482,0.01216067824094022,0.5,True,False,0.0,True,1413,5439
0,2,0.0,0.0,dirichlet,4,uniform,0.5,fixed,stage1,,,7,0.03140633765611542,0.006924905736620228,0.012160678240940262,0.006080339120470207,0.5,True,False,0.0,True,1635,6216
0,2,0.0,0.0,dirichlet,4,uniform,0.5,fixed,stage1,,,8,0.03140633186442353,0.0069249052709589405,0.006080332288045109,0.0030401661440225547,0.5,True,False,-4.656612873077393e-10,True,1848,6993
0,2,0.0,0.0,dirichlet,4,uniform,0.5,fixed,stage1,,,9,0.03140632387404349,0.006924903408313791,0.003040138814324217,0.001520069407162053,0.5,True,False,-1.862645149230957e-09,True,2073,7770
0,2,0.0,0.0,dirichlet,4,uniform,0.5,fixed,stage1,,,10,0.0314063203151773,0.006924895957733194,0.0015199600883852304,0.0007599800441926291,0.5,True,False,-7.450580596923828e-09,True,2295,8547
0,2,0.0,0.0,dirichlet,4,uniform,0.5,fixed,stage1,,,11,0.03140630456964928,0.006924875468636553,0.0007596794176918109,0.00037983970884590545,0.5,True,False,-2.0489096641540527e-08,True,2523,9324
0,2,0.0,0.0,dirichlet,4,uniform,0.5,adaptive,stage1,,,0,0.03140631653814921,0.006924894095088045,0.04504317317350577,0.02252158658675285,0.5,True,False,,True,252,777
0,2,0.0,0.0,dirichlet,4,uniform,0.5,adaptive,stage1,,,1,0.03140631809942045,0.006924895957733194,0.022521559257062812,0.01126077962853135,0.5,True,False,1.862645149230957e-09,True,513,1554
0,2,0.0,0.0,dirichlet,4,uniform,0.5,adaptive,stage1,,,2,0.031406265139441586,0.006924836973970135,0.011261645067918435,0.005630822533959162,0.5,True,False,-5.898376305955855e-08,True,798,2331
0,2,0.0,0.0,dirichlet,4,uniform,0.5,adaptive,stage1,,,3,0.03140632387404349,0.006924903408313791,0.005629847775795366,0.0028149238878976274,0.5,True,False,6.643434365648238e-08,True,1056,3108
0,2,0.0,0.0,dirichlet,4,uniform,0.5,adaptive,stage1,,,4,0.0314063203151773,0.006924895957733194,0.002815033206674672,0.001407516603337336,0.5,True,False,-7.450580596923828e-09,True,1311,3885
0,2,0.0,0.0,dirichlet,4,uniform,0.5,adaptive,stage1,,,5,0.03140633431541118,0.006924905115738511,0.0014073822323369817,0.0007036911161684145,0.5,True,False,9.158005316763085e-09,True,1554,4662
0,2,0.0,0.0,dirichlet,4,uniform,0.5,adaptive,stage1,,,6,0.03140633431541118,0.006924905115738511,0.0007036911161685672,0.00035184555808420725,0.5,True,False,0.0,True,1779,5439
0,2,0.0,0.0,dirichlet,5,uniform,0.5,fixed,stage1,,,0,0.02518206550158375,0.0046646374588211375,1.104762940659987,0.5523814703299936,0.5,True,False,,True,93,777
0,2,0.0,0.0,dirichlet,5,uniform,0.5,fixed,stage1,,,1,0.025425109279275965,0.004389222400883834,0.5507120150712151,0.2753560075356075,0.5,True,False,-0.0002754150579373036,True,285,1554
0,2,0.0,0.0,dirichlet,5,uniform,0.5,fixed,stage1,,,2,0.03140633186442353,0.0069249052709589405,0.2912888458650358,0.14564442293251798,0.5,True,False,0.0025356828700751066,True,489,2331
0,2,0.0,0.0,dirichlet,5,uniform,0.5,fixed,stage1,,,3,0.03140633431541118,0.006924905115738511,0.14564442191715177,0.07282221095857594,0.5,True,False,-1.5522042939170033e-10,True,705,3108
0,2,0.0,0.0,dirichlet,5,uniform,0.5,fixed,stage1,,,4,0.03140633876399386,0.006924906357501944,0.07282221908150434,0.03641110954075212,0.5,True,False,1.2417634325315174e-09,True,933,3885
0,2,0.0,0.0,dirichlet,5,uniform,0.5,fixed,stage1,,,5,0.03140632387404349,0.006924903408313791,0.03641109024879763,0.018205545124398745,0.5,True,False,-2.949188152370774e-09,True,1149,4662
0,2,0.0,0.0,dirichlet,5,uniform,0.5,fixed,stage1,,,6,0.03140632387404349,0.006924903408313791,0.018205545124398884,0.009102772562199504,0.5,True,False,0.0,True,1356,5439
0,2,0.0,0.0,dirichlet,5,uniform,0.5,fixed,stage1,,,7,0.03140633876399386,0.006924906357501944,0.009102791854153969,0.004551395927077026,0.5,True,False,2.949188152370774e-09,True,1599,6216
0,2,0.0,0.0,dirichlet,5,uniform,0.5,fixed,stage1,,,8,0.03140633609484425,0.006924905115738511,0.004551387804148432,0.002275693902074147,0.5,True,False,-1.2417634325315174e-09,True,1830,6993
0,2,0.0,0.0,dirichlet,5,uniform,0.5,fixed,stage1,,,9,0.03140632387404349,0.006924903408313791,0.0022756827330482066,0.0011378413665241588,0.5,True,False,-1.7074247198392567e-09,True,2088,7770
0,2,0.0,0.0,dirichlet,5,uniform,0.5,fixed,stage1,,,10,0.03140632298432694,0.006924903408313791,0.0011378413665240478,0.0005689206832620725,0.5,True,False,0.0,True,2319,8547
0,2,0.0,0.0,dirichlet,5,uniform,0.5,fixed,stage1,,,11,0.03140632387404349,0.006924903408313791,0.0005689206832619753,0.00028446034163093215,0.5,True,False,0.0,True,2577,9324
0,2,0.0,0.0,dirichlet,5,uniform,0.5,adaptive,stage1,,,0,0.02590149977739329,0.0019005793922891219,0.970522181365751,0.4852610906828756,0.5,True,False,,True,423,777
0,2,0.0,0.0,dirichlet,5,uniform,0.5,adaptive,stage1,,,1,0.023710431356612906,0.0018152329915513594,0.48419155110129763,0.24209577555064882,0.5,True,False,-8.534640073776245e-05,True,639,1554
0,2,0.0,0.0,dirichlet,5,uniform,0.5,adaptive,stage1,,,2,0.03140633431541118,0.006924905115738511,0.3113384575799648,0.1556692287899824,0.5,True,False,0.005109672124187152,True,849,2331
0,2,0.0,0.0,dirichlet,5,uniform,0.5,adaptive,stage1,,,3,0.03140632209461039,0.006924898441260059,0.15566913085857137,0.07783456542928574,0.5,True,False,-6.67447845170005e-09,True,1059,3108
0,2,0.0,0.0,dirichlet,5,uniform,0.5,adaptive,stage1,,,4,0.031406310780595526,0.006924877952163418,0.0778342648027607,0.03891713240138035,0.5,True,False,-2.0489096641540527e-08,True,1299,3885
0,2,0.0,0.0,dirichlet,5,uniform,0.5,adaptive,stage1,,,5,0.031406321204893846,0.006924895957733194,0.03891739658831592,0.019458698294158,0.5,True,False,1.8005569776477492e-08,True,1545,4662
0,2,0.0,0.0,dirichlet,5,uniform,0.5,adaptive,stage1,,,6,0.0314063203151773,0.006924895957733194,0.019458698294157917,0.009729349147078972,0.5,True,False,0.0,True,1806,5439
0,2,0.0,0.0,dirichlet,5,uniform,0.5,adaptive,stage1,,,7,0.03140633609484425,0.006924905115738511,0.009729483518079299,0.004864741759039684,0.5,True,False,9.158005316763085e-09,True,2070,6216
0,2,0.0,0.0,dirichlet,5,uniform,0.5,adaptive,stage1,,,8,0.03140632387404349,0.006924903408313791,0.004864716706816194,0.00243235835340809,0.5,True,False,-1.7074247198392567e-09,True,2319,6993
0,2,0.0,0.0,dirichlet,5,uniform,0.5,adaptive,stage1,,,9,0.0314063203151773,0.006924895957733194,0.0024322490346311704,0.0012161245173156199,0.5,True,False,-7.450580596923828e-09,True,2541,7770
0,2,0.0,0.0,dirichlet,5,uniform,0.5,adaptive,stage1,,,10,0.031406321204893846,0.006924895957733194,0.0012161245173155505,0.0006080622586577544,0.5,True,False,0.0,True,2754,8547
0,2,0.0,0.0,dirichlet,5,uniform,0.5,adaptive,stage1,,,11,0.03140632187644851,0.006924900924786925,0.0006081351378394162,0.0003040675689196942,0.5,True,False,4.9670537309934315e-09,True,2958,9324
0,2,0.0,0.0,dirichlet,6,uniform,0.5,fixed,stage1,,,0,0.017877654678340793,0.0062733059749007225,1.3721059860919933,0.6860529930459968,0.5,True,False,,True,153,777
0,2,0.0,0.0,dirichlet,6,uniform,0.5,fixed,stage1,,,1,0.025453036197506343,0.004866302323838075,0.6662832593086742,0.3331416296543371,0.5,True,False,-0.0014070036510626478,True,351,1554
0,2,0.0,0.0,dirichlet,6,uniform,0.5,fixed,stage1,,,2,0.0314063185357442,0.006924898441260059,0.36237204526349515,0.18118602263174752,0.5,True,False,0.0020585961174219847,True,534,2331
0,2,0.0,0.0,dirichlet,6,uniform,0.5,fixed,stage1,,,3,0.031406335205127714,0.006924905115738511,0.18118612056315864,0.09059306028157937,0.5,True,False,6.67447845170005e-09,True,741,3108
0,2,0.0,0.0,dirichlet,6,uniform,0.5,fixed,stage1,,,4,0.03140633431541118,0.006924905115738511,0.09059306028157925,0.045296530140789645,0.5,True,False,0.0,True,951,3885
0,2,0.0,0.0,dirichlet,6,uniform,0.5,fixed,stage1,,,5,0.03140633876399386,0.006924906357501944,0.04529654836058937,0.022648274180294678,0.5,True,False,1.2417634325315174e-09,True,1179,4662
0,2,0.0,0.0,dirichlet,6,uniform,0.5,fixed,stage1,,,6,0.03140633609484425,0.006924905115738511,0.022648255960494926,0.011324127980247456,0.5,True,False,-1.2417634325315174e-09,True,1443,5439
0,2,0.0,0.0,dirichlet,6,uniform,0.5,fixed,stage1,,,7,0.03140633186442353,0.0069249052709589405,0.011324130257722387,0.005662065128861249,0.5,True,False,1.5522042939170033e-10,True,1680,6216
0,2,0.0,0.0,dirichlet,6,uniform,0.5,fixed,stage1,,,8,0.031406324763760034,0.006924904494856794,0.005662053741486622,0.0028310268707433667,0.5,True,False,-7.761021460911399e-10,True,1884,6993
0,2,0.0,0.0,dirichlet,6,uniform,0.5,fixed,stage1,,,9,0.0314063203151773,0.006924895957733194,0.0028309016096425,0.001415450804821236,0.5,True,False,-8.537123600063645e-09,True,2106,7770
0,2,0.0,0.0,dirichlet,6,uniform,0.5,fixed,stage1,,,10,0.03140633431541118,0.006924905115738511,0.0014155851758216181,0.0007077925879107605,0.5,True,False,9.158005316763085e-09,True,2316,8547
0,2,0.0,0.0,dirichlet,6,uniform,0.5,fixed,stage1,,,11,0.03140631454055423,0.006924893474206328,0.0007076217773238913,0.00035381088866200117,0.5,True,False,-1.1641532182693481e-08,True,2526,9324
0,2,0.0,0.0,dirichlet,6,uniform,0.5,adaptive,stage1,,,0,0.025945048521489635,0.0019055067095905542,0.483795067488748,0.24189753374437395,0.5,True,False,,True,243,777
0,2,0.0,0.0,dirichlet,6,uniform,0.5,adaptive,stage1,,,1,0.03140630275607713,0.006924891611561179,0.30596571879177004,0.15298285939588502,0.5,True,False,0.005019384901970625,True,438,1554
0,2,0.0,0.0,dirichlet,6,uniform,0.5,adaptive,stage1,,,2,0.03140632387404349,0.006924903408313791,0.15298303248393635,0.07649151624196818,0.5,True,False,1.1796752612085182e-08,True,672,2331
0,2,0.0,0.0,dirichlet,6,uniform,0.5,adaptive,stage1,,,3,0.031406334533573124,0.006924905115738511,0.0764915412941916,0.038245770647095806,0.5,True,False,1.7074247198392567e-09,True,900,3108
0,2,0.0,0.0,dirichlet,6,uniform,0.5,adaptive,stage1,,,4,0.03140631809942045,0.006924895957733194,0.03824563627609544,0.01912281813804774,0.5,True,False,-9.158005316763085e-09,True,1104,3885
0,2,0.0,0.0,dirichlet,6,uniform,0.5,adaptive,stage1,,,5,0.03140632387404349,0.006924903408313791,0.01912292745682463,0.009561463728412309,0.5,True,False,7.450580596923828e-09,True,1305,4662
0,2,0.0,0.0,dirichlet,6,uniform,0.5,adaptive,stage1,,,6,0.03140630279021611,0.006924875468636553,0.009561053783134599,0.004780526891567299,0.5,True,False,-2.7939677238464355e-08,True,1563,5439
0,2,0.0,0.0,dirichlet,6,uniform,0.5,adaptive,stage1,,,7,0.03140632387404349,0.006924903408313791,0.004780936836845023,0.002390468418422456,0.5,True,False,2.7939677238464355e-08,True,1812,6216
0,2,0.0,0.0,dirichlet,6,uniform,0.5,adaptive,stage1,,,8,0.03140629767007829,0.006924881677453716,0.0023901495720633215,0.0011950747860316746,0.5,True,False,-2.1730860074939407e-08,True,2079,6993
0,2,0.0,0.0,dirichlet,6,uniform,0.5,adaptive,stage1,,,9,0.0314063203151773,0.006924895957733194,0.001195284313613959,0.0005976421568070628,0.5,True,False,1.4280279478015578e-08,True,2322,7770
0,2,0.0,0.0,dirichlet,6,uniform,0.5,adaptive,stage1,,,10,0.03140633364385659,0.006924905115738511,0.0005977765278072505,0.00029888826390367385,0.5,True,False,9.158005316763085e-09,True,2580,8547
0,2,0.0,0.0,dirichlet,7,uniform,0.5,fixed,stage1,,,0,0.02232361626225896,0.0019710055397202573,0.7722156430231242,0.3861078215115621,0.5,True,False,,True,501,777
0,2,0.0,0.0,dirichlet,7,uniform,0.5,fixed,stage1,,,1,0.03140626763787635,0.00692487236422797,0.42339685166511404,0.21169842583255707,0.5,True,False,0.004953866824507713,True,693,1554
0,2,0.0,0.0,dirichlet,7,uniform,0.5,fixed,stage1,,,2,0.03140634321257654,0.006924903253093362,0.21169867699208422,0.10584933849604211,0.5,True,False,3.088886539170249e-08,True,918,2331
0,2,0.0,0.0,dirichlet,7,uniform,0.5,fixed,stage1,,,3,0.03140632387404349,0.006924903408313791,0.10584933975815095,0.05292466987907547,0.5,True,False,1.5522042939170033e-10,True,1140,3108
0,2,0.0,0.0,dirichlet,7,uniform,0.5,fixed,stage1,,,4,0.03140632387404349,0.006924903408313791,0.05292466987907547,0.02646233493953777,0.5,True,False,0.0,True,1347,3885
0,2,0.0,0.0,dirichlet,7,uniform,0.5,fixed,stage1,,,5,0.03140633765611542,0.006924905736620228,0.026462353871170727,0.013231176935585315,0.5,True,False,2.3283064365386963e-09,True,1545,4662
0,2,0.0,0.0,dirichlet,7,uniform,0.5,fixed,stage1,,,6,0.03140633765611542,0.006924905736620228,0.013231176935585412,0.006615588467792671,0.5,True,False,0.0,True,1770,5439
0,2,0.0,0.0,dirichlet,7,uniform,0.5,fixed,stage1,,,7,0.03140633765611542,0.006924905736620228,0.006615588467792741,0.003307794233896405,0.5,True,False,0.0,True,1989,6216
0,2,0.0,0.0,dirichlet,7,uniform,0.5,fixed,stage1,,,8,0.03140632298432694,0.006924903408313791,0.0033077753022633105,0.0016538876511315997,0.5,True,False,-2.3283064365386963e-09,True,2202,6993
0,2,0.0,0.0,dirichlet,7,uniform,0.5,fixed,stage1,,,9,0.03140632298432694,0.006924903408313791,0.0016538876511317108,0.0008269438255659178,0.5,True,False,0.0,True,2418,7770
0,2,0.0,0.0,dirichlet,7,uniform,0.5,fixed,stage1,,,10,0.03140633609484425,0.006924905115738511,0.0008269577087631208,0.0004134788543815465,0.5,True,False,1.7074247198392567e-09,True,2634,8547
0,2,0.0,0.0,dirichlet,7,uniform,0.5,adaptive,stage1,,,0,0.025388085160974516,0.004617402019600074,1.242301995978934,0.621150997989467,0.5,True,False,,True,264,777
0,2,0.0,0.0,dirichlet,7,uniform,0.5,adaptive,stage1,,,1,0.02545748057298869,0.004928833805024624,0.6254179833476357,0.3127089916738178,0.5,True,False,0.0003114317854245501,True,426,1554
0,2,0.0,0.0,dirichlet,7,uniform,0.5,adaptive,stage1,,,2,0.0314061697215918,0.006924804067239165,0.3410779253750023,0.1705389626875011,0.5,True,False,0.0019959702622145414,True,612,2331
0,2,0.0,0.0,dirichlet,7,uniform,0.5,adaptive,stage1,,,3,0.031406334533573124,0.006924905115738511,0.17054044532124896,0.08527022266062453,0.5,True,False,1.0104849934577942e-07,True,807,3108
0,2,0.0,0.0,dirichlet,7,uniform,0.5,adaptive,stage1,,,4,0.03140633609484425,0.006924905115738511,0.08527022266062441,0.04263511133031225,0.5,True,False,0.0,True,1014,3885
0,2,0.0,0.0,dirichlet,7,uniform,0.5,adaptive,stage1,,,5,0.03140632387404349,0.006924903408313791,0.042635086278088735,0.021317543139044326,0.5,True,False,-1.7074247198392567e-09,True,1215,4662
0,2,0.0,0.0,dirichlet,7,uniform,0.5,adaptive,stage1,,,6,0.03140632209461039,0.006924898441260059,0.02131747025985682,0.010658735129928348,0.5,True,False,-4.967053731860793e-09,True,1455,5439
0,2,0.0,0.0,dirichlet,7,uniform,0.5,adaptive,stage1,,,7,0.03140633765611542,0.006924905736620228,0.010658842171239344,0.005329421085619707,0.5,True,False,7.2953601683994895e-09,True,1689,6216
0,2,0.0,0.0,dirichlet,7,uniform,0.5,adaptive,stage1,,,8,0.03140632298432694,0.006924903408313791,0.005329386923496354,0.0026646934617482326,0.5,True,False,-2.3283064365386963e-09,True,1899,6993
0,2,0.0,0.0,dirichlet,7,uniform,0.5,adaptive,stage1,,,9,0.03140632387404349,0.006924903408313791,0.0026646934617481216,0.0013323467308739984,0.5,True,False,0.0,True,2148,7770
0,2,0.0,0.0,dirichlet,7,uniform,0.5,adaptive,stage1,,,10,0.03140632298432694,0.006924903408313791,0.0013323467308741233,0.0006661733654370755,0.5,True,False,0.0,True,2397,8547
0,2,0.0,0.0,dirichlet,7,uniform,0.5,adaptive,stage1,,,11,0.03140632387404349,0.006924903408313791,0.0006661733654370477,0.00033308668271851694,0.5,True,False,0.0,True,2619,9324
0,2,0.0,0.0,dirichlet,8,uniform,0.5,fixed,stage1,,,0,0.0013439821175538214,0.011336766493817171,1.5156761557519407,0.7578380778759704,0.5,True,False,,True,249,777
0,2,0.0,0.0,dirichlet,8,uniform,0.5,fixed,stage1,,,1,0.02547933008068147,0.005190640998383363,0.6943032228272232,0.34715161141361156,0.5,True,False,-0.006146125495433808,True,402,1554
0,2,0.0,0.0,dirichlet,8,uniform,0.5,fixed,stage1,,,2,0.02592650529522718,0.0019046027058114607,0.32781521991473156,0.16390760995736578,0.5,True,False,-0.0032860382925719023,True,813,2331
0,2,0.0,0.0,dirichlet,8,uniform,0.5,fixed,stage1,,,3,0.031406323168352054,0.006924895181631048,0.2122800811768584,0.10614004058842927,0.5,True,False,0.005020292475819588,True,1041,3108
0,2,0.0,0.0,dirichlet,8,uniform,0.5,fixed,stage1,,,4,0.031406334533573124,0.006924905115738511,0.10614018634680071,0.05307009317340036,0.5,True,False,9.934107462854225e-09,True,1254,3885
0,2,0.0,0.0,dirichlet,8,uniform,0.5,fixed,stage1,,,5,0.03140631653814921,0.006924894095088045,0.053069931472709886,0.02653496573635493,0.5,True,False,-1.1020650465994042e-08,True,1455,4662
0,2,0.0,0.0,dirichlet,8,uniform,0.5,fixed,stage1,,,6,0.03140632387404349,0.006924903408313791,0.026535102384822,0.013267551192411006,0.5,True,False,9.313225746154785e-09,True,1680,5439
0,2,0.0,0.0,dirichlet,8,uniform,0.5,fixed,stage1,,,7,0.031406329396367665,0.006924907599265377,0.013267612684234556,0.006633806342117271,0.5,True,False,4.190951585769653e-09,True,1929,6216
0,2,0.0,0.0,dirichlet,8,uniform,0.5,fixed,stage1,,,8,0.03140632209461039,0.006924898441260059,0.006633671971106134,0.003316835985553143,0.5,True,False,-9.158005317630447e-09,True,2136,6993
0,2,0.0,0.0,dirichlet,8,uniform,0.5,fixed,stage1,,,9,0.03140630279021611,0.006924875468636553,0.003316498919462854,0.0016582494597314895,0.5,True,False,-2.2972623506603562e-08,True,2394,7770
0,2,0.0,0.0,dirichlet,8,uniform,0.5,fixed,stage1,,,10,0.03140632387404349,0.006924903408313791,0.0016586594050090886,0.0008293297025044888,0.5,True,False,2.7939677238464355e-08,True,2643,8547
0,2,0.0,0.0,dirichlet,8,uniform,0.5,fixed,stage1,,,11,0.026070306609543705,0.0020213607543458543,0.06582550570183072,0.03291275285091541,0.5,True,False,-0.004903542653967937,True,2979,9324
0,2,0.0,0.0,dirichlet,8,uniform,0.5,fixed,stage1,,,12,0.031406330067922074,0.006924907599265377,0.033742144045243574,0.01687107202262185,0.5,True,False,0.004903546844919523,True,3219,10101
0,2,0.0,0.0,dirichlet,8,uniform,0.5,fixed,stage1,,,13,0.0314063203151773,0.006924895957733194,0.016870901212021228,0.008435450606010572,0.5,True,False,-1.1641532182693481e-08,True,3465,10878
0,2,0.0,0.0,dirichlet,8,uniform,0.5,fixed,stage1,,,14,0.03140633186442353,0.0069249052709589405,0.008435587254485927,0.004217793627242963,0.5,True,False,9.313225746154785e-09,True,3702,11655
0,2,0.0,0.0,dirichlet,8,uniform,0.5,fixed,stage1,,,15,0.03140632387404349,0.006924903408313791,0.004217766297544626,0.0021088831487723197,0.5,True,False,-1.862645149230957e-09,True,3909,12432
0,2,0.0,0.0,dirichlet,8,uniform,0.5,fixed,stage1,,,16,0.03140632387404349,0.006924903408313791,0.002108883148772306,0.0010544415743862084,0.5,True,False,0.0,True,4110,13209
0,2,0.0,0.0,dirichlet,8,uniform,0.5,fixed,stage1,,,17,0.03140632387404349,0.006924903408313791,0.0010544415743860974,0.0005272207871929863,0.5,True,False,0.0,True,4311,13986
0,2,0.0,0.0,dirichlet,8,uniform,0.5,fixed,stage1,,,18,0.03140632187644851,0.006924900924786925,0.0005271843475977978,0.0002635921737990238,0.5,True,False,-2.4835268659303966e-09,True,4515,14763
0,2,0.0,0.0,dirichlet,8,uniform,0.5,adaptive,stage1,,,0,0.027864302362416424,0.00451963363836209,1.3450234818813018,0.6725117409406508,0.5,True,False,,True,195,777
0,2,0.0,0.0,dirichlet,8,uniform,0.5,adaptive,stage1,,,1,0.025481822918336047,0.005213196389377117,0.6767607944539294,0.3383803972269648,0.5,True,False,0.0006935627510150271,True,390,1554
0,2,0.0,0.0,dirichlet,8,uniform,0.5,adaptive,stage1,,,2,0.031406314005566316,0.006924872209007542,0.34927525183760655,0.17463762591880327,0.5,True,False,0.0017116758196304245,True,600,2331
0,2,0.0,0.0,dirichlet,8,uniform,0.5,adaptive,stage1,,,3,0.031406337874277324,0.006924906357501944,0.17463784929921675,0.08731892464960828,0.5,True,False,3.4148494401989304e-08,True,813,3108
0,2,0.0,0.0,dirichlet,8,uniform,0.5,adaptive,stage1,,,4,0.031406334533573124,0.006924905115738511,0.08731891652667996,0.04365945826334003,0.5,True,False,-1.2417634325315174e-09,True,1026,3885
0,2,0.0,0.0,dirichlet,8,uniform,0.5,adaptive,stage1,,,5,0.0314063203151773,0.006924895957733194,0.04365939835675271,0.021829699178376377,0.5,True,False,-9.158005316763085e-09,True,1248,4662
0,2,0.0,0.0,dirichlet,8,uniform,0.5,adaptive,stage1,,,6,0.03140632387404349,0.006924903408313791,0.021829747915937475,0.010914873957968738,0.5,True,False,7.450580596923828e-09,True,1470,5439
0,2,0.0,0.0,dirichlet,8,uniform,0.5,adaptive,stage1,,,7,0.03140632387404349,0.006924903408313791,0.010914873957968738,0.005457436978984417,0.5,True,False,0.0,True,1728,6216
0,2,0.0,0.0,dirichlet,8,uniform,0.5,adaptive,stage1,,,8,0.03140633119286898,0.0069249052709589405,0.005457449163376427,0.0027287245816882133,0.5,True,False,1.862645149230957e-09,True,1941,6993
0,2,0.0,0.0,dirichlet,8,uniform,0.5,adaptive,stage1,,,9,0.03140632209461039,0.006924898441260059,0.002728679905587353,0.0013643399527937111,0.5,True,False,-6.82969888109175e-09,True,2160,7770
0,2,0.0,0.0,dirichlet,8,uniform,0.5,adaptive,stage1,,,10,0.03140632387404349,0.006924903408313791,0.0013643724445023958,0.0006821862222512048,0.5,True,False,4.967053731860793e-09,True,2409,8547
0,2,0.0,0.0,dirichlet,8,uniform,0.5,adaptive,stage1,,,11,0.026278455788405167,0.0021838709556808076,0.06394757443291679,0.01598689360822922,0.25,True,False,-0.004741032452632984,True,2751,9324
0,2,0.0,0.0,dirichlet,8,uniform,0.5,adaptive,stage1,,,12,0.03140633431541118,0.006924905115738511,0.016642642441701702,0.004160660610425415,0.25,True,False,0.004741034160057703,True,2994,10101
0,2,0.0,0.0,dirichlet,8,uniform,0.5,adaptive,stage1,,,13,0.03140632298432694,0.006924903408313791,0.012481956779052866,0.003120489194763293,0.25,True,False,-1.7074247198392567e-09,True,3234,10878
0,2,0.0,0.0,dirichlet,8,uniform,0.5,adaptive,stage1,,,14,0.03140632387404349,0.006924903408313791,0.009361467584289573,0.002340366896072449,0.25,True,False,0.0,True,3489,11655
0,2,0.0,0.0,dirichlet,8,uniform,0.5,adaptive,stage1,,,15,0.0314063203151773,0.006924895957733194,0.007020991369440191,0.0017552478423599888,0.25,True,False,-7.450580596923828e-09,True,3756,12432
0,2,0.0,0.0,dirichlet,8,uniform,0.5,adaptive,stage1,,,16,0.03140633765611542,0.006924905736620228,0.005265887007980419,0.0013164717519951047,0.25,True,False,9.778887033462524e-09,True,4002,13209
0,2,0.0,0.0,dirichlet,8,uniform,0.5,adaptive,stage1,,,17,0.03140632387404349,0.006924903408313791,0.003949381093862031,0.0009873452734655702,0.25,True,False,-2.3283064365386963e-09,True,4251,13986
0,2,0.0,0.0,dirichlet,8,uniform,0.5,adaptive,stage1,,,18,0.03140632387404349,0.006924903408313791,0.002962035820396461,0.0007405089550991534,0.25,True,False,0.0,True,4452,14763
0,2,0.0,0.0,dirichlet,8,uniform,0.5,adaptive,stage1,,,19,0.03140631454055423,0.006924893474206328,0.002221381106933762,0.0005553452767335099,0.25,True,False,-9.934107462854225e-09,True,4662,15540
0,2,0.0,0.0,dirichlet,9,uniform,0.5,fixed,stage1,,,0,0.03140633765611542,0.006924905736620228,0.15940118721199312,0.07970059360599663,0.5,True,False,,True,219,777
0,2,0.0,0.0,dirichlet,9,uniform,0.5,fixed,stage1,,,1,0.03140632298432694,0.006924903408313791,0.0797005594438732,0.03985027972193647,0.5,True,False,-2.3283064365386963e-09,True,426,1554
0,2,0.0,0.0,dirichlet,9,uniform,0.5,fixed,stage1,,,2,0.03140631653814921,0.006924894095088045,0.03985014307346969,0.019925071536734923,0.5,True,False,-9.313225746154785e-09,True,648,2331
0,2,0.0,0.0,dirichlet,9,uniform,0.5,fixed,stage1,,,3,0.03140632009701541,0.006924893474206328,0.019925062426838266,0.009962531213419154,0.5,True,False,-6.208817166994396e-10,True,858,3108
0,2,0.0,0.0,dirichlet,9,uniform,0.5,fixed,stage1,,,4,0.031406321204893846,0.006924895957733194,0.009962567653005724,0.004981283826502841,0.5,True,False,2.4835268659303966e-09,True,1131,3885
0,2,0.0,0.0,dirichlet,9,uniform,0.5,fixed,stage1,,,5,0.03140632298432694,0.006924903408313791,0.004981393145279817,0.0024906965726399083,0.5,True,False,7.450580596923828e-09,True,1365,4662
0,2,0.0,0.0,dirichlet,9,uniform,0.5,fixed,stage1,,,6,0.0314063203151773,0.006924895957733194,0.0024905872538629747,0.0012452936269314457,0.5,True,False,-7.450580596923828e-09,True,1602,5439
0,2,0.0,0.0,dirichlet,9,uniform,0.5,fixed,stage1,,,7,0.0314063203151773,0.006924895957733194,0.001245293626931529,0.0006226468134658408,0.5,True,False,0.0,True,1839,6216
0,2,0.0,0.0,dirichlet,9,uniform,0.5,fixed,stage1,,,8,0.03140632387404349,0.006924903408313791,0.0006227561322426217,0.00031137806612129004,0.5,True,False,7.450580596923828e-09,True,2097,6993
0,2,0.0,0.0,dirichlet,9,uniform,0.5,adaptive,stage1,,,0,0.01547230542555006,0.008711885660886765,1.2737628076344187,0.6368814038172094,0.5,True,False,,True,234,777
0,2,0.0,0.0,dirichlet,9,uniform,0.5,adaptive,stage1,,,1,0.024959067265300283,0.0018652835084746282,0.5412648074014983,0.27063240370074915,0.5,True,False,-0.006846602152412136,True,540,1554
0,2,0.0,0.0,dirichlet,9,uniform,0.5,adaptive,stage1,,,2,0.03140633168040004,0.006924890835459034,0.3392479870726406,0.16962399353632035,0.5,True,False,0.0050596073269844055,True,741,2331
0,2,0.0,0.0,dirichlet,9,uniform,0.5,adaptive,stage1,,,3,0.03140632298432694,0.006924903408313791,0.169624178011741,0.08481208900587056,0.5,True,False,1.257285475730896e-08,True,948,3108
0,2,0.0,0.0,dirichlet,9,uniform,0.5,adaptive,stage1,,,4,0.03140631831758231,0.006924894095088045,0.08481195235740341,0.042405976178701704,0.5,True,False,-9.313225746154785e-09,True,1158,3885
0,2,0.0,0.0,dirichlet,9,uniform,0.5,adaptive,stage1,,,5,0.03140633765611542,0.006924905736620228,0.04240614698929203,0.021203073494646008,0.5,True,False,1.1641532182693481e-08,True,1365,4662
0,2,0.0,0.0,dirichlet,9,uniform,0.5,adaptive,stage1,,,6,0.03140632387404349,0.006924903408313791,0.02120303933252274,0.010601519666261425,0.5,True,False,-2.3283064365386963e-09,True,1587,5439
0,2,0.0,0.0,dirichlet,9,uniform,0.5,adaptive,stage1,,,7,0.03140633609484425,0.006924905115738511,0.010601544718484734,0.005300772359242409,0.5,True,False,1.7074247198392567e-09,True,1809,6216
0,2,0.0,0.0,dirichlet,9,uniform,0.5,adaptive,stage1,,,8,0.0314063203151773,0.006924895957733194,0.005300637988241971,0.002650318994120965,0.5,True,False,-9.158005316763085e-09,True,2067,6993
0,2,0.0,0.0,dirichlet,9,uniform,0.5,adaptive,stage1,,,9,0.03140633763904668,0.006924906512722373,0.0026504738623962104,0.0013252369311979734,0.5,True,False,1.0554989178686303e-08,True,2283,7770
0,2,0.0,0.0,dirichlet,9,uniform,0.5,adaptive,stage1,,,10,0.03140632298432694,0.006924903408313791,0.0013251913816999666,0.000662595690850018,0.5,True,False,-3.1044085817624745e-09,True,2490,8547
0,2,0.0,0.0,dirichlet,9,uniform,0.5,adaptive,stage1,,,11,0.03140632098673196,0.006924900924786925,0.0006625592512546352,0.00033127962562734536,0.5,True,False,-2.4835268659303966e-09,True,2709,9324
0,2,0.0,0.0,reversed,0,uniform,0.5,fixed,stage1,,,0,0.025426293838736402,0.004617943428456783,1.0281613830237086,0.5140806915118542,0.5,True,False,,True,180,777
0,2,0.0,0.0,reversed,0,uniform,0.5,fixed,stage1,,,1,0.025807985289019533,0.0019001590553671122,0.4785322945559436,0.2392661472779717,0.5,True,False,-0.002717784373089671,True,390,1554
0,2,0.0,0.0,reversed,0,uniform,0.5,fixed,stage1,,,2,0.03140633186442353,0.0069249052709589405,0.30744456625833694,0.15372228312916847,0.5,True,False,0.005024746215591828,True,603,2331
0,2,0.0,0.0,reversed,0,uniform,0.5,fixed,stage1,,,3,0.0314063203151773,0.006924895957733194,0.15372214648069318,0.07686107324034662,0.5,True,False,-9.313225746154785e-09,True,819,3108
0,2,0.0,0.0,reversed,0,uniform,0.5,fixed,stage1,,,4,0.03140632387404349,0.006924903408313791,0.0768611825591235,0.038430591279561735,0.5,True,False,7.450580596923828e-09,True,1044,3885
0,2,0.0,0.0,reversed,0,uniform,0.5,fixed,stage1,,,5,0.03140632387404349,0.006924903408313791,0.03843059127956176,0.019215295639780874,0.5,True,False,0.0,True,1269,4662
0,2,0.0,0.0,reversed,0,uniform,0.5,fixed,stage1,,,6,0.03140630456964928,0.006924875468636553,0.019214885694503164,0.009607442847251652,0.5,True,False,-2.7939677238464355e-08,True,1518,5439
0,2,0.0,0.0,reversed,0,uniform,0.5,fixed,stage1,,,7,0.03140632387404349,0.006924903408313791,0.009607852792529237,0.004803926396264563,0.5,True,False,2.7939677238464355e-08,True,1767,6216
0,2,0.0,0.0,reversed,0,uniform,0.5,fixed,stage1,,,8,0.03140632387404349,0.006924903408313791,0.004803926396264674,0.0024019631981323647,0.5,True,False,0.0,True,2025,6993
0,2,0.0,0.0,reversed,0,uniform,0.5,fixed,stage1,,,9,0.03140631454055423,0.006924893474206328,0.0024018174397687636,0.0012009087198843887,0.5,True,False,-9.934107462854225e-09,True,2235,7770
0,2,0.0,0.0,reversed,0,uniform,0.5,fixed,stage1,,,10,0.03140631454055423,0.006924893474206328,0.0012009087198843749,0.0006004543599423123,0.5,True,False,0.0,True,2445,8547
0,2,0.0,0.0,reversed,0,uniform,0.5,fixed,stage1,,,11,0.03140631454055423,0.006924893474206328,0.0006004543599420625,0.00030022717997106596,0.5,True,False,0.0,True,2655,9324
0,2,0.0,0.0,reversed,0,uniform,0.5,adaptive,stage1,,,0,0.025426293838736402,0.004617943428456783,1.0281613830237086,0.5140806915118542,0.5,True,False,,True,180,777
0,2,0.0,0.0,reversed,0,uniform,0.5,adaptive,stage1,,,1,0.025807985289019533,0.0019001590553671122,0.4785322945559436,0.2392661472779717,0.5,True,False,-0.002717784373089671,True,390,1554
0,2,0.0,0.0,reversed,0,uniform,0.5,adaptive,stage1,,,2,0.03140633186442353,0.0069249052709589405,0.30744456625833694,0.15372228312916847,0.5,True,False,0.005024746215591828,True,603,2331
0,2,0.0,0.0,reversed,0,uniform,0.5,adaptive,stage1,,,3,0.0314063203151773,0.006924895957733194,0.15372214648069318,0.07686107324034662,0.5,True,False,-9.313225746154785e-09,True,819,3108
0,2,0.0,0.0,reversed,0,uniform,0.5,adaptive,stage1,,,4,0.03140632387404349,0.006924903408313791,0.0768611825591235,0.038430591279561735,0.5,True,False,7.450580596923828e-09,True,1044,3885
0,2,0.0,0.0,reversed,0,uniform,0.5,adaptive,stage1,,,5,0.03140632387404349,0.006924903408313791,0.03843059127956176,0.019215295639780874,0.5,True,False,0.0,True,1269,4662
0,2,0.0,0.0,reversed,0,uniform,0.5,adaptive,stage1,,,6,0.03140630456964928,0.006924875468636553,0.019214885694503164,0.009607442847251652,0.5,True,False,-2.7939677238464355e-08,True,1518,5439
0,2,0.0,0.0,reversed,0,uniform,0.5,adaptive,stage1,,,7,0.03140632387404349,0.006924903408313791,0.009607852792529237,0.004803926396264563,0.5,True,False,2.7939677238464355e-08,True,1767,6216
0,2,0.0,0.0,reversed,0,uniform,0.5,adaptive,stage1,,,8,0.03140632387404349,0.006924903408313791,0.004803926396264674,0.0024019631981323647,0.5,True,False,0.0,True,2025,6993
0,2,0.0,0.0,reversed,0,uniform,0.5,adaptive,stage1,,,9,0.03140631454055423,0.006924893474206328,0.0024018174397687636,0.0012009087198843887,0.5,True,False,-9.934107462854225e-09,True,2235,7770
0,2,0.0,0.0,reversed,0,uniform,0.5,adaptive,stage1,,,10,0.03140631454055423,0.006924893474206328,0.0012009087198843749,0.0006004543599423123,0.5,True,False,0.0,True,2445,8547
0,2,0.0,0.0,reversed,0,uniform,0.5,adaptive,stage1,,,11,0.03140631454055423,0.006924893474206328,0.0006004543599420625,0.00030022717997106596,0.5,True,False,0.0,True,2655,9324
1,2,0.0,0.0,stage0,0,uniform,0.5,fixed,stage1,,,0,0.014551338605549064,0.0019731037318706512,0.8047783701815475,0.4023891850907737,0.5,True,False,,True,255,57
1,2,0.0,0.0,stage0,0,uniform,0.5,fixed,stage1,,,1,0.014809873682981214,0.00017996629079182944,0.36957086822811414,0.184785434114057,0.5,True,False,-0.0017931374410788219,True,591,114
1,2,0.0,0.0,stage0,0,uniform,0.5,fixed,stage1,,,2,0.014783500077903966,0.00019062434633572897,0.18496848892176587,0.09248424446088299,0.5,True,False,1.0658055543899536e-05,True,1044,171
1,2,0.0,0.0,stage0,0,uniform,0.5,fixed,stage1,,,3,0.014040215374521464,0.0005781811972459158,0.09923343772533756,0.04961671886266886,0.5,True,False,0.00038755685091018677,True,1437,228
1,2,0.0,0.0,stage0,0,uniform,0.5,fixed,stage1,,,4,0.014730469115940344,0.0002195748190085093,0.04336543831312811,0.021682719156564084,0.5,True,False,-0.0003586063782374065,True,1818,285
1,2,0.0,0.0,stage0,0,uniform,0.5,fixed,stage1,,,5,0.014551178683629734,0.0013029525677363079,0.04106004033045046,0.020530020165225232,0.5,True,False,0.0010833777487277985,True,2019,342
1,2,0.0,0.0,stage0,0,uniform,0.5,fixed,stage1,,,6,0.01479481298217853,0.00018732746442159018,0.005006886815849557,0.002503443407924723,0.5,True,False,-0.0011156251033147178,True,2289,399
1,2,0.0,0.0,stage0,0,uniform,0.5,fixed,stage1,,,7,0.014782959677793028,0.00019253790378570557,0.0024925341758802386,0.0012462670879401436,0.5,True,False,5.210439364115388e-06,True,2541,456
1,2,0.0,0.0,stage0,0,uniform,0.5,fixed,stage1,,,8,0.014780672937048017,0.00019462654987970987,0.0012418929326808228,0.0006209464663403524,0.5,True,False,2.088646094004304e-06,True,2793,513
1,2,0.0,0.0,stage0,0,uniform,0.5,fixed,stage1,,,9,0.014779085363018196,0.00019516795873641968,0.000619812515694991,0.00030990625784749204,0.5,True,False,5.414088567098072e-07,True,3045,570
1,2,0.0,0.0,stage0,0,uniform,0.5,adaptive,stage1,,,0,0.014551338605549064,0.0019731037318706512,0.8047783701815475,0.4023891850907737,0.5,True,False,,True,255,57
1,2,0.0,0.0,stage0,0,uniform,0.5,adaptive,stage1,,,1,0.014809873682981214,0.00017996629079182944,0.36957086822811414,0.184785434114057,0.5,True,False,-0.0017931374410788219,True,591,114
1,2,0.0,0.0,stage0,0,uniform,0.5,adaptive,stage1,,,2,0.014783500077903966,0.00019062434633572897,0.18496848892176587,0.09248424446088299,0.5,True,False,1.0658055543899536e-05,True,1044,171
1,2,0.0,0.0,stage0,0,uniform,0.5,adaptive,stage1,,,3,0.014040215374521464,0.0005781811972459158,0.09923343772533756,0.04961671886266886,0.5,True,False,0.00038755685091018677,True,1437,228
1,2,0.0,0.0,stage0,0,uniform,0.5,adaptive,stage1,,,4,0.014730469115940344,0.0002195748190085093,0.04336543831312811,0.021682719156564084,0.5,True,False,-0.0003586063782374065,True,1818,285
1,2,0.0,0.0,stage0,0,uniform,0.5,adaptive,stage1,,,5,0.014551178683629734,0.0013029525677363079,0.04106004033045046,0.020530020165225232,0.5,True,False,0.0010833777487277985,True,2019,342
1,2,0.0,0.0,stage0,0,uniform,0.5,adaptive,stage1,,,6,0.01479481298217853,0.00018732746442159018,0.005006886815849557,0.002503443407924723,0.5,True,False,-0.0011156251033147178,True,2289,399
1,2,0.0,0.0,stage0,0,uniform,0.5,adaptive,stage1,,,7,0.014782959677793028,0.00019253790378570557,0.0024925341758802386,0.0012462670879401436,0.5,True,False,5.210439364115388e-06,True,2541,456
1,2,0.0,0.0,stage0,0,uniform,0.5,adaptive,stage1,,,8,0.014780672937048017,0.00019462654987970987,0.0012418929326808228,0.0006209464663403524,0.5,True,False,2.088646094004304e-06,True,2793,513
1,2,0.0,0.0,stage0,0,uniform,0.5,adaptive,stage1,,,9,0.014779085363018196,0.00019516795873641968,0.000619812515694991,0.00030990625784749204,0.5,True,False,5.414088567098072e-07,True,3045,570
1,2,0.0,0.0,uniform,0,uniform,0.5,fixed,stage1,,,0,0.014061642639210413,0.0020194388926029205,0.595631551265773,0.29781577563288664,0.5,True,False,,True,111,57
1,2,0.0,0.0,uniform,0,uniform,0.5,fixed,stage1,,,1,0.014816238462205991,0.00017793849110603333,0.2599431040423884,0.1299715520211942,0.5,True,False,-0.0018415004014968872,True,516,114
1,2,0.0,0.0,uniform,0,uniform,0.5,fixed,stage1,,,2,0.014509755947617291,0.001551626871029536,0.15774404215700308,0.07887202107850154,0.5,True,False,0.0013736883799235027,True,624,171
1,2,0.0,0.0,uniform,0,uniform,0.5,fixed,stage1,,,3,0.014800746190915912,0.00018421808878580728,0.051220492931468874,0.025610246465734357,0.5,True,False,-0.0013674087822437286,True,1071,228
1,2,0.0,0.0,uniform,0,uniform,0.5,fixed,stage1,,,4,0.014550706311564358,0.0013035113612810771,0.04804267280888923,0.024021336404444586,0.5,True,False,0.0011192932724952698,True,1230,285
1,2,0.0,0.0,uniform,0,uniform,0.5,fixed,stage1,,,5,0.014795007818279665,0.0001875994106133779,0.001654065174048286,0.0008270325870241152,0.5,True,False,-0.0011159119506676993,True,1467,342
1,2,0.0,0.0,uniform,0,uniform,0.5,fixed,stage1,,,6,0.014785181387582613,0.0001919331649939219,0.0009105624979367372,0.00045528124896831307,0.5,True,False,4.333754380544009e-06,True,1680,399
1,2,0.0,0.0,uniform,0,uniform,0.5,adaptive,stage1,,,0,0.014061642639210413,0.0020194388926029205,0.595631551265773,0.29781577563288664,0.5,True,False,,True,111,57
1,2,0.0,0.0,uniform,0,uniform,0.5,adaptive,stage1,,,1,0.014816238462205991,0.00017793849110603333,0.2599431040423884,0.1299715520211942,0.5,True,False,-0.0018415004014968872,True,516,114
1,2,0.0,0.0,uniform,0,uniform,0.5,adaptive,stage1,,,2,0.014509755947617291,0.001551626871029536,0.15774404215700308,0.07887202107850154,0.5,True,False,0.0013736883799235027,True,624,171
1,2,0.0,0.0,uniform,0,uniform,0.5,adaptive,stage1,,,3,0.014800746190915912,0.00018421808878580728,0.051220492931468874,0.025610246465734357,0.5,True,False,-0.0013674087822437286,True,1071,228
1,2,0.0,0.0,uniform,0,uniform,0.5,adaptive,stage1,,,4,0.014550706311564358,0.0013035113612810771,0.04804267280888923,0.024021336404444586,0.5,True,False,0.0011192932724952698,True,1230,285
1,2,0.0,0.0,uniform,0,uniform,0.5,adaptive,stage1,,,5,0.014795007818279665,0.0001875994106133779,0.001654065174048286,0.0008270325870241152,0.5,True,False,-0.0011159119506676993,True,1467,342
1,2,0.0,0.0,uniform,0,uniform,0.5,adaptive,stage1,,,6,0.014785181387582613,0.0001919331649939219,0.0009105624979367372,0.00045528124896831307,0.5,True,False,4.333754380544009e-06,True,1680,399
1,2,0.0,0.0,dirichlet,0,uniform,0.5,fixed,stage1,,,0,0.014576745220374351,0.001721100260814031,0.6494318714202072,0.3247159357101036,0.5,True,False,,True,396,57
1,2,0.0,0.0,dirichlet,0,uniform,0.5,fixed,stage1,,,1,0.014811311362548929,0.00017918646335601807,0.29334831979506276,0.14667415989753135,0.5,True,False,-0.0015419137974580128,True,774,114
1,2,0.0,0.0,dirichlet,0,uniform,0.5,fixed,stage1,,,2,0.014664233543395175,0.0002538040280342102,0.148115020084067,0.07405751004203344,0.5,True,False,7.461756467819214e-05,True,1254,171
1,2,0.0,0.0,dirichlet,0,uniform,0.5,fixed,stage1,,,3,0.01456311731136349,0.001426108181476593,0.09771314336757048,0.048856571683785266,0.5,True,False,0.0011723041534423828,True,1413,228
1,2,0.0,0.0,dirichlet,0,uniform,0.5,fixed,stage1,,,4,0.014712965220632632,0.00022967159748077393,0.0247341289737047,0.01236706448685232,0.5,True,False,-0.001196436583995819,True,1845,285
1,2,0.0,0.0,dirichlet,0,uniform,0.5,fixed,stage1,,,5,0.014655259069375051,0.00025999918580055237,0.01295383670456101,0.006476918352280425,0.5,True,False,3.0327588319778442e-05,True,2118,342
1,2,0.0,0.0,dirichlet,0,uniform,0.5,fixed,stage1,,,6,0.014636374055036087,0.00026945893963177997,0.006660196046232407,0.0033300980231162347,0.5,True,False,9.459753831227602e-06,True,2454,399
1,2,0.0,0.0,dirichlet,0,uniform,0.5,fixed,stage1,,,7,0.014783091369163337,0.00019251306851704916,0.001842788295807446,0.0009213941479036397,0.5,True,False,-7.694587111473081e-05,True,2706,456
1,2,0.0,0.0,dirichlet,0,uniform,0.5,fixed,stage1,,,8,0.014772262123615126,0.00019742672642072043,0.001016135326123116,0.0005080676630615302,0.5,True,False,4.913657903671265e-06,True,2943,513
1,2,0.0,0.0,dirichlet,0,uniform,0.5,fixed,stage1,,,9,0.014775067989218571,0.00019776696960131326,0.0005146291478388965,0.00025731457391950374,0.5,True,False,3.4024318059283675e-07,True,3192,570
1,2,0.0,0.0,dirichlet,0,uniform,0.5,adaptive,stage1,,,0,0.014710743629767861,0.0002313132087389628,0.07173987539707416,0.035869937698537135,0.5,True,False,,True,288,57
1,2,0.0,0.0,dirichlet,0,uniform,0.5,adaptive,stage1,,,1,0.014675389882140726,0.0002496366699536641,0.03555402462884948,0.017777012314424738,0.5,True,False,1.8323461214701326e-05,True,732,114
1,2,0.0,0.0,dirichlet,0,uniform,0.5,adaptive,stage1,,,2,0.014396566183215304,0.00038965543111165363,0.015349666497099783,0.007674833248549895,0.5,True,False,0.0001400187611579895,True,1062,171
1,2,0.0,0.0,dirichlet,0,uniform,0.5,adaptive,stage1,,,3,0.01478696933658366,0.00018953283627827963,0.011136928108887743,0.005568464054443931,0.5,True,False,-0.000200122594833374,True,1362,228
1,2,0.0,0.0,dirichlet,0,uniform,0.5,adaptive,stage1,,,4,0.014551043018055432,0.00031275923053423565,0.003442350083458466,0.0017211750417292365,0.5,True,False,0.00012322639425595602,True,1572,285
1,2,0.0,0.0,dirichlet,0,uniform,0.5,adaptive,stage1,,,5,0.014557797453663528,0.0003090749184290568,0.001785006716114465,0.000892503358057177,0.5,True,False,-3.684312105178833e-06,True,1824,342
1,2,0.0,0.0,dirichlet,0,uniform,0.5,adaptive,stage1,,,6,0.014771763237648602,0.00019937877853711447,0.0027855720456973973,0.0006963930114243372,0.25,True,False,-0.00010969613989194235,True,2058,399
1,2,0.0,0.0,dirichlet,0,uniform,0.5,adaptive,stage1,,,7,0.014769784782672796,0.00019995619853337607,0.00207925184694073,0.0005198129617351513,0.25,True,False,5.774199962615967e-07,True,2406,456
1,2,0.0,0.0,dirichlet,0,uniform,0.5,adaptive,stage1,,,8,0.014729888094801052,0.00022033477822939554,0.001208830012637975,0.0003022075031594365,0.25,True,False,2.0378579696019472e-05,True,2700,513
1,2,0.0,0.0,dirichlet,0,uniform,0.5,adaptive,stage1,,,9,0.014740720881417396,0.00021574397881825766,0.0009856492914725457,0.0002464123228680809,0.25,True,False,-4.590799411137881e-06,True,2985,570
1,2,0.0,0.0,dirichlet,1,uniform,0.5,fixed,stage1,,,0,0.012647437753916253,0.0031970726946989694,1.4603620472505308,0.7301810236252654,0.5,True,False,,True,228,57
1,2,0.0,0.0,dirichlet,1,uniform,0.5,fixed,stage1,,,1,0.014763453691695558,0.0001968840758005778,0.6656353923721464,0.33281769618607315,0.5,True,False,-0.0030001886188983917,True,600,114
1,2,0.0,0.0,dirichlet,1,uniform,0.5,fixed,stage1,,,2,0.01480485976011181,0.00018230701486269632,0.3325367374139947,0.16626836870699738,0.5,True,False,-1.457706093788147e-05,True,885,171
1,2,0.0,0.0,dirichlet,1,uniform,0.5,fixed,stage1,,,3,0.014564073769648023,0.001437898725271225,0.19155284149849672,0.0957764207492483,0.5,True,False,0.0012555917104085286,True,1092,228
1,2,0.0,0.0,dirichlet,1,uniform,0.5,fixed,stage1,,,4,0.014551675360583455,0.0013075446089108784,0.0930452875024832,0.04652264375124168,0.5,True,False,-0.00013035411636034655,True,1293,285
1,2,0.0,0.0,dirichlet,1,uniform,0.5,fixed,stage1,,,5,0.014767942862045427,0.0002012699842453003,0.024334852522542333,0.012167426261271194,0.5,True,False,-0.0011062746246655781,True,1587,342
1,2,0.0,0.0,dirichlet,1,uniform,0.5,fixed,stage1,,,6,0.014753427308992886,0.0002088757852713267,0.012314177595450379,0.006157088797725245,0.5,True,False,7.605801026026399e-06,True,1866,399
1,2,0.0,0.0,dirichlet,1,uniform,0.5,fixed,stage1,,,7,0.014759995506199892,0.0002055491010348002,0.00609289206832879,0.003046446034164367,0.5,True,False,-3.3266842365264893e-06,True,2226,456
1,2,0.0,0.0,dirichlet,1,uniform,0.5,fixed,stage1,,,8,0.01475803088016149,0.00020478044946988425,0.0030316150706899483,0.0015158075353449707,0.5,True,False,-7.686515649159569e-07,True,2559,513
1,2,0.0,0.0,dirichlet,1,uniform,0.5,fixed,stage1,,,9,0.014768681113956343,0.00020124887426694235,0.0014476766915605954,0.0007238383457802977,0.5,True,False,-3.5315752029418945e-06,True,2838,570
1,2,0.0,0.0,dirichlet,1,uniform,0.5,fixed,stage1,,,10,0.014757724144853969,0.00020490214228630066,0.0007943171732849238,0.0003971585866424099,0.5,True,False,3.653268019358308e-06,True,3180,627
1,2,0.0,0.0,dirichlet,1,uniform,0.5,adaptive,stage1,,,0,0.014380442237126506,0.00033462420105934143,1.3003352894759652,0.6501676447379827,0.5,True,False,,True,342,57
1,2,0.0,0.0,dirichlet,1,uniform,0.5,adaptive,stage1,,,1,0.014577250681153626,0.0018269332746664684,0.6808082275918119,0.340404113795906,0.5,True,False,0.001492309073607127,True,558,114
1,2,0.0,0.0,dirichlet,1,uniform,0.5,adaptive,stage1,,,2,0.014792636823619129,0.00018733988205591837,0.30691069765656576,0.15345534882828288,0.5,True,False,-0.00163959339261055,True,819,171
1,2,0.0,0.0,dirichlet,1,uniform,0.5,adaptive,stage1,,,3,0.014407448975916982,0.0006198150416215261,0.16191597130377783,0.08095798565188894,0.5,True,False,0.0004324751595656078,True,1260,228
1,2,0.0,0.0,dirichlet,1,uniform,0.5,adaptive,stage1,,,4,0.014527452537642642,0.0014214850962162018,0.09733955811773093,0.04866977905886538,0.5,True,False,0.0008016700545946757,True,1392,285
1,2,0.0,0.0,dirichlet,1,uniform,0.5,adaptive,stage1,,,5,0.014780685663941098,0.00019517292579015097,0.023978575788348194,0.01198928789417407,0.5,True,False,-0.001226312170426051,True,1806,342
1,2,0.0,0.0,dirichlet,1,uniform,0.5,adaptive,stage1,,,6,0.01454617801830873,0.001263987272977829,0.0333877597752529,0.008346939943813261,0.25,True,False,0.001068814347187678,True,1944,399
1,2,0.0,0.0,dirichlet,1,uniform,0.5,adaptive,stage1,,,7,0.014786415736456615,0.0001916202406088511,0.0035738553940088055,0.0008934638485023003,0.25,True,False,-0.0010723670323689778,True,2208,456
1,2,0.0,0.0,dirichlet,1,uniform,0.5,adaptive,stage1,,,8,0.014793449663217328,0.00018822898467381796,0.002615026880355621,0.0006537567200888619,0.25,True,False,-3.3912559350331444e-06,True,2505,513
1,2,0.0,0.0,dirichlet,1,uniform,0.5,adaptive,stage1,,,9,0.01478965096462806,0.00019021828969319662,0.0019996111058942917,0.0004999027764736041,0.25,True,False,1.989305019378662e-06,True,2787,570
1,2,0.0,0.0,dirichlet,1,uniform,0.5,adaptive,stage1,,,10,0.014783136568670419,0.00019268691539764404,0.0015472948077864535,0.00038682370194662724,0.25,True,False,2.4686257044474194e-06,True,3000,627
1,2,0.0,0.0,dirichlet,1,uniform,0.5,adaptive,stage1,,,11,0.014784416345638818,0.00019223615527153015,0.001151781419835414,0.0002879453549588032,0.25,True,False,-4.507601261138916e-07,True,3213,684
1,2,0.0,0.0,dirichlet,1,uniform,0.5,adaptive,stage1,,,12,0.014788882873369692,0.0001907410720984141,0.0008350160133511267,0.00020875400333787014,0.25,True,False,-1.4950831731160572e-06,True,3510,741
1,2,0.0,0.0,dirichlet,2,uniform,0.5,fixed,stage1,,,0,0.022314946515402688,0.00598788137237231,0.6239774601417994,0.3119887300708997,0.5,True,False,,True,219,57
1,2,0.0,0.0,dirichlet,2,uniform,0.5,fixed,stage1,,,1,0.013337268277257397,0.001200757920742035,0.3151517668694177,0.15757588343470882,0.5,True,False,-0.004787123451630275,True,351,114
1,2,0.0,0.0,dirichlet,2,uniform,0.5,fixed,stage1,,,2,0.014624888237530637,0.0002752244472503662,0.16141609080785144,0.08070804540392575,0.5,True,False,-0.0009255334734916687,True,564,171
1,2,0.0,0.0,dirichlet,2,uniform,0.5,fixed,stage1,,,3,0.014795672671977567,0.00018538907170295715,0.08225580288862996,0.04112790144431493,0.5,True,False,-8.983537554740906e-05,True,843,228
1,2,0.0,0.0,dirichlet,2,uniform,0.5,fixed,stage1,,,4,0.014781008367130914,0.00019308924674987793,0.04099561295130103,0.02049780647565043,0.5,True,False,7.700175046920776e-06,True,1137,285
1,2,0.0,0.0,dirichlet,2,uniform,0.5,fixed,stage1,,,5,0.014732106397911948,0.00021867454051971436,0.02005774694963877,0.01002887347481933,0.5,True,False,2.5585293769836426e-05,True,1455,342
1,2,0.0,0.0,dirichlet,2,uniform,0.5,fixed,stage1,,,6,0.014774076769069965,0.00022540117303530374,0.009913048082830847,0.004956524041415451,0.5,True,False,6.726632515589387e-06,True,1890,399
1,2,0.0,0.0,dirichlet,2,uniform,0.5,fixed,stage1,,,7,0.014508488074504527,0.0003329565127690633,0.005098591451359616,0.0025492957256798357,0.5,True,False,0.00010755533973375955,True,2232,456
1,2,0.0,0.0,dirichlet,2,uniform,0.5,fixed,stage1,,,8,0.014551642984085747,0.0003124525149663289,0.00250596946561802,0.0012529847328089788,0.5,True,False,-2.0503997802734375e-05,True,2571,513
1,2,0.0,0.0,dirichlet,2,uniform,0.5,fixed,stage1,,,9,0.014763207084534713,0.00020406519373257956,0.0028230652976122123,0.00141153264880612,0.5,True,False,-0.00010838732123374936,True,2835,570
1,2,0.0,0.0,dirichlet,2,uniform,0.5,fixed,stage1,,,10,0.014735810820871609,0.0002172862490018209,0.0011840590494053213,0.0005920295247026849,0.5,True,False,1.3221055269241333e-05,True,3099,627
1,2,0.0,0.0,dirichlet,2,uniform,0.5,fixed,stage1,,,11,0.014750746195640575,0.00020933772126833597,0.0007288120808899776,0.00036440604044499225,0.5,True,False,-7.948527733484922e-06,True,3366,684
1,2,0.0,0.0,dirichlet,2,uniform,0.5,adaptive,stage1,,,0,0.020399866029115865,0.00465022400021553,0.32179396390215653,0.16089698195107835,0.5,True,False,,True,186,57
1,2,0.0,0.0,dirichlet,2,uniform,0.5,adaptive,stage1,,,1,0.017789124479257543,0.0027810359994570413,0.19604832802220626,0.09802416401110307,0.5,True,False,-0.0018691880007584891,True,630,114
1,2,0.0,0.0,dirichlet,2,uniform,0.5,adaptive,stage1,,,2,0.014764135738728118,0.00020328909158706665,0.14668782547545084,0.07334391273772536,0.5,True,False,-0.0025777469078699746,True,942,171
1,2,0.0,0.0,dirichlet,2,uniform,0.5,adaptive,stage1,,,3,0.014634718290631316,0.00026896223425865173,0.07221198765205765,0.036105993826028825,0.5,True,False,6.567314267158508e-05,True,1194,228
1,2,0.0,0.0,dirichlet,2,uniform,0.5,adaptive,stage1,,,4,0.014716592272182277,0.0002280635138352712,0.036811517507445525,0.018405758753722738,0.5,True,False,-4.0898720423380525e-05,True,1506,285
1,2,0.0,0.0,dirichlet,2,uniform,0.5,adaptive,stage1,,,5,0.014534747110718955,0.0011600007613499959,0.011155039536131214,0.005577519768065635,0.5,True,False,0.0009319372475147246,True,1707,342
1,2,0.0,0.0,dirichlet,2,uniform,0.5,adaptive,stage1,,,6,0.014535564921602557,0.0011668292184670765,0.0055928289712706275,0.0027964144856353138,0.5,True,False,6.8284571170806885e-06,True,1866,399
1,2,0.0,0.0,dirichlet,2,uniform,0.5,adaptive,stage1,,,7,0.013929900093315323,0.0006788236399491628,0.009217701246933226,0.002304425311733277,0.25,True,False,-0.0004880055785179137,True,2280,456
1,2,0.0,0.0,dirichlet,2,uniform,0.5,adaptive,stage1,,,8,0.014757195036426612,0.00020576640963554382,0.015184892357389582,0.001898111544673682,0.125,True,False,-0.000473057230313619,True,2514,513
1,2,0.0,0.0,dirichlet,2,uniform,0.5,adaptive,stage1,,,9,0.014766214109065603,0.00020124887426694235,0.013364468327014704,0.0016705585408767695,0.125,True,False,-4.517535368601472e-06,True,2862,570
1,2,0.0,0.0,dirichlet,2,uniform,0.5,adaptive,stage1,,,10,0.014782453173844079,0.00019386534889539084,0.01182083118174277,0.0014776038977178593,0.125,True,False,-7.383525371551514e-06,True,3141,627
1,2,0.0,0.0,dirichlet,2,uniform,0.5,adaptive,stage1,,,11,0.01477222275206417,0.00019904598593711853,0.010254179898063057,0.0012817724872578942,0.125,True,False,5.180637041727693e-06,True,3540,684
1,2,0.0,0.0,dirichlet,2,uniform,0.5,adaptive,stage1,,,12,0.014776513549079176,0.0001967748006184896,0.009011449606646023,0.0011264312008306687,0.125,True,False,-2.271185318628938e-06,True,3828,741
1,2,0.0,0.0,dirichlet,2,uniform,0.5,adaptive,stage1,,,13,0.014688390492628045,0.0002427324652671814,0.0070938012624258626,0.0008867251578031157,0.125,True,False,4.5957664648691804e-05,True,4173,798
1,2,0.0,0.0,dirichlet,2,uniform,0.5,adaptive,stage1,,,14,0.014523546037671017,0.0003251222272713979,0.004782317943019858,0.0005977897428774762,0.125,True,False,8.23897620042165e-05,True,4500,855
1,2,0.0,0.0,dirichlet,2,uniform,0.5,adaptive,stage1,,,15,0.014548053183781696,0.00031419967611630756,0.004373879116818621,0.0005467348896023988,0.125,True,False,-1.0922551155090332e-05,True,4740,912
1,2,0.0,0.0,dirichlet,2,uniform,0.5,adaptive,stage1,,,16,0.014544583319066481,0.00031505897641181946,0.0038122527892055433,0.00047653159865068684,0.125,True,False,8.593002955118996e-07,True,4950,969
1,2,0.0,0.0,dirichlet,2,uniform,0.5,adaptive,stage1,,,17,0.014546185291443955,0.0003141226867834727,0.0033519467892124885,0.00041899334865151683,0.125,True,False,-9.36289628346743e-07,True,5244,1026
1,2,0.0,0.0,dirichlet,2,uniform,0.5,adaptive,stage1,,,18,0.014554437640529425,0.0003111250698566437,0.0029848940907613725,0.0003731117613450796,0.125,True,False,-2.9976169268290383e-06,True,5535,1083
1,2,0.0,0.0,dirichlet,2,uniform,0.5,adaptive,stage1,,,19,0.014556370125885773,0.0003101453185081482,0.0026287564467178254,0.0003285945558397091,0.125,True,False,-9.797513484954834e-07,True,5772,1140
1,2,0.0,0.0,dirichlet,3,uniform,0.5,fixed,stage1,,,0,0.014453484620855828,0.0020168845852216086,0.7169136409776808,0.3584568204888404,0.5,True,False,,True,123,57
1,2,0.0,0.0,dirichlet,3,uniform,0.5,fixed,stage1,,,1,0.014585715545192064,0.0017412776748339336,0.35525932942149635,0.17762966471074826,0.5,True,False,-0.00027560691038767504,True,444,114
1,2,0.0,0.0,dirichlet,3,uniform,0.5,fixed,stage1,,,2,0.014499519520861724,0.0009121100107828776,0.17951094324766376,0.08975547162383193,0.5,True,False,-0.000829167664051056,True,828,171
1,2,0.0,0.0,dirichlet,3,uniform,0.5,fixed,stage1,,,3,0.01456618353854866,0.001461452494064967,0.09068467637223604,0.04534233818611802,0.5,True,False,0.0005493424832820893,True,1032,228
1,2,0.0,0.0,dirichlet,3,uniform,0.5,fixed,stage1,,,4,0.014797498515501273,0.0001859863599141439,0.04705361741645884,0.023526808708229506,0.5,True,False,-0.001275466134150823,True,1386,285
1,2,0.0,0.0,dirichlet,3,uniform,0.5,fixed,stage1,,,5,0.014548710156876806,0.001279149204492569,0.030725617834599553,0.015362808917299804,0.5,True,False,0.0010931628445784252,True,1575,342
1,2,0.0,0.0,dirichlet,3,uniform,0.5,fixed,stage1,,,6,0.014787728368395925,0.0001909931500752767,0.017006041561019467,0.008503020780509706,0.5,True,False,-0.0010881560544172923,True,1788,399
1,2,0.0,0.0,dirichlet,3,uniform,0.5,fixed,stage1,,,7,0.014780160283722144,0.00019476190209388733,0.008430365256674593,0.004215182628337241,0.5,True,False,3.7687520186106274e-06,True,2109,456
1,2,0.0,0.0,dirichlet,3,uniform,0.5,fixed,stage1,,,8,0.014780983270995307,0.00019448871413866678,0.004220449892120233,0.0021102249460601963,0.5,True,False,-2.731879552205494e-07,True,2361,513
1,2,0.0,0.0,dirichlet,3,uniform,0.5,fixed,stage1,,,9,0.014779389073874244,0.00019504999121030173,0.0020994030054857574,0.0010497015027429307,0.5,True,False,5.612770716349465e-07,True,2613,570
1,2,0.0,0.0,dirichlet,3,uniform,0.5,fixed,stage1,,,10,0.014755877720128152,0.00020555158456166586,0.0008471436612768682,0.0004235718306384306,0.5,True,False,1.0501593351364136e-05,True,2955,627
1,2,0.0,0.0,dirichlet,3,uniform,0.5,adaptive,stage1,,,0,0.014556115973379621,0.0020600457986195884,0.8535463404521906,0.4267731702260953,0.5,True,False,,True,129,57
1,2,0.0,0.0,dirichlet,3,uniform,0.5,adaptive,stage1,,,1,0.014563289236275683,0.0018172798057397206,0.42734892259640267,0.21367446129820133,0.5,True,False,-0.00024276599287986777,True,264,114
1,2,0.0,0.0,dirichlet,3,uniform,0.5,adaptive,stage1,,,2,0.014548432880223118,0.0012767699857552846,0.21492031704931683,0.10746015852465841,0.5,True,False,-0.000540509819984436,True,513,171
1,2,0.0,0.0,dirichlet,3,uniform,0.5,adaptive,stage1,,,3,0.014567497949331624,0.0014772005379199982,0.10700385289704217,0.053501926448521114,0.5,True,False,0.00020043055216471361,True,675,228
1,2,0.0,0.0,dirichlet,3,uniform,0.5,adaptive,stage1,,,4,0.014552889265150741,0.001334305852651596,0.05382791752323439,0.02691395876161711,0.5,True,False,-0.0001428946852684021,True,822,285
1,2,0.0,0.0,dirichlet,3,uniform,0.5,adaptive,stage1,,,5,0.014545696752504386,0.0012517695625623066,0.027100729870639058,0.013550364935319505,0.5,True,False,-8.253629008928942e-05,True,1029,342
1,2,0.0,0.0,dirichlet,3,uniform,0.5,adaptive,stage1,,,6,0.01476342716885809,0.00020228574673334757,0.024047493128774945,0.012023746564387497,0.5,True,False,-0.001049483815828959,True,1263,399
1,2,0.0,0.0,dirichlet,3,uniform,0.5,adaptive,stage1,,,7,0.014728397602288501,0.0002213902771472931,0.01165495870751776,0.005827479353758908,0.5,True,False,1.9104530413945525e-05,True,1530,456
1,2,0.0,0.0,dirichlet,3,uniform,0.5,adaptive,stage1,,,8,0.014746398825170356,0.00021192431449890137,0.006010268208800483,0.0030051341044002172,0.5,True,False,-9.465962648391724e-06,True,1824,513
1,2,0.0,0.0,dirichlet,3,uniform,0.5,adaptive,stage1,,,9,0.014754844211579209,0.00020761912067731222,0.003088228334457821,0.0015441141672289382,0.5,True,False,-4.305193821589143e-06,True,2091,570
1,2,0.0,0.0,dirichlet,3,uniform,0.5,adaptive,stage1,,,10,0.014757856613320366,0.00020480280121167502,0.0015984583639524208,0.0007992291819762659,0.5,True,False,-2.816319465637207e-06,True,2355,627
1,2,0.0,0.0,dirichlet,3,uniform,0.5,adaptive,stage1,,,11,0.014761604150504232,0.00020475561420122781,0.000800139620735954,0.0004000698103679007,0.5,True,False,-4.7187010447202315e-08,True,2601,684
1,2,0.0,0.0,dirichlet,4,uniform,0.5,fixed,stage1,,,0,0.014510855865875097,0.0018944963812828064,0.4863072429794057,0.24315362148970288,0.5,True,False,,True,111,57
1,2,0.0,0.0,dirichlet,4,uniform,0.5,fixed,stage1,,,1,0.01454305713008008,0.0012634582817554474,0.23118996680324333,0.11559498340162166,0.5,True,False,-0.000631038099527359,True,318,114
1,2,0.0,0.0,dirichlet,4,uniform,0.5,fixed,stage1,,,2,0.014570793499009202,0.001519329845905304,0.12038008160950006,0.06019004080475003,0.5,True,False,0.00025587156414985657,True,486,171
1,2,0.0,0.0,dirichlet,4,uniform,0.5,fixed,stage1,,,3,0.014784086592653178,0.00019121294220288595,0.03627267023143031,0.018136335115715142,0.5,True,False,-0.001328116903702418,True,864,228
1,2,0.0,0.0,dirichlet,4,uniform,0.5,fixed,stage1,,,4,0.014787549687092505,0.00019132966796557108,0.018138340738042442,0.009069170369021246,0.5,True,False,1.167257626851219e-07,True,1263,285
1,2,0.0,0.0,dirichlet,4,uniform,0.5,fixed,stage1,,,5,0.014545626218484063,0.0012638283272584279,0.028206293967467877,0.014103146983733855,0.5,True,False,0.0010724986592928567,True,1401,342
1,2,0.0,0.0,dirichlet,4,uniform,0.5,fixed,stage1,,,6,0.014758804766025015,0.00020500769217809042,0.009319626823080837,0.0046598134115404186,0.5,True,False,-0.0010588206350803375,True,1680,399
1,2,0.0,0.0,dirichlet,4,uniform,0.5,fixed,stage1,,,7,0.014737574784671637,0.00021697580814361572,0.0044287981904491056,0.0022143990952246395,0.5,True,False,1.19681159655253e-05,True,2037,456
1,2,0.0,0.0,dirichlet,4,uniform,0.5,fixed,stage1,,,8,0.014743852874670615,0.00021422902743021646,0.002267435884634697,0.0011337179423172652,0.5,True,False,-2.7467807133992603e-06,True,2346,513
1,2,0.0,0.0,dirichlet,4,uniform,0.5,fixed,stage1,,,9,0.014755687632328852,0.00020807733138402304,0.0012524627173760156,0.0006262313586880078,0.5,True,False,-6.151696046193423e-06,True,2625,570
1,2,0.0,0.0,dirichlet,4,uniform,0.5,fixed,stage1,,,10,0.014763319077031177,0.0002041595677534739,0.0007018287328610928,0.0003509143664305464,0.5,True,False,-3.917763630549131e-06,True,2946,627
1,2,0.0,0.0,dirichlet,4,uniform,0.5,adaptive,stage1,,,0,0.014567598722419995,0.0014787825445334117,0.15584463285452876,0.07792231642726438,0.5,True,False,,True,195,57
1,2,0.0,0.0,dirichlet,4,uniform,0.5,adaptive,stage1,,,1,0.014742341704361998,0.00021420915921529135,0.08069567976716858,0.040347839883584286,0.5,True,False,-0.0012645733853181205,True,462,114
1,2,0.0,0.0,dirichlet,4,uniform,0.5,adaptive,stage1,,,2,0.014549494323902408,0.0012864979604880016,0.038012414777200854,0.019006207388600455,0.5,True,False,0.0010722888012727103,True,657,171
1,2,0.0,0.0,dirichlet,4,uniform,0.5,adaptive,stage1,,,3,0.01475043553229917,0.0002083765963713328,0.02522215739253856,0.012611078696269255,0.5,True,False,-0.0010781213641166687,True,1098,228
1,2,0.0,0.0,dirichlet,4,uniform,0.5,adaptive,stage1,,,4,0.014783503831993498,0.00019238640864690146,0.01291950390469556,0.006459751952347867,0.5,True,False,-1.5990187724431338e-05,True,1350,285
1,2,0.0,0.0,dirichlet,4,uniform,0.5,adaptive,stage1,,,5,0.014778965173005754,0.00019413232803344727,0.0064260925252355786,0.0032130462626177025,0.5,True,False,1.745919386545808e-06,True,1563,342
1,2,0.0,0.0,dirichlet,4,uniform,0.5,adaptive,stage1,,,6,0.014780363873140787,0.00019471471508344015,0.003201817570475489,0.0016009087852378173,0.5,True,False,5.823870499928883e-07,True,1851,399
1,2,0.0,0.0,dirichlet,4,uniform,0.5,adaptive,stage1,,,7,0.01477518705972497,0.0001978228489557902,0.00154097488267195,0.0007704874413359195,0.5,True,False,3.108133872350039e-06,True,2211,456
1,2,0.0,0.0,dirichlet,4,uniform,0.5,adaptive,stage1,,,8,0.0147562204150027,0.00020543734232584635,0.000649429408205851,0.00032471470410298103,0.5,True,False,7.614493370056152e-06,True,2475,513
1,2,0.0,0.0,dirichlet,5,uniform,0.5,fixed,stage1,,,0,0.014241765466269062,0.0019188250104586284,0.5574010846557063,0.27870054232785313,0.5,True,False,,True,123,57
1,2,0.0,0.0,dirichlet,5,uniform,0.5,fixed,stage1,,,1,0.014815325537867935,0.0001781110962231954,0.2430327776173933,0.12151638880869668,0.5,True,False,-0.001740713914235433,True,459,114
1,2,0.0,0.0,dirichlet,5,uniform,0.5,fixed,stage1,,,2,0.014801360953505219,0.0001828645666440328,0.12160794973584772,0.06080397486792381,0.5,True,False,4.753470420837402e-06,True,729,171
1,2,0.0,0.0,dirichlet,5,uniform,0.5,fixed,stage1,,,3,0.014521544401987711,0.0013663247227668762,0.08457493967754517,0.042287469838772615,0.5,True,False,0.0011834601561228435,True,849,228
1,2,0.0,0.0,dirichlet,5,uniform,0.5,fixed,stage1,,,4,0.014803967821977897,0.0001820350686709086,0.01850052514739816,0.009250262573699056,0.5,True,False,-0.0011842896540959675,True,1140,285
1,2,0.0,0.0,dirichlet,5,uniform,0.5,fixed,stage1,,,5,0.01479573304513454,0.00018612792094548544,0.009329118302251235,0.004664559151125618,0.5,True,False,4.092852274576841e-06,True,1557,342
1,2,0.0,0.0,dirichlet,5,uniform,0.5,fixed,stage1,,,6,0.01478225322727561,0.0001922460893789927,0.004782477604892824,0.002391238802446516,0.5,True,False,6.1181684335072655e-06,True,1860,399
1,2,0.0,0.0,dirichlet,5,uniform,0.5,fixed,stage1,,,7,0.01470284153603968,0.00023497889439264932,0.0032162410248175247,0.001608120512408738,0.5,True,False,4.2732805013656616e-05,True,2181,456
1,2,0.0,0.0,dirichlet,5,uniform,0.5,fixed,stage1,,,8,0.014779532158163314,0.00019503881533940634,0.0008369604346987677,0.00041848021734938734,0.5,True,False,-3.994007905324298e-05,True,2493,513
1,2,0.0,0.0,dirichlet,5,uniform,0.5,adaptive,stage1,,,0,0.01454868738837644,0.0020648265878359475,0.838254368584501,0.4191271842922505,0.5,True,False,,True,132,57
1,2,0.0,0.0,dirichlet,5,uniform,0.5,adaptive,stage1,,,1,0.014443084638054729,0.0018619410693645477,0.41517161918994067,0.20758580959497036,0.5,True,False,-0.0002028855184713998,True,255,114
1,2,0.0,0.0,dirichlet,5,uniform,0.5,adaptive,stage1,,,2,0.014539723526038453,0.0012076149384180705,0.19522022124214541,0.09761011062107271,0.5,True,False,-0.0006543261309464772,True,531,171
1,2,0.0,0.0,dirichlet,5,uniform,0.5,adaptive,stage1,,,3,0.014567713013363945,0.0014829921225706737,0.10274293800422288,0.05137146900211147,0.5,True,False,0.00027537718415260315,True,672,228
1,2,0.0,0.0,dirichlet,5,uniform,0.5,adaptive,stage1,,,4,0.014554229278716007,0.0013357363641262054,0.04861408252031751,0.0243070412601587,0.5,True,False,-0.00014725575844446825,True,831,285
1,2,0.0,0.0,dirichlet,5,uniform,0.5,adaptive,stage1,,,5,0.014544632633567464,0.0012521458168824513,0.022754752306748352,0.011377376153374176,0.5,True,False,-8.359054724375414e-05,True,990,342
1,2,0.0,0.0,dirichlet,5,uniform,0.5,adaptive,stage1,,,6,0.014770543764540331,0.00019986306627591452,0.01759368531756872,0.008796842658784332,0.5,True,False,-0.0010522827506065369,True,1362,399
1,2,0.0,0.0,dirichlet,5,uniform,0.5,adaptive,stage1,,,7,0.014776011954675906,0.00019723673661549887,0.00884749395201645,0.004423746976008225,0.5,True,False,-2.6263296604156494e-06,True,1614,456
1,2,0.0,0.0,dirichlet,5,uniform,0.5,adaptive,stage1,,,8,0.01473622040166861,0.00021712357799212137,0.004039981225813762,0.0020199906129069675,0.5,True,False,1.98868413766225e-05,True,1935,513
1,2,0.0,0.0,dirichlet,5,uniform,0.5,adaptive,stage1,,,9,0.014745465632421823,0.00021142388383547464,0.002130034239020237,0.0010650171195101463,0.5,True,False,-5.6996941566467285e-06,True,2199,570
1,2,0.0,0.0,dirichlet,5,uniform,0.5,adaptive,stage1,,,10,0.014760162874324856,0.00020524238546689352,0.0011843139019098795,0.0005921569509549432,0.5,True,False,-6.181498368581118e-06,True,2445,627
1,2,0.0,0.0,dirichlet,5,uniform,0.5,adaptive,stage1,,,11,0.014757460949611279,0.00020621096094449362,0.0005734677735327806,0.0002867338867663938,0.5,True,False,9.685754776000977e-07,True,2691,684
1,2,0.0,0.0,dirichlet,6,uniform,0.5,fixed,stage1,,,0,0.014520595601486629,0.002264163146416346,0.9436831179983638,0.4718415589991819,0.5,True,False,,True,174,57
1,2,0.0,0.0,dirichlet,6,uniform,0.5,fixed,stage1,,,1,0.014593458505204885,0.0018651535113652546,0.46400363014207807,0.23200181507103906,0.5,True,False,-0.00039900963505109144,True,306,114
1,2,0.0,0.0,dirichlet,6,uniform,0.5,fixed,stage1,,,2,0.014511587208164103,0.001005847007036209,0.21587703127493285,0.1079385156374664,0.5,True,False,-0.0008593065043290455,True,531,171
1,2,0.0,0.0,dirichlet,6,uniform,0.5,fixed,stage1,,,3,0.014567501588819797,0.0015257857739925385,0.11757519810993172,0.05878759905496592,0.5,True,False,0.0005199387669563293,True,666,228
1,2,0.0,0.0,dirichlet,6,uniform,0.5,fixed,stage1,,,4,0.01451456658607597,0.0013658218085765839,0.05578435782913848,0.027892178914569243,0.5,True,False,-0.0001599639654159546,True,786,285
1,2,0.0,0.0,dirichlet,6,uniform,0.5,fixed,stage1,,,5,0.014770633985281792,0.00019832327961921692,0.028411880114947448,0.01420594005747372,0.5,True,False,-0.001167498528957367,True,1140,342
1,2,0.0,0.0,dirichlet,6,uniform,0.5,fixed,stage1,,,6,0.014545351098453532,0.0012485819558302562,0.022223751961002625,0.011111875980501312,0.5,True,False,0.0010502586762110393,True,1329,399
1,2,0.0,0.0,dirichlet,6,uniform,0.5,fixed,stage1,,,7,0.014541621459874622,0.00031659876306851703,0.013576819811685494,0.006788409905842743,0.5,True,False,-0.0009319831927617392,True,1647,456
1,2,0.0,0.0,dirichlet,6,uniform,0.5,fixed,stage1,,,8,0.014762440764986985,0.00020330523451169333,0.008982693983046991,0.004491346991523523,0.5,True,False,-0.0001132935285568237,True,1899,513
1,2,0.0,0.0,dirichlet,6,uniform,0.5,fixed,stage1,,,9,0.014740565392287311,0.00021577253937721252,0.004250720318458787,0.0021253601592293933,0.5,True,False,1.2467304865519197e-05,True,2238,570
1,2,0.0,0.0,dirichlet,6,uniform,0.5,fixed,stage1,,,10,0.01475099113355513,0.00020925700664520264,0.002251139830416665,0.0011255699152083048,0.5,True,False,-6.515532732009888e-06,True,2541,627
1,2,0.0,0.0,dirichlet,6,uniform,0.5,fixed,stage1,,,11,0.014742675858766492,0.00021243592103322348,0.0010642093629954358,0.0005321046814976901,0.5,True,False,3.1789143880208424e-06,True,2805,684
1,2,0.0,0.0,dirichlet,6,uniform,0.5,fixed,stage1,,,12,0.014762221255621655,0.0002046450972557068,0.0006824620032541417,0.0003412310016271264,0.5,True,False,-7.790823777516692e-06,True,3078,741
1,2,0.0,0.0,dirichlet,6,uniform,0.5,adaptive,stage1,,,0,0.014422369504749613,0.002654793361822764,1.197436395113747,0.5987181975568734,0.5,True,False,,True,222,57
1,2,0.0,0.0,dirichlet,6,uniform,0.5,adaptive,stage1,,,1,0.01457262378167214,0.0019051531950632732,0.5837535361623547,0.29187676808117735,0.5,True,False,-0.0007496401667594907,True,390,114
1,2,0.0,0.0,dirichlet,6,uniform,0.5,adaptive,stage1,,,2,0.01448570504254744,0.000861747811237971,0.27236855401790294,0.13618427700895158,0.5,True,False,-0.0010434053838253021,True,639,171
1,2,0.0,0.0,dirichlet,6,uniform,0.5,adaptive,stage1,,,3,0.014422683757428965,0.0004975423216819763,0.12970949315677913,0.06485474657838956,0.5,True,False,-0.00036420548955599463,True,966,228
1,2,0.0,0.0,dirichlet,6,uniform,0.5,adaptive,stage1,,,4,0.014562962328192153,0.0014244106908639271,0.08166698024679242,0.04083349012339618,0.5,True,False,0.0009268683691819508,True,1176,285
1,2,0.0,0.0,dirichlet,6,uniform,0.5,adaptive,stage1,,,5,0.014763258431862734,0.0002038516104221344,0.020110807852877777,0.010055403926438888,0.5,True,False,-0.0012205590804417927,True,1527,342
1,2,0.0,0.0,dirichlet,6,uniform,0.5,adaptive,stage1,,,6,0.014529578649295105,0.0003225406010945638,0.011508927477774232,0.0057544637388871195,0.5,True,False,0.00011868899067242938,True,1914,399
1,2,0.0,0.0,dirichlet,6,uniform,0.5,adaptive,stage1,,,7,0.014678594195243005,0.0002459697425365448,0.005064187530774471,0.0025320937653872666,0.5,True,False,-7.657085855801898e-05,True,2265,456
1,2,0.0,0.0,dirichlet,6,uniform,0.5,adaptive,stage1,,,8,0.01478394840772685,0.00019159913063049316,0.002646158269532642,0.0013230791347662932,0.5,True,False,-5.4370611906051636e-05,True,2502,513
1,2,0.0,0.0,dirichlet,6,uniform,0.5,adaptive,stage1,,,9,0.01477211966073786,0.00019750619928042093,0.0013107074034776484,0.0006553537017387964,0.5,True,False,5.907068649927766e-06,True,2772,570
1,2,0.0,0.0,dirichlet,6,uniform,0.5,adaptive,stage1,,,10,0.014786951978754667,0.0001915233830610911,0.0006678840455219826,0.00033394202276107454,0.5,True,False,-5.982816219329834e-06,True,3048,627
1,2,0.0,0.0,dirichlet,7,uniform,0.5,fixed,stage1,,,0,0.01482125456794861,0.00017645334204037985,0.572685452088581,0.28634272604429045,0.5,True,False,,True,366,57
1,2,0.0,0.0,dirichlet,7,uniform,0.5,fixed,stage1,,,1,0.01480484118339169,0.00018197794755299887,0.28644913115862963,0.14322456557931476,0.5,True,False,5.5246055126190186e-06,True,789,114
1,2,0.0,0.0,dirichlet,7,uniform,0.5,fixed,stage1,,,2,0.014651887626884685,0.00026175007224082947,0.14476553236395573,0.07238276618197795,0.5,True,False,7.97721246878306e-05,True,1065,171
1,2,0.0,0.0,dirichlet,7,uniform,0.5,fixed,stage1,,,3,0.014793593675635944,0.00018742928902308145,0.07094683323401993,0.035473416617009965,0.5,True,False,-7.432078321774802e-05,True,1347,228
1,2,0.0,0.0,dirichlet,7,uniform,0.5,fixed,stage1,,,4,0.014517282199816142,0.000329303244749705,0.03822095446732491,0.01911047723366248,0.5,True,False,0.00014187395572662356,True,1593,285
1,2,0.0,0.0,dirichlet,7,uniform,0.5,fixed,stage1,,,5,0.014545229468845483,0.00031496336062749225,0.018831541639344355,0.009415770819672181,0.5,True,False,-1.4339884122212764e-05,True,1884,342
1,2,0.0,0.0,dirichlet,7,uniform,0.5,fixed,stage1,,,6,0.014768158381861074,0.00020103404919306436,0.007209471180099507,0.0036047355900497846,0.5,True,False,-0.00011392931143442789,True,2220,399
1,2,0.0,0.0,dirichlet,7,uniform,0.5,fixed,stage1,,,7,0.014748986960287702,0.00021169334650039673,0.003810421447441953,0.001905210723720921,0.5,True,False,1.0659297307332366e-05,True,2496,456
1,2,0.0,0.0,dirichlet,7,uniform,0.5,fixed,stage1,,,8,0.01475679438107122,0.0002076613406340281,0.0018273897821260918,0.0009136948910629938,0.5,True,False,-4.032005866368621e-06,True,2775,513
1,2,0.0,0.0,dirichlet,7,uniform,0.5,fixed,stage1,,,9,0.01475918808490436,0.0002051877478758494,0.0008707608989462767,0.00043538044947313836,0.5,True,False,-2.473592758178711e-06,True,3069,570
1,2,0.0,0.0,dirichlet,7,uniform,0.5,adaptive,stage1,,,0,0.014810003132456846,0.00017956271767616272,0.3789828040745707,0.1894914020372854,0.5,True,False,,True,318,57
1,2,0.0,0.0,dirichlet,7,uniform,0.5,adaptive,stage1,,,1,0.01481172130494697,0.000179373969634374,0.18948776664517775,0.09474388332258887,0.5,True,False,-1.8874804178872794e-07,True,711,114
1,2,0.0,0.0,dirichlet,7,uniform,0.5,adaptive,stage1,,,2,0.014718640067884786,0.00022746001680692038,0.09567158162539863,0.047835790812699286,0.5,True,False,4.808604717254639e-05,True,1005,171
1,2,0.0,0.0,dirichlet,7,uniform,0.5,adaptive,stage1,,,3,0.014639734953574624,0.0002673032383124034,0.04860680566431383,0.024303402832156942,0.5,True,False,3.9843221505483e-05,True,1365,228
1,2,0.0,0.0,dirichlet,7,uniform,0.5,adaptive,stage1,,,4,0.014546639885715985,0.0012625629703203838,0.04427801488331908,0.022139007441659544,0.5,True,False,0.0009952597320079803,True,1530,285
1,2,0.0,0.0,dirichlet,7,uniform,0.5,adaptive,stage1,,,5,0.014547587456994596,0.00031442691882451374,0.004736215261973299,0.0023681076309866184,0.5,True,False,-0.0009481360514958701,True,1770,342
1,2,0.0,0.0,dirichlet,7,uniform,0.5,adaptive,stage1,,,6,0.01476796536830885,0.00020087013641993204,0.00278874217086314,0.0013943710854315422,0.5,True,False,-0.0001135567824045817,True,2073,399
1,2,0.0,0.0,dirichlet,7,uniform,0.5,adaptive,stage1,,,7,0.0147361384235392,0.0002171061933040619,0.0011150557457049737,0.0005575278728524591,0.5,True,False,1.623605688412985e-05,True,2367,456
1,2,0.0,0.0,dirichlet,7,uniform,0.5,adaptive,stage1,,,8,0.014739286801396786,0.00021566947301228842,0.000582256989595166,0.00029112849479755176,0.5,True,False,-1.4367202917734692e-06,True,2739,513
1,2,0.0,0.0,dirichlet,8,uniform,0.5,fixed,stage1,,,0,0.014555994056489246,0.00026688600579897564,0.7104649165267778,0.3552324582633889,0.5,True,False,,True,375,57
1,2,0.0,0.0,dirichlet,8,uniform,0.5,fixed,stage1,,,1,0.014579321336561276,0.0017237973709901173,0.3817341731603304,0.1908670865801652,0.5,True,False,0.0014569113651911416,True,615,114
1,2,0.0,0.0,dirichlet,8,uniform,0.5,fixed,stage1,,,2,0.01419817295200404,0.00046635791659355164,0.1678347108755594,0.0839173554377797,0.5,True,False,-0.0012574394543965657,True,1047,171
1,2,0.0,0.0,dirichlet,8,uniform,0.5,fixed,stage1,,,3,0.014796321667941481,0.00018517797191937765,0.07904070007843055,0.039520350039215224,0.5,True,False,-0.00028117994467417395,True,1512,228
1,2,0.0,0.0,dirichlet,8,uniform,0.5,fixed,stage1,,,4,0.01402933391427362,0.0005880594253540039,0.04653752415488546,0.02326876207744273,0.5,True,False,0.0004028814534346262,True,1842,285
1,2,0.0,0.0,dirichlet,8,uniform,0.5,fixed,stage1,,,5,0.014549127057798228,0.0012851121524969737,0.03614144904355414,0.01807072452177707,0.5,True,False,0.0006970527271429698,True,2043,342
1,2,0.0,0.0,dirichlet,8,uniform,0.5,fixed,stage1,,,6,0.014754507438655418,0.00020861253142356873,0.00350797719024825,0.0017539885951241216,0.5,True,False,-0.001076499621073405,True,2382,399
1,2,0.0,0.0,dirichlet,8,uniform,0.5,fixed,stage1,,,7,0.014762876039351086,0.00020430485407511392,0.0018371117200552192,0.0009185558600275784,0.5,True,False,-4.307677348454802e-06,True,2628,456
1,2,0.0,0.0,dirichlet,8,uniform,0.5,fixed,stage1,,,8,0.01476136786795669,0.00020481646060943604,0.0009086849362725108,0.0004543424681362554,0.5,True,False,5.116065343221119e-07,True,2874,513
1,2,0.0,0.0,dirichlet,8,uniform,0.5,adaptive,stage1,,,0,0.014329070943619222,0.002669221411148707,1.1790460408095513,0.5895230204047757,0.5,True,False,,True,126,57
1,2,0.0,0.0,dirichlet,8,uniform,0.5,adaptive,stage1,,,1,0.01458565181540329,0.0018754477302233379,0.5736859825708213,0.28684299128541063,0.5,True,False,-0.000793773680925369,True,333,114
1,2,0.0,0.0,dirichlet,8,uniform,0.5,adaptive,stage1,,,2,0.014428033320006861,0.0003065963586171468,0.25810679141212356,0.12905339570606184,0.5,True,False,-0.0015688513716061911,True,774,171
1,2,0.0,0.0,dirichlet,8,uniform,0.5,adaptive,stage1,,,3,0.01468457944957735,0.00024296964208285013,0.127953803006325,0.06397690150316244,0.5,True,False,-6.362671653429666e-05,True,1224,228
1,2,0.0,0.0,dirichlet,8,uniform,0.5,adaptive,stage1,,,4,0.014041319598386476,0.0005772225558757782,0.06980817041622171,0.034904085208110856,0.5,True,False,0.0003342529137929281,True,1620,285
1,2,0.0,0.0,dirichlet,8,uniform,0.5,adaptive,stage1,,,5,0.014727022184771232,0.0002222756544748942,0.02871622699989189,0.014358113499945944,0.5,True,False,-0.00035494690140088403,True,1944,342
1,2,0.0,0.0,dirichlet,8,uniform,0.5,adaptive,stage1,,,6,0.014548705155584183,0.0012788685659567516,0.03324178751047241,0.008310446877618102,0.25,True,False,0.0010565929114818573,True,2154,399
1,2,0.0,0.0,dirichlet,8,uniform,0.5,adaptive,stage1,,,7,0.014543223532026962,0.001251200834910075,0.024418612834647246,0.006104653208661881,0.25,True,False,-2.7667731046676636e-05,True,2310,456
1,2,0.0,0.0,dirichlet,8,uniform,0.5,adaptive,stage1,,,8,0.014774800317878659,0.00019564107060432434,0.004886370058737155,0.0012215925146842055,0.25,True,False,-0.0010555597643057506,True,2523,513
1,2,0.0,0.0,dirichlet,8,uniform,0.5,adaptive,stage1,,,9,0.014789878958472918,0.00019030397137006125,0.003767668974816875,0.0009419172437043002,0.25,True,False,-5.337099234263093e-06,True,2811,570
1,2,0.0,0.0,dirichlet,8,uniform,0.5,adaptive,stage1,,,10,0.014772713626813427,0.0001972268025080363,0.0026922824070743645,0.0006730706017685911,0.25,True,False,6.922831137975039e-06,True,3048,627
1,2,0.0,0.0,dirichlet,8,uniform,0.5,adaptive,stage1,,,11,0.01479076243386375,0.0001899227499961853,0.002160029065559288,0.0005400072663898636,0.25,True,False,-7.304052511850984e-06,True,3261,684
1,2,0.0,0.0,dirichlet,8,uniform,0.5,adaptive,stage1,,,12,0.014772490907751568,0.00019731869300206503,0.0014774324987733706,0.00036935812469338775,0.25,True,False,7.395943005879729e-06,True,3498,741
1,2,0.0,0.0,dirichlet,8,uniform,0.5,adaptive,stage1,,,13,0.014765140279486527,0.0002028234302997589,0.0010201752243127749,0.0002550438060782423,0.25,True,False,5.504737297693879e-06,True,3831,798
1,2,0.0,0.0,dirichlet,8,uniform,0.5,adaptive,stage1,,,14,0.014769484400437238,0.00020098934570948282,0.0007868045859755479,0.00019670114649388004,0.25,True,False,-1.8340845902760914e-06,True,4110,855
1,2,0.0,0.0,dirichlet,9,uniform,0.5,fixed,stage1,,,0,0.013984881365050723,0.0007720055679480234,1.0651002284123217,0.5325501142061608,0.5,True,False,,True,192,57
1,2,0.0,0.0,dirichlet,9,uniform,0.5,fixed,stage1,,,1,0.014804708294527152,0.00018168240785598755,0.5209417813586221,0.26047089067931106,0.5,True,False,-0.0005903231600920359,True,474,114
1,2,0.0,0.0,dirichlet,9,uniform,0.5,fixed,stage1,,,2,0.01448182026040475,0.0014730791250864665,0.28650889326092743,0.14325444663046377,0.5,True,False,0.001291396717230479,True,597,171
1,2,0.0,0.0,dirichlet,9,uniform,0.5,fixed,stage1,,,3,0.014551924196573016,0.0013237148523330688,0.1401192184381573,0.0700596092190786,0.5,True,False,-0.0001493642727533977,True,747,228
1,2,0.0,0.0,dirichlet,9,uniform,0.5,fixed,stage1,,,4,0.014514301090750553,0.00033094361424446106,0.05004702543262115,0.025023512716310634,0.5,True,False,-0.0009927712380886078,True,1014,285
1,2,0.0,0.0,dirichlet,9,uniform,0.5,fixed,stage1,,,5,0.014572923621229666,0.00030210986733436584,0.02446286444444265,0.012231432222221353,0.5,True,False,-2.8833746910095215e-05,True,1245,342
1,2,0.0,0.0,dirichlet,9,uniform,0.5,fixed,stage1,,,6,0.01476591401577853,0.00020156428217887878,0.01028514752777785,0.005142573763888922,0.5,True,False,-0.00010054558515548706,True,1479,399
1,2,0.0,0.0,dirichlet,9,uniform,0.5,fixed,stage1,,,7,0.014744426109582612,0.00021329646309216818,0.005368979086619624,0.002684489543309812,0.5,True,False,1.1732180913289397e-05,True,1827,456
1,2,0.0,0.0,dirichlet,9,uniform,0.5,fixed,stage1,,,8,0.014755314976872318,0.00020821020007133484,0.0025863132914383177,0.0012931566457191623,0.5,True,False,-5.086263020833342e-06,True,2106,513
1,2,0.0,0.0,dirichlet,9,uniform,0.5,fixed,stage1,,,9,0.014742703393225504,0.00021244088808695474,0.0013748159711739205,0.000687407985586988,0.5,True,False,4.230688015619905e-06,True,2427,570
1,2,0.0,0.0,dirichlet,9,uniform,0.5,fixed,stage1,,,10,0.014760514501338251,0.00020531068245569864,0.000549796932074062,0.00027489846603700324,0.5,True,False,-7.1302056312561035e-06,True,2748,627
1,2,0.0,0.0,dirichlet,9,uniform,0.5,adaptive,stage1,,,0,0.014541615423963252,0.0021895095705986023,0.9498987077680723,0.4749493538840362,0.5,True,False,,True,201,57
1,2,0.0,0.0,dirichlet,9,uniform,0.5,adaptive,stage1,,,1,0.014593210113405121,0.0018672843774159749,0.4686367772387291,0.23431838861936458,0.5,True,False,-0.00032222519318262743,True,393,114
1,2,0.0,0.0,dirichlet,9,uniform,0.5,adaptive,stage1,,,2,0.014464797139631655,0.000421458234389623,0.20773764399683586,0.10386882199841797,0.5,True,False,-0.001445826143026352,True,840,171
1,2,0.0,0.0,dirichlet,9,uniform,0.5,adaptive,stage1,,,3,0.014567520234949047,0.0015223994851112366,0.12385628056938959,0.061928140284694747,0.5,True,False,0.0011009412507216136,True,972,228
1,2,0.0,0.0,dirichlet,9,uniform,0.5,adaptive,stage1,,,4,0.01454847666360698,0.000314251830180486,0.040075937545745025,0.020037968772872457,0.5,True,False,-0.0012081476549307506,True,1296,285
1,2,0.0,0.0,dirichlet,9,uniform,0.5,adaptive,stage1,,,5,0.014552667907048247,0.0003120601177215576,0.01999999088061443,0.009999995440307129,0.5,True,False,-2.191712458928408e-06,True,1614,342
1,2,0.0,0.0,dirichlet,9,uniform,0.5,adaptive,stage1,,,6,0.01454636978131382,0.0012588376800219219,0.02696153044233667,0.006740382610584267,0.25,True,False,0.0009467775623003642,True,1764,399
1,2,0.0,0.0,dirichlet,9,uniform,0.5,adaptive,stage1,,,7,0.01478086032735157,0.0001927266518274943,0.004011119746826185,0.0010027799367064646,0.25,True,False,-0.0010661110281944275,True,2001,456
1,2,0.0,0.0,dirichlet,9,uniform,0.5,adaptive,stage1,,,8,0.014789200840913341,0.00019005934397379556,0.0030139249851779126,0.0007534812462944643,0.25,True,False,-2.6673078536987305e-06,True,2256,513
1,2,0.0,0.0,dirichlet,9,uniform,0.5,adaptive,stage1,,,9,0.014794299676854972,0.00018792351086934408,0.0022649152972458383,0.0005662288243115168,0.25,True,False,-2.1358331044514793e-06,True,2517,570
1,2,0.0,0.0,dirichlet,9,uniform,0.5,adaptive,stage1,,,10,0.014781478004961185,0.0001932742695013682,0.0016874829351557902,0.000421870733788951,0.25,True,False,5.350758632024111e-06,True,2730,627
1,2,0.0,0.0,dirichlet,9,uniform,0.5,adaptive,stage1,,,11,0.014787561639808725,0.0001911011834939321,0.0012701627567813095,0.00031754068919535167,0.25,True,False,-2.1730860074360985e-06,True,2943,684
1,2,0.0,0.0,dirichlet,9,uniform,0.5,adaptive,stage1,,,12,0.014772278696976893,0.000197401891152064,0.0009394261755244979,0.00023485654388111232,0.25,True,False,6.300707658131899e-06,True,3180,741
1,2,0.0,0.0,reversed,0,uniform,0.5,fixed,stage1,,,0,0.014813430607833938,0.00017948076128959656,0.5409193974397937,0.27045969871989683,0.5,True,False,,True,285,57
1,2,0.0,0.0,reversed,0,uniform,0.5,fixed,stage1,,,1,0.014563295503104028,0.0014459465940793355,0.2959680708561092,0.14798403542805455,0.5,True,False,0.001266465832789739,True,426,114
1,2,0.0,0.0,reversed,0,uniform,0.5,fixed,stage1,,,2,0.014702361680618559,0.00023546318213144937,0.1235560051261679,0.06177800256308395,0.5,True,False,-0.001210483411947886,True,801,171
1,2,0.0,0.0,reversed,0,uniform,0.5,fixed,stage1,,,3,0.014547984077546075,0.0012727032105127971,0.08257978357781831,0.041289891788909155,0.5,True,False,0.0010372400283813477,True,1014,228
1,2,0.0,0.0,reversed,0,uniform,0.5,fixed,stage1,,,4,0.014461359496102819,0.00035764649510383606,0.022860584948275156,0.01143029247413755,0.5,True,False,-0.000915056715408961,True,1308,285
1,2,0.0,0.0,reversed,0,uniform,0.5,fixed,stage1,,,5,0.014548269399371871,0.000313899169365565,0.010578524639536242,0.00528926231976818,0.5,True,False,-4.374732573827106e-05,True,1518,342
1,2,0.0,0.0,reversed,0,uniform,0.5,fixed,stage1,,,6,0.01476203032722543,0.00020449856917063394,0.0046660623778119956,0.0023330311889059735,0.5,True,False,-0.00010940060019493106,True,1782,399
1,2,0.0,0.0,reversed,0,uniform,0.5,fixed,stage1,,,7,0.014745176702046503,0.0002132082978884379,0.002351290834353467,0.0011756454171768169,0.5,True,False,8.709728717803955e-06,True,2061,456
1,2,0.0,0.0,reversed,0,uniform,0.5,fixed,stage1,,,8,0.014739177657018487,0.00021572038531303406,0.0011809139649870265,0.0005904569824935132,0.5,True,False,2.5120874245961598e-06,True,2355,513
1,2,0.0,0.0,reversed,0,uniform,0.5,fixed,stage1,,,9,0.014751457068186799,0.0002098617454369863,0.0005781712023919874,0.000289085601196018,0.5,True,False,-5.858639876047761e-06,True,2706,570
1,2,0.0,0.0,reversed,0,uniform,0.5,adaptive,stage1,,,0,0.014813430607833938,0.00017948076128959656,0.5409193974397937,0.27045969871989683,0.5,True,False,,True,285,57
1,2,0.0,0.0,reversed,0,uniform,0.5,adaptive,stage1,,,1,0.014563295503104028,0.0014459465940793355,0.2959680708561092,0.14798403542805455,0.5,True,False,0.001266465832789739,True,426,114
1,2,0.0,0.0,reversed,0,uniform,0.5,adaptive,stage1,,,2,0.014702361680618559,0.00023546318213144937,0.1235560051261679,0.06177800256308395,0.5,True,False,-0.001210483411947886,True,801,171
1,2,0.0,0.0,reversed,0,uniform,0.5,adaptive,stage1,,,3,0.014547984077546075,0.0012727032105127971,0.08257978357781831,0.041289891788909155,0.5,True,False,0.0010372400283813477,True,1014,228
1,2,0.0,0.0,reversed,0,uniform,0.5,adaptive,stage1,,,4,0.014461359496102819,0.00035764649510383606,0.022860584948275156,0.01143029247413755,0.5,True,False,-0.000915056715408961,True,1308,285
1,2,0.0,0.0,reversed,0,uniform,0.5,adaptive,stage1,,,5,0.014548269399371871,0.000313899169365565,0.010578524639536242,0.00528926231976818,0.5,True,False,-4.374732573827106e-05,True,1518,342
1,2,0.0,0.0,reversed,0,uniform,0.5,adaptive,stage1,,,6,0.01476203032722543,0.00020449856917063394,0.0046660623778119956,0.0023330311889059735,0.5,True,False,-0.00010940060019493106,True,1782,399
1,2,0.0,0.0,reversed,0,uniform,0.5,adaptive,stage1,,,7,0.014745176702046503,0.0002132082978884379,0.002351290834353467,0.0011756454171768169,0.5,True,False,8.709728717803955e-06,True,2061,456
1,2,0.0,0.0,reversed,0,uniform,0.5,adaptive,stage1,,,8,0.014739177657018487,0.00021572038531303406,0.0011809139649870265,0.0005904569824935132,0.5,True,False,2.5120874245961598e-06,True,2355,513
1,2,0.0,0.0,reversed,0,uniform,0.5,adaptive,stage1,,,9,0.014751457068186799,0.0002098617454369863,0.0005781712023919874,0.000289085601196018,0.5,True,False,-5.858639876047761e-06,True,2706,570
2,2,0.0,0.0,stage0,0,uniform,0.5,fixed,stage1,,,0,0.00018347177996957953,0.008319194739063581,0.6241742593475523,0.31208712967377616,0.5,True,False,,True,216,795
2,2,0.0,0.0,stage0,0,uniform,0.5,fixed,stage1,,,1,0.00018353634036660793,0.00831918977200985,0.31208709095428216,0.15604354547714117,0.5,True,False,-4.967053731860793e-09,True,420,1590
2,2,0.0,0.0,stage0,0,uniform,0.5,fixed,stage1,,,2,0.0001835613919567436,0.008319184804956118,0.1560435067576511,0.07802175337882564,0.5,True,False,-4.967053731860793e-09,True,660,2385
2,2,0.0,0.0,stage0,0,uniform,0.5,fixed,stage1,,,3,0.00018349165066489093,0.008319187288482984,0.07802177273856982,0.03901088636928494,0.5,True,False,2.4835268667977584e-09,True,882,3180
2,2,0.0,0.0,stage0,0,uniform,0.5,fixed,stage1,,,4,0.0001872457047333853,0.008319491520524025,0.03901325794608635,0.019506628973043207,0.5,True,False,3.042320410404781e-07,True,1074,3975
2,2,0.0,0.0,stage0,0,uniform,0.5,fixed,stage1,,,5,0.00018353634036660793,0.00831918977200985,0.019504276755987208,0.009752138377993658,0.5,True,False,-3.0174851417541504e-07,True,1338,4770
2,2,0.0,0.0,stage0,0,uniform,0.5,fixed,stage1,,,6,0.00018359115920674185,0.008319209640224775,0.009752293255995952,0.004876146627998033,0.5,True,False,1.986821492570845e-08,True,1596,5565
2,2,0.0,0.0,stage0,0,uniform,0.5,fixed,stage1,,,7,0.00018359115920674185,0.008319209640224775,0.004876146627997919,0.0024380733139990132,0.5,True,False,0.0,True,1854,6360
2,2,0.0,0.0,stage0,0,uniform,0.5,fixed,stage1,,,8,0.00018349165066489093,0.008319187288482984,0.0024378990762509677,0.0012189495381254856,0.5,True,False,-2.2351741790771484e-08,True,2073,7155
2,2,0.0,0.0,stage0,0,uniform,0.5,fixed,stage1,,,9,0.00018353634036660793,0.00831918977200985,0.001218968897871018,0.0006094844489355072,0.5,True,False,2.483526865063035e-09,True,2292,7950
2,2,0.0,0.0,stage0,0,uniform,0.5,fixed,stage1,,,10,0.00040318899335112235,0.008254878843824068,0.00011158642905498284,5.5793214527519175e-05,0.5,True,False,-6.431092818578142e-05,True,2604,8745
2,2,0.0,0.0,stage0,0,uniform,0.5,adaptive,stage1,,,0,0.00018347177996957953,0.008319194739063581,0.6241742593475523,0.31208712967377616,0.5,True,False,,True,216,795
2,2,0.0,0.0,stage0,0,uniform,0.5,adaptive,stage1,,,1,0.00018353634036660793,0.00831918977200985,0.31208709095428216,0.15604354547714117,0.5,True,False,-4.967053731860793e-09,True,420,1590
2,2,0.0,0.0,stage0,0,uniform,0.5,adaptive,stage1,,,2,0.0001835613919567436,0.008319184804956118,0.1560435067576511,0.07802175337882564,0.5,True,False,-4.967053731860793e-09,True,660,2385
2,2,0.0,0.0,stage0,0,uniform,0.5,adaptive,stage1,,,3,0.00018349165066489093,0.008319187288482984,0.07802177273856982,0.03901088636928494,0.5,True,False,2.4835268667977584e-09,True,882,3180
2,2,0.0,0.0,stage0,0,uniform,0.5,adaptive,stage1,,,4,0.0001872457047333853,0.008319491520524025,0.03901325794608635,0.019506628973043207,0.5,True,False,3.042320410404781e-07,True,1074,3975
2,2,0.0,0.0,stage0,0,uniform,0.5,adaptive,stage1,,,5,0.00018353634036660793,0.00831918977200985,0.019504276755987208,0.009752138377993658,0.5,True,False,-3.0174851417541504e-07,True,1338,4770
2,2,0.0,0.0,stage0,0,uniform,0.5,adaptive,stage1,,,6,0.00018359115920674185,0.008319209640224775,0.009752293255995952,0.004876146627998033,0.5,True,False,1.986821492570845e-08,True,1596,5565
2,2,0.0,0.0,stage0,0,uniform,0.5,adaptive,stage1,,,7,0.00018359115920674185,0.008319209640224775,0.004876146627997919,0.0024380733139990132,0.5,True,False,0.0,True,1854,6360
2,2,0.0,0.0,stage0,0,uniform,0.5,adaptive,stage1,,,8,0.00018349165066489093,0.008319187288482984,0.0024378990762509677,0.0012189495381254856,0.5,True,False,-2.2351741790771484e-08,True,2073,7155
2,2,0.0,0.0,stage0,0,uniform,0.5,adaptive,stage1,,,9,0.00018353634036660793,0.00831918977200985,0.001218968897871018,0.0006094844489355072,0.5,True,False,2.483526865063035e-09,True,2292,7950
2,2,0.0,0.0,stage0,0,uniform,0.5,adaptive,stage1,,,10,0.00040318899335112235,0.008254878843824068,0.00011158642905498284,5.5793214527519175e-05,0.5,True,False,-6.431092818578142e-05,True,2604,8745
2,2,0.0,0.0,uniform,0,uniform,0.5,fixed,stage1,,,0,0.00018353634036660793,0.00831918977200985,0.6990789929081749,0.34953949645408755,0.5,True,False,,True,240,795
2,2,0.0,0.0,uniform,0,uniform,0.5,fixed,stage1,,,1,0.00018348670235557307,0.008319184804956118,0.34953945773459755,0.17476972886729886,0.5,True,False,-4.967053731860793e-09,True,489,1590
2,2,0.0,0.0,uniform,0,uniform,0.5,fixed,stage1,,,2,0.0001835413661410712,0.008319209640224775,0.17476992246479098,0.08738496123239552,0.5,True,False,2.4835268657569243e-08,True,762,2385
2,2,0.0,0.0,uniform,0,uniform,0.5,fixed,stage1,,,3,0.00018353634036660793,0.00831918977200985,0.08738480635439305,0.04369240317719658,0.5,True,False,-1.986821492570845e-08,True,963,3180
2,2,0.0,0.0,uniform,0,uniform,0.5,fixed,stage1,,,4,0.00018353634036660793,0.00831918977200985,0.04369240317719647,0.02184620158859829,0.5,True,False,0.0,True,1215,3975
2,2,0.0,0.0,uniform,0,uniform,0.5,fixed,stage1,,,5,0.00018353634036660793,0.00831918977200985,0.021846201588598183,0.010923100794299118,0.5,True,False,0.0,True,1449,4770
2,2,0.0,0.0,uniform,0,uniform,0.5,fixed,stage1,,,6,0.00018359115920674185,0.008319209640224775,0.010923255672301468,0.005461627836150652,0.5,True,False,1.986821492570845e-08,True,1707,5565
2,2,0.0,0.0,uniform,0,uniform,0.5,fixed,stage1,,,7,0.00040937873810165115,0.00825568102300167,0.004966755877202134,0.002483377938601039,0.5,True,False,-6.352861722310442e-05,True,2058,6360
2,2,0.0,0.0,uniform,0,uniform,0.5,fixed,stage1,,,8,0.00018353634036660793,0.00831918977200985,0.002978095019547374,0.0014890475097737443,0.5,True,False,6.350874900817871e-05,True,2262,7155
2,2,0.0,0.0,uniform,0,uniform,0.5,fixed,stage1,,,9,0.00042477899088133597,0.008259089663624763,0.0010208650940427624,0.000510432547021409,0.5,True,False,-6.010010838508606e-05,True,2676,7950
2,2,0.0,0.0,uniform,0,uniform,0.5,fixed,stage1,,,10,0.0001834965989777615,0.00831918977200985,0.0009786149627522209,0.0004893074813761104,0.5,True,False,6.010010838508606e-05,True,2910,8745
2,2,0.0,0.0,uniform,0,uniform,0.5,adaptive,stage1,,,0,0.00018353634036660793,0.00831918977200985,0.6990789929081749,0.34953949645408755,0.5,True,False,,True,240,795
2,2,0.0,0.0,uniform,0,uniform,0.5,adaptive,stage1,,,1,0.00018348670235557307,0.008319184804956118,0.34953945773459755,0.17476972886729886,0.5,True,False,-4.967053731860793e-09,True,489,1590
2,2,0.0,0.0,uniform,0,uniform,0.5,adaptive,stage1,,,2,0.0001835413661410712,0.008319209640224775,0.17476992246479098,0.08738496123239552,0.5,True,False,2.4835268657569243e-08,True,762,2385
2,2,0.0,0.0,uniform,0,uniform,0.5,adaptive,stage1,,,3,0.00018353634036660793,0.00831918977200985,0.08738480635439305,0.04369240317719658,0.5,True,False,-1.986821492570845e-08,True,963,3180
2,2,0.0,0.0,uniform,0,uniform,0.5,adaptive,stage1,,,4,0.00018353634036660793,0.00831918977200985,0.04369240317719647,0.02184620158859829,0.5,True,False,0.0,True,1215,3975
2,2,0.0,0.0,uniform,0,uniform,0.5,adaptive,stage1,,,5,0.00018353634036660793,0.00831918977200985,0.021846201588598183,0.010923100794299118,0.5,True,False,0.0,True,1449,4770
2,2,0.0,0.0,uniform,0,uniform,0.5,adaptive,stage1,,,6,0.00018359115920674185,0.008319209640224775,0.010923255672301468,0.005461627836150652,0.5,True,False,1.986821492570845e-08,True,1707,5565
2,2,0.0,0.0,uniform,0,uniform,0.5,adaptive,stage1,,,7,0.00040937873810165115,0.00825568102300167,0.004966755877202134,0.002483377938601039,0.5,True,False,-6.352861722310442e-05,True,2058,6360
2,2,0.0,0.0,uniform,0,uniform,0.5,adaptive,stage1,,,8,0.00018353634036660793,0.00831918977200985,0.002978095019547374,0.0014890475097737443,0.5,True,False,6.350874900817871e-05,True,2262,7155
2,2,0.0,0.0,uniform,0,uniform,0.5,adaptive,stage1,,,9,0.00042477899088133597,0.008259089663624763,0.0010208650940427624,0.000510432547021409,0.5,True,False,-6.010010838508606e-05,True,2676,7950
2,2,0.0,0.0,uniform,0,uniform,0.5,adaptive,stage1,,,10,0.0001834965989777615,0.00831918977200985,0.0009786149627522209,0.0004893074813761104,0.5,True,False,6.010010838508606e-05,True,2910,8745
2,2,0.0,0.0,dirichlet,0,uniform,0.5,fixed,stage1,,,0,0.036317481038942834,0.0209579486399889,1.3595103857843425,0.6797551928921712,0.5,True,False,,True,219,795
2,2,0.0,0.0,dirichlet,0,uniform,0.5,fixed,stage1,,,1,0.00018347177996957953,0.008319194739063581,0.6324181891396986,0.3162090945698493,0.5,True,False,-0.012638753900925318,True,426,1590
2,2,0.0,0.0,dirichlet,0,uniform,0.5,fixed,stage1,,,2,0.00018349165066489093,0.008319187288482984,0.31620904422388774,0.15810452211194387,0.5,True,False,-7.450580596923828e-09,True,660,2385
2,2,0.0,0.0,dirichlet,0,uniform,0.5,fixed,stage1,,,3,0.00018353634036660793,0.00831918977200985,0.15810453889393017,0.07905226944696508,0.5,True,False,2.483526865063035e-09,True,879,3180
2,2,0.0,0.0,dirichlet,0,uniform,0.5,fixed,stage1,,,4,0.00018351152136020232,0.008319204673171043,0.07905237013890229,0.03952618506945117,0.5,True,False,1.4901161193847656e-08,True,1092,3975
2,2,0.0,0.0,dirichlet,0,uniform,0.5,fixed,stage1,,,5,0.00018391458374455993,0.008319261794288954,0.03952657105551981,0.01976328552775996,0.5,True,False,5.712111791032759e-08,True,1305,4770
2,2,0.0,0.0,dirichlet,0,uniform,0.5,fixed,stage1,,,6,0.00018360600405209482,0.008319227024912834,0.019763050579659516,0.009881525289829655,0.5,True,False,-3.4769376119556106e-08,True,1494,5565
2,2,0.0,0.0,dirichlet,0,uniform,0.5,fixed,stage1,,,7,0.0003505895874953424,0.008276155218482018,0.009590614771802085,0.004795307385901046,0.5,True,False,-4.307180643081665e-05,True,1791,6360
2,2,0.0,0.0,dirichlet,0,uniform,0.5,fixed,stage1,,,8,0.0001834965989777615,0.00831918977200985,0.005085966174023241,0.0025429830870116743,0.5,True,False,4.303455352783203e-05,True,2001,7155
2,2,0.0,0.0,dirichlet,0,uniform,0.5,fixed,stage1,,,9,0.0001834965989777615,0.00831918977200985,0.0025429830870115668,0.0012714915435058094,0.5,True,False,0.0,True,2202,7950
2,2,0.0,0.0,dirichlet,0,uniform,0.5,fixed,stage1,,,10,0.0001834965989777615,0.00831918977200985,0.0012714915435057574,0.0006357457717529325,0.5,True,False,0.0,True,2415,8745
2,2,0.0,0.0,dirichlet,0,uniform,0.5,fixed,stage1,,,11,0.00018353634036660793,0.00831918977200985,0.0006357457717528249,0.0003178728858764662,0.5,True,False,0.0,True,2619,9540
2,2,0.0,0.0,dirichlet,0,uniform,0.5,adaptive,stage1,,,0,0.00018353634036660793,0.00831918977200985,0.37747465960860116,0.18873732980430055,0.5,True,False,,True,234,795
2,2,0.0,0.0,dirichlet,0,uniform,0.5,adaptive,stage1,,,1,0.00018349165066489093,0.008319187288482984,0.18873731044455505,0.09436865522227747,0.5,True,False,-2.483526865063035e-09,True,450,1590
2,2,0.0,0.0,dirichlet,0,uniform,0.5,adaptive,stage1,,,2,0.00018353634036660793,0.00831918977200985,0.09436867458202311,0.04718433729101158,0.5,True,False,2.483526865063035e-09,True,678,2385
2,2,0.0,0.0,dirichlet,0,uniform,0.5,adaptive,stage1,,,3,0.0001835413661410712,0.008319209640224775,0.047184492169013936,0.02359224608450699,0.5,True,False,1.986821492570845e-08,True,927,3180
2,2,0.0,0.0,dirichlet,0,uniform,0.5,adaptive,stage1,,,4,0.0001871811449625227,0.008319481586416563,0.023594365984063764,0.011797182992031911,0.5,True,False,2.7194619178771973e-07,True,1119,3975
2,2,0.0,0.0,dirichlet,0,uniform,0.5,adaptive,stage1,,,5,0.00030327586549105945,0.008280128861467043,0.011490550694711658,0.005745275347355916,0.5,True,False,-3.9352724949519996e-05,True,1410,4770
2,2,0.0,0.0,dirichlet,0,uniform,0.5,adaptive,stage1,,,6,0.0001835413661410712,0.008319209640224775,0.006049787745119117,0.0030248938725594768,0.5,True,False,3.9080778757732276e-05,True,1683,5565
2,2,0.0,0.0,dirichlet,0,uniform,0.5,adaptive,stage1,,,7,0.00018349165066489093,0.008319187288482984,0.003024719634811702,0.0015123598174058214,0.5,True,False,-2.2351741790771484e-08,True,1935,6360
2,2,0.0,0.0,dirichlet,0,uniform,0.5,adaptive,stage1,,,8,0.00018353634036660793,0.00831918977200985,0.0015123791771514163,0.0007561895885757064,0.5,True,False,2.483526865063035e-09,True,2151,7155
2,2,0.0,0.0,dirichlet,0,uniform,0.5,adaptive,stage1,,,9,0.00018356123683815895,0.008319214607278505,0.0007563831860896118,0.0003781915930448909,0.5,True,False,2.483526865583452e-08,True,2367,7950
2,2,0.0,0.0,dirichlet,1,uniform,0.5,fixed,stage1,,,0,0.0005203042160992766,0.008309136455257734,0.8238845285625851,0.4119422642812925,0.5,True,False,,True,222,795
2,2,0.0,0.0,dirichlet,1,uniform,0.5,fixed,stage1,,,1,0.001263863018061251,0.008733442053198814,0.414304326993499,0.2071521634967495,0.5,True,False,0.00042430559794108015,True,351,1590
2,2,0.0,0.0,dirichlet,1,uniform,0.5,fixed,stage1,,,2,0.00024110400182308922,0.00833171047270298,0.20577336372982374,0.1028866818649119,0.5,True,False,-0.00040173158049583435,True,534,2385
2,2,0.0,0.0,dirichlet,1,uniform,0.5,fixed,stage1,,,3,0.00018349165066489093,0.008319187288482984,0.10287368169901333,0.051436840849506636,0.5,True,False,-1.2523184219995556e-05,True,774,3180
2,2,0.0,0.0,dirichlet,1,uniform,0.5,fixed,stage1,,,4,0.000187091767546832,0.00831944557527701,0.05143710893723047,0.025718554468615318,0.5,True,False,2.582867940255362e-07,True,966,3975
2,2,0.0,0.0,dirichlet,1,uniform,0.5,fixed,stage1,,,5,0.0001835413661410712,0.008319209640224775,0.025718309580729497,0.012859154790364778,0.5,True,False,-2.3593505223476474e-07,True,1197,4770
2,2,0.0,0.0,dirichlet,1,uniform,0.5,fixed,stage1,,,6,0.00018356123683815895,0.008319214607278505,0.012859159945886049,0.006429579972943078,0.5,True,False,4.96705373012607e-09,True,1440,5565
2,2,0.0,0.0,dirichlet,1,uniform,0.5,fixed,stage1,,,7,0.00030139241768711855,0.008279725288351377,0.006388610329014461,0.0031943051645072565,0.5,True,False,-3.948931892712795e-05,True,1728,6360
2,2,0.0,0.0,dirichlet,1,uniform,0.5,fixed,stage1,,,8,0.00018359115920674185,0.008319209640224775,0.0033382502768942064,0.0016691251384470737,0.5,True,False,3.948435187339783e-05,True,1986,7155
2,2,0.0,0.0,dirichlet,1,uniform,0.5,fixed,stage1,,,9,0.00018353634036660793,0.00831918977200985,0.0016689702604447305,0.000834485130222419,0.5,True,False,-1.986821492570845e-08,True,2199,7950
2,2,0.0,0.0,dirichlet,1,uniform,0.5,fixed,stage1,,,10,0.0001902157069011423,0.008319527531663576,0.000837118065597317,0.000418559032798603,0.5,True,False,3.377596537266353e-07,True,2388,8745
2,2,0.0,0.0,dirichlet,1,uniform,0.5,adaptive,stage1,,,0,0.0001835164696721847,0.008319199706117312,0.5290374979070473,0.2645187489535237,0.5,True,False,,True,213,795
2,2,0.0,0.0,dirichlet,1,uniform,0.5,adaptive,stage1,,,1,0.00018351152136020232,0.008319204673171043,0.2645187437980038,0.13225937189900192,0.5,True,False,4.967053731860793e-09,True,426,1590
2,2,0.0,0.0,dirichlet,1,uniform,0.5,adaptive,stage1,,,2,0.00018352149544398344,0.008319202189644178,0.13225937447676195,0.06612968723838095,0.5,True,False,-2.483526865063035e-09,True,666,2385
2,2,0.0,0.0,dirichlet,1,uniform,0.5,adaptive,stage1,,,3,0.00018353634036660793,0.00831918977200985,0.06612970012717924,0.03306485006358962,0.5,True,False,-1.2417634328784621e-08,True,891,3180
2,2,0.0,0.0,dirichlet,1,uniform,0.5,adaptive,stage1,,,4,0.00018353634036660793,0.00831918977200985,0.03306485006358961,0.016532425031794723,0.5,True,False,0.0,True,1155,3975
2,2,0.0,0.0,dirichlet,1,uniform,0.5,adaptive,stage1,,,5,0.00041029228041367105,0.00825610322256883,0.01659785924280691,0.00829892962140348,0.5,True,False,-6.308654944101912e-05,True,1476,4770
2,2,0.0,0.0,dirichlet,1,uniform,0.5,adaptive,stage1,,,6,0.0001835413661410712,0.008319209640224775,0.008233474788312569,0.0041167373941562585,0.5,True,False,6.310641765594482e-05,True,1707,5565
2,2,0.0,0.0,dirichlet,1,uniform,0.5,adaptive,stage1,,,7,0.00018349165066489093,0.008319187288482984,0.004116760593994431,0.0020583802969971303,0.5,True,False,-2.2351741790771484e-08,True,1956,6360
2,2,0.0,0.0,dirichlet,1,uniform,0.5,adaptive,stage1,,,8,0.0004363582498250196,0.008265510822335878,0.002114060079300397,0.001057030039650169,0.5,True,False,-5.3676466147106056e-05,True,2346,7155
2,2,0.0,0.0,dirichlet,1,uniform,0.5,adaptive,stage1,,,9,0.0001835413661410712,0.008319209640224775,0.0010013270575090112,0.0005006635287545316,0.5,True,False,5.369881788889683e-05,True,2577,7950
2,2,0.0,0.0,dirichlet,1,uniform,0.5,adaptive,stage1,,,10,0.00018353634036660793,0.00831918977200985,0.0005006841508333228,0.00025034207541665965,0.5,True,False,-1.986821492570845e-08,True,2811,8745
2,2,0.0,0.0,dirichlet,2,uniform,0.5,fixed,stage1,,,0,0.0005125499827478563,0.008422035103042921,0.8690811557752564,0.4345405778876282,0.5,True,False,,True,129,795
2,2,0.0,0.0,dirichlet,2,uniform,0.5,fixed,stage1,,,1,0.0004326078527130406,0.008263086900115013,0.4333008877493653,0.2166504438746827,0.5,True,False,-0.00015894820292790789,True,435,1590
2,2,0.0,0.0,dirichlet,2,uniform,0.5,fixed,stage1,,,2,0.00018353634036660793,0.00831918977200985,0.2170875071149684,0.10854375355748412,0.5,True,False,5.6102871894836426e-05,True,684,2385
2,2,0.0,0.0,dirichlet,2,uniform,0.5,fixed,stage1,,,3,0.00018349165066489093,0.008319187288482984,0.10854373419773874,0.054271867098869345,0.5,True,False,-2.483526865063035e-09,True,915,3180
2,2,0.0,0.0,dirichlet,2,uniform,0.5,fixed,stage1,,,4,0.00018353634036660793,0.00831918977200985,0.05427188645861494,0.02713594322930747,0.5,True,False,2.483526865063035e-09,True,1158,3975
2,2,0.0,0.0,dirichlet,2,uniform,0.5,fixed,stage1,,,5,0.0004074604218882172,0.008259217565258345,0.026668756506918752,0.013334378253459352,0.5,True,False,-5.9972206751504956e-05,True,1497,4770
2,2,0.0,0.0,dirichlet,2,uniform,0.5,fixed,stage1,,,6,0.00018349165066489093,0.008319187288482984,0.01380154561610258,0.006900772808051264,0.5,True,False,5.996972322463989e-05,True,1692,5565
2,2,0.0,0.0,dirichlet,2,uniform,0.5,fixed,stage1,,,7,0.00018353634036660793,0.00831918977200985,0.006900792167796852,0.00345039608389848,0.5,True,False,2.483526865063035e-09,True,1926,6360
2,2,0.0,0.0,dirichlet,2,uniform,0.5,fixed,stage1,,,8,0.00018353634036660793,0.00831918977200985,0.0034503960838983723,0.001725198041949129,0.5,True,False,0.0,True,2151,7155
2,2,0.0,0.0,dirichlet,2,uniform,0.5,fixed,stage1,,,9,0.00018353634036660793,0.00831918977200985,0.0017251980419492434,0.0008625990209746789,0.5,True,False,0.0,True,2391,7950
2,2,0.0,0.0,dirichlet,2,uniform,0.5,fixed,stage1,,,10,0.00020333918446624466,0.00832213026781877,0.0008855217118681966,0.00044276085593412604,0.5,True,False,2.940495808919849e-06,True,2577,8745
2,2,0.0,0.0,dirichlet,2,uniform,0.5,adaptive,stage1,,,0,0.00018353634036660793,0.00831918977200985,0.6324238063818012,0.3162119031909006,0.5,True,False,,True,258,795
2,2,0.0,0.0,dirichlet,2,uniform,0.5,adaptive,stage1,,,1,0.00018353634036660793,0.00831918977200985,0.3162119031909006,0.15810595159545038,0.5,True,False,0.0,True,522,1590
2,2,0.0,0.0,dirichlet,2,uniform,0.5,adaptive,stage1,,,2,0.00018353634036660793,0.00831918977200985,0.1581059515954502,0.07905297579772516,0.5,True,False,0.0,True,762,2385
2,2,0.0,0.0,dirichlet,2,uniform,0.5,adaptive,stage1,,,3,0.00018356123683815895,0.008319214607278505,0.07905316939523895,0.039526584697619556,0.5,True,False,2.483526865583452e-08,True,1005,3180
2,2,0.0,0.0,dirichlet,2,uniform,0.5,adaptive,stage1,,,4,0.00037212122806096204,0.008262868349750837,0.03908762633589698,0.019543813167948516,0.5,True,False,-5.6346257527668114e-05,True,1326,3975
2,2,0.0,0.0,dirichlet,2,uniform,0.5,adaptive,stage1,,,5,0.00018353634036660793,0.00831918977200985,0.019982577932156975,0.009991288966078489,0.5,True,False,5.632142225901228e-05,True,1560,4770
2,2,0.0,0.0,dirichlet,2,uniform,0.5,adaptive,stage1,,,6,0.00018349165066489093,0.008319187288482984,0.00999126960633295,0.004995634803166497,0.5,True,False,-2.483526865063035e-09,True,1788,5565
2,2,0.0,0.0,dirichlet,2,uniform,0.5,adaptive,stage1,,,7,0.00018353634036660793,0.00831918977200985,0.004995654162911988,0.0024978270814560236,0.5,True,False,2.483526865063035e-09,True,2055,6360
2,2,0.0,0.0,dirichlet,2,uniform,0.5,adaptive,stage1,,,8,0.00018359115920674185,0.008319209640224775,0.0024979819594583667,0.0012489909797292684,0.5,True,False,1.986821492570845e-08,True,2313,7155
2,2,0.0,0.0,dirichlet,2,uniform,0.5,adaptive,stage1,,,9,0.0001835413661410712,0.008319209640224775,0.0012489909797290984,0.0006244954898645717,0.5,True,False,0.0,True,2559,7950
2,2,0.0,0.0,dirichlet,2,uniform,0.5,adaptive,stage1,,,10,0.00018349165066489093,0.008319187288482984,0.0006243212521165886,0.0003121606260582388,0.5,True,False,-2.2351741790771484e-08,True,2760,8745
2,2,0.0,0.0,dirichlet,3,uniform,0.5,fixed,stage1,,,0,0.00017833420160773272,0.008320908372600874,1.0050090147474404,0.5025045073737202,0.5,True,False,,True,171,795
2,2,0.0,0.0,dirichlet,3,uniform,0.5,fixed,stage1,,,1,0.00018353634036660793,0.00831918977200985,0.5024911101727347,0.2512455550863674,0.5,True,False,-1.7186005910243413e-06,True,399,1590
2,2,0.0,0.0,dirichlet,3,uniform,0.5,fixed,stage1,,,2,0.00018349165066489093,0.008319187288482984,0.2512455357266218,0.12562276786331092,0.5,True,False,-2.483526865063035e-09,True,621,2385
2,2,0.0,0.0,dirichlet,3,uniform,0.5,fixed,stage1,,,3,0.00018353634036660793,0.00831918977200985,0.1256227872230564,0.0628113936115282,0.5,True,False,2.483526865063035e-09,True,849,3180
2,2,0.0,0.0,dirichlet,3,uniform,0.5,fixed,stage1,,,4,0.0001835413661410712,0.008319209640224775,0.0628115484895306,0.031405774244765275,0.5,True,False,1.986821492570845e-08,True,1098,3975
2,2,0.0,0.0,dirichlet,3,uniform,0.5,fixed,stage1,,,5,0.00018349165066489093,0.008319187288482984,0.03140560000701739,0.01570280000350867,0.5,True,False,-2.2351741790771484e-08,True,1323,4770
2,2,0.0,0.0,dirichlet,3,uniform,0.5,fixed,stage1,,,6,0.00027870949443009607,0.008336824054519335,0.01584031027548396,0.007920155137741927,0.5,True,False,1.7636766036350365e-05,True,1503,5565
2,2,0.0,0.0,dirichlet,3,uniform,0.5,fixed,stage1,,,7,0.00020373147265573266,0.008322306598226229,0.007806961551219883,0.0039034807756099382,0.5,True,False,-1.4517456293106079e-05,True,1689,6360
2,2,0.0,0.0,dirichlet,3,uniform,0.5,fixed,stage1,,,8,0.00018349165066489093,0.008319187288482984,0.003879164090156855,0.0019395820450784536,0.5,True,False,-3.1193097432442862e-06,True,1923,7155
2,2,0.0,0.0,dirichlet,3,uniform,0.5,fixed,stage1,,,9,0.0001835413661410712,0.008319209640224775,0.0019397562828263396,0.0009698781414131698,0.5,True,False,2.2351741790771484e-08,True,2154,7950
2,2,0.0,0.0,dirichlet,3,uniform,0.5,fixed,stage1,,,10,0.0001834965989777615,0.00831918977200985,0.0009697232634107676,0.0004848616317053023,0.5,True,False,-1.986821492570845e-08,True,2388,8745
2,2,0.0,0.0,dirichlet,3,uniform,0.5,adaptive,stage1,,,0,0.0001835164696721847,0.008319199706117312,0.5514729074373876,0.2757364537186939,0.5,True,False,,True,204,795
2,2,0.0,0.0,dirichlet,3,uniform,0.5,adaptive,stage1,,,1,0.00018353634036660793,0.00831918977200985,0.2757363865907394,0.13786819329536962,0.5,True,False,-9.934107461986863e-09,True,429,1590
2,2,0.0,0.0,dirichlet,3,uniform,0.5,adaptive,stage1,,,2,0.00018351152136020232,0.008319204673171043,0.137868293987307,0.06893414699365354,0.5,True,False,1.4901161193847656e-08,True,651,2385
2,2,0.0,0.0,dirichlet,3,uniform,0.5,adaptive,stage1,,,3,0.00018352644374797222,0.00831921212375164,0.06893419733963443,0.0344670986698173,0.5,True,False,7.450580596923828e-09,True,864,3180
2,2,0.0,0.0,dirichlet,3,uniform,0.5,adaptive,stage1,,,4,0.00018353634036660793,0.00831918977200985,0.03446694763189895,0.01723347381594942,0.5,True,False,-2.2351741790771484e-08,True,1092,3975
2,2,0.0,0.0,dirichlet,3,uniform,0.5,adaptive,stage1,,,5,0.00018349165066489093,0.008319187288482984,0.017233457033963225,0.008616728516981614,0.5,True,False,-2.483526865063035e-09,True,1317,4770
2,2,0.0,0.0,dirichlet,3,uniform,0.5,adaptive,stage1,,,6,0.0001835413661410712,0.008319209640224775,0.008616879554891498,0.004308439777445855,0.5,True,False,2.2351741790771484e-08,True,1590,5565
2,2,0.0,0.0,dirichlet,3,uniform,0.5,adaptive,stage1,,,7,0.00018349165066489093,0.008319187288482984,0.004308288739535756,0.002154144369767824,0.5,True,False,-2.2351741790771484e-08,True,1815,6360
2,2,0.0,0.0,dirichlet,3,uniform,0.5,adaptive,stage1,,,8,0.000187091767546832,0.00831944557527701,0.002155889701317467,0.0010779448506588393,0.5,True,False,2.582867940255362e-07,True,2007,7155
2,2,0.0,0.0,dirichlet,3,uniform,0.5,adaptive,stage1,,,9,0.0004160133715842562,0.00825954539080461,0.0008738297915933044,0.0004369148957965689,0.5,True,False,-5.990018447240078e-05,True,2340,7950
2,2,0.0,0.0,dirichlet,4,uniform,0.5,fixed,stage1,,,0,0.0001835164696721847,0.008319199706117312,0.5917017806662084,0.295850890333104,0.5,True,False,,True,195,795
2,2,0.0,0.0,dirichlet,4,uniform,0.5,fixed,stage1,,,1,0.00018353634036660793,0.00831918977200985,0.29585096777209696,0.14792548388604843,0.5,True,False,-9.934107461986863e-09,True,438,1590
2,2,0.0,0.0,dirichlet,4,uniform,0.5,fixed,stage1,,,2,0.0001835611593747899,0.00831920343140761,0.1479253774074291,0.07396268870371456,0.5,True,False,1.3659397760448777e-08,True,651,2385
2,2,0.0,0.0,dirichlet,4,uniform,0.5,fixed,stage1,,,3,0.0003025511383327739,0.008286820724606514,0.07421502939077705,0.037107514695388526,0.5,True,False,-3.238270680109602e-05,True,951,3180
2,2,0.0,0.0,dirichlet,4,uniform,0.5,fixed,stage1,,,4,0.00018349165066489093,0.008319187288482984,0.03685529984669099,0.018427649923345495,0.5,True,False,3.236656387647051e-05,True,1179,3975
2,2,0.0,0.0,dirichlet,4,uniform,0.5,fixed,stage1,,,5,0.00018353634036660793,0.00831918977200985,0.018427630563599955,0.00921381528179998,0.5,True,False,2.483526865063035e-09,True,1377,4770
2,2,0.0,0.0,dirichlet,4,uniform,0.5,fixed,stage1,,,6,0.000187091767546832,0.00831944557527701,0.009211821222272178,0.004605910611136035,0.5,True,False,2.558032671604732e-07,True,1569,5565
2,2,0.0,0.0,dirichlet,4,uniform,0.5,fixed,stage1,,,7,0.00018353634036660793,0.00831918977200985,0.0046079046706639405,0.002303952335331913,0.5,True,False,-2.558032671604732e-07,True,1782,6360
2,2,0.0,0.0,dirichlet,4,uniform,0.5,fixed,stage1,,,8,0.000187091767546832,0.00831944557527701,0.00230195827580423,0.001150979137902148,0.5,True,False,2.558032671604732e-07,True,1974,7155
2,2,0.0,0.0,dirichlet,4,uniform,0.5,fixed,stage1,,,9,0.00018353634036660793,0.00831918977200985,0.0011529731974298796,0.0005764865987149675,0.5,True,False,-2.558032671604732e-07,True,2208,7950
2,2,0.0,0.0,dirichlet,4,uniform,0.5,fixed,stage1,,,10,0.00041776698623152697,0.008258954311410585,0.001045722706250779,0.0005228613531253617,0.5,True,False,-6.023546059926409e-05,True,2535,8745
2,2,0.0,0.0,dirichlet,4,uniform,0.5,fixed,stage1,,,11,0.00043703136058859116,0.008266176407535871,0.00046663423822776093,0.00023331711911379546,0.5,True,False,7.222096125285987e-06,True,2883,9540
2,2,0.0,0.0,dirichlet,4,uniform,0.5,adaptive,stage1,,,0,0.025424082752174115,0.015810561055938404,1.3667143976356801,0.6833571988178401,0.5,True,False,,True,237,795
2,2,0.0,0.0,dirichlet,4,uniform,0.5,adaptive,stage1,,,1,0.00032237702006021607,0.008330656215548515,0.6254105552928123,0.3127052776464061,0.5,True,False,-0.007479904840389889,True,378,1590
2,2,0.0,0.0,dirichlet,4,uniform,0.5,adaptive,stage1,,,2,0.00018353634036660793,0.00831918977200985,0.3126158822689796,0.15630794113448984,0.5,True,False,-1.1466443538665771e-05,True,597,2385
2,2,0.0,0.0,dirichlet,4,uniform,0.5,adaptive,stage1,,,3,0.0001835413661410712,0.008319209640224775,0.15630809601249213,0.07815404800624612,0.5,True,False,1.986821492570845e-08,True,846,3180
2,2,0.0,0.0,dirichlet,4,uniform,0.5,adaptive,stage1,,,4,0.00042038524088816587,0.008256699269016584,0.0776671024028221,0.03883355120141111,0.5,True,False,-6.251037120819092e-05,True,1146,3975
2,2,0.0,0.0,dirichlet,4,uniform,0.5,adaptive,stage1,,,5,0.00018351152136020232,0.008319204673171043,0.03932045808532786,0.0196602290426639,0.5,True,False,6.250540415445906e-05,True,1359,4770
2,2,0.0,0.0,dirichlet,4,uniform,0.5,adaptive,stage1,,,6,0.0001834965989777615,0.00831918977200985,0.019660112884168596,0.009830056442084352,0.5,True,False,-1.4901161193847656e-08,True,1587,5565
2,2,0.0,0.0,dirichlet,4,uniform,0.5,adaptive,stage1,,,7,0.00018453670430673697,0.008319313948353132,0.00983102443072548,0.004915512215362655,0.5,True,False,1.2417634328264204e-07,True,1785,6360
2,2,0.0,0.0,dirichlet,4,uniform,0.5,adaptive,stage1,,,8,0.00022797588285072834,0.008326846485336622,0.004974235420024852,0.0024871177100123723,0.5,True,False,7.53253698348999e-06,True,1968,7155
2,2,0.0,0.0,dirichlet,4,uniform,0.5,adaptive,stage1,,,9,0.0004103268074615585,0.008266499266028404,0.0020169313272143594,0.0010084656636072352,0.5,True,False,-6.0347219308217945e-05,True,2361,7950
2,2,0.0,0.0,dirichlet,4,uniform,0.5,adaptive,stage1,,,10,0.00018349165066489093,0.008319187288482984,0.001418941493356446,0.0007094707466782507,0.5,True,False,5.268802245458025e-05,True,2577,8745
2,2,0.0,0.0,dirichlet,4,uniform,0.5,adaptive,stage1,,,11,0.0004438311942802642,0.0082692572226127,0.00032046933414029907,0.0001602346670702276,0.5,True,False,-4.9930065870285034e-05,True,2982,9540
2,2,0.0,0.0,dirichlet,5,uniform,0.5,fixed,stage1,,,0,0.0095748212724871,0.011389939114451408,0.9427779850779625,0.4713889925389813,0.5,True,False,,True,405,795
2,2,0.0,0.0,dirichlet,5,uniform,0.5,fixed,stage1,,,1,0.00018347177996957953,0.008319194739063581,0.44990329174871707,0.22495164587435856,0.5,True,False,-0.003070744375387827,True,624,1590
2,2,0.0,0.0,dirichlet,5,uniform,0.5,fixed,stage1,,,2,0.00018353634036660793,0.00831918977200985,0.22495161231038321,0.11247580615519155,0.5,True,False,-4.967053731860793e-09,True,843,2385
2,2,0.0,0.0,dirichlet,5,uniform,0.5,fixed,stage1,,,3,0.0002083575735980503,0.008322091773152351,0.11249541654126395,0.05624770827063195,0.5,True,False,2.902001142501831e-06,True,1056,3180
2,2,0.0,0.0,dirichlet,5,uniform,0.5,fixed,stage1,,,4,0.00018351152136020232,0.008319204673171043,0.05622819857649693,0.028114099288248547,0.5,True,False,-2.8870999813079834e-06,True,1293,3975
2,2,0.0,0.0,dirichlet,5,uniform,0.5,fixed,stage1,,,5,0.00018359115920674185,0.008319209640224775,0.02811413285223475,0.01405706642611735,0.5,True,False,4.967053731860793e-09,True,1551,4770
2,2,0.0,0.0,dirichlet,5,uniform,0.5,fixed,stage1,,,6,0.00018359115920674185,0.008319209640224775,0.014057066426117402,0.007028533213058671,0.5,True,False,0.0,True,1809,5565
2,2,0.0,0.0,dirichlet,5,uniform,0.5,fixed,stage1,,,7,0.00030330861835281553,0.00828009657561779,0.006764348808535516,0.003382174404267843,0.5,True,False,-3.9113064606985035e-05,True,2112,6360
2,2,0.0,0.0,dirichlet,5,uniform,0.5,fixed,stage1,,,8,0.00018349165066489093,0.008319187288482984,0.003646207770881,0.0018231038854404705,0.5,True,False,3.909071286519426e-05,True,2346,7155
2,2,0.0,0.0,dirichlet,5,uniform,0.5,fixed,stage1,,,9,0.0001834965989777615,0.00831918977200985,0.001823120667426837,0.0009115603337135243,0.5,True,False,2.483526865063035e-09,True,2580,7950
2,2,0.0,0.0,dirichlet,5,uniform,0.5,fixed,stage1,,,10,0.00039664899566460576,0.008249051248033842,0.00043798224005687364,0.0002189911200283813,0.5,True,False,-7.013852397600752e-05,True,2913,8745
2,2,0.0,0.0,dirichlet,5,uniform,0.5,adaptive,stage1,,,0,0.017000092150020407,0.010850697134931883,1.0650741615542338,0.5325370807771168,0.5,True,False,,True,201,795
2,2,0.0,0.0,dirichlet,5,uniform,0.5,adaptive,stage1,,,1,0.0014261003201054834,0.008775955066084862,0.5158089172104516,0.2579044586052258,0.5,True,False,-0.002074742068847021,True,309,1590
2,2,0.0,0.0,dirichlet,5,uniform,0.5,adaptive,stage1,,,2,0.00018360670460371153,0.008319159969687462,0.2567432861522885,0.1283716430761442,0.5,True,False,-0.0004567950963973999,True,510,2385
2,2,0.0,0.0,dirichlet,5,uniform,0.5,adaptive,stage1,,,3,0.0001835611593747899,0.00831920343140761,0.12837168818692385,0.06418584409346198,0.5,True,False,4.346172014814409e-08,True,738,3180
2,2,0.0,0.0,dirichlet,5,uniform,0.5,adaptive,stage1,,,4,0.00018359115920674185,0.008319209640224775,0.06418585053786231,0.03209292526893124,0.5,True,False,6.2088171652596724e-09,True,996,3975
2,2,0.0,0.0,dirichlet,5,uniform,0.5,adaptive,stage1,,,5,0.00018356123683815895,0.008319214607278505,0.032092930424452396,0.01604646521222619,0.5,True,False,4.96705373012607e-09,True,1197,4770
2,2,0.0,0.0,dirichlet,5,uniform,0.5,adaptive,stage1,,,6,0.0004179538850710429,0.008256577576200167,0.015981496886265257,0.007990748443132654,0.5,True,False,-6.263703107833862e-05,True,1509,5565
2,2,0.0,0.0,dirichlet,5,uniform,0.5,adaptive,stage1,,,7,0.00018377007318903793,0.008319241926074028,0.008191884192238718,0.0040959420961193885,0.5,True,False,6.266434987386126e-05,True,1758,6360
2,2,0.0,0.0,dirichlet,5,uniform,0.5,adaptive,stage1,,,8,0.00018359115920674185,0.008319209640224775,0.004095690419218877,0.002047845209609468,0.5,True,False,-3.228584925275835e-08,True,2016,7155
2,2,0.0,0.0,dirichlet,5,uniform,0.5,adaptive,stage1,,,9,0.00018349165066489093,0.008319187288482984,0.002047670971861471,0.0010238354859307616,0.5,True,False,-2.2351741790771484e-08,True,2244,7950
2,2,0.0,0.0,dirichlet,5,uniform,0.5,adaptive,stage1,,,10,0.00018356123683815895,0.008319214607278505,0.0010240484431901474,0.0005120242215950199,0.5,True,False,2.7318795520897554e-08,True,2463,8745
2,2,0.0,0.0,dirichlet,5,uniform,0.5,adaptive,stage1,,,11,0.00018353634036660793,0.00831918977200985,0.0005118306240812255,0.00025591531204060755,0.5,True,False,-2.483526865583452e-08,True,2685,9540
2,2,0.0,0.0,dirichlet,6,uniform,0.5,fixed,stage1,,,0,0.0001835164696721847,0.008319199706117312,0.3340998154747439,0.16704990773737197,0.5,True,False,,True,183,795
2,2,0.0,0.0,dirichlet,6,uniform,0.5,fixed,stage1,,,1,0.00018351152136020232,0.008319204673171043,0.16704990258185196,0.08352495129092591,0.5,True,False,4.967053731860793e-09,True,414,1590
2,2,0.0,0.0,dirichlet,6,uniform,0.5,fixed,stage1,,,2,0.0001835613919567436,0.008319184804956118,0.08352497191300261,0.041762485956501276,0.5,True,False,-1.986821492570845e-08,True,654,2385
2,2,0.0,0.0,dirichlet,6,uniform,0.5,fixed,stage1,,,3,0.00018352644374797222,0.00831921212375164,0.041762457601143665,0.020881228800571777,0.5,True,False,2.7318795522632278e-08,True,867,3180
2,2,0.0,0.0,dirichlet,6,uniform,0.5,fixed,stage1,,,4,0.00018353634036660793,0.00831918977200985,0.020881252000411268,0.010440626000205691,0.5,True,False,-2.2351741790771484e-08,True,1095,3975
2,2,0.0,0.0,dirichlet,6,uniform,0.5,fixed,stage1,,,5,0.0004225614330080063,0.008257993186513582,0.010504101252162442,0.005252050626081278,0.5,True,False,-6.119658549626726e-05,True,1434,4770
2,2,0.0,0.0,dirichlet,6,uniform,0.5,fixed,stage1,,,6,0.00018359115920674185,0.008319209640224775,0.0052302058505478595,0.0026151029252740113,0.5,True,False,6.121645371119297e-05,True,1692,5565
2,2,0.0,0.0,dirichlet,6,uniform,0.5,fixed,stage1,,,7,0.000187091767546832,0.00831944557527701,0.002616697218913496,0.0013083486094567776,0.5,True,False,2.3593505223476474e-07,True,1884,6360
2,2,0.0,0.0,dirichlet,6,uniform,0.5,fixed,stage1,,,8,0.0004189697053220698,0.008257002259294191,0.0013617841183332785,0.0006808920591666393,0.5,True,False,-6.24433159828186e-05,True,2235,7155
2,2,0.0,0.0,dirichlet,6,uniform,0.5,fixed,stage1,,,9,0.000408520078372554,0.008253122990330061,0.0006849127669813909,0.0003424563834906677,0.5,True,False,-3.879268964130517e-06,True,2571,7950
2,2,0.0,0.0,dirichlet,6,uniform,0.5,adaptive,stage1,,,0,0.001068818030375951,0.008591419085860252,0.6196902364348851,0.3098451182174425,0.5,True,False,,True,168,795
2,2,0.0,0.0,dirichlet,6,uniform,0.5,adaptive,stage1,,,1,0.0001845217814402389,0.008319313948353132,0.3077175256235145,0.1538587628117573,0.5,True,False,-0.0002721051375071202,True,366,1590
2,2,0.0,0.0,dirichlet,6,uniform,0.5,adaptive,stage1,,,2,0.00039710701233808265,0.008255274966359138,0.15335991691641238,0.07667995845820616,0.5,True,False,-6.40389819939937e-05,True,696,2385
2,2,0.0,0.0,dirichlet,6,uniform,0.5,adaptive,stage1,,,3,0.00018359115920674185,0.008319209640224775,0.0771779912429122,0.03858899562145613,0.5,True,False,6.393467386563677e-05,True,954,3180
2,2,0.0,0.0,dirichlet,6,uniform,0.5,adaptive,stage1,,,4,0.0004205030635500151,0.008264026915033659,0.03815909608407375,0.019079548042036897,0.5,True,False,-5.518272519111633e-05,True,1335,3975
2,2,0.0,0.0,dirichlet,6,uniform,0.5,adaptive,stage1,,,5,0.000187091767546832,0.00831944557527701,0.019511286760944577,0.009755643380472287,0.5,True,False,5.54186602433511e-05,True,1527,4770
2,2,0.0,0.0,dirichlet,6,uniform,0.5,adaptive,stage1,,,6,0.00018349165066489093,0.008319187288482984,0.009753629961198957,0.00487681498059956,0.5,True,False,-2.582867940255362e-07,True,1755,5565
2,2,0.0,0.0,dirichlet,6,uniform,0.5,adaptive,stage1,,,7,0.0001835413661410712,0.008319209640224775,0.004876989218347335,0.0024384946091737525,0.5,True,False,2.2351741790771484e-08,True,2028,6360
2,2,0.0,0.0,dirichlet,6,uniform,0.5,adaptive,stage1,,,8,0.0001834965989777615,0.00831918977200985,0.0024383397311711803,0.001219169865585533,0.5,True,False,-1.986821492570845e-08,True,2244,7155
2,2,0.0,0.0,dirichlet,6,uniform,0.5,adaptive,stage1,,,9,0.0001835413661410712,0.008319209640224775,0.0012193247435880496,0.0006096623717940786,0.5,True,False,1.986821492570845e-08,True,2490,7950
2,2,0.0,0.0,dirichlet,6,uniform,0.5,adaptive,stage1,,,10,0.00018349165066489093,0.008319187288482984,0.000609488134046033,0.000304744067022987,0.5,True,False,-2.2351741790771484e-08,True,2712,8745
2,2,0.0,0.0,dirichlet,7,uniform,0.5,fixed,stage1,,,0,0.025015540498735334,0.016255130991339684,1.5525044014621936,0.7762522007310966,0.5,True,False,,True,195,795
2,2,0.0,0.0,dirichlet,7,uniform,0.5,fixed,stage1,,,1,0.00018353634036660793,0.00831918977200985,0.7289151634146488,0.3644575817073244,0.5,True,False,-0.007935941219329834,True,429,1590
2,2,0.0,0.0,dirichlet,7,uniform,0.5,fixed,stage1,,,2,0.00018353634036660793,0.00831918977200985,0.3644575817073244,0.18222879085366223,0.5,True,False,0.0,True,672,2385
2,2,0.0,0.0,dirichlet,7,uniform,0.5,fixed,stage1,,,3,0.00018356123683815895,0.008319214607278505,0.18222895867357602,0.09111447933678801,0.5,True,False,2.483526865583452e-08,True,900,3180
2,2,0.0,0.0,dirichlet,7,uniform,0.5,fixed,stage1,,,4,0.00018359115920674185,0.008319209640224775,0.09111444577279776,0.04555722288639888,0.5,True,False,-4.96705373012607e-09,True,1158,3975
2,2,0.0,0.0,dirichlet,7,uniform,0.5,fixed,stage1,,,5,0.00018359115920674185,0.008319209640224775,0.04555722288639888,0.022778611443199412,0.5,True,False,0.0,True,1416,4770
2,2,0.0,0.0,dirichlet,7,uniform,0.5,fixed,stage1,,,6,0.00018349165066489093,0.008319187288482984,0.022778460405289577,0.011389230202644818,0.5,True,False,-2.2351741790771484e-08,True,1632,5565
2,2,0.0,0.0,dirichlet,7,uniform,0.5,fixed,stage1,,,7,0.00018356123683815895,0.008319214607278505,0.011389414804544914,0.005694707402272514,0.5,True,False,2.7318795520897554e-08,True,1851,6360
2,2,0.0,0.0,dirichlet,7,uniform,0.5,fixed,stage1,,,8,0.00018349165066489093,0.008319187288482984,0.005694522800372245,0.0028472614001860963,0.5,True,False,-2.7318795520897554e-08,True,2067,7155
2,2,0.0,0.0,dirichlet,7,uniform,0.5,fixed,stage1,,,9,0.0003919003422261369,0.008360931649804115,0.0031294727725993364,0.0015647363862998052,0.5,True,False,4.174436132113081e-05,True,2244,7950
2,2,0.0,0.0,dirichlet,7,uniform,0.5,fixed,stage1,,,10,0.00018360097823233446,0.00831921212375164,0.0012826928337908265,0.0006413464168954393,0.5,True,False,-4.1719526052474976e-05,True,2433,8745
2,2,0.0,0.0,dirichlet,7,uniform,0.5,fixed,stage1,,,11,0.00018353634036660793,0.00831918977200985,0.0006411953789772114,0.00032059768948865947,0.5,True,False,-2.2351741790771484e-08,True,2652,9540
2,2,0.0,0.0,dirichlet,7,uniform,0.5,adaptive,stage1,,,0,0.0001835611593747899,0.00831920343140761,0.8668659503292443,0.4334329751646221,0.5,True,False,,True,264,795
2,2,0.0,0.0,dirichlet,7,uniform,0.5,adaptive,stage1,,,1,0.00018349165066489093,0.008319187288482984,0.43343284932625714,0.21671642466312857,0.5,True,False,-1.6142924625511812e-08,True,510,1590
2,2,0.0,0.0,dirichlet,7,uniform,0.5,adaptive,stage1,,,2,0.00018353634036660793,0.00831918977200985,0.2167164440228741,0.10835822201143702,0.5,True,False,2.483526865063035e-09,True,738,2385
2,2,0.0,0.0,dirichlet,7,uniform,0.5,adaptive,stage1,,,3,0.00018356123683815895,0.008319214607278505,0.10835841560895097,0.05417920780447543,0.5,True,False,2.483526865583452e-08,True,957,3180
2,2,0.0,0.0,dirichlet,7,uniform,0.5,adaptive,stage1,,,4,0.0001872457047333853,0.008319491520524025,0.05418136642401757,0.027090683212008783,0.5,True,False,2.769132455195805e-07,True,1149,3975
2,2,0.0,0.0,dirichlet,7,uniform,0.5,adaptive,stage1,,,5,0.00018359115920674185,0.008319209640224775,0.027088485872955256,0.013544242936477657,0.5,True,False,-2.818802992497066e-07,True,1407,4770
2,2,0.0,0.0,dirichlet,7,uniform,0.5,adaptive,stage1,,,6,0.0001835413661410712,0.008319209640224775,0.013544242936477598,0.006772121468238773,0.5,True,False,0.0,True,1680,5565
2,2,0.0,0.0,dirichlet,7,uniform,0.5,adaptive,stage1,,,7,0.00018358613335234253,0.00831921212375164,0.006772140827993982,0.0033860704139969944,0.5,True,False,2.483526865063035e-09,True,1938,6360
2,2,0.0,0.0,dirichlet,7,uniform,0.5,adaptive,stage1,,,8,0.00018352644374797222,0.00831921212375164,0.0033860704139969874,0.001693035206998577,0.5,True,False,0.0,True,2184,7155
2,2,0.0,0.0,dirichlet,7,uniform,0.5,adaptive,stage1,,,9,0.0001835413661410712,0.008319209640224775,0.0016930158472432538,0.0008465079236215436,0.5,True,False,-2.483526865063035e-09,True,2457,7950
2,2,0.0,0.0,dirichlet,7,uniform,0.5,adaptive,stage1,,,10,0.000187091767546832,0.00831944557527701,0.0008483471051471056,0.0004241735525735771,0.5,True,False,2.3593505223476474e-07,True,2649,8745
2,2,0.0,0.0,dirichlet,8,uniform,0.5,fixed,stage1,,,0,0.00018347177996957953,0.008319194739063581,0.567166757920299,0.2835833789601496,0.5,True,False,,True,195,795
2,2,0.0,0.0,dirichlet,8,uniform,0.5,fixed,stage1,,,1,0.00018349165066489093,0.008319187288482984,0.2835833286141878,0.14179166430709383,0.5,True,False,-7.450580596923828e-09,True,399,1590
2,2,0.0,0.0,dirichlet,8,uniform,0.5,fixed,stage1,,,2,0.00018352149544398344,0.008319202189644178,0.14179176499902546,0.07089588249951273,0.5,True,False,1.4901161193847656e-08,True,663,2385
2,2,0.0,0.0,dirichlet,8,uniform,0.5,fixed,stage1,,,3,0.0001933613589661931,0.008320426568388939,0.07090415613421786,0.03545207806710893,0.5,True,False,1.2243787447605708e-06,True,876,3180
2,2,0.0,0.0,dirichlet,8,uniform,0.5,fixed,stage1,,,4,0.00018356123683815895,0.008319214607278505,0.03544388834237243,0.017721944171186242,0.5,True,False,-1.211961110433521e-06,True,1095,3975
2,2,0.0,0.0,dirichlet,8,uniform,0.5,fixed,stage1,,,5,0.00018353634036660793,0.00831918977200985,0.017721776351272336,0.008860888175636114,0.5,True,False,-2.483526865583452e-08,True,1317,4770
2,2,0.0,0.0,dirichlet,8,uniform,0.5,fixed,stage1,,,6,0.00018349165066489093,0.008319187288482984,0.008860871393649914,0.004430435696824983,0.5,True,False,-2.483526865063035e-09,True,1530,5565
2,2,0.0,0.0,dirichlet,8,uniform,0.5,fixed,stage1,,,7,0.00018349165066489093,0.008319187288482984,0.004430435696824931,0.00221521784841254,0.5,True,False,0.0,True,1746,6360
2,2,0.0,0.0,dirichlet,8,uniform,0.5,fixed,stage1,,,8,0.00018349165066489093,0.008319187288482984,0.002215217848412391,0.0011076089242063013,0.5,True,False,0.0,True,1974,7155
2,2,0.0,0.0,dirichlet,8,uniform,0.5,fixed,stage1,,,9,0.00018353634036660793,0.00831918977200985,0.0011076257061923972,0.0005538128530961708,0.5,True,False,2.483526865063035e-09,True,2193,7950
2,2,0.0,0.0,dirichlet,8,uniform,0.5,fixed,stage1,,,10,0.00044313236649262677,0.008268545692165693,0.0002983100578890681,0.00014915502894450802,0.5,True,False,-5.064407984415632e-05,True,2595,8745
2,2,0.0,0.0,dirichlet,8,uniform,0.5,adaptive,stage1,,,0,0.0208399494518261,0.016382578139503796,1.6423865484089888,0.8211932742044944,0.5,True,False,,True,273,795
2,2,0.0,0.0,dirichlet,8,uniform,0.5,adaptive,stage1,,,1,0.0001835164696721847,0.008319199706117312,0.7738563040160009,0.38692815200800046,0.5,True,False,-0.008063378433386484,True,477,1590
2,2,0.0,0.0,dirichlet,8,uniform,0.5,adaptive,stage1,,,2,0.00018347177996957953,0.008319194739063581,0.3869281184440214,0.19346405922201074,0.5,True,False,-4.96705373012607e-09,True,675,2385
2,2,0.0,0.0,dirichlet,8,uniform,0.5,adaptive,stage1,,,3,0.00018353634036660793,0.00831918977200985,0.19346402565803542,0.09673201282901778,0.5,True,False,-4.967053731860793e-09,True,924,3180
2,2,0.0,0.0,dirichlet,8,uniform,0.5,adaptive,stage1,,,4,0.00018349165066489093,0.008319187288482984,0.09673199604703134,0.048365998023515724,0.5,True,False,-2.483526865063035e-09,True,1140,3975
2,2,0.0,0.0,dirichlet,8,uniform,0.5,adaptive,stage1,,,5,0.00018761813885248557,0.008319614455103874,0.04836888453882181,0.024184442269410904,0.5,True,False,4.2716662088972124e-07,True,1332,4770
2,2,0.0,0.0,dirichlet,8,uniform,0.5,adaptive,stage1,,,6,0.0001835413661410712,0.008319209640224775,0.024181706792014594,0.012090853396007323,0.5,True,False,-4.0481487909894975e-07,True,1605,5565
2,2,0.0,0.0,dirichlet,8,uniform,0.5,adaptive,stage1,,,7,0.00018353634036660793,0.00831918977200985,0.012090719140083691,0.006045359570041903,0.5,True,False,-1.986821492570845e-08,True,1857,6360
2,2,0.0,0.0,dirichlet,8,uniform,0.5,adaptive,stage1,,,8,0.000303429314637782,0.00828012265264988,0.00578148547882705,0.0028907427394134697,0.5,True,False,-3.906711935997009e-05,True,2148,7155
2,2,0.0,0.0,dirichlet,8,uniform,0.5,adaptive,stage1,,,9,0.0004416227815182694,0.008267522479097048,0.002805685408526097,0.001402842704262993,0.5,True,False,-1.2600173552831592e-05,True,2553,7950
2,2,0.0,0.0,dirichlet,8,uniform,0.5,adaptive,stage1,,,10,0.00041230211565856933,0.008253435914715132,0.0013077797849436294,0.0006538898924718962,0.5,True,False,-1.4086564381916161e-05,True,2895,8745
2,2,0.0,0.0,dirichlet,8,uniform,0.5,adaptive,stage1,,,11,0.00018360097823233446,0.00831921212375164,0.0010980352718116052,0.0005490176359057471,0.5,True,False,6.577620903650862e-05,True,3084,9540
2,2,0.0,0.0,dirichlet,8,uniform,0.5,adaptive,stage1,,,12,0.00018353634036660793,0.00831918977200985,0.0005488665979876822,0.0002744332989939244,0.5,True,False,-2.2351741790771484e-08,True,3303,10335
2,2,0.0,0.0,dirichlet,9,uniform,0.5,fixed,stage1,,,0,0.0001835611593747899,0.00831920343140761,0.534564906355704,0.26728245317785204,0.5,True,False,,True,261,795
2,2,0.0,0.0,dirichlet,9,uniform,0.5,fixed,stage1,,,1,0.00018353634036660793,0.00831918977200985,0.26728234669923245,0.13364117334961628,0.5,True,False,-1.3659397760448777e-08,True,513,1590
2,2,0.0,0.0,dirichlet,9,uniform,0.5,fixed,stage1,,,2,0.0001835413661410712,0.008319209640224775,0.13364132822761862,0.06682066411380923,0.5,True,False,1.986821492570845e-08,True,762,2385
2,2,0.0,0.0,dirichlet,9,uniform,0.5,fixed,stage1,,,3,0.00018353634036660793,0.00831918977200985,0.06682050923580699,0.03341025461790355,0.5,True,False,-1.986821492570845e-08,True,990,3180
2,2,0.0,0.0,dirichlet,9,uniform,0.5,fixed,stage1,,,4,0.00018353634036660793,0.00831918977200985,0.03341025461790344,0.016705127308951802,0.5,True,False,0.0,True,1224,3975
2,2,0.0,0.0,dirichlet,9,uniform,0.5,fixed,stage1,,,5,0.0003459412235962134,0.00827451857427756,0.016357076927424007,0.008178538463712026,0.5,True,False,-4.467119773229021e-05,True,1557,4770
2,2,0.0,0.0,dirichlet,9,uniform,0.5,fixed,stage1,,,6,0.00018353634036660793,0.00831918977200985,0.008526588845239613,0.004263294422619836,0.5,True,False,4.467119773229021e-05,True,1797,5565
2,2,0.0,0.0,dirichlet,9,uniform,0.5,fixed,stage1,,,7,0.00018353634036660793,0.00831918977200985,0.004263294422619777,0.002131647211309831,0.5,True,False,0.0,True,2031,6360
2,2,0.0,0.0,dirichlet,9,uniform,0.5,fixed,stage1,,,8,0.00018349165066489093,0.008319187288482984,0.00213162785156441,0.0010658139257822066,0.5,True,False,-2.483526865063035e-09,True,2247,7155
2,2,0.0,0.0,dirichlet,9,uniform,0.5,fixed,stage1,,,9,0.00018353634036660793,0.00831918977200985,0.001065833285527739,0.0005329166427638435,0.5,True,False,2.483526865063035e-09,True,2451,7950
2,2,0.0,0.0,dirichlet,9,uniform,0.5,fixed,stage1,,,10,0.0003816518419679227,0.008357098326086998,0.0008285487724406272,0.0004142743862203119,0.5,True,False,3.790855407714844e-05,True,2628,8745
2,2,0.0,0.0,dirichlet,9,uniform,0.5,adaptive,stage1,,,0,0.019364986359304837,0.014662684872746468,1.1408122177080378,0.5704061088540189,0.5,True,False,,True,201,795
2,2,0.0,0.0,dirichlet,9,uniform,0.5,adaptive,stage1,,,1,0.00018347177996957953,0.008319194739063581,0.5242782674760786,0.2621391337380393,0.5,True,False,-0.006343490133682886,True,441,1590
2,2,0.0,0.0,dirichlet,9,uniform,0.5,adaptive,stage1,,,2,0.00018353634036660793,0.00831918977200985,0.2621391001740641,0.13106955008703214,0.5,True,False,-4.967053731860793e-09,True,693,2385
2,2,0.0,0.0,dirichlet,9,uniform,0.5,adaptive,stage1,,,3,0.00018353634036660793,0.00831918977200985,0.13106955008703197,0.06553477504351597,0.5,True,False,0.0,True,927,3180
2,2,0.0,0.0,dirichlet,9,uniform,0.5,adaptive,stage1,,,4,0.00018353634036660793,0.00831918977200985,0.06553477504351601,0.03276738752175795,0.5,True,False,0.0,True,1146,3975
2,2,0.0,0.0,dirichlet,9,uniform,0.5,adaptive,stage1,,,5,0.0001835413661410712,0.008319209640224775,0.03276752177768165,0.01638376088884088,0.5,True,False,1.986821492570845e-08,True,1419,4770
2,2,0.0,0.0,dirichlet,9,uniform,0.5,adaptive,stage1,,,6,0.00018359115920674185,0.008319209640224775,0.016383760888840766,0.008191880444420464,0.5,True,False,0.0,True,1677,5565
2,2,0.0,0.0,dirichlet,9,uniform,0.5,adaptive,stage1,,,7,0.00018358613335234253,0.00831921212375164,0.008191897226414897,0.00409594861320739,0.5,True,False,2.483526865063035e-09,True,1911,6360
2,2,0.0,0.0,dirichlet,9,uniform,0.5,adaptive,stage1,,,8,0.000187091767546832,0.00831944557527701,0.0040975261248525595,0.0020487630624263647,0.5,True,False,2.334515253697017e-07,True,2103,7155
2,2,0.0,0.0,dirichlet,9,uniform,0.5,adaptive,stage1,,,9,0.00018353634036660793,0.00831918977200985,0.002047034512862967,0.0010235172564314263,0.5,True,False,-2.558032671604732e-07,True,2307,7950
2,2,0.0,0.0,dirichlet,9,uniform,0.5,adaptive,stage1,,,10,0.00018381484057083952,0.008319266761342684,0.0010240374984666623,0.0005120187492333866,0.5,True,False,7.698933283430132e-08,True,2508,8745
2,2,0.0,0.0,dirichlet,9,uniform,0.5,adaptive,stage1,,,11,0.000739063269287854,0.008423758670687675,0.001318722774917902,0.0003296806937294616,0.25,True,False,0.00010449190934499163,True,2688,9540
2,2,0.0,0.0,dirichlet,9,uniform,0.5,adaptive,stage1,,,12,0.00043758128971305155,0.008266745135188103,0.00023563242845761265,5.8908107114362396e-05,0.25,True,False,-0.00015701353549957275,True,3036,10335
2,2,0.0,0.0,reversed,0,uniform,0.5,fixed,stage1,,,0,0.00018353634036660793,0.00831918977200985,0.7269861708911898,0.36349308544559494,0.5,True,False,,True,240,795
2,2,0.0,0.0,reversed,0,uniform,0.5,fixed,stage1,,,1,0.00018356123683815895,0.008319214607278505,0.3634932790431088,0.18174663952155434,0.5,True,False,2.483526865583452e-08,True,483,1590
2,2,0.0,0.0,reversed,0,uniform,0.5,fixed,stage1,,,2,0.00018352149544398344,0.008319202189644178,0.18174654272278404,0.09087327136139209,0.5,True,False,-1.2417634327049898e-08,True,723,2385
2,2,0.0,0.0,reversed,0,uniform,0.5,fixed,stage1,,,3,0.00018359115920674185,0.008319209640224775,0.09087332944065087,0.04543666472032549,0.5,True,False,7.450580596923828e-09,True,981,3180
2,2,0.0,0.0,reversed,0,uniform,0.5,fixed,stage1,,,4,0.000401304275744252,0.008263817057013512,0.04500513129887835,0.02250256564943915,0.5,True,False,-5.53925832112636e-05,True,1275,3975
2,2,0.0,0.0,reversed,0,uniform,0.5,fixed,stage1,,,5,0.0004729078041840751,0.00832662545144558,0.022991912078785343,0.011495956039392588,0.5,True,False,6.280839443206787e-05,True,1569,4770
2,2,0.0,0.0,reversed,0,uniform,0.5,fixed,stage1,,,6,0.00018356123683815895,0.008319214607278505,0.011438181751005135,0.005719090875502625,0.5,True,False,-7.410844167074146e-06,True,1794,5565
2,2,0.0,0.0,reversed,0,uniform,0.5,fixed,stage1,,,7,0.00018353634036660793,0.00831918977200985,0.005718897277988608,0.002859448638994358,0.5,True,False,-2.483526865583452e-08,True,2028,6360
2,2,0.0,0.0,reversed,0,uniform,0.5,fixed,stage1,,,8,0.00043289165482995884,0.008262952789664268,0.002421341280773339,0.0012106706403867268,0.5,True,False,-5.6236982345581055e-05,True,2424,7155
2,2,0.0,0.0,reversed,0,uniform,0.5,fixed,stage1,,,9,0.00018359115920674185,0.008319209640224775,0.0016489328766099258,0.0008244664383050201,0.5,True,False,5.625685056050676e-05,True,2682,7950
2,2,0.0,0.0,reversed,0,uniform,0.5,fixed,stage1,,,10,0.00018356123683815895,0.008319214607278505,0.0008245051578164055,0.00041225257890820793,0.5,True,False,4.96705373012607e-09,True,2898,8745
2,2,0.0,0.0,reversed,0,uniform,0.5,adaptive,stage1,,,0,0.00018353634036660793,0.00831918977200985,0.7269861708911898,0.36349308544559494,0.5,True,False,,True,240,795
2,2,0.0,0.0,reversed,0,uniform,0.5,adaptive,stage1,,,1,0.00018356123683815895,0.008319214607278505,0.3634932790431088,0.18174663952155434,0.5,True,False,2.483526865583452e-08,True,483,1590
2,2,0.0,0.0,reversed,0,uniform,0.5,adaptive,stage1,,,2,0.00018352149544398344,0.008319202189644178,0.18174654272278404,0.09087327136139209,0.5,True,False,-1.2417634327049898e-08,True,723,2385
2,2,0.0,0.0,reversed,0,uniform,0.5,adaptive,stage1,,,3,0.00018359115920674185,0.008319209640224775,0.09087332944065087,0.04543666472032549,0.5,True,False,7.450580596923828e-09,True,981,3180
2,2,0.0,0.0,reversed,0,uniform,0.5,adaptive,stage1,,,4,0.000401304275744252,0.008263817057013512,0.04500513129887835,0.02250256564943915,0.5,True,False,-5.53925832112636e-05,True,1275,3975
2,2,0.0,0.0,reversed,0,uniform,0.5,adaptive,stage1,,,5,0.0004729078041840751,0.00832662545144558,0.022991912078785343,0.011495956039392588,0.5,True,False,6.280839443206787e-05,True,1569,4770
2,2,0.0,0.0,reversed,0,uniform,0.5,adaptive,stage1,,,6,0.00018356123683815895,0.008319214607278505,0.011438181751005135,0.005719090875502625,0.5,True,False,-7.410844167074146e-06,True,1794,5565
2,2,0.0,0.0,reversed,0,uniform,0.5,adaptive,stage1,,,7,0.00018353634036660793,0.00831918977200985,0.005718897277988608,0.002859448638994358,0.5,True,False,-2.483526865583452e-08,True,2028,6360
2,2,0.0,0.0,reversed,0,uniform,0.5,adaptive,stage1,,,8,0.00043289165482995884,0.008262952789664268,0.002421341280773339,0.0012106706403867268,0.5,True,False,-5.6236982345581055e-05,True,2424,7155
2,2,0.0,0.0,reversed,0,uniform,0.5,adaptive,stage1,,,9,0.00018359115920674185,0.008319209640224775,0.0016489328766099258,0.0008244664383050201,0.5,True,False,5.625685056050676e-05,True,2682,7950
2,2,0.0,0.0,reversed,0,uniform,0.5,adaptive,stage1,,,10,0.00018356123683815895,0.008319214607278505,0.0008245051578164055,0.00041225257890820793,0.5,True,False,4.96705373012607e-09,True,2898,8745
3,2,0.0,0.0,stage0,0,uniform,0.5,fixed,stage1,,,0,0.0056788381157097945,0.02759350339571635,0.6384143539837468,0.31920717699187345,0.5,True,False,,True,180,444
3,2,0.0,0.0,stage0,0,uniform,0.5,fixed,stage1,,,1,0.00626879296783045,0.027730626364549,0.3192071769918734,0.15960358849593675,0.5,True,False,0.00013712296883264946,True,414,888
3,2,0.0,0.0,stage0,0,uniform,0.5,fixed,stage1,,,2,0.006570893348321505,0.027813014884789784,0.1596035884959367,0.07980179424796838,0.5,True,False,8.238852024078369e-05,True,699,1332
3,2,0.0,0.0,stage0,0,uniform,0.5,fixed,stage1,,,3,0.006746749420628362,0.027861185371875763,0.13830687762377705,0.06915343881188847,0.5,True,False,4.8170487085979347e-05,True,870,1776
3,2,0.0,0.0,stage0,0,uniform,0.5,fixed,stage1,,,4,0.0067812162411016175,0.027871057391166687,0.08662758858698068,0.043313794293490394,0.5,True,False,9.872019290924072e-06,True,1023,2220
3,2,0.0,0.0,stage0,0,uniform,0.5,fixed,stage1,,,5,0.0067920100536831285,0.027873645226160686,0.048267912266049574,0.02413395613302476,0.5,True,False,2.587834993999366e-06,True,1206,2664
3,2,0.0,0.0,stage0,0,uniform,0.5,fixed,stage1,,,6,0.006789628597573483,0.02787760893503825,0.032055999513466035,0.016027999756733018,0.5,True,False,3.9637088775634766e-06,True,1323,3108
3,2,0.0,0.0,stage0,0,uniform,0.5,fixed,stage1,,,7,0.006784495714175165,0.027879854043324787,0.020705198726829403,0.010352599363414785,0.5,True,False,2.2451082865374006e-06,True,1440,3552
3,2,0.0,0.0,stage0,0,uniform,0.5,fixed,stage1,,,8,0.006784464903120124,0.02788001298904419,0.010689164066643855,0.005344582033321983,0.5,True,False,1.5894571940219815e-07,True,1557,3996
3,2,0.0,0.0,stage0,0,uniform,0.5,fixed,stage1,,,9,0.006783300310742035,0.02788054198026657,0.006469992142972377,0.003234996071486189,0.5,True,False,5.289912223815918e-07,True,1674,4440
3,2,0.0,0.0,stage0,0,uniform,0.5,fixed,stage1,,,10,0.006783282066097129,0.027880574266115826,0.003303947328466666,0.0016519736642333048,0.5,True,False,3.228584925449307e-08,True,1791,4884
3,2,0.0,0.0,stage0,0,uniform,0.5,fixed,stage1,,,11,0.006783143612004494,0.027880653738975525,0.0018218299235276915,0.0009109149617638462,0.5,True,False,7.947285969936435e-08,True,1908,5328
3,2,0.0,0.0,stage0,0,uniform,0.5,fixed,stage1,,,12,0.006783209696671122,0.02788064380486806,0.0008896728043071541,0.00044483640215349333,0.5,True,False,-9.934107463721586e-09,True,2025,5772
3,2,0.0,0.0,stage0,0,uniform,0.5,adaptive,stage1,,,0,0.0056788381157097945,0.02759350339571635,0.6384143539837468,0.31920717699187345,0.5,True,False,,True,180,444
3,2,0.0,0.0,stage0,0,uniform,0.5,adaptive,stage1,,,1,0.00626879296783045,0.027730626364549,0.3192071769918734,0.15960358849593675,0.5,True,False,0.00013712296883264946,True,414,888
3,2,0.0,0.0,stage0,0,uniform,0.5,adaptive,stage1,,,2,0.006570893348321505,0.027813014884789784,0.1596035884959367,0.07980179424796838,0.5,True,False,8.238852024078369e-05,True,699,1332
3,2,0.0,0.0,stage0,0,uniform,0.5,adaptive,stage1,,,3,0.006746749420628362,0.027861185371875763,0.13830687762377705,0.06915343881188847,0.5,True,False,4.8170487085979347e-05,True,870,1776
3,2,0.0,0.0,stage0,0,uniform,0.5,adaptive,stage1,,,4,0.0067812162411016175,0.027871057391166687,0.08662758858698068,0.043313794293490394,0.5,True,False,9.872019290924072e-06,True,1023,2220
3,2,0.0,0.0,stage0,0,uniform,0.5,adaptive,stage1,,,5,0.0067920100536831285,0.027873645226160686,0.048267912266049574,0.02413395613302476,0.5,True,False,2.587834993999366e-06,True,1206,2664
3,2,0.0,0.0,stage0,0,uniform,0.5,adaptive,stage1,,,6,0.006789628597573483,0.02787760893503825,0.032055999513466035,0.016027999756733018,0.5,True,False,3.9637088775634766e-06,True,1323,3108
3,2,0.0,0.0,stage0,0,uniform,0.5,adaptive,stage1,,,7,0.006784495714175165,0.027879854043324787,0.020705198726829403,0.010352599363414785,0.5,True,False,2.2451082865374006e-06,True,1440,3552
3,2,0.0,0.0,stage0,0,uniform,0.5,adaptive,stage1,,,8,0.006784464903120124,0.02788001298904419,0.010689164066643855,0.005344582033321983,0.5,True,False,1.5894571940219815e-07,True,1557,3996
3,2,0.0,0.0,stage0,0,uniform,0.5,adaptive,stage1,,,9,0.006783300310742035,0.02788054198026657,0.006469992142972377,0.003234996071486189,0.5,True,False,5.289912223815918e-07,True,1674,4440
3,2,0.0,0.0,stage0,0,uniform,0.5,adaptive,stage1,,,10,0.006783282066097129,0.027880574266115826,0.003303947328466666,0.0016519736642333048,0.5,True,False,3.228584925449307e-08,True,1791,4884
3,2,0.0,0.0,stage0,0,uniform,0.5,adaptive,stage1,,,11,0.006783143612004494,0.027880653738975525,0.0018218299235276915,0.0009109149617638462,0.5,True,False,7.947285969936435e-08,True,1908,5328
3,2,0.0,0.0,stage0,0,uniform,0.5,adaptive,stage1,,,12,0.006783209696671122,0.02788064380486806,0.0008896728043071541,0.00044483640215349333,0.5,True,False,-9.934107463721586e-09,True,2025,5772
3,2,0.0,0.0,uniform,0,uniform,0.5,fixed,stage1,,,0,0.005014975842373204,0.02739337335030238,0.6533333333333333,0.32666666666666677,0.5,True,False,,True,222,444
3,2,0.0,0.0,uniform,0,uniform,0.5,fixed,stage1,,,1,0.006183443298123592,0.02771354963382085,0.32666666666666666,0.16333333333333327,0.5,True,False,0.000320176283518471,True,396,888
3,2,0.0,0.0,uniform,0,uniform,0.5,fixed,stage1,,,2,0.0066346193701321,0.02783053865035375,0.22311887927544194,0.11155943963772103,0.5,True,False,0.00011698901653289795,True,558,1332
3,2,0.0,0.0,uniform,0,uniform,0.5,fixed,stage1,,,3,0.0067791228558711225,0.027870746950308483,0.17147859849076907,0.08573929924538456,0.5,True,False,4.020829995473457e-05,True,708,1776
3,2,0.0,0.0,uniform,0,uniform,0.5,fixed,stage1,,,4,0.0067752518016135355,0.027870550751686096,0.08537188769369006,0.04268594384684511,0.5,True,False,-1.961986223868173e-07,True,855,2220
3,2,0.0,0.0,uniform,0,uniform,0.5,fixed,stage1,,,5,0.0067890555300742506,0.027873851358890533,0.04899255826766298,0.02449627913383149,0.5,True,False,3.300607204437256e-06,True,990,2664
3,2,0.0,0.0,uniform,0,uniform,0.5,fixed,stage1,,,6,0.006792585554229902,0.027876401940981548,0.029559812973641224,0.014779906486820584,0.5,True,False,2.550582091014747e-06,True,1107,3108
3,2,0.0,0.0,uniform,0,uniform,0.5,fixed,stage1,,,7,0.006782399045095033,0.0278807133436203,0.023742068803451633,0.011871034401725761,0.5,True,False,4.311402638752099e-06,True,1224,3552
3,2,0.0,0.0,uniform,0,uniform,0.5,fixed,stage1,,,8,0.006785788421140637,0.02787948151429494,0.00925676708185474,0.004628383540927287,0.5,True,False,-1.2318293253592294e-06,True,1341,3996
3,2,0.0,0.0,uniform,0,uniform,0.5,fixed,stage1,,,9,0.006782761901604317,0.027880720794200897,0.0072585974133509675,0.0036292987066754556,0.5,True,False,1.2392799059561532e-06,True,1458,4440
3,2,0.0,0.0,uniform,0,uniform,0.5,fixed,stage1,,,10,0.006783378355457614,0.027880549430847168,0.0032629400052011223,0.0016314700026005893,0.5,True,False,-1.7136335372924805e-07,True,1575,4884
3,2,0.0,0.0,uniform,0,uniform,0.5,fixed,stage1,,,11,0.006783197736696778,0.0278806338707606,0.0018118869777225882,0.0009059434888613214,0.5,True,False,8.443991343295987e-08,True,1692,5328
3,2,0.0,0.0,uniform,0,uniform,0.5,fixed,stage1,,,12,0.006783188614306823,0.02788066367308299,0.0009696699618152622,0.000484834980907658,0.5,True,False,2.9802322387695312e-08,True,1809,5772
3,2,0.0,0.0,uniform,0,uniform,0.5,adaptive,stage1,,,0,0.005014975842373204,0.02739337335030238,0.6533333333333333,0.32666666666666677,0.5,True,False,,True,222,444
3,2,0.0,0.0,uniform,0,uniform,0.5,adaptive,stage1,,,1,0.006183443298123592,0.02771354963382085,0.32666666666666666,0.16333333333333327,0.5,True,False,0.000320176283518471,True,396,888
3,2,0.0,0.0,uniform,0,uniform,0.5,adaptive,stage1,,,2,0.0066346193701321,0.02783053865035375,0.22311887927544194,0.11155943963772103,0.5,True,False,0.00011698901653289795,True,558,1332
3,2,0.0,0.0,uniform,0,uniform,0.5,adaptive,stage1,,,3,0.0067791228558711225,0.027870746950308483,0.17147859849076907,0.08573929924538456,0.5,True,False,4.020829995473457e-05,True,708,1776
3,2,0.0,0.0,uniform,0,uniform,0.5,adaptive,stage1,,,4,0.0067752518016135355,0.027870550751686096,0.08537188769369006,0.04268594384684511,0.5,True,False,-1.961986223868173e-07,True,855,2220
3,2,0.0,0.0,uniform,0,uniform,0.5,adaptive,stage1,,,5,0.0067890555300742506,0.027873851358890533,0.04899255826766298,0.02449627913383149,0.5,True,False,3.300607204437256e-06,True,990,2664
3,2,0.0,0.0,uniform,0,uniform,0.5,adaptive,stage1,,,6,0.006792585554229902,0.027876401940981548,0.029559812973641224,0.014779906486820584,0.5,True,False,2.550582091014747e-06,True,1107,3108
3,2,0.0,0.0,uniform,0,uniform,0.5,adaptive,stage1,,,7,0.006782399045095033,0.0278807133436203,0.023742068803451633,0.011871034401725761,0.5,True,False,4.311402638752099e-06,True,1224,3552
3,2,0.0,0.0,uniform,0,uniform,0.5,adaptive,stage1,,,8,0.006785788421140637,0.02787948151429494,0.00925676708185474,0.004628383540927287,0.5,True,False,-1.2318293253592294e-06,True,1341,3996
3,2,0.0,0.0,uniform,0,uniform,0.5,adaptive,stage1,,,9,0.006782761901604317,0.027880720794200897,0.0072585974133509675,0.0036292987066754556,0.5,True,False,1.2392799059561532e-06,True,1458,4440
3,2,0.0,0.0,uniform,0,uniform,0.5,adaptive,stage1,,,10,0.006783378355457614,0.027880549430847168,0.0032629400052011223,0.0016314700026005893,0.5,True,False,-1.7136335372924805e-07,True,1575,4884
3,2,0.0,0.0,uniform,0,uniform,0.5,adaptive,stage1,,,11,0.006783197736696778,0.0278806338707606,0.0018118869777225882,0.0009059434888613214,0.5,True,False,8.443991343295987e-08,True,1692,5328
3,2,0.0,0.0,uniform,0,uniform,0.5,adaptive,stage1,,,12,0.006783188614306823,0.02788066367308299,0.0009696699618152622,0.000484834980907658,0.5,True,False,2.9802322387695312e-08,True,1809,5772
3,2,0.0,0.0,dirichlet,0,uniform,0.5,fixed,stage1,,,0,0.009132086695871067,0.028546335796515148,,0.0,0.5,False,False,,False,186,444
3,2,0.0,0.0,dirichlet,0,uniform,0.5,adaptive,stage1,,,0,0.006533776415215797,0.027802884578704834,0.3236640059504378,0.16183200297521888,0.5,True,False,,True,237,444
3,2,0.0,0.0,dirichlet,0,uniform,0.5,adaptive,stage1,,,1,0.0067857237293420525,0.027872306605180103,0.25340727496723475,0.12670363748361743,0.5,True,False,6.942202647526943e-05,True,381,888
3,2,0.0,0.0,dirichlet,0,uniform,0.5,adaptive,stage1,,,2,0.006728940191345956,0.02787201354900996,0.1261440431687402,0.0630720215843701,0.5,True,False,-2.930561701433576e-07,True,507,1332
3,2,0.0,0.0,dirichlet,0,uniform,0.5,adaptive,stage1,,,3,0.006762916828400023,0.027873262763023376,0.06547229844588266,0.032736149222941276,0.5,True,False,1.2492140134164054e-06,True,636,1776
3,2,0.0,0.0,dirichlet,0,uniform,0.5,adaptive,stage1,,,4,0.006790077041479492,0.027873138586680096,0.03249580241026879,0.016247901205134422,0.5,True,False,-1.2417634328090732e-07,True,795,2220
3,2,0.0,0.0,dirichlet,0,uniform,0.5,adaptive,stage1,,,5,0.006788689639677159,0.027878055969874065,0.026073031149871365,0.013036515574935683,0.5,True,False,4.9173831939697266e-06,True,912,2664
3,2,0.0,0.0,dirichlet,0,uniform,0.5,adaptive,stage1,,,6,0.006783737362638931,0.027880214154720306,0.017557275413639165,0.008778637706819638,0.5,True,False,2.1581848462411124e-06,True,1029,3108
3,2,0.0,0.0,dirichlet,0,uniform,0.5,adaptive,stage1,,,7,0.006784221038445892,0.02788013716538747,0.008615074084119101,0.0043075370420595505,0.5,True,False,-7.698933283603604e-08,True,1146,3552
3,2,0.0,0.0,dirichlet,0,uniform,0.5,adaptive,stage1,,,8,0.006783182939070542,0.027880606551965077,0.005307430266030145,0.002653715133015072,0.5,True,False,4.6938657760620117e-07,True,1263,3996
3,2,0.0,0.0,dirichlet,0,uniform,0.5,adaptive,stage1,,,9,0.006783239901404059,0.027880623936653137,0.0026908718198065127,0.001345435909903256,0.5,True,False,1.7384688060645415e-08,True,1380,4440
3,2,0.0,0.0,dirichlet,0,uniform,0.5,adaptive,stage1,,,10,0.006783284903725928,0.02788063883781433,0.001377291549827562,0.0006886457749137528,0.5,True,False,1.4901161193847656e-08,True,1497,4884
3,2,0.0,0.0,dirichlet,0,uniform,0.5,adaptive,stage1,,,11,0.006783242739004436,0.027880641321341198,0.0006939556811922593,0.0003469778405962125,0.5,True,False,2.4835268667977584e-09,True,1614,5328
3,2,0.0,0.0,dirichlet,1,uniform,0.5,fixed,stage1,,,0,0.05058259639503504,0.04008861382802328,,0.0,0.5,False,False,,False,138,444
3,2,0.0,0.0,dirichlet,1,uniform,0.5,adaptive,stage1,,,0,0.01859892149497,0.02504253387451172,1.040043189187074,0.5200215945935371,0.5,True,False,,True,114,444
3,2,0.0,0.0,dirichlet,1,uniform,0.5,adaptive,stage1,,,1,0.004309855453319855,0.02578648179769516,0.5200215945935373,0.2600107972967686,0.5,True,False,0.0007439479231834412,True,405,888
3,2,0.0,0.0,dirichlet,1,uniform,0.5,adaptive,stage1,,,2,0.006442343430023811,0.012661918997764587,0.12496983185819285,0.062484915929096455,0.5,True,False,-0.013124562799930573,True,729,1332
3,2,0.0,0.0,dirichlet,1,uniform,0.5,adaptive,stage1,,,3,0.01403824369162976,0.029694537321726482,,0.0,0.5,False,False,0.017032618323961895,False,975,1776
3,2,0.0,0.0,dirichlet,2,uniform,0.5,fixed,stage1,,,0,0.050603558796048276,0.04008425027132034,,0.0,0.5,False,False,,False,204,444
3,2,0.0,0.0,dirichlet,2,uniform,0.5,adaptive,stage1,,,0,0.006405836753316407,0.027788410584131878,0.7403208467027269,0.37016042335136345,0.5,True,False,,True,222,444
3,2,0.0,0.0,dirichlet,2,uniform,0.5,adaptive,stage1,,,1,0.006945702933997211,0.027920904258886974,0.24052120824392495,0.12026060412196254,0.5,True,False,0.00013249367475509644,True,546,888
3,2,0.0,0.0,dirichlet,2,uniform,0.5,adaptive,stage1,,,2,0.007218620010807086,0.027992725372314453,0.6043339045791447,0.15108347614478612,0.25,True,False,7.18211134274789e-05,True,768,1332
3,2,0.0,0.0,dirichlet,2,uniform,0.5,adaptive,stage1,,,3,0.008371183485365918,0.028317444026470184,,0.0,0.25,False,False,0.0003247186541557312,False,981,1776
3,2,0.0,0.0,dirichlet,3,uniform,0.5,fixed,stage1,,,0,0.005689979235405929,0.027605324983596802,0.4952495575422651,0.24762477877113256,0.5,True,False,,True,207,444
3,2,0.0,0.0,dirichlet,3,uniform,0.5,fixed,stage1,,,1,0.006513887240707561,0.027801379561424255,0.2470086422741643,0.12350432113708218,0.5,True,False,0.0001960545778274536,True,378,888
3,2,0.0,0.0,dirichlet,3,uniform,0.5,fixed,stage1,,,2,0.00658304293536105,0.027816377580165863,0.12350432113708205,0.06175216056854111,0.5,True,False,1.4998018741607666e-05,True,543,1332
3,2,0.0,0.0,dirichlet,3,uniform,0.5,fixed,stage1,,,3,0.006732841162262915,0.027857370674610138,0.08302881419908875,0.041514407099544376,0.5,True,False,4.09930944442749e-05,True,732,1776
3,2,0.0,0.0,dirichlet,3,uniform,0.5,fixed,stage1,,,4,0.00678199747530428,0.02787144233783086,0.06592076015243689,0.03296038007621839,0.5,True,False,1.4071663220722314e-05,True,876,2220
3,2,0.0,0.0,dirichlet,3,uniform,0.5,fixed,stage1,,,5,0.006794089399711822,0.027874253690242767,0.038377329283193665,0.019188664641596805,0.5,True,False,2.811352411907081e-06,True,1035,2664
3,2,0.0,0.0,dirichlet,3,uniform,0.5,fixed,stage1,,,6,0.006784646733621003,0.02787970503171285,0.030283743440515883,0.015141871720257967,0.5,True,False,5.4513414700814444e-06,True,1152,3108
3,2,0.0,0.0,dirichlet,3,uniform,0.5,fixed,stage1,,,7,0.006786480685786245,0.027879121402899425,0.013914773424766803,0.0069573867123834295,0.5,True,False,-5.836288134233869e-07,True,1269,3552
3,2,0.0,0.0,dirichlet,3,uniform,0.5,fixed,stage1,,,8,0.006782843393340343,0.02788069099187851,0.010279818524704488,0.005139909262352215,0.5,True,False,1.56958897908413e-06,True,1386,3996
3,2,0.0,0.0,dirichlet,3,uniform,0.5,fixed,stage1,,,9,0.006783688305716851,0.027880415320396423,0.004551211170710967,0.0022756055853554837,0.5,True,False,-2.7567148208618164e-07,True,1503,4440
3,2,0.0,0.0,dirichlet,3,uniform,0.5,fixed,stage1,,,10,0.0067831646943616875,0.0278806338707606,0.0027421383804429435,0.001371069190221388,0.5,True,False,2.1855036417758877e-07,True,1620,4884
3,2,0.0,0.0,dirichlet,3,uniform,0.5,fixed,stage1,,,11,0.006783209696671122,0.02788064380486806,0.0013923084536191987,0.0006961542268095998,0.5,True,False,9.93410746025214e-09,True,1737,5328
3,2,0.0,0.0,dirichlet,3,uniform,0.5,fixed,stage1,,,12,0.006783242739004436,0.027880641321341198,0.0006908441396697674,0.0003454220698348564,0.5,True,False,-2.4835268633283114e-09,True,1854,5772
3,2,0.0,0.0,dirichlet,3,uniform,0.5,adaptive,stage1,,,0,0.015497252112979254,0.021680881579717,1.5875542989298008,0.7937771494649004,0.5,True,False,,True,129,444
3,2,0.0,0.0,dirichlet,3,uniform,0.5,adaptive,stage1,,,1,0.006485944649519126,0.01259845495223999,0.5818034076391749,0.2909017038195874,0.5,True,False,-0.009082426627477009,True,525,888
3,2,0.0,0.0,dirichlet,3,uniform,0.5,adaptive,stage1,,,2,0.00577706297777425,0.02759980410337448,0.5028754456453131,0.25143772282265653,0.5,True,False,0.015001349151134491,True,660,1332
3,2,0.0,0.0,dirichlet,3,uniform,0.5,adaptive,stage1,,,3,0.0066494199435567225,0.027846187353134155,0.33593303909673033,0.16796651954836522,0.5,True,False,0.00024638324975967407,True,867,1776
3,2,0.0,0.0,dirichlet,3,uniform,0.5,adaptive,stage1,,,4,0.0066258929287208446,0.027839561303456623,0.15902571080061956,0.07951285540030978,0.5,True,False,-6.626049677532081e-06,True,993,2220
3,2,0.0,0.0,dirichlet,3,uniform,0.5,adaptive,stage1,,,5,0.006764254500346567,0.027866706252098083,0.12084503170446725,0.060422515852233544,0.5,True,False,2.7144948641460304e-05,True,1131,2664
3,2,0.0,0.0,dirichlet,3,uniform,0.5,adaptive,stage1,,,6,0.0067823452543578355,0.027872612078984577,0.07134677372494067,0.035673386862470305,0.5,True,False,5.905826886493798e-06,True,1263,3108
3,2,0.0,0.0,dirichlet,3,uniform,0.5,adaptive,stage1,,,7,0.006791926200321541,0.02787465105454127,0.0396423419514489,0.01982117097572448,0.5,True,False,2.0389755566938006e-06,True,1401,3552
3,2,0.0,0.0,dirichlet,3,uniform,0.5,adaptive,stage1,,,8,0.006786710352756131,0.027878830830256145,0.02830000169679318,0.014150000848396618,0.5,True,False,4.179775714874268e-06,True,1518,3996
3,2,0.0,0.0,dirichlet,3,uniform,0.5,adaptive,stage1,,,9,0.006785027838242641,0.02787971744934718,0.016010634359419174,0.008005317179709532,0.5,True,False,8.866190910339355e-07,True,1635,4440
3,2,0.0,0.0,dirichlet,3,uniform,0.5,adaptive,stage1,,,10,0.006783661547695274,0.027880363166332245,0.009374612676079083,0.004687306338039486,0.5,True,False,6.457169850655753e-07,True,1752,4884
3,2,0.0,0.0,dirichlet,3,uniform,0.5,adaptive,stage1,,,11,0.006783387477767633,0.027880517144997913,0.005015619777347322,0.002507809888673688,0.5,True,False,1.5397866566860263e-07,True,1869,5328
3,2,0.0,0.0,dirichlet,3,uniform,0.5,adaptive,stage1,,,12,0.006783185776715328,0.02788061648607254,0.0027199929050749907,0.0013599964525374958,0.5,True,False,9.934107462680752e-08,True,1986,5772
3,2,0.0,0.0,dirichlet,3,uniform,0.5,adaptive,stage1,,,13,0.006783209696671122,0.02788064380486806,0.001418397464859402,0.0007091987324297014,0.5,True,False,2.7318795520897554e-08,True,2103,6216
3,2,0.0,0.0,dirichlet,3,uniform,0.5,adaptive,stage1,,,14,0.006783242739004436,0.027880641321341198,0.000703888645289869,0.0003519443226449627,0.5,True,False,-2.4835268633283114e-09,True,2220,6660
3,2,0.0,0.0,dirichlet,4,uniform,0.5,fixed,stage1,,,0,0.05060351098753024,0.04008446882168452,,0.0,0.5,False,False,,False,165,444
3,2,0.0,0.0,dirichlet,4,uniform,0.5,adaptive,stage1,,,0,0.006969662642820396,0.027926857272783916,0.2084418833155909,0.10422094165779544,0.5,True,False,,True,258,444
3,2,0.0,0.0,dirichlet,4,uniform,0.5,adaptive,stage1,,,1,0.007230465960176957,0.02799584964911143,0.607174106962231,0.1517935267405577,0.25,True,False,6.899237632751465e-05,True,435,888
3,2,0.0,0.0,dirichlet,4,uniform,0.5,adaptive,stage1,,,2,0.008349229768592537,0.028307579457759857,,0.0,0.25,False,False,0.00031172980864842617,False,669,1332
3,2,0.0,0.0,dirichlet,5,uniform,0.5,fixed,stage1,,,0,0.004923101526426166,0.027395039796829224,0.7032267887474009,0.35161339437370037,0.5,True,False,,True,150,444
3,2,0.0,0.0,dirichlet,5,uniform,0.5,fixed,stage1,,,1,0.006405237855190649,0.027789346873760223,0.29150070768735875,0.14575035384367935,0.5,True,False,0.00039430707693099976,True,414,888
3,2,0.0,0.0,dirichlet,5,uniform,0.5,fixed,stage1,,,2,0.006887858355595355,0.027899987995624542,0.1975467830475091,0.09877339152375456,0.5,True,False,0.00011064112186431885,True,666,1332
3,2,0.0,0.0,dirichlet,5,uniform,0.5,fixed,stage1,,,3,0.006668101425912454,0.027840631703535717,0.08892064039885042,0.04446032019942521,0.5,True,False,-5.935629208882534e-05,True,816,1776
3,2,0.0,0.0,dirichlet,5,uniform,0.5,fixed,stage1,,,4,0.00674460504722596,0.02786060671011607,0.03643758846091989,0.018218794230459974,0.5,True,False,1.9975006580352783e-05,True,969,2220
3,2,0.0,0.0,dirichlet,5,uniform,0.5,fixed,stage1,,,5,0.0067838918620211075,0.027871377766132355,0.029759424436777208,0.014879712218388632,0.5,True,False,1.0771056016285058e-05,True,1146,2664
3,2,0.0,0.0,dirichlet,5,uniform,0.5,fixed,stage1,,,6,0.006796655188246348,0.027874889473120373,0.021671665963836798,0.010835832981918455,0.5,True,False,3.511706988017921e-06,True,1263,3108
3,2,0.0,0.0,dirichlet,5,uniform,0.5,fixed,stage1,,,7,0.006779077974151448,0.02788206934928894,0.025750558727423017,0.012875279363711509,0.5,True,False,7.1798761685677726e-06,True,1380,3552
3,2,0.0,0.0,dirichlet,5,uniform,0.5,fixed,stage1,,,8,0.006787178022587881,0.027878905336062115,0.006123814500102951,0.0030619072500514474,0.5,True,False,-3.164013226825829e-06,True,1497,3996
3,2,0.0,0.0,dirichlet,5,uniform,0.5,fixed,stage1,,,9,0.00678210612035457,0.027881053586800892,0.007613886934612951,0.003806943467306475,0.5,True,False,2.148250738777391e-06,True,1614,4440
3,2,0.0,0.0,dirichlet,5,uniform,0.5,fixed,stage1,,,10,0.006783724185869033,0.027880425254503887,0.0024616987078558946,0.0012308493539279469,0.5,True,False,-6.283322970049299e-07,True,1731,4884
3,2,0.0,0.0,dirichlet,5,uniform,0.5,fixed,stage1,,,11,0.006783047322583613,0.02788071831067403,0.0018568324330867905,0.0009284162165434234,0.5,True,False,2.930561701433576e-07,True,1848,5328
3,2,0.0,0.0,dirichlet,5,uniform,0.5,fixed,stage1,,,12,0.006783284903725928,0.02788063883781433,0.0007584094588429643,0.00037920472942156586,0.5,True,False,-7.947285969936435e-08,True,1965,5772
3,2,0.0,0.0,dirichlet,5,uniform,0.5,adaptive,stage1,,,0,0.027227604332058064,0.0331961860259374,,0.0,0.5,False,False,,False,114,444
3,2,0.0,0.0,dirichlet,6,uniform,0.5,fixed,stage1,,,0,0.006164812787346818,0.027733229100704193,0.4452808092756489,0.22264040463782436,0.5,True,False,,True,180,444
3,2,0.0,0.0,dirichlet,6,uniform,0.5,fixed,stage1,,,1,0.006816830988563893,0.027881421148777008,0.2162222513950768,0.10811112569753849,0.5,True,False,0.00014819204807281494,True,459,888
3,2,0.0,0.0,dirichlet,6,uniform,0.5,fixed,stage1,,,2,0.007539631465295571,0.028083523114522297,,0.0,0.5,False,False,0.00020210196574528896,False,705,1332
3,2,0.0,0.0,dirichlet,6,uniform,0.5,adaptive,stage1,,,0,0.02939877258201129,0.03513907641172409,,0.0,0.5,False,False,,False,114,444
3,2,0.0,0.0,dirichlet,7,uniform,0.5,fixed,stage1,,,0,0.05061026045821393,0.04009655863046646,,0.0,0.5,False,False,,False,123,444
3,2,0.0,0.0,dirichlet,7,uniform,0.5,adaptive,stage1,,,0,0.006773618044690011,0.02786896874507268,0.49041082794951335,0.2452054139747567,0.5,True,False,,True,258,444
3,2,0.0,0.0,dirichlet,7,uniform,0.5,adaptive,stage1,,,1,0.007026812718599729,0.027944537500540417,0.21505402040059418,0.10752701020029715,0.5,True,False,7.556875546773506e-05,True,426,888
3,2,0.0,0.0,dirichlet,7,uniform,0.5,adaptive,stage1,,,2,0.00797255365730365,0.02821456144253413,,0.0,0.5,False,False,0.0002700239419937134,False,621,1332
3,2,0.0,0.0,dirichlet,8,uniform,0.5,fixed,stage1,,,0,0.00665164916956229,0.02784385283788045,0.2940018708136356,0.1470009354068178,0.5,True,False,,True,186,444
3,2,0.0,0.0,dirichlet,8,uniform,0.5,fixed,stage1,,,1,0.006657857981698712,0.027836821973323822,0.13777046009286043,0.06888523004643024,0.5,True,False,-7.030864556629296e-06,True,366,888
3,2,0.0,0.0,dirichlet,8,uniform,0.5,fixed,stage1,,,2,0.00677314937962592,0.0278684397538503,0.11685303178596021,0.0584265158929801,0.5,True,False,3.161778052647793e-05,True,537,1332
3,2,0.0,0.0,dirichlet,8,uniform,0.5,fixed,stage1,,,3,0.006787026138288965,0.027872311572233837,0.0656528316251604,0.0328264158125802,0.5,True,False,3.871818383537062e-06,True,708,1776
3,2,0.0,0.0,dirichlet,8,uniform,0.5,fixed,stage1,,,4,0.006795231014178782,0.02787453184525172,0.0371364649387376,0.0185682324693688,0.5,True,False,2.2202730178833008e-06,True,861,2220
3,2,0.0,0.0,dirichlet,8,uniform,0.5,fixed,stage1,,,5,0.00678284177232058,0.02788044015566508,0.03067604049881158,0.01533802024940579,0.5,True,False,5.908310413360596e-06,True,978,2664
3,2,0.0,0.0,dirichlet,8,uniform,0.5,fixed,stage1,,,6,0.006787223630114525,0.02787882337967555,0.011928480179278344,0.005964240089639172,0.5,True,False,-1.6167759895324707e-06,True,1095,3108
3,2,0.0,0.0,dirichlet,8,uniform,0.5,fixed,stage1,,,7,0.006782425193552655,0.027880897124608357,0.010351188136359744,0.005175594068179872,0.5,True,False,2.0737449328081525e-06,True,1212,3552
3,2,0.0,0.0,dirichlet,8,uniform,0.5,fixed,stage1,,,8,0.006783850679724424,0.02788035323222478,0.004012958170635367,0.0020064790853177392,0.5,True,False,-5.438923835754395e-07,True,1329,3996
3,2,0.0,0.0,dirichlet,8,uniform,0.5,fixed,stage1,,,9,0.006783068404949688,0.027880710860093433,0.002769975058700782,0.0013849875293504184,0.5,True,False,3.5762786865234375e-07,True,1446,4440
3,2,0.0,0.0,dirichlet,8,uniform,0.5,fixed,stage1,,,10,0.006783339028419988,0.027880604068438213,0.001156607078971879,0.0005783035394859391,0.5,True,False,-1.067916552202619e-07,True,1563,4884
3,2,0.0,0.0,dirichlet,8,uniform,0.5,fixed,stage1,,,11,0.006783242739004436,0.027880641321341198,0.0006579331475553936,0.0003289665737777805,0.5,True,False,3.725290298461914e-08,True,1680,5328
3,2,0.0,0.0,dirichlet,8,uniform,0.5,adaptive,stage1,,,0,0.005230649294025724,0.027450554072856903,0.5112099538029529,0.25560497690147643,0.5,True,False,,True,267,444
3,2,0.0,0.0,dirichlet,8,uniform,0.5,adaptive,stage1,,,1,0.006777827994767449,0.027869823078314464,0.4520344079644008,0.2260172039822004,0.5,True,False,0.0004192690054575614,True,426,888
3,2,0.0,0.0,dirichlet,8,uniform,0.5,adaptive,stage1,,,2,0.006682011049331749,0.027843840420246124,0.18472214426317013,0.09236107213158509,0.5,True,False,-2.5982658068340186e-05,True,540,1332
3,2,0.0,0.0,dirichlet,8,uniform,0.5,adaptive,stage1,,,3,0.006758456606952734,0.027874484658241272,0.14255878209356007,0.07127939104678012,0.5,True,False,3.0644237995147705e-05,True,669,1776
3,2,0.0,0.0,dirichlet,8,uniform,0.5,adaptive,stage1,,,4,0.006779087821580987,0.02787007639805476,0.06284689201217794,0.03142344600608897,0.5,True,False,-4.4082601865121085e-06,True,840,2220
3,2,0.0,0.0,dirichlet,8,uniform,0.5,adaptive,stage1,,,5,0.0067929038558709465,0.027874271074930828,0.03943612405049322,0.01971806202524661,0.5,True,False,4.194676876068115e-06,True,978,2664
3,2,0.0,0.0,dirichlet,8,uniform,0.5,adaptive,stage1,,,6,0.006786108700950422,0.02787908911705017,0.029484324564213394,0.014742162282106697,0.5,True,False,4.818042119342919e-06,True,1095,3108
3,2,0.0,0.0,dirichlet,8,uniform,0.5,adaptive,stage1,,,7,0.006785641452239588,0.02787947158018748,0.01554485029341698,0.0077724251467084894,0.5,True,False,3.82463137309913e-07,True,1212,3552
3,2,0.0,0.0,dirichlet,8,uniform,0.5,adaptive,stage1,,,8,0.006783381802208055,0.027880467474460602,0.009882273999917241,0.004941136999958621,0.5,True,False,9.958942731209952e-07,True,1329,3996
3,2,0.0,0.0,dirichlet,8,uniform,0.5,adaptive,stage1,,,9,0.0067834626847655954,0.027880482375621796,0.0049729243952260005,0.002486462197613084,0.5,True,False,1.4901161193847656e-08,True,1446,4440
3,2,0.0,0.0,dirichlet,8,uniform,0.5,adaptive,stage1,,,10,0.006783185776715328,0.02788061648607254,0.002772841045442255,0.0013864205227211834,0.5,True,False,1.341104507446289e-07,True,1563,4884
3,2,0.0,0.0,dirichlet,8,uniform,0.5,adaptive,stage1,,,11,0.006783209696671122,0.02788064380486806,0.0014448215350429785,0.0007224107675215165,0.5,True,False,2.7318795520897554e-08,True,1680,5328
3,2,0.0,0.0,dirichlet,8,uniform,0.5,adaptive,stage1,,,12,0.006783242739004436,0.027880641321341198,0.0007171006803816304,0.0003585503401907879,0.5,True,False,-2.4835268633283114e-09,True,1797,5772
3,2,0.0,0.0,dirichlet,9,uniform,0.5,fixed,stage1,,,0,0.05060359275728388,0.04008426517248154,,0.0,0.5,False,False,,False,204,444
3,2,0.0,0.0,dirichlet,9,uniform,0.5,adaptive,stage1,,,0,0.0052632139291972635,0.027462323506673176,0.633516376565435,0.31675818828271757,0.5,True,False,,True,228,444
3,2,0.0,0.0,dirichlet,9,uniform,0.5,adaptive,stage1,,,1,0.006212536772920885,0.027729521195093792,0.31675818828271746,0.15837909414135876,0.5,True,False,0.0002671976884206159,True,369,888
3,2,0.0,0.0,dirichlet,9,uniform,0.5,adaptive,stage1,,,2,0.006631566262434774,0.027829602360725403,0.21104201894264524,0.10552100947132259,0.5,True,False,0.00010008116563161099,True,549,1332
3,2,0.0,0.0,dirichlet,9,uniform,0.5,adaptive,stage1,,,3,0.006779458826329687,0.027870190640290577,0.16550445631509403,0.08275222815754701,0.5,True,False,4.058827956517422e-05,True,720,1776
3,2,0.0,0.0,dirichlet,9,uniform,0.5,adaptive,stage1,,,4,0.006779332366420476,0.027870262662569683,0.0828863727661413,0.04144318638307065,0.5,True,False,7.202227910590997e-08,True,882,2220
3,2,0.0,0.0,dirichlet,9,uniform,0.5,adaptive,stage1,,,5,0.006792067023711823,0.027873657643795013,0.047909952960009494,0.023954976480004747,0.5,True,False,3.394981225330468e-06,True,1050,2664
3,2,0.0,0.0,dirichlet,9,uniform,0.5,adaptive,stage1,,,6,0.00678947818528286,0.027877673506736755,0.03198539299001732,0.01599269649500866,0.5,True,False,4.015862941741943e-06,True,1167,3108
3,2,0.0,0.0,dirichlet,9,uniform,0.5,adaptive,stage1,,,7,0.006784658087937601,0.02787979692220688,0.020416570900786232,0.010208285450393088,0.5,True,False,2.123415470123291e-06,True,1284,3552
3,2,0.0,0.0,dirichlet,9,uniform,0.5,adaptive,stage1,,,8,0.006784314489433285,0.02788007507721583,0.010797294004109718,0.005398647002054859,0.5,True,False,2.781550089529794e-07,True,1401,3996
3,2,0.0,0.0,dirichlet,9,uniform,0.5,adaptive,stage1,,,9,0.006783354435416555,0.02788051466147105,0.006334068473239554,0.003167034236619776,0.5,True,False,4.3958425521850586e-07,True,1518,4440
3,2,0.0,0.0,dirichlet,9,uniform,0.5,adaptive,stage1,,,10,0.006783227941411951,0.027880609035491943,0.003368594375622244,0.0016842971878111498,0.5,True,False,9.437402089321201e-08,True,1635,4884
3,2,0.0,0.0,dirichlet,9,uniform,0.5,adaptive,stage1,,,11,0.006783197736696778,0.0278806338707606,0.001737382688725246,0.0008686913443626508,0.5,True,False,2.4835268657569243e-08,True,1752,5328
3,2,0.0,0.0,dirichlet,9,uniform,0.5,adaptive,stage1,,,12,0.006783242739004436,0.027880641321341198,0.000884620520620407,0.00044231026031017577,0.5,True,False,7.450580596923828e-09,True,1869,5772
3,2,0.0,0.0,reversed,0,uniform,0.5,fixed,stage1,,,0,0.00483842331422224,0.027333468198776245,0.638414353983747,0.3192071769918734,0.5,True,False,,True,198,444
3,2,0.0,0.0,reversed,0,uniform,0.5,fixed,stage1,,,1,0.006193614416837079,0.02771020432313283,0.34507085960042894,0.17253542980021447,0.5,True,False,0.00037673612435658657,True,420,888
3,2,0.0,0.0,reversed,0,uniform,0.5,fixed,stage1,,,2,0.006833813827938684,0.02794299026330312,0.5734370203626097,0.2867185101813049,0.5,True,False,0.00023278594017028809,True,525,1332
3,2,0.0,0.0,reversed,0,uniform,0.5,fixed,stage1,,,3,0.006654113307394738,0.027837947010993958,0.09657111853462455,0.048285559267312275,0.5,True,False,-0.00010504325230916225,True,663,1776
3,2,0.0,0.0,reversed,0,uniform,0.5,fixed,stage1,,,4,0.006735151344519963,0.027859556178251903,0.039900897123984105,0.019950448561992108,0.5,True,False,2.16091672579459e-05,True,798,2220
3,2,0.0,0.0,reversed,0,uniform,0.5,fixed,stage1,,,5,0.0067810833646575475,0.027870632708072662,0.030781571467841416,0.015390785733920652,0.5,True,False,1.1076529820758935e-05,True,972,2664
3,2,0.0,0.0,reversed,0,uniform,0.5,fixed,stage1,,,6,0.006795617823115663,0.027874608834584553,0.02303005639384963,0.011515028196924843,0.5,True,False,3.9761265118905265e-06,True,1140,3108
3,2,0.0,0.0,reversed,0,uniform,0.5,fixed,stage1,,,7,0.006780161079619873,0.027881624797979992,0.026017675485059785,0.013008837742529837,0.5,True,False,7.015963395438918e-06,True,1257,3552
3,2,0.0,0.0,reversed,0,uniform,0.5,fixed,stage1,,,8,0.006787036730896645,0.027878979841868084,0.007379432363915718,0.0036897161819578863,0.5,True,False,-2.644956111907959e-06,True,1374,3996
3,2,0.0,0.0,reversed,0,uniform,0.5,fixed,stage1,,,9,0.006782223492235673,0.027880936861038208,0.007835257847017482,0.003917628923508713,0.5,True,False,1.957019170124169e-06,True,1491,4440
3,2,0.0,0.0,reversed,0,uniform,0.5,fixed,stage1,,,10,0.006783561811829486,0.027880484859148662,0.002950284828741259,0.0014751424143706294,0.5,True,False,-4.5200188954555576e-07,True,1608,4884
3,2,0.0,0.0,reversed,0,uniform,0.5,fixed,stage1,,,11,0.006783176654337808,0.027880651255448658,0.0018305550911268354,0.0009152775455633904,0.5,True,False,1.6639629999565253e-07,True,1725,5328
3,2,0.0,0.0,reversed,0,uniform,0.5,fixed,stage1,,,12,0.006783242739004436,0.027880641321341198,0.0008940361116826752,0.00044701805584136493,0.5,True,False,-9.93410746025214e-09,True,1842,5772
3,2,0.0,0.0,reversed,0,uniform,0.5,adaptive,stage1,,,0,0.00483842331422224,0.027333468198776245,0.638414353983747,0.3192071769918734,0.5,True,False,,True,198,444
3,2,0.0,0.0,reversed,0,uniform,0.5,adaptive,stage1,,,1,0.006193614416837079,0.02771020432313283,0.34507085960042894,0.17253542980021447,0.5,True,False,0.00037673612435658657,True,420,888
3,2,0.0,0.0,reversed,0,uniform,0.5,adaptive,stage1,,,2,0.006833813827938684,0.02794299026330312,0.5734370203626097,0.14335925509065245,0.25,True,False,0.00023278594017028809,True,525,1332
3,2,0.0,0.0,reversed,0,uniform,0.5,adaptive,stage1,,,3,0.00662157669343344,0.02782809982697169,0.11970269137195252,0.029925672842988055,0.25,True,False,-0.00011489043633142876,True,669,1776
3,2,0.0,0.0,reversed,0,uniform,0.5,adaptive,stage1,,,4,0.0066353136995545015,0.027862779796123505,0.13452404605367851,0.016815505756709842,0.125,True,False,3.467996915181362e-05,True,783,2220
3,2,0.0,0.0,reversed,0,uniform,0.5,adaptive,stage1,,,5,0.006554637253920248,0.027894936501979828,0.1856169809973708,0.01160106131233566,0.0625,True,False,3.215670585632324e-05,True,897,2664
3,2,0.0,0.0,reversed,0,uniform,0.5,adaptive,stage1,,,6,0.00654848289125276,0.027897457281748455,0.18077022373345336,0.011298138983340825,0.0625,True,False,2.5207797686270517e-06,True,1011,3108
3,2,0.0,0.0,reversed,0,uniform,0.5,adaptive,stage1,,,7,0.006542102989067544,0.02790010968844096,0.17687004733988168,0.011054377958742652,0.0625,True,False,2.652406692504883e-06,True,1125,3552
3,2,0.0,0.0,reversed,0,uniform,0.5,adaptive,stage1,,,8,0.006535560721193434,0.027902764578660328,0.17353826067809616,0.010846141292380991,0.0625,True,False,2.654890219368211e-06,True,1239,3996
3,2,0.0,0.0,reversed,0,uniform,0.5,adaptive,stage1,,,9,0.006528771845644599,0.027905598282814026,0.17130915158704704,0.010706821974190442,0.0625,True,False,2.8337041536978524e-06,True,1353,4440
3,2,0.0,0.0,reversed,0,uniform,0.5,adaptive,stage1,,,10,0.006521811521974286,0.027908446888128918,0.1696817463611826,0.010605109147573871,0.0625,True,False,2.8486053148917e-06,True,1467,4884
3,2,0.0,0.0,reversed,0,uniform,0.5,adaptive,stage1,,,11,0.006514400137152876,0.027911484241485596,0.16925323211965979,0.010578327007478815,0.0625,True,False,3.037353356678124e-06,True,1581,5328
3,2,0.0,0.0,reversed,0,uniform,0.5,adaptive,stage1,,,12,0.0065064294663876865,0.02791479229927063,0.17038827423813374,0.00851941371190668,0.05,True,False,3.3080577850341797e-06,True,1695,5772
3,2,0.0,0.0,reversed,0,uniform,0.5,adaptive,stage1,,,13,0.006499757649619298,0.027917479475339253,0.1719071831086929,0.008595359155434648,0.05,True,False,2.687176068622704e-06,True,1809,6216
3,2,0.0,0.0,reversed,0,uniform,0.5,adaptive,stage1,,,14,0.006492625684897391,0.02792044480641683,0.1749798280381646,0.008748991401908292,0.05,True,False,2.9653310775756836e-06,True,1923,6660
3,2,0.0,0.0,reversed,0,uniform,0.5,adaptive,stage1,,,15,0.006484751042400205,0.027923695743083954,0.17979638694944675,0.008989819347472349,0.05,True,False,3.250936667125587e-06,True,2037,7104
3,2,0.0,0.0,reversed,0,uniform,0.5,adaptive,stage1,,,16,0.006476007322042676,0.027927284439404804,0.186814216822068,0.009340710841103338,0.05,True,False,3.5886963208504874e-06,True,2151,7548
3,2,0.0,0.0,reversed,0,uniform,0.5,adaptive,stage1,,,17,0.006465982700888162,0.027931394676367443,0.1972922369438853,0.009864611847194359,0.05,True,False,4.110236962638625e-06,True,2265,7992
3,2,0.0,0.0,reversed,0,uniform,0.5,adaptive,stage1,,,18,0.006765173020081505,0.02786734700202942,0.041822455768555464,0.002091122788427737,0.05,True,False,-6.404767433802402e-05,True,2505,8436
3,2,0.0,0.0,reversed,0,uniform,0.5,adaptive,stage1,,,19,0.0067700707651283665,0.02786758045355479,0.03931149917799627,0.0019655749588996935,0.05,True,False,2.3345152537143643e-07,True,2772,8880
4,2,0.0,0.0,stage0,0,uniform,0.5,fixed,stage1,,,0,0.019001633870175283,0.01725243280331294,0.6279705957945676,0.3139852978972838,0.5,True,False,,True,120,183
4,2,0.0,0.0,stage0,0,uniform,0.5,fixed,stage1,,,1,0.04593099772938558,0.024432234466075897,0.333935224911575,0.1669676124557875,0.5,True,False,0.007179801662762959,True,237,366
4,2,0.0,0.0,stage0,0,uniform,0.5,fixed,stage1,,,2,0.045373463819885274,0.024196825921535492,0.1669676124557875,0.08348380622789375,0.5,True,False,-0.00023540854454040527,True,360,549
4,2,0.0,0.0,stage0,0,uniform,0.5,fixed,stage1,,,3,0.04544333929255373,0.02433960388104121,0.08348380622789381,0.04174190311394699,0.5,True,False,0.00014277795950571812,True,447,732
4,2,0.0,0.0,stage0,0,uniform,0.5,fixed,stage1,,,4,0.04561676104713008,0.024521614114443462,0.04174190311394671,0.0208709515569733,0.5,True,False,0.0001820102334022522,True,534,915
4,2,0.0,0.0,stage0,0,uniform,0.5,fixed,stage1,,,5,0.0457308561708718,0.024359405040740967,0.020870951556973355,0.010435475778486815,0.5,True,False,-0.00016220907370249546,True,750,1098
4,2,0.0,0.0,stage0,0,uniform,0.5,fixed,stage1,,,6,0.04577512507720982,0.024381535748640697,0.010435475778486598,0.005217737889243271,0.5,True,False,2.2130707899730567e-05,True,957,1281
4,2,0.0,0.0,stage0,0,uniform,0.5,fixed,stage1,,,7,0.04574686957015217,0.024369222422440846,0.005217737889243326,0.0026088689446217717,0.5,True,False,-1.231332619985176e-05,True,1215,1464
4,2,0.0,0.0,stage0,0,uniform,0.5,fixed,stage1,,,8,0.04575513931558817,0.02436983088652293,0.0026088689446216095,0.0013044344723108052,0.5,True,False,6.084640820844256e-07,True,1488,1647
4,2,0.0,0.0,stage0,0,uniform,0.5,fixed,stage1,,,9,0.04575693024894889,0.024371566871802013,0.0013044344723107488,0.0006522172361553471,0.5,True,False,1.735985279083252e-06,True,1692,1830
4,2,0.0,0.0,stage0,0,uniform,0.5,fixed,stage1,,,10,0.04574022415734191,0.02436326692501704,0.0006522172361554035,0.00032610861807764666,0.5,True,False,-8.299946784973145e-06,True,1887,2013
4,2,0.0,0.0,stage0,0,uniform,0.5,adaptive,stage1,,,0,0.019001633870175283,0.01725243280331294,0.6279705957945676,0.3139852978972838,0.5,True,False,,True,120,183
4,2,0.0,0.0,stage0,0,uniform,0.5,adaptive,stage1,,,1,0.04593099772938558,0.024432234466075897,0.333935224911575,0.1669676124557875,0.5,True,False,0.007179801662762959,True,237,366
4,2,0.0,0.0,stage0,0,uniform,0.5,adaptive,stage1,,,2,0.045373463819885274,0.024196825921535492,0.1669676124557875,0.08348380622789375,0.5,True,False,-0.00023540854454040527,True,360,549
4,2,0.0,0.0,stage0,0,uniform,0.5,adaptive,stage1,,,3,0.04544333929255373,0.02433960388104121,0.08348380622789381,0.04174190311394699,0.5,True,False,0.00014277795950571812,True,447,732
4,2,0.0,0.0,stage0,0,uniform,0.5,adaptive,stage1,,,4,0.04561676104713008,0.024521614114443462,0.04174190311394671,0.0208709515569733,0.5,True,False,0.0001820102334022522,True,534,915
4,2,0.0,0.0,stage0,0,uniform,0.5,adaptive,stage1,,,5,0.0457308561708718,0.024359405040740967,0.020870951556973355,0.010435475778486815,0.5,True,False,-0.00016220907370249546,True,750,1098
4,2,0.0,0.0,stage0,0,uniform,0.5,adaptive,stage1,,,6,0.04577512507720982,0.024381535748640697,0.010435475778486598,0.005217737889243271,0.5,True,False,2.2130707899730567e-05,True,957,1281
4,2,0.0,0.0,stage0,0,uniform,0.5,adaptive,stage1,,,7,0.04574686957015217,0.024369222422440846,0.005217737889243326,0.0026088689446217717,0.5,True,False,-1.231332619985176e-05,True,1215,1464
4,2,0.0,0.0,stage0,0,uniform,0.5,adaptive,stage1,,,8,0.04575513931558817,0.02436983088652293,0.0026088689446216095,0.0013044344723108052,0.5,True,False,6.084640820844256e-07,True,1488,1647
4,2,0.0,0.0,stage0,0,uniform,0.5,adaptive,stage1,,,9,0.04575693024894889,0.024371566871802013,0.0013044344723107488,0.0006522172361553471,0.5,True,False,1.735985279083252e-06,True,1692,1830
4,2,0.0,0.0,stage0,0,uniform,0.5,adaptive,stage1,,,10,0.04574022415734191,0.02436326692501704,0.0006522172361554035,0.00032610861807764666,0.5,True,False,-8.299946784973145e-06,True,1887,2013
4,2,0.0,0.0,uniform,0,uniform,0.5,fixed,stage1,,,0,0.019435003960637687,0.016787951191266377,0.687326377398064,0.343663188699032,0.5,True,False,,True,213,183
4,2,0.0,0.0,uniform,0,uniform,0.5,fixed,stage1,,,1,0.04606500851855344,0.02435288081566493,0.40734660035197123,0.20367330017598562,0.5,True,False,0.007564929624398552,True,411,366
4,2,0.0,0.0,uniform,0,uniform,0.5,fixed,stage1,,,2,0.046399259348287814,0.024489738047122955,0.20459886711166747,0.10229943355583379,0.5,True,False,0.000136857231458027,True,525,549
4,2,0.0,0.0,uniform,0,uniform,0.5,fixed,stage1,,,3,0.04563272911025251,0.02431356410185496,0.1011087117587873,0.05055435587939357,0.5,True,False,-0.00017617394526799404,True,648,732
4,2,0.0,0.0,uniform,0,uniform,0.5,fixed,stage1,,,4,0.04530565072251136,0.024194863935311634,0.0497558396840035,0.02487791984200183,0.5,True,False,-0.0001187001665433271,True,735,915
4,2,0.0,0.0,uniform,0,uniform,0.5,fixed,stage1,,,5,0.04553452342330999,0.024435197313626606,0.026497814767560367,0.01324890738378024,0.5,True,False,0.00024033337831497192,True,822,1098
4,2,0.0,0.0,uniform,0,uniform,0.5,fixed,stage1,,,6,0.04566674408683724,0.024574071168899536,0.01419060957860594,0.007095304789302915,0.5,True,False,0.00013887385527293003,True,909,1281
4,2,0.0,0.0,uniform,0,uniform,0.5,fixed,stage1,,,7,0.045775816007775916,0.024381592869758606,0.005791224550137686,0.002895612275068871,0.5,True,False,-0.00019247829914093018,True,1077,1464
4,2,0.0,0.0,uniform,0,uniform,0.5,fixed,stage1,,,8,0.04582167531435033,0.024400311211744945,0.0030220822022455013,0.0015110411011227502,0.5,True,False,1.8718341986339454e-05,True,1365,1647
4,2,0.0,0.0,uniform,0,uniform,0.5,fixed,stage1,,,9,0.045834825153491465,0.02441026270389557,0.0015783087488020322,0.0007891543744010156,0.5,True,False,9.951492150623437e-06,True,1596,1830
4,2,0.0,0.0,uniform,0,uniform,0.5,fixed,stage1,,,10,0.045740213994648116,0.024362968901793163,0.0006635390305857946,0.00033176951529289775,0.5,True,False,-4.729380210240566e-05,True,1854,2013
4,2,0.0,0.0,uniform,0,uniform,0.5,adaptive,stage1,,,0,0.019435003960637687,0.016787951191266377,0.687326377398064,0.343663188699032,0.5,True,False,,True,213,183
4,2,0.0,0.0,uniform,0,uniform,0.5,adaptive,stage1,,,1,0.04606500851855344,0.02435288081566493,0.40734660035197123,0.20367330017598562,0.5,True,False,0.007564929624398552,True,411,366
4,2,0.0,0.0,uniform,0,uniform,0.5,adaptive,stage1,,,2,0.046399259348287814,0.024489738047122955,0.20459886711166747,0.10229943355583379,0.5,True,False,0.000136857231458027,True,525,549
4,2,0.0,0.0,uniform,0,uniform,0.5,adaptive,stage1,,,3,0.04563272911025251,0.02431356410185496,0.1011087117587873,0.05055435587939357,0.5,True,False,-0.00017617394526799404,True,648,732
4,2,0.0,0.0,uniform,0,uniform,0.5,adaptive,stage1,,,4,0.04530565072251136,0.024194863935311634,0.0497558396840035,0.02487791984200183,0.5,True,False,-0.0001187001665433271,True,735,915
4,2,0.0,0.0,uniform,0,uniform,0.5,adaptive,stage1,,,5,0.04553452342330999,0.024435197313626606,0.026497814767560367,0.01324890738378024,0.5,True,False,0.00024033337831497192,True,822,1098
4,2,0.0,0.0,uniform,0,uniform,0.5,adaptive,stage1,,,6,0.04566674408683724,0.024574071168899536,0.01419060957860594,0.007095304789302915,0.5,True,False,0.00013887385527293003,True,909,1281
4,2,0.0,0.0,uniform,0,uniform,0.5,adaptive,stage1,,,7,0.045775816007775916,0.024381592869758606,0.005791224550137686,0.002895612275068871,0.5,True,False,-0.00019247829914093018,True,1077,1464
4,2,0.0,0.0,uniform,0,uniform,0.5,adaptive,stage1,,,8,0.04582167531435033,0.024400311211744945,0.0030220822022455013,0.0015110411011227502,0.5,True,False,1.8718341986339454e-05,True,1365,1647
4,2,0.0,0.0,uniform,0,uniform,0.5,adaptive,stage1,,,9,0.045834825153491465,0.02441026270389557,0.0015783087488020322,0.0007891543744010156,0.5,True,False,9.951492150623437e-06,True,1596,1830
4,2,0.0,0.0,uniform,0,uniform,0.5,adaptive,stage1,,,10,0.045740213994648116,0.024362968901793163,0.0006635390305857946,0.00033176951529289775,0.5,True,False,-4.729380210240566e-05,True,1854,2013
4,2,0.0,0.0,dirichlet,0,uniform,0.5,fixed,stage1,,,0,0.014716080520273067,0.01480116198460261,0.3953541672500034,0.19767708362500172,0.5,True,False,,True,120,183
4,2,0.0,0.0,dirichlet,0,uniform,0.5,fixed,stage1,,,1,0.04606389326013982,0.024353019893169403,0.2889010775659045,0.14445053878295222,0.5,True,False,0.009551857908566793,True,300,366
4,2,0.0,0.0,dirichlet,0,uniform,0.5,fixed,stage1,,,2,0.04608440965716909,0.02434983601172765,0.1444290540153645,0.07221452700768227,0.5,True,False,-3.1838814417532724e-06,True,459,549
4,2,0.0,0.0,dirichlet,0,uniform,0.5,fixed,stage1,,,3,0.04613974191887138,0.0246898556749026,0.07452132962699909,0.0372606648134996,0.5,True,False,0.0003400196631749494,True,564,732
4,2,0.0,0.0,dirichlet,0,uniform,0.5,fixed,stage1,,,4,0.045253446843645406,0.024139973024527233,0.03354249282296812,0.016771246411483975,0.5,True,False,-0.0005498826503753662,True,651,915
4,2,0.0,0.0,dirichlet,0,uniform,0.5,fixed,stage1,,,5,0.04550229884801915,0.024401336908340454,0.018530410030822175,0.009265205015411086,0.5,True,False,0.0002613638838132211,True,738,1098
4,2,0.0,0.0,dirichlet,0,uniform,0.5,fixed,stage1,,,6,0.04564729585919558,0.0245536466439565,0.010297122841990053,0.005148561420994999,0.5,True,False,0.00015230973561604702,True,825,1281
4,2,0.0,0.0,dirichlet,0,uniform,0.5,fixed,stage1,,,7,0.04573263127706184,0.024643249809741974,0.005757980579700883,0.0028789902898504974,0.5,True,False,8.960316578547275e-05,True,912,1464
4,2,0.0,0.0,dirichlet,0,uniform,0.5,fixed,stage1,,,8,0.04573849159394783,0.02436332404613495,0.001236603962517728,0.0006183019812588918,0.5,True,False,-0.00027992576360702515,True,1083,1647
4,2,0.0,0.0,dirichlet,0,uniform,0.5,fixed,stage1,,,9,0.04574908984919546,0.02436710645755132,0.0006183019812587261,0.00030915099062933486,0.5,True,False,3.782411416370507e-06,True,1332,1830
4,2,0.0,0.0,dirichlet,0,uniform,0.5,adaptive,stage1,,,0,0.00686567679424499,0.019035997490088146,1.1444097322703402,0.5722048661351702,0.5,True,False,,True,210,183
4,2,0.0,0.0,dirichlet,0,uniform,0.5,adaptive,stage1,,,1,0.004056680255636991,0.02594553679227829,0.6163144774413347,0.3081572387206674,0.5,True,False,0.006909539302190144,True,396,366
4,2,0.0,0.0,dirichlet,0,uniform,0.5,adaptive,stage1,,,2,0.04606862412624224,0.024355053901672363,0.2971449065571009,0.14857245327855043,0.5,True,False,-0.0015904828906059265,True,552,549
4,2,0.0,0.0,dirichlet,0,uniform,0.5,adaptive,stage1,,,3,0.04606376147269842,0.024353064596652985,0.14855902836502152,0.07427951418251073,0.5,True,False,-1.989305019378662e-06,True,750,732
4,2,0.0,0.0,dirichlet,0,uniform,0.5,adaptive,stage1,,,4,0.046063744755089786,0.024353029827276867,0.07427927954738013,0.03713963977369009,0.5,True,False,-3.476937611782138e-08,True,993,915
4,2,0.0,0.0,dirichlet,0,uniform,0.5,adaptive,stage1,,,5,0.04578998440217674,0.024418977399667103,0.037585142557584474,0.01879257127879232,0.5,True,False,6.594757239023613e-05,True,1110,1098
4,2,0.0,0.0,dirichlet,0,uniform,0.5,adaptive,stage1,,,6,0.04529124003150997,0.02417963246504466,0.017180144812854202,0.008590072406427156,0.5,True,False,-0.00023934493462244438,True,1197,1281
4,2,0.0,0.0,dirichlet,0,uniform,0.5,adaptive,stage1,,,7,0.04552268997568376,0.02442271759112676,0.010227793425597802,0.005113896712798901,0.5,True,False,0.00024308512608210014,True,1284,1464
4,2,0.0,0.0,dirichlet,0,uniform,0.5,adaptive,stage1,,,8,0.04565879932609462,0.02456569919983546,0.006083131407569127,0.003041565703784563,0.5,True,False,0.00014298160870870186,True,1371,1647
4,2,0.0,0.0,dirichlet,0,uniform,0.5,adaptive,stage1,,,9,0.04583723702026887,0.02439994364976883,0.0019183597003718062,0.0009591798501859868,0.5,True,False,-0.0001657555500666312,True,1593,1830
4,2,0.0,0.0,dirichlet,0,uniform,0.5,adaptive,stage1,,,10,0.04584974952054033,0.024394482374191284,0.0009222735496603783,0.0004611367748302165,0.5,True,False,-5.461275577545166e-06,True,1788,2013
4,2,0.0,0.0,dirichlet,1,uniform,0.5,fixed,stage1,,,0,0.04606376162323045,0.02435304472843806,0.5375655393282919,0.26878276966414594,0.5,True,False,,True,189,183
4,2,0.0,0.0,dirichlet,1,uniform,0.5,fixed,stage1,,,1,0.04618039722246792,0.02434440702199936,0.2688410517239125,0.1344205258619563,0.5,True,False,-8.637706438701515e-06,True,324,366
4,2,0.0,0.0,dirichlet,1,uniform,0.5,fixed,stage1,,,2,0.040513708744347454,0.019519036014874775,0.1646549610596804,0.08232748052984018,0.5,True,False,-0.004825371007124584,True,441,549
4,2,0.0,0.0,dirichlet,1,uniform,0.5,fixed,stage1,,,3,0.050119073429996774,0.023780457675457,0.05586390036171386,0.027931950180856903,0.5,True,False,0.004261421660582226,True,627,732
4,2,0.0,0.0,dirichlet,1,uniform,0.5,fixed,stage1,,,4,0.0461309207686913,0.024347667892773945,0.02413909463325385,0.012069547316626869,0.5,True,False,0.0005672102173169442,True,813,915
4,2,0.0,0.0,dirichlet,1,uniform,0.5,fixed,stage1,,,5,0.046126624432329066,0.02434268097082774,0.012103192273005513,0.006051596136502812,0.5,True,False,-4.986921946205369e-06,True,1017,1098
4,2,0.0,0.0,dirichlet,1,uniform,0.5,fixed,stage1,,,6,0.045564355811453794,0.024282701313495636,0.00645583955051444,0.0032279197752572205,0.5,True,False,-5.9979657332103614e-05,True,1230,1281
4,2,0.0,0.0,dirichlet,1,uniform,0.5,fixed,stage1,,,7,0.04579943518928964,0.02439014861981074,0.00254040787439314,0.001270203937196652,0.5,True,False,0.00010744730631510532,True,1488,1464
4,2,0.0,0.0,dirichlet,1,uniform,0.5,fixed,stage1,,,8,0.045701594933005296,0.024346301952997845,0.0015476410129571568,0.0007738205064785507,0.5,True,False,-4.384666681289673e-05,True,1638,1647
4,2,0.0,0.0,dirichlet,1,uniform,0.5,fixed,stage1,,,9,0.04573747872747802,0.024361764391263325,0.0006694716381281246,0.00033473581906403455,0.5,True,False,1.546243826548027e-05,True,1893,1830
4,2,0.0,0.0,dirichlet,1,uniform,0.5,adaptive,stage1,,,0,0.009447854660866284,0.017930537462234497,1.2847176723920521,0.6423588361960262,0.5,True,False,,True,228,183
4,2,0.0,0.0,dirichlet,1,uniform,0.5,adaptive,stage1,,,1,0.018788411747049594,0.017290833095709484,0.6336300255316087,0.3168150127658043,0.5,True,False,-0.0006397043665250131,True,405,366
4,2,0.0,0.0,dirichlet,1,uniform,0.5,adaptive,stage1,,,2,0.045981284420857804,0.024441649516423542,0.3362485033326962,0.16812425166634812,0.5,True,False,0.007150816420714058,True,519,549
4,2,0.0,0.0,dirichlet,1,uniform,0.5,adaptive,stage1,,,3,0.045426480396470126,0.02422056843837102,0.1681242516663481,0.08406212583317402,0.5,True,False,-0.00022108107805252075,True,630,732
4,2,0.0,0.0,dirichlet,1,uniform,0.5,adaptive,stage1,,,4,0.04541326396311263,0.024307983616987865,0.08406212583317402,0.042031062916587064,0.5,True,False,8.741517861684395e-05,True,717,915
4,2,0.0,0.0,dirichlet,1,uniform,0.5,adaptive,stage1,,,5,0.045599443390791805,0.024503454566001892,0.0420310629165869,0.021015531458293504,0.5,True,False,0.00019547094901402676,True,804,1098
4,2,0.0,0.0,dirichlet,1,uniform,0.5,adaptive,stage1,,,6,0.045705571792211686,0.024614892899990082,0.021252522787926286,0.010626261393963143,0.5,True,False,0.0001114383339881897,True,891,1281
4,2,0.0,0.0,dirichlet,1,uniform,0.5,adaptive,stage1,,,7,0.045717391889702697,0.02435433367888133,0.010507765729146724,0.005253882864573279,0.5,True,False,-0.0002605592211087533,True,1065,1464
4,2,0.0,0.0,dirichlet,1,uniform,0.5,adaptive,stage1,,,8,0.045749738279674546,0.02436920255422592,0.005253882864573334,0.0026269414322868043,0.5,True,False,1.4868875344593163e-05,True,1338,1647
4,2,0.0,0.0,dirichlet,1,uniform,0.5,adaptive,stage1,,,9,0.04573824303894547,0.02436380336682002,0.002626941432286585,0.001313470716143265,0.5,True,False,-5.399187405902978e-06,True,1509,1830
4,2,0.0,0.0,dirichlet,1,uniform,0.5,adaptive,stage1,,,10,0.0457389601001541,0.02436397721370061,0.0013134707161433744,0.0006567353580717149,0.5,True,False,1.7384688059257636e-07,True,1680,2013
4,2,0.0,0.0,dirichlet,1,uniform,0.5,adaptive,stage1,,,11,0.04573818105349403,0.02436227599779765,0.0006567353580717158,0.00032836767903585834,0.5,True,False,-1.7012159029619611e-06,True,1929,2196
4,2,0.0,0.0,dirichlet,2,uniform,0.5,fixed,stage1,,,0,0.010852471360770721,0.014527676006158194,1.0422148169638763,0.5211074084819382,0.5,True,False,,True,279,183
4,2,0.0,0.0,dirichlet,2,uniform,0.5,fixed,stage1,,,1,0.018461359275336875,0.01643427461385727,0.547196684789451,0.2735983423947256,0.5,True,False,0.0019065986076990758,True,561,366
4,2,0.0,0.0,dirichlet,2,uniform,0.5,fixed,stage1,,,2,0.04606376162323045,0.02435304472843806,0.3423522679632292,0.17117613398161458,0.5,True,False,0.007918770114580791,True,759,549
4,2,0.0,0.0,dirichlet,2,uniform,0.5,fixed,stage1,,,3,0.04618899052622183,0.02438308795293172,0.1713789723893723,0.08568948619468612,0.5,True,False,3.0043224493660203e-05,True,879,732
4,2,0.0,0.0,dirichlet,2,uniform,0.5,fixed,stage1,,,4,0.045964402952376915,0.024507855375607807,0.08653393899821953,0.043266969499109846,0.5,True,False,0.00012476742267608643,True,984,915
4,2,0.0,0.0,dirichlet,2,uniform,0.5,fixed,stage1,,,5,0.045352853601924537,0.024193714062372845,0.041147180412448574,0.020573590206224315,0.5,True,False,-0.0003141413132349627,True,1098,1098
4,2,0.0,0.0,dirichlet,2,uniform,0.5,fixed,stage1,,,6,0.0454598061749536,0.02435671289761861,0.021670843530014108,0.010835421765007026,0.5,True,False,0.00016299883524576592,True,1185,1281
4,2,0.0,0.0,dirichlet,2,uniform,0.5,fixed,stage1,,,7,0.04562247715179524,0.024527547260125477,0.01199154348349575,0.005995771741747848,0.5,True,False,0.00017083436250686646,True,1272,1464
4,2,0.0,0.0,dirichlet,2,uniform,0.5,fixed,stage1,,,8,0.04571795025013081,0.024627876778443653,0.006677692680754,0.0033388463403770828,0.5,True,False,0.00010032951831817627,True,1359,1647
4,2,0.0,0.0,dirichlet,2,uniform,0.5,fixed,stage1,,,9,0.045835411862444886,0.024410846332708996,0.0018664712317007677,0.0009332356158504394,0.5,True,False,-0.00021703044573465752,True,1650,1830
4,2,0.0,0.0,dirichlet,2,uniform,0.5,fixed,stage1,,,10,0.045745008931248776,0.024368224044640858,0.0007683296380144112,0.0003841648190070967,0.5,True,False,-4.262228806813789e-05,True,1878,2013
4,2,0.0,0.0,dirichlet,2,uniform,0.5,adaptive,stage1,,,0,0.002143223566974939,0.020999011894067127,0.9951427198432308,0.4975713599216153,0.5,True,False,,True,249,183
4,2,0.0,0.0,dirichlet,2,uniform,0.5,adaptive,stage1,,,1,0.020432861777544886,0.013558881978193918,0.41170940103070175,0.20585470051535093,0.5,True,False,-0.007440129915873209,True,552,366
4,2,0.0,0.0,dirichlet,2,uniform,0.5,adaptive,stage1,,,2,0.04608653756402781,0.02436400204896927,0.3132785783920303,0.15663928919601525,0.5,True,False,0.01080512007077535,True,690,549
4,2,0.0,0.0,dirichlet,2,uniform,0.5,adaptive,stage1,,,3,0.046471319939733746,0.02429640789826711,0.15618347282992093,0.07809173641496041,0.5,True,False,-6.759415070215977e-05,True,969,732
4,2,0.0,0.0,dirichlet,2,uniform,0.5,adaptive,stage1,,,4,0.045863315410009875,0.024397718409697216,0.07877528324543147,0.03938764162271579,0.5,True,False,0.00010131051143010689,True,1095,915
4,2,0.0,0.0,dirichlet,2,uniform,0.5,adaptive,stage1,,,5,0.04546870663628333,0.02426426609357198,0.03848769210491343,0.019243846052456687,0.5,True,False,-0.00013345231612523628,True,1206,1098
4,2,0.0,0.0,dirichlet,2,uniform,0.5,adaptive,stage1,,,6,0.04542866468552553,0.024323960145314533,0.01964592710790283,0.00982296355395144,0.5,True,False,5.969405174255371e-05,True,1293,1281
4,2,0.0,0.0,dirichlet,2,uniform,0.5,adaptive,stage1,,,7,0.04560399322870978,0.02450816084941228,0.011068507931490931,0.005534253965745521,0.5,True,False,0.0001842007040977478,True,1380,1464
4,2,0.0,0.0,dirichlet,2,uniform,0.5,adaptive,stage1,,,8,0.04570696795454232,0.024616313477357227,0.006268984221538757,0.0031344921107693234,0.5,True,False,0.00010815262794494629,True,1467,1647
4,2,0.0,0.0,dirichlet,2,uniform,0.5,adaptive,stage1,,,9,0.045800554403413685,0.024392967422803242,0.0016199815511115908,0.0008099907755557663,0.5,True,False,-0.0002233460545539856,True,1689,1830
4,2,0.0,0.0,dirichlet,2,uniform,0.5,adaptive,stage1,,,10,0.04574005406897719,0.024362894395987194,0.0006068874216056952,0.0003034437108027921,0.5,True,False,-3.00730268160479e-05,True,1884,2013
4,2,0.0,0.0,dirichlet,3,uniform,0.5,fixed,stage1,,,0,0.004413352629679679,0.021913920839627583,1.2734593074594203,0.6367296537297101,0.5,True,False,,True,144,183
4,2,0.0,0.0,dirichlet,3,uniform,0.5,fixed,stage1,,,1,0.02744677597235423,0.02078384906053543,0.6367296537297101,0.3183648268648551,0.5,True,False,-0.0011300717790921518,True,426,366
4,2,0.0,0.0,dirichlet,3,uniform,0.5,fixed,stage1,,,2,0.0478026528335036,0.024128598471482594,0.31836482686485507,0.15918241343242756,0.5,True,False,0.0033447494109471627,True,588,549
4,2,0.0,0.0,dirichlet,3,uniform,0.5,fixed,stage1,,,3,0.046301266037861666,0.02450360357761383,0.1591824134324275,0.07959120671621372,0.5,True,False,0.0003750051061312369,True,702,732
4,2,0.0,0.0,dirichlet,3,uniform,0.5,fixed,stage1,,,4,0.045837275745455486,0.024406229456265766,0.07959120671621367,0.03979560335810686,0.5,True,False,-9.737412134806431e-05,True,945,915
4,2,0.0,0.0,dirichlet,3,uniform,0.5,fixed,stage1,,,5,0.04549268308348786,0.024248600006103516,0.03979560335810692,0.01989780167905343,0.5,True,False,-0.00015762945016225063,True,1146,1098
4,2,0.0,0.0,dirichlet,3,uniform,0.5,fixed,stage1,,,6,0.045595357812203474,0.02429623156785965,0.019897801679053483,0.00994890083952677,0.5,True,False,4.763156175613403e-05,True,1353,1281
4,2,0.0,0.0,dirichlet,3,uniform,0.5,fixed,stage1,,,7,0.0459050251761397,0.024385941525300343,0.009948900839526714,0.004974450419763439,0.5,True,False,8.970995744069302e-05,True,1614,1464
4,2,0.0,0.0,dirichlet,3,uniform,0.5,fixed,stage1,,,8,0.0457077527883758,0.024348090092341106,0.00497445041976322,0.002487225209881554,0.5,True,False,-3.7851432959236375e-05,True,1842,1647
4,2,0.0,0.0,dirichlet,3,uniform,0.5,fixed,stage1,,,9,0.045750127100980365,0.024368961652119953,0.002487225209881666,0.0012436126049409713,0.5,True,False,2.087155977884697e-05,True,2103,1830
4,2,0.0,0.0,dirichlet,3,uniform,0.5,fixed,stage1,,,10,0.045759836230626405,0.02437244604031245,0.0012436126049408056,0.0006218063024704306,0.5,True,False,3.4843881924970233e-06,True,2310,2013
4,2,0.0,0.0,dirichlet,3,uniform,0.5,fixed,stage1,,,11,0.04580466092861357,0.024392579992612202,0.0006271575066275521,0.0003135787533137483,0.5,True,False,2.0133952299751512e-05,True,2547,2196
4,2,0.0,0.0,dirichlet,3,uniform,0.5,adaptive,stage1,,,0,0.04224253501442021,0.022967221836249035,0.5273382099901596,0.2636691049950798,0.5,True,False,,True,228,183
4,2,0.0,0.0,dirichlet,3,uniform,0.5,adaptive,stage1,,,1,0.04582750619577958,0.02440032611290614,0.26366910499507973,0.13183455249753986,0.5,True,False,0.0014331042766571045,True,396,366
4,2,0.0,0.0,dirichlet,3,uniform,0.5,adaptive,stage1,,,2,0.04523690962605542,0.024131062130133312,0.13183455249753984,0.06591727624876995,0.5,True,False,-0.00026926398277282715,True,483,549
4,2,0.0,0.0,dirichlet,3,uniform,0.5,adaptive,stage1,,,3,0.04550274027742063,0.024401937921841938,0.06591727624876989,0.032958638124384945,0.5,True,False,0.000270875791708626,True,570,732
4,2,0.0,0.0,dirichlet,3,uniform,0.5,adaptive,stage1,,,4,0.045650228056501874,0.024556773404280346,0.032958638124384945,0.016479319062192528,0.5,True,False,0.00015483548243840767,True,657,915
4,2,0.0,0.0,dirichlet,3,uniform,0.5,adaptive,stage1,,,5,0.04573875625695223,0.02436253676811854,0.01647931906219242,0.00823965953109621,0.5,True,False,-0.0001942366361618042,True,888,1098
4,2,0.0,0.0,dirichlet,3,uniform,0.5,adaptive,stage1,,,6,0.04573962263294362,0.02436268577973048,0.008239659531096264,0.004119829765548132,0.5,True,False,1.4901161193847656e-07,True,1131,1281
4,2,0.0,0.0,dirichlet,3,uniform,0.5,adaptive,stage1,,,7,0.04574814981105213,0.024369016289711,0.004119829765548077,0.002059914882774039,0.5,True,False,6.330509980518456e-06,True,1341,1464
4,2,0.0,0.0,dirichlet,3,uniform,0.5,adaptive,stage1,,,8,0.04573984522591523,0.024362956484158833,0.0020599148827739827,0.0010299574413870733,0.5,True,False,-6.05980555216587e-06,True,1536,1647
4,2,0.0,0.0,dirichlet,3,uniform,0.5,adaptive,stage1,,,9,0.04574411023241609,0.024367389579614002,0.0010299574413869094,0.0005149787206935102,0.5,True,False,4.433095455169678e-06,True,1767,1830
4,2,0.0,0.0,dirichlet,3,uniform,0.5,adaptive,stage1,,,10,0.045739995050254834,0.024363403518994648,0.0005149787206933992,0.0002574893603468102,0.5,True,False,-3.986060619354248e-06,True,2016,2013
4,2,0.0,0.0,dirichlet,4,uniform,0.5,fixed,stage1,,,0,0.001561127155381925,0.02395013968149821,0.7779698740050036,0.3889849370025018,0.5,True,False,,True,123,183
4,2,0.0,0.0,dirichlet,4,uniform,0.5,fixed,stage1,,,1,0.04822698500538536,0.024136404196421306,0.3902296199711457,0.19511480998557285,0.5,True,False,0.0001862645149230957,True,483,366
4,2,0.0,0.0,dirichlet,4,uniform,0.5,fixed,stage1,,,2,0.046063744755089786,0.024353029827276867,0.19657165104085245,0.09828582552042625,0.5,True,False,0.0002166256308555603,True,672,549
4,2,0.0,0.0,dirichlet,4,uniform,0.5,fixed,stage1,,,3,0.04606526653487464,0.02435421695311864,0.09829383678098269,0.04914691839049137,0.5,True,False,1.187125841774217e-06,True,822,732
4,2,0.0,0.0,dirichlet,4,uniform,0.5,fixed,stage1,,,4,0.04614590626821702,0.024696114162604015,0.05146685263515757,0.025733426317578814,0.5,True,False,0.0003418972094853742,True,927,915
4,2,0.0,0.0,dirichlet,4,uniform,0.5,fixed,stage1,,,5,0.045900714609707904,0.024383967121442158,0.02361435845074518,0.011807179225372617,0.5,True,False,-0.0003121470411618574,True,1173,1098
4,2,0.0,0.0,dirichlet,4,uniform,0.5,fixed,stage1,,,6,0.045524498247516476,0.02442462493975957,0.012081999298340147,0.006040999649170129,0.5,True,False,4.065781831741333e-05,True,1260,1281
4,2,0.0,0.0,dirichlet,4,uniform,0.5,fixed,stage1,,,7,0.04566001646994167,0.024566983183224995,0.007006057792005057,0.0035030288960025283,0.5,True,False,0.00014235824346542358,True,1347,1464
4,2,0.0,0.0,dirichlet,4,uniform,0.5,fixed,stage1,,,8,0.045833740422114744,0.024397621552149456,0.002355405975753193,0.0011777029878766243,0.5,True,False,-0.00016936163107553887,True,1608,1647
4,2,0.0,0.0,dirichlet,4,uniform,0.5,fixed,stage1,,,9,0.045777965754503214,0.02438253660996755,0.0010757848519347213,0.0005378924259673602,0.5,True,False,-1.5084942181907424e-05,True,1776,1830
4,2,0.0,0.0,dirichlet,4,uniform,0.5,fixed,stage1,,,10,0.045829402096643435,0.024404138326644897,0.0006838548712673241,0.000341927435633633,0.5,True,False,2.1601716677348975e-05,True,2010,2013
4,2,0.0,0.0,dirichlet,4,uniform,0.5,adaptive,stage1,,,0,0.04606376162323045,0.02435304472843806,0.0922104404103641,0.04610522020518213,0.5,True,False,,True,195,183
4,2,0.0,0.0,dirichlet,4,uniform,0.5,adaptive,stage1,,,1,0.04587101459611631,0.02439039448897044,0.04635741839297972,0.02317870919648986,0.5,True,False,3.734976053237915e-05,True,435,366
4,2,0.0,0.0,dirichlet,4,uniform,0.5,adaptive,stage1,,,2,0.045328315010181086,0.024218574166297913,0.02202099613767407,0.011010498068837008,0.5,True,False,-0.0001718203226725272,True,522,549
4,2,0.0,0.0,dirichlet,4,uniform,0.5,adaptive,stage1,,,3,0.0455450435027096,0.024446211755275726,0.012545667397678574,0.0062728336988392315,0.5,True,False,0.00022763758897781372,True,609,732
4,2,0.0,0.0,dirichlet,4,uniform,0.5,adaptive,stage1,,,4,0.04567218102743098,0.024579763412475586,0.007178687277547159,0.0035893436387736347,0.5,True,False,0.00013355165719985962,True,696,915
4,2,0.0,0.0,dirichlet,4,uniform,0.5,adaptive,stage1,,,5,0.04586018079347909,0.024393024543921154,0.0023238041069672767,0.0011619020534836388,0.5,True,False,-0.00018673886855443203,True,957,1098
4,2,0.0,0.0,dirichlet,4,uniform,0.5,adaptive,stage1,,,6,0.04580409311790845,0.024394549429416656,0.0011722058268749226,0.0005861029134374886,0.5,True,False,1.524885495502587e-06,True,1176,1281
4,2,0.0,0.0,dirichlet,4,uniform,0.5,adaptive,stage1,,,7,0.04583552803884672,0.024406140049298603,0.0006644380092034243,0.0003322190046017399,0.5,True,False,1.1590619881946679e-05,True,1422,1464
4,2,0.0,0.0,dirichlet,5,uniform,0.5,fixed,stage1,,,0,0.0014290660550528855,0.02382795015970866,0.9840021960112809,0.4920010980056404,0.5,True,False,,True,213,183
4,2,0.0,0.0,dirichlet,5,uniform,0.5,fixed,stage1,,,1,0.05005627957520886,0.02361808220545451,0.49061279564786453,0.2453063978239322,0.5,True,False,-0.0002098679542541504,True,663,366
4,2,0.0,0.0,dirichlet,5,uniform,0.5,fixed,stage1,,,2,0.046108428614275,0.02438996483882268,0.2504581600394896,0.12522908001974484,0.5,True,False,0.0007718826333681719,True,777,549
4,2,0.0,0.0,dirichlet,5,uniform,0.5,fixed,stage1,,,3,0.046063847987351636,0.02438858151435852,0.12521973412824636,0.06260986706412315,0.5,True,False,-1.3833244641610343e-06,True,879,732
4,2,0.0,0.0,dirichlet,5,uniform,0.5,fixed,stage1,,,4,0.046052618216776864,0.02451513210932414,0.0634665630161977,0.03173328150809885,0.5,True,False,0.00012655059496561802,True,993,915
4,2,0.0,0.0,dirichlet,5,uniform,0.5,fixed,stage1,,,5,0.04571315445282664,0.02441743016242981,0.031071575397820413,0.015535787698910206,0.5,True,False,-9.770194689432896e-05,True,1101,1098
4,2,0.0,0.0,dirichlet,5,uniform,0.5,fixed,stage1,,,6,0.04537809044892782,0.02427083005507787,0.014546761370495629,0.0072733806852478145,0.5,True,False,-0.00014660010735194004,True,1188,1281
4,2,0.0,0.0,dirichlet,5,uniform,0.5,fixed,stage1,,,7,0.0455736810603824,0.024476274847984314,0.008660697738634777,0.004330348869317361,0.5,True,False,0.00020544479290644443,True,1275,1464
4,2,0.0,0.0,dirichlet,5,uniform,0.5,fixed,stage1,,,8,0.04568894054652972,0.024597354233264923,0.0051522297353307845,0.002576114867665475,0.5,True,False,0.00012107938528060913,True,1362,1647
4,2,0.0,0.0,dirichlet,5,uniform,0.5,fixed,stage1,,,9,0.045781679517617135,0.024384543299674988,0.001133673167903933,0.0005668365839519938,0.5,True,False,-0.0002128109335899353,True,1557,1830
4,2,0.0,0.0,dirichlet,5,uniform,0.5,fixed,stage1,,,10,0.04578615455931612,0.024384585519631703,0.0005671217838612392,0.00028356089193067556,0.5,True,False,4.221995671474521e-08,True,1782,2013
4,2,0.0,0.0,dirichlet,5,uniform,0.5,adaptive,stage1,,,0,0.011506354150284892,0.014061684409777323,0.9612296819922566,0.48061484099612833,0.5,True,False,,True,258,183
4,2,0.0,0.0,dirichlet,5,uniform,0.5,adaptive,stage1,,,1,0.019440085638027682,0.016790755093097687,0.5178898731564572,0.2589449365782286,0.5,True,False,0.002729070683320364,True,498,366
4,2,0.0,0.0,dirichlet,5,uniform,0.5,adaptive,stage1,,,2,0.04606365992253281,0.02435365319252014,0.3225930699069631,0.1612965349534816,0.5,True,False,0.007562898099422455,True,678,549
4,2,0.0,0.0,dirichlet,5,uniform,0.5,adaptive,stage1,,,3,0.046112739119145374,0.024350812037785847,0.16127736240812016,0.08063868120406008,0.5,True,False,-2.8411547342947763e-06,True,828,732
4,2,0.0,0.0,dirichlet,5,uniform,0.5,adaptive,stage1,,,4,0.04606640970198406,0.024613723158836365,0.08242021381484209,0.04121010690742099,0.5,True,False,0.0002629111210505179,True,933,915
4,2,0.0,0.0,dirichlet,5,uniform,0.5,adaptive,stage1,,,5,0.04531280696096118,0.02417704959710439,0.03825928286075985,0.019129641430379922,0.5,True,False,-0.00043667356173197544,True,1050,1098
4,2,0.0,0.0,dirichlet,5,uniform,0.5,adaptive,stage1,,,6,0.04548624860781558,0.024384476244449615,0.020526215475804077,0.010263107737902094,0.5,True,False,0.00020742664734522617,True,1137,1281
4,2,0.0,0.0,dirichlet,5,uniform,0.5,adaptive,stage1,,,7,0.045637986463589186,0.02454386403163274,0.011342522103608005,0.005671261051804084,0.5,True,False,0.00015938778718312466,True,1224,1464
4,2,0.0,0.0,dirichlet,5,uniform,0.5,adaptive,stage1,,,8,0.04572705597286131,0.02463744084040324,0.0063075478321577986,0.0031537739160789006,0.5,True,False,9.357680877049995e-05,True,1311,1647
4,2,0.0,0.0,dirichlet,5,uniform,0.5,adaptive,stage1,,,9,0.045742456059411296,0.02436397721370061,0.0014787395713915987,0.0007393697856958271,0.5,True,False,-0.00027346362670262886,True,1560,1830
4,2,0.0,0.0,dirichlet,5,uniform,0.5,adaptive,stage1,,,10,0.045745195103606306,0.024368256330490112,0.0007393697856957725,0.0003696848928479695,0.5,True,False,4.279116789501075e-06,True,1782,2013
4,2,0.0,0.0,dirichlet,6,uniform,0.5,fixed,stage1,,,0,0.016837874037202383,0.015751225252946217,0.5478871788455862,0.2739435894227931,0.5,True,False,,True,384,183
4,2,0.0,0.0,dirichlet,6,uniform,0.5,fixed,stage1,,,1,0.04606544033130433,0.024353064596652985,0.3522794121211755,0.17613970606058765,0.5,True,False,0.008601839343706768,True,585,366
4,2,0.0,0.0,dirichlet,6,uniform,0.5,fixed,stage1,,,2,0.047039797110176806,0.022347167134284973,0.1630217062694661,0.08151085313473308,0.5,True,False,-0.0020058974623680115,True,804,549
4,2,0.0,0.0,dirichlet,6,uniform,0.5,fixed,stage1,,,3,0.0459374977559861,0.024395835896333058,0.0949176842755913,0.04745884213779562,0.5,True,False,0.0020486687620480844,True,918,732
4,2,0.0,0.0,dirichlet,6,uniform,0.5,fixed,stage1,,,4,0.04564303889823229,0.02434371163447698,0.04710690328963736,0.02355345164481868,0.5,True,False,-5.21242618560791e-05,True,1026,915
4,2,0.0,0.0,dirichlet,6,uniform,0.5,fixed,stage1,,,5,0.04534034584532165,0.02423122028509776,0.022795903564981217,0.011397951782490553,0.5,True,False,-0.00011249134937921929,True,1113,1098
4,2,0.0,0.0,dirichlet,6,uniform,0.5,fixed,stage1,,,6,0.045552190629948086,0.024453721940517426,0.012898965522348056,0.006449482761174028,0.5,True,False,0.0002225016554196664,True,1200,1281
4,2,0.0,0.0,dirichlet,6,uniform,0.5,fixed,stage1,,,7,0.04567647262988572,0.024584266046682995,0.007335106304001813,0.003667553152000907,0.5,True,False,0.0001305441061655692,True,1287,1464
4,2,0.0,0.0,dirichlet,6,uniform,0.5,fixed,stage1,,,8,0.04578125597672056,0.024381816387176514,0.002295686805194268,0.0011478434025971613,0.5,True,False,-0.00020244965950648106,True,1545,1647
4,2,0.0,0.0,dirichlet,6,uniform,0.5,fixed,stage1,,,9,0.04578833750758804,0.024386775990327198,0.001181345717805207,0.0005906728589026309,0.5,True,False,4.959603150684472e-06,True,1770,1830
4,2,0.0,0.0,dirichlet,6,uniform,0.5,fixed,stage1,,,10,0.04581221574137828,0.024396002292633057,0.0006530109652337374,0.0003265054826168132,0.5,True,False,9.226302305858497e-06,True,2016,2013
4,2,0.0,0.0,dirichlet,6,uniform,0.5,adaptive,stage1,,,0,0.045185142894967,0.02410471687714259,0.375389853975868,0.187694926987934,0.5,True,False,,True,222,183
4,2,0.0,0.0,dirichlet,6,uniform,0.5,adaptive,stage1,,,1,0.04534327750797473,0.0241818701227506,0.187694926987934,0.093847463493967,0.5,True,False,7.715324560800957e-05,True,417,366
4,2,0.0,0.0,dirichlet,6,uniform,0.5,adaptive,stage1,,,2,0.045484997529698035,0.02424503614505132,0.09384746349396689,0.046923731746983444,0.5,True,False,6.316602230072021e-05,True,645,549
4,2,0.0,0.0,dirichlet,6,uniform,0.5,adaptive,stage1,,,3,0.045587808260776796,0.024292831619580586,0.046923731746983555,0.02346186587349186,0.5,True,False,4.779547452926636e-05,True,867,732
4,2,0.0,0.0,dirichlet,6,uniform,0.5,adaptive,stage1,,,4,0.045704737751997015,0.024347359935442608,0.023461865873491694,0.011730932936745875,0.5,True,False,5.452831586202217e-05,True,1059,915
4,2,0.0,0.0,dirichlet,6,uniform,0.5,adaptive,stage1,,,5,0.04571819580192482,0.024355433881282806,0.011730932936745875,0.005865466468372882,0.5,True,False,8.073945840198632e-06,True,1233,1098
4,2,0.0,0.0,dirichlet,6,uniform,0.5,adaptive,stage1,,,6,0.04576233894221282,0.02437462906042735,0.005865466468372827,0.0029327332341864947,0.5,True,False,1.919517914454258e-05,True,1452,1281
4,2,0.0,0.0,dirichlet,6,uniform,0.5,adaptive,stage1,,,7,0.04573670089568793,0.024361948172251385,0.002932733234186388,0.0014663666170932222,0.5,True,False,-1.2680888175964355e-05,True,1623,1464
4,2,0.0,0.0,dirichlet,6,uniform,0.5,adaptive,stage1,,,8,0.04574000291835212,0.024364026884237926,0.0014663666170931658,0.0007331833085465825,0.5,True,False,2.078711986541748e-06,True,1857,1647
4,2,0.0,0.0,dirichlet,6,uniform,0.5,adaptive,stage1,,,9,0.04573965605096575,0.024362732966740925,0.0007331833085465833,0.000366591654273319,0.5,True,False,-1.2939174970014178e-06,True,2100,1830
4,2,0.0,0.0,dirichlet,7,uniform,0.5,fixed,stage1,,,0,0.000523281062456249,0.022271310289700825,1.109521408361607,0.5547607041808036,0.5,True,False,,True,207,183
4,2,0.0,0.0,dirichlet,7,uniform,0.5,fixed,stage1,,,1,0.011382807068855527,0.014152248700459799,0.4686116984199483,0.2343058492099742,0.5,True,False,-0.008119061589241026,True,660,366
4,2,0.0,0.0,dirichlet,7,uniform,0.5,fixed,stage1,,,2,0.04606576574887988,0.02435370037953059,0.3340573304647343,0.1670286652323672,0.5,True,False,0.010201451679070791,True,834,549
4,2,0.0,0.0,dirichlet,7,uniform,0.5,fixed,stage1,,,3,0.04612411381303083,0.02439272900422414,0.1672922122155843,0.08364610610779218,0.5,True,False,3.902862469355034e-05,True,957,732
4,2,0.0,0.0,dirichlet,7,uniform,0.5,fixed,stage1,,,4,0.046008766786227895,0.02446972330411275,0.08416698342354541,0.04208349171177265,0.5,True,False,7.699429988861084e-05,True,1071,915
4,2,0.0,0.0,dirichlet,7,uniform,0.5,fixed,stage1,,,5,0.04569022629622843,0.024393364787101746,0.0415669103306409,0.020783455165320368,0.5,True,False,-7.635851701100552e-05,True,1179,1098
4,2,0.0,0.0,dirichlet,7,uniform,0.5,fixed,stage1,,,6,0.04536594391700177,0.02425808956225713,0.01987136533759164,0.009935682668795846,0.5,True,False,-0.00013527522484461582,True,1266,1281
4,2,0.0,0.0,dirichlet,7,uniform,0.5,fixed,stage1,,,7,0.04556702504331156,0.024469306071599323,0.011361527796981737,0.005680763898490896,0.5,True,False,0.0002112165093421936,True,1353,1464
4,2,0.0,0.0,dirichlet,7,uniform,0.5,fixed,stage1,,,8,0.04568512248237511,0.02459334333737691,0.006522575324066331,0.0032612876620331105,0.5,True,False,0.0001240372657775879,True,1440,1647
4,2,0.0,0.0,dirichlet,7,uniform,0.5,fixed,stage1,,,9,0.04580879745889277,0.024395001431306202,0.0019167800113606545,0.0009583900056803832,0.5,True,False,-0.00019834190607070923,True,1659,1830
4,2,0.0,0.0,dirichlet,7,uniform,0.5,fixed,stage1,,,10,0.04577374981462512,0.02437845120827357,0.0008465839476249964,0.00042329197381249864,0.5,True,False,-1.655022303263115e-05,True,1866,2013
4,2,0.0,0.0,dirichlet,7,uniform,0.5,adaptive,stage1,,,0,0.04166306004991327,0.0244224617878596,0.9404266663973591,0.47021333319867953,0.5,True,False,,True,258,183
4,2,0.0,0.0,dirichlet,7,uniform,0.5,adaptive,stage1,,,1,0.046063744755089786,0.024353029827276867,0.47021333319867953,0.23510666659933974,0.5,True,False,-6.943196058273315e-05,True,471,366
4,2,0.0,0.0,dirichlet,7,uniform,0.5,adaptive,stage1,,,2,0.041581783033736386,0.01970965415239334,0.23510666659933968,0.11755333329966997,0.5,True,False,-0.004643375674883526,True,654,549
4,2,0.0,0.0,dirichlet,7,uniform,0.5,adaptive,stage1,,,3,0.047827937203329896,0.02412817378838857,0.11755333329966966,0.05877666664983483,0.5,True,False,0.004418519635995228,True,891,732
4,2,0.0,0.0,dirichlet,7,uniform,0.5,adaptive,stage1,,,4,0.04612388776874354,0.024347558617591858,0.058776666649834886,0.0293883333249175,0.5,True,False,0.00021938482920328892,True,1074,915
4,2,0.0,0.0,dirichlet,7,uniform,0.5,adaptive,stage1,,,5,0.045860218070560066,0.02439937988917033,0.029388333324917443,0.014694166662458777,0.5,True,False,5.182127157847202e-05,True,1224,1098
4,2,0.0,0.0,dirichlet,7,uniform,0.5,adaptive,stage1,,,6,0.04554318375883071,0.024272029598553974,0.01469416666245861,0.007347083331229361,0.5,True,False,-0.00012735029061635567,True,1452,1281
4,2,0.0,0.0,dirichlet,7,uniform,0.5,adaptive,stage1,,,7,0.045761746592049235,0.024374693632125854,0.0073470833312292505,0.003673541665614597,0.5,True,False,0.00010266403357188023,True,1656,1464
4,2,0.0,0.0,dirichlet,7,uniform,0.5,adaptive,stage1,,,8,0.04572558627504009,0.024356285730997723,0.003673541665614598,0.0018367708328073263,0.5,True,False,-1.840790112813198e-05,True,1896,1647
4,2,0.0,0.0,dirichlet,7,uniform,0.5,adaptive,stage1,,,9,0.045745528545165115,0.024365541835625965,0.0018367708328073272,0.000918385416403664,0.5,True,False,9.256104628242723e-06,True,2124,1830
4,2,0.0,0.0,dirichlet,7,uniform,0.5,adaptive,stage1,,,10,0.04574655211744272,0.02436622977256775,0.0009183854164037187,0.00045919270820183114,0.5,True,False,6.879369417837899e-07,True,2352,2013
4,2,0.0,0.0,dirichlet,8,uniform,0.5,fixed,stage1,,,0,0.006865668670002378,0.019035955270131428,1.310582303991704,0.6552911519958518,0.5,True,False,,True,228,183
4,2,0.0,0.0,dirichlet,8,uniform,0.5,fixed,stage1,,,1,0.022484770075866578,0.01445272316535314,0.592546982547212,0.296273491273606,0.5,True,False,-0.004583232104778288,True,480,366
4,2,0.0,0.0,dirichlet,8,uniform,0.5,fixed,stage1,,,2,0.046063627129715456,0.02435298760732015,0.3921012376219167,0.19605061881095837,0.5,True,False,0.009900264441967009,True,675,549
4,2,0.0,0.0,dirichlet,8,uniform,0.5,fixed,stage1,,,3,0.046063744755089786,0.024353029827276867,0.1960509037246964,0.09802545186234818,0.5,True,False,4.221995671821466e-08,True,864,732
4,2,0.0,0.0,dirichlet,8,uniform,0.5,fixed,stage1,,,4,0.046063744755089786,0.024353029827276867,0.09802545186234823,0.049012725931174145,0.5,True,False,0.0,True,1056,915
4,2,0.0,0.0,dirichlet,8,uniform,0.5,fixed,stage1,,,5,0.04567213019875638,0.024334808190663654,0.04888979605345442,0.024444898026727294,0.5,True,False,-1.8221636613212355e-05,True,1176,1098
4,2,0.0,0.0,dirichlet,8,uniform,0.5,fixed,stage1,,,6,0.04529141182199581,0.02417981872955958,0.023402154295601732,0.011701077147800922,0.5,True,False,-0.0001549894611040728,True,1263,1281
4,2,0.0,0.0,dirichlet,8,uniform,0.5,fixed,stage1,,,7,0.04552348448651955,0.024423542122046154,0.013343124721910384,0.0066715623609551085,0.5,True,False,0.00024372339248657227,True,1350,1464
4,2,0.0,0.0,dirichlet,8,uniform,0.5,fixed,stage1,,,8,0.04565947627874678,0.024566419422626495,0.0076401138235385095,0.0038200569117692543,0.5,True,False,0.00014287730058034145,True,1437,1647
4,2,0.0,0.0,dirichlet,8,uniform,0.5,fixed,stage1,,,9,0.04583722119173217,0.024400100111961365,0.0026930149497912063,0.0013465074748956586,0.5,True,False,-0.00016631931066513062,True,1695,1830
4,2,0.0,0.0,dirichlet,8,uniform,0.5,fixed,stage1,,,10,0.045827014950305056,0.024399084349473316,0.0013396426181343912,0.0006698213090672233,0.5,True,False,-1.0157624880484384e-06,True,2013,2013
4,2,0.0,0.0,dirichlet,8,uniform,0.5,fixed,stage1,,,11,0.0457439749534263,0.024364734689394634,0.0004378056027626231,0.000218902801381312,0.5,True,False,-3.4349660078682176e-05,True,2277,2196
4,2,0.0,0.0,dirichlet,8,uniform,0.5,adaptive,stage1,,,0,0.01987018143645969,0.016852150360743206,0.6729962565078369,0.33649812825391845,0.5,True,False,,True,261,183
4,2,0.0,0.0,dirichlet,8,uniform,0.5,adaptive,stage1,,,1,0.04606503889412039,0.0243527814745903,0.39925258412706294,0.19962629206353147,0.5,True,False,0.007500631113847096,True,426,366
4,2,0.0,0.0,dirichlet,8,uniform,0.5,adaptive,stage1,,,2,0.04592397043655083,0.024382243553797405,0.19982520333326964,0.09991260166663482,0.5,True,False,2.9462079207103614e-05,True,540,549
4,2,0.0,0.0,dirichlet,8,uniform,0.5,adaptive,stage1,,,3,0.0456927632230304,0.02439657598733902,0.10000943357864471,0.05000471678932238,0.5,True,False,1.4332433541614648e-05,True,648,732
4,2,0.0,0.0,dirichlet,8,uniform,0.5,adaptive,stage1,,,4,0.04536975843343782,0.02426219234863917,0.04909853311955686,0.02454926655977843,0.5,True,False,-0.0001343836386998483,True,735,915
4,2,0.0,0.0,dirichlet,8,uniform,0.5,adaptive,stage1,,,5,0.04557189717169763,0.024474461873372395,0.025982431294968324,0.01299121564748416,0.5,True,False,0.0002122695247332232,True,822,1098
4,2,0.0,0.0,dirichlet,8,uniform,0.5,adaptive,stage1,,,6,0.045688707217330204,0.02459714064995448,0.013823926207311918,0.006911963103655876,0.5,True,False,0.00012267877658208443,True,909,1281
4,2,0.0,0.0,dirichlet,8,uniform,0.5,adaptive,stage1,,,7,0.04574311727841618,0.024364550908406574,0.005494034022113618,0.002747017011056837,0.5,True,False,-0.00023258974154790474,True,1122,1464
4,2,0.0,0.0,dirichlet,8,uniform,0.5,adaptive,stage1,,,8,0.04581944450476527,0.024401602645715077,0.0029182595014856615,0.001459129750742803,0.5,True,False,3.70517373085022e-05,True,1344,1647
4,2,0.0,0.0,dirichlet,8,uniform,0.5,adaptive,stage1,,,9,0.04574273237029125,0.024364185829957325,0.0013735085055284176,0.0006867542527642639,0.5,True,False,-3.7416815757751465e-05,True,1584,1830
4,2,0.0,0.0,dirichlet,8,uniform,0.5,adaptive,stage1,,,10,0.04573657002573839,0.02436137944459915,0.0006867542527640999,0.00034337712638204954,0.5,True,False,-2.8063853581734854e-06,True,1755,2013
4,2,0.0,0.0,dirichlet,9,uniform,0.5,fixed,stage1,,,0,0.0027943121998497134,0.019957644244035084,1.2261421986690089,0.6130710993345044,0.5,True,False,,True,105,183
4,2,0.0,0.0,dirichlet,9,uniform,0.5,fixed,stage1,,,1,0.04126756403581311,0.02269257853428523,0.6130710993345045,0.3065355496672522,0.5,True,False,0.0027349342902501447,True,399,366
4,2,0.0,0.0,dirichlet,9,uniform,0.5,fixed,stage1,,,2,0.0452515700373084,0.02413592239220937,0.30653554966725216,0.15326777483362608,0.5,True,False,0.0014433438579241412,True,624,549
4,2,0.0,0.0,dirichlet,9,uniform,0.5,fixed,stage1,,,3,0.045394045143950734,0.024202679594357807,0.15326777483362602,0.07663388741681318,0.5,True,False,6.67572021484375e-05,True,900,732
4,2,0.0,0.0,dirichlet,9,uniform,0.5,fixed,stage1,,,4,0.04550965108420968,0.02425900101661682,0.07663388741681296,0.03831694370840638,0.5,True,False,5.6321422259014015e-05,True,1098,915
4,2,0.0,0.0,dirichlet,9,uniform,0.5,fixed,stage1,,,5,0.04576584991414734,0.024374733368555706,0.038316943708406645,0.019158471854203322,0.5,True,False,0.00011573235193888462,True,1386,1098
4,2,0.0,0.0,dirichlet,9,uniform,0.5,fixed,stage1,,,6,0.04570529154476333,0.02434694766998291,0.019158471854203264,0.009579235927101632,0.5,True,False,-2.7785698572795753e-05,True,1578,1281
4,2,0.0,0.0,dirichlet,9,uniform,0.5,fixed,stage1,,,7,0.04570728088370757,0.024348050355911255,0.009579235927101522,0.004789617963550817,0.5,True,False,1.1026859283447266e-06,True,1779,1464
4,2,0.0,0.0,dirichlet,9,uniform,0.5,fixed,stage1,,,8,0.04573779867057226,0.024363776048024494,0.00478961796355076,0.0023948089817754353,0.5,True,False,1.5725692113239403e-05,True,1950,1647
4,2,0.0,0.0,dirichlet,9,uniform,0.5,fixed,stage1,,,9,0.04574245844299796,0.024363994598388672,0.002394808981775325,0.0011974044908876907,0.5,True,False,2.1855036417758877e-07,True,2214,1830
4,2,0.0,0.0,dirichlet,9,uniform,0.5,fixed,stage1,,,10,0.04575796194834325,0.024372684458891552,0.0011974044908876344,0.0005987022454438731,0.5,True,False,8.689860502879981e-06,True,2418,2013
4,2,0.0,0.0,dirichlet,9,uniform,0.5,fixed,stage1,,,11,0.045737653646380494,0.02436217914024989,0.0005987022454438167,0.00029935112272188105,0.5,True,False,-1.0505318641662598e-05,True,2622,2196
4,2,0.0,0.0,dirichlet,9,uniform,0.5,adaptive,stage1,,,0,0.005233715240081427,0.007703433434168498,1.4485599820965862,0.7242799910482931,0.5,True,False,,True,270,183
4,2,0.0,0.0,dirichlet,9,uniform,0.5,adaptive,stage1,,,1,0.003727368341780668,0.012823857367038727,0.7765817742574125,0.3882908871287062,0.5,True,False,0.005120423932870229,True,450,366
4,2,0.0,0.0,dirichlet,9,uniform,0.5,adaptive,stage1,,,2,0.04587469708693703,0.024389063318570454,0.46264000962614465,0.23132000481307233,0.5,True,False,0.011565205951531727,True,723,549
4,2,0.0,0.0,dirichlet,9,uniform,0.5,adaptive,stage1,,,3,0.04542948288082371,0.024219423532485962,0.23132000481307224,0.11566000240653612,0.5,True,False,-0.00016963978608449184,True,954,732
4,2,0.0,0.0,dirichlet,9,uniform,0.5,adaptive,stage1,,,4,0.04542376434178763,0.024216594795385998,0.11566000240653627,0.05783000120326814,0.5,True,False,-2.828737099964257e-06,True,1209,915
4,2,0.0,0.0,dirichlet,9,uniform,0.5,adaptive,stage1,,,5,0.045537126861953325,0.024270276228586834,0.05783000120326808,0.02891500060163407,0.5,True,False,5.368143320083618e-05,True,1401,1098
4,2,0.0,0.0,dirichlet,9,uniform,0.5,adaptive,stage1,,,6,0.045792244865893394,0.024386947353680927,0.028915000601633902,0.014457500300817033,0.5,True,False,0.00011667112509409355,True,1584,1281
4,2,0.0,0.0,dirichlet,9,uniform,0.5,adaptive,stage1,,,7,0.0456938048776081,0.024341834088166554,0.01445750030081698,0.007228750150408546,0.5,True,False,-4.511326551437378e-05,True,1734,1464
4,2,0.0,0.0,dirichlet,9,uniform,0.5,adaptive,stage1,,,8,0.045717313969401374,0.02435264488061269,0.007228750150408325,0.003614375075204245,0.5,True,False,1.0810792446136475e-05,True,1932,1647
4,2,0.0,0.0,dirichlet,9,uniform,0.5,adaptive,stage1,,,9,0.045826884989850214,0.024401940405368805,0.0036143750752041905,0.001807187537602067,0.5,True,False,4.9295524756114845e-05,True,2277,1830
4,2,0.0,0.0,dirichlet,9,uniform,0.5,adaptive,stage1,,,10,0.0457497369427422,0.02436956266562144,0.0018071875376021234,0.0009035937688010899,0.5,True,False,-3.237773974736416e-05,True,2484,2013
4,2,0.0,0.0,dirichlet,9,uniform,0.5,adaptive,stage1,,,11,0.04574024673681443,0.02436534066994985,0.0009035937688010327,0.0004517968844004886,0.5,True,False,-4.221995671592482e-06,True,2655,2196
4,2,0.0,0.0,reversed,0,uniform,0.5,fixed,stage1,,,0,0.017561055720122454,0.01607349266608556,0.8576274868650571,0.4288137434325286,0.5,True,False,,True,144,183
4,2,0.0,0.0,reversed,0,uniform,0.5,fixed,stage1,,,1,0.02256049536863891,0.01434910794099172,0.4054776033224985,0.20273880166124927,0.5,True,False,-0.0017243847250938398,True,357,366
4,2,0.0,0.0,reversed,0,uniform,0.5,fixed,stage1,,,2,0.046063744755089786,0.024353029827276867,0.2999235465619898,0.14996177328099497,0.5,True,False,0.010003921886285147,True,543,549
4,2,0.0,0.0,reversed,0,uniform,0.5,fixed,stage1,,,3,0.046063627129715456,0.02435298760732015,0.1499614883672567,0.07498074418362835,0.5,True,False,-4.221995671821466e-08,True,735,732
4,2,0.0,0.0,reversed,0,uniform,0.5,fixed,stage1,,,4,0.04567158002185856,0.02433447043100993,0.0748558212408563,0.037427910620428176,0.5,True,False,-1.851717631021904e-05,True,855,915
4,2,0.0,0.0,reversed,0,uniform,0.5,fixed,stage1,,,5,0.04529280258633861,0.02418131132920583,0.03639746238804466,0.018198731194022273,0.5,True,False,-0.0001531591018040998,True,942,1098
4,2,0.0,0.0,reversed,0,uniform,0.5,fixed,stage1,,,6,0.04552570133137834,0.02442590395609538,0.019846736074704947,0.009923368037352446,0.5,True,False,0.000244592626889549,True,1029,1281
4,2,0.0,0.0,reversed,0,uniform,0.5,fixed,stage1,,,7,0.04566121780343657,0.024568259716033936,0.010888448654640396,0.0054442243273202535,0.5,True,False,0.00014235575993855679,True,1116,1464
4,2,0.0,0.0,reversed,0,uniform,0.5,fixed,stage1,,,8,0.0457797600690526,0.024381165703137715,0.004176749906939866,0.0020883749534699606,0.5,True,False,-0.00018709401289622105,True,1332,1647
4,2,0.0,0.0,reversed,0,uniform,0.5,fixed,stage1,,,9,0.04578436798912833,0.024383229513963062,0.0021023151461585926,0.0010511575730792408,0.5,True,False,2.0638108253479004e-06,True,1623,1830
4,2,0.0,0.0,reversed,0,uniform,0.5,fixed,stage1,,,10,0.04581907621698633,0.024399417142073315,0.001160530098131352,0.0005802650490656751,0.5,True,False,1.618762811025215e-05,True,1863,2013
4,2,0.0,0.0,reversed,0,uniform,0.5,fixed,stage1,,,11,0.045756324005722604,0.02437043935060501,0.0003890269995778916,0.00019451349978902906,0.5,True,False,-2.8977791468303565e-05,True,2094,2196
4,2,0.0,0.0,reversed,0,uniform,0.5,adaptive,stage1,,,0,0.017561055720122454,0.01607349266608556,0.8576274868650571,0.4288137434325286,0.5,True,False,,True,144,183
4,2,0.0,0.0,reversed,0,uniform,0.5,adaptive,stage1,,,1,0.02256049536863891,0.01434910794099172,0.4054776033224985,0.20273880166124927,0.5,True,False,-0.0017243847250938398,True,357,366
4,2,0.0,0.0,reversed,0,uniform,0.5,adaptive,stage1,,,2,0.046063744755089786,0.024353029827276867,0.2999235465619898,0.14996177328099497,0.5,True,False,0.010003921886285147,True,543,549
4,2,0.0,0.0,reversed,0,uniform,0.5,adaptive,stage1,,,3,0.046063627129715456,0.02435298760732015,0.1499614883672567,0.07498074418362835,0.5,True,False,-4.221995671821466e-08,True,735,732
4,2,0.0,0.0,reversed,0,uniform,0.5,adaptive,stage1,,,4,0.04567158002185856,0.02433447043100993,0.0748558212408563,0.037427910620428176,0.5,True,False,-1.851717631021904e-05,True,855,915
4,2,0.0,0.0,reversed,0,uniform,0.5,adaptive,stage1,,,5,0.04529280258633861,0.02418131132920583,0.03639746238804466,0.018198731194022273,0.5,True,False,-0.0001531591018040998,True,942,1098
4,2,0.0,0.0,reversed,0,uniform,0.5,adaptive,stage1,,,6,0.04552570133137834,0.02442590395609538,0.019846736074704947,0.009923368037352446,0.5,True,False,0.000244592626889549,True,1029,1281
4,2,0.0,0.0,reversed,0,uniform,0.5,adaptive,stage1,,,7,0.04566121780343657,0.024568259716033936,0.010888448654640396,0.0054442243273202535,0.5,True,False,0.00014235575993855679,True,1116,1464
4,2,0.0,0.0,reversed,0,uniform,0.5,adaptive,stage1,,,8,0.0457797600690526,0.024381165703137715,0.004176749906939866,0.0020883749534699606,0.5,True,False,-0.00018709401289622105,True,1332,1647
4,2,0.0,0.0,reversed,0,uniform,0.5,adaptive,stage1,,,9,0.04578436798912833,0.024383229513963062,0.0021023151461585926,0.0010511575730792408,0.5,True,False,2.0638108253479004e-06,True,1623,1830
4,2,0.0,0.0,reversed,0,uniform,0.5,adaptive,stage1,,,10,0.04581907621698633,0.024399417142073315,0.001160530098131352,0.0005802650490656751,0.5,True,False,1.618762811025215e-05,True,1863,2013
4,2,0.0,0.0,reversed,0,uniform,0.5,adaptive,stage1,,,11,0.045756324005722604,0.02437043935060501,0.0003890269995778916,0.00019451349978902906,0.5,True,False,-2.8977791468303565e-05,True,2094,2196
5,2,0.0,0.0,stage0,0,uniform,0.5,fixed,stage1,,,0,0.020687201551179868,0.020736179624994595,1.0416085049701036,0.5208042524850518,0.5,True,False,,True,222,894
5,2,0.0,0.0,stage0,0,uniform,0.5,fixed,stage1,,,1,0.0206872425988065,0.020736174657940865,0.5208041572538773,0.2604020786269386,0.5,True,False,-4.96705373012607e-09,True,471,1788
5,2,0.0,0.0,stage0,0,uniform,0.5,fixed,stage1,,,2,0.0206872425988065,0.020736174657940865,0.2604020786269387,0.13020103931346935,0.5,True,False,0.0,True,738,2682
5,2,0.0,0.0,stage0,0,uniform,0.5,fixed,stage1,,,3,0.0206872425988065,0.020736174657940865,0.13020103931346935,0.06510051965673468,0.5,True,False,0.0,True,951,3576
5,2,0.0,0.0,stage0,0,uniform,0.5,fixed,stage1,,,4,0.0206872425988065,0.020736174657940865,0.06510051965673468,0.03255025982836734,0.5,True,False,0.0,True,1152,4470
5,2,0.0,0.0,stage0,0,uniform,0.5,fixed,stage1,,,5,0.0206872425988065,0.020736174657940865,0.03255025982836733,0.016275129914183672,0.5,True,False,0.0,True,1338,5364
5,2,0.0,0.0,stage0,0,uniform,0.5,fixed,stage1,,,6,0.0206872425988065,0.020736174657940865,0.016275129914183662,0.008137564957091831,0.5,True,False,0.0,True,1569,6258
5,2,0.0,0.0,stage0,0,uniform,0.5,fixed,stage1,,,7,0.0206872425988065,0.020736174657940865,0.00813756495709183,0.004068782478545908,0.5,True,False,0.0,True,1767,7152
5,2,0.0,0.0,stage0,0,uniform,0.5,fixed,stage1,,,8,0.0206872425988065,0.020736174657940865,0.0040687824785459225,0.0020343912392729053,0.5,True,False,0.0,True,1965,8046
5,2,0.0,0.0,stage0,0,uniform,0.5,fixed,stage1,,,9,0.0206872425988065,0.020736174657940865,0.002034391239273017,0.001017195619636516,0.5,True,False,0.0,True,2151,8940
5,2,0.0,0.0,stage0,0,uniform,0.5,fixed,stage1,,,10,0.0206872425988065,0.020736174657940865,0.0010171956196365012,0.0005085978098182502,0.5,True,False,0.0,True,2343,9834
5,2,0.0,0.0,stage0,0,uniform,0.5,fixed,stage1,,,11,0.0206872425988065,0.020736174657940865,0.000508597809818251,0.0002542989049090696,0.5,True,False,0.0,True,2529,10728
5,2,0.0,0.0,stage0,0,uniform,0.5,adaptive,stage1,,,0,0.020687201551179868,0.020736179624994595,1.0416085049701036,0.5208042524850518,0.5,True,False,,True,222,894
5,2,0.0,0.0,stage0,0,uniform,0.5,adaptive,stage1,,,1,0.0206872425988065,0.020736174657940865,0.5208041572538773,0.2604020786269386,0.5,True,False,-4.96705373012607e-09,True,471,1788
5,2,0.0,0.0,stage0,0,uniform,0.5,adaptive,stage1,,,2,0.0206872425988065,0.020736174657940865,0.2604020786269387,0.13020103931346935,0.5,True,False,0.0,True,738,2682
5,2,0.0,0.0,stage0,0,uniform,0.5,adaptive,stage1,,,3,0.0206872425988065,0.020736174657940865,0.13020103931346935,0.06510051965673468,0.5,True,False,0.0,True,951,3576
5,2,0.0,0.0,stage0,0,uniform,0.5,adaptive,stage1,,,4,0.0206872425988065,0.020736174657940865,0.06510051965673468,0.03255025982836734,0.5,True,False,0.0,True,1152,4470
5,2,0.0,0.0,stage0,0,uniform,0.5,adaptive,stage1,,,5,0.0206872425988065,0.020736174657940865,0.03255025982836733,0.016275129914183672,0.5,True,False,0.0,True,1338,5364
5,2,0.0,0.0,stage0,0,uniform,0.5,adaptive,stage1,,,6,0.0206872425988065,0.020736174657940865,0.016275129914183662,0.008137564957091831,0.5,True,False,0.0,True,1569,6258
5,2,0.0,0.0,stage0,0,uniform,0.5,adaptive,stage1,,,7,0.0206872425988065,0.020736174657940865,0.00813756495709183,0.004068782478545908,0.5,True,False,0.0,True,1767,7152
5,2,0.0,0.0,stage0,0,uniform,0.5,adaptive,stage1,,,8,0.0206872425988065,0.020736174657940865,0.0040687824785459225,0.0020343912392729053,0.5,True,False,0.0,True,1965,8046
5,2,0.0,0.0,stage0,0,uniform,0.5,adaptive,stage1,,,9,0.0206872425988065,0.020736174657940865,0.002034391239273017,0.001017195619636516,0.5,True,False,0.0,True,2151,8940
5,2,0.0,0.0,stage0,0,uniform,0.5,adaptive,stage1,,,10,0.0206872425988065,0.020736174657940865,0.0010171956196365012,0.0005085978098182502,0.5,True,False,0.0,True,2343,9834
5,2,0.0,0.0,stage0,0,uniform,0.5,adaptive,stage1,,,11,0.0206872425988065,0.020736174657940865,0.000508597809818251,0.0002542989049090696,0.5,True,False,0.0,True,2529,10728
5,2,0.0,0.0,uniform,0,uniform,0.5,fixed,stage1,,,0,0.020118267428521186,0.020471783354878426,1.1156126879870334,0.5578063439935167,0.5,True,False,,True,219,894
5,2,0.0,0.0,uniform,0,uniform,0.5,fixed,stage1,,,1,0.0206872425988065,0.020736174657940865,0.5628432462579209,0.28142162312896046,0.5,True,False,0.00026439130306243896,True,408,1788
5,2,0.0,0.0,uniform,0,uniform,0.5,fixed,stage1,,,2,0.0206872425988065,0.020736174657940865,0.28142162312896035,0.1407108115644802,0.5,True,False,0.0,True,621,2682
5,2,0.0,0.0,uniform,0,uniform,0.5,fixed,stage1,,,3,0.0206872425988065,0.020736174657940865,0.14071081156448018,0.07035540578224014,0.5,True,False,0.0,True,885,3576
5,2,0.0,0.0,uniform,0,uniform,0.5,fixed,stage1,,,4,0.0206872425988065,0.020736174657940865,0.07035540578224003,0.035177702891120016,0.5,True,False,0.0,True,1107,4470
5,2,0.0,0.0,uniform,0,uniform,0.5,fixed,stage1,,,5,0.0206872425988065,0.020736174657940865,0.035177702891120016,0.017588851445560015,0.5,True,False,0.0,True,1344,5364
5,2,0.0,0.0,uniform,0,uniform,0.5,fixed,stage1,,,6,0.0206872425988065,0.020736174657940865,0.01758885144556,0.008794425722779945,0.5,True,False,0.0,True,1581,6258
5,2,0.0,0.0,uniform,0,uniform,0.5,fixed,stage1,,,7,0.0206872425988065,0.020736174657940865,0.008794425722780056,0.004397212861390035,0.5,True,False,0.0,True,1782,7152
5,2,0.0,0.0,uniform,0,uniform,0.5,fixed,stage1,,,8,0.0206872425988065,0.020736174657940865,0.00439721286139002,0.002198606430695065,0.5,True,False,0.0,True,1980,8046
5,2,0.0,0.0,uniform,0,uniform,0.5,fixed,stage1,,,9,0.0206872425988065,0.020736174657940865,0.002198606430694955,0.001099303215347484,0.5,True,False,0.0,True,2160,8940
5,2,0.0,0.0,uniform,0,uniform,0.5,fixed,stage1,,,10,0.0206872425988065,0.020736174657940865,0.001099303215347471,0.0005496516076737359,0.5,True,False,0.0,True,2358,9834
5,2,0.0,0.0,uniform,0,uniform,0.5,fixed,stage1,,,11,0.0206872425988065,0.020736174657940865,0.0005496516076737351,0.00027482580383690874,0.5,True,False,0.0,True,2562,10728
5,2,0.0,0.0,uniform,0,uniform,0.5,adaptive,stage1,,,0,0.020118267428521186,0.020471783354878426,1.1156126879870334,0.5578063439935167,0.5,True,False,,True,219,894
5,2,0.0,0.0,uniform,0,uniform,0.5,adaptive,stage1,,,1,0.0206872425988065,0.020736174657940865,0.5628432462579209,0.28142162312896046,0.5,True,False,0.00026439130306243896,True,408,1788
5,2,0.0,0.0,uniform,0,uniform,0.5,adaptive,stage1,,,2,0.0206872425988065,0.020736174657940865,0.28142162312896035,0.1407108115644802,0.5,True,False,0.0,True,621,2682
5,2,0.0,0.0,uniform,0,uniform,0.5,adaptive,stage1,,,3,0.0206872425988065,0.020736174657940865,0.14071081156448018,0.07035540578224014,0.5,True,False,0.0,True,885,3576
5,2,0.0,0.0,uniform,0,uniform,0.5,adaptive,stage1,,,4,0.0206872425988065,0.020736174657940865,0.07035540578224003,0.035177702891120016,0.5,True,False,0.0,True,1107,4470
5,2,0.0,0.0,uniform,0,uniform,0.5,adaptive,stage1,,,5,0.0206872425988065,0.020736174657940865,0.035177702891120016,0.017588851445560015,0.5,True,False,0.0,True,1344,5364
5,2,0.0,0.0,uniform,0,uniform,0.5,adaptive,stage1,,,6,0.0206872425988065,0.020736174657940865,0.01758885144556,0.008794425722779945,0.5,True,False,0.0,True,1581,6258
5,2,0.0,0.0,uniform,0,uniform,0.5,adaptive,stage1,,,7,0.0206872425988065,0.020736174657940865,0.008794425722780056,0.004397212861390035,0.5,True,False,0.0,True,1782,7152
5,2,0.0,0.0,uniform,0,uniform,0.5,adaptive,stage1,,,8,0.0206872425988065,0.020736174657940865,0.00439721286139002,0.002198606430695065,0.5,True,False,0.0,True,1980,8046
5,2,0.0,0.0,uniform,0,uniform,0.5,adaptive,stage1,,,9,0.0206872425988065,0.020736174657940865,0.002198606430694955,0.001099303215347484,0.5,True,False,0.0,True,2160,8940
5,2,0.0,0.0,uniform,0,uniform,0.5,adaptive,stage1,,,10,0.0206872425988065,0.020736174657940865,0.001099303215347471,0.0005496516076737359,0.5,True,False,0.0,True,2358,9834
5,2,0.0,0.0,uniform,0,uniform,0.5,adaptive,stage1,,,11,0.0206872425988065,0.020736174657940865,0.0005496516076737351,0.00027482580383690874,0.5,True,False,0.0,True,2562,10728
5,2,0.0,0.0,dirichlet,0,uniform,0.5,fixed,stage1,,,0,0.0206872425988065,0.020736174657940865,0.3241221608558925,0.16206108042794626,0.5,True,False,,True,195,894
5,2,0.0,0.0,dirichlet,0,uniform,0.5,fixed,stage1,,,1,0.0206872425988065,0.020736174657940865,0.1620610804279462,0.08103054021397305,0.5,True,False,0.0,True,387,1788
5,2,0.0,0.0,dirichlet,0,uniform,0.5,fixed,stage1,,,2,0.0206872425988065,0.020736174657940865,0.08103054021397317,0.040515270106986585,0.5,True,False,0.0,True,609,2682
5,2,0.0,0.0,dirichlet,0,uniform,0.5,fixed,stage1,,,3,0.0206872425988065,0.020736174657940865,0.040515270106986585,0.02025763505349335,0.5,True,False,0.0,True,798,3576
5,2,0.0,0.0,dirichlet,0,uniform,0.5,fixed,stage1,,,4,0.0206872425988065,0.020736174657940865,0.020257635053493234,0.010128817526746554,0.5,True,False,0.0,True,1002,4470
5,2,0.0,0.0,dirichlet,0,uniform,0.5,fixed,stage1,,,5,0.0206872425988065,0.020736174657940865,0.01012881752674668,0.00506440876337334,0.5,True,False,0.0,True,1221,5364
5,2,0.0,0.0,dirichlet,0,uniform,0.5,fixed,stage1,,,6,0.0206872425988065,0.020736174657940865,0.0050644087633733405,0.0025322043816866768,0.5,True,False,0.0,True,1443,6258
5,2,0.0,0.0,dirichlet,0,uniform,0.5,fixed,stage1,,,7,0.0206872425988065,0.020736174657940865,0.0025322043816866638,0.0012661021908433323,0.5,True,False,0.0,True,1644,7152
5,2,0.0,0.0,dirichlet,0,uniform,0.5,fixed,stage1,,,8,0.0206872425988065,0.020736174657940865,0.0012661021908433314,0.0006330510954217217,0.5,True,False,0.0,True,1836,8046
5,2,0.0,0.0,dirichlet,0,uniform,0.5,fixed,stage1,,,9,0.0206872425988065,0.020736174657940865,0.0006330510954216098,0.0003165255477108053,0.5,True,False,0.0,True,2034,8940
5,2,0.0,0.0,dirichlet,0,uniform,0.5,adaptive,stage1,,,0,0.020687201551179868,0.020736179624994595,0.18465512182983584,0.09232756091491796,0.5,True,False,,True,204,894
5,2,0.0,0.0,dirichlet,0,uniform,0.5,adaptive,stage1,,,1,0.0206872425988065,0.020736174657940865,0.09232756091491783,0.046163780457458975,0.5,True,False,-4.96705373012607e-09,True,390,1788
5,2,0.0,0.0,dirichlet,0,uniform,0.5,adaptive,stage1,,,2,0.0206872425988065,0.020736174657940865,0.04616378045745885,0.023081890228729425,0.5,True,False,0.0,True,594,2682
5,2,0.0,0.0,dirichlet,0,uniform,0.5,adaptive,stage1,,,3,0.0206872425988065,0.020736174657940865,0.023081890228729425,0.011540945114364706,0.5,True,False,0.0,True,825,3576
5,2,0.0,0.0,dirichlet,0,uniform,0.5,adaptive,stage1,,,4,0.0206872425988065,0.020736174657940865,0.01154094511436472,0.00577047255718236,0.5,True,False,0.0,True,1008,4470
5,2,0.0,0.0,dirichlet,0,uniform,0.5,adaptive,stage1,,,5,0.0206872425988065,0.020736174657940865,0.005770472557182361,0.002885236278591132,0.5,True,False,0.0,True,1224,5364
5,2,0.0,0.0,dirichlet,0,uniform,0.5,adaptive,stage1,,,6,0.0206872425988065,0.020736174657940865,0.0028852362785912284,0.0014426181392956147,0.5,True,False,0.0,True,1452,6258
5,2,0.0,0.0,dirichlet,0,uniform,0.5,adaptive,stage1,,,7,0.0206872425988065,0.020736174657940865,0.0014426181392956138,0.0007213090696478065,0.5,True,False,0.0,True,1680,7152
5,2,0.0,0.0,dirichlet,0,uniform,0.5,adaptive,stage1,,,8,0.0206872425988065,0.020736174657940865,0.0007213090696478073,0.00036065453482384165,0.5,True,False,0.0,True,1887,8046
5,2,0.0,0.0,dirichlet,1,uniform,0.5,fixed,stage1,,,0,0.01665955359574589,0.018027302498618763,1.4737250127859753,0.7368625063929877,0.5,True,False,,True,207,894
5,2,0.0,0.0,dirichlet,1,uniform,0.5,fixed,stage1,,,1,0.0206872425988065,0.020736174657940865,0.7856098715690598,0.3928049357845299,0.5,True,False,0.0027088721593221017,True,420,1788
5,2,0.0,0.0,dirichlet,1,uniform,0.5,fixed,stage1,,,2,0.0206872425988065,0.020736174657940865,0.3928049357845298,0.1964024678922649,0.5,True,False,0.0,True,651,2682
5,2,0.0,0.0,dirichlet,1,uniform,0.5,fixed,stage1,,,3,0.0206872425988065,0.020736174657940865,0.1964024678922649,0.09820123394613248,0.5,True,False,0.0,True,834,3576
5,2,0.0,0.0,dirichlet,1,uniform,0.5,fixed,stage1,,,4,0.0206872425988065,0.020736174657940865,0.09820123394613245,0.04910061697306628,0.5,True,False,0.0,True,1038,4470
5,2,0.0,0.0,dirichlet,1,uniform,0.5,fixed,stage1,,,5,0.0206872425988065,0.020736174657940865,0.04910061697306617,0.024550308486533085,0.5,True,False,0.0,True,1293,5364
5,2,0.0,0.0,dirichlet,1,uniform,0.5,fixed,stage1,,,6,0.0206872425988065,0.020736174657940865,0.02455030848653308,0.012275154243266596,0.5,True,False,0.0,True,1482,6258
5,2,0.0,0.0,dirichlet,1,uniform,0.5,fixed,stage1,,,7,0.0206872425988065,0.020736174657940865,0.012275154243266487,0.006137577121633243,0.5,True,False,0.0,True,1677,7152
5,2,0.0,0.0,dirichlet,1,uniform,0.5,fixed,stage1,,,8,0.0206872425988065,0.020736174657940865,0.0061375771216332425,0.003068788560816677,0.5,True,False,0.0,True,1914,8046
5,2,0.0,0.0,dirichlet,1,uniform,0.5,fixed,stage1,,,9,0.0206872425988065,0.020736174657940865,0.0030687885608165653,0.0015343942804082761,0.5,True,False,0.0,True,2112,8940
5,2,0.0,0.0,dirichlet,1,uniform,0.5,fixed,stage1,,,10,0.0206872425988065,0.020736174657940865,0.0015343942804082892,0.0007671971402041441,0.5,True,False,0.0,True,2301,9834
5,2,0.0,0.0,dirichlet,1,uniform,0.5,fixed,stage1,,,11,0.0206872425988065,0.020736174657940865,0.000767197140204145,0.0003835985701020096,0.5,True,False,0.0,True,2481,10728
5,2,0.0,0.0,dirichlet,1,uniform,0.5,adaptive,stage1,,,0,0.016659671879466487,0.018027379487951595,1.6651293729464234,0.8325646864732117,0.5,True,False,,True,249,894
5,2,0.0,0.0,dirichlet,1,uniform,0.5,adaptive,stage1,,,1,0.03699479547223916,0.025872825955351193,0.993738691739273,0.4968693458696365,0.5,True,False,0.007845446467399597,True,447,1788
5,2,0.0,0.0,dirichlet,1,uniform,0.5,adaptive,stage1,,,2,0.0206872425988065,0.020736174657940865,0.3844414053814527,0.19222070269072636,0.5,True,False,-0.005136651297410328,True,663,2682
5,2,0.0,0.0,dirichlet,1,uniform,0.5,adaptive,stage1,,,3,0.0206872425988065,0.020736174657940865,0.19222070269072636,0.09611035134536317,0.5,True,False,0.0,True,849,3576
5,2,0.0,0.0,dirichlet,1,uniform,0.5,adaptive,stage1,,,4,0.0206872425988065,0.020736174657940865,0.09611035134536319,0.04805517567268165,0.5,True,False,0.0,True,1044,4470
5,2,0.0,0.0,dirichlet,1,uniform,0.5,adaptive,stage1,,,5,0.0206872425988065,0.020736174657940865,0.04805517567268154,0.02402758783634077,0.5,True,False,0.0,True,1308,5364
5,2,0.0,0.0,dirichlet,1,uniform,0.5,adaptive,stage1,,,6,0.0206872425988065,0.020736174657940865,0.02402758783634077,0.012013793918170392,0.5,True,False,0.0,True,1536,6258
5,2,0.0,0.0,dirichlet,1,uniform,0.5,adaptive,stage1,,,7,0.0206872425988065,0.020736174657940865,0.012013793918170378,0.006006896959085189,0.5,True,False,0.0,True,1722,7152
5,2,0.0,0.0,dirichlet,1,uniform,0.5,adaptive,stage1,,,8,0.0206872425988065,0.020736174657940865,0.006006896959085188,0.003003448479542656,0.5,True,False,0.0,True,1914,8046
5,2,0.0,0.0,dirichlet,1,uniform,0.5,adaptive,stage1,,,9,0.0206872425988065,0.020736174657940865,0.003003448479542532,0.0015017242397712665,0.5,True,False,0.0,True,2145,8940
5,2,0.0,0.0,dirichlet,1,uniform,0.5,adaptive,stage1,,,10,0.0206872425988065,0.020736174657940865,0.0015017242397712656,0.0007508621198855769,0.5,True,False,0.0,True,2343,9834
5,2,0.0,0.0,dirichlet,1,uniform,0.5,adaptive,stage1,,,11,0.0206872425988065,0.020736174657940865,0.0007508621198856888,0.00037543105994285175,0.5,True,False,0.0,True,2541,10728
5,2,0.0,0.0,dirichlet,2,uniform,0.5,fixed,stage1,,,0,0.0206872425988065,0.020736174657940865,0.5586777868422432,0.2793388934211216,0.5,True,False,,True,237,894
5,2,0.0,0.0,dirichlet,2,uniform,0.5,fixed,stage1,,,1,0.0206872425988065,0.020736174657940865,0.2793388934211216,0.1396694467105608,0.5,True,False,0.0,True,465,1788
5,2,0.0,0.0,dirichlet,2,uniform,0.5,fixed,stage1,,,2,0.0206872425988065,0.020736174657940865,0.1396694467105608,0.06983472335528046,0.5,True,False,0.0,True,693,2682
5,2,0.0,0.0,dirichlet,2,uniform,0.5,fixed,stage1,,,3,0.0206872425988065,0.020736174657940865,0.06983472335528035,0.034917361677640174,0.5,True,False,0.0,True,891,3576
5,2,0.0,0.0,dirichlet,2,uniform,0.5,fixed,stage1,,,4,0.0206872425988065,0.020736174657940865,0.034917361677640174,0.017458680838820143,0.5,True,False,0.0,True,1089,4470
5,2,0.0,0.0,dirichlet,2,uniform,0.5,fixed,stage1,,,5,0.0206872425988065,0.020736174657940865,0.017458680838820028,0.008729340419410014,0.5,True,False,0.0,True,1278,5364
5,2,0.0,0.0,dirichlet,2,uniform,0.5,fixed,stage1,,,6,0.0206872425988065,0.020736174657940865,0.008729340419410016,0.004364670209705063,0.5,True,False,0.0,True,1527,6258
5,2,0.0,0.0,dirichlet,2,uniform,0.5,fixed,stage1,,,7,0.0206872425988065,0.020736174657940865,0.0043646702097049515,0.002182335104852476,0.5,True,False,0.0,True,1719,7152
5,2,0.0,0.0,dirichlet,2,uniform,0.5,fixed,stage1,,,8,0.0206872425988065,0.020736174657940865,0.0021823351048524753,0.001091167552426278,0.5,True,False,0.0,True,1905,8046
5,2,0.0,0.0,dirichlet,2,uniform,0.5,fixed,stage1,,,9,0.0206872425988065,0.020736174657940865,0.0010911675524261973,0.0005455837762129616,0.5,True,False,0.0,True,2103,8940
5,2,0.0,0.0,dirichlet,2,uniform,0.5,fixed,stage1,,,10,0.0206872425988065,0.020736174657940865,0.0005455837762132357,0.0002727918881066174,0.5,True,False,0.0,True,2292,9834
5,2,0.0,0.0,dirichlet,2,uniform,0.5,adaptive,stage1,,,0,0.025196702216701894,0.03507166728377342,1.2837827830628343,0.6418913915314173,0.5,True,False,,True,363,894
5,2,0.0,0.0,dirichlet,2,uniform,0.5,adaptive,stage1,,,1,0.0206872425988065,0.020736174657940865,0.5213592957938679,0.260679647896934,0.5,True,False,-0.014335492625832558,True,573,1788
5,2,0.0,0.0,dirichlet,2,uniform,0.5,adaptive,stage1,,,2,0.0206872425988065,0.020736174657940865,0.2606796478969339,0.13033982394846694,0.5,True,False,0.0,True,780,2682
5,2,0.0,0.0,dirichlet,2,uniform,0.5,adaptive,stage1,,,3,0.0206872425988065,0.020736174657940865,0.13033982394846694,0.06516991197423352,0.5,True,False,0.0,True,963,3576
5,2,0.0,0.0,dirichlet,2,uniform,0.5,adaptive,stage1,,,4,0.0206872425988065,0.020736174657940865,0.0651699119742334,0.0325849559871167,0.5,True,False,0.0,True,1155,4470
5,2,0.0,0.0,dirichlet,2,uniform,0.5,adaptive,stage1,,,5,0.0206872425988065,0.020736174657940865,0.0325849559871167,0.0162924779935583,0.5,True,False,0.0,True,1365,5364
5,2,0.0,0.0,dirichlet,2,uniform,0.5,adaptive,stage1,,,6,0.0206872425988065,0.020736174657940865,0.0162924779935584,0.0081462389967792,0.5,True,False,0.0,True,1593,6258
5,2,0.0,0.0,dirichlet,2,uniform,0.5,adaptive,stage1,,,7,0.0206872425988065,0.020736174657940865,0.008146238996779201,0.004073119498389661,0.5,True,False,0.0,True,1785,7152
5,2,0.0,0.0,dirichlet,2,uniform,0.5,adaptive,stage1,,,8,0.0206872425988065,0.020736174657940865,0.004073119498389539,0.0020365597491948176,0.5,True,False,0.0,True,2031,8046
5,2,0.0,0.0,dirichlet,2,uniform,0.5,adaptive,stage1,,,9,0.0206872425988065,0.020736174657940865,0.0020365597491947213,0.0010182798745973602,0.5,True,False,0.0,True,2244,8940
5,2,0.0,0.0,dirichlet,2,uniform,0.5,adaptive,stage1,,,10,0.0206872425988065,0.020736174657940865,0.001018279874597361,0.0005091399372987287,0.5,True,False,0.0,True,2436,9834
5,2,0.0,0.0,dirichlet,2,uniform,0.5,adaptive,stage1,,,11,0.0206872425988065,0.020736174657940865,0.0005091399372986324,0.00025456996864931664,0.5,True,False,0.0,True,2634,10728
5,2,0.0,0.0,dirichlet,3,uniform,0.5,fixed,stage1,,,0,0.03487842001914743,0.040182337164878845,1.3396309131464754,0.6698154565732378,0.5,True,False,,True,231,894
5,2,0.0,0.0,dirichlet,3,uniform,0.5,fixed,stage1,,,1,0.0206872425988065,0.020736174657940865,0.657625326435826,0.32881266321791314,0.5,True,False,-0.01944616250693798,True,453,1788
5,2,0.0,0.0,dirichlet,3,uniform,0.5,fixed,stage1,,,2,0.0206872425988065,0.020736174657940865,0.328812663217913,0.1644063316089565,0.5,True,False,0.0,True,636,2682
5,2,0.0,0.0,dirichlet,3,uniform,0.5,fixed,stage1,,,3,0.0206872425988065,0.020736174657940865,0.16440633160895649,0.08220316580447824,0.5,True,False,0.0,True,876,3576
5,2,0.0,0.0,dirichlet,3,uniform,0.5,fixed,stage1,,,4,0.0206872425988065,0.020736174657940865,0.08220316580447824,0.04110158290223918,0.5,True,False,0.0,True,1032,4470
5,2,0.0,0.0,dirichlet,3,uniform,0.5,fixed,stage1,,,5,0.0206872425988065,0.020736174657940865,0.041101582902239066,0.02055079145111954,0.5,True,False,0.0,True,1248,5364
5,2,0.0,0.0,dirichlet,3,uniform,0.5,fixed,stage1,,,6,0.02068720288381254,0.020736195767919224,0.02055079145111935,0.010275395725559749,0.5,True,False,2.110997835910733e-08,True,1452,6258
5,2,0.0,0.0,dirichlet,3,uniform,0.5,fixed,stage1,,,7,0.0206872425988065,0.020736174657940865,0.010275395725559779,0.00513769786277995,0.5,True,False,-2.110997835910733e-08,True,1662,7152
5,2,0.0,0.0,dirichlet,3,uniform,0.5,fixed,stage1,,,8,0.0206872425988065,0.020736174657940865,0.005137697862779828,0.002568848931389976,0.5,True,False,0.0,True,1845,8046
5,2,0.0,0.0,dirichlet,3,uniform,0.5,fixed,stage1,,,9,0.0206872425988065,0.020736174657940865,0.002568848931389852,0.0012844244656949264,0.5,True,False,0.0,True,2067,8940
5,2,0.0,0.0,dirichlet,3,uniform,0.5,fixed,stage1,,,10,0.0206872425988065,0.020736174657940865,0.0012844244656949255,0.0006422122328474632,0.5,True,False,0.0,True,2274,9834
5,2,0.0,0.0,dirichlet,3,uniform,0.5,fixed,stage1,,,11,0.0206872425988065,0.020736174657940865,0.0006422122328474623,0.0003211061164236761,0.5,True,False,0.0,True,2469,10728
5,2,0.0,0.0,dirichlet,3,uniform,0.5,adaptive,stage1,,,0,0.0206872425988065,0.020736174657940865,0.4452315370035552,0.2226157685017776,0.5,True,False,,True,210,894
5,2,0.0,0.0,dirichlet,3,uniform,0.5,adaptive,stage1,,,1,0.0206872425988065,0.020736174657940865,0.2226157685017776,0.11130788425088882,0.5,True,False,0.0,True,459,1788
5,2,0.0,0.0,dirichlet,3,uniform,0.5,adaptive,stage1,,,2,0.0206872425988065,0.020736174657940865,0.11130788425088879,0.05565394212544445,0.5,True,False,0.0,True,657,2682
5,2,0.0,0.0,dirichlet,3,uniform,0.5,adaptive,stage1,,,3,0.0206872425988065,0.020736174657940865,0.05565394212544434,0.02782697106272217,0.5,True,False,0.0,True,870,3576
5,2,0.0,0.0,dirichlet,3,uniform,0.5,adaptive,stage1,,,4,0.0206872425988065,0.020736174657940865,0.02782697106272217,0.013913485531361148,0.5,True,False,0.0,True,1116,4470
5,2,0.0,0.0,dirichlet,3,uniform,0.5,adaptive,stage1,,,5,0.0206872425988065,0.020736174657940865,0.013913485531361024,0.006956742765680512,0.5,True,False,0.0,True,1320,5364
5,2,0.0,0.0,dirichlet,3,uniform,0.5,adaptive,stage1,,,6,0.0206872425988065,0.020736174657940865,0.006956742765680511,0.0034783713828401928,0.5,True,False,0.0,True,1533,6258
5,2,0.0,0.0,dirichlet,3,uniform,0.5,adaptive,stage1,,,7,0.0206872425988065,0.020736174657940865,0.0034783713828403185,0.0017391856914201597,0.5,True,False,0.0,True,1749,7152
5,2,0.0,0.0,dirichlet,3,uniform,0.5,adaptive,stage1,,,8,0.0206872425988065,0.020736174657940865,0.0017391856914201588,0.000869592845710079,0.5,True,False,0.0,True,1956,8046
5,2,0.0,0.0,dirichlet,3,uniform,0.5,adaptive,stage1,,,9,0.0206872425988065,0.020736174657940865,0.0008695928457100799,0.0004347964228550334,0.5,True,False,0.0,True,2142,8940
5,2,0.0,0.0,dirichlet,4,uniform,0.5,fixed,stage1,,,0,0.019892480037885463,0.020372345422705013,1.008332443108192,0.5041662215540959,0.5,True,False,,True,177,894
5,2,0.0,0.0,dirichlet,4,uniform,0.5,fixed,stage1,,,1,0.0206872425988065,0.020736174657940865,0.5110810114884634,0.2555405057442317,0.5,True,False,0.00036382923523585117,True,378,1788
5,2,0.0,0.0,dirichlet,4,uniform,0.5,fixed,stage1,,,2,0.0206872425988065,0.020736174657940865,0.25554050574423165,0.12777025287211582,0.5,True,False,0.0,True,588,2682
5,2,0.0,0.0,dirichlet,4,uniform,0.5,fixed,stage1,,,3,0.0206872425988065,0.020736174657940865,0.12777025287211582,0.06388512643605786,0.5,True,False,0.0,True,825,3576
5,2,0.0,0.0,dirichlet,4,uniform,0.5,fixed,stage1,,,4,0.0206872425988065,0.020736174657940865,0.06388512643605797,0.03194256321802899,0.5,True,False,0.0,True,1071,4470
5,2,0.0,0.0,dirichlet,4,uniform,0.5,fixed,stage1,,,5,0.0206872425988065,0.020736174657940865,0.031942563218028984,0.015971281609014492,0.5,True,False,0.0,True,1320,5364
5,2,0.0,0.0,dirichlet,4,uniform,0.5,fixed,stage1,,,6,0.0206872425988065,0.020736174657940865,0.015971281609014492,0.00798564080450719,0.5,True,False,0.0,True,1518,6258
5,2,0.0,0.0,dirichlet,4,uniform,0.5,fixed,stage1,,,7,0.0206872425988065,0.020736174657940865,0.007985640804507303,0.0039928204022536586,0.5,True,False,0.0,True,1704,7152
5,2,0.0,0.0,dirichlet,4,uniform,0.5,fixed,stage1,,,8,0.0206872425988065,0.020736174657940865,0.003992820402253644,0.001996410201126767,0.5,True,False,0.0,True,1902,8046
5,2,0.0,0.0,dirichlet,4,uniform,0.5,fixed,stage1,,,9,0.0206872425988065,0.020736174657940865,0.001996410201126877,0.000998205100563438,0.5,True,False,0.0,True,2091,8940
5,2,0.0,0.0,dirichlet,4,uniform,0.5,fixed,stage1,,,10,0.0206872425988065,0.020736174657940865,0.000998205100563439,0.0004991025502817815,0.5,True,False,0.0,True,2271,9834
5,2,0.0,0.0,dirichlet,4,uniform,0.5,adaptive,stage1,,,0,0.021286827242109396,0.022946467623114586,1.7758523173095682,0.8879261586547842,0.5,True,False,,True,198,894
5,2,0.0,0.0,dirichlet,4,uniform,0.5,adaptive,stage1,,,1,0.020687099598431402,0.020736200734972954,0.8568750836020265,0.42843754180101323,0.5,True,False,-0.002210266888141632,True,423,1788
5,2,0.0,0.0,dirichlet,4,uniform,0.5,adaptive,stage1,,,2,0.0206872425988065,0.020736174657940865,0.4284375418010133,0.21421877090050662,0.5,True,False,-2.60770320892334e-08,True,645,2682
5,2,0.0,0.0,dirichlet,4,uniform,0.5,adaptive,stage1,,,3,0.020687201551179868,0.020736179624994595,0.21421877090050667,0.10710938545025328,0.5,True,False,4.96705373012607e-09,True,843,3576
5,2,0.0,0.0,dirichlet,4,uniform,0.5,adaptive,stage1,,,4,0.0206872425988065,0.020736174657940865,0.10710938545025336,0.05355469272512668,0.5,True,False,-4.96705373012607e-09,True,1023,4470
5,2,0.0,0.0,dirichlet,4,uniform,0.5,adaptive,stage1,,,5,0.0206872425988065,0.020736174657940865,0.05355469272512668,0.02677734636256334,0.5,True,False,0.0,True,1257,5364
5,2,0.0,0.0,dirichlet,4,uniform,0.5,adaptive,stage1,,,6,0.0206872425988065,0.020736174657940865,0.02677734636256334,0.013388673181281726,0.5,True,False,0.0,True,1473,6258
5,2,0.0,0.0,dirichlet,4,uniform,0.5,adaptive,stage1,,,7,0.0206872425988065,0.020736174657940865,0.013388673181281615,0.0066943365906408075,0.5,True,False,0.0,True,1689,7152
5,2,0.0,0.0,dirichlet,4,uniform,0.5,adaptive,stage1,,,8,0.0206872425988065,0.020736174657940865,0.006694336590640808,0.0033471682953204046,0.5,True,False,0.0,True,1917,8046
5,2,0.0,0.0,dirichlet,4,uniform,0.5,adaptive,stage1,,,9,0.0206872425988065,0.020736174657940865,0.0033471682953204037,0.0016735841476602023,0.5,True,False,0.0,True,2145,8940
5,2,0.0,0.0,dirichlet,4,uniform,0.5,adaptive,stage1,,,10,0.0206872425988065,0.020736174657940865,0.0016735841476602014,0.0008367920738301081,0.5,True,False,0.0,True,2358,9834
5,2,0.0,0.0,dirichlet,4,uniform,0.5,adaptive,stage1,,,11,0.0206872425988065,0.020736174657940865,0.0008367920738300933,0.0004183960369149916,0.5,True,False,0.0,True,2544,10728
5,2,0.0,0.0,dirichlet,5,uniform,0.5,fixed,stage1,,,0,0.022836602937445605,0.02918216089407603,1.7566840780021364,0.8783420390010681,0.5,True,False,,True,195,894
5,2,0.0,0.0,dirichlet,5,uniform,0.5,fixed,stage1,,,1,0.0206872425988065,0.020736174657940865,0.7556384251124189,0.3778192125562095,0.5,True,False,-0.008445986236135166,True,405,1788
5,2,0.0,0.0,dirichlet,5,uniform,0.5,fixed,stage1,,,2,0.0206872425988065,0.020736174657940865,0.3778192125562093,0.18890960627810466,0.5,True,False,0.0,True,591,2682
5,2,0.0,0.0,dirichlet,5,uniform,0.5,fixed,stage1,,,3,0.0206872425988065,0.020736174657940865,0.18890960627810463,0.09445480313905226,0.5,True,False,0.0,True,780,3576
5,2,0.0,0.0,dirichlet,5,uniform,0.5,fixed,stage1,,,4,0.0206872425988065,0.020736174657940865,0.09445480313905237,0.047227401569526185,0.5,True,False,0.0,True,978,4470
5,2,0.0,0.0,dirichlet,5,uniform,0.5,fixed,stage1,,,5,0.0206872425988065,0.020736174657940865,0.047227401569526185,0.023613700784763037,0.5,True,False,0.0,True,1203,5364
5,2,0.0,0.0,dirichlet,5,uniform,0.5,fixed,stage1,,,6,0.0206872425988065,0.020736174657940865,0.023613700784763148,0.011806850392381574,0.5,True,False,0.0,True,1404,6258
5,2,0.0,0.0,dirichlet,5,uniform,0.5,fixed,stage1,,,7,0.0206872425988065,0.020736174657940865,0.011806850392381576,0.005903425196190788,0.5,True,False,0.0,True,1608,7152
5,2,0.0,0.0,dirichlet,5,uniform,0.5,fixed,stage1,,,8,0.0206872425988065,0.020736174657940865,0.005903425196190787,0.0029517125980953376,0.5,True,False,0.0,True,1854,8046
5,2,0.0,0.0,dirichlet,5,uniform,0.5,fixed,stage1,,,9,0.0206872425988065,0.020736174657940865,0.0029517125980954495,0.0014758562990477252,0.5,True,False,0.0,True,2079,8940
5,2,0.0,0.0,dirichlet,5,uniform,0.5,fixed,stage1,,,10,0.0206872425988065,0.020736174657940865,0.0014758562990477243,0.0007379281495238556,0.5,True,False,0.0,True,2292,9834
5,2,0.0,0.0,dirichlet,5,uniform,0.5,fixed,stage1,,,11,0.0206872425988065,0.020736174657940865,0.0007379281495238687,0.0003689640747618784,0.5,True,False,0.0,True,2478,10728
5,2,0.0,0.0,dirichlet,5,uniform,0.5,adaptive,stage1,,,0,0.020687176363177073,0.0207361647238334,0.8239551718299966,0.4119775859149982,0.5,True,False,,True,192,894
5,2,0.0,0.0,dirichlet,5,uniform,0.5,adaptive,stage1,,,1,0.0206872425988065,0.020736174657940865,0.4119777763772787,0.20598888818863936,0.5,True,False,9.934107463721586e-09,True,387,1788
5,2,0.0,0.0,dirichlet,5,uniform,0.5,adaptive,stage1,,,2,0.0206872425988065,0.020736174657940865,0.20598888818863936,0.10299444409431961,0.5,True,False,0.0,True,615,2682
5,2,0.0,0.0,dirichlet,5,uniform,0.5,adaptive,stage1,,,3,0.0206872425988065,0.020736174657940865,0.10299444409431975,0.051497222047159875,0.5,True,False,0.0,True,819,3576
5,2,0.0,0.0,dirichlet,5,uniform,0.5,adaptive,stage1,,,4,0.0206872425988065,0.020736174657940865,0.05149722204715987,0.02574861102357999,0.5,True,False,0.0,True,1032,4470
5,2,0.0,0.0,dirichlet,5,uniform,0.5,adaptive,stage1,,,5,0.0206872425988065,0.020736174657940865,0.025748611023579882,0.012874305511789941,0.5,True,False,0.0,True,1236,5364
5,2,0.0,0.0,dirichlet,5,uniform,0.5,adaptive,stage1,,,6,0.0206872425988065,0.020736174657940865,0.01287430551178994,0.00643715275589501,0.5,True,False,0.0,True,1434,6258
5,2,0.0,0.0,dirichlet,5,uniform,0.5,adaptive,stage1,,,7,0.0206872425988065,0.020736174657940865,0.006437152755894931,0.0032185763779474033,0.5,True,False,0.0,True,1626,7152
5,2,0.0,0.0,dirichlet,5,uniform,0.5,adaptive,stage1,,,8,0.0206872425988065,0.020736174657940865,0.0032185763779475273,0.001609288188973764,0.5,True,False,0.0,True,1830,8046
5,2,0.0,0.0,dirichlet,5,uniform,0.5,adaptive,stage1,,,9,0.0206872425988065,0.020736174657940865,0.0016092881889737632,0.000804644094486882,0.5,True,False,0.0,True,2004,8940
5,2,0.0,0.0,dirichlet,5,uniform,0.5,adaptive,stage1,,,10,0.0206872425988065,0.020736174657940865,0.0008046440944868812,0.00040232204724348873,0.5,True,False,0.0,True,2187,9834
5,2,0.0,0.0,dirichlet,6,uniform,0.5,fixed,stage1,,,0,0.0206872425988065,0.020736174657940865,0.5348517645428892,0.2674258822714446,0.5,True,False,,True,237,894
5,2,0.0,0.0,dirichlet,6,uniform,0.5,fixed,stage1,,,1,0.0206872425988065,0.020736174657940865,0.2674258822714446,0.1337129411357223,0.5,True,False,0.0,True,468,1788
5,2,0.0,0.0,dirichlet,6,uniform,0.5,fixed,stage1,,,2,0.0206872425988065,0.020736174657940865,0.1337129411357223,0.06685647056786115,0.5,True,False,0.0,True,699,2682
5,2,0.0,0.0,dirichlet,6,uniform,0.5,fixed,stage1,,,3,0.0206872425988065,0.020736174657940865,0.06685647056786115,0.033428235283930574,0.5,True,False,0.0,True,921,3576
5,2,0.0,0.0,dirichlet,6,uniform,0.5,fixed,stage1,,,4,0.0206872425988065,0.020736174657940865,0.033428235283930574,0.016714117641965322,0.5,True,False,0.0,True,1152,4470
5,2,0.0,0.0,dirichlet,6,uniform,0.5,fixed,stage1,,,5,0.0206872425988065,0.020736174657940865,0.016714117641965256,0.008357058820982676,0.5,True,False,0.0,True,1407,5364
5,2,0.0,0.0,dirichlet,6,uniform,0.5,fixed,stage1,,,6,0.0206872425988065,0.020736174657940865,0.00835705882098258,0.00417852941049129,0.5,True,False,0.0,True,1626,6258
5,2,0.0,0.0,dirichlet,6,uniform,0.5,fixed,stage1,,,7,0.0206872425988065,0.020736174657940865,0.00417852941049129,0.0020892647052457008,0.5,True,False,0.0,True,1824,7152
5,2,0.0,0.0,dirichlet,6,uniform,0.5,fixed,stage1,,,8,0.0206872425988065,0.020736174657940865,0.002089264705245589,0.001044632352622787,0.5,True,False,0.0,True,2019,8046
5,2,0.0,0.0,dirichlet,6,uniform,0.5,fixed,stage1,,,9,0.0206872425988065,0.020736174657940865,0.0010446323526228018,0.0005223161763113458,0.5,True,False,0.0,True,2217,8940
5,2,0.0,0.0,dirichlet,6,uniform,0.5,fixed,stage1,,,10,0.0206872425988065,0.020736174657940865,0.000522316176311456,0.0002611580881557284,0.5,True,False,0.0,True,2406,9834
5,2,0.0,0.0,dirichlet,6,uniform,0.5,adaptive,stage1,,,0,0.02068738040076301,0.020736259097854298,0.5255856068417983,0.2627928034208992,0.5,True,False,,True,192,894
5,2,0.0,0.0,dirichlet,6,uniform,0.5,adaptive,stage1,,,1,0.02068720288381254,0.020736195767919224,0.26279158922047546,0.13139579461023776,0.5,True,False,-6.332993507385254e-08,True,405,1788
5,2,0.0,0.0,dirichlet,6,uniform,0.5,adaptive,stage1,,,2,0.0206872425988065,0.020736174657940865,0.1313953898775886,0.06569769493879433,0.5,True,False,-2.110997835910733e-08,True,618,2682
5,2,0.0,0.0,dirichlet,6,uniform,0.5,adaptive,stage1,,,3,0.0206872425988065,0.020736174657940865,0.06569769493879425,0.032848847469397126,0.5,True,False,0.0,True,855,3576
5,2,0.0,0.0,dirichlet,6,uniform,0.5,adaptive,stage1,,,4,0.0206872425988065,0.020736174657940865,0.032848847469397126,0.016424423734698507,0.5,True,False,0.0,True,1086,4470
5,2,0.0,0.0,dirichlet,6,uniform,0.5,adaptive,stage1,,,5,0.0206872425988065,0.020736174657940865,0.01642442373469862,0.00821221186734931,0.5,True,False,0.0,True,1308,5364
5,2,0.0,0.0,dirichlet,6,uniform,0.5,adaptive,stage1,,,6,0.0206872425988065,0.020736174657940865,0.008212211867349311,0.0041061059336746555,0.5,True,False,0.0,True,1497,6258
5,2,0.0,0.0,dirichlet,6,uniform,0.5,adaptive,stage1,,,7,0.0206872425988065,0.020736174657940865,0.004106105933674655,0.0020530529668373893,0.5,True,False,0.0,True,1680,7152
5,2,0.0,0.0,dirichlet,6,uniform,0.5,adaptive,stage1,,,8,0.0206872425988065,0.020736174657940865,0.0020530529668372653,0.001026526483418633,0.5,True,False,0.0,True,1878,8046
5,2,0.0,0.0,dirichlet,6,uniform,0.5,adaptive,stage1,,,9,0.0206872425988065,0.020736174657940865,0.0010265264834186322,0.0005132632417093157,0.5,True,False,0.0,True,2076,8940
5,2,0.0,0.0,dirichlet,6,uniform,0.5,adaptive,stage1,,,10,0.0206872425988065,0.020736174657940865,0.0005132632417093165,0.00025663162085471335,0.5,True,False,0.0,True,2262,9834
5,2,0.0,0.0,dirichlet,7,uniform,0.5,fixed,stage1,,,0,0.018886173640472848,0.020082565024495125,1.1076013197956616,0.5538006598978308,0.5,True,False,,True,273,894
5,2,0.0,0.0,dirichlet,7,uniform,0.5,fixed,stage1,,,1,0.020687181693682888,0.020736188317338627,0.5661375866325453,0.2830687933162727,0.5,True,False,0.0006536232928435019,True,534,1788
5,2,0.0,0.0,dirichlet,7,uniform,0.5,fixed,stage1,,,2,0.0206872425988065,0.020736174657940865,0.2830685314304878,0.1415342657152439,0.5,True,False,-1.36593977621835e-08,True,750,2682
5,2,0.0,0.0,dirichlet,7,uniform,0.5,fixed,stage1,,,3,0.0206872425988065,0.020736174657940865,0.14153426571524388,0.070767132857622,0.5,True,False,0.0,True,981,3576
5,2,0.0,0.0,dirichlet,7,uniform,0.5,fixed,stage1,,,4,0.0206872425988065,0.020736174657940865,0.07076713285762189,0.035383566428810936,0.5,True,False,0.0,True,1188,4470
5,2,0.0,0.0,dirichlet,7,uniform,0.5,fixed,stage1,,,5,0.0206872425988065,0.020736174657940865,0.03538356642881095,0.017691783214405475,0.5,True,False,0.0,True,1359,5364
5,2,0.0,0.0,dirichlet,7,uniform,0.5,fixed,stage1,,,6,0.0206872425988065,0.020736174657940865,0.01769178321440548,0.00884589160720274,0.5,True,False,0.0,True,1581,6258
5,2,0.0,0.0,dirichlet,7,uniform,0.5,fixed,stage1,,,7,0.0206872425988065,0.020736174657940865,0.008845891607202738,0.004422945803601376,0.5,True,False,0.0,True,1806,7152
5,2,0.0,0.0,dirichlet,7,uniform,0.5,fixed,stage1,,,8,0.0206872425988065,0.020736174657940865,0.004422945803601363,0.0022114729018007226,0.5,True,False,0.0,True,2019,8046
5,2,0.0,0.0,dirichlet,7,uniform,0.5,fixed,stage1,,,9,0.0206872425988065,0.020736174657940865,0.00221147290180064,0.0011057364509003687,0.5,True,False,0.0,True,2232,8940
5,2,0.0,0.0,dirichlet,7,uniform,0.5,fixed,stage1,,,10,0.0206872425988065,0.020736174657940865,0.0011057364509002715,0.0005528682254501358,0.5,True,False,0.0,True,2409,9834
5,2,0.0,0.0,dirichlet,7,uniform,0.5,fixed,stage1,,,11,0.0206872425988065,0.020736174657940865,0.0005528682254501358,0.0002764341127250679,0.5,True,False,0.0,True,2622,10728
5,2,0.0,0.0,dirichlet,7,uniform,0.5,adaptive,stage1,,,0,0.016659607479578398,0.01802733230094115,1.7140068512959217,0.8570034256479608,0.5,True,False,,True,213,894
5,2,0.0,0.0,dirichlet,7,uniform,0.5,adaptive,stage1,,,1,0.0206872425988065,0.020736174657940865,0.9057502874446252,0.4528751437223125,0.5,True,False,0.002708842356999714,True,459,1788
5,2,0.0,0.0,dirichlet,7,uniform,0.5,adaptive,stage1,,,2,0.020687204216448762,0.020736205702026684,0.4528757389175278,0.2264378694587639,0.5,True,False,3.104408581935947e-08,True,708,2682
5,2,0.0,0.0,dirichlet,7,uniform,0.5,adaptive,stage1,,,3,0.0206872425988065,0.020736174657940865,0.22643727426354873,0.11321863713177441,0.5,True,False,-3.104408581935947e-08,True,918,3576
5,2,0.0,0.0,dirichlet,7,uniform,0.5,adaptive,stage1,,,4,0.0206872425988065,0.020736174657940865,0.11321863713177432,0.05660931856588716,0.5,True,False,0.0,True,1179,4470
5,2,0.0,0.0,dirichlet,7,uniform,0.5,adaptive,stage1,,,5,0.0206872425988065,0.020736174657940865,0.05660931856588716,0.028304659282943526,0.5,True,False,0.0,True,1395,5364
5,2,0.0,0.0,dirichlet,7,uniform,0.5,adaptive,stage1,,,6,0.0206872425988065,0.020736174657940865,0.028304659282943637,0.014152329641471825,0.5,True,False,0.0,True,1617,6258
5,2,0.0,0.0,dirichlet,7,uniform,0.5,adaptive,stage1,,,7,0.0206872425988065,0.020736174657940865,0.014152329641471811,0.007076164820735961,0.5,True,False,0.0,True,1818,7152
5,2,0.0,0.0,dirichlet,7,uniform,0.5,adaptive,stage1,,,8,0.0206872425988065,0.020736174657940865,0.007076164820735849,0.003538082410367918,0.5,True,False,0.0,True,2013,8046
5,2,0.0,0.0,dirichlet,7,uniform,0.5,adaptive,stage1,,,9,0.0206872425988065,0.020736174657940865,0.003538082410367931,0.0017690412051839105,0.5,True,False,0.0,True,2229,8940
5,2,0.0,0.0,dirichlet,7,uniform,0.5,adaptive,stage1,,,10,0.0206872425988065,0.020736174657940865,0.0017690412051840207,0.0008845206025920108,0.5,True,False,0.0,True,2421,9834
5,2,0.0,0.0,dirichlet,7,uniform,0.5,adaptive,stage1,,,11,0.0206872425988065,0.020736174657940865,0.0008845206025920099,0.0004422603012959568,0.5,True,False,0.0,True,2598,10728
5,2,0.0,0.0,dirichlet,8,uniform,0.5,fixed,stage1,,,0,0.016659564546337435,0.01802728759745757,1.3662504690804982,0.6831252345402491,0.5,True,False,,True,228,894
5,2,0.0,0.0,dirichlet,8,uniform,0.5,fixed,stage1,,,1,0.020687446504321194,0.02073623426258564,0.7318739941813713,0.3659369970906857,0.5,True,False,0.002708946665128071,True,444,1788
5,2,0.0,0.0,dirichlet,8,uniform,0.5,fixed,stage1,,,2,0.0206872425988065,0.020736174657940865,0.36593585431508435,0.18296792715754218,0.5,True,False,-5.960464477539063e-08,True,633,2682
5,2,0.0,0.0,dirichlet,8,uniform,0.5,fixed,stage1,,,3,0.0206872425988065,0.020736174657940865,0.18296792715754218,0.09148396357877103,0.5,True,False,0.0,True,849,3576
5,2,0.0,0.0,dirichlet,8,uniform,0.5,fixed,stage1,,,4,0.0206872425988065,0.020736174657940865,0.09148396357877114,0.04574198178938557,0.5,True,False,0.0,True,1104,4470
5,2,0.0,0.0,dirichlet,8,uniform,0.5,fixed,stage1,,,5,0.0206872425988065,0.020736174657940865,0.04574198178938557,0.02287099089469284,0.5,True,False,0.0,True,1341,5364
5,2,0.0,0.0,dirichlet,8,uniform,0.5,fixed,stage1,,,6,0.0206872425988065,0.020736174657940865,0.022870990894692734,0.011435495447346367,0.5,True,False,0.0,True,1536,6258
5,2,0.0,0.0,dirichlet,8,uniform,0.5,fixed,stage1,,,7,0.0206872425988065,0.020736174657940865,0.011435495447346365,0.005717747723673183,0.5,True,False,0.0,True,1740,7152
5,2,0.0,0.0,dirichlet,8,uniform,0.5,fixed,stage1,,,8,0.0206872425988065,0.020736174657940865,0.0057177477236731835,0.002858873861836647,0.5,True,False,0.0,True,1938,8046
5,2,0.0,0.0,dirichlet,8,uniform,0.5,fixed,stage1,,,9,0.0206872425988065,0.020736174657940865,0.0028588738618365367,0.0014294369309182688,0.5,True,False,0.0,True,2166,8940
5,2,0.0,0.0,dirichlet,8,uniform,0.5,fixed,stage1,,,10,0.0206872425988065,0.020736174657940865,0.001429436930918268,0.0007147184654591899,0.5,True,False,0.0,True,2358,9834
5,2,0.0,0.0,dirichlet,8,uniform,0.5,fixed,stage1,,,11,0.0206872425988065,0.020736174657940865,0.000714718465459078,0.0003573592327295455,0.5,True,False,0.0,True,2556,10728
5,2,0.0,0.0,dirichlet,8,uniform,0.5,adaptive,stage1,,,0,0.004781771447420979,0.016345351313551266,1.1867376036108819,0.5933688018054409,0.5,True,False,,True,264,894
5,2,0.0,0.0,dirichlet,8,uniform,0.5,adaptive,stage1,,,1,0.0206872425988065,0.020736174657940865,0.6694821109499203,0.33474105547496014,0.5,True,False,0.004390823344389599,True,492,1788
5,2,0.0,0.0,dirichlet,8,uniform,0.5,adaptive,stage1,,,2,0.0206872425988065,0.020736174657940865,0.33474105547496014,0.16737052773748012,0.5,True,False,0.0,True,702,2682
5,2,0.0,0.0,dirichlet,8,uniform,0.5,adaptive,stage1,,,3,0.0206872425988065,0.020736174657940865,0.16737052773748,0.08368526386874,0.5,True,False,0.0,True,903,3576
5,2,0.0,0.0,dirichlet,8,uniform,0.5,adaptive,stage1,,,4,0.0206872425988065,0.020736174657940865,0.08368526386874,0.04184263193436995,0.5,True,False,0.0,True,1119,4470
5,2,0.0,0.0,dirichlet,8,uniform,0.5,adaptive,stage1,,,5,0.0206872425988065,0.020736174657940865,0.04184263193437006,0.02092131596718503,0.5,True,False,0.0,True,1368,5364
5,2,0.0,0.0,dirichlet,8,uniform,0.5,adaptive,stage1,,,6,0.0206872425988065,0.020736174657940865,0.02092131596718503,0.010460657983592555,0.5,True,False,0.0,True,1566,6258
5,2,0.0,0.0,dirichlet,8,uniform,0.5,adaptive,stage1,,,7,0.0206872425988065,0.020736174657940865,0.010460657983592473,0.005230328991796292,0.5,True,False,0.0,True,1755,7152
5,2,0.0,0.0,dirichlet,8,uniform,0.5,adaptive,stage1,,,8,0.0206872425988065,0.020736174657940865,0.005230328991796182,0.0026151644958980914,0.5,True,False,0.0,True,1953,8046
5,2,0.0,0.0,dirichlet,8,uniform,0.5,adaptive,stage1,,,9,0.0206872425988065,0.020736174657940865,0.0026151644958980905,0.0013075822479489893,0.5,True,False,0.0,True,2139,8940
5,2,0.0,0.0,dirichlet,8,uniform,0.5,adaptive,stage1,,,10,0.0206872425988065,0.020736174657940865,0.0013075822479491012,0.0006537911239745502,0.5,True,False,0.0,True,2319,9834
5,2,0.0,0.0,dirichlet,8,uniform,0.5,adaptive,stage1,,,11,0.0206872425988065,0.020736174657940865,0.000653791123974551,0.0003268955619872751,0.5,True,False,0.0,True,2511,10728
5,2,0.0,0.0,dirichlet,9,uniform,0.5,fixed,stage1,,,0,0.03296520140933268,0.0243030929317077,1.2982976345035113,0.6491488172517557,0.5,True,False,,True,300,894
5,2,0.0,0.0,dirichlet,9,uniform,0.5,fixed,stage1,,,1,0.0206872425988065,0.020736174657940865,0.574316412503858,0.2871582062519289,0.5,True,False,-0.0035669182737668344,True,561,1788
5,2,0.0,0.0,dirichlet,9,uniform,0.5,fixed,stage1,,,2,0.02068720288381254,0.020736195767919224,0.2871586109845782,0.14357930549228914,0.5,True,False,2.110997835910733e-08,True,765,2682
5,2,0.0,0.0,dirichlet,9,uniform,0.5,fixed,stage1,,,3,0.0206872425988065,0.020736174657940865,0.14357890075963992,0.07178945037981996,0.5,True,False,-2.110997835910733e-08,True,1002,3576
5,2,0.0,0.0,dirichlet,9,uniform,0.5,fixed,stage1,,,4,0.0206872425988065,0.020736174657940865,0.07178945037981993,0.035894725189909965,0.5,True,False,0.0,True,1239,4470
5,2,0.0,0.0,dirichlet,9,uniform,0.5,fixed,stage1,,,5,0.0206872425988065,0.020736174657940865,0.035894725189909965,0.017947362594955038,0.5,True,False,0.0,True,1443,5364
5,2,0.0,0.0,dirichlet,9,uniform,0.5,fixed,stage1,,,6,0.0206872425988065,0.020736174657940865,0.01794736259495493,0.008973681297477465,0.5,True,False,0.0,True,1662,6258
5,2,0.0,0.0,dirichlet,9,uniform,0.5,fixed,stage1,,,7,0.0206872425988065,0.020736174657940865,0.008973681297477464,0.004486840648738787,0.5,True,False,0.0,True,1848,7152
5,2,0.0,0.0,dirichlet,9,uniform,0.5,fixed,stage1,,,8,0.0206872425988065,0.020736174657940865,0.004486840648738677,0.002243420324369345,0.5,True,False,0.0,True,2031,8046
5,2,0.0,0.0,dirichlet,9,uniform,0.5,fixed,stage1,,,9,0.0206872425988065,0.020736174657940865,0.002243420324369332,0.001121710162184722,0.5,True,False,0.0,True,2220,8940
5,2,0.0,0.0,dirichlet,9,uniform,0.5,fixed,stage1,,,10,0.0206872425988065,0.020736174657940865,0.00112171016218461,0.0005608550810923055,0.5,True,False,0.0,True,2418,9834
5,2,0.0,0.0,dirichlet,9,uniform,0.5,fixed,stage1,,,11,0.0206872425988065,0.020736174657940865,0.0005608550810923046,0.0002804275405461458,0.5,True,False,0.0,True,2604,10728
5,2,0.0,0.0,dirichlet,9,uniform,0.5,adaptive,stage1,,,0,0.016527142440071252,0.019614328319827717,1.3956652738334145,0.6978326369167073,0.5,True,False,,True,339,894
5,2,0.0,0.0,dirichlet,9,uniform,0.5,adaptive,stage1,,,1,0.0206872425988065,0.020736174657940865,0.7187740159382757,0.3593870079691379,0.5,True,False,0.0011218463381131479,True,531,1788
5,2,0.0,0.0,dirichlet,9,uniform,0.5,adaptive,stage1,,,2,0.0206872425988065,0.020736174657940865,0.35938700796913775,0.17969350398456888,0.5,True,False,0.0,True,714,2682
5,2,0.0,0.0,dirichlet,9,uniform,0.5,adaptive,stage1,,,3,0.0206872425988065,0.020736174657940865,0.17969350398456888,0.08984675199228438,0.5,True,False,0.0,True,942,3576
5,2,0.0,0.0,dirichlet,9,uniform,0.5,adaptive,stage1,,,4,0.0206872425988065,0.020736174657940865,0.0898467519922845,0.04492337599614224,0.5,True,False,0.0,True,1155,4470
5,2,0.0,0.0,dirichlet,9,uniform,0.5,adaptive,stage1,,,5,0.0206872425988065,0.020736174657940865,0.044923375996142254,0.02246168799807107,0.5,True,False,0.0,True,1350,5364
5,2,0.0,0.0,dirichlet,9,uniform,0.5,adaptive,stage1,,,6,0.0206872425988065,0.020736174657940865,0.022461687998071186,0.0112308439990356,0.5,True,False,0.0,True,1542,6258
5,2,0.0,0.0,dirichlet,9,uniform,0.5,adaptive,stage1,,,7,0.0206872425988065,0.020736174657940865,0.011230843999035584,0.005615421999517848,0.5,True,False,0.0,True,1758,7152
5,2,0.0,0.0,dirichlet,9,uniform,0.5,adaptive,stage1,,,8,0.0206872425988065,0.020736174657940865,0.0056154219995177375,0.002807710999758869,0.5,True,False,0.0,True,1965,8046
5,2,0.0,0.0,dirichlet,9,uniform,0.5,adaptive,stage1,,,9,0.0206872425988065,0.020736174657940865,0.0028077109997588683,0.0014038554998794268,0.5,True,False,0.0,True,2160,8940
5,2,0.0,0.0,dirichlet,9,uniform,0.5,adaptive,stage1,,,10,0.0206872425988065,0.020736174657940865,0.0014038554998794415,0.0007019277499396657,0.5,True,False,0.0,True,2373,9834
5,2,0.0,0.0,dirichlet,9,uniform,0.5,adaptive,stage1,,,11,0.0206872425988065,0.020736174657940865,0.0007019277499397758,0.0003509638749698944,0.5,True,False,0.0,True,2565,10728
5,2,0.0,0.0,reversed,0,uniform,0.5,fixed,stage1,,,0,0.0206872425988065,0.020736174657940865,1.2383354415761971,0.6191677207880986,0.5,True,False,,True,201,894
5,2,0.0,0.0,reversed,0,uniform,0.5,fixed,stage1,,,1,0.0206872425988065,0.020736174657940865,0.6191677207880986,0.3095838603940493,0.5,True,False,0.0,True,405,1788
5,2,0.0,0.0,reversed,0,uniform,0.5,fixed,stage1,,,2,0.0206872425988065,0.020736174657940865,0.3095838603940493,0.15479193019702464,0.5,True,False,0.0,True,654,2682
5,2,0.0,0.0,reversed,0,uniform,0.5,fixed,stage1,,,3,0.0206872425988065,0.020736174657940865,0.15479193019702464,0.07739596509851232,0.5,True,False,0.0,True,876,3576
5,2,0.0,0.0,reversed,0,uniform,0.5,fixed,stage1,,,4,0.0206872425988065,0.020736174657940865,0.07739596509851232,0.03869798254925615,0.5,True,False,0.0,True,1080,4470
5,2,0.0,0.0,reversed,0,uniform,0.5,fixed,stage1,,,5,0.0206872425988065,0.020736174657940865,0.03869798254925616,0.01934899127462808,0.5,True,False,0.0,True,1308,5364
5,2,0.0,0.0,reversed,0,uniform,0.5,fixed,stage1,,,6,0.0206872425988065,0.020736174657940865,0.019348991274628084,0.009674495637314035,0.5,True,False,0.0,True,1491,6258
5,2,0.0,0.0,reversed,0,uniform,0.5,fixed,stage1,,,7,0.0206872425988065,0.020736174657940865,0.009674495637314047,0.004837247818657079,0.5,True,False,0.0,True,1674,7152
5,2,0.0,0.0,reversed,0,uniform,0.5,fixed,stage1,,,8,0.0206872425988065,0.020736174657940865,0.004837247818656969,0.002418623909328484,0.5,True,False,0.0,True,1863,8046
5,2,0.0,0.0,reversed,0,uniform,0.5,fixed,stage1,,,9,0.0206872425988065,0.020736174657940865,0.002418623909328485,0.0012093119546642914,0.5,True,False,0.0,True,2055,8940
5,2,0.0,0.0,reversed,0,uniform,0.5,fixed,stage1,,,10,0.0206872425988065,0.020736174657940865,0.0012093119546641934,0.0006046559773320963,0.5,True,False,0.0,True,2247,9834
5,2,0.0,0.0,reversed,0,uniform,0.5,fixed,stage1,,,11,0.0206872425988065,0.020736174657940865,0.0006046559773320971,0.00030232798866604814,0.5,True,False,0.0,True,2451,10728
5,2,0.0,0.0,reversed,0,uniform,0.5,adaptive,stage1,,,0,0.0206872425988065,0.020736174657940865,1.2383354415761971,0.6191677207880986,0.5,True,False,,True,201,894
5,2,0.0,0.0,reversed,0,uniform,0.5,adaptive,stage1,,,1,0.0206872425988065,0.020736174657940865,0.6191677207880986,0.3095838603940493,0.5,True,False,0.0,True,405,1788
5,2,0.0,0.0,reversed,0,uniform,0.5,adaptive,stage1,,,2,0.0206872425988065,0.020736174657940865,0.3095838603940493,0.15479193019702464,0.5,True,False,0.0,True,654,2682
5,2,0.0,0.0,reversed,0,uniform,0.5,adaptive,stage1,,,3,0.0206872425988065,0.020736174657940865,0.15479193019702464,0.07739596509851232,0.5,True,False,0.0,True,876,3576
5,2,0.0,0.0,reversed,0,uniform,0.5,adaptive,stage1,,,4,0.0206872425988065,0.020736174657940865,0.07739596509851232,0.03869798254925615,0.5,True,False,0.0,True,1080,4470
5,2,0.0,0.0,reversed,0,uniform,0.5,adaptive,stage1,,,5,0.0206872425988065,0.020736174657940865,0.03869798254925616,0.01934899127462808,0.5,True,False,0.0,True,1308,5364
5,2,0.0,0.0,reversed,0,uniform,0.5,adaptive,stage1,,,6,0.0206872425988065,0.020736174657940865,0.019348991274628084,0.009674495637314035,0.5,True,False,0.0,True,1491,6258
5,2,0.0,0.0,reversed,0,uniform,0.5,adaptive,stage1,,,7,0.0206872425988065,0.020736174657940865,0.009674495637314047,0.004837247818657079,0.5,True,False,0.0,True,1674,7152
5,2,0.0,0.0,reversed,0,uniform,0.5,adaptive,stage1,,,8,0.0206872425988065,0.020736174657940865,0.004837247818656969,0.002418623909328484,0.5,True,False,0.0,True,1863,8046
5,2,0.0,0.0,reversed,0,uniform,0.5,adaptive,stage1,,,9,0.0206872425988065,0.020736174657940865,0.002418623909328485,0.0012093119546642914,0.5,True,False,0.0,True,2055,8940
5,2,0.0,0.0,reversed,0,uniform,0.5,adaptive,stage1,,,10,0.0206872425988065,0.020736174657940865,0.0012093119546641934,0.0006046559773320963,0.5,True,False,0.0,True,2247,9834
5,2,0.0,0.0,reversed,0,uniform,0.5,adaptive,stage1,,,11,0.0206872425988065,0.020736174657940865,0.0006046559773320971,0.00030232798866604814,0.5,True,False,0.0,True,2451,10728
6,2,0.0,0.0,stage0,0,uniform,0.5,fixed,stage1,,,0,0.004334737187232207,0.016194588815172512,1.367786966135228,0.683893483067614,0.5,True,False,,True,189,948
6,2,0.0,0.0,stage0,0,uniform,0.5,fixed,stage1,,,1,0.049366379634053104,0.03224901730815569,0.7328775709807727,0.36643878549038633,0.5,True,False,0.01605442849298318,True,429,1896
6,2,0.0,0.0,stage0,0,uniform,0.5,fixed,stage1,,,2,0.049356445371916635,0.03224991634488106,0.36643878549038633,0.1832193927451931,0.5,True,False,8.990367253644549e-07,True,540,2844
6,2,0.0,0.0,stage0,0,uniform,0.5,fixed,stage1,,,3,0.047932009081929294,0.03110208734869957,0.18321939274519322,0.09160969637259656,0.5,True,False,-0.001147828996181488,True,804,3792
6,2,0.0,0.0,stage0,0,uniform,0.5,fixed,stage1,,,4,0.04793198424180112,0.031102086106936138,0.09160969637259667,0.04580484818629839,0.5,True,False,-1.2417634316641557e-09,True,1032,4740
6,2,0.0,0.0,stage0,0,uniform,0.5,fixed,stage1,,,5,0.04793133391686233,0.031101790567239124,0.04580484818629828,0.022902424093149194,0.5,True,False,-2.955396970136248e-07,True,1233,5688
6,2,0.0,0.0,stage0,0,uniform,0.5,fixed,stage1,,,6,0.04793197126151405,0.03110206623872121,0.022902424093149083,0.011451212046574599,0.5,True,False,2.7567148208618164e-07,True,1443,6636
6,2,0.0,0.0,stage0,0,uniform,0.5,fixed,stage1,,,7,0.047931874025636034,0.031101992974678676,0.011451212046574486,0.0057256060232871876,0.5,True,False,-7.326404253410468e-08,True,1653,7584
6,2,0.0,0.0,stage0,0,uniform,0.5,fixed,stage1,,,8,0.047931949666484286,0.031102022777001064,0.005725606023287299,0.0028628030116437057,0.5,True,False,2.9802322387695312e-08,True,1845,8532
6,2,0.0,0.0,stage0,0,uniform,0.5,fixed,stage1,,,9,0.04793192482635078,0.031102026502291363,0.002862803011643593,0.001431401505821741,0.5,True,False,3.725290298461914e-09,True,2019,9480
6,2,0.0,0.0,stage0,0,uniform,0.5,fixed,stage1,,,10,0.04793189025103928,0.03110198552409808,0.001431401505821852,0.0007157007529108705,0.5,True,False,-4.0978193283081055e-08,True,2211,10428
6,2,0.0,0.0,stage0,0,uniform,0.5,fixed,stage1,,,11,0.04793207498750718,0.0311021755139033,0.0007157007529109815,0.0003578503764555454,0.5,True,False,1.8998980522155762e-07,True,2382,11376
6,2,0.0,0.0,stage0,0,uniform,0.5,adaptive,stage1,,,0,0.004334737187232207,0.016194588815172512,1.367786966135228,0.683893483067614,0.5,True,False,,True,189,948
6,2,0.0,0.0,stage0,0,uniform,0.5,adaptive,stage1,,,1,0.049366379634053104,0.03224901730815569,0.7328775709807727,0.36643878549038633,0.5,True,False,0.01605442849298318,True,429,1896
6,2,0.0,0.0,stage0,0,uniform,0.5,adaptive,stage1,,,2,0.049356445371916635,0.03224991634488106,0.36643878549038633,0.1832193927451931,0.5,True,False,8.990367253644549e-07,True,540,2844
6,2,0.0,0.0,stage0,0,uniform,0.5,adaptive,stage1,,,3,0.047932009081929294,0.03110208734869957,0.18321939274519322,0.09160969637259656,0.5,True,False,-0.001147828996181488,True,804,3792
6,2,0.0,0.0,stage0,0,uniform,0.5,adaptive,stage1,,,4,0.04793198424180112,0.031102086106936138,0.09160969637259667,0.04580484818629839,0.5,True,False,-1.2417634316641557e-09,True,1032,4740
6,2,0.0,0.0,stage0,0,uniform,0.5,adaptive,stage1,,,5,0.04793133391686233,0.031101790567239124,0.04580484818629828,0.022902424093149194,0.5,True,False,-2.955396970136248e-07,True,1233,5688
6,2,0.0,0.0,stage0,0,uniform,0.5,adaptive,stage1,,,6,0.04793197126151405,0.03110206623872121,0.022902424093149083,0.011451212046574599,0.5,True,False,2.7567148208618164e-07,True,1443,6636
6,2,0.0,0.0,stage0,0,uniform,0.5,adaptive,stage1,,,7,0.047931874025636034,0.031101992974678676,0.011451212046574486,0.0057256060232871876,0.5,True,False,-7.326404253410468e-08,True,1653,7584
6,2,0.0,0.0,stage0,0,uniform,0.5,adaptive,stage1,,,8,0.047931949666484286,0.031102022777001064,0.005725606023287299,0.0028628030116437057,0.5,True,False,2.9802322387695312e-08,True,1845,8532
6,2,0.0,0.0,stage0,0,uniform,0.5,adaptive,stage1,,,9,0.04793192482635078,0.031102026502291363,0.002862803011643593,0.001431401505821741,0.5,True,False,3.725290298461914e-09,True,2019,9480
6,2,0.0,0.0,stage0,0,uniform,0.5,adaptive,stage1,,,10,0.04793189025103928,0.03110198552409808,0.001431401505821852,0.0007157007529108705,0.5,True,False,-4.0978193283081055e-08,True,2211,10428
6,2,0.0,0.0,stage0,0,uniform,0.5,adaptive,stage1,,,11,0.04793207498750718,0.0311021755139033,0.0007157007529109815,0.0003578503764555454,0.5,True,False,1.8998980522155762e-07,True,2382,11376
6,2,0.0,0.0,uniform,0,uniform,0.5,fixed,stage1,,,0,0.004461738390917347,0.01571028120815754,1.2513562876508058,0.6256781438254029,0.5,True,False,,True,264,948
6,2,0.0,0.0,uniform,0,uniform,0.5,fixed,stage1,,,1,0.048294164159695896,0.03139130771160126,0.6809885228412638,0.3404942614206319,0.5,True,False,0.015681026503443718,True,567,1896
6,2,0.0,0.0,uniform,0,uniform,0.5,fixed,stage1,,,2,0.04931264968564264,0.03220634659131368,0.3404942614206319,0.17024713071031594,0.5,True,False,0.000815038879712425,True,714,2844
6,2,0.0,0.0,uniform,0,uniform,0.5,fixed,stage1,,,3,0.047931977751671795,0.031102076172828674,0.17024713071031594,0.08512356535515803,0.5,True,False,-0.001104270418485008,True,933,3792
6,2,0.0,0.0,uniform,0,uniform,0.5,fixed,stage1,,,4,0.04793189025103928,0.03110198552409808,0.08512356535515792,0.0425617826775789,0.5,True,False,-9.064873059475009e-08,True,1146,4740
6,2,0.0,0.0,uniform,0,uniform,0.5,fixed,stage1,,,5,0.04793199610159249,0.031102101008097332,0.04256178267757901,0.02128089133878945,0.5,True,False,1.1548399925231934e-07,True,1374,5688
6,2,0.0,0.0,uniform,0,uniform,0.5,fixed,stage1,,,6,0.047931827590531384,0.031101949512958527,0.021280891338789562,0.010640445669394833,0.5,True,False,-1.5149513880527432e-07,True,1599,6636
6,2,0.0,0.0,uniform,0,uniform,0.5,fixed,stage1,,,7,0.04793197126151405,0.03110206623872121,0.010640445669394729,0.0053202228346973645,0.5,True,False,1.1672576268398349e-07,True,1797,7584
6,2,0.0,0.0,uniform,0,uniform,0.5,fixed,stage1,,,8,0.04793192482635078,0.031102026502291363,0.0053202228346973645,0.0026601114173487386,0.5,True,False,-3.973642984794745e-08,True,1983,8532
6,2,0.0,0.0,uniform,0,uniform,0.5,fixed,stage1,,,9,0.04793192482635078,0.031102026502291363,0.002660111417348626,0.001330055708674149,0.5,True,False,0.0,True,2157,9480
6,2,0.0,0.0,uniform,0,uniform,0.5,fixed,stage1,,,10,0.04793178003484755,0.031101891150077183,0.0013300557086744769,0.0006650278543372922,0.5,True,False,-1.353522141797625e-07,True,2340,10428
6,2,0.0,0.0,uniform,0,uniform,0.5,fixed,stage1,,,11,0.04793207498750718,0.0311021755139033,0.0006650278543371847,0.00033251392716859233,0.5,True,False,2.8436382611823907e-07,True,2511,11376
6,2,0.0,0.0,uniform,0,uniform,0.5,adaptive,stage1,,,0,0.004461738390917347,0.01571028120815754,1.2513562876508058,0.6256781438254029,0.5,True,False,,True,264,948
6,2,0.0,0.0,uniform,0,uniform,0.5,adaptive,stage1,,,1,0.048294164159695896,0.03139130771160126,0.6809885228412638,0.3404942614206319,0.5,True,False,0.015681026503443718,True,567,1896
6,2,0.0,0.0,uniform,0,uniform,0.5,adaptive,stage1,,,2,0.04931264968564264,0.03220634659131368,0.3404942614206319,0.17024713071031594,0.5,True,False,0.000815038879712425,True,714,2844
6,2,0.0,0.0,uniform,0,uniform,0.5,adaptive,stage1,,,3,0.047931977751671795,0.031102076172828674,0.17024713071031594,0.08512356535515803,0.5,True,False,-0.001104270418485008,True,933,3792
6,2,0.0,0.0,uniform,0,uniform,0.5,adaptive,stage1,,,4,0.04793189025103928,0.03110198552409808,0.08512356535515792,0.0425617826775789,0.5,True,False,-9.064873059475009e-08,True,1146,4740
6,2,0.0,0.0,uniform,0,uniform,0.5,adaptive,stage1,,,5,0.04793199610159249,0.031102101008097332,0.04256178267757901,0.02128089133878945,0.5,True,False,1.1548399925231934e-07,True,1374,5688
6,2,0.0,0.0,uniform,0,uniform,0.5,adaptive,stage1,,,6,0.047931827590531384,0.031101949512958527,0.021280891338789562,0.010640445669394833,0.5,True,False,-1.5149513880527432e-07,True,1599,6636
6,2,0.0,0.0,uniform,0,uniform,0.5,adaptive,stage1,,,7,0.04793197126151405,0.03110206623872121,0.010640445669394729,0.0053202228346973645,0.5,True,False,1.1672576268398349e-07,True,1797,7584
6,2,0.0,0.0,uniform,0,uniform,0.5,adaptive,stage1,,,8,0.04793192482635078,0.031102026502291363,0.0053202228346973645,0.0026601114173487386,0.5,True,False,-3.973642984794745e-08,True,1983,8532
6,2,0.0,0.0,uniform,0,uniform,0.5,adaptive,stage1,,,9,0.04793192482635078,0.031102026502291363,0.002660111417348626,0.001330055708674149,0.5,True,False,0.0,True,2157,9480
6,2,0.0,0.0,uniform,0,uniform,0.5,adaptive,stage1,,,10,0.04793178003484755,0.031101891150077183,0.0013300557086744769,0.0006650278543372922,0.5,True,False,-1.353522141797625e-07,True,2340,10428
6,2,0.0,0.0,uniform,0,uniform,0.5,adaptive,stage1,,,11,0.04793207498750718,0.0311021755139033,0.0006650278543371847,0.00033251392716859233,0.5,True,False,2.8436382611823907e-07,True,2511,11376
6,2,0.0,0.0,dirichlet,0,uniform,0.5,fixed,stage1,,,0,0.0493707929351217,0.032298522690931954,0.5163223551835676,0.2581611775917838,0.5,True,False,,True,129,948
6,2,0.0,0.0,dirichlet,0,uniform,0.5,fixed,stage1,,,1,0.048737906086884664,0.03182164331277212,0.25816117759178375,0.12908058879589188,0.5,True,False,-0.0004768793781598363,True,252,1896
6,2,0.0,0.0,dirichlet,0,uniform,0.5,fixed,stage1,,,2,0.04793191833622856,0.031102002908786137,0.12908058879589188,0.064540294397946,0.5,True,False,-0.0007196404039859806,True,453,2844
6,2,0.0,0.0,dirichlet,0,uniform,0.5,fixed,stage1,,,3,0.047931949666484286,0.031102022777001064,0.06454029439794588,0.032270147198973004,0.5,True,False,1.9868214927443173e-08,True,693,3792
6,2,0.0,0.0,dirichlet,0,uniform,0.5,fixed,stage1,,,4,0.047931824345461393,0.03110192467768987,0.032270147198972886,0.016135073599486387,0.5,True,False,-9.809931119514337e-08,True,906,4740
6,2,0.0,0.0,dirichlet,0,uniform,0.5,fixed,stage1,,,5,0.04793185567571712,0.0311019370953242,0.016135073599486502,0.008067536799743305,0.5,True,False,1.2417634330519345e-08,True,1104,5688
6,2,0.0,0.0,dirichlet,0,uniform,0.5,fixed,stage1,,,6,0.04793189349609861,0.03110200787583987,0.008067536799743195,0.004033768399871542,0.5,True,False,7.078051567077637e-08,True,1296,6636
6,2,0.0,0.0,dirichlet,0,uniform,0.5,fixed,stage1,,,7,0.04793216897827435,0.031102251261472702,0.004033768399871653,0.002016884199935771,0.5,True,False,2.4338563283168857e-07,True,1479,7584
6,2,0.0,0.0,dirichlet,0,uniform,0.5,fixed,stage1,,,8,0.047932338609676606,0.03110234687725703,0.002016884199935882,0.001008442099967994,0.5,True,False,9.561578432834561e-08,True,1668,8532
6,2,0.0,0.0,dirichlet,0,uniform,0.5,fixed,stage1,,,9,0.047932043657251455,0.031102143228054047,0.0010084420999678882,0.0005042210499839441,0.5,True,False,-2.0364920298374112e-07,True,1839,9480
6,2,0.0,0.0,dirichlet,0,uniform,0.5,fixed,stage1,,,10,0.04793198424180112,0.031102086106936138,0.0005042210499839441,0.0002521105249919716,0.5,True,False,-5.7121117908592867e-08,True,2022,10428
6,2,0.0,0.0,dirichlet,0,uniform,0.5,adaptive,stage1,,,0,0.0024329384853718494,0.015158578132589659,1.8403112631155816,0.9201556315577908,0.5,True,False,,True,168,948
6,2,0.0,0.0,dirichlet,0,uniform,0.5,adaptive,stage1,,,1,0.004437132354269124,0.009425202384591103,0.8506045687899031,0.42530228439495155,0.5,True,False,-0.005733375747998556,True,396,1896
6,2,0.0,0.0,dirichlet,0,uniform,0.5,adaptive,stage1,,,2,0.04796776268256231,0.031139139086008072,0.5572932704984117,0.27864663524920585,0.5,True,False,0.02171393670141697,True,663,2844
6,2,0.0,0.0,dirichlet,0,uniform,0.5,adaptive,stage1,,,3,0.04934955426341858,0.032281006375948586,0.27864663524920585,0.13932331762460293,0.5,True,False,0.0011418672899405138,True,792,3792
6,2,0.0,0.0,dirichlet,0,uniform,0.5,adaptive,stage1,,,4,0.04793195291154717,0.031102074931065243,0.13932331762460293,0.06966165881230152,0.5,True,False,-0.001178931444883343,True,1050,4740
6,2,0.0,0.0,dirichlet,0,uniform,0.5,adaptive,stage1,,,5,0.047931949666484286,0.031102022777001064,0.06966165881230141,0.03483082940615076,0.5,True,False,-5.21540641784668e-08,True,1269,5688
6,2,0.0,0.0,dirichlet,0,uniform,0.5,adaptive,stage1,,,6,0.047931977751671795,0.031102076172828674,0.03483082940615065,0.01741541470307527,0.5,True,False,5.339582761013095e-08,True,1473,6636
6,2,0.0,0.0,dirichlet,0,uniform,0.5,adaptive,stage1,,,7,0.04793188051581865,0.031101989249388378,0.01741541470307538,0.008707707351537634,0.5,True,False,-8.692344029628818e-08,True,1686,7584
6,2,0.0,0.0,dirichlet,0,uniform,0.5,adaptive,stage1,,,8,0.04793195291154717,0.031102074931065243,0.008707707351537745,0.0043538536757689265,0.5,True,False,8.568167686462402e-08,True,1875,8532
6,2,0.0,0.0,dirichlet,0,uniform,0.5,adaptive,stage1,,,9,0.0479318211003843,0.031101913501818974,0.004353853675768819,0.0021769268378844095,0.5,True,False,-1.614292462689959e-07,True,2079,9480
6,2,0.0,0.0,dirichlet,0,uniform,0.5,adaptive,stage1,,,10,0.04793216897827435,0.031102251261472702,0.0021769268378844095,0.0010884634189421497,0.5,True,False,3.3775965372837e-07,True,2262,10428
6,2,0.0,0.0,dirichlet,0,uniform,0.5,adaptive,stage1,,,11,0.047932338609676606,0.03110234687725703,0.0010884634189422598,0.0005442317094711858,0.5,True,False,9.561578432834561e-08,True,2451,11376
6,2,0.0,0.0,dirichlet,0,uniform,0.5,adaptive,stage1,,,12,0.04793207498750718,0.0311021755139033,0.000544231709471074,0.00027211585473548103,0.5,True,False,-1.7136335372924805e-07,True,2622,12324
6,2,0.0,0.0,dirichlet,1,uniform,0.5,fixed,stage1,,,0,0.0041139370787277585,0.01704835705459118,1.8692720376077785,0.9346360188038892,0.5,True,False,,True,264,948
6,2,0.0,0.0,dirichlet,1,uniform,0.5,fixed,stage1,,,1,0.047931565088612516,0.03110184147953987,0.9749589062389377,0.48747945311946883,0.5,True,False,0.014053484424948692,True,462,1896
6,2,0.0,0.0,dirichlet,1,uniform,0.5,fixed,stage1,,,2,0.04793188700597284,0.03110199173291524,0.48747945311946883,0.24373972655973436,0.5,True,False,1.5025337537014072e-07,True,717,2844
6,2,0.0,0.0,dirichlet,1,uniform,0.5,fixed,stage1,,,3,0.04793186541090044,0.031101960688829422,0.24373972655973444,0.12186986327986729,0.5,True,False,-3.104408581935947e-08,True,906,3792
6,2,0.0,0.0,dirichlet,1,uniform,0.5,fixed,stage1,,,4,0.0479318524306418,0.031101944545904796,0.12186986327986715,0.06093493163993364,0.5,True,False,-1.6142924625511812e-08,True,1119,4740
6,2,0.0,0.0,dirichlet,1,uniform,0.5,fixed,stage1,,,5,0.04793224786394923,0.0311022587120533,0.06093493163993352,0.030467465819966816,0.5,True,False,3.1416614850246494e-07,True,1329,5688
6,2,0.0,0.0,dirichlet,1,uniform,0.5,fixed,stage1,,,6,0.04793191833622856,0.031102002908786137,0.030467465819966708,0.015233732909983299,0.5,True,False,-2.558032671622079e-07,True,1521,6636
6,2,0.0,0.0,dirichlet,1,uniform,0.5,fixed,stage1,,,7,0.04793189349609861,0.03110200787583987,0.01523373290998341,0.007616866454991761,0.5,True,False,4.967053733595517e-09,True,1692,7584
6,2,0.0,0.0,dirichlet,1,uniform,0.5,fixed,stage1,,,8,0.04793189349609861,0.03110200787583987,0.0076168664549916484,0.0038084332274958797,0.5,True,False,0.0,True,1863,8532
6,2,0.0,0.0,dirichlet,1,uniform,0.5,fixed,stage1,,,9,0.04793198424180112,0.031102086106936138,0.0038084332274957687,0.0019042166137477213,0.5,True,False,7.82310962677002e-08,True,2046,9480
6,2,0.0,0.0,dirichlet,1,uniform,0.5,fixed,stage1,,,10,0.04793192482635078,0.031102026502291363,0.0019042166137480474,0.0009521083068740766,0.5,True,False,-5.960464477539063e-08,True,2241,10428
6,2,0.0,0.0,dirichlet,1,uniform,0.5,fixed,stage1,,,11,0.04793198424180112,0.031102086106936138,0.0009521083068739708,0.0004760541534369854,0.5,True,False,5.960464477539063e-08,True,2424,11376
6,2,0.0,0.0,dirichlet,1,uniform,0.5,adaptive,stage1,,,0,0.001653398786615412,0.01705021969974041,1.5749307883432708,0.7874653941716355,0.5,True,False,,True,168,948
6,2,0.0,0.0,dirichlet,1,uniform,0.5,adaptive,stage1,,,1,0.04933467109323786,0.03222248827417692,0.8277760083662388,0.41388800418311933,0.5,True,False,0.015172268574436508,True,336,1896
6,2,0.0,0.0,dirichlet,1,uniform,0.5,adaptive,stage1,,,2,0.04919943434429008,0.0321139432489872,0.41388800418311944,0.20694400209155978,0.5,True,False,-0.00010854502518971992,True,579,2844
6,2,0.0,0.0,dirichlet,1,uniform,0.5,adaptive,stage1,,,3,0.04935549366160785,0.032261045028766,0.20694400209155964,0.10347200104577987,0.5,True,False,0.00014710177977880073,True,711,3792
6,2,0.0,0.0,dirichlet,1,uniform,0.5,adaptive,stage1,,,4,0.047932009081929294,0.03110208734869957,0.10347200104577976,0.051736000522889826,0.5,True,False,-0.001158957680066429,True,942,4740
6,2,0.0,0.0,dirichlet,1,uniform,0.5,adaptive,stage1,,,5,0.047931949666484286,0.031102022777001064,0.051736000522889944,0.025868000261445027,0.5,True,False,-6.45716985055167e-08,True,1155,5688
6,2,0.0,0.0,dirichlet,1,uniform,0.5,adaptive,stage1,,,6,0.04793188700597284,0.03110199173291524,0.025868000261444913,0.012934000130722512,0.5,True,False,-3.1044085822828915e-08,True,1395,6636
6,2,0.0,0.0,dirichlet,1,uniform,0.5,adaptive,stage1,,,7,0.04793197126151405,0.03110206623872121,0.012934000130722403,0.006467000065361038,0.5,True,False,7.450580596923828e-08,True,1617,7584
6,2,0.0,0.0,dirichlet,1,uniform,0.5,adaptive,stage1,,,8,0.04793189025103928,0.03110198552409808,0.006467000065361364,0.0032335000326807386,0.5,True,False,-8.071462313102851e-08,True,1806,8532
6,2,0.0,0.0,dirichlet,1,uniform,0.5,adaptive,stage1,,,9,0.04793189349609861,0.03110200787583987,0.003233500032680626,0.0016167500163403684,0.5,True,False,2.2351741790771484e-08,True,1998,9480
6,2,0.0,0.0,dirichlet,1,uniform,0.5,adaptive,stage1,,,10,0.04793216897827435,0.031102251261472702,0.0016167500163402574,0.0008083750081700741,0.5,True,False,2.4338563283168857e-07,True,2181,10428
6,2,0.0,0.0,dirichlet,1,uniform,0.5,adaptive,stage1,,,11,0.047932338609676606,0.03110234687725703,0.0008083750081701833,0.0004041875040851472,0.5,True,False,9.561578432834561e-08,True,2370,11376
6,2,0.0,0.0,dirichlet,2,uniform,0.5,fixed,stage1,,,0,0.04954300191835159,0.03252561887105306,0.2553596978581489,0.12767984892907444,0.5,True,False,,True,126,948
6,2,0.0,0.0,dirichlet,2,uniform,0.5,fixed,stage1,,,1,0.047931949666484286,0.031102022777001064,0.12767984892907444,0.06383992446453716,0.5,True,False,-0.001423596094051998,True,363,1896
6,2,0.0,0.0,dirichlet,2,uniform,0.5,fixed,stage1,,,2,0.047934201192191495,0.031103952477375667,0.06383992446453728,0.031919962232268694,0.5,True,False,1.9297003746032715e-06,True,522,2844
6,2,0.0,0.0,dirichlet,2,uniform,0.5,fixed,stage1,,,3,0.047931949666484286,0.031102022777001064,0.03191996223226859,0.01595998111613424,0.5,True,False,-1.9297003746032715e-06,True,762,3792
6,2,0.0,0.0,dirichlet,2,uniform,0.5,fixed,stage1,,,4,0.047931949666484286,0.031102022777001064,0.01595998111613435,0.007979990558067229,0.5,True,False,0.0,True,972,4740
6,2,0.0,0.0,dirichlet,2,uniform,0.5,fixed,stage1,,,5,0.04793188700597284,0.03110199173291524,0.00797999055806712,0.003989995279033615,0.5,True,False,-3.1044085822828915e-08,True,1212,5688
6,2,0.0,0.0,dirichlet,2,uniform,0.5,fixed,stage1,,,6,0.04793227594917937,0.031102336943149567,0.003989995279033504,0.0019949976395166966,0.5,True,False,3.4521023432529385e-07,True,1383,6636
6,2,0.0,0.0,dirichlet,2,uniform,0.5,fixed,stage1,,,7,0.04793189349609861,0.03110200787583987,0.0019949976395168077,0.0009974988197583492,0.5,True,False,-3.290673096963126e-07,True,1563,7584
6,2,0.0,0.0,dirichlet,2,uniform,0.5,fixed,stage1,,,8,0.04793186216584644,0.03110195075472196,0.0009974988197584585,0.0004987494098792847,0.5,True,False,-5.7121117912062314e-08,True,1746,8532
6,2,0.0,0.0,dirichlet,2,uniform,0.5,adaptive,stage1,,,0,0.048938976643666976,0.03190702820817629,0.4069992062166236,0.2034996031083118,0.5,True,False,,True,207,948
6,2,0.0,0.0,dirichlet,2,uniform,0.5,adaptive,stage1,,,1,0.0491226879720017,0.03206016247471174,0.20349960310831178,0.10174980155415583,0.5,True,False,0.0001531342665354457,True,351,1896
6,2,0.0,0.0,dirichlet,2,uniform,0.5,adaptive,stage1,,,2,0.04793188051581865,0.031101989249388378,0.10174980155415594,0.05087490077707803,0.5,True,False,-0.0009581732253233603,True,564,2844
6,2,0.0,0.0,dirichlet,2,uniform,0.5,adaptive,stage1,,,3,0.04793148832709093,0.0311016949514548,0.05087490077707792,0.025437450388539014,0.5,True,False,-2.942979335784912e-07,True,753,3792
6,2,0.0,0.0,dirichlet,2,uniform,0.5,adaptive,stage1,,,4,0.047931915091156796,0.03110198676586151,0.025437450388538903,0.012718725194269288,0.5,True,False,2.9181440671169345e-07,True,990,4740
6,2,0.0,0.0,dirichlet,2,uniform,0.5,adaptive,stage1,,,5,0.047931949666484286,0.031102022777001064,0.012718725194269616,0.00635936259713486,0.5,True,False,3.6011139552954985e-08,True,1200,5688
6,2,0.0,0.0,dirichlet,2,uniform,0.5,adaptive,stage1,,,6,0.04793198424180112,0.031102086106936138,0.006359362597134756,0.0031796812985673785,0.5,True,False,6.332993507385254e-08,True,1413,6636
6,2,0.0,0.0,dirichlet,2,uniform,0.5,adaptive,stage1,,,7,0.0479318211003843,0.031101913501818974,0.0031796812985673776,0.0015898406492836324,0.5,True,False,-1.7260511716438165e-07,True,1590,7584
6,2,0.0,0.0,dirichlet,2,uniform,0.5,adaptive,stage1,,,8,0.04793189349609861,0.03110200787583987,0.0015898406492837452,0.0007949203246419272,0.5,True,False,9.437402089668145e-08,True,1770,8532
6,2,0.0,0.0,dirichlet,2,uniform,0.5,adaptive,stage1,,,9,0.047932338609676606,0.03110234687725703,0.0007949203246418179,0.00039746016232090897,0.5,True,False,3.390014171600342e-07,True,1959,9480
6,2,0.0,0.0,dirichlet,3,uniform,0.5,fixed,stage1,,,0,0.004093769424343918,0.017209218814969063,1.602592455086886,0.801296227543443,0.5,True,False,,True,225,948
6,2,0.0,0.0,dirichlet,3,uniform,0.5,fixed,stage1,,,1,0.04793178327994774,0.031101883699496586,0.8405579903140505,0.4202789951570253,0.5,True,False,0.013892664884527523,True,402,1896
6,2,0.0,0.0,dirichlet,3,uniform,0.5,fixed,stage1,,,2,0.04725367551457538,0.030568310370047886,0.4202789951570252,0.21013949757851255,0.5,True,False,-0.0005335733294487,True,567,2844
6,2,0.0,0.0,dirichlet,3,uniform,0.5,fixed,stage1,,,3,0.047931949666484286,0.031102022777001064,0.21013949757851264,0.10506974878925626,0.5,True,False,0.0005337124069531782,True,795,3792
6,2,0.0,0.0,dirichlet,3,uniform,0.5,fixed,stage1,,,4,0.04793195291154717,0.031102074931065243,0.10506974878925637,0.05253487439462825,0.5,True,False,5.21540641784668e-08,True,1011,4740
6,2,0.0,0.0,dirichlet,3,uniform,0.5,fixed,stage1,,,5,0.047931949666484286,0.031102022777001064,0.05253487439462813,0.02626743719731412,0.5,True,False,-5.21540641784668e-08,True,1236,5688
6,2,0.0,0.0,dirichlet,3,uniform,0.5,fixed,stage1,,,6,0.04793185567571712,0.0311019370953242,0.02626743719731401,0.01313371859865695,0.5,True,False,-8.568167686462402e-08,True,1452,6636
6,2,0.0,0.0,dirichlet,3,uniform,0.5,fixed,stage1,,,7,0.047932122542961864,0.031102145711580913,0.013133718598657062,0.006566859299328475,0.5,True,False,2.086162567138672e-07,True,1668,7584
6,2,0.0,0.0,dirichlet,3,uniform,0.5,fixed,stage1,,,8,0.04793198424180112,0.031102086106936138,0.0065668592993285875,0.0032834296496643493,0.5,True,False,-5.960464477539063e-08,True,1851,8532
6,2,0.0,0.0,dirichlet,3,uniform,0.5,fixed,stage1,,,9,0.04793198424180112,0.031102086106936138,0.0032834296496642382,0.0016417148248320627,0.5,True,False,0.0,True,2034,9480
6,2,0.0,0.0,dirichlet,3,uniform,0.5,fixed,stage1,,,10,0.04793192482635078,0.031102026502291363,0.0016417148248321755,0.0008208574124161441,0.5,True,False,-5.960464477539063e-08,True,2229,10428
6,2,0.0,0.0,dirichlet,3,uniform,0.5,fixed,stage1,,,11,0.04793192482635078,0.031102026502291363,0.0008208574124160314,0.00041042870620796104,0.5,True,False,0.0,True,2424,11376
6,2,0.0,0.0,dirichlet,3,uniform,0.5,adaptive,stage1,,,0,0.0019517607766701417,0.01635775777200858,1.7386608080030532,0.8693304040015266,0.5,True,False,,True,255,948
6,2,0.0,0.0,dirichlet,3,uniform,0.5,adaptive,stage1,,,1,0.04435121092016203,0.028293341398239136,0.9161686593263452,0.45808432966317264,0.5,True,False,0.011935583626230557,True,402,1896
6,2,0.0,0.0,dirichlet,3,uniform,0.5,adaptive,stage1,,,2,0.048213421395445266,0.031338125467300415,0.45808432966317253,0.22904216483158632,0.5,True,False,0.0030447840690612793,True,642,2844
6,2,0.0,0.0,dirichlet,3,uniform,0.5,adaptive,stage1,,,3,0.049691628259637355,0.03257016961773237,0.22904216483158618,0.11452108241579315,0.5,True,False,0.0012320441504319532,True,753,3792
6,2,0.0,0.0,dirichlet,3,uniform,0.5,adaptive,stage1,,,4,0.04793192482635078,0.031102026502291363,0.11452108241579304,0.057260541207896365,0.5,True,False,-0.0014681431154410056,True,1023,4740
6,2,0.0,0.0,dirichlet,3,uniform,0.5,adaptive,stage1,,,5,0.04793191833622856,0.031102002908786137,0.057260541207896684,0.02863027060394839,0.5,True,False,-2.3593505225905087e-08,True,1242,5688
6,2,0.0,0.0,dirichlet,3,uniform,0.5,adaptive,stage1,,,6,0.04793199073190202,0.031102068722248077,0.02863027060394829,0.014315135301974145,0.5,True,False,6.58134619406503e-08,True,1470,6636
6,2,0.0,0.0,dirichlet,3,uniform,0.5,adaptive,stage1,,,7,0.047931949666484286,0.031102022777001064,0.014315135301974145,0.007157567650987018,0.5,True,False,-4.5945247013207124e-08,True,1710,7584
6,2,0.0,0.0,dirichlet,3,uniform,0.5,adaptive,stage1,,,8,0.047932009081929294,0.03110208734869957,0.007157567650987127,0.0035787838254936174,0.5,True,False,6.45716985055167e-08,True,1899,8532
6,2,0.0,0.0,dirichlet,3,uniform,0.5,adaptive,stage1,,,9,0.0479321063177629,0.031102182964483898,0.00357878382549351,0.0017893919127467553,0.5,True,False,9.561578432834561e-08,True,2094,9480
6,2,0.0,0.0,dirichlet,3,uniform,0.5,adaptive,stage1,,,10,0.047932015572055064,0.031102098524570465,0.0017893919127467545,0.0008946959563733772,0.5,True,False,-8.443991343295987e-08,True,2268,10428
6,2,0.0,0.0,dirichlet,3,uniform,0.5,adaptive,stage1,,,11,0.04793189025103928,0.03110198552409808,0.0008946959563733772,0.0004473479781866331,0.5,True,False,-1.1300047238552158e-07,True,2460,11376
6,2,0.0,0.0,dirichlet,4,uniform,0.5,fixed,stage1,,,0,0.004173909107777263,0.016785450900594395,1.8810724990368444,0.9405362495184222,0.5,True,False,,True,183,948
6,2,0.0,0.0,dirichlet,4,uniform,0.5,fixed,stage1,,,1,0.005352518993770872,0.011665740981698036,0.8768307793880237,0.43841538969401184,0.5,True,False,-0.005119709918896358,True,435,1896
6,2,0.0,0.0,dirichlet,4,uniform,0.5,fixed,stage1,,,2,0.04727932596443907,0.03061189502477646,0.544172863967344,0.272086431983672,0.5,True,False,0.018946154043078423,True,561,2844
6,2,0.0,0.0,dirichlet,4,uniform,0.5,fixed,stage1,,,3,0.04793189025103928,0.03110198552409808,0.272086431983672,0.13604321599183594,0.5,True,False,0.0004900904993216208,True,807,3792
6,2,0.0,0.0,dirichlet,4,uniform,0.5,fixed,stage1,,,4,0.04793189025103928,0.03110198552409808,0.13604321599183603,0.06802160799591805,0.5,True,False,0.0,True,1029,4740
6,2,0.0,0.0,dirichlet,4,uniform,0.5,fixed,stage1,,,5,0.04793189025103928,0.03110198552409808,0.06802160799591797,0.034010803997958985,0.5,True,False,0.0,True,1278,5688
6,2,0.0,0.0,dirichlet,4,uniform,0.5,fixed,stage1,,,6,0.047931582317895405,0.03110174834728241,0.034010803997958985,0.017005401998979548,0.5,True,False,-2.3717681566989834e-07,True,1476,6636
6,2,0.0,0.0,dirichlet,4,uniform,0.5,fixed,stage1,,,7,0.047931949666484286,0.031102022777001064,0.017005401998979437,0.008502700999489663,0.5,True,False,2.744297186545175e-07,True,1686,7584
6,2,0.0,0.0,dirichlet,4,uniform,0.5,fixed,stage1,,,8,0.04793192482635078,0.031102026502291363,0.008502700999489774,0.0042513504997448315,0.5,True,False,3.725290298461914e-09,True,1860,8532
6,2,0.0,0.0,dirichlet,4,uniform,0.5,fixed,stage1,,,9,0.04793189025103928,0.03110198552409808,0.004251350499744943,0.002125675249872524,0.5,True,False,-4.0978193283081055e-08,True,2052,9480
6,2,0.0,0.0,dirichlet,4,uniform,0.5,fixed,stage1,,,10,0.047932043657251455,0.031102143228054047,0.0021256752498724184,0.0010628376249362092,0.5,True,False,1.5770395596706455e-07,True,2223,10428
6,2,0.0,0.0,dirichlet,4,uniform,0.5,fixed,stage1,,,11,0.04793198424180112,0.031102086106936138,0.0010628376249362092,0.0005314188124681037,0.5,True,False,-5.7121117908592867e-08,True,2394,11376
6,2,0.0,0.0,dirichlet,4,uniform,0.5,fixed,stage1,,,12,0.04793198424180112,0.031102086106936138,0.0005314188124681055,0.0002657094062339972,0.5,True,False,0.0,True,2577,12324
6,2,0.0,0.0,dirichlet,4,uniform,0.5,adaptive,stage1,,,0,0.0018138039133646089,0.016683124626676243,1.323313613163125,0.6616568065815625,0.5,True,False,,True,309,948
6,2,0.0,0.0,dirichlet,4,uniform,0.5,adaptive,stage1,,,1,0.0489265375476684,0.03189748401443163,0.7043800848343948,0.3521900424171974,0.5,True,False,0.01521435938775539,True,543,1896
6,2,0.0,0.0,dirichlet,4,uniform,0.5,adaptive,stage1,,,2,0.049131524597896714,0.03206056356430054,0.3521900424171973,0.1760950212085986,0.5,True,False,0.00016307954986890388,True,732,2844
6,2,0.0,0.0,dirichlet,4,uniform,0.5,adaptive,stage1,,,3,0.04953752635560171,0.03246862068772316,0.1760950212085987,0.0880475106042993,0.5,True,False,0.0004080571234226227,True,861,3792
6,2,0.0,0.0,dirichlet,4,uniform,0.5,adaptive,stage1,,,4,0.047933151070354896,0.031103014945983887,0.08804751060429941,0.04402375530214976,0.5,True,False,-0.001365605741739273,True,1044,4740
6,2,0.0,0.0,dirichlet,4,uniform,0.5,adaptive,stage1,,,5,0.047932009081929294,0.03110208734869957,0.04402375530214965,0.02201187765107488,0.5,True,False,-9.275972843170166e-07,True,1281,5688
6,2,0.0,0.0,dirichlet,4,uniform,0.5,adaptive,stage1,,,6,0.047931949666484286,0.031102022777001064,0.022011877651074766,0.011005938825537328,0.5,True,False,-6.45716985055167e-08,True,1509,6636
6,2,0.0,0.0,dirichlet,4,uniform,0.5,adaptive,stage1,,,7,0.047931755194781545,0.0311018538971742,0.01100593882553744,0.005502969412768665,0.5,True,False,-1.6887982686591974e-07,True,1719,7584
6,2,0.0,0.0,dirichlet,4,uniform,0.5,adaptive,stage1,,,8,0.04793210307270179,0.031102186689774197,0.005502969412768776,0.0027514847063844416,0.5,True,False,3.3279259999824395e-07,True,1896,8532
6,2,0.0,0.0,dirichlet,4,uniform,0.5,adaptive,stage1,,,9,0.04793189349609861,0.03110200787583987,0.002751484706384334,0.0013757423531921666,0.5,True,False,-1.7881393432617188e-07,True,2088,9480
6,2,0.0,0.0,dirichlet,4,uniform,0.5,adaptive,stage1,,,10,0.04793216897827435,0.031102251261472702,0.0013757423531921675,0.0006878711765960829,0.5,True,False,2.4338563283168857e-07,True,2271,10428
6,2,0.0,0.0,dirichlet,4,uniform,0.5,adaptive,stage1,,,11,0.04793189025103928,0.03110198552409808,0.0006878711765960846,0.0003439355882979868,0.5,True,False,-2.6573737462246005e-07,True,2463,11376
6,2,0.0,0.0,dirichlet,5,uniform,0.5,fixed,stage1,,,0,0.04793183083559427,0.031101939578851063,0.7148118837294382,0.3574059418647191,0.5,True,False,,True,210,948
6,2,0.0,0.0,dirichlet,5,uniform,0.5,fixed,stage1,,,1,0.04793189025103928,0.03110198552409808,0.3574059418647191,0.17870297093235954,0.5,True,False,4.594524701667657e-08,True,444,1896
6,2,0.0,0.0,dirichlet,5,uniform,0.5,fixed,stage1,,,2,0.04793185567571712,0.0311019370953242,0.17870297093235954,0.08935148546617983,0.5,True,False,-4.842877388000488e-08,True,663,2844
6,2,0.0,0.0,dirichlet,5,uniform,0.5,fixed,stage1,,,3,0.04793188700597284,0.03110199173291524,0.08935148546617971,0.04467574273308991,0.5,True,False,5.463759104179511e-08,True,873,3792
6,2,0.0,0.0,dirichlet,5,uniform,0.5,fixed,stage1,,,4,0.047931946421414295,0.03110206002990405,0.0446757427330898,0.02233787136654474,0.5,True,False,6.829698880744806e-08,True,1065,4740
6,2,0.0,0.0,dirichlet,5,uniform,0.5,fixed,stage1,,,5,0.047931915091156796,0.03110198676586151,0.02233787136654506,0.011168935683272586,0.5,True,False,-7.326404253757413e-08,True,1269,5688
6,2,0.0,0.0,dirichlet,5,uniform,0.5,fixed,stage1,,,6,0.04793198424180112,0.031102086106936138,0.011168935683272475,0.005584467841636293,0.5,True,False,9.934107462680752e-08,True,1452,6636
6,2,0.0,0.0,dirichlet,5,uniform,0.5,fixed,stage1,,,7,0.04793198424180112,0.031102086106936138,0.005584467841636182,0.0027922339208181473,0.5,True,False,0.0,True,1635,7584
6,2,0.0,0.0,dirichlet,5,uniform,0.5,fixed,stage1,,,8,0.04793192482635078,0.031102026502291363,0.0027922339208180345,0.0013961169604088542,0.5,True,False,-5.960464477539063e-08,True,1830,8532
6,2,0.0,0.0,dirichlet,5,uniform,0.5,fixed,stage1,,,9,0.04793198424180112,0.031102086106936138,0.0013961169604091803,0.0006980584802046431,0.5,True,False,5.960464477539063e-08,True,2013,9480
6,2,0.0,0.0,dirichlet,5,uniform,0.5,fixed,stage1,,,10,0.04793198424180112,0.031102086106936138,0.0006980584802045373,0.00034902924010226863,0.5,True,False,0.0,True,2196,10428
6,2,0.0,0.0,dirichlet,5,uniform,0.5,adaptive,stage1,,,0,0.004198818813112126,0.016757333651185036,1.2501492007571868,0.6250746003785934,0.5,True,False,,True,315,948
6,2,0.0,0.0,dirichlet,5,uniform,0.5,adaptive,stage1,,,1,0.04927049296748365,0.032246304055054985,0.6673111532426399,0.33365557662131984,0.5,True,False,0.015488970403869949,True,441,1896
6,2,0.0,0.0,dirichlet,5,uniform,0.5,adaptive,stage1,,,2,0.048735718034805586,0.03181909893949827,0.33365557662131995,0.16682778831066003,0.5,True,False,-0.0004272051155567169,True,564,2844
6,2,0.0,0.0,dirichlet,5,uniform,0.5,adaptive,stage1,,,3,0.047932009081929294,0.03110208734869957,0.16682778831065995,0.08341389415532997,0.5,True,False,-0.0007170115907986982,True,810,3792
6,2,0.0,0.0,dirichlet,5,uniform,0.5,adaptive,stage1,,,4,0.04793201881710729,0.031102089832226436,0.08341389415532997,0.04170694707766499,0.5,True,False,2.4835268667977584e-09,True,1074,4740
6,2,0.0,0.0,dirichlet,5,uniform,0.5,adaptive,stage1,,,5,0.04793188051581865,0.031101989249388378,0.04170694707766499,0.020853473538832438,0.5,True,False,-1.0058283805847168e-07,True,1287,5688
6,2,0.0,0.0,dirichlet,5,uniform,0.5,adaptive,stage1,,,6,0.04793185567571712,0.0311019370953242,0.02085347353883255,0.01042673676941633,0.5,True,False,-5.21540641784668e-08,True,1485,6636
6,2,0.0,0.0,dirichlet,5,uniform,0.5,adaptive,stage1,,,7,0.04793189349609861,0.03110200787583987,0.010426736769416219,0.005213368384708053,0.5,True,False,7.078051567077637e-08,True,1677,7584
6,2,0.0,0.0,dirichlet,5,uniform,0.5,adaptive,stage1,,,8,0.04793192482635078,0.031102026502291363,0.005213368384708166,0.0026066841923540283,0.5,True,False,1.862645149230957e-08,True,1863,8532
6,2,0.0,0.0,dirichlet,5,uniform,0.5,adaptive,stage1,,,9,0.04793178003484755,0.031101891150077183,0.0026066841923541376,0.0013033420961771243,0.5,True,False,-1.353522141797625e-07,True,2046,9480
6,2,0.0,0.0,dirichlet,5,uniform,0.5,adaptive,stage1,,,10,0.04793207498750718,0.0311021755139033,0.0013033420961770133,0.0006516710480885621,0.5,True,False,2.8436382611823907e-07,True,2217,10428
6,2,0.0,0.0,dirichlet,5,uniform,0.5,adaptive,stage1,,,11,0.04793198424180112,0.031102086106936138,0.0006516710480884511,0.00032583552404406337,0.5,True,False,-8.940696716308594e-08,True,2388,11376
6,2,0.0,0.0,dirichlet,6,uniform,0.5,fixed,stage1,,,0,0.004360361951150082,0.016089777772625286,1.3957168110292462,0.697858405514623,0.5,True,False,,True,186,948
6,2,0.0,0.0,dirichlet,6,uniform,0.5,fixed,stage1,,,1,0.04920678011491475,0.03212066118915876,0.7482170103433343,0.3741085051716672,0.5,True,False,0.016030883416533474,True,423,1896
6,2,0.0,0.0,dirichlet,6,uniform,0.5,fixed,stage1,,,2,0.04934342501618971,0.0322450523575147,0.3741085051716671,0.1870542525858335,0.5,True,False,0.00012439116835594177,True,534,2844
6,2,0.0,0.0,dirichlet,6,uniform,0.5,fixed,stage1,,,3,0.04793195291154717,0.031102074931065243,0.1870542525858336,0.09352712629291686,0.5,True,False,-0.001142977426449459,True,792,3792
6,2,0.0,0.0,dirichlet,6,uniform,0.5,fixed,stage1,,,4,0.04793191833622856,0.031102002908786137,0.09352712629291675,0.04676356314645832,0.5,True,False,-7.202227910590997e-08,True,1020,4740
6,2,0.0,0.0,dirichlet,6,uniform,0.5,fixed,stage1,,,5,0.0479317995053421,0.031101945787668228,0.04676356314645842,0.023381781573229267,0.5,True,False,-5.7121117908592867e-08,True,1224,5688
6,2,0.0,0.0,dirichlet,6,uniform,0.5,fixed,stage1,,,6,0.0479319431763372,0.031102032711108524,0.02338178157322916,0.011690890786614524,0.5,True,False,8.692344029628818e-08,True,1434,6636
6,2,0.0,0.0,dirichlet,6,uniform,0.5,fixed,stage1,,,7,0.047931842695373206,0.031101958205302555,0.011690890786614635,0.005845445393307374,0.5,True,False,-7.450580596923828e-08,True,1644,7584
6,2,0.0,0.0,dirichlet,6,uniform,0.5,fixed,stage1,,,8,0.04793240127017384,0.031102413932482403,0.005845445393307261,0.002922722696653576,0.5,True,False,4.557271798474871e-07,True,1824,8532
6,2,0.0,0.0,dirichlet,6,uniform,0.5,fixed,stage1,,,9,0.04793192482635078,0.031102026502291363,0.0029227226966536853,0.0014613613483267871,0.5,True,False,-3.8743019104003906e-07,True,1998,9480
6,2,0.0,0.0,dirichlet,6,uniform,0.5,fixed,stage1,,,10,0.04793189025103928,0.03110198552409808,0.0014613613483268981,0.0007306806741635037,0.5,True,False,-4.0978193283081055e-08,True,2190,10428
6,2,0.0,0.0,dirichlet,6,uniform,0.5,fixed,stage1,,,11,0.047932043657251455,0.031102143228054047,0.0007306806741633944,0.00036534033708164083,0.5,True,False,1.5770395596706455e-07,True,2361,11376
6,2,0.0,0.0,dirichlet,6,uniform,0.5,adaptive,stage1,,,0,0.004448577441113599,0.015776680782437325,1.213725802750984,0.606862901375492,0.5,True,False,,True,276,948
6,2,0.0,0.0,dirichlet,6,uniform,0.5,adaptive,stage1,,,1,0.048525415454733434,0.031575401624043785,0.6613097001020645,0.33065485005103223,0.5,True,False,0.01579872084160646,True,564,1896
6,2,0.0,0.0,dirichlet,6,uniform,0.5,adaptive,stage1,,,2,0.049486320203726564,0.03238959486285845,0.33065485005103223,0.16532742502551612,0.5,True,False,0.0008141932388146672,True,696,2844
6,2,0.0,0.0,dirichlet,6,uniform,0.5,adaptive,stage1,,,3,0.047931949666484286,0.031102022777001064,0.16532742502551612,0.08266371251275806,0.5,True,False,-0.0012875720858573879,True,933,3792
6,2,0.0,0.0,dirichlet,6,uniform,0.5,adaptive,stage1,,,4,0.047931949666484286,0.031102022777001064,0.08266371251275806,0.041331856256379085,0.5,True,False,0.0,True,1137,4740
6,2,0.0,0.0,dirichlet,6,uniform,0.5,adaptive,stage1,,,5,0.047931908600991946,0.031102014084657032,0.04133185625637897,0.02066592812818954,0.5,True,False,-8.69234403205743e-09,True,1368,5688
6,2,0.0,0.0,dirichlet,6,uniform,0.5,adaptive,stage1,,,6,0.047931915091156796,0.03110198676586151,0.02066592812818943,0.010332964064094553,0.5,True,False,-2.7318795520897554e-08,True,1605,6636
6,2,0.0,0.0,dirichlet,6,uniform,0.5,adaptive,stage1,,,7,0.0479319431763372,0.031102032711108524,0.010332964064094877,0.005166482032047495,0.5,True,False,4.5945247013207124e-08,True,1803,7584
6,2,0.0,0.0,dirichlet,6,uniform,0.5,adaptive,stage1,,,8,0.047932009081929294,0.03110208734869957,0.005166482032047382,0.0025832410160236356,0.5,True,False,5.4637591045264555e-08,True,2001,8532
6,2,0.0,0.0,dirichlet,6,uniform,0.5,adaptive,stage1,,,9,0.04793216897827435,0.031102251261472702,0.0025832410160237466,0.0012916205080119262,0.5,True,False,1.6391277313232422e-07,True,2184,9480
6,2,0.0,0.0,dirichlet,6,uniform,0.5,adaptive,stage1,,,10,0.04793189025103928,0.03110198552409808,0.0012916205080118204,0.0006458102540059102,0.5,True,False,-2.6573737462246005e-07,True,2376,10428
6,2,0.0,0.0,dirichlet,6,uniform,0.5,adaptive,stage1,,,11,0.04793207498750718,0.0311021755139033,0.0006458102540059102,0.0003229051270028996,0.5,True,False,1.8998980522155762e-07,True,2547,11376
6,2,0.0,0.0,dirichlet,7,uniform,0.5,fixed,stage1,,,0,0.04929668722364511,0.032197670390208565,0.5099550366746406,0.2549775183373204,0.5,True,False,,True,198,948
6,2,0.0,0.0,dirichlet,7,uniform,0.5,fixed,stage1,,,1,0.04914218379960289,0.032079245895147324,0.25497751833732024,0.12748875916866007,0.5,True,False,-0.00011842449506124092,True,342,1896
6,2,0.0,0.0,dirichlet,7,uniform,0.5,fixed,stage1,,,2,0.04793186541090044,0.031101960688829422,0.12748875916866018,0.06374437958433003,0.5,True,False,-0.0009772852063179016,True,579,2844
6,2,0.0,0.0,dirichlet,7,uniform,0.5,fixed,stage1,,,3,0.04793186216584644,0.03110195075472196,0.06374437958433014,0.03187218979216512,0.5,True,False,-9.934107463721586e-09,True,795,3792
6,2,0.0,0.0,dirichlet,7,uniform,0.5,fixed,stage1,,,4,0.04793185567571712,0.0311019370953242,0.03187218979216502,0.01593609489608251,0.5,True,False,-1.3659397758714054e-08,True,1026,4740
6,2,0.0,0.0,dirichlet,7,uniform,0.5,fixed,stage1,,,5,0.04793191833622856,0.031102002908786137,0.01593609489608251,0.007968047448041256,0.5,True,False,6.581346193718085e-08,True,1239,5688
6,2,0.0,0.0,dirichlet,7,uniform,0.5,fixed,stage1,,,6,0.04793198424180112,0.031102086106936138,0.007968047448041256,0.003984023724020572,0.5,True,False,8.319815000129571e-08,True,1452,6636
6,2,0.0,0.0,dirichlet,7,uniform,0.5,fixed,stage1,,,7,0.04793227594917937,0.031102336943149567,0.003984023724020683,0.0019920118620103972,0.5,True,False,2.508362134286124e-07,True,1623,7584
6,2,0.0,0.0,dirichlet,7,uniform,0.5,fixed,stage1,,,8,0.04793189349609861,0.03110200787583987,0.001992011862010286,0.0009960059310051995,0.5,True,False,-3.290673096963126e-07,True,1803,8532
6,2,0.0,0.0,dirichlet,7,uniform,0.5,fixed,stage1,,,9,0.047932338609676606,0.03110234687725703,0.0009960059310050867,0.0004980029655024878,0.5,True,False,3.390014171600342e-07,True,1992,9480
6,2,0.0,0.0,dirichlet,7,uniform,0.5,adaptive,stage1,,,0,0.04793185567571712,0.0311019370953242,0.41027924853790315,0.20513962426895158,0.5,True,False,,True,225,948
6,2,0.0,0.0,dirichlet,7,uniform,0.5,adaptive,stage1,,,1,0.047931949666484286,0.031102022777001064,0.20513962426895155,0.10256981213447577,0.5,True,False,8.568167686462402e-08,True,444,1896
6,2,0.0,0.0,dirichlet,7,uniform,0.5,adaptive,stage1,,,2,0.047931949666484286,0.031102022777001064,0.10256981213447577,0.05128490606723795,0.5,True,False,0.0,True,651,2844
6,2,0.0,0.0,dirichlet,7,uniform,0.5,adaptive,stage1,,,3,0.047931949666484286,0.031102022777001064,0.05128490606723783,0.02564245303361897,0.5,True,False,0.0,True,864,3792
6,2,0.0,0.0,dirichlet,7,uniform,0.5,adaptive,stage1,,,4,0.04793191833622856,0.031102002908786137,0.02564245303361886,0.012821226516809269,0.5,True,False,-1.9868214927443173e-08,True,1056,4740
6,2,0.0,0.0,dirichlet,7,uniform,0.5,adaptive,stage1,,,5,0.047932043657251455,0.031102143228054047,0.012821226516809591,0.0064106132584048495,0.5,True,False,1.4031926790988858e-07,True,1227,5688
6,2,0.0,0.0,dirichlet,7,uniform,0.5,adaptive,stage1,,,6,0.04793198424180112,0.031102086106936138,0.006410613258404742,0.0032053066292023705,0.5,True,False,-5.7121117908592867e-08,True,1398,6636
6,2,0.0,0.0,dirichlet,7,uniform,0.5,adaptive,stage1,,,7,0.04793198424180112,0.031102086106936138,0.0032053066292023714,0.0016026533146011861,0.5,True,False,0.0,True,1581,7584
6,2,0.0,0.0,dirichlet,7,uniform,0.5,adaptive,stage1,,,8,0.04793192482635078,0.031102026502291363,0.0016026533146011853,0.0008013266573005931,0.5,True,False,-5.960464477539063e-08,True,1776,8532
6,2,0.0,0.0,dirichlet,7,uniform,0.5,adaptive,stage1,,,9,0.04793198424180112,0.031102086106936138,0.0008013266573005922,0.0004006633286502397,0.5,True,False,5.960464477539063e-08,True,1959,9480
6,2,0.0,0.0,dirichlet,8,uniform,0.5,fixed,stage1,,,0,0.049344435592281854,0.03223082174857458,0.5939743523939635,0.29698717619698173,0.5,True,False,,True,150,948
6,2,0.0,0.0,dirichlet,8,uniform,0.5,fixed,stage1,,,1,0.047208818248506645,0.030537288635969162,0.29698717619698173,0.14849358809849092,0.5,True,False,-0.0016935331126054151,True,276,1896
6,2,0.0,0.0,dirichlet,8,uniform,0.5,fixed,stage1,,,2,0.04793189025103928,0.03110198552409808,0.1484935880984908,0.07424679404924546,0.5,True,False,0.0005646968881289176,True,516,2844
6,2,0.0,0.0,dirichlet,8,uniform,0.5,fixed,stage1,,,3,0.047931949666484286,0.031102022777001064,0.07424679404924533,0.03712339702462272,0.5,True,False,3.725290298461914e-08,True,750,3792
6,2,0.0,0.0,dirichlet,8,uniform,0.5,fixed,stage1,,,4,0.04793198424180112,0.031102086106936138,0.03712339702462261,0.01856169851231125,0.5,True,False,6.332993507385254e-08,True,978,4740
6,2,0.0,0.0,dirichlet,8,uniform,0.5,fixed,stage1,,,5,0.04793184918555937,0.031101954480012257,0.018561698512311365,0.009280849256155627,0.5,True,False,-1.316269238813006e-07,True,1179,5688
6,2,0.0,0.0,dirichlet,8,uniform,0.5,fixed,stage1,,,6,0.04793189025103928,0.03110198552409808,0.009280849256155738,0.004640424628077921,0.5,True,False,3.1044085822828915e-08,True,1371,6636
6,2,0.0,0.0,dirichlet,8,uniform,0.5,fixed,stage1,,,7,0.04793192482635078,0.031102026502291363,0.004640424628077817,0.002320212314038909,0.5,True,False,4.0978193283081055e-08,True,1545,7584
6,2,0.0,0.0,dirichlet,8,uniform,0.5,fixed,stage1,,,8,0.04793189025103928,0.03110198552409808,0.002320212314038908,0.001160106157019454,0.5,True,False,-4.0978193283081055e-08,True,1737,8532
6,2,0.0,0.0,dirichlet,8,uniform,0.5,fixed,stage1,,,9,0.04793186216584644,0.03110195075472196,0.001160106157019454,0.0005800530785097825,0.5,True,False,-3.476937612129083e-08,True,1920,9480
6,2,0.0,0.0,dirichlet,8,uniform,0.5,fixed,stage1,,,10,0.04793207498750718,0.0311021755139033,0.0005800530785096715,0.00029002653925489126,0.5,True,False,2.2475918134284845e-07,True,2091,10428
6,2,0.0,0.0,dirichlet,8,uniform,0.5,adaptive,stage1,,,0,0.00443138902785023,0.01584049252172311,1.3719625403649536,0.6859812701824769,0.5,True,False,,True,231,948
6,2,0.0,0.0,dirichlet,8,uniform,0.5,adaptive,stage1,,,1,0.0492895933166313,0.032186105847358704,0.7395970216022476,0.3697985108011239,0.5,True,False,0.016345613325635593,True,408,1896
6,2,0.0,0.0,dirichlet,8,uniform,0.5,adaptive,stage1,,,2,0.04911005623421438,0.03209273268779119,0.3697985108011238,0.18489925540056185,0.5,True,False,-9.337315956751274e-05,True,534,2844
6,2,0.0,0.0,dirichlet,8,uniform,0.5,adaptive,stage1,,,3,0.047934230285264334,0.031104089071353275,0.18489925540056193,0.09244962770028091,0.5,True,False,-0.0009886436164379155,True,696,3792
6,2,0.0,0.0,dirichlet,8,uniform,0.5,adaptive,stage1,,,4,0.047932533081166184,0.03110252444942792,0.09244962770028102,0.046224813850140566,0.5,True,False,-1.564621925354004e-06,True,873,4740
6,2,0.0,0.0,dirichlet,8,uniform,0.5,adaptive,stage1,,,5,0.04793193344106328,0.031102063755194347,0.046224813850140455,0.023112406925070283,0.5,True,False,-4.6069423357414374e-07,True,1101,5688
6,2,0.0,0.0,dirichlet,8,uniform,0.5,adaptive,stage1,,,6,0.04793185567571712,0.0311019370953242,0.023112406925070175,0.011556203462535032,0.5,True,False,-1.2665987014770508e-07,True,1308,6636
6,2,0.0,0.0,dirichlet,8,uniform,0.5,adaptive,stage1,,,7,0.047931949666484286,0.031102022777001064,0.011556203462535141,0.005778101731267625,0.5,True,False,8.568167686462402e-08,True,1527,7584
6,2,0.0,0.0,dirichlet,8,uniform,0.5,adaptive,stage1,,,8,0.04793214089307085,0.031102216492096584,0.005778101731267516,0.0028890508656337025,0.5,True,False,1.9371509552001953e-07,True,1701,8532
6,2,0.0,0.0,dirichlet,8,uniform,0.5,adaptive,stage1,,,9,0.04793189025103928,0.03110198552409808,0.0028890508656338135,0.0014445254328169631,0.5,True,False,-2.3096799850463867e-07,True,1893,9480
6,2,0.0,0.0,dirichlet,8,uniform,0.5,adaptive,stage1,,,10,0.04793186216584644,0.03110195075472196,0.0014445254328168504,0.0007222627164083697,0.5,True,False,-3.476937612129083e-08,True,2076,10428
6,2,0.0,0.0,dirichlet,8,uniform,0.5,adaptive,stage1,,,11,0.04793189349609861,0.03110200787583987,0.0007222627164084807,0.000361131358204184,0.5,True,False,5.7121117912062314e-08,True,2247,11376
6,2,0.0,0.0,dirichlet,9,uniform,0.5,fixed,stage1,,,0,0.004394113416836376,0.01614526721338431,1.6004915990009438,0.8002457995004719,0.5,True,False,,True,99,948
6,2,0.0,0.0,dirichlet,9,uniform,0.5,fixed,stage1,,,1,0.04890129593567316,0.0318756140768528,0.8498770770858473,0.4249385385429236,0.5,True,False,0.015730346863468487,True,279,1896
6,2,0.0,0.0,dirichlet,9,uniform,0.5,fixed,stage1,,,2,0.0494786551932922,0.03235447655121485,0.4249385385429236,0.2124692692714618,0.5,True,False,0.00047886247436205315,True,390,2844
6,2,0.0,0.0,dirichlet,9,uniform,0.5,fixed,stage1,,,3,0.047283042224336214,0.03061305855711301,0.2124692692714618,0.10623463463573085,0.5,True,False,-0.001741417994101841,True,516,3792
6,2,0.0,0.0,dirichlet,9,uniform,0.5,fixed,stage1,,,4,0.047932009081929294,0.03110208734869957,0.10623463463573096,0.05311731731786554,0.5,True,False,0.0004890287915865592,True,720,4740
6,2,0.0,0.0,dirichlet,9,uniform,0.5,fixed,stage1,,,5,0.047932015572055064,0.031102098524570465,0.053117317317865426,0.02655865865893277,0.5,True,False,1.1175870895385742e-08,True,954,5688
6,2,0.0,0.0,dirichlet,9,uniform,0.5,fixed,stage1,,,6,0.04793198424180112,0.031102086106936138,0.026558658658932657,0.013279329329466273,0.5,True,False,-1.2417634327049898e-08,True,1182,6636
6,2,0.0,0.0,dirichlet,9,uniform,0.5,fixed,stage1,,,7,0.047931817855300096,0.031101922194163006,0.013279329329466384,0.006639664664733248,0.5,True,False,-1.6391277313232422e-07,True,1383,7584
6,2,0.0,0.0,dirichlet,9,uniform,0.5,fixed,stage1,,,8,0.047932043657251455,0.031102143228054047,0.006639664664733137,0.0033198323323665128,0.5,True,False,2.2103389104091709e-07,True,1578,8532
6,2,0.0,0.0,dirichlet,9,uniform,0.5,fixed,stage1,,,9,0.04793192482635078,0.031102026502291363,0.003319832332366624,0.0016599161661833683,0.5,True,False,-1.1672576268398349e-07,True,1752,9480
6,2,0.0,0.0,dirichlet,9,uniform,0.5,fixed,stage1,,,10,0.04793189025103928,0.03110198552409808,0.0016599161661832555,0.0008299580830915722,0.5,True,False,-4.0978193283081055e-08,True,1944,10428
6,2,0.0,0.0,dirichlet,9,uniform,0.5,fixed,stage1,,,11,0.047932043657251455,0.031102143228054047,0.0008299580830916833,0.000414979041545787,0.5,True,False,1.5770395596706455e-07,True,2115,11376
6,2,0.0,0.0,dirichlet,9,uniform,0.5,adaptive,stage1,,,0,0.0016512093483527224,0.017055209105213482,1.5538612715929156,0.7769306357964578,0.5,True,False,,True,171,948
6,2,0.0,0.0,dirichlet,9,uniform,0.5,adaptive,stage1,,,1,0.04946482903429228,0.032326292246580124,0.8172083724913266,0.4086041862456633,0.5,True,False,0.015271083141366642,True,360,1896
6,2,0.0,0.0,dirichlet,9,uniform,0.5,adaptive,stage1,,,2,0.048406676857723596,0.03148066997528076,0.4086041862456633,0.20430209312283165,0.5,True,False,-0.0008456222712993622,True,582,2844
6,2,0.0,0.0,dirichlet,9,uniform,0.5,adaptive,stage1,,,3,0.0494979508125013,0.03240221614638964,0.20430209312283165,0.10215104656141577,0.5,True,False,0.0009215461711088793,True,714,3792
6,2,0.0,0.0,dirichlet,9,uniform,0.5,adaptive,stage1,,,4,0.047931949666484286,0.031102022777001064,0.10215104656141588,0.051075523280707996,0.5,True,False,-0.0013001933693885769,True,930,4740
6,2,0.0,0.0,dirichlet,9,uniform,0.5,adaptive,stage1,,,5,0.04793192482635078,0.031102026502291363,0.051075523280707885,0.025537761640353887,0.5,True,False,3.725290298461914e-09,True,1170,5688
6,2,0.0,0.0,dirichlet,9,uniform,0.5,adaptive,stage1,,,6,0.04793201881710729,0.031102089832226436,0.025537761640353998,0.012768880820177055,0.5,True,False,6.332993507385254e-08,True,1434,6636
6,2,0.0,0.0,dirichlet,9,uniform,0.5,adaptive,stage1,,,7,0.04793188700597284,0.03110199173291524,0.012768880820176944,0.006384440410088527,0.5,True,False,-9.809931119514337e-08,True,1656,7584
6,2,0.0,0.0,dirichlet,9,uniform,0.5,adaptive,stage1,,,8,0.047931921581293224,0.03110199545820554,0.006384440410088416,0.003192220205044045,0.5,True,False,3.725290298461914e-09,True,1821,8532
6,2,0.0,0.0,dirichlet,9,uniform,0.5,adaptive,stage1,,,9,0.04793192482635078,0.031102026502291363,0.003192220205044371,0.001596110102522242,0.5,True,False,3.1044085822828915e-08,True,2007,9480
6,2,0.0,0.0,dirichlet,9,uniform,0.5,adaptive,stage1,,,10,0.04793216897827435,0.031102251261472702,0.0015961101025221292,0.0007980550512610082,0.5,True,False,2.24759181339379e-07,True,2190,10428
6,2,0.0,0.0,dirichlet,9,uniform,0.5,adaptive,stage1,,,11,0.04793178003484755,0.031101891150077183,0.000798055051261121,0.00039902752563061514,0.5,True,False,-3.601113955191415e-07,True,2373,11376
6,2,0.0,0.0,reversed,0,uniform,0.5,fixed,stage1,,,0,0.00445773124008042,0.015682876730958622,1.2189594227387952,0.6094797113693977,0.5,True,False,,True,210,948
6,2,0.0,0.0,reversed,0,uniform,0.5,fixed,stage1,,,1,0.04916677350738574,0.03208851317564646,0.6651461606789478,0.33257308033947386,0.5,True,False,0.01640563644468784,True,414,1896
6,2,0.0,0.0,reversed,0,uniform,0.5,fixed,stage1,,,2,0.049392578957766275,0.03227109710375468,0.33257308033947397,0.16628654016973693,0.5,True,False,0.00018258392810821533,True,525,2844
6,2,0.0,0.0,reversed,0,uniform,0.5,fixed,stage1,,,3,0.047931949666484286,0.031102022777001064,0.16628654016973704,0.08314327008486856,0.5,True,False,-0.0011690743267536129,True,765,3792
6,2,0.0,0.0,reversed,0,uniform,0.5,fixed,stage1,,,4,0.04793189025103928,0.03110198552409808,0.08314327008486846,0.04157163504243423,0.5,True,False,-3.725290298461914e-08,True,996,4740
6,2,0.0,0.0,reversed,0,uniform,0.5,fixed,stage1,,,5,0.04793185567571712,0.0311019370953242,0.04157163504243423,0.02078581752121706,0.5,True,False,-4.842877388000488e-08,True,1212,5688
6,2,0.0,0.0,reversed,0,uniform,0.5,fixed,stage1,,,6,0.04793197126151405,0.03110206623872121,0.02078581752121717,0.01039290876060853,0.5,True,False,1.291433970110334e-07,True,1422,6636
6,2,0.0,0.0,reversed,0,uniform,0.5,fixed,stage1,,,7,0.047931842695373206,0.031101958205302555,0.010392908760608643,0.005196454380304373,0.5,True,False,-1.0803341865539551e-07,True,1632,7584
6,2,0.0,0.0,reversed,0,uniform,0.5,fixed,stage1,,,8,0.047932043657251455,0.031102143228054047,0.00519645438030427,0.002598227190152135,0.5,True,False,1.8502275149143155e-07,True,1827,8532
6,2,0.0,0.0,reversed,0,uniform,0.5,fixed,stage1,,,9,0.04793240127017384,0.031102413932482403,0.002598227190152135,0.001299113595076012,0.5,True,False,2.7070442835605557e-07,True,2007,9480
6,2,0.0,0.0,reversed,0,uniform,0.5,fixed,stage1,,,10,0.04793189025103928,0.03110198552409808,0.001299113595076123,0.0006495567975380069,0.5,True,False,-4.284083843231201e-07,True,2199,10428
6,2,0.0,0.0,reversed,0,uniform,0.5,fixed,stage1,,,11,0.04793186216584644,0.03110195075472196,0.0006495567975381162,0.000324778398769111,0.5,True,False,-3.476937612129083e-08,True,2382,11376
6,2,0.0,0.0,reversed,0,uniform,0.5,adaptive,stage1,,,0,0.00445773124008042,0.015682876730958622,1.2189594227387952,0.6094797113693977,0.5,True,False,,True,210,948
6,2,0.0,0.0,reversed,0,uniform,0.5,adaptive,stage1,,,1,0.04916677350738574,0.03208851317564646,0.6651461606789478,0.33257308033947386,0.5,True,False,0.01640563644468784,True,414,1896
6,2,0.0,0.0,reversed,0,uniform,0.5,adaptive,stage1,,,2,0.049392578957766275,0.03227109710375468,0.33257308033947397,0.16628654016973693,0.5,True,False,0.00018258392810821533,True,525,2844
6,2,0.0,0.0,reversed,0,uniform,0.5,adaptive,stage1,,,3,0.047931949666484286,0.031102022777001064,0.16628654016973704,0.08314327008486856,0.5,True,False,-0.0011690743267536129,True,765,3792
6,2,0.0,0.0,reversed,0,uniform,0.5,adaptive,stage1,,,4,0.04793189025103928,0.03110198552409808,0.08314327008486846,0.04157163504243423,0.5,True,False,-3.725290298461914e-08,True,996,4740
6,2,0.0,0.0,reversed,0,uniform,0.5,adaptive,stage1,,,5,0.04793185567571712,0.0311019370953242,0.04157163504243423,0.02078581752121706,0.5,True,False,-4.842877388000488e-08,True,1212,5688
6,2,0.0,0.0,reversed,0,uniform,0.5,adaptive,stage1,,,6,0.04793197126151405,0.03110206623872121,0.02078581752121717,0.01039290876060853,0.5,True,False,1.291433970110334e-07,True,1422,6636
6,2,0.0,0.0,reversed,0,uniform,0.5,adaptive,stage1,,,7,0.047931842695373206,0.031101958205302555,0.010392908760608643,0.005196454380304373,0.5,True,False,-1.0803341865539551e-07,True,1632,7584
6,2,0.0,0.0,reversed,0,uniform,0.5,adaptive,stage1,,,8,0.047932043657251455,0.031102143228054047,0.00519645438030427,0.002598227190152135,0.5,True,False,1.8502275149143155e-07,True,1827,8532
6,2,0.0,0.0,reversed,0,uniform,0.5,adaptive,stage1,,,9,0.04793240127017384,0.031102413932482403,0.002598227190152135,0.001299113595076012,0.5,True,False,2.7070442835605557e-07,True,2007,9480
6,2,0.0,0.0,reversed,0,uniform,0.5,adaptive,stage1,,,10,0.04793189025103928,0.03110198552409808,0.001299113595076123,0.0006495567975380069,0.5,True,False,-4.284083843231201e-07,True,2199,10428
6,2,0.0,0.0,reversed,0,uniform,0.5,adaptive,stage1,,,11,0.04793186216584644,0.03110195075472196,0.0006495567975381162,0.000324778398769111,0.5,True,False,-3.476937612129083e-08,True,2382,11376
7,2,0.0,0.0,stage0,0,uniform,0.5,fixed,stage1,,,0,0.01705999326801333,0.007912501071890196,0.4390252049007737,0.21951260245038684,0.5,True,False,,True,471,183
7,2,0.0,0.0,stage0,0,uniform,0.5,fixed,stage1,,,1,0.0015050023433218485,0.012480416024724642,0.6991254387588012,0.34956271937940053,0.5,True,False,0.004567914952834446,True,696,366
7,2,0.0,0.0,stage0,0,uniform,0.5,fixed,stage1,,,2,0.0012173789289153802,0.012482022866606712,0.34956271937940053,0.17478135968970032,0.5,True,False,1.6068418820704838e-06,True,834,549
7,2,0.0,0.0,stage0,0,uniform,0.5,fixed,stage1,,,3,0.0014397493646765014,0.012486339236299196,0.17478135968970035,0.08739067984485015,0.5,True,False,4.3163696924839595e-06,True,948,732
7,2,0.0,0.0,stage0,0,uniform,0.5,fixed,stage1,,,4,0.0014122851628215471,0.012462527180711428,0.08739067984485015,0.0436953399224251,0.5,True,False,-2.3812055587768555e-05,True,1197,915
7,2,0.0,0.0,stage0,0,uniform,0.5,fixed,stage1,,,5,0.001719373665785895,0.012448562309145927,0.0436953399224251,0.02184766996121255,0.5,True,False,-1.3964871565500317e-05,True,1446,1098
7,2,0.0,0.0,stage0,0,uniform,0.5,fixed,stage1,,,6,0.001670120844686096,0.012451043352484703,0.02184766996121244,0.010923834980606192,0.5,True,False,2.4810433387756348e-06,True,1608,1281
7,2,0.0,0.0,stage0,0,uniform,0.5,fixed,stage1,,,7,0.001613090269735551,0.01245333564778169,0.010923834980606305,0.00546191749030318,0.5,True,False,2.292295296987476e-06,True,1809,1464
7,2,0.0,0.0,stage0,0,uniform,0.5,fixed,stage1,,,8,0.0015848072815938252,0.012454659367601076,0.005461917490303179,0.00273095874515159,0.5,True,False,1.3237198193856436e-06,True,2001,1647
7,2,0.0,0.0,stage0,0,uniform,0.5,fixed,stage1,,,9,0.0015958950290997365,0.012464881564180056,0.002730958745151478,0.0013654793725757942,0.5,True,False,1.0222196578979492e-05,True,2145,1830
7,2,0.0,0.0,stage0,0,uniform,0.5,fixed,stage1,,,10,0.0015647718806235389,0.012455550953745842,0.001365479372575795,0.0006827396862879257,0.5,True,False,-9.330610434213696e-06,True,2325,2013
7,2,0.0,0.0,stage0,0,uniform,0.5,fixed,stage1,,,11,0.0015606455862524626,0.012455819174647331,0.0006827396862878693,0.00034136984314393423,0.5,True,False,2.682209014892578e-07,True,2496,2196
7,2,0.0,0.0,stage0,0,uniform,0.5,adaptive,stage1,,,0,0.01705999326801333,0.007912501071890196,0.4390252049007737,0.21951260245038684,0.5,True,False,,True,471,183
7,2,0.0,0.0,stage0,0,uniform,0.5,adaptive,stage1,,,1,0.0015050023433218485,0.012480416024724642,0.6991254387588012,0.17478135968970032,0.25,True,False,0.004567914952834446,True,696,366
7,2,0.0,0.0,stage0,0,uniform,0.5,adaptive,stage1,,,2,0.006620243665244274,0.013692912956078848,0.524344079069101,0.13108601976727519,0.25,True,False,0.001212496931354206,True,903,549
7,2,0.0,0.0,stage0,0,uniform,0.5,adaptive,stage1,,,3,0.0011656170742639915,0.012501702333490053,0.3932580593018256,0.09831451482545633,0.25,True,False,-0.0011912106225887946,True,1026,732
7,2,0.0,0.0,stage0,0,uniform,0.5,adaptive,stage1,,,4,0.0013032846452674107,0.012469866002599398,0.29494354447636933,0.07373588611909242,0.25,True,False,-3.183633089065552e-05,True,1170,915
7,2,0.0,0.0,stage0,0,uniform,0.5,adaptive,stage1,,,5,0.001367437641093261,0.012464672947923342,0.22120765835727685,0.055301914589319226,0.25,True,False,-5.193054676055908e-06,True,1332,1098
7,2,0.0,0.0,stage0,0,uniform,0.5,adaptive,stage1,,,6,0.0015075133399164997,0.01250410887102286,0.16590574376795775,0.041476435941989395,0.25,True,False,3.943592309951782e-05,True,1446,1281
7,2,0.0,0.0,stage0,0,uniform,0.5,adaptive,stage1,,,7,0.0013998070874343682,0.012463085974256197,0.12442930782596823,0.031107326956492085,0.25,True,False,-4.10228967666626e-05,True,1737,1464
7,2,0.0,0.0,stage0,0,uniform,0.5,adaptive,stage1,,,8,0.001417601204728669,0.012462258959809938,0.0933219808694762,0.02333049521736901,0.25,True,False,-8.270144462585449e-07,True,1992,1647
7,2,0.0,0.0,stage0,0,uniform,0.5,adaptive,stage1,,,9,0.0018441666682136315,0.012444392467538515,0.0699914856521072,0.017497871413026812,0.25,True,False,-1.786649227142334e-05,True,2202,1830
7,2,0.0,0.0,stage0,0,uniform,0.5,adaptive,stage1,,,10,0.0017269562734014698,0.012450017655889193,0.05249361423908043,0.013123403559770121,0.25,True,False,5.62518835067749e-06,True,2412,2013
7,2,0.0,0.0,stage0,0,uniform,0.5,adaptive,stage1,,,11,0.0018827107013521527,0.012489384040236473,0.03937021067931025,0.00984255266982752,0.25,True,False,3.9366384347280445e-05,True,2532,2196
7,2,0.0,0.0,stage0,0,uniform,0.5,adaptive,stage1,,,12,0.0017167962840325401,0.012448577210307121,0.029527658009482677,0.007381914502370683,0.25,True,False,-4.080682992935181e-05,True,2739,2379
7,2,0.0,0.0,stage0,0,uniform,0.5,adaptive,stage1,,,13,0.001676848776355655,0.012450437371929487,0.022145743507111994,0.0055364358767781095,0.25,True,False,1.860161622365894e-06,True,2934,2562
7,2,0.0,0.0,stage0,0,uniform,0.5,adaptive,stage1,,,14,0.0016485208245029526,0.01245246889690558,0.016609307630334053,0.004152326907583499,0.25,True,False,2.0315249760934073e-06,True,3081,2745
7,2,0.0,0.0,stage0,0,uniform,0.5,adaptive,stage1,,,15,0.0016243198807384118,0.012452809140086174,0.012456980722750387,0.003114245180687555,0.25,True,False,3.4024318059343306e-07,True,3261,2928
7,2,0.0,0.0,stage0,0,uniform,0.5,adaptive,stage1,,,16,0.001607688910794991,0.012453670923908552,0.00934273554206283,0.0023356838855157352,0.25,True,False,8.61783822378101e-07,True,3429,3111
7,2,0.0,0.0,stage0,0,uniform,0.5,adaptive,stage1,,,17,0.0015948802152081498,0.012454182530442873,0.007007051656547151,0.001751762914136746,0.25,True,False,5.116065343209464e-07,True,3627,3294
7,2,0.0,0.0,stage0,0,uniform,0.5,adaptive,stage1,,,18,0.0015855038908938468,0.01245461218059063,0.005255288742410405,0.0013138221856026575,0.25,True,False,4.29650147756519e-07,True,3822,3477
7,2,0.0,0.0,stage0,0,uniform,0.5,adaptive,stage1,,,19,0.0015783525598003223,0.012454954907298088,0.003941466556807802,0.0009853666392019775,0.25,True,False,3.427267074584961e-07,True,4020,3660
7,2,0.0,0.0,uniform,0,uniform,0.5,fixed,stage1,,,0,0.0011964693563868423,0.012479365492860476,0.6533333333333333,0.3266666666666667,0.5,True,False,,True,228,183
7,2,0.0,0.0,uniform,0,uniform,0.5,fixed,stage1,,,1,0.0012591949756171061,0.012486917898058891,0.32666666666666666,0.16333333333333333,0.5,True,False,7.552405198415699e-06,True,354,366
7,2,0.0,0.0,uniform,0,uniform,0.5,fixed,stage1,,,2,0.00146022507853516,0.012493576233585676,0.16333333333333333,0.08166666666666661,0.5,True,False,6.658335526784839e-06,True,468,549
7,2,0.0,0.0,uniform,0,uniform,0.5,fixed,stage1,,,3,0.0014118770778068779,0.012462542081872622,0.08166666666666672,0.04083333333333336,0.5,True,False,-3.103415171305454e-05,True,708,732
7,2,0.0,0.0,uniform,0,uniform,0.5,fixed,stage1,,,4,0.0018726565385520644,0.012487844253579775,0.04083333333333347,0.020416666666666708,0.5,True,False,2.530217170715332e-05,True,828,915
7,2,0.0,0.0,uniform,0,uniform,0.5,fixed,stage1,,,5,0.001662385861592952,0.012451065704226494,0.020416666666666704,0.010208333333333408,0.5,True,False,-3.677854935328108e-05,True,1026,1098
7,2,0.0,0.0,uniform,0,uniform,0.5,fixed,stage1,,,6,0.0016106099653221406,0.012453909342487654,0.010208333333333243,0.0051041666666666215,0.5,True,False,2.8436382611598393e-06,True,1185,1281
7,2,0.0,0.0,uniform,0,uniform,0.5,fixed,stage1,,,7,0.0015833742186153188,0.012454689169923464,0.005104166666666621,0.002552083333333283,0.5,True,False,7.798274358102042e-07,True,1377,1464
7,2,0.0,0.0,uniform,0,uniform,0.5,fixed,stage1,,,8,0.001591576741835965,0.012463572745521864,0.002552083333333282,0.0012760416666666406,0.5,True,False,8.883575598400001e-06,True,1521,1647
7,2,0.0,0.0,uniform,0,uniform,0.5,fixed,stage1,,,9,0.0015642573677698834,0.012455578272541365,0.0012760416666666415,0.0006380208333334305,0.5,True,False,-7.994472980499268e-06,True,1710,1830
7,2,0.0,0.0,uniform,0,uniform,0.5,fixed,stage1,,,10,0.0015607039033369574,0.012455744668841362,0.0006380208333332665,0.00031901041666663327,0.5,True,False,1.6639629999738725e-07,True,1893,2013
7,2,0.0,0.0,uniform,0,uniform,0.5,adaptive,stage1,,,0,0.0011964693563868423,0.012479365492860476,0.6533333333333333,0.3266666666666667,0.5,True,False,,True,228,183
7,2,0.0,0.0,uniform,0,uniform,0.5,adaptive,stage1,,,1,0.0012591949756171061,0.012486917898058891,0.32666666666666666,0.16333333333333333,0.5,True,False,7.552405198415699e-06,True,354,366
7,2,0.0,0.0,uniform,0,uniform,0.5,adaptive,stage1,,,2,0.00146022507853516,0.012493576233585676,0.16333333333333333,0.08166666666666661,0.5,True,False,6.658335526784839e-06,True,468,549
7,2,0.0,0.0,uniform,0,uniform,0.5,adaptive,stage1,,,3,0.0014118770778068779,0.012462542081872622,0.08166666666666672,0.04083333333333336,0.5,True,False,-3.103415171305454e-05,True,708,732
7,2,0.0,0.0,uniform,0,uniform,0.5,adaptive,stage1,,,4,0.0018726565385520644,0.012487844253579775,0.04083333333333347,0.020416666666666708,0.5,True,False,2.530217170715332e-05,True,828,915
7,2,0.0,0.0,uniform,0,uniform,0.5,adaptive,stage1,,,5,0.001662385861592952,0.012451065704226494,0.020416666666666704,0.010208333333333408,0.5,True,False,-3.677854935328108e-05,True,1026,1098
7,2,0.0,0.0,uniform,0,uniform,0.5,adaptive,stage1,,,6,0.0016106099653221406,0.012453909342487654,0.010208333333333243,0.0051041666666666215,0.5,True,False,2.8436382611598393e-06,True,1185,1281
7,2,0.0,0.0,uniform,0,uniform,0.5,adaptive,stage1,,,7,0.0015833742186153188,0.012454689169923464,0.005104166666666621,0.002552083333333283,0.5,True,False,7.798274358102042e-07,True,1377,1464
7,2,0.0,0.0,uniform,0,uniform,0.5,adaptive,stage1,,,8,0.001591576741835965,0.012463572745521864,0.002552083333333282,0.0012760416666666406,0.5,True,False,8.883575598400001e-06,True,1521,1647
7,2,0.0,0.0,uniform,0,uniform,0.5,adaptive,stage1,,,9,0.0015642573677698834,0.012455578272541365,0.0012760416666666415,0.0006380208333334305,0.5,True,False,-7.994472980499268e-06,True,1710,1830
7,2,0.0,0.0,uniform,0,uniform,0.5,adaptive,stage1,,,10,0.0015607039033369574,0.012455744668841362,0.0006380208333332665,0.00031901041666663327,0.5,True,False,1.6639629999738725e-07,True,1893,2013
7,2,0.0,0.0,dirichlet,0,uniform,0.5,fixed,stage1,,,0,0.0012020836140411717,0.012472198034326235,0.6524227627342029,0.3262113813671015,0.5,True,False,,True,258,183
7,2,0.0,0.0,dirichlet,0,uniform,0.5,fixed,stage1,,,1,0.0016086855259374033,0.01246197335422039,0.3266191617195215,0.16330958085976077,0.5,True,False,-1.0224680105844555e-05,True,474,366
7,2,0.0,0.0,dirichlet,0,uniform,0.5,fixed,stage1,,,2,0.0015784605148585484,0.012458317602674166,0.16345431663086912,0.08172715831543459,0.5,True,False,-3.6557515462245366e-06,True,669,549
7,2,0.0,0.0,dirichlet,0,uniform,0.5,fixed,stage1,,,3,0.0014924212732800868,0.012458868945638338,0.08170536555596197,0.040852682777981014,0.5,True,False,5.513429641723633e-07,True,936,732
7,2,0.0,0.0,dirichlet,0,uniform,0.5,fixed,stage1,,,4,0.001743833345400958,0.012449508532881737,0.041220965124449366,0.020610482562224683,0.5,True,False,-9.360412756601391e-06,True,1080,915
7,2,0.0,0.0,dirichlet,0,uniform,0.5,fixed,stage1,,,5,0.0016561742118490486,0.012454887852072716,0.02039927672457019,0.010199638362285095,0.5,True,False,5.379319190979004e-06,True,1218,1098
7,2,0.0,0.0,dirichlet,0,uniform,0.5,fixed,stage1,,,6,0.0016024864802357541,0.012453847254316011,0.010240587767686986,0.005120293883843493,0.5,True,False,-1.040597756704273e-06,True,1407,1281
7,2,0.0,0.0,dirichlet,0,uniform,0.5,fixed,stage1,,,7,0.0015819213649166386,0.012455635393659273,0.005049899778272133,0.0025249498891360394,0.5,True,False,1.7881393432617188e-06,True,1569,1464
7,2,0.0,0.0,dirichlet,0,uniform,0.5,fixed,stage1,,,8,0.0015770060687358978,0.01245862307647864,0.0024070380325291714,0.0012035190162645853,0.5,True,False,2.987682819366455e-06,True,1713,1647
7,2,0.0,0.0,dirichlet,0,uniform,0.5,fixed,stage1,,,9,0.0015631674325469191,0.01245562049249808,0.0013220180359230773,0.0006610090179615946,0.5,True,False,-3.0025839805603027e-06,True,1920,1830
7,2,0.0,0.0,dirichlet,0,uniform,0.5,fixed,stage1,,,10,0.0015602169969870516,0.012455759570002556,0.0006555284725823498,0.0003277642362911476,0.5,True,False,1.390775044764897e-07,True,2088,2013
7,2,0.0,0.0,dirichlet,0,uniform,0.5,adaptive,stage1,,,0,0.0037831163410970703,0.012265379230181376,0.6907051412253904,0.3453525706126952,0.5,True,False,,True,363,183
7,2,0.0,0.0,dirichlet,0,uniform,0.5,adaptive,stage1,,,1,0.0009564648155055977,0.012488780543208122,0.3372066640438337,0.1686033320219169,0.5,True,False,0.0002234013130267467,True,594,366
7,2,0.0,0.0,dirichlet,0,uniform,0.5,adaptive,stage1,,,2,0.0016183692374269754,0.012511631473898888,0.16765925924487257,0.08382962962243629,0.5,True,False,2.285093069076538e-05,True,708,549
7,2,0.0,0.0,dirichlet,0,uniform,0.5,adaptive,stage1,,,3,0.001476972044228475,0.012459596619009972,0.0859464487796675,0.042973224389833725,0.5,True,False,-5.2034854888916016e-05,True,945,732
7,2,0.0,0.0,dirichlet,0,uniform,0.5,adaptive,stage1,,,4,0.0017962848932029374,0.012444943810502688,0.04354858185566948,0.021774290927834658,0.5,True,False,-1.4652808507284107e-05,True,1215,915
7,2,0.0,0.0,dirichlet,0,uniform,0.5,adaptive,stage1,,,5,0.001700226179361053,0.012449997787674269,0.021576837377947838,0.010788418688973947,0.5,True,False,5.053977171581153e-06,True,1365,1098
7,2,0.0,0.0,dirichlet,0,uniform,0.5,adaptive,stage1,,,6,0.0016276362137332967,0.012452660128474236,0.01068398359519817,0.005341991797599085,0.5,True,False,2.6623407999668697e-06,True,1563,1281
7,2,0.0,0.0,dirichlet,0,uniform,0.5,adaptive,stage1,,,7,0.0015924954777286615,0.01245434395968914,0.005275790053762715,0.0026378950268814132,0.5,True,False,1.6838312149047852e-06,True,1740,1464
7,2,0.0,0.0,dirichlet,0,uniform,0.5,adaptive,stage1,,,8,0.0015758403559722467,0.012455511217315992,0.0025919343505406396,0.0012959671752702916,0.5,True,False,1.167257626851978e-06,True,1893,1647
7,2,0.0,0.0,dirichlet,0,uniform,0.5,adaptive,stage1,,,9,0.0015672766211718425,0.012455980603893598,0.0012945925268524191,0.00064729626342621,0.5,True,False,4.6938657760620117e-07,True,2037,1830
7,2,0.0,0.0,dirichlet,0,uniform,0.5,adaptive,stage1,,,10,0.0015616371915410099,0.012455697481830915,0.0006498931936228724,0.0003249465968114644,0.5,True,False,-2.8312206268310547e-07,True,2238,2013
7,2,0.0,0.0,dirichlet,1,uniform,0.5,fixed,stage1,,,0,0.03352747736265016,0.024666488791505497,,0.0,0.5,False,False,,False,231,183
7,2,0.0,0.0,dirichlet,1,uniform,0.5,adaptive,stage1,,,0,0.03356535045653963,0.02447798786063989,,0.0,0.5,False,False,,False,249,183
7,2,0.0,0.0,dirichlet,2,uniform,0.5,fixed,stage1,,,0,0.005962092537913577,0.01488117128610611,,0.0,0.5,False,False,,False,180,183
7,2,0.0,0.0,dirichlet,2,uniform,0.5,adaptive,stage1,,,0,0.0059614958878224655,0.014880957702795664,,0.0,0.5,False,False,,False,177,183
7,2,0.0,0.0,dirichlet,3,uniform,0.5,fixed,stage1,,,0,0.0016773411988566522,0.012452717249592146,0.2393122974694041,0.11965614873470211,0.5,True,False,,True,141,183
7,2,0.0,0.0,dirichlet,3,uniform,0.5,fixed,stage1,,,1,0.001572160916506249,0.01245521567761898,0.11955787235416855,0.05977893617708431,0.5,True,False,2.4984280268345455e-06,True,444,366
7,2,0.0,0.0,dirichlet,3,uniform,0.5,fixed,stage1,,,2,0.0017515881540592915,0.012447131797671318,0.06009599063095306,0.03004799531547659,0.5,True,False,-8.083879947662354e-06,True,597,549
7,2,0.0,0.0,dirichlet,3,uniform,0.5,fixed,stage1,,,3,0.0016545459423298325,0.012451423332095146,0.029880012857323283,0.014940006428661614,0.5,True,False,4.291534423828125e-06,True,789,732
7,2,0.0,0.0,dirichlet,3,uniform,0.5,fixed,stage1,,,4,0.0016063279691955756,0.01245380255083243,0.014846551785515087,0.007423275892757543,0.5,True,False,2.379218737283764e-06,True,960,915
7,2,0.0,0.0,dirichlet,3,uniform,0.5,fixed,stage1,,,5,0.0015826148049402633,0.01245518090824286,0.0073690279701287284,0.003684513985064336,0.5,True,False,1.3783574104309082e-06,True,1122,1098
7,2,0.0,0.0,dirichlet,3,uniform,0.5,fixed,stage1,,,6,0.0015775088266671844,0.012458434328436852,0.0035561578609439046,0.0017780789304720074,0.5,True,False,3.25342019399065e-06,True,1266,1281
7,2,0.0,0.0,dirichlet,3,uniform,0.5,fixed,stage1,,,7,0.0015640412353903344,0.012455821658174196,0.0018811903964142266,0.0009405951982070573,0.5,True,False,-2.6126702626552006e-06,True,1428,1464
7,2,0.0,0.0,dirichlet,3,uniform,0.5,fixed,stage1,,,8,0.0015603987381318518,0.012455737218260765,0.0009439229842452901,0.0004719614921226724,0.5,True,False,-8.443991343122514e-08,True,1623,1647
7,2,0.0,0.0,dirichlet,3,uniform,0.5,adaptive,stage1,,,0,0.005961964683933729,0.01488113154967626,,0.0,0.5,False,False,,False,189,183
7,2,0.0,0.0,dirichlet,4,uniform,0.5,fixed,stage1,,,0,0.016531014872542826,0.020469019810358684,,0.0,0.5,False,False,,False,201,183
7,2,0.0,0.0,dirichlet,4,uniform,0.5,adaptive,stage1,,,0,0.0031433309528523523,0.01238234837849935,0.5383475298175656,0.26917376490878286,0.5,True,False,,True,453,183
7,2,0.0,0.0,dirichlet,4,uniform,0.5,adaptive,stage1,,,1,0.0012247546409120957,0.01247164917488893,0.26917376490878275,0.13458688245439143,0.5,True,False,8.930079638957977e-05,True,609,366
7,2,0.0,0.0,dirichlet,4,uniform,0.5,adaptive,stage1,,,2,0.0014502081414544676,0.012495349471767744,0.13458688245439135,0.0672934412271957,0.5,True,False,2.3700296878814697e-05,True,723,549
7,2,0.0,0.0,dirichlet,4,uniform,0.5,adaptive,stage1,,,3,0.0017170236683821116,0.012448780859510103,0.06729344122719559,0.033646720613597796,0.5,True,False,-4.6568612257640724e-05,True,951,732
7,2,0.0,0.0,dirichlet,4,uniform,0.5,adaptive,stage1,,,4,0.001703167413744211,0.01244921050965786,0.03364672061359785,0.016823360306798898,0.5,True,False,4.29650147756519e-07,True,1143,915
7,2,0.0,0.0,dirichlet,4,uniform,0.5,adaptive,stage1,,,5,0.001630751573907574,0.01245279423892498,0.016823360306798898,0.008411680153399504,0.5,True,False,3.5837292671203613e-06,True,1281,1098
7,2,0.0,0.0,dirichlet,4,uniform,0.5,adaptive,stage1,,,6,0.0015935568051599347,0.012454232200980186,0.00841168015339945,0.004205840076699753,0.5,True,False,1.4379620552062988e-06,True,1473,1281
7,2,0.0,0.0,dirichlet,4,uniform,0.5,adaptive,stage1,,,7,0.0015755270720774206,0.012455111369490623,0.004205840076699697,0.002102920038349821,0.5,True,False,8.791685104370117e-07,True,1653,1464
7,2,0.0,0.0,dirichlet,4,uniform,0.5,adaptive,stage1,,,8,0.0015722474016897081,0.012457771226763725,0.0021029200383498757,0.0010514600191750215,0.5,True,False,2.6598572731018066e-06,True,1797,1647
7,2,0.0,0.0,dirichlet,4,uniform,0.5,adaptive,stage1,,,9,0.0015618957453007454,0.012455670163035393,0.0010514600191749096,0.0005257300095873989,0.5,True,False,-2.1010637283325195e-06,True,1959,1830
7,2,0.0,0.0,dirichlet,4,uniform,0.5,adaptive,stage1,,,10,0.0015596748150557005,0.012455784405271212,0.0005257300095873997,0.00026286500479369944,0.5,True,False,1.1424223581892046e-07,True,2145,2013
7,2,0.0,0.0,dirichlet,5,uniform,0.5,fixed,stage1,,,0,0.005962007303585537,0.014881141483783722,,0.0,0.5,False,False,,False,144,183
7,2,0.0,0.0,dirichlet,5,uniform,0.5,adaptive,stage1,,,0,0.03355072783097057,0.024549898381034534,,0.0,0.5,False,False,,False,183,183
7,2,0.0,0.0,dirichlet,6,uniform,0.5,fixed,stage1,,,0,0.002901816573647409,0.012420987089474997,0.721681223744691,0.36084061187234545,0.5,True,False,,True,198,183
7,2,0.0,0.0,dirichlet,6,uniform,0.5,fixed,stage1,,,1,0.0009583305533453768,0.01249026320874691,0.3581099733746144,0.1790549866873072,0.5,True,False,6.927611927191359e-05,True,378,366
7,2,0.0,0.0,dirichlet,6,uniform,0.5,fixed,stage1,,,2,0.001616059741081699,0.01250594419737657,0.1784086089713972,0.08920430448569855,0.5,True,False,1.5680988629659595e-05,True,492,549
7,2,0.0,0.0,dirichlet,6,uniform,0.5,fixed,stage1,,,3,0.0014872446795664018,0.012461084251602491,0.09102507565370244,0.04551253782685122,0.5,True,False,-4.485994577407837e-05,True,687,732
7,2,0.0,0.0,dirichlet,6,uniform,0.5,fixed,stage1,,,4,0.0018048910271399876,0.01244497112929821,0.04614574003531219,0.023072870017656177,0.5,True,False,-1.6113122304281177e-05,True,921,915
7,2,0.0,0.0,dirichlet,6,uniform,0.5,fixed,stage1,,,5,0.0017016952412305386,0.01244932971894741,0.022902641561366507,0.011451320780683253,0.5,True,False,4.3585896492004395e-06,True,1098,1098
7,2,0.0,0.0,dirichlet,6,uniform,0.5,fixed,stage1,,,6,0.0016291350393657922,0.012452593073248863,0.01132335904768808,0.005661679523844013,0.5,True,False,3.2633543014526367e-06,True,1293,1281
7,2,0.0,0.0,dirichlet,6,uniform,0.5,fixed,stage1,,,7,0.0015930865152853357,0.012454242135087648,0.005596850513421472,0.0027984252567108195,0.5,True,False,1.649061838785229e-06,True,1497,1464
7,2,0.0,0.0,dirichlet,6,uniform,0.5,fixed,stage1,,,8,0.0015770975444588942,0.012455858911077181,0.0027347566190108535,0.001367378309505344,0.5,True,False,1.6167759895324707e-06,True,1650,1647
7,2,0.0,0.0,dirichlet,6,uniform,0.5,fixed,stage1,,,9,0.0015679548693832146,0.012456181769569715,0.001354651205851434,0.0006773256029256897,0.5,True,False,3.2285849253452237e-07,True,1794,1830
7,2,0.0,0.0,dirichlet,6,uniform,0.5,fixed,stage1,,,10,0.001561653584603917,0.012455692514777184,0.0006966103769813501,0.0003483051884906746,0.5,True,False,-4.892547925319096e-07,True,1989,2013
7,2,0.0,0.0,dirichlet,6,uniform,0.5,adaptive,stage1,,,0,0.0335231548314443,0.024689134831229847,,0.0,0.5,False,False,,False,156,183
7,2,0.0,0.0,dirichlet,7,uniform,0.5,fixed,stage1,,,0,0.004700003623186788,0.012112570305665335,0.6830663058012105,0.3415331529006053,0.5,True,False,,True,393,183
7,2,0.0,0.0,dirichlet,7,uniform,0.5,fixed,stage1,,,1,0.0010887309559510783,0.012491877501209578,0.3544458715412009,0.1772229357706005,0.5,True,False,0.00037930719554424286,True,516,366
7,2,0.0,0.0,dirichlet,7,uniform,0.5,fixed,stage1,,,2,0.001307928723269569,0.012467827027042707,0.17625067011103543,0.08812533505551774,0.5,True,False,-2.4050474166870117e-05,True,666,549
7,2,0.0,0.0,dirichlet,7,uniform,0.5,fixed,stage1,,,3,0.0015203212026460022,0.012457674369215965,0.08772227294064068,0.043861136470320396,0.5,True,False,-1.0152657826742115e-05,True,942,732
7,2,0.0,0.0,dirichlet,7,uniform,0.5,fixed,stage1,,,4,0.0016991649800317532,0.012449434027075768,0.04353713887551345,0.021768569437756697,0.5,True,False,-8.240342140197754e-06,True,1110,915
7,2,0.0,0.0,dirichlet,7,uniform,0.5,fixed,stage1,,,5,0.001637747535824019,0.012456323330601057,0.022039254280498983,0.011019627140249547,0.5,True,False,6.889303525289478e-06,True,1248,1098
7,2,0.0,0.0,dirichlet,7,uniform,0.5,fixed,stage1,,,6,0.0015928966474181294,0.012454242135087648,0.010937649693855672,0.00546882484692778,0.5,True,False,-2.081195513408546e-06,True,1449,1281
7,2,0.0,0.0,dirichlet,7,uniform,0.5,fixed,stage1,,,7,0.0015760906648445427,0.012455478931466738,0.005517520183123616,0.002758760091561752,0.5,True,False,1.2367963790893555e-06,True,1611,1464
7,2,0.0,0.0,dirichlet,7,uniform,0.5,fixed,stage1,,,8,0.0015738945785415126,0.012458503867189089,0.0028781249021694556,0.0014390624510847282,0.5,True,False,3.0249357223510742e-06,True,1755,1647
7,2,0.0,0.0,dirichlet,7,uniform,0.5,fixed,stage1,,,9,0.0015620891997016884,0.012455781921744347,0.0013316366537019621,0.0006658183268509798,0.5,True,False,-2.7219454447422603e-06,True,1917,1830
7,2,0.0,0.0,dirichlet,7,uniform,0.5,fixed,stage1,,,10,0.0015595591186468027,0.012455791855851809,0.0006662098341501735,0.00033310491707514225,0.5,True,False,9.934107461986863e-09,True,2106,2013
7,2,0.0,0.0,dirichlet,7,uniform,0.5,adaptive,stage1,,,0,0.000410542710998385,0.012544944882392883,0.5957906107441098,0.2978953053720549,0.5,True,False,,True,243,183
7,2,0.0,0.0,dirichlet,7,uniform,0.5,adaptive,stage1,,,1,0.0013012381658370487,0.01247291329006354,0.2978953053720549,0.1489476526860274,0.5,True,False,-7.203159232934374e-05,True,384,366
7,2,0.0,0.0,dirichlet,7,uniform,0.5,adaptive,stage1,,,2,0.0015506114472003674,0.012517984335621199,0.14894765268602744,0.07447382634301375,0.5,True,False,4.5071045557659034e-05,True,498,549
7,2,0.0,0.0,dirichlet,7,uniform,0.5,adaptive,stage1,,,3,0.001378919617536667,0.012464059516787529,0.07447382634301364,0.037236913171506764,0.5,True,False,-5.3924818833669605e-05,True,762,732
7,2,0.0,0.0,dirichlet,7,uniform,0.5,adaptive,stage1,,,4,0.0018309802648008855,0.012474644308288893,0.037236913171506875,0.018618456585753437,0.5,True,False,1.0584791501363697e-05,True,882,915
7,2,0.0,0.0,dirichlet,7,uniform,0.5,adaptive,stage1,,,5,0.001660714788009443,0.012452071532607079,0.018618456585753437,0.009309228292876719,0.5,True,False,-2.2572775681814136e-05,True,1041,1098
7,2,0.0,0.0,dirichlet,7,uniform,0.5,adaptive,stage1,,,6,0.0016079698904398754,0.012453720594445864,0.009309228292876663,0.004654614146438276,0.5,True,False,1.649061838785229e-06,True,1209,1281
7,2,0.0,0.0,dirichlet,7,uniform,0.5,adaptive,stage1,,,7,0.0015825435392144982,0.012454761192202568,0.004654614146438498,0.002327307073219277,0.5,True,False,1.040597756704273e-06,True,1401,1464
7,2,0.0,0.0,dirichlet,7,uniform,0.5,adaptive,stage1,,,8,0.0015881957449295214,0.012462460125486055,0.002327307073219111,0.001163653536609556,0.5,True,False,7.698933283487377e-06,True,1545,1647
7,2,0.0,0.0,dirichlet,7,uniform,0.5,adaptive,stage1,,,9,0.0015644538803591956,0.012455776954690615,0.0011636535366096106,0.0005818267683048335,0.5,True,False,-6.683170795440674e-06,True,1710,1830
7,2,0.0,0.0,dirichlet,7,uniform,0.5,adaptive,stage1,,,10,0.0015606629182549625,0.012455727284153303,0.0005818267683048326,0.00029091338415241676,0.5,True,False,-4.967053731166904e-08,True,1908,2013
7,2,0.0,0.0,dirichlet,8,uniform,0.5,fixed,stage1,,,0,0.002949925747337545,0.012412120898564657,0.4484600277175206,0.2242300138587603,0.5,True,False,,True,381,183
7,2,0.0,0.0,dirichlet,8,uniform,0.5,fixed,stage1,,,1,0.0059618794496021366,0.014881079395612081,,0.0,0.5,False,False,0.0024689584970474243,False,567,366
7,2,0.0,0.0,dirichlet,8,uniform,0.5,adaptive,stage1,,,0,0.033587383963856965,0.024747323865691822,,0.0,0.5,False,False,,False,96,183
7,2,0.0,0.0,dirichlet,9,uniform,0.5,fixed,stage1,,,0,0.03355701902853525,0.024621438855926197,,0.0,0.5,False,False,,False,243,183
7,2,0.0,0.0,dirichlet,9,uniform,0.5,adaptive,stage1,,,0,0.001726760691127538,0.012523679062724113,0.273466605643721,0.1367333028218605,0.5,True,False,,True,126,183
7,2,0.0,0.0,dirichlet,9,uniform,0.5,adaptive,stage1,,,1,0.0015529753717231642,0.012458312635620436,0.13940807838080185,0.06970403919040093,0.5,True,False,-6.536642710367781e-05,True,294,366
7,2,0.0,0.0,dirichlet,9,uniform,0.5,adaptive,stage1,,,2,0.0014748945166314087,0.012459653740127882,0.0696510080510226,0.03482550402551133,0.5,True,False,1.341104507446289e-06,True,549,549
7,2,0.0,0.0,dirichlet,9,uniform,0.5,adaptive,stage1,,,3,0.0017233966170167037,0.01244829905529817,0.03527215220936354,0.01763607610468177,0.5,True,False,-1.1354684829711914e-05,True,738,732
7,2,0.0,0.0,dirichlet,9,uniform,0.5,adaptive,stage1,,,4,0.0016398502100631873,0.012452158456047377,0.017484858259371853,0.008742429129685899,0.5,True,False,3.859400749206543e-06,True,915,915
7,2,0.0,0.0,dirichlet,9,uniform,0.5,adaptive,stage1,,,5,0.001598660468800972,0.012454050903518995,0.008668056361193863,0.004334028180596876,0.5,True,False,1.8924474716186523e-06,True,1095,1098
7,2,0.0,0.0,dirichlet,9,uniform,0.5,adaptive,stage1,,,6,0.0015867767870325622,0.012458409493168196,0.0041621742259617825,0.002081087112980891,0.5,True,False,4.3585896492004395e-06,True,1248,1281
7,2,0.0,0.0,dirichlet,9,uniform,0.5,adaptive,stage1,,,7,0.001573286697787779,0.012457570061087608,0.0021142460563593002,0.0010571230281797052,0.5,True,False,-8.394320805873295e-07,True,1392,1464
7,2,0.0,0.0,dirichlet,9,uniform,0.5,adaptive,stage1,,,8,0.0015626058302640189,0.012455655261874199,0.0011326514857842628,0.0005663257428921865,0.5,True,False,-1.914799213409424e-06,True,1575,1647
7,2,0.0,0.0,dirichlet,9,uniform,0.5,adaptive,stage1,,,9,0.0015598202582012277,0.01245580924053987,0.0005602577275112429,0.0002801288637555386,0.5,True,False,1.5397866567033736e-07,True,1761,1830
7,2,0.0,0.0,reversed,0,uniform,0.5,fixed,stage1,,,0,0.0017784752300862294,0.012447111929456392,0.5433550760068786,0.27167753800343925,0.5,True,False,,True,219,183
7,2,0.0,0.0,reversed,0,uniform,0.5,fixed,stage1,,,1,0.0014351366733738047,0.012488807862003645,0.27167753800343947,0.1358387690017197,0.5,True,False,4.169593254725254e-05,True,348,366
7,2,0.0,0.0,reversed,0,uniform,0.5,fixed,stage1,,,2,0.0014348600788522958,0.012462750698129335,0.13583876900171965,0.06791938450085985,0.5,True,False,-2.6057163874309425e-05,True,558,549
7,2,0.0,0.0,reversed,0,uniform,0.5,fixed,stage1,,,3,0.001401759645277778,0.012463031336665154,0.06791938450085974,0.033959692250429926,0.5,True,False,2.8063853581804243e-07,True,822,732
7,2,0.0,0.0,reversed,0,uniform,0.5,fixed,stage1,,,4,0.0018325170661643853,0.01247271460791429,0.03395969225042987,0.016979846125214908,0.5,True,False,9.683271249135914e-06,True,942,915
7,2,0.0,0.0,reversed,0,uniform,0.5,fixed,stage1,,,5,0.001662230273698384,0.012451485420266787,0.01697984612521502,0.008489923062607565,0.5,True,False,-2.1229187647502784e-05,True,1101,1098
7,2,0.0,0.0,reversed,0,uniform,0.5,fixed,stage1,,,6,0.001609452740433781,0.012453646088639895,0.00848992306260751,0.004244961531303671,0.5,True,False,2.16066837310791e-06,True,1269,1281
7,2,0.0,0.0,reversed,0,uniform,0.5,fixed,stage1,,,7,0.0015830742885523108,0.012454738840460777,0.0042449615313036706,0.002122480765651835,0.5,True,False,1.0927518208827397e-06,True,1461,1464
7,2,0.0,0.0,reversed,0,uniform,0.5,fixed,stage1,,,8,0.0015889313644947833,0.012462576851248741,0.0021224807656518357,0.0010612403828260007,0.5,True,False,7.838010787963867e-06,True,1605,1647
7,2,0.0,0.0,reversed,0,uniform,0.5,fixed,stage1,,,9,0.0015644093732447573,0.012455704932411512,0.001061240382825946,0.000530620191412836,0.5,True,False,-6.8719188372288326e-06,True,1770,1830
7,2,0.0,0.0,reversed,0,uniform,0.5,fixed,stage1,,,10,0.0015607647959861026,0.0124557347347339,0.000530620191412999,0.0002653100957064995,0.5,True,False,2.9802322387695312e-08,True,1968,2013
7,2,0.0,0.0,reversed,0,uniform,0.5,adaptive,stage1,,,0,0.0017784752300862294,0.012447111929456392,0.5433550760068786,0.27167753800343925,0.5,True,False,,True,219,183
7,2,0.0,0.0,reversed,0,uniform,0.5,adaptive,stage1,,,1,0.0014351366733738047,0.012488807862003645,0.27167753800343947,0.1358387690017197,0.5,True,False,4.169593254725254e-05,True,348,366
7,2,0.0,0.0,reversed,0,uniform,0.5,adaptive,stage1,,,2,0.0014348600788522958,0.012462750698129335,0.13583876900171965,0.06791938450085985,0.5,True,False,-2.6057163874309425e-05,True,558,549
7,2,0.0,0.0,reversed,0,uniform,0.5,adaptive,stage1,,,3,0.001401759645277778,0.012463031336665154,0.06791938450085974,0.033959692250429926,0.5,True,False,2.8063853581804243e-07,True,822,732
7,2,0.0,0.0,reversed,0,uniform,0.5,adaptive,stage1,,,4,0.0018325170661643853,0.01247271460791429,0.03395969225042987,0.016979846125214908,0.5,True,False,9.683271249135914e-06,True,942,915
7,2,0.0,0.0,reversed,0,uniform,0.5,adaptive,stage1,,,5,0.001662230273698384,0.012451485420266787,0.01697984612521502,0.008489923062607565,0.5,True,False,-2.1229187647502784e-05,True,1101,1098
7,2,0.0,0.0,reversed,0,uniform,0.5,adaptive,stage1,,,6,0.001609452740433781,0.012453646088639895,0.00848992306260751,0.004244961531303671,0.5,True,False,2.16066837310791e-06,True,1269,1281
7,2,0.0,0.0,reversed,0,uniform,0.5,adaptive,stage1,,,7,0.0015830742885523108,0.012454738840460777,0.0042449615313036706,0.002122480765651835,0.5,True,False,1.0927518208827397e-06,True,1461,1464
7,2,0.0,0.0,reversed,0,uniform,0.5,adaptive,stage1,,,8,0.0015889313644947833,0.012462576851248741,0.0021224807656518357,0.0010612403828260007,0.5,True,False,7.838010787963867e-06,True,1605,1647
7,2,0.0,0.0,reversed,0,uniform,0.5,adaptive,stage1,,,9,0.0015644093732447573,0.012455704932411512,0.001061240382825946,0.000530620191412836,0.5,True,False,-6.8719188372288326e-06,True,1770,1830
7,2,0.0,0.0,reversed,0,uniform,0.5,adaptive,stage1,,,10,0.0015607647959861026,0.0124557347347339,0.000530620191412999,0.0002653100957064995,0.5,True,False,2.9802322387695312e-08,True,1968,2013
8,2,0.0,0.0,stage0,0,uniform,0.5,fixed,stage1,,,0,0.004416100372264253,0.012722148870428404,0.5610991542937719,0.2805495771468859,0.5,True,False,,True,225,372
8,2,0.0,0.0,stage0,0,uniform,0.5,fixed,stage1,,,1,0.004416100372264253,0.012722148870428404,0.280549577146886,0.14027478857344294,0.5,True,False,0.0,True,432,744
8,2,0.0,0.0,stage0,0,uniform,0.5,fixed,stage1,,,2,0.004415994151319325,0.012722119068106016,0.14027442136758772,0.07013721068379383,0.5,True,False,-2.9802322387695312e-08,True,627,1116
8,2,0.0,0.0,stage0,0,uniform,0.5,fixed,stage1,,,3,0.00441601506674516,0.01272213396926721,0.07013739428664786,0.035068697143323876,0.5,True,False,1.4901161193847656e-08,True,816,1488
8,2,0.0,0.0,stage0,0,uniform,0.5,fixed,stage1,,,4,0.00441601506674516,0.01272213396926721,0.03506869714332399,0.017534348571662042,0.5,True,False,0.0,True,1011,1860
8,2,0.0,0.0,stage0,0,uniform,0.5,fixed,stage1,,,5,0.004416101194166799,0.012722148870428404,0.017534532174663275,0.00876726608733161,0.5,True,False,1.4901161193847656e-08,True,1203,2232
8,2,0.0,0.0,stage0,0,uniform,0.5,fixed,stage1,,,6,0.004416100372264253,0.012722148870428404,0.008767266087331665,0.004383633043665819,0.5,True,False,0.0,True,1413,2604
8,2,0.0,0.0,stage0,0,uniform,0.5,fixed,stage1,,,7,0.00441601506674516,0.01272213396926721,0.004383449440664516,0.002191724720332286,0.5,True,False,-1.4901161193847656e-08,True,1599,2976
8,2,0.0,0.0,stage0,0,uniform,0.5,fixed,stage1,,,8,0.004416101194166799,0.012722148870428404,0.0021919083233335607,0.0010959541616668428,0.5,True,False,1.4901161193847656e-08,True,1803,3348
8,2,0.0,0.0,stage0,0,uniform,0.5,fixed,stage1,,,9,0.004415992507498245,0.01272213893632094,0.0010958317596493211,0.000547915879824612,0.5,True,False,-9.934107463721586e-09,True,2013,3720
8,2,0.0,0.0,stage0,0,uniform,0.5,fixed,stage1,,,10,0.004415994151319325,0.012722119068106016,0.0005476710759867998,0.0002738355379933999,0.5,True,False,-1.9868214923973726e-08,True,2214,4092
8,2,0.0,0.0,stage0,0,uniform,0.5,adaptive,stage1,,,0,0.004416100372264253,0.012722148870428404,0.5610991542937719,0.2805495771468859,0.5,True,False,,True,225,372
8,2,0.0,0.0,stage0,0,uniform,0.5,adaptive,stage1,,,1,0.004416100372264253,0.012722148870428404,0.280549577146886,0.14027478857344294,0.5,True,False,0.0,True,432,744
8,2,0.0,0.0,stage0,0,uniform,0.5,adaptive,stage1,,,2,0.004415994151319325,0.012722119068106016,0.14027442136758772,0.07013721068379383,0.5,True,False,-2.9802322387695312e-08,True,627,1116
8,2,0.0,0.0,stage0,0,uniform,0.5,adaptive,stage1,,,3,0.00441601506674516,0.01272213396926721,0.07013739428664786,0.035068697143323876,0.5,True,False,1.4901161193847656e-08,True,816,1488
8,2,0.0,0.0,stage0,0,uniform,0.5,adaptive,stage1,,,4,0.00441601506674516,0.01272213396926721,0.03506869714332399,0.017534348571662042,0.5,True,False,0.0,True,1011,1860
8,2,0.0,0.0,stage0,0,uniform,0.5,adaptive,stage1,,,5,0.004416101194166799,0.012722148870428404,0.017534532174663275,0.00876726608733161,0.5,True,False,1.4901161193847656e-08,True,1203,2232
8,2,0.0,0.0,stage0,0,uniform,0.5,adaptive,stage1,,,6,0.004416100372264253,0.012722148870428404,0.008767266087331665,0.004383633043665819,0.5,True,False,0.0,True,1413,2604
8,2,0.0,0.0,stage0,0,uniform,0.5,adaptive,stage1,,,7,0.00441601506674516,0.01272213396926721,0.004383449440664516,0.002191724720332286,0.5,True,False,-1.4901161193847656e-08,True,1599,2976
8,2,0.0,0.0,stage0,0,uniform,0.5,adaptive,stage1,,,8,0.004416101194166799,0.012722148870428404,0.0021919083233335607,0.0010959541616668428,0.5,True,False,1.4901161193847656e-08,True,1803,3348
8,2,0.0,0.0,stage0,0,uniform,0.5,adaptive,stage1,,,9,0.004415992507498245,0.01272213893632094,0.0010958317596493211,0.000547915879824612,0.5,True,False,-9.934107463721586e-09,True,2013,3720
8,2,0.0,0.0,stage0,0,uniform,0.5,adaptive,stage1,,,10,0.004415994151319325,0.012722119068106016,0.0005476710759867998,0.0002738355379933999,0.5,True,False,-1.9868214923973726e-08,True,2214,4092
8,2,0.0,0.0,uniform,0,uniform,0.5,fixed,stage1,,,0,0.0007172738854874794,0.007523282741506894,0.40248835052879517,0.20124417526439758,0.5,True,False,,True,453,372
8,2,0.0,0.0,uniform,0,uniform,0.5,fixed,stage1,,,1,0.004416100372264253,0.012722148870428404,0.2575751696008739,0.12878758480043695,0.5,True,False,0.00519886612892151,True,699,744
8,2,0.0,0.0,uniform,0,uniform,0.5,fixed,stage1,,,2,0.004415992507498245,0.01272213893632094,0.12878746209722652,0.06439373104861332,0.5,True,False,-9.934107463721586e-09,True,942,1116
8,2,0.0,0.0,uniform,0,uniform,0.5,fixed,stage1,,,3,0.00441601506674516,0.01272213396926721,0.06439366969703261,0.032196834848516306,0.5,True,False,-4.96705373012607e-09,True,1146,1488
8,2,0.0,0.0,uniform,0,uniform,0.5,fixed,stage1,,,4,0.00441601506674516,0.01272213396926721,0.032196834848516306,0.01609841742425809,0.5,True,False,0.0,True,1365,1860
8,2,0.0,0.0,uniform,0,uniform,0.5,fixed,stage1,,,5,0.004415994151319325,0.012722119068106016,0.016098233369614745,0.008049116684807442,0.5,True,False,-1.4901161193847656e-08,True,1575,2232
8,2,0.0,0.0,uniform,0,uniform,0.5,fixed,stage1,,,6,0.004416057719504707,0.01272213893632094,0.008049362091031353,0.0040246810455157045,0.5,True,False,1.9868214923973726e-08,True,1773,2604
8,2,0.0,0.0,uniform,0,uniform,0.5,fixed,stage1,,,7,0.004415994151319325,0.012722119068106016,0.004024435639291599,0.0020122178196457924,0.5,True,False,-1.9868214923973726e-08,True,1983,2976
8,2,0.0,0.0,uniform,0,uniform,0.5,fixed,stage1,,,8,0.004416057719504707,0.01272213893632094,0.0020124632258698566,0.0010062316129349769,0.5,True,False,1.9868214923973726e-08,True,2163,3348
8,2,0.0,0.0,uniform,0,uniform,0.5,fixed,stage1,,,9,0.00441601506674516,0.01272213396926721,0.0010061702613543,0.0005030851306771777,0.5,True,False,-4.96705373012607e-09,True,2358,3720
8,2,0.0,0.0,uniform,0,uniform,0.5,fixed,stage1,,,10,0.004415992507498245,0.01272213893632094,0.000503146482257702,0.00025157324112878854,0.5,True,False,4.96705373012607e-09,True,2553,4092
8,2,0.0,0.0,uniform,0,uniform,0.5,adaptive,stage1,,,0,0.0007172738854874794,0.007523282741506894,0.40248835052879517,0.20124417526439758,0.5,True,False,,True,453,372
8,2,0.0,0.0,uniform,0,uniform,0.5,adaptive,stage1,,,1,0.004416100372264253,0.012722148870428404,0.2575751696008739,0.12878758480043695,0.5,True,False,0.00519886612892151,True,699,744
8,2,0.0,0.0,uniform,0,uniform,0.5,adaptive,stage1,,,2,0.004415992507498245,0.01272213893632094,0.12878746209722652,0.06439373104861332,0.5,True,False,-9.934107463721586e-09,True,942,1116
8,2,0.0,0.0,uniform,0,uniform,0.5,adaptive,stage1,,,3,0.00441601506674516,0.01272213396926721,0.06439366969703261,0.032196834848516306,0.5,True,False,-4.96705373012607e-09,True,1146,1488
8,2,0.0,0.0,uniform,0,uniform,0.5,adaptive,stage1,,,4,0.00441601506674516,0.01272213396926721,0.032196834848516306,0.01609841742425809,0.5,True,False,0.0,True,1365,1860
8,2,0.0,0.0,uniform,0,uniform,0.5,adaptive,stage1,,,5,0.004415994151319325,0.012722119068106016,0.016098233369614745,0.008049116684807442,0.5,True,False,-1.4901161193847656e-08,True,1575,2232
8,2,0.0,0.0,uniform,0,uniform,0.5,adaptive,stage1,,,6,0.004416057719504707,0.01272213893632094,0.008049362091031353,0.0040246810455157045,0.5,True,False,1.9868214923973726e-08,True,1773,2604
8,2,0.0,0.0,uniform,0,uniform,0.5,adaptive,stage1,,,7,0.004415994151319325,0.012722119068106016,0.004024435639291599,0.0020122178196457924,0.5,True,False,-1.9868214923973726e-08,True,1983,2976
8,2,0.0,0.0,uniform,0,uniform,0.5,adaptive,stage1,,,8,0.004416057719504707,0.01272213893632094,0.0020124632258698566,0.0010062316129349769,0.5,True,False,1.9868214923973726e-08,True,2163,3348
8,2,0.0,0.0,uniform,0,uniform,0.5,adaptive,stage1,,,9,0.00441601506674516,0.01272213396926721,0.0010061702613543,0.0005030851306771777,0.5,True,False,-4.96705373012607e-09,True,2358,3720
8,2,0.0,0.0,uniform,0,uniform,0.5,adaptive,stage1,,,10,0.004415992507498245,0.01272213893632094,0.000503146482257702,0.00025157324112878854,0.5,True,False,4.96705373012607e-09,True,2553,4092
8,2,0.0,0.0,dirichlet,0,uniform,0.5,fixed,stage1,,,0,0.005033349112688601,0.005807219073176384,0.5707276062965725,0.28536380314828624,0.5,True,False,,True,285,372
8,2,0.0,0.0,dirichlet,0,uniform,0.5,fixed,stage1,,,1,0.004415994151319325,0.012722119068106016,0.3571935239697824,0.17859676198489122,0.5,True,False,0.006914899994929632,True,480,744
8,2,0.0,0.0,dirichlet,0,uniform,0.5,fixed,stage1,,,2,0.0044159707701592055,0.012722143903374672,0.17859706798972957,0.08929853399486484,0.5,True,False,2.483526865583452e-08,True,699,1116
8,2,0.0,0.0,dirichlet,0,uniform,0.5,fixed,stage1,,,3,0.004416057719504707,0.01272213893632094,0.08929847279386423,0.04464923639693205,0.5,True,False,-4.967053731860793e-09,True,912,1488
8,2,0.0,0.0,dirichlet,0,uniform,0.5,fixed,stage1,,,4,0.004415992507498245,0.01272213893632094,0.044649236396932176,0.022324618198466067,0.5,True,False,0.0,True,1164,1860
8,2,0.0,0.0,dirichlet,0,uniform,0.5,fixed,stage1,,,5,0.004416101194166799,0.012722148870428404,0.022324740600483506,0.011162370300241753,0.5,True,False,9.934107463721586e-09,True,1389,2232
8,2,0.0,0.0,dirichlet,0,uniform,0.5,fixed,stage1,,,6,0.004416100372264253,0.012722148870428404,0.011162370300241753,0.005581185150120904,0.5,True,False,0.0,True,1599,2604
8,2,0.0,0.0,dirichlet,0,uniform,0.5,fixed,stage1,,,7,0.00441601506674516,0.01272213396926721,0.0055810015471195185,0.0027905007735597592,0.5,True,False,-1.4901161193847656e-08,True,1791,2976
8,2,0.0,0.0,dirichlet,0,uniform,0.5,fixed,stage1,,,8,0.004415994151319325,0.012722119068106016,0.0027903171707057833,0.0013951585853529264,0.5,True,False,-1.4901161193847656e-08,True,1992,3348
8,2,0.0,0.0,dirichlet,0,uniform,0.5,fixed,stage1,,,9,0.004415992507498245,0.01272213893632094,0.0013954033891907663,0.0006977016945954317,0.5,True,False,1.9868214923973726e-08,True,2184,3720
8,2,0.0,0.0,dirichlet,0,uniform,0.5,fixed,stage1,,,10,0.004416100372264253,0.012722148870428404,0.0006978240966127314,0.0003489120483064212,0.5,True,False,9.934107463721586e-09,True,2376,4092
8,2,0.0,0.0,dirichlet,0,uniform,0.5,adaptive,stage1,,,0,0.004415908845802008,0.012722158804535866,0.6210355555269709,0.31051777776348544,0.5,True,False,,True,201,372
8,2,0.0,0.0,dirichlet,0,uniform,0.5,adaptive,stage1,,,1,0.004416101194166799,0.012722148870428404,0.3105177774622919,0.15525888873114596,0.5,True,False,-9.934107461986863e-09,True,381,744
8,2,0.0,0.0,dirichlet,0,uniform,0.5,adaptive,stage1,,,2,0.004415971592074186,0.012722148870428404,0.155258888731146,0.07762944436557295,0.5,True,False,0.0,True,621,1116
8,2,0.0,0.0,dirichlet,0,uniform,0.5,adaptive,stage1,,,3,0.004416101194166799,0.012722148870428404,0.07762944436557304,0.038814722182786573,0.5,True,False,0.0,True,837,1488
8,2,0.0,0.0,dirichlet,0,uniform,0.5,adaptive,stage1,,,4,0.004416057719504707,0.01272213893632094,0.038814721881593406,0.01940736094079666,0.5,True,False,-9.934107463721586e-09,True,1056,1860
8,2,0.0,0.0,dirichlet,0,uniform,0.5,adaptive,stage1,,,5,0.004415992507498245,0.01272213893632094,0.019407360940796745,0.009703680470398407,0.5,True,False,0.0,True,1275,2232
8,2,0.0,0.0,dirichlet,0,uniform,0.5,adaptive,stage1,,,6,0.00441601506674516,0.01272213396926721,0.009703680319801594,0.004851840159900797,0.5,True,False,-4.96705373012607e-09,True,1464,2604
8,2,0.0,0.0,dirichlet,0,uniform,0.5,adaptive,stage1,,,7,0.00441601506674516,0.01272213396926721,0.004851840159900797,0.002425920079950475,0.5,True,False,0.0,True,1650,2976
8,2,0.0,0.0,dirichlet,0,uniform,0.5,adaptive,stage1,,,8,0.004416100372264253,0.012722148870428404,0.0024259205317401222,0.0012129602658700472,0.5,True,False,1.4901161193847656e-08,True,1857,3348
8,2,0.0,0.0,dirichlet,0,uniform,0.5,adaptive,stage1,,,9,0.004416057719504707,0.01272213893632094,0.0012129599646770184,0.0006064799823385092,0.5,True,False,-9.934107463721586e-09,True,2064,3720
8,2,0.0,0.0,dirichlet,0,uniform,0.5,adaptive,stage1,,,10,0.004416101194166799,0.012722148870428404,0.0006064802835315658,0.00030324014176573433,0.5,True,False,9.934107463721586e-09,True,2241,4092
8,2,0.0,0.0,dirichlet,1,uniform,0.5,fixed,stage1,,,0,0.004415845277620178,0.012722158804535866,0.5261508593653086,0.26307542968265435,0.5,True,False,,True,162,372
8,2,0.0,0.0,dirichlet,1,uniform,0.5,fixed,stage1,,,1,0.004415957251834968,0.012722079331676165,0.26307444805828295,0.13153722402914142,0.5,True,False,-7.947285970109907e-08,True,360,744
8,2,0.0,0.0,dirichlet,1,uniform,0.5,fixed,stage1,,,2,0.004415971592074186,0.012722148870428404,0.13153808295023658,0.0657690414751183,0.5,True,False,6.953875223911221e-08,True,564,1116
8,2,0.0,0.0,dirichlet,1,uniform,0.5,fixed,stage1,,,3,0.004415994151319325,0.012722119068106016,0.06576867336568376,0.03288433668284188,0.5,True,False,-2.9802322387695312e-08,True,798,1488
8,2,0.0,0.0,dirichlet,1,uniform,0.5,fixed,stage1,,,4,0.004416079456836641,0.012722158804535866,0.03288482749555256,0.016442413747776247,0.5,True,False,3.9736429849682176e-08,True,1023,1860
8,2,0.0,0.0,dirichlet,1,uniform,0.5,fixed,stage1,,,5,0.00441601506674516,0.01272213396926721,0.016442106989709104,0.008221053494854469,0.5,True,False,-2.483526865583452e-08,True,1251,2232
8,2,0.0,0.0,dirichlet,1,uniform,0.5,fixed,stage1,,,6,0.004416057719504707,0.01272213893632094,0.008221114846435215,0.004110557423217767,0.5,True,False,4.96705373012607e-09,True,1443,2604
8,2,0.0,0.0,dirichlet,1,uniform,0.5,fixed,stage1,,,7,0.004416100372264253,0.012722148870428404,0.004110680126427915,0.002055340063213937,0.5,True,False,9.934107463721586e-09,True,1659,2976
8,2,0.0,0.0,dirichlet,1,uniform,0.5,fixed,stage1,,,8,0.004416100372264253,0.012722148870428404,0.0020553400632139784,0.0010276700316069892,0.5,True,False,0.0,True,1866,3348
8,2,0.0,0.0,dirichlet,1,uniform,0.5,fixed,stage1,,,9,0.004416101194166799,0.012722148870428404,0.0010276700316069892,0.0005138350158036542,0.5,True,False,0.0,True,2061,3720
8,2,0.0,0.0,dirichlet,1,uniform,0.5,fixed,stage1,,,10,0.004416100372264253,0.012722148870428404,0.000513835015803335,0.00025691750790167445,0.5,True,False,0.0,True,2256,4092
8,2,0.0,0.0,dirichlet,1,uniform,0.5,adaptive,stage1,,,0,0.014142408819425079,0.01768754484752814,0.9450922802369426,0.4725461401184713,0.5,True,False,,True,165,372
8,2,0.0,0.0,dirichlet,1,uniform,0.5,adaptive,stage1,,,1,0.00441588628655154,0.012722143903374672,0.4017517355220612,0.2008758677610306,0.5,True,False,-0.004965400944153469,True,396,744
8,2,0.0,0.0,dirichlet,1,uniform,0.5,adaptive,stage1,,,2,0.004416101194166799,0.012722148870428404,0.20087592911264407,0.10043796455632209,0.5,True,False,4.967053731860793e-09,True,648,1116
8,2,0.0,0.0,dirichlet,1,uniform,0.5,adaptive,stage1,,,3,0.004416101194166799,0.012722148870428404,0.10043796455632198,0.050218982278161045,0.5,True,False,0.0,True,867,1488
8,2,0.0,0.0,dirichlet,1,uniform,0.5,adaptive,stage1,,,4,0.004415994151319325,0.012722119068106016,0.050218614168726416,0.025109307084363236,0.5,True,False,-2.9802322387695312e-08,True,1119,1860
8,2,0.0,0.0,dirichlet,1,uniform,0.5,adaptive,stage1,,,5,0.004416101194166799,0.012722148870428404,0.025109675193797698,0.012554837596898905,0.5,True,False,2.9802322387695312e-08,True,1320,2232
8,2,0.0,0.0,dirichlet,1,uniform,0.5,adaptive,stage1,,,6,0.004416100372264253,0.012722148870428404,0.012554837596898794,0.006277418798449341,0.5,True,False,0.0,True,1542,2604
8,2,0.0,0.0,dirichlet,1,uniform,0.5,adaptive,stage1,,,7,0.00441601506674516,0.01272213396926721,0.006277234743658405,0.003138617371829175,0.5,True,False,-1.4901161193847656e-08,True,1740,2976
8,2,0.0,0.0,dirichlet,1,uniform,0.5,adaptive,stage1,,,8,0.00441601506674516,0.01272213396926721,0.0031386173718292304,0.0015693086859145527,0.5,True,False,0.0,True,1935,3348
8,2,0.0,0.0,dirichlet,1,uniform,0.5,adaptive,stage1,,,9,0.004416101194166799,0.012722148870428404,0.0015694927407057246,0.0007847463703529595,0.5,True,False,1.4901161193847656e-08,True,2139,3720
8,2,0.0,0.0,dirichlet,1,uniform,0.5,adaptive,stage1,,,10,0.004415994151319325,0.012722119068106016,0.0007843782609182476,0.0003921891304590336,0.5,True,False,-2.9802322387695312e-08,True,2349,4092
8,2,0.0,0.0,dirichlet,2,uniform,0.5,fixed,stage1,,,0,0.0065245640909239455,0.011146471525231997,1.3944430852100331,0.6972215426050166,0.5,True,False,,True,273,372
8,2,0.0,0.0,dirichlet,2,uniform,0.5,fixed,stage1,,,1,0.006536032454306451,0.005856296047568321,0.6443163805740135,0.3221581902870067,0.5,True,False,-0.005290175477663675,True,606,744
8,2,0.0,0.0,dirichlet,2,uniform,0.5,fixed,stage1,,,2,0.004415994151319325,0.012722119068106016,0.3937333347804634,0.19686666739023168,0.5,True,False,0.006865823020537695,True,783,1116
8,2,0.0,0.0,dirichlet,2,uniform,0.5,fixed,stage1,,,3,0.004416101194166799,0.012722148870428404,0.19686703549966625,0.09843351774983317,0.5,True,False,2.9802322387695312e-08,True,990,1488
8,2,0.0,0.0,dirichlet,2,uniform,0.5,fixed,stage1,,,4,0.004415992507498245,0.01272213893632094,0.09843339504662262,0.0492166975233114,0.5,True,False,-9.934107463721586e-09,True,1206,1860
8,2,0.0,0.0,dirichlet,2,uniform,0.5,fixed,stage1,,,5,0.00441601506674516,0.01272213396926721,0.04921663617173064,0.02460831808586518,0.5,True,False,-4.96705373012607e-09,True,1410,2232
8,2,0.0,0.0,dirichlet,2,uniform,0.5,fixed,stage1,,,6,0.004416057719504707,0.01272213893632094,0.024608379437446037,0.012304189718723102,0.5,True,False,4.96705373012607e-09,True,1638,2604
8,2,0.0,0.0,dirichlet,2,uniform,0.5,fixed,stage1,,,7,0.004416101194166799,0.012722148870428404,0.012304312421933403,0.006152156210966694,0.5,True,False,9.934107463721586e-09,True,1824,2976
8,2,0.0,0.0,dirichlet,2,uniform,0.5,fixed,stage1,,,8,0.004416100372264253,0.012722148870428404,0.006152156210966708,0.003076078105483382,0.5,True,False,0.0,True,2031,3348
8,2,0.0,0.0,dirichlet,2,uniform,0.5,fixed,stage1,,,9,0.004416057719504707,0.01272213893632094,0.003075955402272859,0.0015379777011363671,0.5,True,False,-9.934107463721586e-09,True,2238,3720
8,2,0.0,0.0,dirichlet,2,uniform,0.5,fixed,stage1,,,10,0.00441601506674516,0.01272213396926721,0.0015379163495559123,0.0007689581747780394,0.5,True,False,-4.96705373012607e-09,True,2427,4092
8,2,0.0,0.0,dirichlet,2,uniform,0.5,fixed,stage1,,,11,0.004415994151319325,0.012722119068106016,0.0007687741201344023,0.00038438706006720114,0.5,True,False,-1.4901161193847656e-08,True,2628,4464
8,2,0.0,0.0,dirichlet,2,uniform,0.5,adaptive,stage1,,,0,0.004416101194166799,0.012722148870428404,0.30973091682868237,0.15486545841434118,0.5,True,False,,True,207,372
8,2,0.0,0.0,dirichlet,2,uniform,0.5,adaptive,stage1,,,1,0.00441601506674516,0.01272213396926721,0.15486545796255138,0.07743272898127565,0.5,True,False,-1.4901161193847656e-08,True,450,744
8,2,0.0,0.0,dirichlet,2,uniform,0.5,adaptive,stage1,,,2,0.004415992507498245,0.01272213893632094,0.07743272913187248,0.03871636456593623,0.5,True,False,4.96705373012607e-09,True,702,1116
8,2,0.0,0.0,dirichlet,2,uniform,0.5,adaptive,stage1,,,3,0.004416057719504707,0.01272213893632094,0.038716364565936245,0.019358182282968123,0.5,True,False,0.0,True,957,1488
8,2,0.0,0.0,dirichlet,2,uniform,0.5,adaptive,stage1,,,4,0.004415994151319325,0.012722119068106016,0.01935818168058194,0.009679090840290991,0.5,True,False,-1.9868214923973726e-08,True,1167,1860
8,2,0.0,0.0,dirichlet,2,uniform,0.5,adaptive,stage1,,,5,0.004416057719504707,0.01272213893632094,0.009679091442677132,0.0048395457213385035,0.5,True,False,1.9868214923973726e-08,True,1386,2232
8,2,0.0,0.0,dirichlet,2,uniform,0.5,adaptive,stage1,,,6,0.004415994151319325,0.012722119068106016,0.004839545118952446,0.0024197725594762437,0.5,True,False,-1.9868214923973726e-08,True,1596,2604
8,2,0.0,0.0,dirichlet,2,uniform,0.5,adaptive,stage1,,,7,0.004415992507498245,0.01272213893632094,0.0024197731618623847,0.0012098865809311854,0.5,True,False,1.9868214923973726e-08,True,1803,2976
8,2,0.0,0.0,dirichlet,2,uniform,0.5,adaptive,stage1,,,8,0.004416057719504707,0.01272213893632094,0.0012098865809311993,0.0006049432904655372,0.5,True,False,0.0,True,2010,3348
8,2,0.0,0.0,dirichlet,2,uniform,0.5,adaptive,stage1,,,9,0.00441601506674516,0.01272213396926721,0.0006049431398689187,0.00030247156993451485,0.5,True,False,-4.96705373012607e-09,True,2199,3720
8,2,0.0,0.0,dirichlet,3,uniform,0.5,fixed,stage1,,,0,0.004415994151319325,0.012722119068106016,0.7868347223900332,0.3934173611950166,0.5,True,False,,True,195,372
8,2,0.0,0.0,dirichlet,3,uniform,0.5,fixed,stage1,,,1,0.00441601506674516,0.01272213396926721,0.39341717759216255,0.19670858879608133,0.5,True,False,1.4901161193847656e-08,True,402,744
8,2,0.0,0.0,dirichlet,3,uniform,0.5,fixed,stage1,,,2,0.004415992507498245,0.01272213893632094,0.19670852759509733,0.09835426379754864,0.5,True,False,4.96705373012607e-09,True,630,1116
8,2,0.0,0.0,dirichlet,3,uniform,0.5,fixed,stage1,,,3,0.004415992507498245,0.01272213893632094,0.0983542637975487,0.049177131898774304,0.5,True,False,0.0,True,873,1488
8,2,0.0,0.0,dirichlet,3,uniform,0.5,fixed,stage1,,,4,0.004415994151319325,0.012722119068106016,0.04917737670261231,0.02458868835130619,0.5,True,False,-1.9868214923973726e-08,True,1098,1860
8,2,0.0,0.0,dirichlet,3,uniform,0.5,fixed,stage1,,,5,0.004416101194166799,0.012722148870428404,0.024588321145450814,0.012294160572725407,0.5,True,False,2.9802322387695312e-08,True,1275,2232
8,2,0.0,0.0,dirichlet,3,uniform,0.5,fixed,stage1,,,6,0.004416057719504707,0.01272213893632094,0.012294282974742804,0.006147141487371388,0.5,True,False,-9.934107463721586e-09,True,1512,2604
8,2,0.0,0.0,dirichlet,3,uniform,0.5,fixed,stage1,,,7,0.004416100372264253,0.012722148870428404,0.006147019085354019,0.003073509542676975,0.5,True,False,9.934107463721586e-09,True,1734,2976
8,2,0.0,0.0,dirichlet,3,uniform,0.5,fixed,stage1,,,8,0.004416100372264253,0.012722148870428404,0.0030735095426770442,0.0015367547713385221,0.5,True,False,0.0,True,1962,3348
8,2,0.0,0.0,dirichlet,3,uniform,0.5,fixed,stage1,,,9,0.00441601506674516,0.01272213396926721,0.0015369383743398524,0.0007684691871699262,0.5,True,False,-1.4901161193847656e-08,True,2190,3720
8,2,0.0,0.0,dirichlet,3,uniform,0.5,fixed,stage1,,,10,0.004415994151319325,0.012722119068106016,0.0007686527900239021,0.0003843263950119996,0.5,True,False,-1.4901161193847656e-08,True,2391,4092
8,2,0.0,0.0,dirichlet,3,uniform,0.5,adaptive,stage1,,,0,0.00441601506674516,0.01272213396926721,0.6657933137543224,0.33289665687716113,0.5,True,False,,True,186,372
8,2,0.0,0.0,dirichlet,3,uniform,0.5,adaptive,stage1,,,1,0.004415971592074186,0.012722148870428404,0.3328964732741599,0.16644823663707994,0.5,True,False,1.4901161193847656e-08,True,387,744
8,2,0.0,0.0,dirichlet,3,uniform,0.5,adaptive,stage1,,,2,0.004416101194166799,0.012722148870428404,0.16644823663707997,0.08322411831854,0.5,True,False,0.0,True,588,1116
8,2,0.0,0.0,dirichlet,3,uniform,0.5,adaptive,stage1,,,3,0.004415992507498245,0.01272213893632094,0.08322424072055735,0.041612120360278726,0.5,True,False,-9.934107463721586e-09,True,804,1488
8,2,0.0,0.0,dirichlet,3,uniform,0.5,adaptive,stage1,,,4,0.004415994151319325,0.012722119068106016,0.04161236516411654,0.020806182582058227,0.5,True,False,-1.9868214923973726e-08,True,1014,1860
8,2,0.0,0.0,dirichlet,3,uniform,0.5,adaptive,stage1,,,5,0.004416057719504707,0.01272213893632094,0.0208059377782204,0.0104029688891102,0.5,True,False,1.9868214923973726e-08,True,1218,2232
8,2,0.0,0.0,dirichlet,3,uniform,0.5,adaptive,stage1,,,6,0.004416057719504707,0.01272213893632094,0.0104029688891102,0.005201484444555093,0.5,True,False,0.0,True,1437,2604
8,2,0.0,0.0,dirichlet,3,uniform,0.5,adaptive,stage1,,,7,0.00441601506674516,0.01272213396926721,0.005201545645539041,0.0026007728227695204,0.5,True,False,-4.96705373012607e-09,True,1659,2976
8,2,0.0,0.0,dirichlet,3,uniform,0.5,adaptive,stage1,,,8,0.004416100372264253,0.012722148870428404,0.00260058921976819,0.0013002946098840673,0.5,True,False,1.4901161193847656e-08,True,1893,3348
8,2,0.0,0.0,dirichlet,3,uniform,0.5,adaptive,stage1,,,9,0.004415994151319325,0.012722119068106016,0.001300661815739429,0.000650330907869659,0.5,True,False,-2.9802322387695312e-08,True,2118,3720
8,2,0.0,0.0,dirichlet,3,uniform,0.5,adaptive,stage1,,,10,0.004416101194166799,0.012722148870428404,0.0006499637020144639,0.00032498185100719723,0.5,True,False,2.9802322387695312e-08,True,2316,4092
8,2,0.0,0.0,dirichlet,4,uniform,0.5,fixed,stage1,,,0,0.0030785401079000962,0.010379194592436155,0.3537754899722341,0.17688774498611703,0.5,True,False,,True,324,372
8,2,0.0,0.0,dirichlet,4,uniform,0.5,fixed,stage1,,,1,0.004415994151319325,0.012722119068106016,0.17682092429013618,0.08841046214506812,0.5,True,False,0.002342924475669861,True,525,744
8,2,0.0,0.0,dirichlet,4,uniform,0.5,fixed,stage1,,,2,0.004416100372264253,0.012722148870428404,0.08841046124148882,0.04420523062074447,0.5,True,False,2.9802322387695312e-08,True,744,1116
8,2,0.0,0.0,dirichlet,4,uniform,0.5,fixed,stage1,,,3,0.004416100372264253,0.012722148870428404,0.04420523062074436,0.022102615310372206,0.5,True,False,0.0,True,945,1488
8,2,0.0,0.0,dirichlet,4,uniform,0.5,fixed,stage1,,,4,0.00441601506674516,0.01272213396926721,0.02210261576216195,0.011051307881080955,0.5,True,False,-1.4901161193847656e-08,True,1149,1860
8,2,0.0,0.0,dirichlet,4,uniform,0.5,fixed,stage1,,,5,0.004416100372264253,0.012722148870428404,0.011051307429291196,0.005525653714645695,0.5,True,False,1.4901161193847656e-08,True,1356,2232
8,2,0.0,0.0,dirichlet,4,uniform,0.5,fixed,stage1,,,6,0.004416057719504707,0.01272213893632094,0.0055256540158385575,0.0027628270079192996,0.5,True,False,-9.934107463721586e-09,True,1566,2604
8,2,0.0,0.0,dirichlet,4,uniform,0.5,fixed,stage1,,,7,0.004415992507498245,0.01272213893632094,0.002762827007919258,0.0013814135039596775,0.5,True,False,0.0,True,1761,2976
8,2,0.0,0.0,dirichlet,4,uniform,0.5,fixed,stage1,,,8,0.004416100372264253,0.012722148870428404,0.0013814132027665238,0.0006907066013832341,0.5,True,False,9.934107463721586e-09,True,1956,3348
8,2,0.0,0.0,dirichlet,4,uniform,0.5,fixed,stage1,,,9,0.004416101194166799,0.012722148870428404,0.0006907066013832897,0.0003453533006916587,0.5,True,False,0.0,True,2157,3720
8,2,0.0,0.0,dirichlet,4,uniform,0.5,adaptive,stage1,,,0,0.002303116964881724,0.005721631770332654,0.9078684775159609,0.4539342387579804,0.5,True,False,,True,258,372
8,2,0.0,0.0,dirichlet,4,uniform,0.5,adaptive,stage1,,,1,0.0025191784360849567,0.009860574578245481,0.4938737390043125,0.2469368695021563,0.5,True,False,0.004138942807912827,True,462,744
8,2,0.0,0.0,dirichlet,4,uniform,0.5,adaptive,stage1,,,2,0.004415992507498245,0.01272213893632094,0.27975399980350446,0.13987699990175223,0.5,True,False,0.0028615643580754586,True,732,1116
8,2,0.0,0.0,dirichlet,4,uniform,0.5,adaptive,stage1,,,3,0.004415994151319325,0.012722119068106016,0.1398767544955282,0.06993837724776406,0.5,True,False,-1.9868214923973726e-08,True,981,1488
8,2,0.0,0.0,dirichlet,4,uniform,0.5,adaptive,stage1,,,4,0.004416100372264253,0.012722148870428404,0.06993874535719866,0.03496937267859933,0.5,True,False,2.9802322387695312e-08,True,1200,1860
8,2,0.0,0.0,dirichlet,4,uniform,0.5,adaptive,stage1,,,5,0.004416100372264253,0.012722148870428404,0.03496937267859933,0.017484686339299657,0.5,True,False,0.0,True,1440,2232
8,2,0.0,0.0,dirichlet,4,uniform,0.5,adaptive,stage1,,,6,0.004416100372264253,0.012722148870428404,0.01748468633929967,0.008742343169649891,0.5,True,False,0.0,True,1671,2604
8,2,0.0,0.0,dirichlet,4,uniform,0.5,adaptive,stage1,,,7,0.004416057719504707,0.01272213893632094,0.008742220466439313,0.004371110233219677,0.5,True,False,-9.934107463721586e-09,True,1878,2976
8,2,0.0,0.0,dirichlet,4,uniform,0.5,adaptive,stage1,,,8,0.004416057719504707,0.01272213893632094,0.0043711102332196355,0.0021855551166098663,0.5,True,False,0.0,True,2070,3348
8,2,0.0,0.0,dirichlet,4,uniform,0.5,adaptive,stage1,,,9,0.00441601506674516,0.01272213396926721,0.0021854937650291895,0.0010927468825145392,0.5,True,False,-4.96705373012607e-09,True,2265,3720
8,2,0.0,0.0,dirichlet,4,uniform,0.5,adaptive,stage1,,,10,0.004415994151319325,0.012722119068106016,0.0010925628278711796,0.0005462814139355621,0.5,True,False,-1.4901161193847656e-08,True,2460,4092
8,2,0.0,0.0,dirichlet,4,uniform,0.5,adaptive,stage1,,,11,0.00441601506674516,0.01272213396926721,0.0005464654685790882,0.0002732327342895441,0.5,True,False,1.4901161193847656e-08,True,2625,4464
8,2,0.0,0.0,dirichlet,5,uniform,0.5,fixed,stage1,,,0,0.01388769388857547,0.0078089479357004166,1.2673465444058052,0.6336732722029027,0.5,True,False,,True,198,372
8,2,0.0,0.0,dirichlet,5,uniform,0.5,fixed,stage1,,,1,0.013887716226960833,0.007808938001592954,0.6336732724378378,0.31683663621891883,0.5,True,False,-9.934107462854225e-09,True,426,744
8,2,0.0,0.0,dirichlet,5,uniform,0.5,fixed,stage1,,,2,0.004416100372264253,0.012722148870428404,0.3194471750372287,0.15972358751861437,0.5,True,False,0.00491321086883545,True,636,1116
8,2,0.0,0.0,dirichlet,5,uniform,0.5,fixed,stage1,,,3,0.004415994151319325,0.012722119068106016,0.159723220312759,0.07986161015637953,0.5,True,False,-2.9802322387695312e-08,True,825,1488
8,2,0.0,0.0,dirichlet,5,uniform,0.5,fixed,stage1,,,4,0.00441601506674516,0.01272213396926721,0.07986179375923345,0.03993089687961672,0.5,True,False,1.4901161193847656e-08,True,1014,1860
8,2,0.0,0.0,dirichlet,5,uniform,0.5,fixed,stage1,,,5,0.004416101194166799,0.012722148870428404,0.039931080482618064,0.01996554024130906,0.5,True,False,1.4901161193847656e-08,True,1221,2232
8,2,0.0,0.0,dirichlet,5,uniform,0.5,fixed,stage1,,,6,0.004416101194166799,0.012722148870428404,0.019965540241309004,0.009982770120654502,0.5,True,False,0.0,True,1401,2604
8,2,0.0,0.0,dirichlet,5,uniform,0.5,fixed,stage1,,,7,0.004416057719504707,0.01272213893632094,0.009982647718637105,0.004991323859318567,0.5,True,False,-9.934107463721586e-09,True,1578,2976
8,2,0.0,0.0,dirichlet,5,uniform,0.5,fixed,stage1,,,8,0.004416057719504707,0.01272213893632094,0.004991323859318539,0.0024956619296592486,0.5,True,False,0.0,True,1788,3348
8,2,0.0,0.0,dirichlet,5,uniform,0.5,fixed,stage1,,,9,0.004416101194166799,0.012722148870428404,0.002495784331676687,0.0012478921658383435,0.5,True,False,9.934107463721586e-09,True,1965,3720
8,2,0.0,0.0,dirichlet,5,uniform,0.5,fixed,stage1,,,10,0.004416057719504707,0.01272213893632094,0.0012477697638209467,0.0006238848819104803,0.5,True,False,-9.934107463721586e-09,True,2151,4092
8,2,0.0,0.0,dirichlet,5,uniform,0.5,fixed,stage1,,,11,0.00441601506674516,0.01272213396926721,0.000623823680926533,0.0003119118404632665,0.5,True,False,-4.96705373012607e-09,True,2349,4464
8,2,0.0,0.0,dirichlet,5,uniform,0.5,adaptive,stage1,,,0,0.026866964768133883,0.024555042386054993,1.0474478187891882,0.5237239093945941,0.5,True,False,,True,171,372
8,2,0.0,0.0,dirichlet,5,uniform,0.5,adaptive,stage1,,,1,0.0009254124205764214,0.007981652393937111,0.30287862057311166,0.15143931028655583,0.5,True,False,-0.016573389992117882,True,561,744
8,2,0.0,0.0,dirichlet,5,uniform,0.5,adaptive,stage1,,,2,0.00441601506674516,0.01272213396926721,0.1874653604849904,0.09373268024249523,0.5,True,False,0.004740481575330099,True,756,1116
8,2,0.0,0.0,dirichlet,5,uniform,0.5,adaptive,stage1,,,3,0.004468067055185543,0.01269134817024072,0.09335367070692144,0.04667683535346072,0.5,True,False,-3.078579902648926e-05,True,885,1488
8,2,0.0,0.0,dirichlet,5,uniform,0.5,adaptive,stage1,,,4,0.00441601506674516,0.01272213396926721,0.04705584488903446,0.02352792244451725,0.5,True,False,3.078579902648926e-05,True,1071,1860
8,2,0.0,0.0,dirichlet,5,uniform,0.5,adaptive,stage1,,,5,0.004415994151319325,0.012722119068106016,0.02352773884166323,0.011763869420831671,0.5,True,False,-1.4901161193847656e-08,True,1266,2232
8,2,0.0,0.0,dirichlet,5,uniform,0.5,adaptive,stage1,,,6,0.004416101194166799,0.012722148870428404,0.011764236626686866,0.005882118313343454,0.5,True,False,2.9802322387695312e-08,True,1458,2604
8,2,0.0,0.0,dirichlet,5,uniform,0.5,adaptive,stage1,,,7,0.004415994151319325,0.012722119068106016,0.005881751107488106,0.0029408755537441295,0.5,True,False,-2.9802322387695312e-08,True,1668,2976
8,2,0.0,0.0,dirichlet,5,uniform,0.5,adaptive,stage1,,,8,0.004416057719504707,0.01272213893632094,0.002941120357581886,0.0014705601787908806,0.5,True,False,1.9868214923973726e-08,True,1854,3348
8,2,0.0,0.0,dirichlet,5,uniform,0.5,adaptive,stage1,,,9,0.004416100372264253,0.012722148870428404,0.0014706825808084023,0.0007353412904041873,0.5,True,False,9.934107463721586e-09,True,2049,3720
8,2,0.0,0.0,dirichlet,5,uniform,0.5,adaptive,stage1,,,10,0.004415992507498245,0.01272213893632094,0.0007352188883868183,0.00036760944419340913,0.5,True,False,-9.934107463721586e-09,True,2247,4092
8,2,0.0,0.0,dirichlet,6,uniform,0.5,fixed,stage1,,,0,0.0017561546185262955,0.005703814948598544,0.9484514385157042,0.4742257192578522,0.5,True,False,,True,300,372
8,2,0.0,0.0,dirichlet,6,uniform,0.5,fixed,stage1,,,1,0.00441588628655154,0.012722143903374672,0.5471381561838946,0.2735690780919473,0.5,True,False,0.007018328954776128,True,504,744
8,2,0.0,0.0,dirichlet,6,uniform,0.5,fixed,stage1,,,2,0.00441601506674516,0.01272213396926721,0.2735689553887697,0.13678447769438487,0.5,True,False,-9.934107461986863e-09,True,744,1116
8,2,0.0,0.0,dirichlet,6,uniform,0.5,fixed,stage1,,,3,0.004416035160260456,0.012722143903374672,0.1367846003975624,0.06839230019878123,0.5,True,False,9.934107461986863e-09,True,993,1488
8,2,0.0,0.0,dirichlet,6,uniform,0.5,fixed,stage1,,,4,0.004415992507498245,0.01272213893632094,0.06839223884718414,0.03419611942359202,0.5,True,False,-4.967053731860793e-09,True,1239,1860
8,2,0.0,0.0,dirichlet,6,uniform,0.5,fixed,stage1,,,5,0.004416100372264253,0.012722148870428404,0.034196242126802584,0.017098121063401375,0.5,True,False,9.934107463721586e-09,True,1455,2232
8,2,0.0,0.0,dirichlet,6,uniform,0.5,fixed,stage1,,,6,0.004416100372264253,0.012722148870428404,0.01709812106340121,0.008549060531700556,0.5,True,False,0.0,True,1698,2604
8,2,0.0,0.0,dirichlet,6,uniform,0.5,fixed,stage1,,,7,0.004416100372264253,0.012722148870428404,0.008549060531700653,0.004274530265850382,0.5,True,False,0.0,True,1929,2976
8,2,0.0,0.0,dirichlet,6,uniform,0.5,fixed,stage1,,,8,0.004416100372264253,0.012722148870428404,0.004274530265850271,0.002137265132925184,0.5,True,False,0.0,True,2163,3348
8,2,0.0,0.0,dirichlet,6,uniform,0.5,fixed,stage1,,,9,0.004415994151319325,0.012722119068106016,0.0021368970234905693,0.0010684485117452847,0.5,True,False,-2.9802322387695312e-08,True,2379,3720
8,2,0.0,0.0,dirichlet,6,uniform,0.5,fixed,stage1,,,10,0.004416101194166799,0.012722148870428404,0.0010688166211798023,0.0005344083105899289,0.5,True,False,2.9802322387695312e-08,True,2577,4092
8,2,0.0,0.0,dirichlet,6,uniform,0.5,fixed,stage1,,,11,0.004415992507498245,0.01272213893632094,0.0005342856073794061,0.0002671428036896406,0.5,True,False,-9.934107463721586e-09,True,2769,4464
8,2,0.0,0.0,dirichlet,6,uniform,0.5,adaptive,stage1,,,0,0.005684443846778908,0.005828453227877617,0.9688166447742395,0.4844083223871197,0.5,True,False,,True,258,372
8,2,0.0,0.0,dirichlet,6,uniform,0.5,adaptive,stage1,,,1,0.00017918286300755426,0.005616414671142896,0.48255852156717094,0.24127926078358553,0.5,True,False,-0.00021203855673472116,True,534,744
8,2,0.0,0.0,dirichlet,6,uniform,0.5,adaptive,stage1,,,2,0.004415994151319325,0.012722119068106016,0.3147727358267494,0.15738636791337468,0.5,True,False,0.00710570439696312,True,783,1116
8,2,0.0,0.0,dirichlet,6,uniform,0.5,adaptive,stage1,,,3,0.004416101194166799,0.012722148870428404,0.15738673511923004,0.07869336755961509,0.5,True,False,2.9802322387695312e-08,True,1035,1488
8,2,0.0,0.0,dirichlet,6,uniform,0.5,adaptive,stage1,,,4,0.004416100372264253,0.012722148870428404,0.07869336755961495,0.03934668377980753,0.5,True,False,0.0,True,1278,1860
8,2,0.0,0.0,dirichlet,6,uniform,0.5,adaptive,stage1,,,5,0.004415994151319325,0.012722119068106016,0.039346316573952114,0.019673158286976064,0.5,True,False,-2.9802322387695312e-08,True,1512,2232
8,2,0.0,0.0,dirichlet,6,uniform,0.5,adaptive,stage1,,,6,0.004416100372264253,0.012722148870428404,0.019673525492831356,0.009836762746415706,0.5,True,False,2.9802322387695312e-08,True,1731,2604
8,2,0.0,0.0,dirichlet,6,uniform,0.5,adaptive,stage1,,,7,0.00441601506674516,0.01272213396926721,0.00983657914341432,0.004918289571707105,0.5,True,False,-1.4901161193847656e-08,True,1911,2976
8,2,0.0,0.0,dirichlet,6,uniform,0.5,adaptive,stage1,,,8,0.004416101194166799,0.012722148870428404,0.004918473174708546,0.0024592365873542105,0.5,True,False,1.4901161193847656e-08,True,2118,3348
8,2,0.0,0.0,dirichlet,6,uniform,0.5,adaptive,stage1,,,9,0.004416100372264253,0.012722148870428404,0.0024592365873543354,0.0012296182936771538,0.5,True,False,0.0,True,2313,3720
8,2,0.0,0.0,dirichlet,6,uniform,0.5,adaptive,stage1,,,10,0.004415994151319325,0.012722119068106016,0.0012292510878218754,0.00061462554391091,0.5,True,False,-2.9802322387695312e-08,True,2514,4092
8,2,0.0,0.0,dirichlet,6,uniform,0.5,adaptive,stage1,,,11,0.00441601506674516,0.01272213396926721,0.0006148091467649414,0.00030740457338253313,0.5,True,False,1.4901161193847656e-08,True,2679,4464
8,2,0.0,0.0,dirichlet,7,uniform,0.5,fixed,stage1,,,0,0.008635558090787754,0.013178771361708641,1.0931302263097349,0.5465651131548674,0.5,True,False,,True,399,372
8,2,0.0,0.0,dirichlet,7,uniform,0.5,fixed,stage1,,,1,0.004415907201973823,0.012722158804535866,0.5408549721128564,0.27042748605642825,0.5,True,False,-0.00045661255717277527,True,621,744
8,2,0.0,0.0,dirichlet,7,uniform,0.5,fixed,stage1,,,2,0.004416079456836641,0.012722158804535866,0.2704274860564282,0.13521374302821418,0.5,True,False,0.0,True,798,1116
8,2,0.0,0.0,dirichlet,7,uniform,0.5,fixed,stage1,,,3,0.004415992507498245,0.01272213893632094,0.13521349762172735,0.06760674881086368,0.5,True,False,-1.986821492570845e-08,True,1041,1488
8,2,0.0,0.0,dirichlet,7,uniform,0.5,fixed,stage1,,,4,0.004416100372264253,0.012722148870428404,0.06760687151407416,0.03380343575703702,0.5,True,False,9.934107463721586e-09,True,1308,1860
8,2,0.0,0.0,dirichlet,7,uniform,0.5,fixed,stage1,,,5,0.004416100372264253,0.012722148870428404,0.033803435757037134,0.016901717878518657,0.5,True,False,0.0,True,1482,2232
8,2,0.0,0.0,dirichlet,7,uniform,0.5,fixed,stage1,,,6,0.004416100372264253,0.012722148870428404,0.016901717878518477,0.008450858939259273,0.5,True,False,0.0,True,1692,2604
8,2,0.0,0.0,dirichlet,7,uniform,0.5,fixed,stage1,,,7,0.004416100372264253,0.012722148870428404,0.008450858939259204,0.004225429469629602,0.5,True,False,0.0,True,1911,2976
8,2,0.0,0.0,dirichlet,7,uniform,0.5,fixed,stage1,,,8,0.004415994151319325,0.012722119068106016,0.004225061360195084,0.002112530680097549,0.5,True,False,-2.9802322387695312e-08,True,2112,3348
8,2,0.0,0.0,dirichlet,7,uniform,0.5,fixed,stage1,,,9,0.004416057719504707,0.01272213893632094,0.0021127760863215855,0.0010563880431608552,0.5,True,False,1.9868214923973726e-08,True,2310,3720
8,2,0.0,0.0,dirichlet,7,uniform,0.5,fixed,stage1,,,10,0.004416100372264253,0.012722148870428404,0.0010565107463711976,0.0005282553731855433,0.5,True,False,9.934107463721586e-09,True,2505,4092
8,2,0.0,0.0,dirichlet,7,uniform,0.5,fixed,stage1,,,11,0.00441601506674516,0.01272213396926721,0.0005280713183946073,0.0002640356591973869,0.5,True,False,-1.4901161193847656e-08,True,2700,4464
8,2,0.0,0.0,dirichlet,7,uniform,0.5,adaptive,stage1,,,0,0.004415830937367637,0.012722114101052284,0.6204994453992217,0.3102497226996108,0.5,True,False,,True,207,372
8,2,0.0,0.0,dirichlet,7,uniform,0.5,adaptive,stage1,,,1,0.00441601506674516,0.01272213396926721,0.31024972330199674,0.1551248616509984,0.5,True,False,1.986821492570845e-08,True,360,744
8,2,0.0,0.0,dirichlet,7,uniform,0.5,adaptive,stage1,,,2,0.004415994151319325,0.012722119068106016,0.15512486119920887,0.07756243059960444,0.5,True,False,-1.4901161193847656e-08,True,633,1116
8,2,0.0,0.0,dirichlet,7,uniform,0.5,adaptive,stage1,,,3,0.004415992507498245,0.01272213893632094,0.07756243120199062,0.0387812156009954,0.5,True,False,1.9868214923973726e-08,True,861,1488
8,2,0.0,0.0,dirichlet,7,uniform,0.5,adaptive,stage1,,,4,0.004415994151319325,0.012722119068106016,0.03878121499860904,0.01939060749930452,0.5,True,False,-1.9868214923973726e-08,True,1110,1860
8,2,0.0,0.0,dirichlet,7,uniform,0.5,adaptive,stage1,,,5,0.004416057719504707,0.01272213893632094,0.0193906081016907,0.00969530405084526,0.5,True,False,1.9868214923973726e-08,True,1302,2232
8,2,0.0,0.0,dirichlet,7,uniform,0.5,adaptive,stage1,,,6,0.004415994151319325,0.012722119068106016,0.009695303448459258,0.004847651724229629,0.5,True,False,-1.9868214923973726e-08,True,1527,2604
8,2,0.0,0.0,dirichlet,7,uniform,0.5,adaptive,stage1,,,7,0.00441601506674516,0.01272213396926721,0.004847652176019068,0.0024238260880095064,0.5,True,False,1.4901161193847656e-08,True,1719,2976
8,2,0.0,0.0,dirichlet,7,uniform,0.5,adaptive,stage1,,,8,0.004416100372264253,0.012722148870428404,0.002423826539799362,0.001211913269899667,0.5,True,False,1.4901161193847656e-08,True,1929,3348
8,2,0.0,0.0,dirichlet,7,uniform,0.5,adaptive,stage1,,,9,0.004416101194166799,0.012722148870428404,0.0012119132698996948,0.0006059566349498474,0.5,True,False,0.0,True,2151,3720
8,2,0.0,0.0,dirichlet,7,uniform,0.5,adaptive,stage1,,,10,0.004416057719504707,0.01272213893632094,0.0006059563337567908,0.00030297816687836765,0.5,True,False,-9.934107463721586e-09,True,2328,4092
8,2,0.0,0.0,dirichlet,8,uniform,0.5,fixed,stage1,,,0,0.004415969948240672,0.012722163771589598,0.6527035656722894,0.32635178283614485,0.5,True,False,,True,192,372
8,2,0.0,0.0,dirichlet,8,uniform,0.5,fixed,stage1,,,1,0.004415994151319325,0.012722119068106016,0.3263517814807752,0.16317589074038763,0.5,True,False,-4.470348358154297e-08,True,408,744
8,2,0.0,0.0,dirichlet,8,uniform,0.5,fixed,stage1,,,2,0.00441595441697018,0.012721965089440346,0.16317588607191802,0.08158794303595901,0.5,True,False,-1.5397866567033736e-07,True,663,1116
8,2,0.0,0.0,dirichlet,8,uniform,0.5,fixed,stage1,,,3,0.004416019176240127,0.012722089265783628,0.08158794680085074,0.0407939734004254,0.5,True,False,1.2417634328264204e-07,True,918,1488
8,2,0.0,0.0,dirichlet,8,uniform,0.5,fixed,stage1,,,4,0.004416101194166799,0.012722148870428404,0.040793975207582434,0.020396987603791245,0.5,True,False,5.960464477539063e-08,True,1128,1860
8,2,0.0,0.0,dirichlet,8,uniform,0.5,fixed,stage1,,,5,0.004416079456836641,0.012722158804535866,0.020396987904984662,0.010198493952492338,0.5,True,False,9.934107461986863e-09,True,1326,2232
8,2,0.0,0.0,dirichlet,8,uniform,0.5,fixed,stage1,,,6,0.004415992507498245,0.01272213893632094,0.010198493350105794,0.005099246675052849,0.5,True,False,-1.986821492570845e-08,True,1551,2604
8,2,0.0,0.0,dirichlet,8,uniform,0.5,fixed,stage1,,,7,0.004416100372264253,0.012722148870428404,0.005099246976246002,0.0025496234881229596,0.5,True,False,9.934107463721586e-09,True,1752,2976
8,2,0.0,0.0,dirichlet,8,uniform,0.5,fixed,stage1,,,8,0.004416100372264253,0.012722148870428404,0.002549623488123043,0.0012748117440614937,0.5,True,False,0.0,True,1971,3348
8,2,0.0,0.0,dirichlet,8,uniform,0.5,fixed,stage1,,,9,0.004416101194166799,0.012722148870428404,0.0012748117440615492,0.0006374058720307607,0.5,True,False,0.0,True,2193,3720
8,2,0.0,0.0,dirichlet,8,uniform,0.5,fixed,stage1,,,10,0.004416057719504707,0.01272213893632094,0.0006374055708377319,0.00031870278541887287,0.5,True,False,-9.934107463721586e-09,True,2370,4092
8,2,0.0,0.0,dirichlet,8,uniform,0.5,adaptive,stage1,,,0,0.02557506560184919,0.024615580836931866,0.9174395564230684,0.45871977821153415,0.5,True,False,,True,159,372
8,2,0.0,0.0,dirichlet,8,uniform,0.5,adaptive,stage1,,,1,0.004416015888651259,0.012722109133998552,0.3236517118028592,0.1618258559014296,0.5,True,False,-0.011893471702933313,True,354,744
8,2,0.0,0.0,dirichlet,8,uniform,0.5,adaptive,stage1,,,2,0.0044160934286816556,0.012722074364622435,0.16182585695560325,0.08091292847780168,0.5,True,False,-3.476937611782138e-08,True,552,1116
8,2,0.0,0.0,dirichlet,8,uniform,0.5,adaptive,stage1,,,3,0.004415991685582377,0.012722148870428404,0.08091292621885615,0.04045646310942809,0.5,True,False,7.450580596923828e-08,True,744,1488
8,2,0.0,0.0,dirichlet,8,uniform,0.5,adaptive,stage1,,,4,0.004416057719504707,0.01272213893632094,0.04045646341062112,0.02022823170531056,0.5,True,False,-9.934107463721586e-09,True,963,1860
8,2,0.0,0.0,dirichlet,8,uniform,0.5,adaptive,stage1,,,5,0.00441601506674516,0.01272213396926721,0.020228231855907303,0.010114115927953651,0.5,True,False,-4.96705373012607e-09,True,1146,2232
8,2,0.0,0.0,dirichlet,8,uniform,0.5,adaptive,stage1,,,6,0.004415994151319325,0.012722119068106016,0.01011411637974309,0.005057058189871552,0.5,True,False,-1.4901161193847656e-08,True,1353,2604
8,2,0.0,0.0,dirichlet,8,uniform,0.5,adaptive,stage1,,,7,0.004416100372264253,0.012722148870428404,0.005057057286292299,0.002528528643146122,0.5,True,False,2.9802322387695312e-08,True,1572,2976
8,2,0.0,0.0,dirichlet,8,uniform,0.5,adaptive,stage1,,,8,0.004415994151319325,0.012722119068106016,0.0025285295467254165,0.0012642647733626527,0.5,True,False,-2.9802322387695312e-08,True,1755,3348
8,2,0.0,0.0,dirichlet,8,uniform,0.5,adaptive,stage1,,,9,0.004416100372264253,0.012722148870428404,0.0012642638697835246,0.0006321319348918247,0.5,True,False,2.9802322387695312e-08,True,1950,3720
8,2,0.0,0.0,dirichlet,8,uniform,0.5,adaptive,stage1,,,10,0.004415992507498245,0.01272213893632094,0.0006321322360847564,0.0003160661180424684,0.5,True,False,-9.934107463721586e-09,True,2157,4092
8,2,0.0,0.0,dirichlet,9,uniform,0.5,fixed,stage1,,,0,0.004415994151319325,0.012722119068106016,0.21897671726495999,0.10948835863247995,0.5,True,False,,True,252,372
8,2,0.0,0.0,dirichlet,9,uniform,0.5,fixed,stage1,,,1,0.00441601506674516,0.01272213396926721,0.10948817502962604,0.05474408751481308,0.5,True,False,1.4901161193847656e-08,True,471,744
8,2,0.0,0.0,dirichlet,9,uniform,0.5,fixed,stage1,,,2,0.004416019176240127,0.012722089265783628,0.054744638322933,0.02737231916146647,0.5,True,False,-4.470348358154297e-08,True,735,1116
8,2,0.0,0.0,dirichlet,9,uniform,0.5,fixed,stage1,,,3,0.004416101194166799,0.012722148870428404,0.027371584750345165,0.013685792375172631,0.5,True,False,5.960464477539063e-08,True,954,1488
8,2,0.0,0.0,dirichlet,9,uniform,0.5,fixed,stage1,,,4,0.00441601506674516,0.01272213396926721,0.013685975978173864,0.006842987989086877,0.5,True,False,-1.4901161193847656e-08,True,1149,1860
8,2,0.0,0.0,dirichlet,9,uniform,0.5,fixed,stage1,,,5,0.004416101194166799,0.012722148870428404,0.0068428043860856574,0.00342140219304278,0.5,True,False,1.4901161193847656e-08,True,1347,2232
8,2,0.0,0.0,dirichlet,9,uniform,0.5,fixed,stage1,,,6,0.004415994151319325,0.012722119068106016,0.0034217693988981834,0.0017108846994490917,0.5,True,False,-2.9802322387695312e-08,True,1557,2604
8,2,0.0,0.0,dirichlet,9,uniform,0.5,fixed,stage1,,,7,0.004415992507498245,0.01272213893632094,0.0017106398956111823,0.0008553199478056189,0.5,True,False,1.9868214923973726e-08,True,1755,2976
8,2,0.0,0.0,dirichlet,9,uniform,0.5,fixed,stage1,,,8,0.004416101194166799,0.012722148870428404,0.0008551975457881666,0.0004275987728940833,0.5,True,False,9.934107463721586e-09,True,1950,3348
8,2,0.0,0.0,dirichlet,9,uniform,0.5,adaptive,stage1,,,0,0.005952107277356955,0.005838990832368533,0.6657166781935402,0.33285833909677004,0.5,True,False,,True,285,372
8,2,0.0,0.0,dirichlet,9,uniform,0.5,adaptive,stage1,,,1,0.00219267707551829,0.005717695380250613,0.33179748979439194,0.16589874489719592,0.5,True,False,-0.00012129545211791992,True,672,744
8,2,0.0,0.0,dirichlet,9,uniform,0.5,adaptive,stage1,,,2,0.004416057719504707,0.01272213893632094,0.23851111961874094,0.11925555980937042,0.5,True,False,0.007004443556070327,True,924,1116
8,2,0.0,0.0,dirichlet,9,uniform,0.5,adaptive,stage1,,,3,0.004416012601005548,0.012722148870428404,0.11925568221138791,0.05962784110569394,0.5,True,False,9.934107463721586e-09,True,1185,1488
8,2,0.0,0.0,dirichlet,9,uniform,0.5,adaptive,stage1,,,4,0.00441601506674516,0.01272213396926721,0.05962765750269264,0.02981382875134632,0.5,True,False,-1.4901161193847656e-08,True,1404,1860
8,2,0.0,0.0,dirichlet,9,uniform,0.5,adaptive,stage1,,,5,0.004415992507498245,0.01272213893632094,0.029813889952330253,0.014906944976165154,0.5,True,False,4.96705373012607e-09,True,1596,2232
8,2,0.0,0.0,dirichlet,9,uniform,0.5,adaptive,stage1,,,6,0.00441601506674516,0.01272213396926721,0.014906883775181165,0.00745344188759052,0.5,True,False,-4.96705373012607e-09,True,1800,2604
8,2,0.0,0.0,dirichlet,9,uniform,0.5,adaptive,stage1,,,7,0.004416101194166799,0.012722148870428404,0.007453625490591975,0.0037268127452960015,0.5,True,False,1.4901161193847656e-08,True,2022,2976
8,2,0.0,0.0,dirichlet,9,uniform,0.5,adaptive,stage1,,,8,0.00441601506674516,0.01272213396926721,0.0037266291422946435,0.0018633145711473426,0.5,True,False,-1.4901161193847656e-08,True,2199,3348
8,2,0.0,0.0,dirichlet,9,uniform,0.5,adaptive,stage1,,,9,0.004416101194166799,0.012722148870428404,0.0018634981741486312,0.0009317490870742601,0.5,True,False,1.4901161193847656e-08,True,2388,3720
8,2,0.0,0.0,dirichlet,9,uniform,0.5,adaptive,stage1,,,10,0.004415994151319325,0.012722119068106016,0.000931381881219065,0.0004656909406095394,0.5,True,False,-2.9802322387695312e-08,True,2589,4092
8,2,0.0,0.0,reversed,0,uniform,0.5,fixed,stage1,,,0,0.009931411798485001,0.014334207400679588,0.7461430031957881,0.37307150159789404,0.5,True,False,,True,195,372
8,2,0.0,0.0,reversed,0,uniform,0.5,fixed,stage1,,,1,0.004415992507498245,0.01272213893632094,0.35225637225069983,0.17612818612534992,0.5,True,False,-0.0016120684643586482,True,390,744
8,2,0.0,0.0,reversed,0,uniform,0.5,fixed,stage1,,,2,0.004415994151319325,0.012722119068106016,0.17612794071912585,0.08806397035956301,0.5,True,False,-1.9868214923973726e-08,True,639,1116
8,2,0.0,0.0,reversed,0,uniform,0.5,fixed,stage1,,,3,0.004415992507498245,0.01272213893632094,0.0880642157657869,0.04403210788289344,0.5,True,False,1.9868214923973726e-08,True,894,1488
8,2,0.0,0.0,reversed,0,uniform,0.5,fixed,stage1,,,4,0.00441601506674516,0.01272213396926721,0.044032046531312874,0.022016023265656492,0.5,True,False,-4.96705373012607e-09,True,1098,1860
8,2,0.0,0.0,reversed,0,uniform,0.5,fixed,stage1,,,5,0.004416100372264253,0.012722148870428404,0.02201620732044743,0.01100810366022377,0.5,True,False,1.4901161193847656e-08,True,1332,2232
8,2,0.0,0.0,reversed,0,uniform,0.5,fixed,stage1,,,6,0.004415994151319325,0.012722119068106016,0.011007735550789141,0.005503867775394591,0.5,True,False,-2.9802322387695312e-08,True,1533,2604
8,2,0.0,0.0,reversed,0,uniform,0.5,fixed,stage1,,,7,0.004416057719504707,0.01272213893632094,0.0055041131816186,0.002752056590809293,0.5,True,False,1.9868214923973726e-08,True,1743,2976
8,2,0.0,0.0,reversed,0,uniform,0.5,fixed,stage1,,,8,0.004416101194166799,0.012722148870428404,0.0027521792940197742,0.0013760896470098871,0.5,True,False,9.934107463721586e-09,True,1935,3348
8,2,0.0,0.0,reversed,0,uniform,0.5,fixed,stage1,,,9,0.004415994151319325,0.012722119068106016,0.0013757215375753695,0.0006878607687877403,0.5,True,False,-2.9802322387695312e-08,True,2136,3720
8,2,0.0,0.0,reversed,0,uniform,0.5,fixed,stage1,,,10,0.004416101194166799,0.012722148870428404,0.0006882288782221468,0.0003441144391111428,0.5,True,False,2.9802322387695312e-08,True,2325,4092
8,2,0.0,0.0,reversed,0,uniform,0.5,adaptive,stage1,,,0,0.009931411798485001,0.014334207400679588,0.7461430031957881,0.37307150159789404,0.5,True,False,,True,195,372
8,2,0.0,0.0,reversed,0,uniform,0.5,adaptive,stage1,,,1,0.004415992507498245,0.01272213893632094,0.35225637225069983,0.17612818612534992,0.5,True,False,-0.0016120684643586482,True,390,744
8,2,0.0,0.0,reversed,0,uniform,0.5,adaptive,stage1,,,2,0.004415994151319325,0.012722119068106016,0.17612794071912585,0.08806397035956301,0.5,True,False,-1.9868214923973726e-08,True,639,1116
8,2,0.0,0.0,reversed,0,uniform,0.5,adaptive,stage1,,,3,0.004415992507498245,0.01272213893632094,0.0880642157657869,0.04403210788289344,0.5,True,False,1.9868214923973726e-08,True,894,1488
8,2,0.0,0.0,reversed,0,uniform,0.5,adaptive,stage1,,,4,0.00441601506674516,0.01272213396926721,0.044032046531312874,0.022016023265656492,0.5,True,False,-4.96705373012607e-09,True,1098,1860
8,2,0.0,0.0,reversed,0,uniform,0.5,adaptive,stage1,,,5,0.004416100372264253,0.012722148870428404,0.02201620732044743,0.01100810366022377,0.5,True,False,1.4901161193847656e-08,True,1332,2232
8,2,0.0,0.0,reversed,0,uniform,0.5,adaptive,stage1,,,6,0.004415994151319325,0.012722119068106016,0.011007735550789141,0.005503867775394591,0.5,True,False,-2.9802322387695312e-08,True,1533,2604
8,2,0.0,0.0,reversed,0,uniform,0.5,adaptive,stage1,,,7,0.004416057719504707,0.01272213893632094,0.0055041131816186,0.002752056590809293,0.5,True,False,1.9868214923973726e-08,True,1743,2976
8,2,0.0,0.0,reversed,0,uniform,0.5,adaptive,stage1,,,8,0.004416101194166799,0.012722148870428404,0.0027521792940197742,0.0013760896470098871,0.5,True,False,9.934107463721586e-09,True,1935,3348
8,2,0.0,0.0,reversed,0,uniform,0.5,adaptive,stage1,,,9,0.004415994151319325,0.012722119068106016,0.0013757215375753695,0.0006878607687877403,0.5,True,False,-2.9802322387695312e-08,True,2136,3720
8,2,0.0,0.0,reversed,0,uniform,0.5,adaptive,stage1,,,10,0.004416101194166799,0.012722148870428404,0.0006882288782221468,0.0003441144391111428,0.5,True,False,2.9802322387695312e-08,True,2325,4092
9,2,0.0,0.0,stage0,0,uniform,0.5,fixed,stage1,,,0,0.013013797489411366,0.006790899982055028,0.6056185895002811,0.30280929475014057,0.5,True,False,,True,207,849
9,2,0.0,0.0,stage0,0,uniform,0.5,fixed,stage1,,,1,0.018185139970396058,0.006286773830652237,0.29655202142985904,0.14827601071492957,0.5,True,False,-0.000504126151402791,True,483,1698
9,2,0.0,0.0,stage0,0,uniform,0.5,fixed,stage1,,,2,0.01880422082655609,0.0062079889078934984,0.14730992717121658,0.07365496358560829,0.5,True,False,-7.878492275873849e-05,True,690,2547
9,2,0.0,0.0,stage0,0,uniform,0.5,fixed,stage1,,,3,0.024252620892852406,0.009097721427679062,0.11128365201290763,0.05564182600645384,0.5,True,False,0.0028897325197855634,True,906,3396
9,2,0.0,0.0,stage0,0,uniform,0.5,fixed,stage1,,,4,0.02025295148329445,0.0051355573038260145,0.009834653037826893,0.004917326518913391,0.5,True,False,-0.003962164123853047,True,1143,4245
9,2,0.0,0.0,stage0,0,uniform,0.5,fixed,stage1,,,5,0.021658369256269128,0.005005584408839543,0.003833188759616829,0.0019165943798083868,0.5,True,False,-0.00012997289498647112,True,1476,5094
9,2,0.0,0.0,stage0,0,uniform,0.5,fixed,stage1,,,6,0.02152964930639112,0.0049766165514787035,0.0016757414603200405,0.0008378707301600688,0.5,True,False,-2.8967857360839844e-05,True,1797,5943
9,2,0.0,0.0,stage0,0,uniform,0.5,fixed,stage1,,,7,0.021599628499381046,0.0049909017980098724,0.0009566100235226943,0.00047830501176138185,0.5,True,False,1.4285246531168909e-05,True,2070,6792
9,2,0.0,0.0,stage0,0,uniform,0.5,adaptive,stage1,,,0,0.013013797489411366,0.006790899982055028,0.6056185895002811,0.30280929475014057,0.5,True,False,,True,207,849
9,2,0.0,0.0,stage0,0,uniform,0.5,adaptive,stage1,,,1,0.018185139970396058,0.006286773830652237,0.29655202142985904,0.14827601071492957,0.5,True,False,-0.000504126151402791,True,483,1698
9,2,0.0,0.0,stage0,0,uniform,0.5,adaptive,stage1,,,2,0.01880422082655609,0.0062079889078934984,0.14730992717121658,0.07365496358560829,0.5,True,False,-7.878492275873849e-05,True,690,2547
9,2,0.0,0.0,stage0,0,uniform,0.5,adaptive,stage1,,,3,0.024252620892852406,0.009097721427679062,0.11128365201290763,0.05564182600645384,0.5,True,False,0.0028897325197855634,True,906,3396
9,2,0.0,0.0,stage0,0,uniform,0.5,adaptive,stage1,,,4,0.02025295148329445,0.0051355573038260145,0.009834653037826893,0.004917326518913391,0.5,True,False,-0.003962164123853047,True,1143,4245
9,2,0.0,0.0,stage0,0,uniform,0.5,adaptive,stage1,,,5,0.021658369256269128,0.005005584408839543,0.003833188759616829,0.0019165943798083868,0.5,True,False,-0.00012997289498647112,True,1476,5094
9,2,0.0,0.0,stage0,0,uniform,0.5,adaptive,stage1,,,6,0.02152964930639112,0.0049766165514787035,0.0016757414603200405,0.0008378707301600688,0.5,True,False,-2.8967857360839844e-05,True,1797,5943
9,2,0.0,0.0,stage0,0,uniform,0.5,adaptive,stage1,,,7,0.021599628499381046,0.0049909017980098724,0.0009566100235226943,0.00047830501176138185,0.5,True,False,1.4285246531168909e-05,True,2070,6792
9,2,0.0,0.0,uniform,0,uniform,0.5,fixed,stage1,,,0,0.009792884123761364,0.006946942458550136,0.6003625705145359,0.30018128525726795,0.5,True,False,,True,135,849
9,2,0.0,0.0,uniform,0,uniform,0.5,fixed,stage1,,,1,0.021719164802726752,0.005212221294641495,0.2790500489631938,0.1395250244815969,0.5,True,False,-0.0017347211639086408,True,432,1698
9,2,0.0,0.0,uniform,0,uniform,0.5,fixed,stage1,,,2,0.021788414888818816,0.00504540279507637,0.13757108825164494,0.06878554412582252,0.5,True,False,-0.0001668184995651245,True,834,2547
9,2,0.0,0.0,uniform,0,uniform,0.5,fixed,stage1,,,3,0.021789465482891457,0.00505610927939415,0.06891055264260232,0.03445527632130119,0.5,True,False,1.0706484317779541e-05,True,1185,3396
9,2,0.0,0.0,uniform,0,uniform,0.5,fixed,stage1,,,4,0.019037232712776707,0.006177041679620743,0.047849753968141194,0.023924876984070573,0.5,True,False,0.001120932400226593,True,1404,4245
9,2,0.0,0.0,uniform,0,uniform,0.5,fixed,stage1,,,5,0.02157556100677635,0.004986717055241267,0.009721138644826932,0.004860569322413494,0.5,True,False,-0.0011903246243794756,True,1743,5094
9,2,0.0,0.0,uniform,0,uniform,0.5,fixed,stage1,,,6,0.02151598304188823,0.004973919441302617,0.004711569659114491,0.002355784829557242,0.5,True,False,-1.2797613938650074e-05,True,2088,5943
9,2,0.0,0.0,uniform,0,uniform,0.5,fixed,stage1,,,7,0.021782060608265992,0.0050433290501435595,0.003164829956217842,0.0015824149781089175,0.5,True,False,6.940960884094238e-05,True,2526,6792
9,2,0.0,0.0,uniform,0,uniform,0.5,fixed,stage1,,,8,0.02178796060679672,0.0050461577872435255,0.001615435177161527,0.0008077175885807947,0.5,True,False,2.8287370999659917e-06,True,3003,7641
9,2,0.0,0.0,uniform,0,uniform,0.5,fixed,stage1,,,9,0.021824977645892422,0.005100782960653305,0.001446105665837659,0.0007230528329188052,0.5,True,False,5.462517340977958e-05,True,3435,8490
9,2,0.0,0.0,uniform,0,uniform,0.5,fixed,stage1,,,10,0.021789136296615774,0.005046418557564418,8.770895014120761e-05,4.3854475070659316e-05,0.5,True,False,-5.4364403088887243e-05,True,3858,9339
9,2,0.0,0.0,uniform,0,uniform,0.5,adaptive,stage1,,,0,0.009792884123761364,0.006946942458550136,0.6003625705145359,0.30018128525726795,0.5,True,False,,True,135,849
9,2,0.0,0.0,uniform,0,uniform,0.5,adaptive,stage1,,,1,0.021719164802726752,0.005212221294641495,0.2790500489631938,0.1395250244815969,0.5,True,False,-0.0017347211639086408,True,432,1698
9,2,0.0,0.0,uniform,0,uniform,0.5,adaptive,stage1,,,2,0.021788414888818816,0.00504540279507637,0.13757108825164494,0.06878554412582252,0.5,True,False,-0.0001668184995651245,True,834,2547
9,2,0.0,0.0,uniform,0,uniform,0.5,adaptive,stage1,,,3,0.021789465482891457,0.00505610927939415,0.06891055264260232,0.03445527632130119,0.5,True,False,1.0706484317779541e-05,True,1185,3396
9,2,0.0,0.0,uniform,0,uniform,0.5,adaptive,stage1,,,4,0.019037232712776707,0.006177041679620743,0.047849753968141194,0.023924876984070573,0.5,True,False,0.001120932400226593,True,1404,4245
9,2,0.0,0.0,uniform,0,uniform,0.5,adaptive,stage1,,,5,0.02157556100677635,0.004986717055241267,0.009721138644826932,0.004860569322413494,0.5,True,False,-0.0011903246243794756,True,1743,5094
9,2,0.0,0.0,uniform,0,uniform,0.5,adaptive,stage1,,,6,0.02151598304188823,0.004973919441302617,0.004711569659114491,0.002355784829557242,0.5,True,False,-1.2797613938650074e-05,True,2088,5943
9,2,0.0,0.0,uniform,0,uniform,0.5,adaptive,stage1,,,7,0.021782060608265992,0.0050433290501435595,0.003164829956217842,0.0015824149781089175,0.5,True,False,6.940960884094238e-05,True,2526,6792
9,2,0.0,0.0,uniform,0,uniform,0.5,adaptive,stage1,,,8,0.02178796060679672,0.0050461577872435255,0.001615435177161527,0.0008077175885807947,0.5,True,False,2.8287370999659917e-06,True,3003,7641
9,2,0.0,0.0,uniform,0,uniform,0.5,adaptive,stage1,,,9,0.021824977645892422,0.005100782960653305,0.001446105665837659,0.0007230528329188052,0.5,True,False,5.462517340977958e-05,True,3435,8490
9,2,0.0,0.0,uniform,0,uniform,0.5,adaptive,stage1,,,10,0.021789136296615774,0.005046418557564418,8.770895014120761e-05,4.3854475070659316e-05,0.5,True,False,-5.4364403088887243e-05,True,3858,9339
9,2,0.0,0.0,dirichlet,0,uniform,0.5,fixed,stage1,,,0,0.006236991807572423,0.012429958830277124,1.391641421683243,0.6958207108416214,0.5,True,False,,True,309,849
9,2,0.0,0.0,dirichlet,0,uniform,0.5,fixed,stage1,,,1,0.020926209193572597,0.00575096532702446,0.628120327402157,0.3140601637010784,0.5,True,False,-0.006678993503252665,True,534,1698
9,2,0.0,0.0,dirichlet,0,uniform,0.5,fixed,stage1,,,2,0.021782875105483886,0.005086902529001236,0.306189463139289,0.1530947315696445,0.5,True,False,-0.0006640627980232239,True,1002,2547
9,2,0.0,0.0,dirichlet,0,uniform,0.5,fixed,stage1,,,3,0.021680819831501868,0.005010101944208145,0.15219809197840126,0.07609904598920066,0.5,True,False,-7.680058479309082e-05,True,1266,3396
9,2,0.0,0.0,dirichlet,0,uniform,0.5,fixed,stage1,,,4,0.019934943829984418,0.006012475738922755,0.08802506657379389,0.04401253328689676,0.5,True,False,0.00100237379471461,True,1464,4245
9,2,0.0,0.0,dirichlet,0,uniform,0.5,fixed,stage1,,,5,0.021792910195553003,0.005053474257389705,0.03259253802639724,0.01629626901319873,0.5,True,False,-0.0009590014815330505,True,1875,5094
9,2,0.0,0.0,dirichlet,0,uniform,0.5,fixed,stage1,,,6,0.021793518476311176,0.00506062184770902,0.016379745257132095,0.008189872628566075,0.5,True,False,7.147590319315014e-06,True,2265,5943
9,2,0.0,0.0,dirichlet,0,uniform,0.5,fixed,stage1,,,7,0.021789941661567912,0.005054686218500137,0.008120549100626394,0.004060274550313249,0.5,True,False,-5.935629208882361e-06,True,2661,6792
9,2,0.0,0.0,dirichlet,0,uniform,0.5,fixed,stage1,,,8,0.021480591771058863,0.004968021064996719,0.0030499854101874724,0.0015249927050937084,0.5,True,False,-8.666515350341797e-05,True,2973,7641
9,2,0.0,0.0,dirichlet,0,uniform,0.5,fixed,stage1,,,9,0.021787373766154947,0.005045626312494278,0.002429501282721,0.0012147506413604722,0.5,True,False,7.76052474975586e-05,True,3348,8490
9,2,0.0,0.0,dirichlet,0,uniform,0.5,fixed,stage1,,,10,0.021787300106783612,0.00504575048883756,0.0012162002226165092,0.0006081001113082546,0.5,True,False,1.2417634328177468e-07,True,3675,9339
9,2,0.0,0.0,dirichlet,0,uniform,0.5,fixed,stage1,,,11,0.021786295055583826,0.00504681592186292,0.0006205378176836612,0.0003102689088418306,0.5,True,False,1.0654330253601074e-06,True,3954,10188
9,2,0.0,0.0,dirichlet,0,uniform,0.5,adaptive,stage1,,,0,0.019029758364872043,0.006178032606840134,0.38015833201816435,0.19007916600908217,0.5,True,False,,True,399,849
9,2,0.0,0.0,dirichlet,0,uniform,0.5,adaptive,stage1,,,1,0.019946458195543578,0.006013814359903336,0.18865072673413397,0.09432536336706701,0.5,True,False,-0.0001642182469367981,True,552,1698
9,2,0.0,0.0,dirichlet,0,uniform,0.5,adaptive,stage1,,,2,0.021778146842257037,0.0050421493748823805,0.08606753590977653,0.043033767954888266,0.5,True,False,-0.0009716649850209551,True,900,2547
9,2,0.0,0.0,dirichlet,0,uniform,0.5,adaptive,stage1,,,3,0.024252636249324264,0.009097728878259659,0.07984192337584198,0.03992096168792093,0.5,True,False,0.004055579503377278,True,1101,3396
9,2,0.0,0.0,dirichlet,0,uniform,0.5,adaptive,stage1,,,4,0.024252710279952745,0.009097756197055181,0.039921231780382024,0.019960615890191012,0.5,True,False,2.7318795522632278e-08,True,1281,4245
9,2,0.0,0.0,dirichlet,0,uniform,0.5,adaptive,stage1,,,5,0.021299308036988783,0.004938506831725438,0.03690059251860608,0.01845029625930298,0.5,True,False,-0.004159249365329743,True,1656,5094
9,2,0.0,0.0,dirichlet,0,uniform,0.5,adaptive,stage1,,,6,0.020286318822359595,0.005125695218642552,0.016266331961160792,0.008133165980580337,0.5,True,False,0.00018718838691711426,True,1887,5943
9,2,0.0,0.0,dirichlet,0,uniform,0.5,adaptive,stage1,,,7,0.02163425452003974,0.00499931847055753,0.009609440207985327,0.004804720103992688,0.5,True,False,-0.00012637674808502197,True,2124,6792
9,2,0.0,0.0,dirichlet,0,uniform,0.5,adaptive,stage1,,,8,0.02147180474488862,0.004966575652360916,0.005185977689067714,0.0025929888445338015,0.5,True,False,-3.2742818196614294e-05,True,2400,7641
9,2,0.0,0.0,dirichlet,0,uniform,0.5,adaptive,stage1,,,9,0.02179809728605729,0.0050522250433762865,0.0015946196732946408,0.0007973098366473516,0.5,True,False,8.56493910153704e-05,True,2832,8490
9,2,0.0,0.0,dirichlet,0,uniform,0.5,adaptive,stage1,,,10,0.02213097336133229,0.005333327998717626,0.0025038001081144,0.0006259500270284352,0.25,True,False,0.0002811029553413391,True,3252,9339
9,2,0.0,0.0,dirichlet,0,uniform,0.5,adaptive,stage1,,,11,0.02179015255234859,0.005046870559453964,0.0014857755651171492,0.0003714438912792023,0.25,True,False,-0.0002864574392636614,True,3636,10188
9,2,0.0,0.0,dirichlet,0,uniform,0.5,adaptive,stage1,,,12,0.02178912911434848,0.005046426008145015,0.0011195213762009298,0.0002798803440503053,0.25,True,False,-4.445513089494993e-07,True,4026,11037
9,2,0.0,0.0,dirichlet,0,uniform,0.5,adaptive,stage1,,,13,0.021786914409100522,0.005046768734852473,0.0008356400408020132,0.00020891001020045818,0.25,True,False,3.427267074584961e-07,True,4329,11886
9,2,0.0,0.0,dirichlet,1,uniform,0.5,fixed,stage1,,,0,0.02351140787799738,0.009420438359181086,1.0607412901104007,0.5303706450552004,0.5,True,False,,True,201,849
9,2,0.0,0.0,dirichlet,1,uniform,0.5,fixed,stage1,,,1,0.021125957142753,0.005658781776825587,0.4955515605587784,0.24777578027938923,0.5,True,False,-0.0037616565823554984,True,435,1698
9,2,0.0,0.0,dirichlet,1,uniform,0.5,fixed,stage1,,,2,0.014785079692267188,0.006656543662150701,0.256477817426137,0.1282389087130685,0.5,True,False,0.0009977618853251134,True,678,2547
9,2,0.0,0.0,dirichlet,1,uniform,0.5,fixed,stage1,,,3,0.020380597108893644,0.005099734912316005,0.11481477538288738,0.05740738769144369,0.5,True,False,-0.0015568087498346959,True,1053,3396
9,2,0.0,0.0,dirichlet,1,uniform,0.5,fixed,stage1,,,4,0.024252676460202516,0.009097743779420853,0.09373534792460024,0.046867673962300176,0.5,True,False,0.003998008867104848,True,1239,4245
9,2,0.0,0.0,dirichlet,1,uniform,0.5,fixed,stage1,,,5,0.024252737353501072,0.009097763647635778,0.046867870393277486,0.023433935196638687,0.5,True,False,1.986821492570845e-08,True,1446,5094
9,2,0.0,0.0,dirichlet,1,uniform,0.5,fixed,stage1,,,6,0.020334199919777474,0.00511259709795316,0.030436725926028148,0.015218362963014022,0.5,True,False,-0.003985166549682618,True,1716,5943
9,2,0.0,0.0,dirichlet,1,uniform,0.5,fixed,stage1,,,7,0.020148772826490857,0.005162086337804794,0.014638499278685511,0.007319249639342815,0.5,True,False,4.9489239851634e-05,True,2040,6792
9,2,0.0,0.0,dirichlet,1,uniform,0.5,fixed,stage1,,,8,0.021623519633555882,0.004996114720900853,0.009259357193481671,0.00462967859674078,0.5,True,False,-0.00016597161690394113,True,2349,7641
9,2,0.0,0.0,dirichlet,1,uniform,0.5,fixed,stage1,,,9,0.021538173382253945,0.004978146404027939,0.0048389371367232314,0.0024194685683617753,0.5,True,False,-1.7968316872914343e-05,True,2664,8490
9,2,0.0,0.0,dirichlet,1,uniform,0.5,fixed,stage1,,,10,0.021383369061108493,0.004951299478610356,0.0027318443437313045,0.0013659221718654926,0.5,True,False,-2.6846925417582483e-05,True,2955,9339
9,2,0.0,0.0,dirichlet,1,uniform,0.5,fixed,stage1,,,11,0.02179099301466486,0.005047354847192764,0.00034996684951943413,0.00017498342475971707,0.5,True,False,9.605536858240792e-05,True,3417,10188
9,2,0.0,0.0,dirichlet,1,uniform,0.5,adaptive,stage1,,,0,0.024252727322975773,0.009097763647635778,0.6303062376336929,0.3151531188168465,0.5,True,False,,True,210,849
9,2,0.0,0.0,dirichlet,1,uniform,0.5,adaptive,stage1,,,1,0.024252710368730224,0.00909775123000145,0.3151530695974974,0.1575765347987487,0.5,True,False,-1.2417634328784621e-08,True,411,1698
9,2,0.0,0.0,dirichlet,1,uniform,0.5,adaptive,stage1,,,2,0.022719197486937633,0.005883568276961644,0.14742529200135654,0.07371264600067827,0.5,True,False,-0.0032141829530398054,True,843,2547
9,2,0.0,0.0,dirichlet,1,uniform,0.5,adaptive,stage1,,,3,0.018307804763081886,0.006286068509022395,0.07424246038527696,0.037121230192638535,0.5,True,False,0.0004025002320607509,True,1074,3396
9,2,0.0,0.0,dirichlet,1,uniform,0.5,adaptive,stage1,,,4,0.02211303843576411,0.00530567392706871,0.04353049862709593,0.02176524931354791,0.5,True,False,-0.0009803945819536848,True,1320,4245
9,2,0.0,0.0,dirichlet,1,uniform,0.5,adaptive,stage1,,,5,0.02038298275473882,0.005099096645911534,0.02349759627986278,0.01174879813993139,0.5,True,False,-0.000206577281157176,True,1686,5094
9,2,0.0,0.0,dirichlet,1,uniform,0.5,adaptive,stage1,,,6,0.021796690718889466,0.005056983480850856,0.012100180662448973,0.006050090331224452,0.5,True,False,-4.211316506067854e-05,True,2025,5943
9,2,0.0,0.0,dirichlet,1,uniform,0.5,adaptive,stage1,,,7,0.020887782387015816,0.004943116257588069,0.006997181615305013,0.0034985908076524477,0.5,True,False,-0.00011386722326278687,True,2310,6792
9,2,0.0,0.0,dirichlet,1,uniform,0.5,adaptive,stage1,,,8,0.021786762161838766,0.005045785258213679,0.0026448341791544677,0.001322417089577206,0.5,True,False,0.00010266900062561035,True,2619,7641
9,2,0.0,0.0,dirichlet,1,uniform,0.5,adaptive,stage1,,,9,0.021210483445246057,0.004926106582085292,0.0023172782667014655,0.0011586391333507293,0.5,True,False,-0.00011967867612838745,True,3012,8490
9,2,0.0,0.0,dirichlet,1,uniform,0.5,adaptive,stage1,,,10,0.02144670337432926,0.004961588730414708,0.0008641855696784606,0.0004320927848391956,0.5,True,False,3.548214832941633e-05,True,3348,9339
9,2,0.0,0.0,dirichlet,2,uniform,0.5,fixed,stage1,,,0,0.018039823511904786,0.006307888776063919,0.9101525165288271,0.4550762582644135,0.5,True,False,,True,354,849
9,2,0.0,0.0,dirichlet,2,uniform,0.5,fixed,stage1,,,1,0.0183854649666485,0.006261804451545079,0.4545102805790733,0.2272551402895367,0.5,True,False,-4.608432451883981e-05,True,534,1698
9,2,0.0,0.0,dirichlet,2,uniform,0.5,fixed,stage1,,,2,0.019412174521034567,0.00612403079867363,0.22556952505384548,0.11278476252692274,0.5,True,False,-0.0001377736528714495,True,696,2547
9,2,0.0,0.0,dirichlet,2,uniform,0.5,fixed,stage1,,,3,0.020907009929785475,0.004936301459868749,0.09864192553234186,0.04932096276617093,0.5,True,False,-0.001187729338804881,True,951,3396
9,2,0.0,0.0,dirichlet,2,uniform,0.5,fixed,stage1,,,4,0.02179218852219774,0.005061625192562739,0.05078117979774469,0.02539058989887226,0.5,True,False,0.00012532373269399065,True,1455,4245
9,2,0.0,0.0,dirichlet,2,uniform,0.5,fixed,stage1,,,5,0.0217933547883813,0.00506116325656573,0.025385194029713128,0.01269259701485656,0.5,True,False,-4.6193599700927734e-07,True,1872,5094
9,2,0.0,0.0,dirichlet,2,uniform,0.5,fixed,stage1,,,6,0.021020611782880227,0.004902227471272151,0.010842036710174724,0.005421018355087362,0.5,True,False,-0.0001589357852935791,True,2268,5943
9,2,0.0,0.0,dirichlet,2,uniform,0.5,fixed,stage1,,,7,0.021790315608585853,0.005054611712694168,0.007195061005415046,0.0035975305027075508,0.5,True,False,0.00015238424142201713,True,2685,6792
9,2,0.0,0.0,dirichlet,2,uniform,0.5,fixed,stage1,,,8,0.02189430001846615,0.0051345912118752795,0.0045330270993836005,0.002266513549691797,0.5,True,False,7.997949918111136e-05,True,3108,7641
9,2,0.0,0.0,dirichlet,2,uniform,0.5,fixed,stage1,,,9,0.021393164180654442,0.004952806979417801,0.0008415825400159421,0.0004207912700080266,0.5,True,False,-0.00018178423245747855,True,3384,8490
9,2,0.0,0.0,dirichlet,2,uniform,0.5,adaptive,stage1,,,0,0.019577522101575623,0.0060895296434561414,0.4086559788170083,0.20432798940850422,0.5,True,False,,True,255,849
9,2,0.0,0.0,dirichlet,2,uniform,0.5,adaptive,stage1,,,1,0.01570166124516531,0.0065651995440324145,0.20850551047742497,0.10425275523871248,0.5,True,False,0.000475669900576273,True,564,1698
9,2,0.0,0.0,dirichlet,2,uniform,0.5,adaptive,stage1,,,2,0.024252651517017658,0.009097731361786524,0.12796818745760616,0.06398409372880313,0.5,True,False,0.0025325318177541094,True,810,2547
9,2,0.0,0.0,dirichlet,2,uniform,0.5,adaptive,stage1,,,3,0.02425263846846562,0.009097728878259659,0.06398406917495633,0.03199203458747811,0.5,True,False,-2.483526865063035e-09,True,1017,3396
9,2,0.0,0.0,dirichlet,2,uniform,0.5,adaptive,stage1,,,4,0.02195900615129491,0.005188108732302983,0.03037189516749764,0.015185947583748822,0.5,True,False,-0.0039096201459566755,True,1437,4245
9,2,0.0,0.0,dirichlet,2,uniform,0.5,adaptive,stage1,,,5,0.021698092708440093,0.005014798293511073,0.01721367598623509,0.008606837993117518,0.5,True,False,-0.00017331043879191023,True,1737,5094
9,2,0.0,0.0,dirichlet,2,uniform,0.5,adaptive,stage1,,,6,0.02179412821181541,0.005048755556344986,0.008210658388486822,0.004105329194243307,0.5,True,False,3.395726283391288e-05,True,2175,5943
9,2,0.0,0.0,dirichlet,2,uniform,0.5,adaptive,stage1,,,7,0.02151937503207066,0.004974637180566788,0.004969367494537288,0.002484683747268672,0.5,True,False,-7.411837577819824e-05,True,2460,6792
9,2,0.0,0.0,dirichlet,2,uniform,0.5,adaptive,stage1,,,8,0.02160286612235314,0.004991818219423294,0.002284625368713704,0.001142312684356911,0.5,True,False,1.7181038856506348e-05,True,2703,7641
9,2,0.0,0.0,dirichlet,2,uniform,0.5,adaptive,stage1,,,9,0.02146705904288393,0.0049650805691878,0.0014535894915997313,0.0007267947457998136,0.5,True,False,-2.673765023549369e-05,True,3021,8490
9,2,0.0,0.0,dirichlet,2,uniform,0.5,adaptive,stage1,,,10,0.02178963450174569,0.0050559379160404205,0.0005197811330071161,0.0002598905665035303,0.5,True,False,9.085734685262015e-05,True,3489,9339
9,2,0.0,0.0,dirichlet,3,uniform,0.5,fixed,stage1,,,0,0.00486337501182459,0.010495390743017197,0.9881391532103887,0.49406957660519435,0.5,True,False,,True,195,849
9,2,0.0,0.0,dirichlet,3,uniform,0.5,fixed,stage1,,,1,0.01834422307455494,0.006267004956801732,0.4371911824053635,0.2185955912026817,0.5,True,False,-0.0042283857862154646,True,390,1698
9,2,0.0,0.0,dirichlet,3,uniform,0.5,fixed,stage1,,,2,0.0193732708970783,0.0061310045421123505,0.21693125159996474,0.10846562579998234,0.5,True,False,-0.00013600041468938163,True,597,2547
9,2,0.0,0.0,dirichlet,3,uniform,0.5,fixed,stage1,,,3,0.021794244684315026,0.005055885761976242,0.09563088005519521,0.047815440027597605,0.5,True,False,-0.0010751187801361084,True,969,3396
9,2,0.0,0.0,dirichlet,3,uniform,0.5,fixed,stage1,,,4,0.02177935127073305,0.005042184144258499,0.04765547157844884,0.023827735789224425,0.5,True,False,-1.370161771774292e-05,True,1269,4245
9,2,0.0,0.0,dirichlet,3,uniform,0.5,fixed,stage1,,,5,0.02178710390616232,0.005055759102106094,0.023986225059307344,0.011993112529653668,0.5,True,False,1.3574957847595215e-05,True,1614,5094
9,2,0.0,0.0,dirichlet,3,uniform,0.5,fixed,stage1,,,6,0.021011958191605493,0.004901229093472163,0.010194083529896467,0.005097041764948178,0.5,True,False,-0.0001545300086339312,True,2043,5943
9,2,0.0,0.0,dirichlet,3,uniform,0.5,fixed,stage1,,,7,0.02179572993255845,0.005051571875810623,0.006847175111233603,0.0034235875556168013,0.5,True,False,0.00015034278233846,True,2442,6792
9,2,0.0,0.0,dirichlet,3,uniform,0.5,fixed,stage1,,,8,0.021629567417595717,0.004997408638397853,0.0027918507325170594,0.0013959253662584742,0.5,True,False,-5.41632374127703e-05,True,2823,7641
9,2,0.0,0.0,dirichlet,3,uniform,0.5,fixed,stage1,,,9,0.02144254833402799,0.004961618532737096,0.0010909269381618528,0.0005454634690809229,0.5,True,False,-3.579010566075701e-05,True,3144,8490
9,2,0.0,0.0,dirichlet,3,uniform,0.5,fixed,stage1,,,10,0.021787678119352,0.0050457728405793505,0.0014703371105668148,0.0007351685552833553,0.5,True,False,8.415430784225464e-05,True,3489,9339
9,2,0.0,0.0,dirichlet,3,uniform,0.5,fixed,stage1,,,11,0.0217866139969272,0.005045293519894282,0.0007295732067609806,0.00036478660338051805,0.5,True,False,-4.79320685068188e-07,True,3840,10188
9,2,0.0,0.0,dirichlet,3,uniform,0.5,adaptive,stage1,,,0,0.01918065341167979,0.0061580029626687365,0.5676372739804799,0.28381863699024007,0.5,True,False,,True,336,849
9,2,0.0,0.0,dirichlet,3,uniform,0.5,adaptive,stage1,,,1,0.021781489433750714,0.005055533101161321,0.27065011776536446,0.13532505888268204,0.5,True,False,-0.0011024698615074158,True,651,1698
9,2,0.0,0.0,dirichlet,3,uniform,0.5,adaptive,stage1,,,2,0.021197487507234235,0.004924534509579341,0.1337992712163089,0.06689963560815446,0.5,True,False,-0.0001309985915819798,True,1032,2547
9,2,0.0,0.0,dirichlet,3,uniform,0.5,adaptive,stage1,,,3,0.0217859081342275,0.005048790325721105,0.06834669040087771,0.03417334520043901,0.5,True,False,0.00012425581614176374,True,1368,3396
9,2,0.0,0.0,dirichlet,3,uniform,0.5,adaptive,stage1,,,4,0.021793893656841798,0.005052985002597173,0.03422232235350102,0.017111161176750538,0.5,True,False,4.194676876068115e-06,True,1563,4245
9,2,0.0,0.0,dirichlet,3,uniform,0.5,adaptive,stage1,,,5,0.021739523806825246,0.005027588456869125,0.016814757555036954,0.008407378777518529,0.5,True,False,-2.53965457280474e-05,True,1824,5094
9,2,0.0,0.0,dirichlet,3,uniform,0.5,adaptive,stage1,,,6,0.021070335661653727,0.004908190419276555,0.007017950584632129,0.0035089752923159814,0.5,True,False,-0.00011939803759257028,True,2184,5943
9,2,0.0,0.0,dirichlet,3,uniform,0.5,adaptive,stage1,,,7,0.021088802669224,0.004910475263992946,0.0035355011046815654,0.001767750552340755,0.5,True,False,2.284844716390552e-06,True,2496,6792
9,2,0.0,0.0,dirichlet,3,uniform,0.5,adaptive,stage1,,,8,0.02179845990153087,0.005051778008540471,0.003412962809970034,0.001706481404984861,0.5,True,False,0.00014130274454752546,True,2964,7641
9,2,0.0,0.0,dirichlet,3,uniform,0.5,adaptive,stage1,,,9,0.021488513798923865,0.004969161003828049,0.0008157960986162199,0.0004078980493081655,0.5,True,False,-8.26170047124224e-05,True,3231,8490
9,2,0.0,0.0,dirichlet,4,uniform,0.5,fixed,stage1,,,0,0.00395560808071016,0.00915578380227089,1.0716821367947555,0.5358410683973778,0.5,True,False,,True,171,849
9,2,0.0,0.0,dirichlet,4,uniform,0.5,fixed,stage1,,,1,0.017989624475558977,0.006311005602280299,0.4986710223335764,0.24933551116678818,0.5,True,False,-0.00284477819999059,True,423,1698
9,2,0.0,0.0,dirichlet,4,uniform,0.5,fixed,stage1,,,2,0.021788105554015016,0.005070486416419347,0.23446650774640745,0.11723325387320373,0.5,True,False,-0.0012405191858609523,True,834,2547
9,2,0.0,0.0,dirichlet,4,uniform,0.5,fixed,stage1,,,3,0.01624102427939489,0.006509121507406235,0.13454808567027346,0.06727404283513679,0.5,True,False,0.001438635090986888,True,1050,3396
9,2,0.0,0.0,dirichlet,4,uniform,0.5,fixed,stage1,,,4,0.024252636249324264,0.009097728878259659,0.10119315029245976,0.050596575146229936,0.5,True,False,0.002588607370853424,True,1266,4245
9,2,0.0,0.0,dirichlet,4,uniform,0.5,fixed,stage1,,,5,0.021702776917015887,0.005016112079222997,0.007431698645526286,0.003715849322763136,0.5,True,False,-0.004081616799036662,True,1548,5094
9,2,0.0,0.0,dirichlet,4,uniform,0.5,fixed,stage1,,,6,0.021611696860736218,0.0049941278994083405,0.003789171879264981,0.0018945859396324663,0.5,True,False,-2.1984179814656286e-05,True,1776,5943
9,2,0.0,0.0,dirichlet,4,uniform,0.5,fixed,stage1,,,7,0.021453213412140057,0.004962693899869919,0.0019993128715130176,0.0009996564357565088,0.5,True,False,-3.143399953842163e-05,True,2124,6792
9,2,0.0,0.0,dirichlet,4,uniform,0.5,fixed,stage1,,,8,0.021608822282170134,0.004992811630169551,0.0008993175138452131,0.0004496587569225788,0.5,True,False,3.0117730299632044e-05,True,2484,7641
9,2,0.0,0.0,dirichlet,4,uniform,0.5,adaptive,stage1,,,0,0.024252628704236057,0.009097728878259659,0.11382851067035007,0.05691425533517509,0.5,True,False,,True,246,849
9,2,0.0,0.0,dirichlet,4,uniform,0.5,adaptive,stage1,,,1,0.02425257349192067,0.009097701559464136,0.05691398524303915,0.028456992621519572,0.5,True,False,-2.7318795522632278e-08,True,429,1698
9,2,0.0,0.0,dirichlet,4,uniform,0.5,adaptive,stage1,,,2,0.02425270264612215,0.009097756197055181,0.028457532806116403,0.014228766403058233,0.5,True,False,5.4637591045264555e-08,True,648,2547
9,2,0.0,0.0,dirichlet,4,uniform,0.5,adaptive,stage1,,,3,0.02093856238123991,0.004925331721703212,0.049118031032358775,0.012279507758089725,0.25,True,False,-0.00417242447535197,True,1062,3396
9,2,0.0,0.0,dirichlet,4,uniform,0.5,adaptive,stage1,,,4,0.021229819510866645,0.004928726702928543,0.036799081230943664,0.009199770307735743,0.25,True,False,3.3949812253313352e-06,True,1422,4245
9,2,0.0,0.0,dirichlet,4,uniform,0.5,adaptive,stage1,,,5,0.02166371799791067,0.00500580295920372,0.026702402281187684,0.006675600570296966,0.25,True,False,7.7076256275177e-05,True,1671,5094
9,2,0.0,0.0,dirichlet,4,uniform,0.5,adaptive,stage1,,,6,0.020100273812843128,0.0051745884120464325,0.018052915697223657,0.004513228924305918,0.25,True,False,0.0001687854528427124,True,2055,5943
9,2,0.0,0.0,dirichlet,4,uniform,0.5,adaptive,stage1,,,7,0.021577114145916558,0.004985989381869634,0.01574440291002293,0.003936100727505734,0.25,True,False,-0.0001885990301767988,True,2337,6792
9,2,0.0,0.0,dirichlet,4,uniform,0.5,adaptive,stage1,,,8,0.02166325445775441,0.005005599310000737,0.011579845532365282,0.0028949613830912407,0.25,True,False,1.9609928131103516e-05,True,2571,7641
9,2,0.0,0.0,dirichlet,4,uniform,0.5,adaptive,stage1,,,9,0.021635742740786695,0.004998854051033656,0.008763487179405616,0.0021908717948514733,0.25,True,False,-6.7452589670811275e-06,True,2901,8490
9,2,0.0,0.0,dirichlet,4,uniform,0.5,adaptive,stage1,,,10,0.021540527258012906,0.004978620757659276,0.006808267078357758,0.0017020667695893596,0.25,True,False,-2.0233293374380054e-05,True,3177,9339
9,2,0.0,0.0,dirichlet,4,uniform,0.5,adaptive,stage1,,,11,0.0215269367303928,0.004975985735654831,0.005136875525271846,0.0012842188813179875,0.25,True,False,-2.6350220044451048e-06,True,3444,10188
9,2,0.0,0.0,dirichlet,4,uniform,0.5,adaptive,stage1,,,12,0.02179324169258505,0.005055669695138931,0.0029235820983178895,0.0007308955245796042,0.25,True,False,7.968395948410034e-05,True,3912,11037
9,2,0.0,0.0,dirichlet,4,uniform,0.5,adaptive,stage1,,,13,0.021382910228672315,0.004951160401105881,0.0034106013828869436,0.0004263251728607309,0.125,True,False,-0.00010450929403305054,True,4293,11886
9,2,0.0,0.0,dirichlet,4,uniform,0.5,adaptive,stage1,,,14,0.021393595466216636,0.004953539619843165,0.0029566067814023184,0.0003695758476753297,0.125,True,False,2.3792187372846316e-06,True,4587,12735
9,2,0.0,0.0,dirichlet,4,uniform,0.5,adaptive,stage1,,,15,0.02208918583015905,0.005315642803907394,0.001677884306833216,0.0002097355383541208,0.125,True,False,0.00036210318406422904,True,5022,13584
9,2,0.0,0.0,dirichlet,4,uniform,0.5,adaptive,stage1,,,16,0.022342381728902492,0.005505846192439397,0.0037018988446649373,0.00023136867779153386,0.0625,True,False,0.00019020338853200248,True,5313,14433
9,2,0.0,0.0,dirichlet,4,uniform,0.5,adaptive,stage1,,,17,0.021786338773972444,0.005045931786298752,0.0019487667208886172,0.00012179792005558021,0.0625,True,False,-0.00045991440614064506,True,5670,15282
9,2,0.0,0.0,dirichlet,4,uniform,0.5,adaptive,stage1,,,18,0.021790183378360264,0.005046470711628596,0.0018206774876929066,0.00011379234298075636,0.0625,True,False,5.38925329844446e-07,True,6084,16131
9,2,0.0,0.0,dirichlet,4,uniform,0.5,adaptive,stage1,,,19,0.021807074337414495,0.005068877091010411,0.0014451958553335087,9.03247409583599e-05,0.0625,True,False,2.2406379381815014e-05,True,6492,16980
9,2,0.0,0.0,dirichlet,5,uniform,0.5,fixed,stage1,,,0,0.003401475144411137,0.009671935190757116,1.4571833407818118,0.728591670390906,0.5,True,False,,True,255,849
9,2,0.0,0.0,dirichlet,5,uniform,0.5,fixed,stage1,,,1,0.008465629262751267,0.006981746604045232,0.6925348622568157,0.34626743112840774,0.5,True,False,-0.0026901885867118844,True,495,1698
9,2,0.0,0.0,dirichlet,5,uniform,0.5,fixed,stage1,,,2,0.01495835465245305,0.006640204538901647,0.34197971077592026,0.17098985538796024,0.5,True,False,-0.0003415420651435852,True,642,2547
9,2,0.0,0.0,dirichlet,5,uniform,0.5,fixed,stage1,,,3,0.017302700212242363,0.0063917674124240875,0.16790922530760508,0.08395461265380261,0.5,True,False,-0.0002484371264775591,True,855,3396
9,2,0.0,0.0,dirichlet,5,uniform,0.5,fixed,stage1,,,4,0.021785034138215593,0.005057169745365779,0.06793543407846837,0.03396771703923419,0.5,True,False,-0.0013345976670583086,True,1347,4245
9,2,0.0,0.0,dirichlet,5,uniform,0.5,fixed,stage1,,,5,0.02177790732442895,0.005041516075531642,0.03378495581033938,0.01689247790516956,0.5,True,False,-1.5653669834136963e-05,True,1743,5094
9,2,0.0,0.0,dirichlet,5,uniform,0.5,fixed,stage1,,,6,0.021892927693545842,0.005125851680835088,0.017878490815024267,0.008939245407512134,0.5,True,False,8.433560530344587e-05,True,2169,5943
9,2,0.0,0.0,dirichlet,5,uniform,0.5,fixed,stage1,,,7,0.021760163958866832,0.005035180598497391,0.00787929681158945,0.003939648405794638,0.5,True,False,-9.067108233769706e-05,True,2565,6792
9,2,0.0,0.0,dirichlet,5,uniform,0.5,fixed,stage1,,,8,0.021780930465474156,0.005043140302101771,0.0040325420382598745,0.002016271019130038,0.5,True,False,7.959703604380579e-06,True,2985,7641
9,2,0.0,0.0,dirichlet,5,uniform,0.5,fixed,stage1,,,9,0.02179135345340802,0.00508428489168485,0.0024969256688774505,0.0012484628344385656,0.5,True,False,4.114458958307844e-05,True,3387,8490
9,2,0.0,0.0,dirichlet,5,uniform,0.5,fixed,stage1,,,10,0.021878972992524393,0.005117117116848628,0.0016325863185328929,0.0008162931592664777,0.5,True,False,3.283222516377825e-05,True,3783,9339
9,2,0.0,0.0,dirichlet,5,uniform,0.5,fixed,stage1,,,11,0.0217880506436478,0.005045991390943527,6.0321917460477714e-05,3.016095873015212e-05,0.5,True,False,-7.11257259051008e-05,True,4086,10188
9,2,0.0,0.0,dirichlet,5,uniform,0.5,adaptive,stage1,,,0,0.01147716102713342,0.006864653279383977,0.8186519878159237,0.40932599390796187,0.5,True,False,,True,300,849
9,2,0.0,0.0,dirichlet,5,uniform,0.5,adaptive,stage1,,,1,0.010902395016176944,0.006882944454749425,0.4095562246760647,0.20477811233803234,0.5,True,False,1.8291175365447998e-05,True,456,1698
9,2,0.0,0.0,dirichlet,5,uniform,0.5,adaptive,stage1,,,2,0.016298355743173808,0.006503009547789891,0.20003191155332017,0.10001595577666009,0.5,True,False,-0.0003799349069595337,True,699,2547
9,2,0.0,0.0,dirichlet,5,uniform,0.5,adaptive,stage1,,,3,0.01875265573580961,0.0062147391339143114,0.09646467804959424,0.04823233902479715,0.5,True,False,-0.00028827041387557983,True,861,3396
9,2,0.0,0.0,dirichlet,5,uniform,0.5,adaptive,stage1,,,4,0.020407197531872395,0.005092281848192215,0.034799339877877526,0.01739966993893871,0.5,True,False,-0.0011224572857220965,True,1134,4245
9,2,0.0,0.0,dirichlet,5,uniform,0.5,adaptive,stage1,,,5,0.0217543727119745,0.005033064633607864,0.016707918283066496,0.008353959141533335,0.5,True,False,-5.9217214584350586e-05,True,1392,5094
9,2,0.0,0.0,dirichlet,5,uniform,0.5,adaptive,stage1,,,6,0.021591660802805175,0.0049890317022800446,0.007840656897025261,0.003920328448512735,0.5,True,False,-4.4032931327819824e-05,True,1755,5943
9,2,0.0,0.0,dirichlet,5,uniform,0.5,adaptive,stage1,,,7,0.021517414103711302,0.004975277930498123,0.003760184580803988,0.0018800922904018344,0.5,True,False,-1.3753771781921387e-05,True,2028,6792
9,2,0.0,0.0,dirichlet,5,uniform,0.5,adaptive,stage1,,,8,0.0217594757859427,0.0050343237817287445,0.0025682300290072457,0.0012841150145036506,0.5,True,False,5.904585123062134e-05,True,2412,7641
9,2,0.0,0.0,dirichlet,5,uniform,0.5,adaptive,stage1,,,9,0.021362936412534617,0.004948468257983525,0.0002840708462342051,0.00014203542311723438,0.5,True,False,-8.58555237452192e-05,True,2715,8490
9,2,0.0,0.0,dirichlet,6,uniform,0.5,fixed,stage1,,,0,0.024252727322975773,0.009097763647635778,0.7877201811255782,0.3938600905627891,0.5,True,False,,True,225,849
9,2,0.0,0.0,dirichlet,6,uniform,0.5,fixed,stage1,,,1,0.024252301770645572,0.009097440789143244,0.39385881086846564,0.1969294054342328,0.5,True,False,-3.2285849253452237e-07,True,447,1698
9,2,0.0,0.0,dirichlet,6,uniform,0.5,fixed,stage1,,,2,0.021794501631563247,0.00506182387471199,0.18223957042621833,0.09111978521310922,0.5,True,False,-0.0040356169144312535,True,903,2547
9,2,0.0,0.0,dirichlet,6,uniform,0.5,fixed,stage1,,,3,0.018309737488451105,0.0062835899492104845,0.09530752015381323,0.047653760076906616,0.5,True,False,0.0012217660744984942,True,1233,3396
9,2,0.0,0.0,dirichlet,6,uniform,0.5,fixed,stage1,,,4,0.02179866253646362,0.00505109503865242,0.04343016752163959,0.021715083760819855,0.5,True,False,-0.0012324949105580645,True,1701,4245
9,2,0.0,0.0,dirichlet,6,uniform,0.5,fixed,stage1,,,5,0.020438434566802055,0.0050834231078624725,0.021823176953320866,0.010911588476660405,0.5,True,False,3.232806921005249e-05,True,2097,5094
9,2,0.0,0.0,dirichlet,6,uniform,0.5,fixed,stage1,,,6,0.02192601988682477,0.005164078126351039,0.011181886861302996,0.005590943430651529,0.5,True,False,8.065501848856637e-05,True,2526,5943
9,2,0.0,0.0,dirichlet,6,uniform,0.5,fixed,stage1,,,7,0.02178765767787174,0.005055927981932958,0.005228702454629586,0.0026143512273148484,0.5,True,False,-0.00010815014441808123,True,2961,6792
9,2,0.0,0.0,dirichlet,6,uniform,0.5,fixed,stage1,,,8,0.021789082458665728,0.0050548650324344635,0.0026107988201448454,0.0013053994100724192,0.5,True,False,-1.062949498494177e-06,True,3282,7641
9,2,0.0,0.0,dirichlet,6,uniform,0.5,fixed,stage1,,,9,0.021178634152206804,0.0049219367404778796,0.0022043846258990446,0.0011021923129495223,0.5,True,False,-0.00013292829195658395,True,3666,8490
9,2,0.0,0.0,dirichlet,6,uniform,0.5,fixed,stage1,,,10,0.02143682253242371,0.004961176464955012,0.0007765860781359588,0.0003882930390679759,0.5,True,False,3.923972447713274e-05,True,3969,9339
9,2,0.0,0.0,dirichlet,6,uniform,0.5,adaptive,stage1,,,0,0.004863430006082026,0.010486348221699396,1.1760642644692967,0.5880321322346485,0.5,True,False,,True,294,849
9,2,0.0,0.0,dirichlet,6,uniform,0.5,adaptive,stage1,,,1,0.01812166531021942,0.006294663995504379,0.5316266690041187,0.26581333450205935,0.5,True,False,-0.004191684226195017,True,483,1698
9,2,0.0,0.0,dirichlet,6,uniform,0.5,adaptive,stage1,,,2,0.019195479611510535,0.0061555417875448866,0.2641089495714414,0.13205447478572074,0.5,True,False,-0.0001391222079594927,True,687,2547
9,2,0.0,0.0,dirichlet,6,uniform,0.5,adaptive,stage1,,,3,0.021085464189482914,0.004910837858915329,0.11723117018609044,0.05861558509304522,0.5,True,False,-0.0012447039286295576,True,957,3396
9,2,0.0,0.0,dirichlet,6,uniform,0.5,adaptive,stage1,,,4,0.02254730789489412,0.005688705792029698,0.06779068944183342,0.03389534472091674,0.5,True,False,0.0007778679331143694,True,1170,4245
9,2,0.0,0.0,dirichlet,6,uniform,0.5,adaptive,stage1,,,5,0.021796364083576936,0.005053933709859848,0.02638641490076324,0.013193207450381564,0.5,True,False,-0.0006347720821698504,True,1626,5094
9,2,0.0,0.0,dirichlet,6,uniform,0.5,adaptive,stage1,,,6,0.021022145155528416,0.004902907957633336,0.011434980186027864,0.0057174900930139355,0.5,True,False,-0.00015102575222651193,True,1923,5943
9,2,0.0,0.0,dirichlet,6,uniform,0.5,adaptive,stage1,,,7,0.0217955242262462,0.005049411207437515,0.00742291082871336,0.003711455414356732,0.5,True,False,0.00014650324980417916,True,2304,6792
9,2,0.0,0.0,dirichlet,6,uniform,0.5,adaptive,stage1,,,8,0.021184306170879436,0.004923106481631597,0.002521843617449497,0.0012609218087246965,0.5,True,False,-0.00012630472580591866,True,2730,7641
9,2,0.0,0.0,dirichlet,6,uniform,0.5,adaptive,stage1,,,9,0.021798058616920093,0.005052115768194199,0.002622752079948651,0.000655688019987194,0.25,True,False,0.00012900928656260201,True,3234,8490
9,2,0.0,0.0,dirichlet,6,uniform,0.5,adaptive,stage1,,,10,0.021465273722517525,0.004964869469404221,0.0009771441793405902,0.0002442860448351389,0.25,True,False,-8.724629878997803e-05,True,3579,9339
9,2,0.0,0.0,dirichlet,7,uniform,0.5,fixed,stage1,,,0,0.021734610946829776,0.00503699854016304,0.8587568532153711,0.4293784266076856,0.5,True,False,,True,261,849
9,2,0.0,0.0,dirichlet,7,uniform,0.5,fixed,stage1,,,1,0.014067054251372724,0.006725324938694636,0.44977658455412606,0.2248882922770629,0.5,True,False,0.0016883263985315962,True,468,1698
9,2,0.0,0.0,dirichlet,7,uniform,0.5,fixed,stage1,,,2,0.021610401763936617,0.005376320332288742,0.2084771923104067,0.10423859615520335,0.5,True,False,-0.0013490046064058943,True,849,2547
9,2,0.0,0.0,dirichlet,7,uniform,0.5,fixed,stage1,,,3,0.024252333025518727,0.00909763698776563,0.1518752552031937,0.07593762760159685,0.5,True,False,0.0037213166554768886,True,1053,3396
9,2,0.0,0.0,dirichlet,7,uniform,0.5,fixed,stage1,,,4,0.024252701935977915,0.009097753713528315,0.07593924429123669,0.037969622145618186,0.5,True,False,1.1672576268398349e-07,True,1266,4245
9,2,0.0,0.0,dirichlet,7,uniform,0.5,fixed,stage1,,,5,0.021428695296383124,0.004958563794692357,0.014569554198782093,0.007284777099390918,0.5,True,False,-0.0041391899188359576,True,1620,5094
9,2,0.0,0.0,dirichlet,7,uniform,0.5,fixed,stage1,,,6,0.020421965647561824,0.005088109523057938,0.0057738794851557515,0.002886939742577768,0.5,True,False,0.00012954572836558053,True,1965,5943
9,2,0.0,0.0,dirichlet,7,uniform,0.5,fixed,stage1,,,7,0.02161643758603793,0.004994930078585942,0.003974494130062331,0.001987247065031221,0.5,True,False,-9.317944447199532e-05,True,2235,6792
9,2,0.0,0.0,dirichlet,7,uniform,0.5,fixed,stage1,,,8,0.021501677191343493,0.004971267034610112,0.002262781372504713,0.0011313906862523287,0.5,True,False,-2.3663043975830078e-05,True,2556,7641
9,2,0.0,0.0,dirichlet,7,uniform,0.5,fixed,stage1,,,9,0.021380079757698525,0.004950713366270065,0.0013705056024357412,0.0006852528012177839,0.5,True,False,-2.055366834004691e-05,True,2898,8490
9,2,0.0,0.0,dirichlet,7,uniform,0.5,fixed,stage1,,,10,0.021795145464294077,0.00505996619661649,0.0006017980384442762,0.0003008990192221381,0.5,True,False,0.00010925283034642509,True,3324,9339
9,2,0.0,0.0,dirichlet,7,uniform,0.5,adaptive,stage1,,,0,0.020999826325507787,0.0049106664955616,0.8720194198156652,0.4360097099078325,0.5,True,False,,True,180,849
9,2,0.0,0.0,dirichlet,7,uniform,0.5,adaptive,stage1,,,1,0.020179308600742046,0.005957671751578649,0.4484277295296647,0.2242138647648324,0.5,True,False,0.0010470052560170489,True,540,1698
9,2,0.0,0.0,dirichlet,7,uniform,0.5,adaptive,stage1,,,2,0.021791780710358446,0.00506586953997612,0.21360342310153113,0.10680171155076564,0.5,True,False,-0.0008918022116025286,True,1020,2547
9,2,0.0,0.0,dirichlet,7,uniform,0.5,adaptive,stage1,,,3,0.02161222676396285,0.004993521918853124,0.10595770205845237,0.052978851029226184,0.5,True,False,-7.23476211229963e-05,True,1308,3396
9,2,0.0,0.0,dirichlet,7,uniform,0.5,adaptive,stage1,,,4,0.021732389912702176,0.0050260089337825775,0.0533575401423066,0.026678770071153324,0.5,True,False,3.248701492945382e-05,True,1581,4245
9,2,0.0,0.0,dirichlet,7,uniform,0.5,adaptive,stage1,,,5,0.019212936363711772,0.006153184920549393,0.04013301718379803,0.020066508591899013,0.5,True,False,0.0011271759867668152,True,1788,5094
9,2,0.0,0.0,dirichlet,7,uniform,0.5,adaptive,stage1,,,6,0.02208045442576012,0.005279020716746648,0.009578633805073504,0.004789316902536811,0.5,True,False,-0.0008741642038027448,True,2202,5943
9,2,0.0,0.0,dirichlet,7,uniform,0.5,adaptive,stage1,,,7,0.02179325536726484,0.0050558485090732574,0.002171211940514957,0.001085605970257475,0.5,True,False,-0.00022317220767339042,True,2634,6792
9,2,0.0,0.0,dirichlet,7,uniform,0.5,adaptive,stage1,,,8,0.02148757501982279,0.004968731353680293,0.0005439373320053481,0.0002719686660027573,0.5,True,False,-8.711715539296439e-05,True,2925,7641
9,2,0.0,0.0,dirichlet,8,uniform,0.5,fixed,stage1,,,0,0.00486235401305072,0.010471370071172714,1.2245950112352633,0.6122975056176316,0.5,True,False,,True,225,849
9,2,0.0,0.0,dirichlet,8,uniform,0.5,fixed,stage1,,,1,0.018327127248442827,0.006269128372271855,0.5557991437232728,0.2778995718616364,0.5,True,False,-0.004202241698900859,True,390,1698
9,2,0.0,0.0,dirichlet,8,uniform,0.5,fixed,stage1,,,2,0.019389859078719544,0.006128593037525813,0.27617974505062204,0.13808987252531105,0.5,True,False,-0.0001405353347460423,True,582,2547
9,2,0.0,0.0,dirichlet,8,uniform,0.5,fixed,stage1,,,3,0.021782736149179784,0.005046724031368892,0.12517757932707924,0.0625887896635397,0.5,True,False,-0.0010818690061569214,True,960,3396
9,2,0.0,0.0,dirichlet,8,uniform,0.5,fixed,stage1,,,4,0.021796221064115096,0.005051765590906143,0.06264765112859937,0.031323825564299655,0.5,True,False,5.041559537251501e-06,True,1344,4245
9,2,0.0,0.0,dirichlet,8,uniform,0.5,fixed,stage1,,,5,0.021798363494528614,0.005054254084825516,0.031352883776276964,0.015676441888138486,0.5,True,False,2.4884939193725586e-06,True,1791,5094
9,2,0.0,0.0,dirichlet,8,uniform,0.5,fixed,stage1,,,6,0.02178649383872078,0.005049734065930049,0.015623663671547341,0.007811831835773671,0.5,True,False,-4.520018895466833e-06,True,2193,5943
9,2,0.0,0.0,dirichlet,8,uniform,0.5,fixed,stage1,,,7,0.021822326436676528,0.005072435985008876,0.008077009392763165,0.004038504696381583,0.5,True,False,2.2701919078826904e-05,True,2649,6792
9,2,0.0,0.0,dirichlet,8,uniform,0.5,fixed,stage1,,,8,0.021252466830303837,0.004932764917612076,0.002410879012576826,0.0012054395062883888,0.5,True,False,-0.0001396710673968,True,3033,7641
9,2,0.0,0.0,dirichlet,8,uniform,0.5,fixed,stage1,,,9,0.02144309974644694,0.004962405810753505,0.0015500858042547042,0.0007750429021274041,0.5,True,False,2.964089314142892e-05,True,3279,8490
9,2,0.0,0.0,dirichlet,8,uniform,0.5,fixed,stage1,,,10,0.021786550565751163,0.0050460534791151685,0.0017498753100253853,0.0008749376550125573,0.5,True,False,8.364766836166382e-05,True,3558,9339
9,2,0.0,0.0,dirichlet,8,uniform,0.5,fixed,stage1,,,11,0.021788699905643055,0.005046200007200241,0.0008766481912189233,0.0004383240956094339,0.5,True,False,1.4652808507254617e-07,True,3960,10188
9,2,0.0,0.0,dirichlet,8,uniform,0.5,adaptive,stage1,,,0,0.002578309575461124,0.010566829393307367,1.6402336469869951,0.8201168234934975,0.5,True,False,,True,267,849
9,2,0.0,0.0,dirichlet,8,uniform,0.5,adaptive,stage1,,,1,0.01619362645988201,0.00651847446958224,0.7652856862639711,0.3826428431319855,0.5,True,False,-0.004048354923725127,True,498,1698
9,2,0.0,0.0,dirichlet,8,uniform,0.5,adaptive,stage1,,,2,0.018827258606628833,0.006221290677785873,0.3789800821339485,0.18949004106697429,0.5,True,False,-0.00029718379179636666,True,630,2547
9,2,0.0,0.0,dirichlet,8,uniform,0.5,adaptive,stage1,,,3,0.01937922800607923,0.006134553502003352,0.18842950017420296,0.09421475008710145,0.5,True,False,-8.673717578252128e-05,True,762,3396
9,2,0.0,0.0,dirichlet,8,uniform,0.5,adaptive,stage1,,,4,0.01919830598549864,0.006155194093783696,0.09446677883829807,0.04723338941914901,0.5,True,False,2.0640591780344067e-05,True,972,4245
9,2,0.0,0.0,dirichlet,8,uniform,0.5,adaptive,stage1,,,5,0.017192722596534482,0.006572560717662175,0.05237615619151669,0.026188078095758405,0.5,True,False,0.000417366623878479,True,1191,5094
9,2,0.0,0.0,dirichlet,8,uniform,0.5,adaptive,stage1,,,6,0.021794969626197546,0.005059683074553807,0.007959574362878308,0.003979787181439098,0.5,True,False,-0.001512877643108368,True,1533,5943
9,2,0.0,0.0,dirichlet,8,uniform,0.5,adaptive,stage1,,,7,0.021333225903093854,0.004943744589885076,0.002628773105127727,0.0013143865525638634,0.5,True,False,-0.00011593848466873169,True,1860,6792
9,2,0.0,0.0,dirichlet,8,uniform,0.5,adaptive,stage1,,,8,0.0214876357800457,0.004968733837207158,0.0016050478497539183,0.0008025239248769314,0.5,True,False,2.498924732208252e-05,True,2163,7641
9,2,0.0,0.0,dirichlet,8,uniform,0.5,adaptive,stage1,,,9,0.021786956830389326,0.00504545991619428,0.0016967954338377791,0.0004241988584595055,0.25,True,False,7.672607898712158e-05,True,2529,8490
9,2,0.0,0.0,dirichlet,8,uniform,0.5,adaptive,stage1,,,10,0.02178689926267728,0.005045946687459946,0.001278278937326141,0.0003195697343316081,0.25,True,False,4.867712656659792e-07,True,2829,9339
9,2,0.0,0.0,dirichlet,8,uniform,0.5,adaptive,stage1,,,11,0.02178343876598221,0.005046788603067398,0.0009685376339044205,0.00024213440847610512,0.25,True,False,8.419156074523926e-07,True,3102,10188
9,2,0.0,0.0,dirichlet,9,uniform,0.5,fixed,stage1,,,0,0.02425268728961344,0.00909775123000145,0.44567394371646873,0.22283697185823442,0.5,True,False,,True,207,849
9,2,0.0,0.0,dirichlet,9,uniform,0.5,fixed,stage1,,,1,0.022213748834578106,0.005394643793503444,0.20926603025038473,0.10463301512519241,0.5,True,False,-0.003703107436498006,True,648,1698
9,2,0.0,0.0,dirichlet,9,uniform,0.5,fixed,stage1,,,2,0.020117786684282435,0.005170232305924098,0.1038760859512928,0.05193804297564634,0.5,True,False,-0.0002244114875793457,True,966,2547
9,2,0.0,0.0,dirichlet,9,uniform,0.5,fixed,stage1,,,3,0.02179445854393286,0.005060721188783646,0.05157116219086625,0.02578558109543313,0.5,True,False,-0.00010951111714045236,True,1395,3396
9,2,0.0,0.0,dirichlet,9,uniform,0.5,fixed,stage1,,,4,0.020459059973334526,0.005077532182137172,0.025841795127542755,0.012920897563771377,0.5,True,False,1.6810993353526087e-05,True,1650,4245
9,2,0.0,0.0,dirichlet,9,uniform,0.5,fixed,stage1,,,5,0.02225719398244055,0.005429239322741826,0.014105798491601748,0.007052899245800874,0.5,True,False,0.00035170714060465437,True,1860,5094
9,2,0.0,0.0,dirichlet,9,uniform,0.5,fixed,stage1,,,6,0.020858579401321742,0.00495307520031929,0.00633883611181911,0.0031694180559095203,0.5,True,False,-0.0004761641224225359,True,2214,5943
9,2,0.0,0.0,dirichlet,9,uniform,0.5,fixed,stage1,,,7,0.021090556764789742,0.004910783221324285,0.003520215204890674,0.0017601076024453405,0.5,True,False,-4.229197899500558e-05,True,2604,6792
9,2,0.0,0.0,dirichlet,9,uniform,0.5,fixed,stage1,,,8,0.021799093193911795,0.005051201830307643,0.0017607389552172573,0.000880369477608639,0.5,True,False,0.00014041860898335833,True,3075,7641
9,2,0.0,0.0,dirichlet,9,uniform,0.5,fixed,stage1,,,9,0.02138226075648264,0.004951068510611852,0.0011294322559406988,0.0005647161279703494,0.5,True,False,-0.00010013331969579119,True,3402,8490
9,2,0.0,0.0,dirichlet,9,uniform,0.5,fixed,stage1,,,10,0.021786358091411377,0.005045144508282344,0.0008046043632034955,0.0004023021816017755,0.5,True,False,9.407599767049211e-05,True,3741,9339
9,2,0.0,0.0,dirichlet,9,uniform,0.5,adaptive,stage1,,,0,0.017247003806593848,0.006398174911737442,0.2912521024266094,0.14562605121330488,0.5,True,False,,True,288,849
9,2,0.0,0.0,dirichlet,9,uniform,0.5,adaptive,stage1,,,1,0.01865825067992225,0.006226997822523117,0.14352133819823276,0.07176066909911635,0.5,True,False,-0.00017117708921432495,True,459,1698
9,2,0.0,0.0,dirichlet,9,uniform,0.5,adaptive,stage1,,,2,0.024252645747258425,0.009097728878259659,0.10915665655301604,0.05457832827650802,0.5,True,False,0.0028707310557365417,True,657,2547
9,2,0.0,0.0,dirichlet,9,uniform,0.5,adaptive,stage1,,,3,0.021702637374225738,0.005017550041278203,0.008469132037486976,0.004234566018743516,0.5,True,False,-0.004080178836981456,True,906,3396
9,2,0.0,0.0,dirichlet,9,uniform,0.5,adaptive,stage1,,,4,0.02165628799723901,0.005003793785969417,0.004120099312092437,0.0020600496560462464,0.5,True,False,-1.375625530878645e-05,True,1212,4245
9,2,0.0,0.0,dirichlet,9,uniform,0.5,adaptive,stage1,,,5,0.021526806625446843,0.00497741624712944,0.0018407383033279268,0.0009203691516639634,0.5,True,False,-2.6377538839976282e-05,True,1452,5094
9,2,0.0,0.0,dirichlet,9,uniform,0.5,adaptive,stage1,,,6,0.021596752188611568,0.004990087201197942,0.001025690377277906,0.0005128451886389565,0.5,True,False,1.2670954068501501e-05,True,1773,5943
9,2,0.0,0.0,dirichlet,9,uniform,0.5,adaptive,stage1,,,7,0.021496697003513976,0.0049705592294534045,0.00043058661650795943,0.00021529330825395543,0.5,True,False,-1.9527971744537354e-05,True,2112,6792
9,2,0.0,0.0,reversed,0,uniform,0.5,fixed,stage1,,,0,0.011508528649703795,0.00685742124915123,0.6954826314844144,0.3477413157422072,0.5,True,False,,True,258,849
9,2,0.0,0.0,reversed,0,uniform,0.5,fixed,stage1,,,1,0.019266500574641923,0.006146248430013657,0.33892751966271284,0.16946375983135642,0.5,True,False,-0.0007111728191375732,True,615,1698
9,2,0.0,0.0,reversed,0,uniform,0.5,fixed,stage1,,,2,0.017057038767174987,0.006702158600091934,0.17633095474699534,0.08816547737349772,0.5,True,False,0.0005559101700782776,True,921,2547
9,2,0.0,0.0,reversed,0,uniform,0.5,fixed,stage1,,,3,0.02179368237905706,0.005062449723482132,0.06835411832626136,0.03417705916313068,0.5,True,False,-0.0016397088766098022,True,1254,3396
9,2,0.0,0.0,reversed,0,uniform,0.5,fixed,stage1,,,4,0.02183087077558809,0.0050772664447625475,0.03435019239917719,0.017175096199588624,0.5,True,False,1.4816721280415564e-05,True,1488,4245
9,2,0.0,0.0,reversed,0,uniform,0.5,fixed,stage1,,,5,0.021680775460331002,0.0050105539460976916,0.016396378814987844,0.008198189407493867,0.5,True,False,-6.671249866485596e-05,True,1752,5094
9,2,0.0,0.0,reversed,0,uniform,0.5,fixed,stage1,,,6,0.021797343818745846,0.005050322661797206,0.008662146179433637,0.00433107308971676,0.5,True,False,3.976871569951433e-05,True,2130,5943
9,2,0.0,0.0,reversed,0,uniform,0.5,fixed,stage1,,,7,0.02151340985666543,0.004973432670036952,0.0034347179453215887,0.0017173589726607666,0.5,True,False,-7.68899917602539e-05,True,2523,6792
9,2,0.0,0.0,reversed,0,uniform,0.5,fixed,stage1,,,8,0.021797681542203295,0.005051467567682266,0.0026270820710692575,0.0013135410355347293,0.5,True,False,7.803489764531425e-05,True,2985,7641
9,2,0.0,0.0,reversed,0,uniform,0.5,fixed,stage1,,,9,0.022000378147244478,0.005224581807851791,0.0033419763644598685,0.001670988182229903,0.5,True,False,0.00017311424016952515,True,3417,8490
9,2,0.0,0.0,reversed,0,uniform,0.5,fixed,stage1,,,10,0.0217882163733818,0.005046003808577855,0.00042123658347032605,0.0002106182917351873,0.5,True,False,-0.00017857799927393624,True,3759,9339
9,2,0.0,0.0,reversed,0,uniform,0.5,adaptive,stage1,,,0,0.011508528649703795,0.00685742124915123,0.6954826314844144,0.3477413157422072,0.5,True,False,,True,258,849
9,2,0.0,0.0,reversed,0,uniform,0.5,adaptive,stage1,,,1,0.019266500574641923,0.006146248430013657,0.33892751966271284,0.16946375983135642,0.5,True,False,-0.0007111728191375732,True,615,1698
9,2,0.0,0.0,reversed,0,uniform,0.5,adaptive,stage1,,,2,0.017057038767174987,0.006702158600091934,0.17633095474699534,0.08816547737349772,0.5,True,False,0.0005559101700782776,True,921,2547
9,2,0.0,0.0,reversed,0,uniform,0.5,adaptive,stage1,,,3,0.02179368237905706,0.005062449723482132,0.06835411832626136,0.03417705916313068,0.5,True,False,-0.0016397088766098022,True,1254,3396
9,2,0.0,0.0,reversed,0,uniform,0.5,adaptive,stage1,,,4,0.02183087077558809,0.0050772664447625475,0.03435019239917719,0.017175096199588624,0.5,True,False,1.4816721280415564e-05,True,1488,4245
9,2,0.0,0.0,reversed,0,uniform,0.5,adaptive,stage1,,,5,0.021680775460331002,0.0050105539460976916,0.016396378814987844,0.008198189407493867,0.5,True,False,-6.671249866485596e-05,True,1752,5094
9,2,0.0,0.0,reversed,0,uniform,0.5,adaptive,stage1,,,6,0.021797343818745846,0.005050322661797206,0.008662146179433637,0.00433107308971676,0.5,True,False,3.976871569951433e-05,True,2130,5943
9,2,0.0,0.0,reversed,0,uniform,0.5,adaptive,stage1,,,7,0.02151340985666543,0.004973432670036952,0.0034347179453215887,0.0017173589726607666,0.5,True,False,-7.68899917602539e-05,True,2523,6792
9,2,0.0,0.0,reversed,0,uniform,0.5,adaptive,stage1,,,8,0.021797681542203295,0.005051467567682266,0.0026270820710692575,0.0013135410355347293,0.5,True,False,7.803489764531425e-05,True,2985,7641
9,2,0.0,0.0,reversed,0,uniform,0.5,adaptive,stage1,,,9,0.022000378147244478,0.005224581807851791,0.0033419763644598685,0.0008354940911149827,0.25,True,False,0.00017311424016952515,True,3417,8490
9,2,0.0,0.0,reversed,0,uniform,0.5,adaptive,stage1,,,10,0.021293073534328515,0.0049376823008060455,0.0008474935364050917,0.00021187338410124518,0.25,True,False,-0.00028689950704574585,True,3699,9339
